"fips","state","county","crop","additional_base_acres"
1001,"Alabama","Autauga","corn",0
1001,"Alabama","Autauga","cotton",0
1001,"Alabama","Autauga","grain sorghum",0
1001,"Alabama","Autauga","oats",0
1001,"Alabama","Autauga","peanuts",0
1001,"Alabama","Autauga","rapeseed",0
1001,"Alabama","Autauga","sesame",0
1001,"Alabama","Autauga","soybeans",0
1001,"Alabama","Autauga","sunflower",0
1001,"Alabama","Autauga","wheat",0
1003,"Alabama","Baldwin","corn",798.520905890073
1003,"Alabama","Baldwin","cotton",1319.03935525747
1003,"Alabama","Baldwin","grain sorghum",56.4518668213164
1003,"Alabama","Baldwin","oats",232.070734866673
1003,"Alabama","Baldwin","peanuts",2130.06607186779
1003,"Alabama","Baldwin","soybeans",1199.00456925751
1003,"Alabama","Baldwin","wheat",247.957009372491
1005,"Alabama","Barbour","corn",0
1005,"Alabama","Barbour","cotton",0
1005,"Alabama","Barbour","grain sorghum",0
1005,"Alabama","Barbour","oats",0
1005,"Alabama","Barbour","peanuts",0
1005,"Alabama","Barbour","sesame",0
1005,"Alabama","Barbour","soybeans",0
1005,"Alabama","Barbour","wheat",0
1007,"Alabama","Bibb","corn",37.8400360324222
1007,"Alabama","Bibb","cotton",12.2484634806905
1007,"Alabama","Bibb","soybeans",24.4616613173619
1007,"Alabama","Bibb","wheat",27.4324391695252
1009,"Alabama","Blount","corn",354.49673699931
1009,"Alabama","Blount","cotton",389.982466757442
1009,"Alabama","Blount","peanuts",42.3183704444067
1009,"Alabama","Blount","soybeans",476.56291523036
1009,"Alabama","Blount","wheat",40.6720105684808
1011,"Alabama","Bullock","corn",0
1011,"Alabama","Bullock","cotton",0
1011,"Alabama","Bullock","grain sorghum",0
1011,"Alabama","Bullock","peanuts",0
1011,"Alabama","Bullock","sesame",0
1011,"Alabama","Bullock","soybeans",0
1011,"Alabama","Bullock","wheat",0
1013,"Alabama","Butler","corn",0
1013,"Alabama","Butler","cotton",0
1013,"Alabama","Butler","grain sorghum",0
1013,"Alabama","Butler","peanuts",0
1013,"Alabama","Butler","soybeans",0
1013,"Alabama","Butler","wheat",0
1015,"Alabama","Calhoun","corn",250.239380291421
1015,"Alabama","Calhoun","cotton",565.428274183481
1015,"Alabama","Calhoun","grain sorghum",6.04209675831051
1015,"Alabama","Calhoun","peanuts",7.98287271500143
1015,"Alabama","Calhoun","soybeans",331.18903745215
1015,"Alabama","Calhoun","wheat",156.192878599635
1017,"Alabama","Chambers","corn",0
1017,"Alabama","Chambers","cotton",0
1017,"Alabama","Chambers","wheat",0
1019,"Alabama","Cherokee","corn",773.066946367909
1019,"Alabama","Cherokee","cotton",5123.24117808674
1019,"Alabama","Cherokee","oats",56.3261287094455
1019,"Alabama","Cherokee","peanuts",28.4880731214714
1019,"Alabama","Cherokee","soybeans",1119.47355592451
1019,"Alabama","Cherokee","sunflower",6.87453439122454
1019,"Alabama","Cherokee","wheat",287.271030065357
1021,"Alabama","Chilton","corn",280.96462054452
1021,"Alabama","Chilton","cotton",226.185127301292
1021,"Alabama","Chilton","soybeans",50.2920828869504
1021,"Alabama","Chilton","wheat",33.7826692672373
1023,"Alabama","Choctaw","cotton",233.860133208324
1023,"Alabama","Choctaw","soybeans",97.1118667916756
1025,"Alabama","Clarke","corn",0
1025,"Alabama","Clarke","cotton",0
1025,"Alabama","Clarke","peanuts",0
1027,"Alabama","Clay","corn",21.1181970252061
1027,"Alabama","Clay","soybeans",38.8643029747938
1029,"Alabama","Cleburne","corn",0
1029,"Alabama","Cleburne","grain sorghum",0
1029,"Alabama","Cleburne","soybeans",0
1029,"Alabama","Cleburne","wheat",0
1031,"Alabama","Coffee","corn",0
1031,"Alabama","Coffee","cotton",0
1031,"Alabama","Coffee","dry peas",0
1031,"Alabama","Coffee","oats",0
1031,"Alabama","Coffee","peanuts",0
1031,"Alabama","Coffee","soybeans",0
1031,"Alabama","Coffee","sunflower",0
1031,"Alabama","Coffee","wheat",0
1033,"Alabama","Colbert","corn",6630.53813079406
1033,"Alabama","Colbert","cotton",3647.05664945268
1033,"Alabama","Colbert","peanuts",7.05137813887795
1033,"Alabama","Colbert","soybeans",7555.75233128069
1033,"Alabama","Colbert","wheat",5865.06970033368
1035,"Alabama","Conecuh","corn",0
1035,"Alabama","Conecuh","cotton",0
1035,"Alabama","Conecuh","grain sorghum",0
1035,"Alabama","Conecuh","oats",0
1035,"Alabama","Conecuh","peanuts",0
1035,"Alabama","Conecuh","soybeans",0
1035,"Alabama","Conecuh","sunflower",0
1035,"Alabama","Conecuh","wheat",0
1039,"Alabama","Covington","barley",0
1039,"Alabama","Covington","corn",0
1039,"Alabama","Covington","cotton",0
1039,"Alabama","Covington","oats",0
1039,"Alabama","Covington","peanuts",0
1039,"Alabama","Covington","soybeans",0
1039,"Alabama","Covington","sunflower",0
1039,"Alabama","Covington","wheat",0
1041,"Alabama","Crenshaw","corn",0
1041,"Alabama","Crenshaw","cotton",0
1041,"Alabama","Crenshaw","oats",0
1041,"Alabama","Crenshaw","peanuts",0
1041,"Alabama","Crenshaw","soybeans",0
1041,"Alabama","Crenshaw","wheat",0
1043,"Alabama","Cullman","corn",671.107931573454
1043,"Alabama","Cullman","cotton",96.8076255680621
1043,"Alabama","Cullman","oats",1.09899868838671
1043,"Alabama","Cullman","peanuts",3.5419671429396
1043,"Alabama","Cullman","soybeans",1757.41287496243
1043,"Alabama","Cullman","wheat",285.742805398059
1045,"Alabama","Dale","corn",0
1045,"Alabama","Dale","cotton",0
1045,"Alabama","Dale","dry peas",0
1045,"Alabama","Dale","grain sorghum",0
1045,"Alabama","Dale","oats",0
1045,"Alabama","Dale","peanuts",0
1045,"Alabama","Dale","soybeans",0
1045,"Alabama","Dale","sunflower",0
1045,"Alabama","Dale","wheat",0
1047,"Alabama","Dallas","corn",0
1047,"Alabama","Dallas","cotton",0
1047,"Alabama","Dallas","grain sorghum",0
1047,"Alabama","Dallas","oats",0
1047,"Alabama","Dallas","peanuts",0
1047,"Alabama","Dallas","soybeans",0
1047,"Alabama","Dallas","wheat",0
1049,"Alabama","DeKalb","barley",0
1049,"Alabama","DeKalb","corn",0
1049,"Alabama","DeKalb","cotton",0
1049,"Alabama","DeKalb","grain sorghum",0
1049,"Alabama","DeKalb","oats",0
1049,"Alabama","DeKalb","peanuts",0
1049,"Alabama","DeKalb","soybeans",0
1049,"Alabama","DeKalb","wheat",0
1051,"Alabama","Elmore","corn",0
1051,"Alabama","Elmore","cotton",0
1051,"Alabama","Elmore","grain sorghum",0
1051,"Alabama","Elmore","peanuts",0
1051,"Alabama","Elmore","soybeans",0
1051,"Alabama","Elmore","wheat",0
1053,"Alabama","Escambia","corn",1172.89303628539
1053,"Alabama","Escambia","cotton",3641.41339498912
1053,"Alabama","Escambia","grain sorghum",2.89418157189869
1053,"Alabama","Escambia","oats",92.304786397436
1053,"Alabama","Escambia","peanuts",2381.16902941908
1053,"Alabama","Escambia","soybeans",737.456510101743
1053,"Alabama","Escambia","wheat",209.966711235323
1055,"Alabama","Etowah","corn",814.856541964554
1055,"Alabama","Etowah","cotton",1080.27555188181
1055,"Alabama","Etowah","oats",50.16437527584
1055,"Alabama","Etowah","soybeans",907.137355704517
1055,"Alabama","Etowah","wheat",54.0537018399478
1057,"Alabama","Fayette","corn",160.454281669068
1057,"Alabama","Fayette","cotton",469.800252139078
1057,"Alabama","Fayette","grain sorghum",9.69768089275226
1057,"Alabama","Fayette","peanuts",77.4102504406118
1057,"Alabama","Fayette","soybeans",246.899374491859
1057,"Alabama","Fayette","wheat",12.5139936999625
1059,"Alabama","Franklin","corn",1621.68725865413
1059,"Alabama","Franklin","cotton",677.241799990205
1059,"Alabama","Franklin","grain sorghum",49.1904983120343
1059,"Alabama","Franklin","peanuts",94.4213774524837
1059,"Alabama","Franklin","soybeans",1620.04528813527
1059,"Alabama","Franklin","wheat",670.528610789205
1061,"Alabama","Geneva","corn",0
1061,"Alabama","Geneva","cotton",0
1061,"Alabama","Geneva","grain sorghum",0
1061,"Alabama","Geneva","oats",0
1061,"Alabama","Geneva","peanuts",0
1061,"Alabama","Geneva","soybeans",0
1061,"Alabama","Geneva","sunflower",0
1061,"Alabama","Geneva","wheat",0
1063,"Alabama","Greene","corn",0
1063,"Alabama","Greene","cotton",0
1063,"Alabama","Greene","grain sorghum",0
1063,"Alabama","Greene","oats",0
1063,"Alabama","Greene","peanuts",0
1063,"Alabama","Greene","soybeans",0
1063,"Alabama","Greene","wheat",0
1065,"Alabama","Hale","corn",0
1065,"Alabama","Hale","cotton",0
1065,"Alabama","Hale","grain sorghum",0
1065,"Alabama","Hale","oats",0
1065,"Alabama","Hale","soybeans",0
1065,"Alabama","Hale","wheat",0
1067,"Alabama","Henry","corn",0
1067,"Alabama","Henry","cotton",0
1067,"Alabama","Henry","grain sorghum",0
1067,"Alabama","Henry","oats",0
1067,"Alabama","Henry","peanuts",0
1067,"Alabama","Henry","soybeans",0
1067,"Alabama","Henry","sunflower",0
1067,"Alabama","Henry","wheat",0
1069,"Alabama","Houston","corn",0
1069,"Alabama","Houston","cotton",0
1069,"Alabama","Houston","grain sorghum",0
1069,"Alabama","Houston","oats",0
1069,"Alabama","Houston","peanuts",0
1069,"Alabama","Houston","sesame",0
1069,"Alabama","Houston","soybeans",0
1069,"Alabama","Houston","sunflower",0
1069,"Alabama","Houston","wheat",0
1071,"Alabama","Jackson","barley",0
1071,"Alabama","Jackson","corn",0
1071,"Alabama","Jackson","cotton",0
1071,"Alabama","Jackson","grain sorghum",0
1071,"Alabama","Jackson","oats",0
1071,"Alabama","Jackson","peanuts",0
1071,"Alabama","Jackson","rapeseed",0
1071,"Alabama","Jackson","soybeans",0
1071,"Alabama","Jackson","wheat",0
1075,"Alabama","Lamar","corn",169.893600995567
1075,"Alabama","Lamar","cotton",481.073757107913
1075,"Alabama","Lamar","peanuts",63.3863468506719
1075,"Alabama","Lamar","soybeans",244.445166689097
1075,"Alabama","Lamar","wheat",49.0799533567488
1077,"Alabama","Lauderdale","corn",6838.96265574976
1077,"Alabama","Lauderdale","cotton",5324.83817087618
1077,"Alabama","Lauderdale","grain sorghum",37.6334915861918
1077,"Alabama","Lauderdale","oats",19.1553309356055
1077,"Alabama","Lauderdale","rapeseed",67.0218712770467
1077,"Alabama","Lauderdale","soybeans",6208.08984190725
1077,"Alabama","Lauderdale","sunflower",17.5957872488946
1077,"Alabama","Lauderdale","wheat",3463.4546837524
1079,"Alabama","Lawrence","barley",3.13561263741856
1079,"Alabama","Lawrence","corn",11691.2203337548
1079,"Alabama","Lawrence","cotton",6642.12560854144
1079,"Alabama","Lawrence","grain sorghum",41.230655301805
1079,"Alabama","Lawrence","peanuts",129.955238539505
1079,"Alabama","Lawrence","rapeseed",41.7324290632276
1079,"Alabama","Lawrence","soybeans",10148.2936622742
1079,"Alabama","Lawrence","sunflower",14.3336882036585
1079,"Alabama","Lawrence","wheat",5618.42329168391
1081,"Alabama","Lee","corn",0
1081,"Alabama","Lee","cotton",0
1081,"Alabama","Lee","grain sorghum",0
1081,"Alabama","Lee","peanuts",0
1081,"Alabama","Lee","sesame",0
1081,"Alabama","Lee","soybeans",0
1081,"Alabama","Lee","wheat",0
1083,"Alabama","Limestone","barley",3.39863708577924
1083,"Alabama","Limestone","corn",5890.49688238283
1083,"Alabama","Limestone","cotton",6527.11761808845
1083,"Alabama","Limestone","grain sorghum",475.843178379952
1083,"Alabama","Limestone","oats",5.59337234232669
1083,"Alabama","Limestone","rapeseed",155.048438189469
1083,"Alabama","Limestone","soybeans",13212.1881391625
1083,"Alabama","Limestone","sunflower",9.88480524717794
1083,"Alabama","Limestone","wheat",7210.90974245482
1085,"Alabama","Lowndes","corn",2368.82893325204
1085,"Alabama","Lowndes","cotton",1530.22224069173
1085,"Alabama","Lowndes","grain sorghum",214.953121034339
1085,"Alabama","Lowndes","oats",45.8568498184514
1085,"Alabama","Lowndes","peanuts",58.6734460474273
1085,"Alabama","Lowndes","sesame",257.763657401866
1085,"Alabama","Lowndes","soybeans",1584.4500700768
1085,"Alabama","Lowndes","sunflower",11.6263605091921
1085,"Alabama","Lowndes","wheat",189.687349168147
1087,"Alabama","Macon","corn",0
1087,"Alabama","Macon","cotton",0
1087,"Alabama","Macon","grain sorghum",0
1087,"Alabama","Macon","peanuts",0
1087,"Alabama","Macon","sesame",0
1087,"Alabama","Macon","soybeans",0
1087,"Alabama","Macon","wheat",0
1089,"Alabama","Madison","corn",2943.22211096417
1089,"Alabama","Madison","cotton",2791.33581083397
1089,"Alabama","Madison","soybeans",3296.35584011084
1089,"Alabama","Madison","wheat",1399.68045809101
1091,"Alabama","Marengo","canola",375.943360129999
1091,"Alabama","Marengo","corn",1689.56252997275
1091,"Alabama","Marengo","cotton",3259.37956362933
1091,"Alabama","Marengo","grain sorghum",150.603597063302
1091,"Alabama","Marengo","oats",13.3135604937979
1091,"Alabama","Marengo","soybeans",2365.61040360039
1091,"Alabama","Marengo","sunflower",6.8263488849204
1091,"Alabama","Marengo","wheat",316.903436225515
1093,"Alabama","Marion","corn",0
1093,"Alabama","Marion","cotton",0
1093,"Alabama","Marion","peanuts",0
1093,"Alabama","Marion","soybeans",0
1093,"Alabama","Marion","wheat",0
1095,"Alabama","Marshall","corn",0
1095,"Alabama","Marshall","cotton",0
1095,"Alabama","Marshall","grain sorghum",0
1095,"Alabama","Marshall","soybeans",0
1095,"Alabama","Marshall","wheat",0
1097,"Alabama","Mobile","corn",0
1097,"Alabama","Mobile","cotton",0
1097,"Alabama","Mobile","dry peas",0
1097,"Alabama","Mobile","grain sorghum",0
1097,"Alabama","Mobile","oats",0
1097,"Alabama","Mobile","peanuts",0
1097,"Alabama","Mobile","soybeans",0
1097,"Alabama","Mobile","wheat",0
1099,"Alabama","Monroe","corn",0
1099,"Alabama","Monroe","cotton",0
1099,"Alabama","Monroe","grain sorghum",0
1099,"Alabama","Monroe","oats",0
1099,"Alabama","Monroe","peanuts",0
1099,"Alabama","Monroe","soybeans",0
1099,"Alabama","Monroe","sunflower",0
1099,"Alabama","Monroe","wheat",0
1101,"Alabama","Montgomery","corn",0
1101,"Alabama","Montgomery","cotton",0
1101,"Alabama","Montgomery","grain sorghum",0
1101,"Alabama","Montgomery","oats",0
1101,"Alabama","Montgomery","sesame",0
1101,"Alabama","Montgomery","soybeans",0
1101,"Alabama","Montgomery","sunflower",0
1101,"Alabama","Montgomery","wheat",0
1103,"Alabama","Morgan","corn",785.163303377102
1103,"Alabama","Morgan","cotton",230.067315764715
1103,"Alabama","Morgan","grain sorghum",7.22111014367127
1103,"Alabama","Morgan","rice_long grain",2.4145822841952
1103,"Alabama","Morgan","soybeans",1427.67972550523
1103,"Alabama","Morgan","wheat",380.206162925087
1105,"Alabama","Perry","corn",0
1105,"Alabama","Perry","cotton",0
1105,"Alabama","Perry","soybeans",0
1105,"Alabama","Perry","wheat",0
1107,"Alabama","Pickens","corn",0
1107,"Alabama","Pickens","cotton",0
1107,"Alabama","Pickens","peanuts",0
1107,"Alabama","Pickens","soybeans",0
1107,"Alabama","Pickens","sunflower",0
1107,"Alabama","Pickens","wheat",0
1109,"Alabama","Pike","corn",0
1109,"Alabama","Pike","cotton",0
1109,"Alabama","Pike","oats",0
1109,"Alabama","Pike","peanuts",0
1109,"Alabama","Pike","soybeans",0
1109,"Alabama","Pike","wheat",0
1111,"Alabama","Randolph","corn",0
1111,"Alabama","Randolph","cotton",0
1111,"Alabama","Randolph","grain sorghum",0
1111,"Alabama","Randolph","oats",0
1111,"Alabama","Randolph","soybeans",0
1111,"Alabama","Randolph","wheat",0
1113,"Alabama","Russell","corn",0
1113,"Alabama","Russell","cotton",0
1113,"Alabama","Russell","grain sorghum",0
1113,"Alabama","Russell","oats",0
1113,"Alabama","Russell","peanuts",0
1113,"Alabama","Russell","sesame",0
1113,"Alabama","Russell","soybeans",0
1113,"Alabama","Russell","wheat",0
1117,"Alabama","Shelby","corn",308.700937420091
1117,"Alabama","Shelby","cotton",1225.54758281181
1117,"Alabama","Shelby","soybeans",388.094118935448
1117,"Alabama","Shelby","sunflower",2.03098672114258
1117,"Alabama","Shelby","wheat",76.7433741115067
1115,"Alabama","St. Clair","corn",64.3920189583727
1115,"Alabama","St. Clair","cotton",216.297375589964
1115,"Alabama","St. Clair","soybeans",108.071599486893
1115,"Alabama","St. Clair","wheat",114.318339298104
1119,"Alabama","Sumter","corn",0
1119,"Alabama","Sumter","cotton",0
1119,"Alabama","Sumter","soybeans",0
1119,"Alabama","Sumter","wheat",0
1121,"Alabama","Talladega","corn",292.597261249433
1121,"Alabama","Talladega","cotton",410.020802347744
1121,"Alabama","Talladega","oats",2.27744510456907
1121,"Alabama","Talladega","soybeans",291.079291788888
1121,"Alabama","Talladega","wheat",71.6427195093684
1123,"Alabama","Tallapoosa","corn",0
1123,"Alabama","Tallapoosa","cotton",0
1123,"Alabama","Tallapoosa","grain sorghum",0
1123,"Alabama","Tallapoosa","peanuts",0
1123,"Alabama","Tallapoosa","soybeans",0
1123,"Alabama","Tallapoosa","wheat",0
1125,"Alabama","Tuscaloosa","corn",0
1125,"Alabama","Tuscaloosa","cotton",0
1125,"Alabama","Tuscaloosa","grain sorghum",0
1125,"Alabama","Tuscaloosa","peanuts",0
1125,"Alabama","Tuscaloosa","soybeans",0
1125,"Alabama","Tuscaloosa","wheat",0
1127,"Alabama","Walker","corn",617.644545947123
1127,"Alabama","Walker","cotton",327.281977680958
1127,"Alabama","Walker","grain sorghum",130.451579681157
1127,"Alabama","Walker","soybeans",550.073327446282
1127,"Alabama","Walker","wheat",267.95256924448
1129,"Alabama","Washington","corn",32.6195789638753
1129,"Alabama","Washington","cotton",49.020601628869
1129,"Alabama","Washington","grain sorghum",0.777598019819559
1129,"Alabama","Washington","peanuts",30.2144084733411
1129,"Alabama","Washington","soybeans",18.1679795807611
1131,"Alabama","Wilcox","corn",0
1131,"Alabama","Wilcox","cotton",0
1131,"Alabama","Wilcox","soybeans",0
1131,"Alabama","Wilcox","sunflower",0
1131,"Alabama","Wilcox","wheat",0
1133,"Alabama","Winston","corn",212.832271730749
1133,"Alabama","Winston","soybeans",156.047400783908
1133,"Alabama","Winston","wheat",9.2229941520103
2002,"Alaska","Delta","barley",5961.66850079628
2002,"Alaska","Delta","canola",61.5334290879242
2002,"Alaska","Delta","dry peas",240.089532614085
2002,"Alaska","Delta","oats",1327.6223425751
2002,"Alaska","Delta","wheat",399.001028259942
2001,"Alaska","Fairbanks","barley",90.916275516938
2001,"Alaska","Fairbanks","corn",1.51623948306203
2003,"Alaska","Homer","oats",15.239
2005,"Alaska","Palmer","dry peas",10.864
4003,"Arizona","Cochise","barley",2069.66552831714
4003,"Arizona","Cochise","corn",25146.6848799306
4003,"Arizona","Cochise","cotton",2920.79736287154
4003,"Arizona","Cochise","dry peas",118.510877535999
4003,"Arizona","Cochise","grain sorghum",1789.06174274963
4003,"Arizona","Cochise","oats",2650.22484111497
4003,"Arizona","Cochise","sunflower",169.644768065591
4003,"Arizona","Cochise","wheat",5138.33783274784
4009,"Arizona","Graham","barley",0
4009,"Arizona","Graham","corn",0
4009,"Arizona","Graham","cotton",0
4009,"Arizona","Graham","grain sorghum",0
4009,"Arizona","Graham","oats",0
4009,"Arizona","Graham","sunflower",0
4009,"Arizona","Graham","wheat",0
4011,"Arizona","Greenlee","barley",0
4011,"Arizona","Greenlee","corn",0
4011,"Arizona","Greenlee","cotton",0
4011,"Arizona","Greenlee","oats",0
4011,"Arizona","Greenlee","wheat",0
4012,"Arizona","La Paz","barley",0
4012,"Arizona","La Paz","chickpeas_large",0
4012,"Arizona","La Paz","corn",0
4012,"Arizona","La Paz","cotton",0
4012,"Arizona","La Paz","dry peas",0
4012,"Arizona","La Paz","grain sorghum",0
4012,"Arizona","La Paz","oats",0
4012,"Arizona","La Paz","wheat",0
4013,"Arizona","Maricopa","barley",0
4013,"Arizona","Maricopa","chickpeas_large",0
4013,"Arizona","Maricopa","corn",0
4013,"Arizona","Maricopa","cotton",0
4013,"Arizona","Maricopa","dry peas",0
4013,"Arizona","Maricopa","oats",0
4013,"Arizona","Maricopa","sunflower",0
4013,"Arizona","Maricopa","wheat",0
4015,"Arizona","Mohave","oats",0
4015,"Arizona","Mohave","wheat",0
4017,"Arizona","Navajo","corn",464.76
4019,"Arizona","Pima","barley",0
4019,"Arizona","Pima","corn",0
4019,"Arizona","Pima","cotton",0
4019,"Arizona","Pima","grain sorghum",0
4019,"Arizona","Pima","oats",0
4019,"Arizona","Pima","sesame",0
4019,"Arizona","Pima","wheat",0
4021,"Arizona","Pinal","barley",0
4021,"Arizona","Pinal","chickpeas_large",0
4021,"Arizona","Pinal","corn",0
4021,"Arizona","Pinal","cotton",0
4021,"Arizona","Pinal","dry peas",0
4021,"Arizona","Pinal","grain sorghum",0
4021,"Arizona","Pinal","mustard",0
4021,"Arizona","Pinal","oats",0
4021,"Arizona","Pinal","soybeans",0
4021,"Arizona","Pinal","sunflower",0
4021,"Arizona","Pinal","wheat",0
4023,"Arizona","Santa Cruz","barley",205.09
4025,"Arizona","Yavapai","barley",13.8739155115659
4025,"Arizona","Yavapai","corn",23.437898481761
4025,"Arizona","Yavapai","oats",114.166546789977
4025,"Arizona","Yavapai","wheat",24.0116392166961
4027,"Arizona","Yuma","barley",0
4027,"Arizona","Yuma","corn",0
4027,"Arizona","Yuma","cotton",0
4027,"Arizona","Yuma","dry peas",0
4027,"Arizona","Yuma","grain sorghum",0
4027,"Arizona","Yuma","mustard",0
4027,"Arizona","Yuma","oats",0
4027,"Arizona","Yuma","safflower",0
4027,"Arizona","Yuma","sunflower",0
4027,"Arizona","Yuma","wheat",0
5001,"Arkansas","Arkansas","corn",0
5001,"Arkansas","Arkansas","dry peas",0
5001,"Arkansas","Arkansas","grain sorghum",0
5001,"Arkansas","Arkansas","oats",0
5001,"Arkansas","Arkansas","rice_long grain",0
5001,"Arkansas","Arkansas","rice_short/medium grain",0
5001,"Arkansas","Arkansas","soybeans",0
5001,"Arkansas","Arkansas","sunflower",0
5001,"Arkansas","Arkansas","wheat",0
5003,"Arkansas","Ashley","corn",7085.93920810903
5003,"Arkansas","Ashley","cotton",3786.89249492345
5003,"Arkansas","Ashley","grain sorghum",10.8694700193486
5003,"Arkansas","Ashley","oats",130.405756742168
5003,"Arkansas","Ashley","peanuts",43.0912707888662
5003,"Arkansas","Ashley","rice_long grain",1200.03272521049
5003,"Arkansas","Ashley","rice_short/medium grain",25.0775180215813
5003,"Arkansas","Ashley","sesame",32.2289282908418
5003,"Arkansas","Ashley","soybeans",8000.15206226778
5003,"Arkansas","Ashley","sunflower",1.66361047170574
5003,"Arkansas","Ashley","wheat",352.142788488059
5007,"Arkansas","Benton","corn",0
5007,"Arkansas","Benton","soybeans",0
5007,"Arkansas","Benton","wheat",0
5009,"Arkansas","Boone","corn",0
5015,"Arkansas","Carroll","corn",233.887003267461
5015,"Arkansas","Carroll","soybeans",154.894153933177
5015,"Arkansas","Carroll","wheat",174.425509466028
5017,"Arkansas","Chicot","corn",3286.59352237493
5017,"Arkansas","Chicot","cotton",1429.12012390519
5017,"Arkansas","Chicot","grain sorghum",48.22944933219
5017,"Arkansas","Chicot","oats",7.03784588031371
5017,"Arkansas","Chicot","rice_long grain",1837.34200635405
5017,"Arkansas","Chicot","rice_short/medium grain",57.4610713474791
5017,"Arkansas","Chicot","soybeans",12061.8567752844
5017,"Arkansas","Chicot","sunflower",4.90855184974748
5017,"Arkansas","Chicot","wheat",294.872153671731
5019,"Arkansas","Clark","corn",0
5019,"Arkansas","Clark","cotton",0
5019,"Arkansas","Clark","grain sorghum",0
5019,"Arkansas","Clark","rice_long grain",0
5019,"Arkansas","Clark","rice_short/medium grain",0
5019,"Arkansas","Clark","soybeans",0
5019,"Arkansas","Clark","wheat",0
5021,"Arkansas","Clay","corn",0
5021,"Arkansas","Clay","cotton",0
5021,"Arkansas","Clay","grain sorghum",0
5021,"Arkansas","Clay","oats",0
5021,"Arkansas","Clay","peanuts",0
5021,"Arkansas","Clay","rice_long grain",0
5021,"Arkansas","Clay","rice_short/medium grain",0
5021,"Arkansas","Clay","soybeans",0
5021,"Arkansas","Clay","sunflower",0
5021,"Arkansas","Clay","wheat",0
5023,"Arkansas","Cleburne","corn",0
5029,"Arkansas","Conway","barley",0
5029,"Arkansas","Conway","corn",0
5029,"Arkansas","Conway","oats",0
5029,"Arkansas","Conway","rice_long grain",0
5029,"Arkansas","Conway","soybeans",0
5029,"Arkansas","Conway","wheat",0
5031,"Arkansas","Craighead","corn",2129.21334731276
5031,"Arkansas","Craighead","cotton",3496.45000121765
5031,"Arkansas","Craighead","dry peas",0.698158331902688
5031,"Arkansas","Craighead","grain sorghum",17.5775511914581
5031,"Arkansas","Craighead","oats",0.779638726903615
5031,"Arkansas","Craighead","peanuts",460.836303433227
5031,"Arkansas","Craighead","rice_long grain",2462.22269245551
5031,"Arkansas","Craighead","rice_short/medium grain",702.006865380674
5031,"Arkansas","Craighead","soybeans",3905.85116204026
5031,"Arkansas","Craighead","sunflower",0.168857397534818
5031,"Arkansas","Craighead","wheat",196.441255845411
5033,"Arkansas","Crawford","corn",0
5033,"Arkansas","Crawford","grain sorghum",0
5033,"Arkansas","Crawford","soybeans",0
5033,"Arkansas","Crawford","wheat",0
5035,"Arkansas","Crittenden","corn",0
5035,"Arkansas","Crittenden","cotton",0
5035,"Arkansas","Crittenden","grain sorghum",0
5035,"Arkansas","Crittenden","oats",0
5035,"Arkansas","Crittenden","peanuts",0
5035,"Arkansas","Crittenden","rice_long grain",0
5035,"Arkansas","Crittenden","rice_short/medium grain",0
5035,"Arkansas","Crittenden","soybeans",0
5035,"Arkansas","Crittenden","sunflower",0
5035,"Arkansas","Crittenden","wheat",0
5037,"Arkansas","Cross","corn",0
5037,"Arkansas","Cross","cotton",0
5037,"Arkansas","Cross","grain sorghum",0
5037,"Arkansas","Cross","oats",0
5037,"Arkansas","Cross","rice_long grain",0
5037,"Arkansas","Cross","rice_short/medium grain",0
5037,"Arkansas","Cross","soybeans",0
5037,"Arkansas","Cross","sunflower",0
5037,"Arkansas","Cross","wheat",0
5041,"Arkansas","Desha","corn",4206.30246350096
5041,"Arkansas","Desha","cotton",2936.04706985874
5041,"Arkansas","Desha","grain sorghum",14.6579521419103
5041,"Arkansas","Desha","oats",4.02898306588635
5041,"Arkansas","Desha","rice_long grain",2061.12426409108
5041,"Arkansas","Desha","rice_short/medium grain",175.2130750508
5041,"Arkansas","Desha","soybeans",11582.6851518204
5041,"Arkansas","Desha","sunflower",1.46920785385156
5041,"Arkansas","Desha","wheat",374.471165949739
5043,"Arkansas","Drew","corn",2071.32901281485
5043,"Arkansas","Drew","cotton",1313.8689229332
5043,"Arkansas","Drew","grain sorghum",2.0515789004251
5043,"Arkansas","Drew","oats",9.39599242940058
5043,"Arkansas","Drew","rice_long grain",1389.21085016081
5043,"Arkansas","Drew","rice_short/medium grain",113.622065328043
5043,"Arkansas","Drew","sesame",14.0156832768586
5043,"Arkansas","Drew","soybeans",3027.3300262971
5043,"Arkansas","Drew","sunflower",2.03528790862712
5043,"Arkansas","Drew","wheat",148.137246617354
5045,"Arkansas","Faulkner","corn",0
5045,"Arkansas","Faulkner","grain sorghum",0
5045,"Arkansas","Faulkner","oats",0
5045,"Arkansas","Faulkner","rice_long grain",0
5045,"Arkansas","Faulkner","soybeans",0
5045,"Arkansas","Faulkner","wheat",0
5047,"Arkansas","Franklin","corn",152.414802210659
5047,"Arkansas","Franklin","cotton",68.487948457019
5047,"Arkansas","Franklin","grain sorghum",17.4017600076322
5047,"Arkansas","Franklin","oats",3.38918364523236
5047,"Arkansas","Franklin","rice_long grain",21.8749354092011
5047,"Arkansas","Franklin","soybeans",435.584172701847
5047,"Arkansas","Franklin","sunflower",8.93221970791232
5047,"Arkansas","Franklin","wheat",108.968977860497
5055,"Arkansas","Greene","corn",0
5055,"Arkansas","Greene","cotton",0
5055,"Arkansas","Greene","grain sorghum",0
5055,"Arkansas","Greene","oats",0
5055,"Arkansas","Greene","peanuts",0
5055,"Arkansas","Greene","rice_long grain",0
5055,"Arkansas","Greene","rice_short/medium grain",0
5055,"Arkansas","Greene","sesame",0
5055,"Arkansas","Greene","soybeans",0
5055,"Arkansas","Greene","sunflower",0
5055,"Arkansas","Greene","wheat",0
5057,"Arkansas","Hempstead","corn",0
5057,"Arkansas","Hempstead","soybeans",0
5059,"Arkansas","Hot Spring","corn",0
5059,"Arkansas","Hot Spring","cotton",0
5059,"Arkansas","Hot Spring","rice_long grain",0
5059,"Arkansas","Hot Spring","rice_short/medium grain",0
5059,"Arkansas","Hot Spring","soybeans",0
5059,"Arkansas","Hot Spring","wheat",0
5063,"Arkansas","Independence","corn",0
5063,"Arkansas","Independence","cotton",0
5063,"Arkansas","Independence","grain sorghum",0
5063,"Arkansas","Independence","rice_long grain",0
5063,"Arkansas","Independence","rice_short/medium grain",0
5063,"Arkansas","Independence","soybeans",0
5063,"Arkansas","Independence","sunflower",0
5063,"Arkansas","Independence","wheat",0
5067,"Arkansas","Jackson","corn",0
5067,"Arkansas","Jackson","cotton",0
5067,"Arkansas","Jackson","dry peas",0
5067,"Arkansas","Jackson","grain sorghum",0
5067,"Arkansas","Jackson","rice_long grain",0
5067,"Arkansas","Jackson","rice_short/medium grain",0
5067,"Arkansas","Jackson","sesame",0
5067,"Arkansas","Jackson","soybeans",0
5067,"Arkansas","Jackson","sunflower",0
5067,"Arkansas","Jackson","wheat",0
5069,"Arkansas","Jefferson","corn",1895.26786665619
5069,"Arkansas","Jefferson","cotton",355.076825237978
5069,"Arkansas","Jefferson","grain sorghum",4.22283765584148
5069,"Arkansas","Jefferson","oats",11.3357475404058
5069,"Arkansas","Jefferson","rice_long grain",2306.35955954478
5069,"Arkansas","Jefferson","rice_short/medium grain",105.683525136268
5069,"Arkansas","Jefferson","soybeans",3247.13657794981
5069,"Arkansas","Jefferson","sunflower",2.34756787765776
5069,"Arkansas","Jefferson","wheat",367.83449240108
5071,"Arkansas","Johnson","corn",0
5071,"Arkansas","Johnson","grain sorghum",0
5071,"Arkansas","Johnson","rice_long grain",0
5071,"Arkansas","Johnson","soybeans",0
5071,"Arkansas","Johnson","wheat",0
5073,"Arkansas","Lafayette","corn",0
5073,"Arkansas","Lafayette","cotton",0
5073,"Arkansas","Lafayette","grain sorghum",0
5073,"Arkansas","Lafayette","rice_long grain",0
5073,"Arkansas","Lafayette","soybeans",0
5073,"Arkansas","Lafayette","sunflower",0
5073,"Arkansas","Lafayette","wheat",0
5075,"Arkansas","Lawrence","corn",0
5075,"Arkansas","Lawrence","cotton",0
5075,"Arkansas","Lawrence","grain sorghum",0
5075,"Arkansas","Lawrence","oats",0
5075,"Arkansas","Lawrence","peanuts",0
5075,"Arkansas","Lawrence","rice_long grain",0
5075,"Arkansas","Lawrence","rice_short/medium grain",0
5075,"Arkansas","Lawrence","soybeans",0
5075,"Arkansas","Lawrence","wheat",0
5077,"Arkansas","Lee","corn",0
5077,"Arkansas","Lee","cotton",0
5077,"Arkansas","Lee","grain sorghum",0
5077,"Arkansas","Lee","oats",0
5077,"Arkansas","Lee","peanuts",0
5077,"Arkansas","Lee","rice_long grain",0
5077,"Arkansas","Lee","rice_short/medium grain",0
5077,"Arkansas","Lee","soybeans",0
5077,"Arkansas","Lee","sunflower",0
5077,"Arkansas","Lee","wheat",0
5079,"Arkansas","Lincoln","corn",4183.84940329422
5079,"Arkansas","Lincoln","cotton",3113.64441944708
5079,"Arkansas","Lincoln","grain sorghum",4.20445967793369
5079,"Arkansas","Lincoln","rice_long grain",2724.09048087723
5079,"Arkansas","Lincoln","rice_short/medium grain",332.657093519149
5079,"Arkansas","Lincoln","soybeans",6211.15984892671
5079,"Arkansas","Lincoln","wheat",203.074294257672
5081,"Arkansas","Little River","corn",0
5081,"Arkansas","Little River","cotton",0
5081,"Arkansas","Little River","grain sorghum",0
5081,"Arkansas","Little River","rice_long grain",0
5081,"Arkansas","Little River","rice_short/medium grain",0
5081,"Arkansas","Little River","soybeans",0
5081,"Arkansas","Little River","wheat",0
5083,"Arkansas","Logan","corn",146.577642416502
5083,"Arkansas","Logan","rapeseed",0.900538854380829
5083,"Arkansas","Logan","rice_long grain",18.8266665919833
5083,"Arkansas","Logan","soybeans",417.360364500315
5083,"Arkansas","Logan","wheat",160.483837636819
5085,"Arkansas","Lonoke","barley",0
5085,"Arkansas","Lonoke","corn",0
5085,"Arkansas","Lonoke","cotton",0
5085,"Arkansas","Lonoke","dry peas",0
5085,"Arkansas","Lonoke","grain sorghum",0
5085,"Arkansas","Lonoke","oats",0
5085,"Arkansas","Lonoke","rice_long grain",0
5085,"Arkansas","Lonoke","rice_short/medium grain",0
5085,"Arkansas","Lonoke","soybeans",0
5085,"Arkansas","Lonoke","sunflower",0
5085,"Arkansas","Lonoke","wheat",0
5087,"Arkansas","Madison","corn",0
5091,"Arkansas","Miller","corn",2859.79293438842
5091,"Arkansas","Miller","cotton",1264.14930983954
5091,"Arkansas","Miller","grain sorghum",100.154790870115
5091,"Arkansas","Miller","rice_long grain",785.872289986524
5091,"Arkansas","Miller","rice_short/medium grain",310.818365501501
5091,"Arkansas","Miller","soybeans",2062.71768228745
5091,"Arkansas","Miller","wheat",1928.18662712646
5093,"Arkansas","Mississippi","corn",940.576015627548
5093,"Arkansas","Mississippi","cotton",3144.47474769123
5093,"Arkansas","Mississippi","grain sorghum",16.2802886899202
5093,"Arkansas","Mississippi","oats",0.690420770512447
5093,"Arkansas","Mississippi","peanuts",272.197367101445
5093,"Arkansas","Mississippi","rice_long grain",1708.51391485202
5093,"Arkansas","Mississippi","rice_short/medium grain",64.3409994346683
5093,"Arkansas","Mississippi","soybeans",7553.1022455115
5093,"Arkansas","Mississippi","sunflower",6.08318545663847
5093,"Arkansas","Mississippi","wheat",614.848101531101
5095,"Arkansas","Monroe","corn",0
5095,"Arkansas","Monroe","cotton",0
5095,"Arkansas","Monroe","grain sorghum",0
5095,"Arkansas","Monroe","oats",0
5095,"Arkansas","Monroe","rice_long grain",0
5095,"Arkansas","Monroe","rice_short/medium grain",0
5095,"Arkansas","Monroe","soybeans",0
5095,"Arkansas","Monroe","sunflower",0
5095,"Arkansas","Monroe","wheat",0
5099,"Arkansas","Nevada","cotton",0
5099,"Arkansas","Nevada","soybeans",0
5099,"Arkansas","Nevada","wheat",0
5105,"Arkansas","Perry","corn",0
5105,"Arkansas","Perry","grain sorghum",0
5105,"Arkansas","Perry","rice_long grain",0
5105,"Arkansas","Perry","rice_short/medium grain",0
5105,"Arkansas","Perry","soybeans",0
5105,"Arkansas","Perry","wheat",0
5107,"Arkansas","Phillips","canola",60.905235724634
5107,"Arkansas","Phillips","corn",12006.3751326833
5107,"Arkansas","Phillips","cotton",5318.13176439163
5107,"Arkansas","Phillips","dry peas",17.2136242153586
5107,"Arkansas","Phillips","grain sorghum",29.5072332589024
5107,"Arkansas","Phillips","peanuts",79.6413103731508
5107,"Arkansas","Phillips","rice_long grain",3951.8489424199
5107,"Arkansas","Phillips","rice_short/medium grain",195.785429380535
5107,"Arkansas","Phillips","soybeans",27866.6676328489
5107,"Arkansas","Phillips","sunflower",11.4650722627417
5107,"Arkansas","Phillips","wheat",3290.68552410769
5111,"Arkansas","Poinsett","corn",45.2499782148308
5111,"Arkansas","Poinsett","cotton",30.5104354159219
5111,"Arkansas","Poinsett","grain sorghum",0.468994876466391
5111,"Arkansas","Poinsett","oats",0.0202200608965212
5111,"Arkansas","Poinsett","peanuts",1.02875625829321
5111,"Arkansas","Poinsett","rice_long grain",113.782798478325
5111,"Arkansas","Poinsett","rice_short/medium grain",37.283716366933
5111,"Arkansas","Poinsett","soybeans",234.478628184545
5111,"Arkansas","Poinsett","sunflower",0.0380811146884482
5111,"Arkansas","Poinsett","wheat",12.4297243624557
5115,"Arkansas","Pope","corn",0
5115,"Arkansas","Pope","oats",0
5115,"Arkansas","Pope","rice_long grain",0
5115,"Arkansas","Pope","sesame",0
5115,"Arkansas","Pope","soybeans",0
5115,"Arkansas","Pope","wheat",0
5117,"Arkansas","Prairie","corn",0
5117,"Arkansas","Prairie","cotton",0
5117,"Arkansas","Prairie","grain sorghum",0
5117,"Arkansas","Prairie","oats",0
5117,"Arkansas","Prairie","peanuts",0
5117,"Arkansas","Prairie","rice_long grain",0
5117,"Arkansas","Prairie","rice_short/medium grain",0
5117,"Arkansas","Prairie","soybeans",0
5117,"Arkansas","Prairie","wheat",0
5119,"Arkansas","Pulaski","corn",0
5119,"Arkansas","Pulaski","cotton",0
5119,"Arkansas","Pulaski","grain sorghum",0
5119,"Arkansas","Pulaski","rice_long grain",0
5119,"Arkansas","Pulaski","rice_short/medium grain",0
5119,"Arkansas","Pulaski","soybeans",0
5119,"Arkansas","Pulaski","sunflower",0
5119,"Arkansas","Pulaski","wheat",0
5121,"Arkansas","Randolph","corn",0
5121,"Arkansas","Randolph","grain sorghum",0
5121,"Arkansas","Randolph","peanuts",0
5121,"Arkansas","Randolph","rice_long grain",0
5121,"Arkansas","Randolph","rice_short/medium grain",0
5121,"Arkansas","Randolph","soybeans",0
5121,"Arkansas","Randolph","sunflower",0
5121,"Arkansas","Randolph","wheat",0
5129,"Arkansas","Searcy","corn",0
5131,"Arkansas","Sebastian","corn",153.234523823684
5131,"Arkansas","Sebastian","grain sorghum",2.79437705380666
5131,"Arkansas","Sebastian","soybeans",988.58774779491
5131,"Arkansas","Sebastian","wheat",238.1233513276
5133,"Arkansas","Sevier","soybeans",0
5133,"Arkansas","Sevier","wheat",0
5123,"Arkansas","St. Francis","corn",0
5123,"Arkansas","St. Francis","cotton",0
5123,"Arkansas","St. Francis","grain sorghum",0
5123,"Arkansas","St. Francis","oats",0
5123,"Arkansas","St. Francis","peanuts",0
5123,"Arkansas","St. Francis","rice_long grain",0
5123,"Arkansas","St. Francis","rice_short/medium grain",0
5123,"Arkansas","St. Francis","soybeans",0
5123,"Arkansas","St. Francis","sunflower",0
5123,"Arkansas","St. Francis","wheat",0
5137,"Arkansas","Stone","corn",0
5137,"Arkansas","Stone","soybeans",0
5137,"Arkansas","Stone","wheat",0
5139,"Arkansas","Union","corn",0
5143,"Arkansas","Washington","corn",103.435594496394
5143,"Arkansas","Washington","dry peas",0.0108472326175126
5143,"Arkansas","Washington","soybeans",234.992639553689
5143,"Arkansas","Washington","wheat",109.096042050633
5145,"Arkansas","White","corn",0
5145,"Arkansas","White","cotton",0
5145,"Arkansas","White","grain sorghum",0
5145,"Arkansas","White","oats",0
5145,"Arkansas","White","rice_long grain",0
5145,"Arkansas","White","rice_short/medium grain",0
5145,"Arkansas","White","sesame",0
5145,"Arkansas","White","soybeans",0
5145,"Arkansas","White","wheat",0
5147,"Arkansas","Woodruff","corn",0
5147,"Arkansas","Woodruff","cotton",0
5147,"Arkansas","Woodruff","dry peas",0
5147,"Arkansas","Woodruff","grain sorghum",0
5147,"Arkansas","Woodruff","oats",0
5147,"Arkansas","Woodruff","rice_long grain",0
5147,"Arkansas","Woodruff","rice_short/medium grain",0
5147,"Arkansas","Woodruff","sesame",0
5147,"Arkansas","Woodruff","soybeans",0
5147,"Arkansas","Woodruff","wheat",0
5149,"Arkansas","Yell","corn",0
5149,"Arkansas","Yell","oats",0
5149,"Arkansas","Yell","rice_long grain",0
5149,"Arkansas","Yell","soybeans",0
5149,"Arkansas","Yell","wheat",0
6001,"California","Alameda","barley",0
6001,"California","Alameda","oats",0
6001,"California","Alameda","wheat",0
6005,"California","Amador","corn",2.63347815930857
6005,"California","Amador","oats",13.1324569025928
6005,"California","Amador","wheat",149.124731604765
6007,"California","Butte","barley",91.9800752482191
6007,"California","Butte","corn",24.8985017856538
6007,"California","Butte","cotton",14.519623882415
6007,"California","Butte","oats",23.0906228581231
6007,"California","Butte","rice_long grain",542.647795518266
6007,"California","Butte","rice_short/medium grain",3205.06260351716
6007,"California","Butte","rice_temperate japonica",16549.7856818991
6007,"California","Butte","safflower",12.5408126201688
6007,"California","Butte","sunflower",31.8122784111254
6007,"California","Butte","wheat",82.361281593118
6011,"California","Colusa","barley",0
6011,"California","Colusa","corn",0
6011,"California","Colusa","cotton",0
6011,"California","Colusa","dry peas",0
6011,"California","Colusa","grain sorghum",0
6011,"California","Colusa","mustard",0
6011,"California","Colusa","oats",0
6011,"California","Colusa","rice_long grain",0
6011,"California","Colusa","rice_short/medium grain",0
6011,"California","Colusa","rice_temperate japonica",0
6011,"California","Colusa","safflower",0
6011,"California","Colusa","sunflower",0
6011,"California","Colusa","wheat",0
6013,"California","Contra Costa","corn",0
6013,"California","Contra Costa","safflower",0
6013,"California","Contra Costa","wheat",0
6019,"California","Fresno","barley",0
6019,"California","Fresno","chickpeas_large",0
6019,"California","Fresno","chickpeas_small",0
6019,"California","Fresno","corn",0
6019,"California","Fresno","cotton",0
6019,"California","Fresno","dry peas",0
6019,"California","Fresno","grain sorghum",0
6019,"California","Fresno","mustard",0
6019,"California","Fresno","oats",0
6019,"California","Fresno","rice_short/medium grain",0
6019,"California","Fresno","rice_temperate japonica",0
6019,"California","Fresno","safflower",0
6019,"California","Fresno","wheat",0
6021,"California","Glenn","barley",0
6021,"California","Glenn","corn",0
6021,"California","Glenn","cotton",0
6021,"California","Glenn","mustard",0
6021,"California","Glenn","oats",0
6021,"California","Glenn","rice_long grain",0
6021,"California","Glenn","rice_short/medium grain",0
6021,"California","Glenn","rice_temperate japonica",0
6021,"California","Glenn","safflower",0
6021,"California","Glenn","sunflower",0
6021,"California","Glenn","wheat",0
6023,"California","Humboldt","corn",0
6025,"California","Imperial","barley",0
6025,"California","Imperial","canola",0
6025,"California","Imperial","corn",0
6025,"California","Imperial","cotton",0
6025,"California","Imperial","flaxseed",0
6025,"California","Imperial","mustard",0
6025,"California","Imperial","oats",0
6025,"California","Imperial","sunflower",0
6025,"California","Imperial","wheat",0
6029,"California","Kern","barley",0
6029,"California","Kern","corn",0
6029,"California","Kern","cotton",0
6029,"California","Kern","dry peas",0
6029,"California","Kern","grain sorghum",0
6029,"California","Kern","oats",0
6029,"California","Kern","safflower",0
6029,"California","Kern","wheat",0
6031,"California","Kings","barley",0
6031,"California","Kings","canola",0
6031,"California","Kings","chickpeas_large",0
6031,"California","Kings","chickpeas_small",0
6031,"California","Kings","corn",0
6031,"California","Kings","cotton",0
6031,"California","Kings","dry peas",0
6031,"California","Kings","grain sorghum",0
6031,"California","Kings","mustard",0
6031,"California","Kings","oats",0
6031,"California","Kings","safflower",0
6031,"California","Kings","wheat",0
6033,"California","Lake","oats",1294.22974
6035,"California","Lassen","barley",96.483972279158
6035,"California","Lassen","corn",4.13937224488913
6035,"California","Lassen","oats",15.8860349485144
6035,"California","Lassen","wheat",793.077620527437
6037,"California","Los Angeles","corn",0
6039,"California","Madera","barley",0
6039,"California","Madera","corn",0
6039,"California","Madera","cotton",0
6039,"California","Madera","dry peas",0
6039,"California","Madera","grain sorghum",0
6039,"California","Madera","oats",0
6039,"California","Madera","wheat",0
6041,"California","Marin","oats",0
6045,"California","Mendocino","barley",93.7282666666666
6045,"California","Mendocino","oats",498.239733333333
6047,"California","Merced","barley",294.304614737236
6047,"California","Merced","chickpeas_large",31.3946204701844
6047,"California","Merced","corn",14278.5470518907
6047,"California","Merced","cotton",7825.14295068992
6047,"California","Merced","grain sorghum",45.671239993341
6047,"California","Merced","mustard",8.00490705709908
6047,"California","Merced","oats",7325.02169461534
6047,"California","Merced","rice_short/medium grain",190.826286993073
6047,"California","Merced","rice_temperate japonica",194.362027997557
6047,"California","Merced","safflower",45.0041644052494
6047,"California","Merced","wheat",11003.2312944837
6049,"California","Modoc","barley",0
6049,"California","Modoc","corn",0
6049,"California","Modoc","oats",0
6049,"California","Modoc","wheat",0
6051,"California","Mono","wheat",472.536666666667
6053,"California","Monterey","barley",0
6053,"California","Monterey","oats",0
6053,"California","Monterey","wheat",0
6061,"California","Placer","corn",0
6061,"California","Placer","oats",0
6061,"California","Placer","rice_long grain",0
6061,"California","Placer","rice_short/medium grain",0
6061,"California","Placer","rice_temperate japonica",0
6061,"California","Placer","wheat",0
6063,"California","Plumas","corn",284.462805835815
6063,"California","Plumas","oats",103.389299793781
6063,"California","Plumas","wheat",685.586394370405
6065,"California","Riverside","barley",0
6065,"California","Riverside","corn",0
6065,"California","Riverside","cotton",0
6065,"California","Riverside","oats",0
6065,"California","Riverside","safflower",0
6065,"California","Riverside","wheat",0
6067,"California","Sacramento","barley",0
6067,"California","Sacramento","corn",0
6067,"California","Sacramento","grain sorghum",0
6067,"California","Sacramento","oats",0
6067,"California","Sacramento","rice_long grain",0
6067,"California","Sacramento","rice_short/medium grain",0
6067,"California","Sacramento","rice_temperate japonica",0
6067,"California","Sacramento","safflower",0
6067,"California","Sacramento","sunflower",0
6067,"California","Sacramento","wheat",0
6069,"California","San Benito","barley",0
6069,"California","San Benito","oats",0
6069,"California","San Benito","wheat",0
6071,"California","San Bernardino","barley",70.9343886670032
6071,"California","San Bernardino","oats",71.6247736374861
6071,"California","San Bernardino","wheat",162.327337695511
6077,"California","San Joaquin","barley",0
6077,"California","San Joaquin","canola",0
6077,"California","San Joaquin","chickpeas_large",0
6077,"California","San Joaquin","corn",0
6077,"California","San Joaquin","cotton",0
6077,"California","San Joaquin","dry peas",0
6077,"California","San Joaquin","grain sorghum",0
6077,"California","San Joaquin","oats",0
6077,"California","San Joaquin","rice_short/medium grain",0
6077,"California","San Joaquin","rice_temperate japonica",0
6077,"California","San Joaquin","safflower",0
6077,"California","San Joaquin","sunflower",0
6077,"California","San Joaquin","wheat",0
6079,"California","San Luis Obispo","barley",0
6079,"California","San Luis Obispo","chickpeas_large",0
6079,"California","San Luis Obispo","oats",0
6079,"California","San Luis Obispo","safflower",0
6079,"California","San Luis Obispo","wheat",0
6083,"California","Santa Barbara","chickpeas_large",0
6083,"California","Santa Barbara","dry peas",0
6083,"California","Santa Barbara","oats",0
6085,"California","Santa Clara","oats",0
6089,"California","Shasta","oats",0
6089,"California","Shasta","rice_long grain",0
6089,"California","Shasta","wheat",0
6091,"California","Sierra","wheat",646.456
6093,"California","Siskiyou","barley",0
6093,"California","Siskiyou","corn",0
6093,"California","Siskiyou","mustard",0
6093,"California","Siskiyou","oats",0
6093,"California","Siskiyou","wheat",0
6095,"California","Solano","barley",0
6095,"California","Solano","canola",0
6095,"California","Solano","corn",0
6095,"California","Solano","dry peas",0
6095,"California","Solano","grain sorghum",0
6095,"California","Solano","oats",0
6095,"California","Solano","safflower",0
6095,"California","Solano","sunflower",0
6095,"California","Solano","wheat",0
6097,"California","Sonoma","barley",0
6097,"California","Sonoma","oats",0
6097,"California","Sonoma","wheat",0
6099,"California","Stanislaus","corn",0
6099,"California","Stanislaus","dry peas",0
6099,"California","Stanislaus","oats",0
6099,"California","Stanislaus","rice_short/medium grain",0
6099,"California","Stanislaus","rice_temperate japonica",0
6099,"California","Stanislaus","wheat",0
6101,"California","Sutter","barley",14.6216147808245
6101,"California","Sutter","corn",267.734537468266
6101,"California","Sutter","cotton",22.9344620923446
6101,"California","Sutter","dry peas",65.6491960984801
6101,"California","Sutter","grain sorghum",25.428045307263
6101,"California","Sutter","lentils",0.967780491701605
6101,"California","Sutter","oats",21.7044130873919
6101,"California","Sutter","rice_long grain",182.339328885401
6101,"California","Sutter","rice_short/medium grain",1937.13111047295
6101,"California","Sutter","rice_temperate japonica",10058.1327788938
6101,"California","Sutter","safflower",150.084366433577
6101,"California","Sutter","soybeans",3.59820786814657
6101,"California","Sutter","sunflower",877.912008129998
6101,"California","Sutter","wheat",563.263149989907
6103,"California","Tehama","barley",0
6103,"California","Tehama","corn",0
6103,"California","Tehama","oats",0
6103,"California","Tehama","rice_short/medium grain",0
6103,"California","Tehama","rice_temperate japonica",0
6103,"California","Tehama","safflower",0
6103,"California","Tehama","sunflower",0
6103,"California","Tehama","wheat",0
6107,"California","Tulare","barley",218.221568057504
6107,"California","Tulare","corn",10197.2110033376
6107,"California","Tulare","cotton",701.585817275168
6107,"California","Tulare","dry peas",74.9258142591216
6107,"California","Tulare","grain sorghum",0.166303898100601
6107,"California","Tulare","oats",501.743455808802
6107,"California","Tulare","safflower",106.125592587693
6107,"California","Tulare","wheat",7878.23425744265
6113,"California","Yolo","barley",0
6113,"California","Yolo","canola",0
6113,"California","Yolo","chickpeas_large",0
6113,"California","Yolo","chickpeas_small",0
6113,"California","Yolo","corn",0
6113,"California","Yolo","cotton",0
6113,"California","Yolo","dry peas",0
6113,"California","Yolo","grain sorghum",0
6113,"California","Yolo","mustard",0
6113,"California","Yolo","oats",0
6113,"California","Yolo","rice_long grain",0
6113,"California","Yolo","rice_short/medium grain",0
6113,"California","Yolo","rice_temperate japonica",0
6113,"California","Yolo","safflower",0
6113,"California","Yolo","sunflower",0
6113,"California","Yolo","wheat",0
6115,"California","Yuba","corn",0
6115,"California","Yuba","rice_long grain",0
6115,"California","Yuba","rice_short/medium grain",0
6115,"California","Yuba","rice_temperate japonica",0
6115,"California","Yuba","sunflower",0
6115,"California","Yuba","wheat",0
8001,"Colorado","Adams","barley",0
8001,"Colorado","Adams","corn",0
8001,"Colorado","Adams","dry peas",0
8001,"Colorado","Adams","grain sorghum",0
8001,"Colorado","Adams","oats",0
8001,"Colorado","Adams","soybeans",0
8001,"Colorado","Adams","sunflower",0
8001,"Colorado","Adams","wheat",0
8003,"Colorado","Alamosa","barley",6513.64022970771
8003,"Colorado","Alamosa","canola",81.3985895142218
8003,"Colorado","Alamosa","corn",95.7932874493684
8003,"Colorado","Alamosa","mustard",1929.57498511608
8003,"Colorado","Alamosa","oats",1205.79072273723
8003,"Colorado","Alamosa","wheat",1600.91318547539
8005,"Colorado","Arapahoe","barley",0
8005,"Colorado","Arapahoe","corn",0
8005,"Colorado","Arapahoe","grain sorghum",0
8005,"Colorado","Arapahoe","oats",0
8005,"Colorado","Arapahoe","safflower",0
8005,"Colorado","Arapahoe","sunflower",0
8005,"Colorado","Arapahoe","wheat",0
8009,"Colorado","Baca","barley",23.9816903582185
8009,"Colorado","Baca","canola",0.019075658707666
8009,"Colorado","Baca","corn",783.611836859679
8009,"Colorado","Baca","cotton",0.00597893780389532
8009,"Colorado","Baca","dry peas",0.0119578756077906
8009,"Colorado","Baca","grain sorghum",912.379041637291
8009,"Colorado","Baca","oats",28.0272617511668
8009,"Colorado","Baca","soybeans",5.88429975979938
8009,"Colorado","Baca","sunflower",59.2128034425044
8009,"Colorado","Baca","wheat",2000.374220386
8011,"Colorado","Bent","barley",0
8011,"Colorado","Bent","corn",0
8011,"Colorado","Bent","grain sorghum",0
8011,"Colorado","Bent","oats",0
8011,"Colorado","Bent","sunflower",0
8011,"Colorado","Bent","wheat",0
8013,"Colorado","Boulder","barley",0
8013,"Colorado","Boulder","corn",0
8013,"Colorado","Boulder","dry peas",0
8013,"Colorado","Boulder","grain sorghum",0
8013,"Colorado","Boulder","oats",0
8013,"Colorado","Boulder","sunflower",0
8013,"Colorado","Boulder","wheat",0
8014,"Colorado","Broomfield","corn",0
8014,"Colorado","Broomfield","oats",0
8014,"Colorado","Broomfield","wheat",0
8017,"Colorado","Cheyenne","barley",0.360839578519737
8017,"Colorado","Cheyenne","corn",2109.46108690617
8017,"Colorado","Cheyenne","dry peas",8.08954850255002
8017,"Colorado","Cheyenne","grain sorghum",1939.49748117593
8017,"Colorado","Cheyenne","oats",19.0802830539733
8017,"Colorado","Cheyenne","soybeans",7.28929546335988
8017,"Colorado","Cheyenne","sunflower",149.182370596035
8017,"Colorado","Cheyenne","wheat",5336.51176139013
8021,"Colorado","Conejos","barley",0
8021,"Colorado","Conejos","canola",0
8021,"Colorado","Conejos","corn",0
8021,"Colorado","Conejos","dry peas",0
8021,"Colorado","Conejos","oats",0
8021,"Colorado","Conejos","soybeans",0
8021,"Colorado","Conejos","wheat",0
8023,"Colorado","Costilla","barley",21.9424300640549
8023,"Colorado","Costilla","corn",0.217194646979874
8023,"Colorado","Costilla","dry peas",9.02922009188036
8023,"Colorado","Costilla","oats",12.3537778622334
8023,"Colorado","Costilla","wheat",12.9667106681849
8025,"Colorado","Crowley","corn",0
8025,"Colorado","Crowley","grain sorghum",0
8025,"Colorado","Crowley","oats",0
8025,"Colorado","Crowley","wheat",0
8029,"Colorado","Delta","barley",0
8029,"Colorado","Delta","corn",0
8029,"Colorado","Delta","grain sorghum",0
8029,"Colorado","Delta","oats",0
8029,"Colorado","Delta","soybeans",0
8029,"Colorado","Delta","wheat",0
8031,"Colorado","Denver","corn",515.025794544899
8031,"Colorado","Denver","grain sorghum",43.9977685720129
8031,"Colorado","Denver","sunflower",238.57879476905
8031,"Colorado","Denver","wheat",1124.99094211404
8033,"Colorado","Dolores","barley",0
8033,"Colorado","Dolores","corn",0
8033,"Colorado","Dolores","grain sorghum",0
8033,"Colorado","Dolores","oats",0
8033,"Colorado","Dolores","safflower",0
8033,"Colorado","Dolores","wheat",0
8035,"Colorado","Douglas","wheat",0
8037,"Colorado","Eagle","oats",29.122
8041,"Colorado","El Paso","oats",0
8039,"Colorado","Elbert","corn",0
8039,"Colorado","Elbert","grain sorghum",0
8039,"Colorado","Elbert","oats",0
8039,"Colorado","Elbert","sunflower",0
8039,"Colorado","Elbert","wheat",0
8043,"Colorado","Fremont","oats",0
8043,"Colorado","Fremont","soybeans",0
8043,"Colorado","Fremont","sunflower",0
8045,"Colorado","Garfield","barley",0
8045,"Colorado","Garfield","corn",0
8045,"Colorado","Garfield","oats",0
8045,"Colorado","Garfield","wheat",0
8055,"Colorado","Huerfano","barley",0
8055,"Colorado","Huerfano","oats",0
8061,"Colorado","Kiowa","barley",35.8414336895681
8061,"Colorado","Kiowa","corn",2227.70502664583
8061,"Colorado","Kiowa","grain sorghum",6425.12325609081
8061,"Colorado","Kiowa","oats",57.0250429013313
8061,"Colorado","Kiowa","soybeans",7.86383223381894
8061,"Colorado","Kiowa","sunflower",739.0890001086
8061,"Colorado","Kiowa","wheat",13296.3135749967
8063,"Colorado","Kit Carson","barley",19.4713858463901
8063,"Colorado","Kit Carson","corn",19141.1341160238
8063,"Colorado","Kit Carson","cotton",2.91016791083345
8063,"Colorado","Kit Carson","dry peas",34.6202686294073
8063,"Colorado","Kit Carson","grain sorghum",1764.60370103377
8063,"Colorado","Kit Carson","lentils",0.229482884804034
8063,"Colorado","Kit Carson","oats",388.554057307956
8063,"Colorado","Kit Carson","safflower",13.8975918142384
8063,"Colorado","Kit Carson","soybeans",154.956862541498
8063,"Colorado","Kit Carson","sunflower",369.170132195243
8063,"Colorado","Kit Carson","wheat",19315.3912338121
8067,"Colorado","La Plata","barley",0
8067,"Colorado","La Plata","corn",0
8067,"Colorado","La Plata","grain sorghum",0
8067,"Colorado","La Plata","oats",0
8067,"Colorado","La Plata","safflower",0
8067,"Colorado","La Plata","soybeans",0
8067,"Colorado","La Plata","wheat",0
8069,"Colorado","Larimer","barley",0
8069,"Colorado","Larimer","corn",0
8069,"Colorado","Larimer","grain sorghum",0
8069,"Colorado","Larimer","oats",0
8069,"Colorado","Larimer","wheat",0
8071,"Colorado","Las Animas","corn",0
8071,"Colorado","Las Animas","dry peas",0
8071,"Colorado","Las Animas","grain sorghum",0
8071,"Colorado","Las Animas","oats",0
8071,"Colorado","Las Animas","wheat",0
8073,"Colorado","Lincoln","corn",0
8073,"Colorado","Lincoln","cotton",0
8073,"Colorado","Lincoln","dry peas",0
8073,"Colorado","Lincoln","grain sorghum",0
8073,"Colorado","Lincoln","oats",0
8073,"Colorado","Lincoln","sunflower",0
8073,"Colorado","Lincoln","wheat",0
8075,"Colorado","Logan","barley",0
8075,"Colorado","Logan","corn",0
8075,"Colorado","Logan","dry peas",0
8075,"Colorado","Logan","grain sorghum",0
8075,"Colorado","Logan","oats",0
8075,"Colorado","Logan","soybeans",0
8075,"Colorado","Logan","sunflower",0
8075,"Colorado","Logan","wheat",0
8077,"Colorado","Mesa","barley",0
8077,"Colorado","Mesa","corn",0
8077,"Colorado","Mesa","oats",0
8077,"Colorado","Mesa","sunflower",0
8077,"Colorado","Mesa","wheat",0
8081,"Colorado","Moffat","corn",0
8081,"Colorado","Moffat","oats",0
8081,"Colorado","Moffat","safflower",0
8081,"Colorado","Moffat","wheat",0
8083,"Colorado","Montezuma","barley",0
8083,"Colorado","Montezuma","corn",0
8083,"Colorado","Montezuma","dry peas",0
8083,"Colorado","Montezuma","flaxseed",0
8083,"Colorado","Montezuma","grain sorghum",0
8083,"Colorado","Montezuma","oats",0
8083,"Colorado","Montezuma","safflower",0
8083,"Colorado","Montezuma","sunflower",0
8083,"Colorado","Montezuma","wheat",0
8085,"Colorado","Montrose","barley",50.2409845094909
8085,"Colorado","Montrose","corn",3846.02032633999
8085,"Colorado","Montrose","grain sorghum",9.09261743854475
8085,"Colorado","Montrose","oats",259.048101069269
8085,"Colorado","Montrose","soybeans",20.1425104333409
8085,"Colorado","Montrose","sunflower",7.92227390388208
8085,"Colorado","Montrose","wheat",86.5005196388207
8087,"Colorado","Morgan","barley",0
8087,"Colorado","Morgan","corn",0
8087,"Colorado","Morgan","dry peas",0
8087,"Colorado","Morgan","grain sorghum",0
8087,"Colorado","Morgan","lentils",0
8087,"Colorado","Morgan","oats",0
8087,"Colorado","Morgan","soybeans",0
8087,"Colorado","Morgan","sunflower",0
8087,"Colorado","Morgan","wheat",0
8089,"Colorado","Otero","canola",0
8089,"Colorado","Otero","corn",0
8089,"Colorado","Otero","cotton",0
8089,"Colorado","Otero","grain sorghum",0
8089,"Colorado","Otero","oats",0
8089,"Colorado","Otero","soybeans",0
8089,"Colorado","Otero","sunflower",0
8089,"Colorado","Otero","wheat",0
8095,"Colorado","Phillips","barley",24.1305984625564
8095,"Colorado","Phillips","corn",3424.38705417268
8095,"Colorado","Phillips","dry peas",72.1293795665303
8095,"Colorado","Phillips","grain sorghum",136.897075054145
8095,"Colorado","Phillips","lentils",3.89889959503972
8095,"Colorado","Phillips","mustard",0.0126212018183104
8095,"Colorado","Phillips","oats",48.5564979887674
8095,"Colorado","Phillips","soybeans",18.9387443884657
8095,"Colorado","Phillips","sunflower",25.6437578544431
8095,"Colorado","Phillips","wheat",2560.31270504895
8097,"Colorado","Pitkin","oats",0
8099,"Colorado","Prowers","barley",0
8099,"Colorado","Prowers","corn",0
8099,"Colorado","Prowers","grain sorghum",0
8099,"Colorado","Prowers","oats",0
8099,"Colorado","Prowers","soybeans",0
8099,"Colorado","Prowers","sunflower",0
8099,"Colorado","Prowers","wheat",0
8101,"Colorado","Pueblo","barley",0
8101,"Colorado","Pueblo","corn",0
8101,"Colorado","Pueblo","grain sorghum",0
8101,"Colorado","Pueblo","mustard",0
8101,"Colorado","Pueblo","oats",0
8101,"Colorado","Pueblo","peanuts",0
8101,"Colorado","Pueblo","sunflower",0
8101,"Colorado","Pueblo","wheat",0
8103,"Colorado","Rio Blanco","oats",0
8103,"Colorado","Rio Blanco","safflower",0
8103,"Colorado","Rio Blanco","wheat",0
8105,"Colorado","Rio Grande","barley",0
8105,"Colorado","Rio Grande","canola",0
8105,"Colorado","Rio Grande","corn",0
8105,"Colorado","Rio Grande","dry peas",0
8105,"Colorado","Rio Grande","oats",0
8105,"Colorado","Rio Grande","wheat",0
8107,"Colorado","Routt","barley",0
8107,"Colorado","Routt","oats",0
8107,"Colorado","Routt","safflower",0
8107,"Colorado","Routt","wheat",0
8109,"Colorado","Saguache","barley",0
8109,"Colorado","Saguache","canola",0
8109,"Colorado","Saguache","dry peas",0
8109,"Colorado","Saguache","flaxseed",0
8109,"Colorado","Saguache","oats",0
8109,"Colorado","Saguache","wheat",0
8113,"Colorado","San Miguel","oats",0
8113,"Colorado","San Miguel","safflower",0
8113,"Colorado","San Miguel","wheat",0
8115,"Colorado","Sedgwick","barley",0.196414194492705
8115,"Colorado","Sedgwick","corn",416.526428483549
8115,"Colorado","Sedgwick","dry peas",4.03587895430223
8115,"Colorado","Sedgwick","grain sorghum",25.6096312275255
8115,"Colorado","Sedgwick","oats",7.96188203650645
8115,"Colorado","Sedgwick","soybeans",8.709793484307
8115,"Colorado","Sedgwick","sunflower",11.677073325928
8115,"Colorado","Sedgwick","wheat",282.651898293395
8121,"Colorado","Washington","barley",62.4754133060366
8121,"Colorado","Washington","canola",0.243574950034781
8121,"Colorado","Washington","corn",12985.9436442336
8121,"Colorado","Washington","dry peas",146.822608022889
8121,"Colorado","Washington","grain sorghum",1640.62418291566
8121,"Colorado","Washington","oats",389.722668080728
8121,"Colorado","Washington","soybeans",36.6274269736918
8121,"Colorado","Washington","sunflower",205.96997559495
8121,"Colorado","Washington","wheat",29697.3336725891
8123,"Colorado","Weld","barley",0
8123,"Colorado","Weld","canola",0
8123,"Colorado","Weld","corn",0
8123,"Colorado","Weld","dry peas",0
8123,"Colorado","Weld","grain sorghum",0
8123,"Colorado","Weld","oats",0
8123,"Colorado","Weld","safflower",0
8123,"Colorado","Weld","soybeans",0
8123,"Colorado","Weld","sunflower",0
8123,"Colorado","Weld","wheat",0
8125,"Colorado","Yuma","barley",0
8125,"Colorado","Yuma","canola",0
8125,"Colorado","Yuma","corn",0
8125,"Colorado","Yuma","dry peas",0
8125,"Colorado","Yuma","grain sorghum",0
8125,"Colorado","Yuma","oats",0
8125,"Colorado","Yuma","soybeans",0
8125,"Colorado","Yuma","sunflower",0
8125,"Colorado","Yuma","wheat",0
9001,"Connecticut","Fairfield","corn",66.105884
9003,"Connecticut","Hartford","barley",109.090719013033
9003,"Connecticut","Hartford","corn",4759.05580598062
9003,"Connecticut","Hartford","oats",102.446622101097
9003,"Connecticut","Hartford","soybeans",293.963128572288
9003,"Connecticut","Hartford","sunflower",5.22012586815444
9003,"Connecticut","Hartford","wheat",26.0345517981373
9005,"Connecticut","Litchfield","barley",42.0976574778831
9005,"Connecticut","Litchfield","corn",3768.67422738293
9005,"Connecticut","Litchfield","grain sorghum",10.2030375899052
9005,"Connecticut","Litchfield","oats",37.765822566764
9005,"Connecticut","Litchfield","sunflower",1.65607164918769
9007,"Connecticut","Middlesex","corn",364.663685112569
9007,"Connecticut","Middlesex","soybeans",0.00328448908465196
9007,"Connecticut","Middlesex","sunflower",10.4118303983467
9009,"Connecticut","New Haven","corn",1234.84330974946
9009,"Connecticut","New Haven","grain sorghum",20.1102435838756
9011,"Connecticut","New London","corn",8742.39128813464
9011,"Connecticut","New London","oats",21.2147989430135
9011,"Connecticut","New London","soybeans",19.5019458784617
9011,"Connecticut","New London","sunflower",23.6266189531895
9011,"Connecticut","New London","wheat",13.9486150906997
9013,"Connecticut","Tolland","barley",71.3663790442225
9013,"Connecticut","Tolland","corn",4102.43040981184
9013,"Connecticut","Tolland","oats",88.2648376133434
9013,"Connecticut","Tolland","soybeans",70.5656520843318
9013,"Connecticut","Tolland","sunflower",3.46635047571711
9013,"Connecticut","Tolland","wheat",25.0455376372147
9015,"Connecticut","Windham","corn",7586.04630122647
9015,"Connecticut","Windham","grain sorghum",95.2568043632651
9015,"Connecticut","Windham","mustard",0.794582662658712
9015,"Connecticut","Windham","oats",6.39390736358182
9015,"Connecticut","Windham","soybeans",40.734776815363
9015,"Connecticut","Windham","sunflower",2.78103931930549
9015,"Connecticut","Windham","wheat",29.0395132493551
10001,"Delaware","Kent","barley",131.523065797878
10001,"Delaware","Kent","canola",0.684858755832552
10001,"Delaware","Kent","corn",1235.30268351524
10001,"Delaware","Kent","grain sorghum",55.985031571924
10001,"Delaware","Kent","oats",1.0150036717608
10001,"Delaware","Kent","soybeans",1289.4767554952
10001,"Delaware","Kent","sunflower",1.10582094431515
10001,"Delaware","Kent","wheat",384.875133581174
10003,"Delaware","New Castle","barley",0
10003,"Delaware","New Castle","corn",0
10003,"Delaware","New Castle","grain sorghum",0
10003,"Delaware","New Castle","oats",0
10003,"Delaware","New Castle","soybeans",0
10003,"Delaware","New Castle","sunflower",0
10003,"Delaware","New Castle","wheat",0
10005,"Delaware","Sussex","barley",482.615319162971
10005,"Delaware","Sussex","corn",8659.53363897953
10005,"Delaware","Sussex","cotton",0.102661479816592
10005,"Delaware","Sussex","grain sorghum",138.547389127759
10005,"Delaware","Sussex","oats",4.87036158100385
10005,"Delaware","Sussex","rapeseed",0.0790998287111444
10005,"Delaware","Sussex","soybeans",6115.8178361247
10005,"Delaware","Sussex","sunflower",0.90712356755972
10005,"Delaware","Sussex","wheat",1474.75134348124
12001,"Florida","Alachua","corn",0
12001,"Florida","Alachua","cotton",0
12001,"Florida","Alachua","grain sorghum",0
12001,"Florida","Alachua","oats",0
12001,"Florida","Alachua","peanuts",0
12001,"Florida","Alachua","soybeans",0
12001,"Florida","Alachua","sunflower",0
12003,"Florida","Baker","corn",0
12003,"Florida","Baker","oats",0
12007,"Florida","Bradford","soybeans",185.4344
12009,"Florida","Brevard","corn",767.927996246793
12009,"Florida","Brevard","soybeans",2.29733708654127
12013,"Florida","Calhoun","corn",0
12013,"Florida","Calhoun","cotton",0
12013,"Florida","Calhoun","oats",0
12013,"Florida","Calhoun","peanuts",0
12013,"Florida","Calhoun","soybeans",0
12013,"Florida","Calhoun","wheat",0
12015,"Florida","Charlotte","corn",1829.9505
12017,"Florida","Citrus","peanuts",895.964
12023,"Florida","Columbia","corn",0
12023,"Florida","Columbia","grain sorghum",0
12023,"Florida","Columbia","oats",0
12023,"Florida","Columbia","peanuts",0
12023,"Florida","Columbia","sesame",0
12023,"Florida","Columbia","soybeans",0
12023,"Florida","Columbia","wheat",0
12025,"Florida","Dade, Monroe","corn",921.15594
12029,"Florida","Dixie","corn",1821.24916750892
12029,"Florida","Dixie","peanuts",4027.32465909515
12029,"Florida","Dixie","sesame",282.704666632845
12029,"Florida","Dixie","wheat",131.388506763078
12031,"Florida","Duval","rice_short/medium grain",0
12033,"Florida","Escambia","corn",0
12033,"Florida","Escambia","cotton",0
12033,"Florida","Escambia","grain sorghum",0
12033,"Florida","Escambia","oats",0
12033,"Florida","Escambia","peanuts",0
12033,"Florida","Escambia","soybeans",0
12035,"Florida","Flagler","corn",332.5993
12039,"Florida","Gadsden","corn",0
12039,"Florida","Gadsden","cotton",0
12039,"Florida","Gadsden","oats",0
12039,"Florida","Gadsden","peanuts",0
12039,"Florida","Gadsden","soybeans",0
12041,"Florida","Gilchrist","corn",3438.59666045696
12041,"Florida","Gilchrist","cotton",124.226647839018
12041,"Florida","Gilchrist","oats",50.6432444269118
12041,"Florida","Gilchrist","peanuts",4342.86111027474
12041,"Florida","Gilchrist","wheat",570.19850366904
12043,"Florida","Glades","corn",11743.0306333333
12043,"Florida","Glades","peanuts",0
12043,"Florida","Glades","rice_long grain",0
12045,"Florida","Gulf","peanuts",0
12045,"Florida","Gulf","soybeans",0
12047,"Florida","Hamilton","barley",0
12047,"Florida","Hamilton","corn",0
12047,"Florida","Hamilton","cotton",0
12047,"Florida","Hamilton","dry peas",0
12047,"Florida","Hamilton","grain sorghum",0
12047,"Florida","Hamilton","oats",0
12047,"Florida","Hamilton","peanuts",0
12047,"Florida","Hamilton","soybeans",0
12047,"Florida","Hamilton","wheat",0
12051,"Florida","Hendry","corn",4193.98624660527
12051,"Florida","Hendry","rice_long grain",25908.1176467281
12055,"Florida","Highlands","corn",7919.55333333333
12057,"Florida","Hillsborough","peanuts",3614.58816666667
12059,"Florida","Holmes","corn",570.307612493574
12059,"Florida","Holmes","cotton",1287.69074166096
12059,"Florida","Holmes","grain sorghum",16.32878267278
12059,"Florida","Holmes","oats",152.320176925633
12059,"Florida","Holmes","peanuts",1860.23394995398
12059,"Florida","Holmes","soybeans",683.883116239328
12059,"Florida","Holmes","sunflower",2.46797563596554
12059,"Florida","Holmes","wheat",51.6833110844468
12061,"Florida","Indian River","corn",3634.32379152856
12061,"Florida","Indian River","cotton",110.431275158931
12061,"Florida","Indian River","grain sorghum",330.644766645846
12063,"Florida","Jackson","corn",0
12063,"Florida","Jackson","cotton",0
12063,"Florida","Jackson","grain sorghum",0
12063,"Florida","Jackson","oats",0
12063,"Florida","Jackson","peanuts",0
12063,"Florida","Jackson","sesame",0
12063,"Florida","Jackson","soybeans",0
12063,"Florida","Jackson","sunflower",0
12063,"Florida","Jackson","wheat",0
12065,"Florida","Jefferson","corn",0
12065,"Florida","Jefferson","cotton",0
12065,"Florida","Jefferson","dry peas",0
12065,"Florida","Jefferson","oats",0
12065,"Florida","Jefferson","peanuts",0
12065,"Florida","Jefferson","sesame",0
12065,"Florida","Jefferson","soybeans",0
12067,"Florida","Lafayette","corn",2558.52489297543
12067,"Florida","Lafayette","cotton",1352.23275323312
12067,"Florida","Lafayette","dry peas",132.151064171163
12067,"Florida","Lafayette","oats",803.112417917195
12067,"Florida","Lafayette","peanuts",2174.81017255205
12067,"Florida","Lafayette","soybeans",123.618360828656
12067,"Florida","Lafayette","sunflower",4.30649698210364
12067,"Florida","Lafayette","wheat",130.063508006957
12073,"Florida","Leon","corn",0
12073,"Florida","Leon","grain sorghum",0
12073,"Florida","Leon","oats",0
12073,"Florida","Leon","peanuts",0
12073,"Florida","Leon","soybeans",0
12073,"Florida","Leon","sunflower",0
12075,"Florida","Levy","corn",68.563354861744
12075,"Florida","Levy","cotton",7.53766455696172
12075,"Florida","Levy","grain sorghum",3.37154321840675
12075,"Florida","Levy","oats",3.98206447385075
12075,"Florida","Levy","peanuts",352.264415105329
12075,"Florida","Levy","wheat",4.17845778371026
12077,"Florida","Liberty","peanuts",121.9718
12079,"Florida","Madison","barley",83.7236210759921
12079,"Florida","Madison","corn",5243.0154888465
12079,"Florida","Madison","cotton",1446.21075987614
12079,"Florida","Madison","dry peas",28.7944497899476
12079,"Florida","Madison","grain sorghum",63.1509188752009
12079,"Florida","Madison","oats",566.285768975088
12079,"Florida","Madison","peanuts",6295.70830668588
12079,"Florida","Madison","soybeans",768.638348850696
12079,"Florida","Madison","sunflower",5.45484042450373
12079,"Florida","Madison","wheat",2.82049660005363
12081,"Florida","Manatee","corn",1444.47773333333
12083,"Florida","Marion","corn",0
12083,"Florida","Marion","cotton",0
12083,"Florida","Marion","oats",0
12083,"Florida","Marion","peanuts",0
12083,"Florida","Marion","sunflower",0
12085,"Florida","Martin","corn",9614.30746666667
12089,"Florida","Nassau","corn",0
12091,"Florida","Okaloosa","corn",0
12091,"Florida","Okaloosa","cotton",0
12091,"Florida","Okaloosa","oats",0
12091,"Florida","Okaloosa","peanuts",0
12091,"Florida","Okaloosa","soybeans",0
12091,"Florida","Okaloosa","wheat",0
12093,"Florida","Okeechobee","corn",679.284
12097,"Florida","Osceola","corn",1637.26183435166
12097,"Florida","Osceola","cotton",1351.19749898167
12099,"Florida","Palm Beach","corn",581.939715940263
12099,"Florida","Palm Beach","rice_long grain",29304.32754719
12099,"Florida","Palm Beach","soybeans",1.46484686973661
12101,"Florida","Pasco","peanuts",596.925
12107,"Florida","Putnam","corn",0
12107,"Florida","Putnam","oats",0
12107,"Florida","Putnam","peanuts",0
12107,"Florida","Putnam","rapeseed",0
12113,"Florida","Santa Rosa","corn",5.54270170696675
12113,"Florida","Santa Rosa","cotton",132.827225050687
12113,"Florida","Santa Rosa","grain sorghum",0.160014291500259
12113,"Florida","Santa Rosa","oats",0.606054129057231
12113,"Florida","Santa Rosa","peanuts",133.952650500155
12113,"Florida","Santa Rosa","soybeans",7.51981829095751
12113,"Florida","Santa Rosa","sunflower",0.0532936487524474
12113,"Florida","Santa Rosa","wheat",0.0266690485833765
12109,"Florida","St. Johns","corn",0
12111,"Florida","St. Lucie","corn",7138.90415263331
12111,"Florida","St. Lucie","grain sorghum",2126.37784736669
12119,"Florida","Sumter","oats",15.5583534035177
12119,"Florida","Sumter","peanuts",38.2184965964822
12121,"Florida","Suwannee","corn",7343.15731899685
12121,"Florida","Suwannee","cotton",355.180579006468
12121,"Florida","Suwannee","dry peas",900.408596193259
12121,"Florida","Suwannee","grain sorghum",2.51591148952732
12121,"Florida","Suwannee","oats",340.749891297499
12121,"Florida","Suwannee","peanuts",8190.4298645313
12121,"Florida","Suwannee","rapeseed",82.4315820850771
12121,"Florida","Suwannee","soybeans",617.261143553998
12121,"Florida","Suwannee","wheat",34.0121128460287
12125,"Florida","Union","corn",0
12129,"Florida","Wakulla","corn",0
12129,"Florida","Wakulla","peanuts",0
12131,"Florida","Walton","corn",69.8019668900647
12131,"Florida","Walton","cotton",185.852729515209
12131,"Florida","Walton","grain sorghum",3.34526757667796
12131,"Florida","Walton","oats",37.0856271801598
12131,"Florida","Walton","peanuts",228.428612084964
12131,"Florida","Walton","soybeans",61.894025507829
12131,"Florida","Walton","sunflower",0.305829734268898
12131,"Florida","Walton","wheat",7.86160817749391
12133,"Florida","Washington","corn",165.130581279929
12133,"Florida","Washington","cotton",779.126552921435
12133,"Florida","Washington","oats",19.1372958338288
12133,"Florida","Washington","peanuts",748.840379151379
12133,"Florida","Washington","soybeans",263.529190486962
12133,"Florida","Washington","wheat",32.8919669931353
13001,"Georgia","Appling","corn",684.639998899674
13001,"Georgia","Appling","cotton",3579.21070819246
13001,"Georgia","Appling","grain sorghum",14.6007116059578
13001,"Georgia","Appling","oats",19.3107608832146
13001,"Georgia","Appling","peanuts",2091.53068865803
13001,"Georgia","Appling","sesame",97.3008244075955
13001,"Georgia","Appling","soybeans",228.61252790166
13001,"Georgia","Appling","sunflower",0.935980757094585
13001,"Georgia","Appling","wheat",61.3956320276629
13003,"Georgia","Atkinson","corn",1024.1361773281
13003,"Georgia","Atkinson","cotton",5793.77693526964
13003,"Georgia","Atkinson","grain sorghum",18.9629585764649
13003,"Georgia","Atkinson","oats",40.1791750389192
13003,"Georgia","Atkinson","peanuts",4464.19482476962
13003,"Georgia","Atkinson","soybeans",72.3715410867503
13003,"Georgia","Atkinson","sunflower",3.12921708260161
13003,"Georgia","Atkinson","wheat",2.73867084790648
13005,"Georgia","Bacon","corn",1009.95460355954
13005,"Georgia","Bacon","cotton",4436.9767480808
13005,"Georgia","Bacon","grain sorghum",79.1344657511709
13005,"Georgia","Bacon","peanuts",2085.04323929469
13005,"Georgia","Bacon","soybeans",132.810568774079
13005,"Georgia","Bacon","sunflower",12.7761301591686
13005,"Georgia","Bacon","wheat",90.1477443805538
13007,"Georgia","Baker","corn",0
13007,"Georgia","Baker","cotton",0
13007,"Georgia","Baker","grain sorghum",0
13007,"Georgia","Baker","oats",0
13007,"Georgia","Baker","peanuts",0
13007,"Georgia","Baker","soybeans",0
13007,"Georgia","Baker","sunflower",0
13007,"Georgia","Baker","wheat",0
13009,"Georgia","Baldwin","wheat",0
13011,"Georgia","Banks","corn",0
13011,"Georgia","Banks","grain sorghum",0
13011,"Georgia","Banks","oats",0
13011,"Georgia","Banks","soybeans",0
13011,"Georgia","Banks","wheat",0
13015,"Georgia","Bartow","canola",0
13015,"Georgia","Bartow","corn",0
13015,"Georgia","Bartow","cotton",0
13015,"Georgia","Bartow","oats",0
13015,"Georgia","Bartow","soybeans",0
13015,"Georgia","Bartow","sunflower",0
13015,"Georgia","Bartow","wheat",0
13017,"Georgia","Ben Hill","corn",492.492760641822
13017,"Georgia","Ben Hill","cotton",1541.65600457239
13017,"Georgia","Ben Hill","grain sorghum",25.469365931696
13017,"Georgia","Ben Hill","oats",49.4513043550709
13017,"Georgia","Ben Hill","peanuts",1313.75828783187
13017,"Georgia","Ben Hill","soybeans",49.6447388391113
13017,"Georgia","Ben Hill","sunflower",3.72398296755715
13017,"Georgia","Ben Hill","wheat",53.0287348604829
13019,"Georgia","Berrien","corn",1458.48534355989
13019,"Georgia","Berrien","cotton",5321.04037778495
13019,"Georgia","Berrien","grain sorghum",32.2104702723956
13019,"Georgia","Berrien","oats",57.2575922082709
13019,"Georgia","Berrien","peanuts",4616.13349403716
13019,"Georgia","Berrien","soybeans",364.987625998497
13019,"Georgia","Berrien","sunflower",7.76437659623226
13019,"Georgia","Berrien","wheat",129.68399287594
13021,"Georgia","Bibb","corn",0
13021,"Georgia","Bibb","oats",0
13021,"Georgia","Bibb","peanuts",0
13021,"Georgia","Bibb","soybeans",0
13021,"Georgia","Bibb","sunflower",0
13021,"Georgia","Bibb","wheat",0
13023,"Georgia","Bleckley","corn",0
13023,"Georgia","Bleckley","cotton",0
13023,"Georgia","Bleckley","grain sorghum",0
13023,"Georgia","Bleckley","oats",0
13023,"Georgia","Bleckley","peanuts",0
13023,"Georgia","Bleckley","soybeans",0
13023,"Georgia","Bleckley","sunflower",0
13023,"Georgia","Bleckley","wheat",0
13025,"Georgia","Brantley","corn",260.727490038143
13025,"Georgia","Brantley","cotton",134.251010185599
13025,"Georgia","Brantley","dry peas",0.172859532485244
13025,"Georgia","Brantley","peanuts",221.707562051184
13025,"Georgia","Brantley","soybeans",32.1110781925888
13027,"Georgia","Brooks","canola",16.422584431624
13027,"Georgia","Brooks","corn",376.451696149275
13027,"Georgia","Brooks","cotton",1867.12453472983
13027,"Georgia","Brooks","dry peas",0.0855140491114148
13027,"Georgia","Brooks","grain sorghum",9.8939754821907
13027,"Georgia","Brooks","oats",53.5561856827536
13027,"Georgia","Brooks","peanuts",630.6337529031
13027,"Georgia","Brooks","sesame",0.642570056533217
13027,"Georgia","Brooks","soybeans",344.830252763823
13027,"Georgia","Brooks","sunflower",0.850281738323727
13027,"Georgia","Brooks","wheat",90.567152013453
13029,"Georgia","Bryan","corn",0
13029,"Georgia","Bryan","cotton",0
13029,"Georgia","Bryan","peanuts",0
13031,"Georgia","Bulloch","corn",0
13031,"Georgia","Bulloch","cotton",0
13031,"Georgia","Bulloch","grain sorghum",0
13031,"Georgia","Bulloch","oats",0
13031,"Georgia","Bulloch","peanuts",0
13031,"Georgia","Bulloch","rice_short/medium grain",0
13031,"Georgia","Bulloch","sesame",0
13031,"Georgia","Bulloch","soybeans",0
13031,"Georgia","Bulloch","sunflower",0
13031,"Georgia","Bulloch","wheat",0
13033,"Georgia","Burke","corn",0
13033,"Georgia","Burke","cotton",0
13033,"Georgia","Burke","grain sorghum",0
13033,"Georgia","Burke","oats",0
13033,"Georgia","Burke","peanuts",0
13033,"Georgia","Burke","sesame",0
13033,"Georgia","Burke","soybeans",0
13033,"Georgia","Burke","sunflower",0
13033,"Georgia","Burke","wheat",0
13035,"Georgia","Butts","oats",0
13035,"Georgia","Butts","sesame",0
13035,"Georgia","Butts","soybeans",0
13037,"Georgia","Calhoun","corn",0
13037,"Georgia","Calhoun","cotton",0
13037,"Georgia","Calhoun","grain sorghum",0
13037,"Georgia","Calhoun","oats",0
13037,"Georgia","Calhoun","peanuts",0
13037,"Georgia","Calhoun","sesame",0
13037,"Georgia","Calhoun","soybeans",0
13037,"Georgia","Calhoun","wheat",0
13043,"Georgia","Candler","corn",0
13043,"Georgia","Candler","cotton",0
13043,"Georgia","Candler","grain sorghum",0
13043,"Georgia","Candler","oats",0
13043,"Georgia","Candler","peanuts",0
13043,"Georgia","Candler","sesame",0
13043,"Georgia","Candler","soybeans",0
13043,"Georgia","Candler","sunflower",0
13043,"Georgia","Candler","wheat",0
13045,"Georgia","Carroll","corn",0
13045,"Georgia","Carroll","soybeans",0
13047,"Georgia","Catoosa","corn",0
13047,"Georgia","Catoosa","soybeans",0
13047,"Georgia","Catoosa","sunflower",0
13047,"Georgia","Catoosa","wheat",0
13049,"Georgia","Charlton","corn",0
13049,"Georgia","Charlton","dry peas",0
13051,"Georgia","Chatham","corn",0
13051,"Georgia","Chatham","cotton",0
13055,"Georgia","Chattooga","corn",53.9402768113622
13055,"Georgia","Chattooga","cotton",21.6425641736796
13055,"Georgia","Chattooga","soybeans",22.9605170858149
13055,"Georgia","Chattooga","wheat",9.61874192914326
13057,"Georgia","Cherokee","corn",0
13059,"Georgia","Clarke","corn",0
13059,"Georgia","Clarke","cotton",0
13059,"Georgia","Clarke","grain sorghum",0
13059,"Georgia","Clarke","oats",0
13059,"Georgia","Clarke","soybeans",0
13059,"Georgia","Clarke","wheat",0
13061,"Georgia","Clay","corn",0
13061,"Georgia","Clay","cotton",0
13061,"Georgia","Clay","grain sorghum",0
13061,"Georgia","Clay","oats",0
13061,"Georgia","Clay","peanuts",0
13061,"Georgia","Clay","soybeans",0
13061,"Georgia","Clay","wheat",0
13065,"Georgia","Clinch","corn",341.725815535795
13065,"Georgia","Clinch","cotton",118.524396564251
13065,"Georgia","Clinch","peanuts",311.839823941573
13065,"Georgia","Clinch","soybeans",93.898260269958
13065,"Georgia","Clinch","wheat",94.0903703550899
13069,"Georgia","Coffee","corn",645.57316771351
13069,"Georgia","Coffee","cotton",3391.64073675395
13069,"Georgia","Coffee","grain sorghum",11.6467193701258
13069,"Georgia","Coffee","oats",33.5777016405852
13069,"Georgia","Coffee","peanuts",2477.45411923734
13069,"Georgia","Coffee","soybeans",131.318540083642
13069,"Georgia","Coffee","sunflower",5.45629564452811
13069,"Georgia","Coffee","wheat",17.7265862229652
13071,"Georgia","Colquitt","corn",608.943366860088
13071,"Georgia","Colquitt","cotton",5447.34286693306
13071,"Georgia","Colquitt","grain sorghum",35.0834885646676
13071,"Georgia","Colquitt","oats",30.5699150354204
13071,"Georgia","Colquitt","peanuts",2572.88954119425
13071,"Georgia","Colquitt","soybeans",38.7936218904449
13071,"Georgia","Colquitt","sunflower",0.221056584246297
13071,"Georgia","Colquitt","wheat",94.3803096044877
13075,"Georgia","Cook","corn",289.750784065176
13075,"Georgia","Cook","cotton",1282.96951249549
13075,"Georgia","Cook","grain sorghum",8.88742969406277
13075,"Georgia","Cook","oats",17.2058254894637
13075,"Georgia","Cook","peanuts",682.805344369092
13075,"Georgia","Cook","soybeans",86.0795032662772
13075,"Georgia","Cook","sunflower",18.895898739604
13075,"Georgia","Cook","wheat",7.10582854750428
13077,"Georgia","Coweta","corn",0
13077,"Georgia","Coweta","soybeans",0
13077,"Georgia","Coweta","wheat",0
13079,"Georgia","Crawford","corn",0
13079,"Georgia","Crawford","cotton",0
13079,"Georgia","Crawford","grain sorghum",0
13079,"Georgia","Crawford","oats",0
13079,"Georgia","Crawford","peanuts",0
13079,"Georgia","Crawford","soybeans",0
13079,"Georgia","Crawford","sunflower",0
13079,"Georgia","Crawford","wheat",0
13081,"Georgia","Crisp","corn",275.934272737249
13081,"Georgia","Crisp","cotton",3088.6047388048
13081,"Georgia","Crisp","grain sorghum",232.085704448728
13081,"Georgia","Crisp","oats",52.7042858803492
13081,"Georgia","Crisp","peanuts",1025.81230280217
13081,"Georgia","Crisp","sesame",25.5953499591123
13081,"Georgia","Crisp","soybeans",16.3819608564769
13081,"Georgia","Crisp","sunflower",4.79267521982246
13081,"Georgia","Crisp","wheat",85.4828759579479
13083,"Georgia","Dade","corn",228.710578613571
13083,"Georgia","Dade","grain sorghum",10.2586978227224
13083,"Georgia","Dade","soybeans",236.338474485937
13083,"Georgia","Dade","wheat",36.6322490777699
13085,"Georgia","Dawson","corn",0
13085,"Georgia","Dawson","soybeans",0
13087,"Georgia","Decatur","corn",1600.4696586447
13087,"Georgia","Decatur","cotton",2262.5502733585
13087,"Georgia","Decatur","grain sorghum",82.5281465386471
13087,"Georgia","Decatur","oats",279.399155527622
13087,"Georgia","Decatur","peanuts",2291.39560127528
13087,"Georgia","Decatur","sesame",0.964449167798224
13087,"Georgia","Decatur","soybeans",130.520715070508
13087,"Georgia","Decatur","sunflower",11.8328662882719
13087,"Georgia","Decatur","wheat",67.4824674619912
13091,"Georgia","Dodge","corn",0
13091,"Georgia","Dodge","cotton",0
13091,"Georgia","Dodge","grain sorghum",0
13091,"Georgia","Dodge","oats",0
13091,"Georgia","Dodge","peanuts",0
13091,"Georgia","Dodge","sesame",0
13091,"Georgia","Dodge","soybeans",0
13091,"Georgia","Dodge","sunflower",0
13091,"Georgia","Dodge","wheat",0
13093,"Georgia","Dooly","corn",20.212037152869
13093,"Georgia","Dooly","cotton",241.362854937768
13093,"Georgia","Dooly","grain sorghum",4.06941999560365
13093,"Georgia","Dooly","oats",0.296742487589394
13093,"Georgia","Dooly","peanuts",56.5016155765933
13093,"Georgia","Dooly","rice_short/medium grain",0.851407045504137
13093,"Georgia","Dooly","soybeans",10.549947494229
13093,"Georgia","Dooly","sunflower",0.24110364142063
13093,"Georgia","Dooly","wheat",18.139318335112
13095,"Georgia","Dougherty","corn",0
13095,"Georgia","Dougherty","cotton",0
13095,"Georgia","Dougherty","grain sorghum",0
13095,"Georgia","Dougherty","oats",0
13095,"Georgia","Dougherty","peanuts",0
13095,"Georgia","Dougherty","soybeans",0
13095,"Georgia","Dougherty","sunflower",0
13095,"Georgia","Dougherty","wheat",0
13099,"Georgia","Early","corn",0
13099,"Georgia","Early","cotton",0
13099,"Georgia","Early","dry peas",0
13099,"Georgia","Early","grain sorghum",0
13099,"Georgia","Early","oats",0
13099,"Georgia","Early","peanuts",0
13099,"Georgia","Early","soybeans",0
13099,"Georgia","Early","sunflower",0
13099,"Georgia","Early","wheat",0
13101,"Georgia","Echols","corn",0
13101,"Georgia","Echols","cotton",0
13101,"Georgia","Echols","oats",0
13101,"Georgia","Echols","peanuts",0
13101,"Georgia","Echols","sesame",0
13101,"Georgia","Echols","soybeans",0
13101,"Georgia","Echols","sunflower",0
13103,"Georgia","Effingham","corn",0
13103,"Georgia","Effingham","cotton",0
13103,"Georgia","Effingham","grain sorghum",0
13103,"Georgia","Effingham","peanuts",0
13103,"Georgia","Effingham","soybeans",0
13103,"Georgia","Effingham","sunflower",0
13103,"Georgia","Effingham","wheat",0
13105,"Georgia","Elbert","corn",0
13105,"Georgia","Elbert","cotton",0
13105,"Georgia","Elbert","soybeans",0
13105,"Georgia","Elbert","sunflower",0
13105,"Georgia","Elbert","wheat",0
13107,"Georgia","Emanuel","corn",0
13107,"Georgia","Emanuel","cotton",0
13107,"Georgia","Emanuel","grain sorghum",0
13107,"Georgia","Emanuel","oats",0
13107,"Georgia","Emanuel","peanuts",0
13107,"Georgia","Emanuel","sesame",0
13107,"Georgia","Emanuel","soybeans",0
13107,"Georgia","Emanuel","sunflower",0
13107,"Georgia","Emanuel","wheat",0
13109,"Georgia","Evans","corn",2.15968156634273
13109,"Georgia","Evans","cotton",7.13206658375838
13109,"Georgia","Evans","dry peas",0.000941116453464836
13109,"Georgia","Evans","grain sorghum",0.0442324733128473
13109,"Georgia","Evans","peanuts",3.94931614318309
13109,"Georgia","Evans","soybeans",0.25436871950829
13109,"Georgia","Evans","wheat",0.011293397441578
13111,"Georgia","Fannin","corn",0
13115,"Georgia","Floyd","corn",0
13115,"Georgia","Floyd","cotton",0
13115,"Georgia","Floyd","grain sorghum",0
13115,"Georgia","Floyd","peanuts",0
13115,"Georgia","Floyd","soybeans",0
13115,"Georgia","Floyd","sunflower",0
13115,"Georgia","Floyd","wheat",0
13117,"Georgia","Forsyth","corn",0
13117,"Georgia","Forsyth","wheat",0
13119,"Georgia","Franklin","corn",0
13119,"Georgia","Franklin","cotton",0
13119,"Georgia","Franklin","grain sorghum",0
13119,"Georgia","Franklin","oats",0
13119,"Georgia","Franklin","soybeans",0
13119,"Georgia","Franklin","wheat",0
13121,"Georgia","Fulton","corn",0
13123,"Georgia","Gilmer","corn",0
13123,"Georgia","Gilmer","soybeans",0
13123,"Georgia","Gilmer","wheat",0
13125,"Georgia","Glascock","corn",0
13125,"Georgia","Glascock","cotton",0
13125,"Georgia","Glascock","grain sorghum",0
13125,"Georgia","Glascock","oats",0
13125,"Georgia","Glascock","peanuts",0
13125,"Georgia","Glascock","sesame",0
13125,"Georgia","Glascock","soybeans",0
13125,"Georgia","Glascock","wheat",0
13129,"Georgia","Gordon","barley",0
13129,"Georgia","Gordon","canola",0
13129,"Georgia","Gordon","corn",0
13129,"Georgia","Gordon","cotton",0
13129,"Georgia","Gordon","grain sorghum",0
13129,"Georgia","Gordon","oats",0
13129,"Georgia","Gordon","soybeans",0
13129,"Georgia","Gordon","sunflower",0
13129,"Georgia","Gordon","wheat",0
13131,"Georgia","Grady","corn",0
13131,"Georgia","Grady","cotton",0
13131,"Georgia","Grady","dry peas",0
13131,"Georgia","Grady","grain sorghum",0
13131,"Georgia","Grady","oats",0
13131,"Georgia","Grady","peanuts",0
13131,"Georgia","Grady","soybeans",0
13131,"Georgia","Grady","sunflower",0
13131,"Georgia","Grady","wheat",0
13133,"Georgia","Greene","corn",169.749104693918
13133,"Georgia","Greene","cotton",2.02285516273396
13133,"Georgia","Greene","soybeans",75.896514278197
13133,"Georgia","Greene","sunflower",1.01142758136698
13133,"Georgia","Greene","wheat",144.579931617117
13137,"Georgia","Habersham","corn",0
13137,"Georgia","Habersham","soybeans",0
13137,"Georgia","Habersham","wheat",0
13139,"Georgia","Hall","corn",0
13139,"Georgia","Hall","oats",0
13139,"Georgia","Hall","soybeans",0
13139,"Georgia","Hall","wheat",0
13141,"Georgia","Hancock","cotton",0
13141,"Georgia","Hancock","wheat",0
13143,"Georgia","Haralson","corn",0
13145,"Georgia","Harris","corn",41.693
13147,"Georgia","Hart","corn",0
13147,"Georgia","Hart","cotton",0
13147,"Georgia","Hart","grain sorghum",0
13147,"Georgia","Hart","oats",0
13147,"Georgia","Hart","soybeans",0
13147,"Georgia","Hart","sunflower",0
13147,"Georgia","Hart","wheat",0
13149,"Georgia","Heard","corn",0
13149,"Georgia","Heard","soybeans",0
13151,"Georgia","Henry","corn",0
13151,"Georgia","Henry","oats",0
13151,"Georgia","Henry","soybeans",0
13151,"Georgia","Henry","wheat",0
13153,"Georgia","Houston","corn",0
13153,"Georgia","Houston","cotton",0
13153,"Georgia","Houston","grain sorghum",0
13153,"Georgia","Houston","oats",0
13153,"Georgia","Houston","peanuts",0
13153,"Georgia","Houston","rapeseed",0
13153,"Georgia","Houston","soybeans",0
13153,"Georgia","Houston","sunflower",0
13153,"Georgia","Houston","wheat",0
13155,"Georgia","Irwin","corn",0
13155,"Georgia","Irwin","cotton",0
13155,"Georgia","Irwin","dry peas",0
13155,"Georgia","Irwin","grain sorghum",0
13155,"Georgia","Irwin","oats",0
13155,"Georgia","Irwin","peanuts",0
13155,"Georgia","Irwin","sesame",0
13155,"Georgia","Irwin","soybeans",0
13155,"Georgia","Irwin","sunflower",0
13155,"Georgia","Irwin","wheat",0
13157,"Georgia","Jackson","corn",0
13157,"Georgia","Jackson","grain sorghum",0
13157,"Georgia","Jackson","oats",0
13157,"Georgia","Jackson","soybeans",0
13157,"Georgia","Jackson","wheat",0
13159,"Georgia","Jasper","corn",60.5137593324099
13159,"Georgia","Jasper","cotton",15.2110844918689
13159,"Georgia","Jasper","grain sorghum",18.4268870827867
13159,"Georgia","Jasper","oats",59.2257471119058
13159,"Georgia","Jasper","soybeans",19.7038906518335
13159,"Georgia","Jasper","wheat",22.8501313291951
13161,"Georgia","Jeff Davis","corn",535.123656354065
13161,"Georgia","Jeff Davis","cotton",1921.53775475926
13161,"Georgia","Jeff Davis","grain sorghum",22.3566999695639
13161,"Georgia","Jeff Davis","oats",25.2682314480965
13161,"Georgia","Jeff Davis","peanuts",1380.94168361728
13161,"Georgia","Jeff Davis","soybeans",92.2089517388228
13161,"Georgia","Jeff Davis","sunflower",5.25482179406933
13161,"Georgia","Jeff Davis","wheat",78.9767003188397
13163,"Georgia","Jefferson","barley",0
13163,"Georgia","Jefferson","canola",0
13163,"Georgia","Jefferson","corn",0
13163,"Georgia","Jefferson","cotton",0
13163,"Georgia","Jefferson","grain sorghum",0
13163,"Georgia","Jefferson","oats",0
13163,"Georgia","Jefferson","peanuts",0
13163,"Georgia","Jefferson","sesame",0
13163,"Georgia","Jefferson","soybeans",0
13163,"Georgia","Jefferson","sunflower",0
13163,"Georgia","Jefferson","wheat",0
13165,"Georgia","Jenkins","corn",0
13165,"Georgia","Jenkins","cotton",0
13165,"Georgia","Jenkins","grain sorghum",0
13165,"Georgia","Jenkins","oats",0
13165,"Georgia","Jenkins","peanuts",0
13165,"Georgia","Jenkins","sesame",0
13165,"Georgia","Jenkins","soybeans",0
13165,"Georgia","Jenkins","sunflower",0
13165,"Georgia","Jenkins","wheat",0
13167,"Georgia","Johnson","corn",0
13167,"Georgia","Johnson","cotton",0
13167,"Georgia","Johnson","dry peas",0
13167,"Georgia","Johnson","grain sorghum",0
13167,"Georgia","Johnson","oats",0
13167,"Georgia","Johnson","peanuts",0
13167,"Georgia","Johnson","sesame",0
13167,"Georgia","Johnson","soybeans",0
13167,"Georgia","Johnson","sunflower",0
13167,"Georgia","Johnson","wheat",0
13169,"Georgia","Jones","grain sorghum",7.09000000000003
13171,"Georgia","Lamar","corn",0
13171,"Georgia","Lamar","cotton",0
13171,"Georgia","Lamar","oats",0
13171,"Georgia","Lamar","soybeans",0
13171,"Georgia","Lamar","wheat",0
13173,"Georgia","Lanier","corn",1322.44300139259
13173,"Georgia","Lanier","cotton",3533.35324821696
13173,"Georgia","Lanier","oats",29.0611076932227
13173,"Georgia","Lanier","peanuts",3041.03312406856
13173,"Georgia","Lanier","soybeans",166.3556815119
13173,"Georgia","Lanier","sunflower",10.4215037834303
13175,"Georgia","Laurens","barley",0
13175,"Georgia","Laurens","canola",0
13175,"Georgia","Laurens","corn",0
13175,"Georgia","Laurens","cotton",0
13175,"Georgia","Laurens","dry peas",0
13175,"Georgia","Laurens","grain sorghum",0
13175,"Georgia","Laurens","oats",0
13175,"Georgia","Laurens","peanuts",0
13175,"Georgia","Laurens","rapeseed",0
13175,"Georgia","Laurens","sesame",0
13175,"Georgia","Laurens","soybeans",0
13175,"Georgia","Laurens","sunflower",0
13175,"Georgia","Laurens","wheat",0
13177,"Georgia","Lee","corn",0
13177,"Georgia","Lee","cotton",0
13177,"Georgia","Lee","grain sorghum",0
13177,"Georgia","Lee","oats",0
13177,"Georgia","Lee","peanuts",0
13177,"Georgia","Lee","sesame",0
13177,"Georgia","Lee","soybeans",0
13177,"Georgia","Lee","sunflower",0
13177,"Georgia","Lee","wheat",0
13179,"Georgia","Liberty","corn",71.6891675049503
13179,"Georgia","Liberty","cotton",73.6302565677316
13179,"Georgia","Liberty","peanuts",42.3105759273182
13181,"Georgia","Lincoln","oats",0
13183,"Georgia","Long","corn",0
13183,"Georgia","Long","cotton",0
13183,"Georgia","Long","peanuts",0
13183,"Georgia","Long","soybeans",0
13183,"Georgia","Long","wheat",0
13185,"Georgia","Lowndes","corn",354.076568551515
13185,"Georgia","Lowndes","cotton",1831.40787836086
13185,"Georgia","Lowndes","oats",2.79185722346817
13185,"Georgia","Lowndes","peanuts",1121.03573177577
13185,"Georgia","Lowndes","soybeans",285.825792845419
13185,"Georgia","Lowndes","wheat",47.629601242964
13187,"Georgia","Lumpkin","corn",0
13193,"Georgia","Macon","corn",0
13193,"Georgia","Macon","cotton",0
13193,"Georgia","Macon","grain sorghum",0
13193,"Georgia","Macon","oats",0
13193,"Georgia","Macon","peanuts",0
13193,"Georgia","Macon","rapeseed",0
13193,"Georgia","Macon","sesame",0
13193,"Georgia","Macon","soybeans",0
13193,"Georgia","Macon","sunflower",0
13193,"Georgia","Macon","wheat",0
13195,"Georgia","Madison","canola",0
13195,"Georgia","Madison","corn",0
13195,"Georgia","Madison","cotton",0
13195,"Georgia","Madison","grain sorghum",0
13195,"Georgia","Madison","oats",0
13195,"Georgia","Madison","soybeans",0
13195,"Georgia","Madison","sunflower",0
13195,"Georgia","Madison","wheat",0
13197,"Georgia","Marion","corn",0
13197,"Georgia","Marion","cotton",0
13197,"Georgia","Marion","grain sorghum",0
13197,"Georgia","Marion","oats",0
13197,"Georgia","Marion","peanuts",0
13197,"Georgia","Marion","soybeans",0
13197,"Georgia","Marion","sunflower",0
13197,"Georgia","Marion","wheat",0
13189,"Georgia","McDuffie","corn",0
13189,"Georgia","McDuffie","cotton",0
13189,"Georgia","McDuffie","grain sorghum",0
13189,"Georgia","McDuffie","sesame",0
13189,"Georgia","McDuffie","soybeans",0
13189,"Georgia","McDuffie","wheat",0
13199,"Georgia","Meriwether","corn",0
13199,"Georgia","Meriwether","soybeans",0
13199,"Georgia","Meriwether","wheat",0
13201,"Georgia","Miller","canola",0
13201,"Georgia","Miller","corn",0
13201,"Georgia","Miller","cotton",0
13201,"Georgia","Miller","grain sorghum",0
13201,"Georgia","Miller","oats",0
13201,"Georgia","Miller","peanuts",0
13201,"Georgia","Miller","soybeans",0
13201,"Georgia","Miller","sunflower",0
13201,"Georgia","Miller","wheat",0
13205,"Georgia","Mitchell","barley",2.86541994569252
13205,"Georgia","Mitchell","canola",4.58467191310803
13205,"Georgia","Mitchell","corn",4784.87765854559
13205,"Georgia","Mitchell","cotton",12571.2960057527
13205,"Georgia","Mitchell","grain sorghum",69.4617910715107
13205,"Georgia","Mitchell","oats",261.922764863053
13205,"Georgia","Mitchell","peanuts",9387.9652817942
13205,"Georgia","Mitchell","soybeans",283.928731578781
13205,"Georgia","Mitchell","sunflower",15.7731052498569
13205,"Georgia","Mitchell","wheat",307.616355952236
13207,"Georgia","Monroe","barley",0
13207,"Georgia","Monroe","corn",0
13207,"Georgia","Monroe","cotton",0
13207,"Georgia","Monroe","soybeans",0
13207,"Georgia","Monroe","wheat",0
13209,"Georgia","Montgomery","corn",0
13209,"Georgia","Montgomery","cotton",0
13209,"Georgia","Montgomery","grain sorghum",0
13209,"Georgia","Montgomery","oats",0
13209,"Georgia","Montgomery","peanuts",0
13209,"Georgia","Montgomery","soybeans",0
13209,"Georgia","Montgomery","sunflower",0
13209,"Georgia","Montgomery","wheat",0
13211,"Georgia","Morgan","corn",499.789183337765
13211,"Georgia","Morgan","cotton",300.004565567166
13211,"Georgia","Morgan","grain sorghum",98.4437328418779
13211,"Georgia","Morgan","oats",16.4339083289859
13211,"Georgia","Morgan","soybeans",163.731574746538
13211,"Georgia","Morgan","sunflower",2.96825902918833
13211,"Georgia","Morgan","wheat",444.143442815144
13213,"Georgia","Murray","corn",241.552367948317
13213,"Georgia","Murray","grain sorghum",36.7929487188526
13213,"Georgia","Murray","oats",45.1220976422996
13213,"Georgia","Murray","soybeans",303.854587400131
13213,"Georgia","Murray","sunflower",25.5430325392881
13213,"Georgia","Murray","wheat",24.6917990844447
13217,"Georgia","Newton","corn",0
13217,"Georgia","Newton","cotton",0
13217,"Georgia","Newton","dry peas",0
13217,"Georgia","Newton","grain sorghum",0
13217,"Georgia","Newton","mustard",0
13217,"Georgia","Newton","oats",0
13217,"Georgia","Newton","soybeans",0
13217,"Georgia","Newton","wheat",0
13219,"Georgia","Oconee","corn",0
13219,"Georgia","Oconee","cotton",0
13219,"Georgia","Oconee","grain sorghum",0
13219,"Georgia","Oconee","oats",0
13219,"Georgia","Oconee","soybeans",0
13219,"Georgia","Oconee","sunflower",0
13219,"Georgia","Oconee","wheat",0
13221,"Georgia","Oglethorpe","corn",308.55894196197
13221,"Georgia","Oglethorpe","cotton",38.3077625714955
13221,"Georgia","Oglethorpe","grain sorghum",85.4219123240384
13221,"Georgia","Oglethorpe","oats",7.9254451380878
13221,"Georgia","Oglethorpe","soybeans",81.5757531635317
13221,"Georgia","Oglethorpe","sunflower",1.07247002278662
13221,"Georgia","Oglethorpe","wheat",268.98371481809
13225,"Georgia","Peach","canola",0
13225,"Georgia","Peach","corn",0
13225,"Georgia","Peach","cotton",0
13225,"Georgia","Peach","grain sorghum",0
13225,"Georgia","Peach","oats",0
13225,"Georgia","Peach","peanuts",0
13225,"Georgia","Peach","soybeans",0
13225,"Georgia","Peach","sunflower",0
13225,"Georgia","Peach","wheat",0
13229,"Georgia","Pierce","corn",2234.68798325169
13229,"Georgia","Pierce","cotton",4013.24216731803
13229,"Georgia","Pierce","grain sorghum",37.5288192683536
13229,"Georgia","Pierce","oats",74.9390365478453
13229,"Georgia","Pierce","peanuts",2991.40200101968
13229,"Georgia","Pierce","soybeans",900.991140814615
13229,"Georgia","Pierce","sunflower",6.80684734465941
13229,"Georgia","Pierce","wheat",245.984629435131
13231,"Georgia","Pike","canola",0
13231,"Georgia","Pike","corn",0
13231,"Georgia","Pike","cotton",0
13231,"Georgia","Pike","grain sorghum",0
13231,"Georgia","Pike","oats",0
13231,"Georgia","Pike","soybeans",0
13231,"Georgia","Pike","wheat",0
13233,"Georgia","Polk","corn",0
13233,"Georgia","Polk","cotton",0
13233,"Georgia","Polk","soybeans",0
13233,"Georgia","Polk","sunflower",0
13233,"Georgia","Polk","wheat",0
13235,"Georgia","Pulaski","corn",3.73248845344635
13235,"Georgia","Pulaski","cotton",18.3139670854964
13235,"Georgia","Pulaski","grain sorghum",0.29588182081362
13235,"Georgia","Pulaski","oats",0.22315265223829
13235,"Georgia","Pulaski","peanuts",6.35776783070372
13235,"Georgia","Pulaski","soybeans",3.28619554633934
13235,"Georgia","Pulaski","wheat",4.25897994429389
13237,"Georgia","Putnam","corn",911.513306175243
13237,"Georgia","Putnam","cotton",97.707885060474
13237,"Georgia","Putnam","grain sorghum",179.293622639209
13237,"Georgia","Putnam","oats",871.160177310282
13237,"Georgia","Putnam","soybeans",115.750337445641
13237,"Georgia","Putnam","wheat",385.943671369152
13239,"Georgia","Quitman","corn",0
13239,"Georgia","Quitman","cotton",0
13239,"Georgia","Quitman","grain sorghum",0
13239,"Georgia","Quitman","peanuts",0
13239,"Georgia","Quitman","sesame",0
13239,"Georgia","Quitman","wheat",0
13241,"Georgia","Rabun","corn",35.7119711774696
13241,"Georgia","Rabun","grain sorghum",3.8856228697726
13241,"Georgia","Rabun","soybeans",2.43928995275782
13243,"Georgia","Randolph","corn",0
13243,"Georgia","Randolph","cotton",0
13243,"Georgia","Randolph","grain sorghum",0
13243,"Georgia","Randolph","oats",0
13243,"Georgia","Randolph","peanuts",0
13243,"Georgia","Randolph","sesame",0
13243,"Georgia","Randolph","soybeans",0
13243,"Georgia","Randolph","wheat",0
13245,"Georgia","Richmond","corn",0
13245,"Georgia","Richmond","oats",0
13245,"Georgia","Richmond","soybeans",0
13245,"Georgia","Richmond","wheat",0
13249,"Georgia","Schley","corn",0
13249,"Georgia","Schley","cotton",0
13249,"Georgia","Schley","grain sorghum",0
13249,"Georgia","Schley","oats",0
13249,"Georgia","Schley","peanuts",0
13249,"Georgia","Schley","soybeans",0
13249,"Georgia","Schley","wheat",0
13251,"Georgia","Screven","corn",0
13251,"Georgia","Screven","cotton",0
13251,"Georgia","Screven","dry peas",0
13251,"Georgia","Screven","grain sorghum",0
13251,"Georgia","Screven","oats",0
13251,"Georgia","Screven","peanuts",0
13251,"Georgia","Screven","soybeans",0
13251,"Georgia","Screven","sunflower",0
13251,"Georgia","Screven","wheat",0
13253,"Georgia","Seminole","corn",573.818109433139
13253,"Georgia","Seminole","cotton",1138.43860189051
13253,"Georgia","Seminole","grain sorghum",27.2257139484182
13253,"Georgia","Seminole","oats",58.4718441231989
13253,"Georgia","Seminole","peanuts",1002.1122299842
13253,"Georgia","Seminole","soybeans",80.8869433201445
13253,"Georgia","Seminole","sunflower",1.24016630814792
13253,"Georgia","Seminole","wheat",35.7268909922386
13255,"Georgia","Spalding","oats",0
13255,"Georgia","Spalding","soybeans",0
13255,"Georgia","Spalding","wheat",0
13257,"Georgia","Stephens","corn",0
13257,"Georgia","Stephens","wheat",0
13259,"Georgia","Stewart","corn",0
13259,"Georgia","Stewart","cotton",0
13259,"Georgia","Stewart","grain sorghum",0
13259,"Georgia","Stewart","oats",0
13259,"Georgia","Stewart","peanuts",0
13259,"Georgia","Stewart","soybeans",0
13259,"Georgia","Stewart","wheat",0
13261,"Georgia","Sumter","corn",0
13261,"Georgia","Sumter","cotton",0
13261,"Georgia","Sumter","grain sorghum",0
13261,"Georgia","Sumter","oats",0
13261,"Georgia","Sumter","peanuts",0
13261,"Georgia","Sumter","soybeans",0
13261,"Georgia","Sumter","sunflower",0
13261,"Georgia","Sumter","wheat",0
13263,"Georgia","Talbot","corn",0
13263,"Georgia","Talbot","cotton",0
13263,"Georgia","Talbot","grain sorghum",0
13263,"Georgia","Talbot","soybeans",0
13263,"Georgia","Talbot","wheat",0
13265,"Georgia","Taliaferro","wheat",0
13267,"Georgia","Tattnall","corn",427.260989358106
13267,"Georgia","Tattnall","cotton",811.589312891464
13267,"Georgia","Tattnall","grain sorghum",4.66961184502784
13267,"Georgia","Tattnall","oats",0.355497396216242
13267,"Georgia","Tattnall","peanuts",517.024982357312
13267,"Georgia","Tattnall","soybeans",163.2135910982
13267,"Georgia","Tattnall","sunflower",0.477266965535114
13267,"Georgia","Tattnall","wheat",23.2660814214729
13269,"Georgia","Taylor","corn",0
13269,"Georgia","Taylor","cotton",0
13269,"Georgia","Taylor","grain sorghum",0
13269,"Georgia","Taylor","oats",0
13269,"Georgia","Taylor","sesame",0
13269,"Georgia","Taylor","soybeans",0
13269,"Georgia","Taylor","wheat",0
13271,"Georgia","Telfair","corn",26.1334555806481
13271,"Georgia","Telfair","cotton",96.0915807733656
13271,"Georgia","Telfair","grain sorghum",4.28551371620687
13271,"Georgia","Telfair","oats",9.95624135425639
13271,"Georgia","Telfair","peanuts",52.947549658457
13271,"Georgia","Telfair","soybeans",6.53234842205711
13271,"Georgia","Telfair","sunflower",0.94520453818263
13271,"Georgia","Telfair","wheat",6.60617929015507
13273,"Georgia","Terrell","corn",0
13273,"Georgia","Terrell","cotton",0
13273,"Georgia","Terrell","grain sorghum",0
13273,"Georgia","Terrell","lentils",0
13273,"Georgia","Terrell","oats",0
13273,"Georgia","Terrell","peanuts",0
13273,"Georgia","Terrell","sesame",0
13273,"Georgia","Terrell","soybeans",0
13273,"Georgia","Terrell","sunflower",0
13273,"Georgia","Terrell","wheat",0
13275,"Georgia","Thomas","corn",0
13275,"Georgia","Thomas","cotton",0
13275,"Georgia","Thomas","grain sorghum",0
13275,"Georgia","Thomas","oats",0
13275,"Georgia","Thomas","peanuts",0
13275,"Georgia","Thomas","soybeans",0
13275,"Georgia","Thomas","wheat",0
13277,"Georgia","Tift","corn",679.39238048911
13277,"Georgia","Tift","cotton",3998.41253902266
13277,"Georgia","Tift","dry peas",0.489559828209334
13277,"Georgia","Tift","grain sorghum",101.307635939659
13277,"Georgia","Tift","oats",62.3924036733561
13277,"Georgia","Tift","peanuts",2458.20801628773
13277,"Georgia","Tift","sesame",0.607609715862649
13277,"Georgia","Tift","soybeans",50.8711686453325
13277,"Georgia","Tift","sunflower",1.38882220768605
13277,"Georgia","Tift","wheat",150.069530857069
13279,"Georgia","Toombs","corn",0
13279,"Georgia","Toombs","cotton",0
13279,"Georgia","Toombs","grain sorghum",0
13279,"Georgia","Toombs","oats",0
13279,"Georgia","Toombs","peanuts",0
13279,"Georgia","Toombs","soybeans",0
13279,"Georgia","Toombs","sunflower",0
13279,"Georgia","Toombs","wheat",0
13281,"Georgia","Towns","corn",0
13281,"Georgia","Towns","soybeans",0
13283,"Georgia","Treutlen","corn",0
13283,"Georgia","Treutlen","cotton",0
13283,"Georgia","Treutlen","grain sorghum",0
13283,"Georgia","Treutlen","oats",0
13283,"Georgia","Treutlen","peanuts",0
13283,"Georgia","Treutlen","soybeans",0
13283,"Georgia","Treutlen","wheat",0
13287,"Georgia","Turner","corn",201.820738825493
13287,"Georgia","Turner","cotton",1418.60223276713
13287,"Georgia","Turner","grain sorghum",69.6756667333247
13287,"Georgia","Turner","oats",54.8966450979025
13287,"Georgia","Turner","peanuts",893.264091526244
13287,"Georgia","Turner","sesame",3.59537137915466
13287,"Georgia","Turner","soybeans",9.2333062631793
13287,"Georgia","Turner","sunflower",2.16200818474444
13287,"Georgia","Turner","wheat",16.9375692228321
13289,"Georgia","Twiggs","corn",0
13289,"Georgia","Twiggs","cotton",0
13289,"Georgia","Twiggs","grain sorghum",0
13289,"Georgia","Twiggs","oats",0
13289,"Georgia","Twiggs","peanuts",0
13289,"Georgia","Twiggs","soybeans",0
13289,"Georgia","Twiggs","sunflower",0
13289,"Georgia","Twiggs","wheat",0
13291,"Georgia","Union","corn",0
13291,"Georgia","Union","grain sorghum",0
13291,"Georgia","Union","soybeans",0
13291,"Georgia","Union","wheat",0
13293,"Georgia","Upson","barley",0
13293,"Georgia","Upson","corn",0
13293,"Georgia","Upson","oats",0
13293,"Georgia","Upson","soybeans",0
13293,"Georgia","Upson","wheat",0
13295,"Georgia","Walker","corn",44.1811324620698
13295,"Georgia","Walker","cotton",5.23952398405703
13295,"Georgia","Walker","grain sorghum",0.0965096961438517
13295,"Georgia","Walker","soybeans",20.0430689959175
13295,"Georgia","Walker","sunflower",0.111486371523096
13295,"Georgia","Walker","wheat",6.8821118236212
13297,"Georgia","Walton","corn",0
13297,"Georgia","Walton","cotton",0
13297,"Georgia","Walton","grain sorghum",0
13297,"Georgia","Walton","oats",0
13297,"Georgia","Walton","soybeans",0
13297,"Georgia","Walton","wheat",0
13299,"Georgia","Ware","corn",57.670900190075
13299,"Georgia","Ware","cotton",533.377604743745
13299,"Georgia","Ware","oats",6.63193547402403
13299,"Georgia","Ware","peanuts",433.750067239241
13299,"Georgia","Ware","soybeans",17.7639125208301
13299,"Georgia","Ware","sunflower",2.37100558005169
13299,"Georgia","Ware","wheat",43.3110742520334
13301,"Georgia","Warren","corn",0
13301,"Georgia","Warren","cotton",0
13301,"Georgia","Warren","grain sorghum",0
13301,"Georgia","Warren","oats",0
13301,"Georgia","Warren","peanuts",0
13301,"Georgia","Warren","sesame",0
13301,"Georgia","Warren","soybeans",0
13301,"Georgia","Warren","sunflower",0
13301,"Georgia","Warren","wheat",0
13303,"Georgia","Washington","canola",0
13303,"Georgia","Washington","corn",0
13303,"Georgia","Washington","cotton",0
13303,"Georgia","Washington","grain sorghum",0
13303,"Georgia","Washington","oats",0
13303,"Georgia","Washington","peanuts",0
13303,"Georgia","Washington","sesame",0
13303,"Georgia","Washington","soybeans",0
13303,"Georgia","Washington","sunflower",0
13303,"Georgia","Washington","wheat",0
13305,"Georgia","Wayne","corn",1180.27746113084
13305,"Georgia","Wayne","cotton",2466.80311753783
13305,"Georgia","Wayne","grain sorghum",10.4944348192126
13305,"Georgia","Wayne","oats",16.4761252744795
13305,"Georgia","Wayne","peanuts",1360.70480067809
13305,"Georgia","Wayne","soybeans",77.2150425218804
13305,"Georgia","Wayne","sunflower",2.10552756191709
13305,"Georgia","Wayne","wheat",99.7958238090765
13307,"Georgia","Webster","corn",0
13307,"Georgia","Webster","cotton",0
13307,"Georgia","Webster","grain sorghum",0
13307,"Georgia","Webster","oats",0
13307,"Georgia","Webster","peanuts",0
13307,"Georgia","Webster","soybeans",0
13307,"Georgia","Webster","sunflower",0
13307,"Georgia","Webster","wheat",0
13309,"Georgia","Wheeler","corn",0
13309,"Georgia","Wheeler","cotton",0
13309,"Georgia","Wheeler","grain sorghum",0
13309,"Georgia","Wheeler","oats",0
13309,"Georgia","Wheeler","peanuts",0
13309,"Georgia","Wheeler","soybeans",0
13309,"Georgia","Wheeler","sunflower",0
13309,"Georgia","Wheeler","wheat",0
13311,"Georgia","White","corn",35.5184857401797
13311,"Georgia","White","oats",0.886326012776681
13311,"Georgia","White","soybeans",3.27746732611901
13311,"Georgia","White","wheat",2.65658758759136
13313,"Georgia","Whitfield","corn",0
13313,"Georgia","Whitfield","soybeans",0
13315,"Georgia","Wilcox","corn",408.949468909107
13315,"Georgia","Wilcox","cotton",3649.93826009131
13315,"Georgia","Wilcox","grain sorghum",117.355803838147
13315,"Georgia","Wilcox","oats",211.863025075595
13315,"Georgia","Wilcox","peanuts",2062.27308518585
13315,"Georgia","Wilcox","soybeans",117.525460436043
13315,"Georgia","Wilcox","sunflower",18.4572463457918
13315,"Georgia","Wilcox","wheat",295.536976784817
13317,"Georgia","Wilkes","corn",0
13317,"Georgia","Wilkes","cotton",0
13317,"Georgia","Wilkes","grain sorghum",0
13317,"Georgia","Wilkes","oats",0
13317,"Georgia","Wilkes","soybeans",0
13317,"Georgia","Wilkes","sunflower",0
13317,"Georgia","Wilkes","wheat",0
13319,"Georgia","Wilkinson","corn",0
13319,"Georgia","Wilkinson","cotton",0
13319,"Georgia","Wilkinson","oats",0
13319,"Georgia","Wilkinson","peanuts",0
13319,"Georgia","Wilkinson","soybeans",0
13319,"Georgia","Wilkinson","wheat",0
13321,"Georgia","Worth","corn",196.313776683541
13321,"Georgia","Worth","cotton",1523.14601511825
13321,"Georgia","Worth","dry peas",0.0851935686986777
13321,"Georgia","Worth","grain sorghum",12.9396784277791
13321,"Georgia","Worth","oats",2.13351319011707
13321,"Georgia","Worth","peanuts",852.104636482703
13321,"Georgia","Worth","sesame",7.06414422453349
13321,"Georgia","Worth","soybeans",27.1798366817435
13321,"Georgia","Worth","sunflower",0.542443425698612
13321,"Georgia","Worth","wheat",20.715242196927
14001,"Guam","Guam","corn",4.7164
15009,"Hawaii","Maui","corn",83.9117
16001,"Idaho","Ada","barley",0
16001,"Idaho","Ada","corn",0
16001,"Idaho","Ada","dry peas",0
16001,"Idaho","Ada","grain sorghum",0
16001,"Idaho","Ada","mustard",0
16001,"Idaho","Ada","oats",0
16001,"Idaho","Ada","sunflower",0
16001,"Idaho","Ada","wheat",0
16003,"Idaho","Adams","barley",0
16003,"Idaho","Adams","corn",0
16003,"Idaho","Adams","oats",0
16003,"Idaho","Adams","wheat",0
16005,"Idaho","Bannock","barley",0
16005,"Idaho","Bannock","canola",0
16005,"Idaho","Bannock","corn",0
16005,"Idaho","Bannock","dry peas",0
16005,"Idaho","Bannock","mustard",0
16005,"Idaho","Bannock","oats",0
16005,"Idaho","Bannock","safflower",0
16005,"Idaho","Bannock","wheat",0
16007,"Idaho","Bear Lake","barley",0
16007,"Idaho","Bear Lake","mustard",0
16007,"Idaho","Bear Lake","oats",0
16007,"Idaho","Bear Lake","safflower",0
16007,"Idaho","Bear Lake","wheat",0
16009,"Idaho","Benewah, South Shoshone","barley",2015.20934794573
16009,"Idaho","Benewah, South Shoshone","canola",1558.00803598884
16009,"Idaho","Benewah, South Shoshone","dry peas",9179.15405728625
16009,"Idaho","Benewah, South Shoshone","lentils",6446.40164489753
16009,"Idaho","Benewah, South Shoshone","oats",578.153910685386
16009,"Idaho","Benewah, South Shoshone","sunflower",18.6340968205432
16009,"Idaho","Benewah, South Shoshone","wheat",37773.2469063757
16011,"Idaho","Bingham","barley",4305.5083421641
16011,"Idaho","Bingham","canola",164.28041626302
16011,"Idaho","Bingham","corn",2211.11313159117
16011,"Idaho","Bingham","flaxseed",0.34542084573074
16011,"Idaho","Bingham","mustard",25.2092043638962
16011,"Idaho","Bingham","oats",141.659044046511
16011,"Idaho","Bingham","soybeans",0.868983259699974
16011,"Idaho","Bingham","wheat",24413.6506241325
16013,"Idaho","Blaine","barley",0
16013,"Idaho","Blaine","mustard",0
16013,"Idaho","Blaine","wheat",0
16015,"Idaho","Boise","wheat",205.75
16017,"Idaho","Bonner","barley",251.677713332382
16017,"Idaho","Bonner","canola",100.078067158335
16017,"Idaho","Bonner","dry peas",30.7734431339481
16017,"Idaho","Bonner","oats",434.848327082633
16017,"Idaho","Bonner","wheat",215.87161595937
16019,"Idaho","Bonneville","barley",0
16019,"Idaho","Bonneville","canola",0
16019,"Idaho","Bonneville","corn",0
16019,"Idaho","Bonneville","dry peas",0
16019,"Idaho","Bonneville","flaxseed",0
16019,"Idaho","Bonneville","mustard",0
16019,"Idaho","Bonneville","oats",0
16019,"Idaho","Bonneville","safflower",0
16019,"Idaho","Bonneville","wheat",0
16021,"Idaho","Boundary","barley",0
16021,"Idaho","Boundary","canola",0
16021,"Idaho","Boundary","corn",0
16021,"Idaho","Boundary","dry peas",0
16021,"Idaho","Boundary","mustard",0
16021,"Idaho","Boundary","oats",0
16021,"Idaho","Boundary","wheat",0
16023,"Idaho","Butte","barley",0
16023,"Idaho","Butte","corn",0
16023,"Idaho","Butte","oats",0
16023,"Idaho","Butte","wheat",0
16025,"Idaho","Camas","barley",0
16025,"Idaho","Camas","canola",0
16025,"Idaho","Camas","corn",0
16025,"Idaho","Camas","mustard",0
16025,"Idaho","Camas","oats",0
16025,"Idaho","Camas","wheat",0
16027,"Idaho","Canyon","barley",208.892977300953
16027,"Idaho","Canyon","corn",10836.8524719592
16027,"Idaho","Canyon","dry peas",10.6483379834151
16027,"Idaho","Canyon","grain sorghum",23.8704732309496
16027,"Idaho","Canyon","mustard",7.37273204669562
16027,"Idaho","Canyon","oats",105.082156718964
16027,"Idaho","Canyon","safflower",0.224459063731346
16027,"Idaho","Canyon","soybeans",1.79567250985077
16027,"Idaho","Canyon","sunflower",4.48992947150603
16027,"Idaho","Canyon","wheat",7909.40468971472
16029,"Idaho","Caribou","barley",0
16029,"Idaho","Caribou","canola",0
16029,"Idaho","Caribou","corn",0
16029,"Idaho","Caribou","dry peas",0
16029,"Idaho","Caribou","flaxseed",0
16029,"Idaho","Caribou","grain sorghum",0
16029,"Idaho","Caribou","mustard",0
16029,"Idaho","Caribou","oats",0
16029,"Idaho","Caribou","safflower",0
16029,"Idaho","Caribou","sunflower",0
16029,"Idaho","Caribou","wheat",0
16031,"Idaho","Cassia","barley",1791.13340606117
16031,"Idaho","Cassia","canola",44.0638772337917
16031,"Idaho","Cassia","corn",2151.87673756369
16031,"Idaho","Cassia","mustard",60.2073179769898
16031,"Idaho","Cassia","oats",140.791065991429
16031,"Idaho","Cassia","safflower",116.111511929247
16031,"Idaho","Cassia","wheat",3251.61174991035
16033,"Idaho","Clark","barley",0
16033,"Idaho","Clark","corn",0
16033,"Idaho","Clark","oats",0
16033,"Idaho","Clark","wheat",0
16035,"Idaho","Clearwater","barley",0
16035,"Idaho","Clearwater","canola",0
16035,"Idaho","Clearwater","dry peas",0
16035,"Idaho","Clearwater","lentils",0
16035,"Idaho","Clearwater","mustard",0
16035,"Idaho","Clearwater","oats",0
16035,"Idaho","Clearwater","wheat",0
16039,"Idaho","Elmore","barley",1709.53967134825
16039,"Idaho","Elmore","corn",13521.4356356121
16039,"Idaho","Elmore","dry peas",195.948470970047
16039,"Idaho","Elmore","oats",327.062609555407
16039,"Idaho","Elmore","safflower",339.537094122048
16039,"Idaho","Elmore","sunflower",657.610141632513
16039,"Idaho","Elmore","wheat",9448.52654342627
16041,"Idaho","Franklin","barley",0
16041,"Idaho","Franklin","canola",0
16041,"Idaho","Franklin","chickpeas_large",0
16041,"Idaho","Franklin","corn",0
16041,"Idaho","Franklin","dry peas",0
16041,"Idaho","Franklin","flaxseed",0
16041,"Idaho","Franklin","mustard",0
16041,"Idaho","Franklin","oats",0
16041,"Idaho","Franklin","rapeseed",0
16041,"Idaho","Franklin","safflower",0
16041,"Idaho","Franklin","wheat",0
16043,"Idaho","Fremont","barley",6666.51177360348
16043,"Idaho","Fremont","canola",39.1051792330024
16043,"Idaho","Fremont","corn",76.2490837876179
16043,"Idaho","Fremont","flaxseed",23.9485934997184
16043,"Idaho","Fremont","lentils",4.00812859068711
16043,"Idaho","Fremont","mustard",62.1458777423536
16043,"Idaho","Fremont","oats",34.4749399524923
16043,"Idaho","Fremont","wheat",3992.47242359068
16045,"Idaho","Gem","barley",0
16045,"Idaho","Gem","canola",0
16045,"Idaho","Gem","corn",0
16045,"Idaho","Gem","oats",0
16045,"Idaho","Gem","wheat",0
16047,"Idaho","Gooding","barley",694.496749795635
16047,"Idaho","Gooding","corn",13369.0668390892
16047,"Idaho","Gooding","oats",167.75036627888
16047,"Idaho","Gooding","wheat",1031.97304483627
16049,"Idaho","Idaho","barley",0
16049,"Idaho","Idaho","canola",0
16049,"Idaho","Idaho","corn",0
16049,"Idaho","Idaho","dry peas",0
16049,"Idaho","Idaho","grain sorghum",0
16049,"Idaho","Idaho","lentils",0
16049,"Idaho","Idaho","mustard",0
16049,"Idaho","Idaho","oats",0
16049,"Idaho","Idaho","sunflower",0
16049,"Idaho","Idaho","wheat",0
16051,"Idaho","Jefferson","barley",0
16051,"Idaho","Jefferson","canola",0
16051,"Idaho","Jefferson","corn",0
16051,"Idaho","Jefferson","dry peas",0
16051,"Idaho","Jefferson","grain sorghum",0
16051,"Idaho","Jefferson","mustard",0
16051,"Idaho","Jefferson","oats",0
16051,"Idaho","Jefferson","soybeans",0
16051,"Idaho","Jefferson","sunflower",0
16051,"Idaho","Jefferson","wheat",0
16053,"Idaho","Jerome","barley",8435.10314138104
16053,"Idaho","Jerome","canola",9.736144328186
16053,"Idaho","Jerome","corn",15107.5689475795
16053,"Idaho","Jerome","oats",245.832138550134
16053,"Idaho","Jerome","wheat",3073.8579281611
16055,"Idaho","Kootenai, North Shoshone","barley",532.840046613001
16055,"Idaho","Kootenai, North Shoshone","canola",1685.40998744146
16055,"Idaho","Kootenai, North Shoshone","corn",3.27227646004742
16055,"Idaho","Kootenai, North Shoshone","dry peas",971.863927116442
16055,"Idaho","Kootenai, North Shoshone","lentils",1110.50373617573
16055,"Idaho","Kootenai, North Shoshone","oats",614.865109878189
16055,"Idaho","Kootenai, North Shoshone","rapeseed",214.62861301451
16055,"Idaho","Kootenai, North Shoshone","wheat",11487.8588033006
16057,"Idaho","Latah","barley",0
16057,"Idaho","Latah","canola",0
16057,"Idaho","Latah","corn",0
16057,"Idaho","Latah","dry peas",0
16057,"Idaho","Latah","flaxseed",0
16057,"Idaho","Latah","lentils",0
16057,"Idaho","Latah","mustard",0
16057,"Idaho","Latah","oats",0
16057,"Idaho","Latah","rapeseed",0
16057,"Idaho","Latah","soybeans",0
16057,"Idaho","Latah","wheat",0
16059,"Idaho","Lemhi, North Custer","barley",1171.96131900026
16059,"Idaho","Lemhi, North Custer","corn",314.36162106029
16059,"Idaho","Lemhi, North Custer","oats",225.389025840561
16059,"Idaho","Lemhi, North Custer","wheat",2717.51203409888
16061,"Idaho","Lewis","barley",0
16061,"Idaho","Lewis","canola",0
16061,"Idaho","Lewis","corn",0
16061,"Idaho","Lewis","dry peas",0
16061,"Idaho","Lewis","flaxseed",0
16061,"Idaho","Lewis","lentils",0
16061,"Idaho","Lewis","mustard",0
16061,"Idaho","Lewis","oats",0
16061,"Idaho","Lewis","wheat",0
16063,"Idaho","Lincoln","barley",6.41997566418556
16063,"Idaho","Lincoln","corn",20.8973468230875
16063,"Idaho","Lincoln","oats",1.51608374825656
16063,"Idaho","Lincoln","wheat",7.34592709780023
16065,"Idaho","Madison","barley",9256.02310289828
16065,"Idaho","Madison","chickpeas_large",10.7242486044163
16065,"Idaho","Madison","chickpeas_small",34.5515613412025
16065,"Idaho","Madison","corn",172.189044639452
16065,"Idaho","Madison","dry peas",1.20898649260193
16065,"Idaho","Madison","lentils",83.4567781057052
16065,"Idaho","Madison","mustard",107.447573226511
16065,"Idaho","Madison","oats",34.5221932482648
16065,"Idaho","Madison","wheat",10040.0802114436
16067,"Idaho","Minidoka","barley",1656.3614874047
16067,"Idaho","Minidoka","canola",15.4776207879638
16067,"Idaho","Minidoka","chickpeas_large",0.906710873151051
16067,"Idaho","Minidoka","corn",408.794899073053
16067,"Idaho","Minidoka","dry peas",0.906379956773988
16067,"Idaho","Minidoka","oats",34.7420500452039
16067,"Idaho","Minidoka","wheat",860.06245185914
16069,"Idaho","Nez Perce","barley",0
16069,"Idaho","Nez Perce","canola",0
16069,"Idaho","Nez Perce","chickpeas_large",0
16069,"Idaho","Nez Perce","chickpeas_small",0
16069,"Idaho","Nez Perce","dry peas",0
16069,"Idaho","Nez Perce","flaxseed",0
16069,"Idaho","Nez Perce","lentils",0
16069,"Idaho","Nez Perce","mustard",0
16069,"Idaho","Nez Perce","oats",0
16069,"Idaho","Nez Perce","wheat",0
16071,"Idaho","Oneida","barley",0
16071,"Idaho","Oneida","canola",0
16071,"Idaho","Oneida","corn",0
16071,"Idaho","Oneida","mustard",0
16071,"Idaho","Oneida","oats",0
16071,"Idaho","Oneida","safflower",0
16071,"Idaho","Oneida","sunflower",0
16071,"Idaho","Oneida","wheat",0
16073,"Idaho","Owyhee","barley",48.9824465161708
16073,"Idaho","Owyhee","corn",3599.84218799615
16073,"Idaho","Owyhee","grain sorghum",17.1674783307003
16073,"Idaho","Owyhee","oats",70.8434147509762
16073,"Idaho","Owyhee","sunflower",298.280332083374
16073,"Idaho","Owyhee","wheat",1310.59680698929
16075,"Idaho","Payette","barley",0
16075,"Idaho","Payette","corn",0
16075,"Idaho","Payette","mustard",0
16075,"Idaho","Payette","oats",0
16075,"Idaho","Payette","sunflower",0
16075,"Idaho","Payette","wheat",0
16077,"Idaho","Power","barley",0
16077,"Idaho","Power","canola",0
16077,"Idaho","Power","chickpeas_small",0
16077,"Idaho","Power","corn",0
16077,"Idaho","Power","dry peas",0
16077,"Idaho","Power","flaxseed",0
16077,"Idaho","Power","grain sorghum",0
16077,"Idaho","Power","lentils",0
16077,"Idaho","Power","mustard",0
16077,"Idaho","Power","oats",0
16077,"Idaho","Power","rapeseed",0
16077,"Idaho","Power","safflower",0
16077,"Idaho","Power","sunflower",0
16077,"Idaho","Power","wheat",0
16037,"Idaho","South Custer","barley",1984.14461391133
16037,"Idaho","South Custer","corn",119.936696292444
16037,"Idaho","South Custer","oats",460.868319923414
16037,"Idaho","South Custer","wheat",217.259119872816
16081,"Idaho","Teton","barley",0
16081,"Idaho","Teton","dry peas",0
16081,"Idaho","Teton","mustard",0
16081,"Idaho","Teton","oats",0
16081,"Idaho","Teton","wheat",0
16083,"Idaho","Twin Falls","barley",5968.46267191882
16083,"Idaho","Twin Falls","chickpeas_small",3.51813145195231
16083,"Idaho","Twin Falls","corn",10800.8464842829
16083,"Idaho","Twin Falls","dry peas",3.49807368996855
16083,"Idaho","Twin Falls","grain sorghum",2.60149172929427
16083,"Idaho","Twin Falls","oats",278.975388327389
16083,"Idaho","Twin Falls","wheat",4445.84747193303
16085,"Idaho","Valley","corn",0
16085,"Idaho","Valley","oats",0
16085,"Idaho","Valley","wheat",0
16087,"Idaho","Washington","barley",0
16087,"Idaho","Washington","corn",0
16087,"Idaho","Washington","dry peas",0
16087,"Idaho","Washington","oats",0
16087,"Idaho","Washington","wheat",0
17001,"Illinois","Adams","barley",0.481165621869264
17001,"Illinois","Adams","corn",6925.58077680825
17001,"Illinois","Adams","grain sorghum",0.786320859258751
17001,"Illinois","Adams","oats",29.9036735341798
17001,"Illinois","Adams","soybeans",6448.31750436547
17001,"Illinois","Adams","sunflower",0.402831858628948
17001,"Illinois","Adams","wheat",241.173393618914
17003,"Illinois","Alexander","corn",72.455245330993
17003,"Illinois","Alexander","rice_long grain",18.2266261061917
17003,"Illinois","Alexander","rice_short/medium grain",4.39017835046054
17003,"Illinois","Alexander","soybeans",346.761372852805
17003,"Illinois","Alexander","wheat",15.7925773595465
17005,"Illinois","Bond","barley",2.57455451303216
17005,"Illinois","Bond","corn",6442.30030530257
17005,"Illinois","Bond","grain sorghum",10.8317605992373
17005,"Illinois","Bond","oats",1.7742406923692
17005,"Illinois","Bond","soybeans",7392.57582872054
17005,"Illinois","Bond","sunflower",1.11648718191252
17005,"Illinois","Bond","wheat",1370.31115632367
17007,"Illinois","Boone","barley",0.0830152966924881
17007,"Illinois","Boone","corn",314.375906817653
17007,"Illinois","Boone","dry peas",1.04663131753068
17007,"Illinois","Boone","oats",0.86629654994638
17007,"Illinois","Boone","soybeans",217.817700245256
17007,"Illinois","Boone","sunflower",0.0090199312752415
17007,"Illinois","Boone","wheat",10.1902298416758
17009,"Illinois","Brown","corn",521.736246986416
17009,"Illinois","Brown","oats",0.245753734370901
17009,"Illinois","Brown","soybeans",511.966491421747
17009,"Illinois","Brown","sunflower",0.110171331096484
17009,"Illinois","Brown","wheat",11.4563365263834
17011,"Illinois","Bureau","barley",0
17011,"Illinois","Bureau","corn",0
17011,"Illinois","Bureau","dry peas",0
17011,"Illinois","Bureau","grain sorghum",0
17011,"Illinois","Bureau","oats",0
17011,"Illinois","Bureau","soybeans",0
17011,"Illinois","Bureau","sunflower",0
17011,"Illinois","Bureau","wheat",0
17013,"Illinois","Calhoun","corn",0
17013,"Illinois","Calhoun","grain sorghum",0
17013,"Illinois","Calhoun","oats",0
17013,"Illinois","Calhoun","soybeans",0
17013,"Illinois","Calhoun","sunflower",0
17013,"Illinois","Calhoun","wheat",0
17015,"Illinois","Carroll","barley",0.072216169062933
17015,"Illinois","Carroll","corn",4339.57035499072
17015,"Illinois","Carroll","grain sorghum",0.157431248557194
17015,"Illinois","Carroll","oats",21.255471699696
17015,"Illinois","Carroll","soybeans",1584.93149770856
17015,"Illinois","Carroll","wheat",45.0520281834431
17017,"Illinois","Cass","barley",1.63758748183391
17017,"Illinois","Cass","corn",2562.59957508804
17017,"Illinois","Cass","oats",0.458561811756986
17017,"Illinois","Cass","soybeans",1900.91720863407
17017,"Illinois","Cass","sunflower",5.45404326032895
17017,"Illinois","Cass","wheat",29.7628570573204
17019,"Illinois","Champaign","barley",0.348809114818964
17019,"Illinois","Champaign","corn",3246.39513975035
17019,"Illinois","Champaign","flaxseed",0.0510378045269067
17019,"Illinois","Champaign","grain sorghum",0.156617501652717
17019,"Illinois","Champaign","oats",2.23118999193
17019,"Illinois","Champaign","soybeans",3117.7373687699
17019,"Illinois","Champaign","sunflower",0.571674194586457
17019,"Illinois","Champaign","wheat",43.0330962055688
17021,"Illinois","Christian","barley",0.00989516823350846
17021,"Illinois","Christian","corn",622.682110903945
17021,"Illinois","Christian","grain sorghum",0.127185895694695
17021,"Illinois","Christian","oats",0.687476708191234
17021,"Illinois","Christian","soybeans",582.647685135396
17021,"Illinois","Christian","sunflower",0.0977312782529519
17021,"Illinois","Christian","wheat",7.95574824363491
17023,"Illinois","Clark","barley",0
17023,"Illinois","Clark","corn",0
17023,"Illinois","Clark","grain sorghum",0
17023,"Illinois","Clark","oats",0
17023,"Illinois","Clark","soybeans",0
17023,"Illinois","Clark","sunflower",0
17023,"Illinois","Clark","wheat",0
17025,"Illinois","Clay","barley",2.56097042248534
17025,"Illinois","Clay","corn",4687.0221412614
17025,"Illinois","Clay","grain sorghum",7.32095232903049
17025,"Illinois","Clay","oats",0.859890192599347
17025,"Illinois","Clay","soybeans",7092.81639290908
17025,"Illinois","Clay","wheat",1054.8146528854
17027,"Illinois","Clinton","barley",5.36658546154876
17027,"Illinois","Clinton","corn",7830.34939231981
17027,"Illinois","Clinton","grain sorghum",12.9082156390482
17027,"Illinois","Clinton","oats",3.09721622056034
17027,"Illinois","Clinton","soybeans",8573.92246256697
17027,"Illinois","Clinton","sunflower",0.712864980287901
17027,"Illinois","Clinton","wheat",2637.5100961451
17029,"Illinois","Coles","barley",0.516545101668824
17029,"Illinois","Coles","corn",781.560191591918
17029,"Illinois","Coles","oats",0.0321541804980523
17029,"Illinois","Coles","soybeans",790.693257754103
17029,"Illinois","Coles","wheat",8.09685137181621
17031,"Illinois","Cook","corn",0
17031,"Illinois","Cook","oats",0
17031,"Illinois","Cook","soybeans",0
17031,"Illinois","Cook","sunflower",0
17031,"Illinois","Cook","wheat",0
17033,"Illinois","Crawford","corn",1203.02134015275
17033,"Illinois","Crawford","grain sorghum",5.12408052524472
17033,"Illinois","Crawford","oats",0.224146128635308
17033,"Illinois","Crawford","soybeans",1374.70199819668
17033,"Illinois","Crawford","sunflower",0.0671377518495209
17033,"Illinois","Crawford","wheat",92.2306305781423
17035,"Illinois","Cumberland","barley",0.149772512829866
17035,"Illinois","Cumberland","corn",945.058175647408
17035,"Illinois","Cumberland","grain sorghum",0.762761453339941
17035,"Illinois","Cumberland","oats",0.273394744919637
17035,"Illinois","Cumberland","soybeans",1084.10083588563
17035,"Illinois","Cumberland","sunflower",0.0623053653372242
17035,"Illinois","Cumberland","wheat",33.3680877238889
17037,"Illinois","DeKalb","barley",0.154378067582533
17037,"Illinois","DeKalb","corn",1930.47159024644
17037,"Illinois","DeKalb","dry peas",1.33255917490758
17037,"Illinois","DeKalb","mustard",0.295275233488845
17037,"Illinois","DeKalb","oats",37.886427875792
17037,"Illinois","DeKalb","soybeans",1224.60014145647
17037,"Illinois","DeKalb","sunflower",0.00661620289639428
17037,"Illinois","DeKalb","wheat",53.0953450758155
17039,"Illinois","DeWitt","corn",97052.8218093863
17039,"Illinois","DeWitt","oats",29.9233952429376
17039,"Illinois","DeWitt","soybeans",94667.8921928494
17039,"Illinois","DeWitt","wheat",681.563102521337
17041,"Illinois","Douglas","barley",0.288147230865758
17041,"Illinois","Douglas","corn",1013.06070891326
17041,"Illinois","Douglas","oats",0.273772318334955
17041,"Illinois","Douglas","soybeans",1010.37923609306
17041,"Illinois","Douglas","wheat",12.0483021111307
17043,"Illinois","DuPage","corn",0
17043,"Illinois","DuPage","soybeans",0
17043,"Illinois","DuPage","wheat",0
17045,"Illinois","Edgar","barley",0.360881171860537
17045,"Illinois","Edgar","corn",1148.64886995608
17045,"Illinois","Edgar","grain sorghum",1.66684871082253
17045,"Illinois","Edgar","oats",0.348105854929791
17045,"Illinois","Edgar","soybeans",1169.48891431657
17045,"Illinois","Edgar","sunflower",0.201089230205412
17045,"Illinois","Edgar","wheat",8.91229075950718
17047,"Illinois","Edwards","canola",24.5384288247685
17047,"Illinois","Edwards","corn",2708.6522361204
17047,"Illinois","Edwards","grain sorghum",8.5475104502298
17047,"Illinois","Edwards","oats",2.77554342933776
17047,"Illinois","Edwards","soybeans",3215.11583210993
17047,"Illinois","Edwards","wheat",439.25994906532
17049,"Illinois","Effingham","barley",0.417073473851627
17049,"Illinois","Effingham","corn",2013.50989682338
17049,"Illinois","Effingham","grain sorghum",0.439898016795083
17049,"Illinois","Effingham","oats",0.481793066013662
17049,"Illinois","Effingham","soybeans",2328.82073159133
17049,"Illinois","Effingham","sunflower",0.124018355374999
17049,"Illinois","Effingham","wheat",167.459422006624
17051,"Illinois","Fayette","corn",3905.83139344537
17051,"Illinois","Fayette","grain sorghum",8.94427405261696
17051,"Illinois","Fayette","oats",0.955711195867662
17051,"Illinois","Fayette","rice_short/medium grain",0.126915098412884
17051,"Illinois","Fayette","soybeans",5001.95321821726
17051,"Illinois","Fayette","sunflower",0.493011150909199
17051,"Illinois","Fayette","wheat",416.721810172904
17053,"Illinois","Ford","barley",0.146092292792003
17053,"Illinois","Ford","corn",1213.48192351643
17053,"Illinois","Ford","dry peas",0.707746173293922
17053,"Illinois","Ford","oats",0.917514555082163
17053,"Illinois","Ford","soybeans",1186.69343317703
17053,"Illinois","Ford","sunflower",0.386205738280551
17053,"Illinois","Ford","wheat",17.4877512137296
17055,"Illinois","Franklin","corn",6254.72139989488
17055,"Illinois","Franklin","grain sorghum",93.9455509208323
17055,"Illinois","Franklin","soybeans",14355.7647947344
17055,"Illinois","Franklin","sunflower",2.12789526429334
17055,"Illinois","Franklin","wheat",3430.10814585222
17057,"Illinois","Fulton","barley",0.287517735780353
17057,"Illinois","Fulton","corn",2456.18080475476
17057,"Illinois","Fulton","oats",1.71455061920121
17057,"Illinois","Fulton","soybeans",2304.82631843332
17057,"Illinois","Fulton","sunflower",0.393245945355245
17057,"Illinois","Fulton","wheat",22.5280425115393
17059,"Illinois","Gallatin","canola",18.2888777183613
17059,"Illinois","Gallatin","corn",2879.15025631263
17059,"Illinois","Gallatin","grain sorghum",6.43212632917132
17059,"Illinois","Gallatin","soybeans",3572.25182947438
17059,"Illinois","Gallatin","sunflower",0.112524559957166
17059,"Illinois","Gallatin","wheat",298.141052272152
17061,"Illinois","Greene","corn",4201.6333441895
17061,"Illinois","Greene","grain sorghum",5.385131843854
17061,"Illinois","Greene","oats",2.46557093132571
17061,"Illinois","Greene","soybeans",4218.89648522203
17061,"Illinois","Greene","sunflower",0.286178639784905
17061,"Illinois","Greene","wheat",96.2621225068808
17063,"Illinois","Grundy","canola",0
17063,"Illinois","Grundy","corn",0
17063,"Illinois","Grundy","dry peas",0
17063,"Illinois","Grundy","grain sorghum",0
17063,"Illinois","Grundy","oats",0
17063,"Illinois","Grundy","soybeans",0
17063,"Illinois","Grundy","sunflower",0
17063,"Illinois","Grundy","wheat",0
17065,"Illinois","Hamilton","barley",2.26296792200984
17065,"Illinois","Hamilton","corn",5966.08829740796
17065,"Illinois","Hamilton","grain sorghum",29.7615575739408
17065,"Illinois","Hamilton","oats",15.6539248917011
17065,"Illinois","Hamilton","soybeans",7864.21812273523
17065,"Illinois","Hamilton","sunflower",0.251002588780724
17065,"Illinois","Hamilton","wheat",1584.19796021375
17067,"Illinois","Hancock","corn",5459.74889467586
17067,"Illinois","Hancock","oats",3.40667404764094
17067,"Illinois","Hancock","soybeans",5200.92350623076
17067,"Illinois","Hancock","sunflower",0.0649302550376292
17067,"Illinois","Hancock","wheat",70.5983281240025
17069,"Illinois","Hardin","corn",175.129336668075
17069,"Illinois","Hardin","grain sorghum",23.9573338449915
17069,"Illinois","Hardin","soybeans",522.485175949947
17069,"Illinois","Hardin","wheat",13.3981535369858
17071,"Illinois","Henderson","corn",1744.89837016227
17071,"Illinois","Henderson","dry peas",2.69997279898906
17071,"Illinois","Henderson","oats",2.46670996890419
17071,"Illinois","Henderson","soybeans",1069.86323052878
17071,"Illinois","Henderson","wheat",9.66321654109538
17073,"Illinois","Henry","barley",0.387467849167014
17073,"Illinois","Henry","corn",4659.61926244709
17073,"Illinois","Henry","dry peas",3.74028832714326
17073,"Illinois","Henry","grain sorghum",0.698801664813492
17073,"Illinois","Henry","oats",10.2718134675069
17073,"Illinois","Henry","soybeans",3626.97380330135
17073,"Illinois","Henry","sunflower",0.62557703900249
17073,"Illinois","Henry","wheat",24.294152570593
17075,"Illinois","Iroquois","barley",0.0722808906400847
17075,"Illinois","Iroquois","corn",5671.39461890428
17075,"Illinois","Iroquois","grain sorghum",0.360500942067423
17075,"Illinois","Iroquois","oats",6.1732578864524
17075,"Illinois","Iroquois","soybeans",5197.4940523586
17075,"Illinois","Iroquois","sunflower",0.853781880240681
17075,"Illinois","Iroquois","wheat",118.875140471176
17077,"Illinois","Jackson","corn",5141.9556333188
17077,"Illinois","Jackson","grain sorghum",46.2870397877223
17077,"Illinois","Jackson","soybeans",13957.1271066697
17077,"Illinois","Jackson","sunflower",6.30712936364272
17077,"Illinois","Jackson","wheat",2903.39159086009
17079,"Illinois","Jasper","barley",3.14015443110578
17079,"Illinois","Jasper","corn",1633.47016280526
17079,"Illinois","Jasper","grain sorghum",0.395726880318009
17079,"Illinois","Jasper","oats",0.0773731726156847
17079,"Illinois","Jasper","soybeans",1990.00802316157
17079,"Illinois","Jasper","sunflower",0.0167716414629374
17079,"Illinois","Jasper","wheat",106.137454574356
17081,"Illinois","Jefferson","barley",14.361731085329
17081,"Illinois","Jefferson","corn",7742.10155390917
17081,"Illinois","Jefferson","grain sorghum",134.066906340092
17081,"Illinois","Jefferson","oats",3.39012807302832
17081,"Illinois","Jefferson","soybeans",16001.1318741756
17081,"Illinois","Jefferson","sunflower",2.49589688618786
17081,"Illinois","Jefferson","wheat",3697.15140953058
17083,"Illinois","Jersey","corn",0
17083,"Illinois","Jersey","grain sorghum",0
17083,"Illinois","Jersey","oats",0
17083,"Illinois","Jersey","soybeans",0
17083,"Illinois","Jersey","wheat",0
17085,"Illinois","Jo Daviess","barley",6.56456272698063
17085,"Illinois","Jo Daviess","corn",9409.59064009498
17085,"Illinois","Jo Daviess","dry peas",1.98333193082558
17085,"Illinois","Jo Daviess","grain sorghum",2.06454595385507
17085,"Illinois","Jo Daviess","oats",319.621539625457
17085,"Illinois","Jo Daviess","soybeans",4295.17107028049
17085,"Illinois","Jo Daviess","sunflower",0.0655411413922245
17085,"Illinois","Jo Daviess","wheat",79.3997682460296
17087,"Illinois","Johnson","corn",1067.64659696622
17087,"Illinois","Johnson","grain sorghum",44.9010443148476
17087,"Illinois","Johnson","soybeans",3336.32233199157
17087,"Illinois","Johnson","sunflower",2.49759334788959
17087,"Illinois","Johnson","wheat",269.801600046138
17089,"Illinois","Kane","barley",0
17089,"Illinois","Kane","corn",0
17089,"Illinois","Kane","dry peas",0
17089,"Illinois","Kane","grain sorghum",0
17089,"Illinois","Kane","mustard",0
17089,"Illinois","Kane","oats",0
17089,"Illinois","Kane","soybeans",0
17089,"Illinois","Kane","sunflower",0
17089,"Illinois","Kane","wheat",0
17091,"Illinois","Kankakee","barley",0.229415596322602
17091,"Illinois","Kankakee","corn",2531.5861328876
17091,"Illinois","Kankakee","oats",2.04557558103375
17091,"Illinois","Kankakee","soybeans",1911.33842908916
17091,"Illinois","Kankakee","sunflower",0.0969406613516155
17091,"Illinois","Kankakee","wheat",66.4148128510797
17093,"Illinois","Kendall","corn",89.0731683564248
17093,"Illinois","Kendall","grain sorghum",0.00125683138210052
17093,"Illinois","Kendall","oats",0.0674491129518068
17093,"Illinois","Kendall","soybeans",71.8421483592787
17093,"Illinois","Kendall","sunflower",0.014277604500662
17093,"Illinois","Kendall","wheat",1.33303306879728
17095,"Illinois","Knox","corn",5459.71190444445
17095,"Illinois","Knox","grain sorghum",8.75427046376208
17095,"Illinois","Knox","oats",6.47555020465058
17095,"Illinois","Knox","soybeans",4691.34440255091
17095,"Illinois","Knox","sunflower",1.03170626304192
17095,"Illinois","Knox","wheat",20.3456660730299
17099,"Illinois","La Salle","barley",0.229560911077028
17099,"Illinois","La Salle","canola",0.496155119544333
17099,"Illinois","La Salle","corn",4176.46953847269
17099,"Illinois","La Salle","grain sorghum",0.491715677131769
17099,"Illinois","La Salle","oats",4.75316300971853
17099,"Illinois","La Salle","soybeans",3780.28915644327
17099,"Illinois","La Salle","sunflower",2.02377863689328
17099,"Illinois","La Salle","wheat",50.9450983962296
17097,"Illinois","Lake","barley",0
17097,"Illinois","Lake","corn",0
17097,"Illinois","Lake","oats",0
17097,"Illinois","Lake","soybeans",0
17097,"Illinois","Lake","sunflower",0
17097,"Illinois","Lake","wheat",0
17101,"Illinois","Lawrence","barley",0.485008179121531
17101,"Illinois","Lawrence","canola",3.4393589702285
17101,"Illinois","Lawrence","corn",1755.07172793173
17101,"Illinois","Lawrence","grain sorghum",4.63775625395326
17101,"Illinois","Lawrence","soybeans",2042.63850349635
17101,"Illinois","Lawrence","wheat",213.463645168621
17103,"Illinois","Lee","corn",3470.72191083804
17103,"Illinois","Lee","dry peas",0.530788499480768
17103,"Illinois","Lee","oats",7.11279421148962
17103,"Illinois","Lee","soybeans",1990.50215794128
17103,"Illinois","Lee","sunflower",0.150378831899039
17103,"Illinois","Lee","wheat",19.5989696778362
17105,"Illinois","Livingston","corn",2719.97972306697
17105,"Illinois","Livingston","cotton",0.735249463511128
17105,"Illinois","Livingston","oats",7.62897827181922
17105,"Illinois","Livingston","soybeans",2634.05751248848
17105,"Illinois","Livingston","sunflower",0.10867117135636
17105,"Illinois","Livingston","wheat",50.7265322046751
17107,"Illinois","Logan","barley",0.204071210189649
17107,"Illinois","Logan","canola",0.00934677298578544
17107,"Illinois","Logan","corn",1945.42112818821
17107,"Illinois","Logan","oats",3.02129244113855
17107,"Illinois","Logan","soybeans",1627.30217259211
17107,"Illinois","Logan","wheat",15.4943221286929
17115,"Illinois","Macon","corn",732.161586492834
17115,"Illinois","Macon","grain sorghum",0.0852212496502677
17115,"Illinois","Macon","oats",0.0827745081761237
17115,"Illinois","Macon","soybeans",689.480120207985
17115,"Illinois","Macon","sunflower",1.12204522856646
17115,"Illinois","Macon","wheat",11.3337523128253
17117,"Illinois","Macoupin","corn",5483.60004089187
17117,"Illinois","Macoupin","grain sorghum",1.18915531943162
17117,"Illinois","Macoupin","oats",1.82707232871696
17117,"Illinois","Macoupin","soybeans",5469.98769643437
17117,"Illinois","Macoupin","sunflower",0.395451660458352
17117,"Illinois","Macoupin","wheat",302.195483365156
17119,"Illinois","Madison","corn",0
17119,"Illinois","Madison","grain sorghum",0
17119,"Illinois","Madison","oats",0
17119,"Illinois","Madison","soybeans",0
17119,"Illinois","Madison","sunflower",0
17119,"Illinois","Madison","wheat",0
17121,"Illinois","Marion","corn",7126.41643377189
17121,"Illinois","Marion","grain sorghum",10.8686144542421
17121,"Illinois","Marion","oats",2.08090527359623
17121,"Illinois","Marion","soybeans",8955.21952804734
17121,"Illinois","Marion","wheat",1871.44251845296
17123,"Illinois","Marshall","corn",1488.9438057736
17123,"Illinois","Marshall","oats",5.95177337025643
17123,"Illinois","Marshall","soybeans",1294.49818026913
17123,"Illinois","Marshall","sunflower",0.126524000842194
17123,"Illinois","Marshall","wheat",11.3610499195237
17125,"Illinois","Mason","corn",10111.6638300023
17125,"Illinois","Mason","grain sorghum",4.01198575885131
17125,"Illinois","Mason","oats",14.6117703855386
17125,"Illinois","Mason","soybeans",6581.87484371473
17125,"Illinois","Mason","sunflower",1.68997772637255
17125,"Illinois","Mason","wheat",174.724259078893
17127,"Illinois","Massac","corn",1572.05907180093
17127,"Illinois","Massac","grain sorghum",4.48246065620346
17127,"Illinois","Massac","oats",1.11361411224834
17127,"Illinois","Massac","soybeans",2381.63126803556
17127,"Illinois","Massac","sunflower",0.259068708403199
17127,"Illinois","Massac","wheat",250.975850019998
17109,"Illinois","McDonough","corn",3069.34723486735
17109,"Illinois","McDonough","grain sorghum",0.450193263675043
17109,"Illinois","McDonough","oats",4.6503119429545
17109,"Illinois","McDonough","soybeans",2760.43710783791
17109,"Illinois","McDonough","sunflower",0.32037721270525
17109,"Illinois","McDonough","wheat",8.48410820868242
17111,"Illinois","McHenry","barley",0
17111,"Illinois","McHenry","corn",0
17111,"Illinois","McHenry","dry peas",0
17111,"Illinois","McHenry","grain sorghum",0
17111,"Illinois","McHenry","mustard",0
17111,"Illinois","McHenry","oats",0
17111,"Illinois","McHenry","soybeans",0
17111,"Illinois","McHenry","sunflower",0
17111,"Illinois","McHenry","wheat",0
17113,"Illinois","McLean","barley",0.0840047558229917
17113,"Illinois","McLean","corn",1508.47437218694
17113,"Illinois","McLean","grain sorghum",0.0954927986691499
17113,"Illinois","McLean","oats",1.30972659585953
17113,"Illinois","McLean","soybeans",1455.73852396156
17113,"Illinois","McLean","sunflower",0.0673034839889457
17113,"Illinois","McLean","wheat",7.62937621701232
17129,"Illinois","Menard","barley",0
17129,"Illinois","Menard","corn",0
17129,"Illinois","Menard","grain sorghum",0
17129,"Illinois","Menard","oats",0
17129,"Illinois","Menard","soybeans",0
17129,"Illinois","Menard","sunflower",0
17129,"Illinois","Menard","wheat",0
17131,"Illinois","Mercer","barley",0.0693285162622868
17131,"Illinois","Mercer","corn",6343.21296517002
17131,"Illinois","Mercer","oats",16.1139808158325
17131,"Illinois","Mercer","soybeans",4757.24019254575
17131,"Illinois","Mercer","sunflower",0.0466812009499398
17131,"Illinois","Mercer","wheat",12.8798517512077
17133,"Illinois","Monroe","barley",1.43772035824896
17133,"Illinois","Monroe","corn",1553.20141005363
17133,"Illinois","Monroe","grain sorghum",14.9863296928353
17133,"Illinois","Monroe","oats",0.36022195350569
17133,"Illinois","Monroe","soybeans",2596.18243870039
17133,"Illinois","Monroe","sunflower",0.161722982296784
17133,"Illinois","Monroe","wheat",756.958276259107
17135,"Illinois","Montgomery","corn",2549.18578411228
17135,"Illinois","Montgomery","grain sorghum",3.55742065739552
17135,"Illinois","Montgomery","oats",1.04332907481884
17135,"Illinois","Montgomery","soybeans",2550.38612406819
17135,"Illinois","Montgomery","sunflower",0.250235139190094
17135,"Illinois","Montgomery","wheat",142.494353614804
17137,"Illinois","Morgan","corn",2568.51155196392
17137,"Illinois","Morgan","grain sorghum",0.142712602699591
17137,"Illinois","Morgan","oats",0.490827352199606
17137,"Illinois","Morgan","soybeans",2395.72495494014
17137,"Illinois","Morgan","sunflower",0.0781548909250932
17137,"Illinois","Morgan","wheat",32.575798250059
17139,"Illinois","Moultrie","barley",0.390685327576642
17139,"Illinois","Moultrie","corn",687.393060486359
17139,"Illinois","Moultrie","grain sorghum",0.0181025214968115
17139,"Illinois","Moultrie","oats",0.468493256337482
17139,"Illinois","Moultrie","soybeans",657.968925822362
17139,"Illinois","Moultrie","sunflower",0.359927497869786
17139,"Illinois","Moultrie","wheat",8.61380508801645
17141,"Illinois","Ogle","corn",0
17141,"Illinois","Ogle","dry peas",0
17141,"Illinois","Ogle","oats",0
17141,"Illinois","Ogle","soybeans",0
17141,"Illinois","Ogle","sunflower",0
17141,"Illinois","Ogle","wheat",0
17143,"Illinois","Peoria","corn",0
17143,"Illinois","Peoria","dry peas",0
17143,"Illinois","Peoria","oats",0
17143,"Illinois","Peoria","soybeans",0
17143,"Illinois","Peoria","sunflower",0
17143,"Illinois","Peoria","wheat",0
17145,"Illinois","Perry","barley",2.1166620635492
17145,"Illinois","Perry","corn",6716.70011443456
17145,"Illinois","Perry","grain sorghum",33.5590536269175
17145,"Illinois","Perry","oats",0.644886884629074
17145,"Illinois","Perry","soybeans",13584.6849596752
17145,"Illinois","Perry","sunflower",4.14561951078886
17145,"Illinois","Perry","wheat",4736.18370380431
17147,"Illinois","Piatt","corn",273.568680350354
17147,"Illinois","Piatt","oats",0.223269384185102
17147,"Illinois","Piatt","soybeans",258.683400265182
17147,"Illinois","Piatt","sunflower",0.347423819254855
17147,"Illinois","Piatt","wheat",3.20922618097276
17149,"Illinois","Pike","corn",9856.56710106075
17149,"Illinois","Pike","grain sorghum",2.7962095431273
17149,"Illinois","Pike","oats",5.51622350814209
17149,"Illinois","Pike","soybeans",8478.53333143214
17149,"Illinois","Pike","sunflower",0.183050497502898
17149,"Illinois","Pike","wheat",193.590583958407
17151,"Illinois","Pope","corn",0
17151,"Illinois","Pope","grain sorghum",0
17151,"Illinois","Pope","soybeans",0
17151,"Illinois","Pope","wheat",0
17153,"Illinois","Pulaski","corn",1869.7219477266
17153,"Illinois","Pulaski","soybeans",5145.48491882084
17153,"Illinois","Pulaski","wheat",672.01496678591
17155,"Illinois","Putnam","corn",0
17155,"Illinois","Putnam","dry peas",0
17155,"Illinois","Putnam","oats",0
17155,"Illinois","Putnam","soybeans",0
17155,"Illinois","Putnam","sunflower",0
17155,"Illinois","Putnam","wheat",0
17157,"Illinois","Randolph","barley",2.73054821740208
17157,"Illinois","Randolph","corn",4438.10372633482
17157,"Illinois","Randolph","grain sorghum",17.5066412035834
17157,"Illinois","Randolph","oats",0.550982081424116
17157,"Illinois","Randolph","soybeans",8075.96221073435
17157,"Illinois","Randolph","sunflower",0.521060496668114
17157,"Illinois","Randolph","wheat",2392.68133093176
17159,"Illinois","Richland","barley",0.964121871088225
17159,"Illinois","Richland","corn",1597.51427816741
17159,"Illinois","Richland","grain sorghum",2.93419790857693
17159,"Illinois","Richland","soybeans",1907.62241906915
17159,"Illinois","Richland","wheat",234.192982983814
17161,"Illinois","Rock Island","barley",0.144899008600015
17161,"Illinois","Rock Island","corn",256.652325755149
17161,"Illinois","Rock Island","oats",1.17489234324032
17161,"Illinois","Rock Island","soybeans",183.846781421003
17161,"Illinois","Rock Island","sunflower",0.112435060074177
17161,"Illinois","Rock Island","wheat",1.38833307858144
17165,"Illinois","Saline","corn",1255.5394697545
17165,"Illinois","Saline","grain sorghum",8.07156257770859
17165,"Illinois","Saline","oats",0.274642257227995
17165,"Illinois","Saline","soybeans",1568.68666268913
17165,"Illinois","Saline","sunflower",0.0473552596349931
17165,"Illinois","Saline","wheat",72.8191407951146
17167,"Illinois","Sangamon","barley",0.453747936799285
17167,"Illinois","Sangamon","corn",2670.83959401239
17167,"Illinois","Sangamon","oats",3.02285751746641
17167,"Illinois","Sangamon","soybeans",2287.99273930955
17167,"Illinois","Sangamon","sunflower",0.0700287513453442
17167,"Illinois","Sangamon","wheat",22.8637158056803
17169,"Illinois","Schuyler","corn",0
17169,"Illinois","Schuyler","grain sorghum",0
17169,"Illinois","Schuyler","oats",0
17169,"Illinois","Schuyler","soybeans",0
17169,"Illinois","Schuyler","sunflower",0
17169,"Illinois","Schuyler","wheat",0
17171,"Illinois","Scott","corn",1735.05538096522
17171,"Illinois","Scott","oats",0.708857454281164
17171,"Illinois","Scott","soybeans",1686.16481260354
17171,"Illinois","Scott","sunflower",0.119649329918905
17171,"Illinois","Scott","wheat",16.21629964704
17173,"Illinois","Shelby","corn",4258.19916148555
17173,"Illinois","Shelby","grain sorghum",0.0326870539721336
17173,"Illinois","Shelby","oats",1.89574698334008
17173,"Illinois","Shelby","soybeans",4368.89095857144
17173,"Illinois","Shelby","sunflower",0.289501746247985
17173,"Illinois","Shelby","wheat",192.368777492842
17163,"Illinois","St. Clair","barley",0
17163,"Illinois","St. Clair","corn",0
17163,"Illinois","St. Clair","grain sorghum",0
17163,"Illinois","St. Clair","oats",0
17163,"Illinois","St. Clair","soybeans",0
17163,"Illinois","St. Clair","sunflower",0
17163,"Illinois","St. Clair","wheat",0
17175,"Illinois","Stark","corn",0
17175,"Illinois","Stark","oats",0
17175,"Illinois","Stark","soybeans",0
17175,"Illinois","Stark","wheat",0
17177,"Illinois","Stephenson","barley",1.76154683580472
17177,"Illinois","Stephenson","corn",12607.1010574579
17177,"Illinois","Stephenson","dry peas",3.77891755064187
17177,"Illinois","Stephenson","oats",100.832521700635
17177,"Illinois","Stephenson","soybeans",6460.40873561548
17177,"Illinois","Stephenson","wheat",223.513220839527
17179,"Illinois","Tazewell","corn",3307.33612941652
17179,"Illinois","Tazewell","dry peas",2.02864225191718
17179,"Illinois","Tazewell","grain sorghum",7.15300423912349
17179,"Illinois","Tazewell","oats",3.64712568531455
17179,"Illinois","Tazewell","soybeans",2836.7909734789
17179,"Illinois","Tazewell","sunflower",2.21765574725098
17179,"Illinois","Tazewell","wheat",72.3914691810346
17181,"Illinois","Union","corn",2120.71873006083
17181,"Illinois","Union","cotton",116.674457742909
17181,"Illinois","Union","oats",0.393815676449963
17181,"Illinois","Union","rice_long grain",83.5840569198209
17181,"Illinois","Union","soybeans",5187.04418791025
17181,"Illinois","Union","wheat",497.708885023068
17183,"Illinois","Vermilion","barley",0.0565963843379223
17183,"Illinois","Vermilion","corn",1289.4194651559
17183,"Illinois","Vermilion","dry peas",0.675777723437879
17183,"Illinois","Vermilion","grain sorghum",0.70482409808636
17183,"Illinois","Vermilion","oats",1.1915288684738
17183,"Illinois","Vermilion","soybeans",1256.5832324947
17183,"Illinois","Vermilion","sunflower",0.0578031302726328
17183,"Illinois","Vermilion","wheat",24.1072721448457
17185,"Illinois","Wabash","corn",654.978893397219
17185,"Illinois","Wabash","grain sorghum",0.732389315631016
17185,"Illinois","Wabash","oats",0.715149603565489
17185,"Illinois","Wabash","soybeans",727.721377431121
17185,"Illinois","Wabash","wheat",61.9130235857861
17187,"Illinois","Warren","corn",4000.09588510034
17187,"Illinois","Warren","grain sorghum",1.72222457174378
17187,"Illinois","Warren","oats",6.17036117128802
17187,"Illinois","Warren","soybeans",3186.49637996933
17187,"Illinois","Warren","sunflower",0.619869358388102
17187,"Illinois","Warren","wheat",5.15044649549575
17189,"Illinois","Washington","barley",7.19505600225876
17189,"Illinois","Washington","corn",7671.86327830784
17189,"Illinois","Washington","grain sorghum",7.74650634796034
17189,"Illinois","Washington","oats",10.1011383903662
17189,"Illinois","Washington","soybeans",11311.479889234
17189,"Illinois","Washington","sunflower",1.9753956789738
17189,"Illinois","Washington","wheat",4256.93023603863
17191,"Illinois","Wayne","barley",0.999532618978003
17191,"Illinois","Wayne","canola",8.14950421246844
17191,"Illinois","Wayne","corn",15677.6532521159
17191,"Illinois","Wayne","grain sorghum",173.32723955028
17191,"Illinois","Wayne","oats",1.5279457542181
17191,"Illinois","Wayne","soybeans",20336.9371420372
17191,"Illinois","Wayne","sunflower",0.776432520598382
17191,"Illinois","Wayne","wheat",3381.58645119035
17193,"Illinois","White","barley",0
17193,"Illinois","White","corn",0
17193,"Illinois","White","cotton",0
17193,"Illinois","White","grain sorghum",0
17193,"Illinois","White","oats",0
17193,"Illinois","White","soybeans",0
17193,"Illinois","White","sunflower",0
17193,"Illinois","White","wheat",0
17195,"Illinois","Whiteside","corn",6761.61993301704
17195,"Illinois","Whiteside","dry peas",4.27521755223132
17195,"Illinois","Whiteside","grain sorghum",0.0359811729721075
17195,"Illinois","Whiteside","oats",14.3587479903716
17195,"Illinois","Whiteside","soybeans",2878.92965600916
17195,"Illinois","Whiteside","sunflower",1.17138046753492
17195,"Illinois","Whiteside","wheat",40.4426837908146
17197,"Illinois","Will","corn",0
17197,"Illinois","Will","oats",0
17197,"Illinois","Will","soybeans",0
17197,"Illinois","Will","sunflower",0
17197,"Illinois","Will","wheat",0
17199,"Illinois","Williamson","corn",2471.98594917005
17199,"Illinois","Williamson","grain sorghum",75.6846294775963
17199,"Illinois","Williamson","soybeans",3993.76118149175
17199,"Illinois","Williamson","sunflower",0.19402125857768
17199,"Illinois","Williamson","wheat",496.103371935361
17201,"Illinois","Winnebago","barley",0.0310125851631401
17201,"Illinois","Winnebago","corn",746.821580764221
17201,"Illinois","Winnebago","oats",3.24042232346941
17201,"Illinois","Winnebago","soybeans",459.169772218413
17201,"Illinois","Winnebago","sunflower",0.646136874345637
17201,"Illinois","Winnebago","wheat",22.6902752343844
17203,"Illinois","Woodford","barley",0.0329447699165688
17203,"Illinois","Woodford","corn",258.55502402718
17203,"Illinois","Woodford","dry peas",0.283252990139981
17203,"Illinois","Woodford","oats",0.781981456430482
17203,"Illinois","Woodford","soybeans",238.431915001946
17203,"Illinois","Woodford","sunflower",0.145768285764335
17203,"Illinois","Woodford","wheat",7.23328013529422
18001,"Indiana","Adams","barley",1.68655100026894
18001,"Indiana","Adams","corn",1539.09465904756
18001,"Indiana","Adams","oats",7.73128464139968
18001,"Indiana","Adams","soybeans",2112.77017329352
18001,"Indiana","Adams","sunflower",0.0203739532641966
18001,"Indiana","Adams","wheat",138.914124730658
18003,"Indiana","Allen","barley",0
18003,"Indiana","Allen","corn",0
18003,"Indiana","Allen","grain sorghum",0
18003,"Indiana","Allen","oats",0
18003,"Indiana","Allen","soybeans",0
18003,"Indiana","Allen","sunflower",0
18003,"Indiana","Allen","wheat",0
18005,"Indiana","Bartholomew","barley",6.31270416645311
18005,"Indiana","Bartholomew","corn",3817.62858705104
18005,"Indiana","Bartholomew","grain sorghum",7.47447354898758
18005,"Indiana","Bartholomew","oats",1.22265773788095
18005,"Indiana","Bartholomew","soybeans",4563.61703005723
18005,"Indiana","Bartholomew","wheat",408.981214105104
18007,"Indiana","Benton","corn",0
18007,"Indiana","Benton","grain sorghum",0
18007,"Indiana","Benton","oats",0
18007,"Indiana","Benton","soybeans",0
18007,"Indiana","Benton","sunflower",0
18007,"Indiana","Benton","wheat",0
18009,"Indiana","Blackford","barley",4.84968124644391
18009,"Indiana","Blackford","corn",1534.23646748847
18009,"Indiana","Blackford","dry peas",7.70280540831285
18009,"Indiana","Blackford","grain sorghum",0.927107895424082
18009,"Indiana","Blackford","oats",11.8393630714728
18009,"Indiana","Blackford","soybeans",2416.84066461727
18009,"Indiana","Blackford","wheat",69.672410272613
18011,"Indiana","Boone","barley",0.853501108023497
18011,"Indiana","Boone","corn",991.140878720442
18011,"Indiana","Boone","oats",0.607301164637584
18011,"Indiana","Boone","soybeans",1058.55831992811
18011,"Indiana","Boone","wheat",32.9777257454252
18013,"Indiana","Brown","corn",186.271304071958
18013,"Indiana","Brown","soybeans",119.937707310787
18013,"Indiana","Brown","wheat",8.52898861725521
18015,"Indiana","Carroll","barley",0.477773217558333
18015,"Indiana","Carroll","corn",666.350651076601
18015,"Indiana","Carroll","oats",0.253099213508216
18015,"Indiana","Carroll","soybeans",589.643593929038
18015,"Indiana","Carroll","sunflower",0.0336939225243212
18015,"Indiana","Carroll","wheat",32.3726886407593
18017,"Indiana","Cass","corn",1554.73490792162
18017,"Indiana","Cass","grain sorghum",1.73293810425935
18017,"Indiana","Cass","oats",0.435711095383042
18017,"Indiana","Cass","soybeans",1265.69301685221
18017,"Indiana","Cass","wheat",47.2899260265224
18019,"Indiana","Clark","barley",0.774575833804758
18019,"Indiana","Clark","corn",662.606751744766
18019,"Indiana","Clark","grain sorghum",0.691670163519845
18019,"Indiana","Clark","oats",2.35365250049807
18019,"Indiana","Clark","soybeans",1272.69402468854
18019,"Indiana","Clark","sunflower",0.0776418182033312
18019,"Indiana","Clark","wheat",118.323683250659
18021,"Indiana","Clay","corn",3790.18690569043
18021,"Indiana","Clay","grain sorghum",5.02910855707296
18021,"Indiana","Clay","soybeans",4543.47052164896
18021,"Indiana","Clay","sunflower",0.758347608505598
18021,"Indiana","Clay","wheat",77.8316164950232
18023,"Indiana","Clinton","corn",1096.1609754437
18023,"Indiana","Clinton","oats",0.315818641379178
18023,"Indiana","Clinton","soybeans",1089.73078425212
18023,"Indiana","Clinton","sunflower",0.0188714758392976
18023,"Indiana","Clinton","wheat",19.9087168536283
18025,"Indiana","Crawford","barley",3.88622556999169
18025,"Indiana","Crawford","corn",1692.67067072674
18025,"Indiana","Crawford","grain sorghum",38.2389331044027
18025,"Indiana","Crawford","oats",63.7506364779488
18025,"Indiana","Crawford","soybeans",1807.48669282046
18025,"Indiana","Crawford","wheat",36.1638413004587
18027,"Indiana","Daviess","corn",3628.80923234887
18027,"Indiana","Daviess","grain sorghum",9.99825657949801
18027,"Indiana","Daviess","oats",0.680621126695759
18027,"Indiana","Daviess","soybeans",2590.30063886525
18027,"Indiana","Daviess","sunflower",2.7334570616942
18027,"Indiana","Daviess","wheat",90.0354606847003
18033,"Indiana","DeKalb","corn",2627.69419579065
18033,"Indiana","DeKalb","grain sorghum",0.451990412611167
18033,"Indiana","DeKalb","oats",7.53937238234725
18033,"Indiana","DeKalb","soybeans",4361.88156410446
18033,"Indiana","DeKalb","wheat",431.915110643238
18029,"Indiana","Dearborn","corn",1152.12530393472
18029,"Indiana","Dearborn","oats",1.40597388972447
18029,"Indiana","Dearborn","soybeans",1927.98111611336
18029,"Indiana","Dearborn","wheat",135.66793939553
18031,"Indiana","Decatur","barley",11.0412949817639
18031,"Indiana","Decatur","corn",2465.57569255331
18031,"Indiana","Decatur","oats",1.27584903495543
18031,"Indiana","Decatur","soybeans",2583.82076228012
18031,"Indiana","Decatur","sunflower",0.0726799450253249
18031,"Indiana","Decatur","wheat",192.309554538205
18035,"Indiana","Delaware","barley",4.65553009749476
18035,"Indiana","Delaware","corn",3177.13665601191
18035,"Indiana","Delaware","oats",0.603676486017103
18035,"Indiana","Delaware","soybeans",3946.20586049613
18035,"Indiana","Delaware","wheat",103.354943575144
18037,"Indiana","Dubois","barley",1.15992274781554
18037,"Indiana","Dubois","corn",1335.27078727876
18037,"Indiana","Dubois","grain sorghum",6.27307211793461
18037,"Indiana","Dubois","oats",0.153263752105355
18037,"Indiana","Dubois","soybeans",1168.28662456747
18037,"Indiana","Dubois","sunflower",0.0207977951708728
18037,"Indiana","Dubois","wheat",111.088931740741
18039,"Indiana","Elkhart","barley",0
18039,"Indiana","Elkhart","corn",0
18039,"Indiana","Elkhart","grain sorghum",0
18039,"Indiana","Elkhart","oats",0
18039,"Indiana","Elkhart","soybeans",0
18039,"Indiana","Elkhart","sunflower",0
18039,"Indiana","Elkhart","wheat",0
18041,"Indiana","Fayette","corn",1395.66214702384
18041,"Indiana","Fayette","oats",0.716387150994316
18041,"Indiana","Fayette","soybeans",1508.76050962601
18041,"Indiana","Fayette","wheat",71.0939561991422
18043,"Indiana","Floyd","corn",140.184856157158
18043,"Indiana","Floyd","soybeans",191.246996190934
18043,"Indiana","Floyd","wheat",5.93754765190898
18045,"Indiana","Fountain","barley",0.0288512479642091
18045,"Indiana","Fountain","corn",1310.70405619036
18045,"Indiana","Fountain","grain sorghum",3.73491373755013
18045,"Indiana","Fountain","oats",0.587507159417904
18045,"Indiana","Fountain","soybeans",1207.50462888058
18045,"Indiana","Fountain","sunflower",2.43862338687874
18045,"Indiana","Fountain","wheat",18.738419397219
18047,"Indiana","Franklin","barley",2.40255059743916
18047,"Indiana","Franklin","corn",3369.83177675585
18047,"Indiana","Franklin","dry peas",1.64573915912491
18047,"Indiana","Franklin","oats",2.53827836309032
18047,"Indiana","Franklin","soybeans",3709.47960727596
18047,"Indiana","Franklin","sunflower",0.182859906569435
18047,"Indiana","Franklin","wheat",237.205687941964
18049,"Indiana","Fulton","corn",1998.43834935787
18049,"Indiana","Fulton","grain sorghum",2.79235675309733
18049,"Indiana","Fulton","oats",0.136015794676433
18049,"Indiana","Fulton","soybeans",1507.81704703984
18049,"Indiana","Fulton","wheat",35.61956438784
18051,"Indiana","Gibson","corn",1402.01920478964
18051,"Indiana","Gibson","grain sorghum",10.1211282857463
18051,"Indiana","Gibson","oats",0.559701959966236
18051,"Indiana","Gibson","rapeseed",1.62200262322431
18051,"Indiana","Gibson","soybeans",1448.06056565384
18051,"Indiana","Gibson","wheat",236.227063354268
18053,"Indiana","Grant","corn",4106.34195268156
18053,"Indiana","Grant","oats",2.84983565629078
18053,"Indiana","Grant","soybeans",5954.2709044237
18053,"Indiana","Grant","sunflower",5.06569658406067
18053,"Indiana","Grant","wheat",85.5384439877352
18055,"Indiana","Greene","corn",4265.54125585944
18055,"Indiana","Greene","grain sorghum",25.254914677228
18055,"Indiana","Greene","soybeans",4698.18129279929
18055,"Indiana","Greene","wheat",73.6195366640329
18057,"Indiana","Hamilton","corn",2330.02737370219
18057,"Indiana","Hamilton","soybeans",2687.76131111991
18057,"Indiana","Hamilton","wheat",68.8633151779103
18059,"Indiana","Hancock","canola",4.56951555239474
18059,"Indiana","Hancock","corn",1360.54997787508
18059,"Indiana","Hancock","dry peas",0.698433525510808
18059,"Indiana","Hancock","oats",0.289409839198472
18059,"Indiana","Hancock","soybeans",1686.882271151
18059,"Indiana","Hancock","sunflower",0.976081924481762
18059,"Indiana","Hancock","wheat",83.4320501323466
18061,"Indiana","Harrison","barley",3.0549295255472
18061,"Indiana","Harrison","corn",3167.89356913656
18061,"Indiana","Harrison","grain sorghum",1.35715905003914
18061,"Indiana","Harrison","oats",11.7128037146616
18061,"Indiana","Harrison","soybeans",3816.14274181028
18061,"Indiana","Harrison","sunflower",0.742019347058126
18061,"Indiana","Harrison","wheat",299.142777415855
18063,"Indiana","Hendricks","barley",0.39938853938392
18063,"Indiana","Hendricks","corn",563.161249137386
18063,"Indiana","Hendricks","grain sorghum",4.73226882368284
18063,"Indiana","Hendricks","soybeans",640.107029105363
18063,"Indiana","Hendricks","wheat",18.119731060859
18065,"Indiana","Henry","barley",1.27691236279179
18065,"Indiana","Henry","corn",2134.47873053045
18065,"Indiana","Henry","oats",1.98492417706511
18065,"Indiana","Henry","soybeans",2628.3375816632
18065,"Indiana","Henry","sunflower",1.4298309093876
18065,"Indiana","Henry","wheat",111.367167023732
18067,"Indiana","Howard","corn",907.105556798983
18067,"Indiana","Howard","oats",0.51641040713801
18067,"Indiana","Howard","soybeans",986.836845061341
18067,"Indiana","Howard","sunflower",0.735282466605814
18067,"Indiana","Howard","wheat",27.7720719325829
18069,"Indiana","Huntington","barley",3.51292367388116
18069,"Indiana","Huntington","corn",1730.98425865091
18069,"Indiana","Huntington","grain sorghum",0.371058621644946
18069,"Indiana","Huntington","oats",0.897165821663054
18069,"Indiana","Huntington","soybeans",2437.1650121485
18069,"Indiana","Huntington","sunflower",2.78209226202469
18069,"Indiana","Huntington","wheat",136.076928821396
18071,"Indiana","Jackson","barley",0.440513520967868
18071,"Indiana","Jackson","corn",1515.3850949974
18071,"Indiana","Jackson","grain sorghum",10.1718684399115
18071,"Indiana","Jackson","oats",0.75355425658383
18071,"Indiana","Jackson","soybeans",1788.95648280849
18071,"Indiana","Jackson","sunflower",0.0237026376630545
18071,"Indiana","Jackson","wheat",102.236350005676
18073,"Indiana","Jasper","canola",0.750305116316641
18073,"Indiana","Jasper","corn",2711.71775577806
18073,"Indiana","Jasper","grain sorghum",32.2328423876595
18073,"Indiana","Jasper","oats",3.31635909080258
18073,"Indiana","Jasper","soybeans",1641.86597049398
18073,"Indiana","Jasper","sunflower",0.0207787546757459
18073,"Indiana","Jasper","wheat",42.0229883785053
18075,"Indiana","Jay","barley",2.8400299370922
18075,"Indiana","Jay","corn",4832.77455045006
18075,"Indiana","Jay","grain sorghum",2.62339341402461
18075,"Indiana","Jay","oats",3.16834142586506
18075,"Indiana","Jay","soybeans",6362.02248241668
18075,"Indiana","Jay","sunflower",1.22153907573964
18075,"Indiana","Jay","wheat",436.48282994715
18077,"Indiana","Jefferson","barley",3.46750110696455
18077,"Indiana","Jefferson","corn",2039.22185317831
18077,"Indiana","Jefferson","oats",16.171977743385
18077,"Indiana","Jefferson","peanuts",0.077925562511354
18077,"Indiana","Jefferson","soybeans",4448.18446794099
18077,"Indiana","Jefferson","wheat",293.051941134505
18079,"Indiana","Jennings","barley",1.38508054302088
18079,"Indiana","Jennings","corn",3034.27592144675
18079,"Indiana","Jennings","soybeans",5023.18698719541
18079,"Indiana","Jennings","sunflower",0.519059164190037
18079,"Indiana","Jennings","wheat",394.765118317313
18081,"Indiana","Johnson","barley",5.88038156981656
18081,"Indiana","Johnson","canola",1.93594442103323
18081,"Indiana","Johnson","corn",2387.14672435644
18081,"Indiana","Johnson","oats",0.308131867259164
18081,"Indiana","Johnson","soybeans",2567.41320114601
18081,"Indiana","Johnson","sunflower",1.93594442103323
18081,"Indiana","Johnson","wheat",171.194922218397
18083,"Indiana","Knox","corn",3645.93638127735
18083,"Indiana","Knox","grain sorghum",35.7486027389076
18083,"Indiana","Knox","oats",0.643144161050749
18083,"Indiana","Knox","rapeseed",3.65163658708624
18083,"Indiana","Knox","soybeans",3841.13649231301
18083,"Indiana","Knox","sunflower",0.046886138709496
18083,"Indiana","Knox","wheat",416.767923450589
18085,"Indiana","Kosciusko","barley",1.20848777245275
18085,"Indiana","Kosciusko","corn",3427.20048410098
18085,"Indiana","Kosciusko","grain sorghum",0.406066419294689
18085,"Indiana","Kosciusko","oats",2.20379659641325
18085,"Indiana","Kosciusko","soybeans",2749.19939775399
18085,"Indiana","Kosciusko","wheat",121.743434023481
18087,"Indiana","LaGrange","barley",0
18087,"Indiana","LaGrange","corn",0
18087,"Indiana","LaGrange","grain sorghum",0
18087,"Indiana","LaGrange","oats",0
18087,"Indiana","LaGrange","soybeans",0
18087,"Indiana","LaGrange","wheat",0
18091,"Indiana","LaPorte","barley",1.6706443040339
18091,"Indiana","LaPorte","corn",6311.8259429715
18091,"Indiana","LaPorte","grain sorghum",7.21658788066845
18091,"Indiana","LaPorte","oats",7.44935122935063
18091,"Indiana","LaPorte","soybeans",4922.89710146768
18091,"Indiana","LaPorte","sunflower",0.0359361147061144
18091,"Indiana","LaPorte","wheat",308.614219365438
18089,"Indiana","Lake","corn",0
18089,"Indiana","Lake","grain sorghum",0
18089,"Indiana","Lake","oats",0
18089,"Indiana","Lake","soybeans",0
18089,"Indiana","Lake","sunflower",0
18089,"Indiana","Lake","wheat",0
18093,"Indiana","Lawrence","barley",1.63477129922467
18093,"Indiana","Lawrence","corn",1348.01707164078
18093,"Indiana","Lawrence","oats",5.3612115172009
18093,"Indiana","Lawrence","soybeans",1682.11125801089
18093,"Indiana","Lawrence","sunflower",0.0628758192009488
18093,"Indiana","Lawrence","wheat",65.5374783793634
18095,"Indiana","Madison","corn",950.456667651247
18095,"Indiana","Madison","grain sorghum",0.239282190047657
18095,"Indiana","Madison","oats",2.14893370099585
18095,"Indiana","Madison","soybeans",1110.96484621548
18095,"Indiana","Madison","sunflower",2.13733231473632
18095,"Indiana","Madison","wheat",16.2244379274951
18097,"Indiana","Marion","corn",0
18097,"Indiana","Marion","oats",0
18097,"Indiana","Marion","soybeans",0
18097,"Indiana","Marion","wheat",0
18099,"Indiana","Marshall","barley",0
18099,"Indiana","Marshall","corn",0
18099,"Indiana","Marshall","grain sorghum",0
18099,"Indiana","Marshall","oats",0
18099,"Indiana","Marshall","soybeans",0
18099,"Indiana","Marshall","sunflower",0
18099,"Indiana","Marshall","wheat",0
18101,"Indiana","Martin","corn",1187.3285362924
18101,"Indiana","Martin","grain sorghum",18.6272151657174
18101,"Indiana","Martin","soybeans",1172.53906699269
18101,"Indiana","Martin","wheat",60.7551815491819
18103,"Indiana","Miami","barley",5.02163181606308
18103,"Indiana","Miami","canola",2.36826004290475
18103,"Indiana","Miami","corn",2781.16467507138
18103,"Indiana","Miami","grain sorghum",0.971467801168568
18103,"Indiana","Miami","oats",2.9137966937774
18103,"Indiana","Miami","soybeans",3364.2062802977
18103,"Indiana","Miami","sunflower",4.97292766959769
18103,"Indiana","Miami","wheat",152.260793940775
18105,"Indiana","Monroe","corn",173.073506737003
18105,"Indiana","Monroe","oats",1.62883602163319
18105,"Indiana","Monroe","soybeans",219.127514691429
18105,"Indiana","Monroe","wheat",3.49214254993522
18107,"Indiana","Montgomery","corn",4647.82846541607
18107,"Indiana","Montgomery","oats",0.0671544576290083
18107,"Indiana","Montgomery","soybeans",4663.08052091003
18107,"Indiana","Montgomery","sunflower",3.68233657391692
18107,"Indiana","Montgomery","wheat",127.678355975696
18109,"Indiana","Morgan","barley",1.00701468830305
18109,"Indiana","Morgan","corn",965.120580116095
18109,"Indiana","Morgan","grain sorghum",0.239191113588949
18109,"Indiana","Morgan","soybeans",982.572859653429
18109,"Indiana","Morgan","wheat",11.9363544285735
18111,"Indiana","Newton","barley",0
18111,"Indiana","Newton","corn",0
18111,"Indiana","Newton","grain sorghum",0
18111,"Indiana","Newton","oats",0
18111,"Indiana","Newton","soybeans",0
18111,"Indiana","Newton","sunflower",0
18111,"Indiana","Newton","wheat",0
18113,"Indiana","Noble","barley",0.418314776208259
18113,"Indiana","Noble","corn",2966.23790081933
18113,"Indiana","Noble","grain sorghum",3.29272758022696
18113,"Indiana","Noble","oats",7.19153884170666
18113,"Indiana","Noble","soybeans",2998.77868136642
18113,"Indiana","Noble","sunflower",0.432369334969074
18113,"Indiana","Noble","wheat",149.918700614454
18115,"Indiana","Ohio","corn",396.36273486482
18115,"Indiana","Ohio","soybeans",484.087949647669
18115,"Indiana","Ohio","sunflower",0.462764563375272
18115,"Indiana","Ohio","wheat",46.7705509241372
18117,"Indiana","Orange","barley",6.86819429728639
18117,"Indiana","Orange","corn",1580.32359880789
18117,"Indiana","Orange","oats",2.85770362578513
18117,"Indiana","Orange","soybeans",1551.24098025894
18117,"Indiana","Orange","wheat",68.1725230101146
18119,"Indiana","Owen","corn",1777.99661443661
18119,"Indiana","Owen","oats",2.36527664395784
18119,"Indiana","Owen","soybeans",2267.97642729481
18119,"Indiana","Owen","wheat",70.389681624621
18121,"Indiana","Parke","corn",424.477512282443
18121,"Indiana","Parke","grain sorghum",2.06697108520005
18121,"Indiana","Parke","oats",0.196208672422579
18121,"Indiana","Parke","soybeans",460.809859477894
18121,"Indiana","Parke","sunflower",0.595383566810507
18121,"Indiana","Parke","wheat",15.7243982485836
18123,"Indiana","Perry","corn",1950.73353668677
18123,"Indiana","Perry","grain sorghum",5.57321251676473
18123,"Indiana","Perry","soybeans",2117.1084404513
18123,"Indiana","Perry","sunflower",1.947326621982
18123,"Indiana","Perry","wheat",54.2774837231829
18125,"Indiana","Pike","corn",2282.61988345521
18125,"Indiana","Pike","grain sorghum",24.6440834170056
18125,"Indiana","Pike","oats",3.23595167734082
18125,"Indiana","Pike","soybeans",2940.69256037985
18125,"Indiana","Pike","wheat",177.151354403939
18127,"Indiana","Porter","barley",0.632287460779662
18127,"Indiana","Porter","corn",1653.28813674984
18127,"Indiana","Porter","grain sorghum",6.5647238793184
18127,"Indiana","Porter","oats",0.554036088583474
18127,"Indiana","Porter","soybeans",1490.60962760049
18127,"Indiana","Porter","sunflower",0.068768424737365
18127,"Indiana","Porter","wheat",44.0635864629261
18129,"Indiana","Posey","barley",0
18129,"Indiana","Posey","canola",0
18129,"Indiana","Posey","corn",0
18129,"Indiana","Posey","grain sorghum",0
18129,"Indiana","Posey","oats",0
18129,"Indiana","Posey","rapeseed",0
18129,"Indiana","Posey","soybeans",0
18129,"Indiana","Posey","sunflower",0
18129,"Indiana","Posey","wheat",0
18131,"Indiana","Pulaski","corn",3874.61576195142
18131,"Indiana","Pulaski","grain sorghum",6.05061424254832
18131,"Indiana","Pulaski","oats",0.53829674404097
18131,"Indiana","Pulaski","soybeans",2386.16374691019
18131,"Indiana","Pulaski","sunflower",0.211569043189401
18131,"Indiana","Pulaski","wheat",45.9660111086663
18133,"Indiana","Putnam","barley",0.45601590412373
18133,"Indiana","Putnam","corn",3125.7277055904
18133,"Indiana","Putnam","grain sorghum",0.364812723298984
18133,"Indiana","Putnam","oats",1.90341038381245
18133,"Indiana","Putnam","soybeans",3312.14479278295
18133,"Indiana","Putnam","sunflower",0.506633669481463
18133,"Indiana","Putnam","wheat",170.6035756126
18135,"Indiana","Randolph","barley",9.55384072307136
18135,"Indiana","Randolph","canola",8.86476571591914
18135,"Indiana","Randolph","corn",4676.93068872049
18135,"Indiana","Randolph","grain sorghum",0.385361765621655
18135,"Indiana","Randolph","oats",4.72251209725197
18135,"Indiana","Randolph","soybeans",5189.22700717137
18135,"Indiana","Randolph","sunflower",1.78229816600015
18135,"Indiana","Randolph","wheat",146.492192306947
18137,"Indiana","Ripley","barley",7.93845394390248
18137,"Indiana","Ripley","corn",2833.54636442972
18137,"Indiana","Ripley","grain sorghum",2.64169613942642
18137,"Indiana","Ripley","oats",5.84608090758977
18137,"Indiana","Ripley","soybeans",4295.11256873531
18137,"Indiana","Ripley","wheat",238.022502510711
18139,"Indiana","Rush","barley",3.98149435774791
18139,"Indiana","Rush","corn",5118.94496132695
18139,"Indiana","Rush","oats",1.07517017361819
18139,"Indiana","Rush","soybeans",5050.51279560075
18139,"Indiana","Rush","sunflower",0.00205165570769619
18139,"Indiana","Rush","wheat",317.034560218603
18143,"Indiana","Scott","barley",0.667117452812422
18143,"Indiana","Scott","corn",541.620567868954
18143,"Indiana","Scott","oats",0.330669717297193
18143,"Indiana","Scott","soybeans",747.597380131114
18143,"Indiana","Scott","sunflower",0.0973445237938054
18143,"Indiana","Scott","wheat",12.9795869727041
18145,"Indiana","Shelby","barley",0.385331976312527
18145,"Indiana","Shelby","corn",3310.9729057709
18145,"Indiana","Shelby","grain sorghum",1.44615090710091
18145,"Indiana","Shelby","oats",0.559887361582102
18145,"Indiana","Shelby","soybeans",3454.31697895713
18145,"Indiana","Shelby","sunflower",0.410378554772841
18145,"Indiana","Shelby","wheat",190.153199805532
18147,"Indiana","Spencer","barley",0
18147,"Indiana","Spencer","corn",0
18147,"Indiana","Spencer","grain sorghum",0
18147,"Indiana","Spencer","oats",0
18147,"Indiana","Spencer","soybeans",0
18147,"Indiana","Spencer","wheat",0
18141,"Indiana","St. Joseph","barley",0
18141,"Indiana","St. Joseph","corn",0
18141,"Indiana","St. Joseph","grain sorghum",0
18141,"Indiana","St. Joseph","oats",0
18141,"Indiana","St. Joseph","soybeans",0
18141,"Indiana","St. Joseph","wheat",0
18149,"Indiana","Starke","corn",2610.60485515507
18149,"Indiana","Starke","grain sorghum",1.38756362785018
18149,"Indiana","Starke","oats",3.38271603335354
18149,"Indiana","Starke","soybeans",1799.94681676662
18149,"Indiana","Starke","sunflower",1.92435420285428
18149,"Indiana","Starke","wheat",43.0041942142605
18151,"Indiana","Steuben","corn",2694.79273462998
18151,"Indiana","Steuben","grain sorghum",0.590025517718057
18151,"Indiana","Steuben","oats",1.52226583571259
18151,"Indiana","Steuben","soybeans",2472.29817651873
18151,"Indiana","Steuben","sunflower",0.283867832413243
18151,"Indiana","Steuben","wheat",246.603262998769
18153,"Indiana","Sullivan","canola",4.05704775273142
18153,"Indiana","Sullivan","corn",3027.19703660698
18153,"Indiana","Sullivan","grain sorghum",16.7600637782697
18153,"Indiana","Sullivan","rapeseed",3.83466502945988
18153,"Indiana","Sullivan","soybeans",3588.17028738876
18153,"Indiana","Sullivan","wheat",128.137232777146
18155,"Indiana","Switzerland","corn",407.082072843219
18155,"Indiana","Switzerland","oats",1.12659459244931
18155,"Indiana","Switzerland","soybeans",571.536446471166
18155,"Indiana","Switzerland","wheat",44.1425527598313
18157,"Indiana","Tippecanoe","canola",0.0163847186669069
18157,"Indiana","Tippecanoe","corn",984.278935910191
18157,"Indiana","Tippecanoe","cotton",0.00587712734791227
18157,"Indiana","Tippecanoe","grain sorghum",0.673069995255088
18157,"Indiana","Tippecanoe","oats",1.02975819684293
18157,"Indiana","Tippecanoe","soybeans",947.143319405012
18157,"Indiana","Tippecanoe","sunflower",0.0868532565160563
18157,"Indiana","Tippecanoe","wheat",26.6128080568164
18159,"Indiana","Tipton","corn",2466.76387661168
18159,"Indiana","Tipton","dry peas",0.00238443501064929
18159,"Indiana","Tipton","oats",0.192117335143743
18159,"Indiana","Tipton","soybeans",2676.7404119797
18159,"Indiana","Tipton","sunflower",0.0909491639776229
18159,"Indiana","Tipton","wheat",56.97852714119
18161,"Indiana","Union","corn",1296.13014841786
18161,"Indiana","Union","oats",1.11871720838548
18161,"Indiana","Union","soybeans",1362.13887981333
18161,"Indiana","Union","wheat",27.3627545604338
18163,"Indiana","Vanderburgh","corn",0
18163,"Indiana","Vanderburgh","grain sorghum",0
18163,"Indiana","Vanderburgh","oats",0
18163,"Indiana","Vanderburgh","soybeans",0
18163,"Indiana","Vanderburgh","sunflower",0
18163,"Indiana","Vanderburgh","wheat",0
18165,"Indiana","Vermillion","corn",671.806473765223
18165,"Indiana","Vermillion","grain sorghum",12.2752352765627
18165,"Indiana","Vermillion","oats",0.39991244212445
18165,"Indiana","Vermillion","soybeans",659.858585216138
18165,"Indiana","Vermillion","wheat",9.4147932999488
18167,"Indiana","Vigo","corn",2132.68191396965
18167,"Indiana","Vigo","grain sorghum",29.11236860863
18167,"Indiana","Vigo","soybeans",2690.69980694849
18167,"Indiana","Vigo","sunflower",0.634537379299244
18167,"Indiana","Vigo","wheat",46.3598730939108
18169,"Indiana","Wabash","barley",0.969359131441286
18169,"Indiana","Wabash","corn",3166.62894967542
18169,"Indiana","Wabash","grain sorghum",0.897950673148082
18169,"Indiana","Wabash","oats",1.43569484769619
18169,"Indiana","Wabash","soybeans",3668.30699529991
18169,"Indiana","Wabash","wheat",178.554583705697
18171,"Indiana","Warren","barley",0.472930553521305
18171,"Indiana","Warren","corn",2321.85372620911
18171,"Indiana","Warren","grain sorghum",7.97982281847385
18171,"Indiana","Warren","oats",0.580013077391603
18171,"Indiana","Warren","soybeans",2269.52703278455
18171,"Indiana","Warren","sunflower",0.300742407465519
18171,"Indiana","Warren","wheat",86.6657321495216
18173,"Indiana","Warrick","barley",3.99415739149548
18173,"Indiana","Warrick","corn",3625.0510836712
18173,"Indiana","Warrick","grain sorghum",14.7594712207161
18173,"Indiana","Warrick","soybeans",4450.94866940612
18173,"Indiana","Warrick","wheat",481.585618310466
18175,"Indiana","Washington","barley",5.19403409050019
18175,"Indiana","Washington","corn",4438.11722735747
18175,"Indiana","Washington","grain sorghum",21.419180660837
18175,"Indiana","Washington","oats",24.1522799962004
18175,"Indiana","Washington","soybeans",5377.58884142636
18175,"Indiana","Washington","wheat",239.258436468651
18177,"Indiana","Wayne","barley",1.47730053736128
18177,"Indiana","Wayne","canola",2.97954523718076
18177,"Indiana","Wayne","corn",1421.21608249024
18177,"Indiana","Wayne","oats",2.17676282745103
18177,"Indiana","Wayne","soybeans",1603.08483352818
18177,"Indiana","Wayne","wheat",77.9419753795974
18179,"Indiana","Wells","barley",0.675124645312324
18179,"Indiana","Wells","corn",879.602765932754
18179,"Indiana","Wells","grain sorghum",1.18661190334988
18179,"Indiana","Wells","oats",0.218660286713326
18179,"Indiana","Wells","soybeans",1111.1926633082
18179,"Indiana","Wells","wheat",35.4911739237012
18181,"Indiana","White","barley",6.5868418374065
18181,"Indiana","White","canola",1.65930122329234
18181,"Indiana","White","corn",2953.3473495575
18181,"Indiana","White","dry peas",2.20243895290418
18181,"Indiana","White","grain sorghum",8.1569599142047
18181,"Indiana","White","oats",8.37479215430102
18181,"Indiana","White","soybeans",2170.35199185382
18181,"Indiana","White","sunflower",12.1095184902748
18181,"Indiana","White","wheat",79.2591510163472
18183,"Indiana","Whitley","barley",0.0514020366109399
18183,"Indiana","Whitley","corn",2997.21502568903
18183,"Indiana","Whitley","grain sorghum",1.84430507360052
18183,"Indiana","Whitley","oats",1.13572799891872
18183,"Indiana","Whitley","soybeans",3419.86241189031
18183,"Indiana","Whitley","wheat",283.887793978194
19001,"Iowa","Adair","corn",6987.41274221806
19001,"Iowa","Adair","grain sorghum",0.233125906945565
19001,"Iowa","Adair","oats",126.876005781714
19001,"Iowa","Adair","soybeans",6758.9934499081
19001,"Iowa","Adair","sunflower",0.492541132927992
19001,"Iowa","Adair","wheat",29.6916683855837
19003,"Iowa","Adams","corn",4060.04411532204
19003,"Iowa","Adams","grain sorghum",2.13094027926611
19003,"Iowa","Adams","oats",77.0211661976386
19003,"Iowa","Adams","soybeans",4057.60067553047
19003,"Iowa","Adams","wheat",0.579769337241771
19005,"Iowa","Allamakee","barley",28.7636377219098
19005,"Iowa","Allamakee","corn",6271.15341003446
19005,"Iowa","Allamakee","flaxseed",0.351456211520299
19005,"Iowa","Allamakee","grain sorghum",2.08679952618906
19005,"Iowa","Allamakee","oats",386.629922029775
19005,"Iowa","Allamakee","soybeans",2251.6745103471
19005,"Iowa","Allamakee","sunflower",0.626379101304132
19005,"Iowa","Allamakee","wheat",13.000351694398
19007,"Iowa","Appanoose","corn",1078.7876924278
19007,"Iowa","Appanoose","grain sorghum",4.52184832092256
19007,"Iowa","Appanoose","oats",18.0552227071781
19007,"Iowa","Appanoose","soybeans",1463.7510781774
19007,"Iowa","Appanoose","wheat",34.2251583666976
19009,"Iowa","Audubon","barley",6.43184020066769
19009,"Iowa","Audubon","corn",4194.37033230356
19009,"Iowa","Audubon","grain sorghum",0.110760718684245
19009,"Iowa","Audubon","oats",32.5277601892041
19009,"Iowa","Audubon","soybeans",3653.46160209227
19009,"Iowa","Audubon","wheat",4.39270449562281
19011,"Iowa","Benton","barley",0.376413580317885
19011,"Iowa","Benton","corn",1752.16187622074
19011,"Iowa","Benton","oats",9.29058236108148
19011,"Iowa","Benton","soybeans",1392.86070672618
19011,"Iowa","Benton","sunflower",0.154292978517908
19011,"Iowa","Benton","wheat",1.37912813310734
19013,"Iowa","Black Hawk","corn",0
19013,"Iowa","Black Hawk","grain sorghum",0
19013,"Iowa","Black Hawk","oats",0
19013,"Iowa","Black Hawk","soybeans",0
19013,"Iowa","Black Hawk","wheat",0
19015,"Iowa","Boone","corn",0
19015,"Iowa","Boone","grain sorghum",0
19015,"Iowa","Boone","oats",0
19015,"Iowa","Boone","soybeans",0
19015,"Iowa","Boone","sunflower",0
19015,"Iowa","Boone","wheat",0
19017,"Iowa","Bremer","barley",0.505323251688308
19017,"Iowa","Bremer","corn",1976.38689268775
19017,"Iowa","Bremer","oats",14.2320023707824
19017,"Iowa","Bremer","soybeans",1131.88973317464
19017,"Iowa","Bremer","wheat",0.12054851518727
19019,"Iowa","Buchanan","barley",0.0554097860528633
19019,"Iowa","Buchanan","corn",993.189656129687
19019,"Iowa","Buchanan","grain sorghum",0.0101342663566779
19019,"Iowa","Buchanan","oats",5.57931352202365
19019,"Iowa","Buchanan","soybeans",439.974868181466
19019,"Iowa","Buchanan","wheat",0.330618114427535
19021,"Iowa","Buena Vista","corn",1832.10985488697
19021,"Iowa","Buena Vista","grain sorghum",0.02133741793963
19021,"Iowa","Buena Vista","oats",4.68286696411076
19021,"Iowa","Buena Vista","soybeans",1588.83712396266
19021,"Iowa","Buena Vista","wheat",0.600816768300108
19023,"Iowa","Butler","barley",1.80198151076195
19023,"Iowa","Butler","corn",3575.95265132927
19023,"Iowa","Butler","grain sorghum",0.146464365143148
19023,"Iowa","Butler","oats",19.4875312294399
19023,"Iowa","Butler","soybeans",2171.24348588127
19023,"Iowa","Butler","sunflower",0.297552350774522
19025,"Iowa","Calhoun","corn",2604.6011237295
19025,"Iowa","Calhoun","oats",3.07916670815336
19025,"Iowa","Calhoun","soybeans",1992.63470956229
19027,"Iowa","Carroll","barley",1.20773435858435
19027,"Iowa","Carroll","corn",3009.82646363259
19027,"Iowa","Carroll","oats",4.67364347525795
19027,"Iowa","Carroll","soybeans",1927.93212423051
19027,"Iowa","Carroll","wheat",0.67336763640941
19029,"Iowa","Cass","barley",4.20193718566184
19029,"Iowa","Cass","canola",6.26232368897329
19029,"Iowa","Cass","corn",6617.22512044045
19029,"Iowa","Cass","oats",41.3127700412685
19029,"Iowa","Cass","soybeans",6050.96405033798
19029,"Iowa","Cass","wheat",3.48113163898018
19031,"Iowa","Cedar","barley",0.250111173827174
19031,"Iowa","Cedar","corn",1192.64773228015
19031,"Iowa","Cedar","dry peas",0.15086070802274
19031,"Iowa","Cedar","oats",7.04875220135637
19031,"Iowa","Cedar","soybeans",913.664137428303
19031,"Iowa","Cedar","wheat",1.91373954160383
19033,"Iowa","Cerro Gordo","barley",0.0354628283421656
19033,"Iowa","Cerro Gordo","corn",562.325230180414
19033,"Iowa","Cerro Gordo","oats",1.89960535552772
19033,"Iowa","Cerro Gordo","soybeans",347.984201635746
19035,"Iowa","Cherokee","barley",0.872600947992409
19035,"Iowa","Cherokee","corn",3278.27224509732
19035,"Iowa","Cherokee","grain sorghum",0.99959200444931
19035,"Iowa","Cherokee","oats",8.05923874106456
19035,"Iowa","Cherokee","soybeans",2916.56932320916
19037,"Iowa","Chickasaw","barley",0.348383980043992
19037,"Iowa","Chickasaw","corn",3651.57198826275
19037,"Iowa","Chickasaw","oats",26.0932067758805
19037,"Iowa","Chickasaw","soybeans",2051.19689550314
19037,"Iowa","Chickasaw","wheat",1.29992547817904
19039,"Iowa","Clarke","corn",0
19039,"Iowa","Clarke","grain sorghum",0
19039,"Iowa","Clarke","oats",0
19039,"Iowa","Clarke","soybeans",0
19039,"Iowa","Clarke","wheat",0
19041,"Iowa","Clay","barley",0.476102046418953
19041,"Iowa","Clay","corn",1490.65243029905
19041,"Iowa","Clay","grain sorghum",0.517742865972166
19041,"Iowa","Clay","oats",4.03044237734259
19041,"Iowa","Clay","soybeans",1199.20098829282
19041,"Iowa","Clay","sunflower",0.107846726900409
19041,"Iowa","Clay","wheat",0.42804739146811
19043,"Iowa","Clayton","barley",0.547896023516142
19043,"Iowa","Clayton","corn",6511.55300482805
19043,"Iowa","Clayton","dry peas",4.56731147292641
19043,"Iowa","Clayton","grain sorghum",0.612648428586902
19043,"Iowa","Clayton","oats",213.417230993777
19043,"Iowa","Clayton","soybeans",2825.9660803405
19043,"Iowa","Clayton","sunflower",0.108114428574159
19043,"Iowa","Clayton","wheat",12.7899601507378
19045,"Iowa","Clinton","barley",0
19045,"Iowa","Clinton","corn",0
19045,"Iowa","Clinton","oats",0
19045,"Iowa","Clinton","soybeans",0
19045,"Iowa","Clinton","wheat",0
19047,"Iowa","Crawford","barley",2.4631012123005
19047,"Iowa","Crawford","canola",2.36385631892795
19047,"Iowa","Crawford","corn",10618.1243830985
19047,"Iowa","Crawford","oats",28.6898322006519
19047,"Iowa","Crawford","soybeans",7501.05827828638
19047,"Iowa","Crawford","wheat",27.6875488831993
19049,"Iowa","Dallas","barley",0
19049,"Iowa","Dallas","canola",0
19049,"Iowa","Dallas","corn",0
19049,"Iowa","Dallas","dry peas",0
19049,"Iowa","Dallas","grain sorghum",0
19049,"Iowa","Dallas","oats",0
19049,"Iowa","Dallas","soybeans",0
19049,"Iowa","Dallas","sunflower",0
19049,"Iowa","Dallas","wheat",0
19051,"Iowa","Davis","corn",1050.2286708737
19051,"Iowa","Davis","grain sorghum",1.76743513662693
19051,"Iowa","Davis","oats",24.5760268969379
19051,"Iowa","Davis","soybeans",1216.79687692258
19051,"Iowa","Davis","sunflower",0.0127353104155813
19051,"Iowa","Davis","wheat",36.9367548597151
19053,"Iowa","Decatur","corn",0
19053,"Iowa","Decatur","oats",0
19053,"Iowa","Decatur","soybeans",0
19053,"Iowa","Decatur","wheat",0
19055,"Iowa","Delaware","barley",0.255091926326516
19055,"Iowa","Delaware","corn",4777.40916186885
19055,"Iowa","Delaware","grain sorghum",0.143779085747673
19055,"Iowa","Delaware","oats",79.3648339834922
19055,"Iowa","Delaware","soybeans",1610.17693098338
19055,"Iowa","Delaware","wheat",2.37730215219566
19057,"Iowa","Des Moines","corn",0
19057,"Iowa","Des Moines","grain sorghum",0
19057,"Iowa","Des Moines","oats",0
19057,"Iowa","Des Moines","soybeans",0
19057,"Iowa","Des Moines","wheat",0
19059,"Iowa","Dickinson","corn",93.9277812145207
19059,"Iowa","Dickinson","oats",0.70986892675503
19059,"Iowa","Dickinson","soybeans",78.8202814914412
19059,"Iowa","Dickinson","sunflower",0.0494017006251591
19061,"Iowa","Dubuque","barley",20.0439623951779
19061,"Iowa","Dubuque","corn",13997.9726021232
19061,"Iowa","Dubuque","grain sorghum",6.89903180361597
19061,"Iowa","Dubuque","oats",467.881414996187
19061,"Iowa","Dubuque","soybeans",3755.42564279987
19061,"Iowa","Dubuque","sunflower",0.951279744601473
19061,"Iowa","Dubuque","wheat",35.3010661373716
19155,"Iowa","East Pottawattamie","corn",120295.8826865
19155,"Iowa","East Pottawattamie","grain sorghum",66.7343810897131
19155,"Iowa","East Pottawattamie","oats",294.218627450925
19155,"Iowa","East Pottawattamie","soybeans",107766.485683831
19155,"Iowa","East Pottawattamie","wheat",29.0998877944732
19063,"Iowa","Emmet","barley",0.0131840987491703
19063,"Iowa","Emmet","corn",261.520187100903
19063,"Iowa","Emmet","dry peas",0.962768811158158
19063,"Iowa","Emmet","oats",0.692217920726435
19063,"Iowa","Emmet","soybeans",198.399354303236
19063,"Iowa","Emmet","sunflower",0.0256210985692209
19065,"Iowa","Fayette","barley",3.58586307130728
19065,"Iowa","Fayette","corn",3186.07234901155
19065,"Iowa","Fayette","grain sorghum",0.501382223863559
19065,"Iowa","Fayette","oats",47.7232147283506
19065,"Iowa","Fayette","soybeans",1826.1088513181
19065,"Iowa","Fayette","sunflower",0.0624651147026833
19065,"Iowa","Fayette","wheat",1.38187453217266
19067,"Iowa","Floyd","corn",893.46906807517
19067,"Iowa","Floyd","grain sorghum",0.487281626431661
19067,"Iowa","Floyd","oats",3.98883231612736
19067,"Iowa","Floyd","soybeans",585.486159225143
19067,"Iowa","Floyd","wheat",0.0989920904275445
19069,"Iowa","Franklin","barley",0.33476042413
19069,"Iowa","Franklin","corn",3184.27730385786
19069,"Iowa","Franklin","dry peas",0.654923259946638
19069,"Iowa","Franklin","oats",15.0439792836267
19069,"Iowa","Franklin","soybeans",1788.24511359832
19069,"Iowa","Franklin","sunflower",0.162279257047634
19069,"Iowa","Franklin","wheat",0.125473652356418
19071,"Iowa","Fremont","corn",1584.77971935646
19071,"Iowa","Fremont","grain sorghum",1.07358688386606
19071,"Iowa","Fremont","oats",1.32912283506767
19071,"Iowa","Fremont","soybeans",1408.96633224094
19071,"Iowa","Fremont","sunflower",0.455874771834039
19071,"Iowa","Fremont","wheat",0.391103911816957
19073,"Iowa","Greene","barley",0.70236395069846
19073,"Iowa","Greene","corn",441.377742076955
19073,"Iowa","Greene","dry peas",0.135059993184211
19073,"Iowa","Greene","oats",1.30984799625431
19073,"Iowa","Greene","soybeans",331.785338067109
19073,"Iowa","Greene","sunflower",0.0744961394276266
19073,"Iowa","Greene","wheat",0.57348510962726
19075,"Iowa","Grundy","corn",2093.5427957667
19075,"Iowa","Grundy","oats",3.15075971444713
19075,"Iowa","Grundy","soybeans",1592.03991289428
19075,"Iowa","Grundy","wheat",0.4860316246288
19077,"Iowa","Guthrie","barley",0
19077,"Iowa","Guthrie","corn",0
19077,"Iowa","Guthrie","dry peas",0
19077,"Iowa","Guthrie","grain sorghum",0
19077,"Iowa","Guthrie","oats",0
19077,"Iowa","Guthrie","soybeans",0
19077,"Iowa","Guthrie","wheat",0
19079,"Iowa","Hamilton","corn",1665.55729686911
19079,"Iowa","Hamilton","oats",4.83073388099078
19079,"Iowa","Hamilton","soybeans",1074.95068245359
19079,"Iowa","Hamilton","sunflower",0.112008015447444
19079,"Iowa","Hamilton","wheat",0.0191121142026812
19081,"Iowa","Hancock","barley",0.0391351831457127
19081,"Iowa","Hancock","corn",216.883002513374
19081,"Iowa","Hancock","dry peas",0.0399247959204055
19081,"Iowa","Hancock","grain sorghum",0.00215909743080067
19081,"Iowa","Hancock","oats",1.08570522750302
19081,"Iowa","Hancock","soybeans",145.17201863244
19081,"Iowa","Hancock","sunflower",0.00155455015017648
19081,"Iowa","Hancock","wheat",0
19083,"Iowa","Hardin","corn",1979.45030917817
19083,"Iowa","Hardin","oats",3.84628170088175
19083,"Iowa","Hardin","soybeans",1054.49979365775
19083,"Iowa","Hardin","sunflower",0.0276154631022526
19085,"Iowa","Harrison","barley",0.362843299409561
19085,"Iowa","Harrison","corn",7524.56742037601
19085,"Iowa","Harrison","grain sorghum",1.03399605322867
19085,"Iowa","Harrison","oats",20.1737439268882
19085,"Iowa","Harrison","soybeans",5372.26948486753
19085,"Iowa","Harrison","sunflower",0.276247561286175
19085,"Iowa","Harrison","wheat",4.82603058232433
19087,"Iowa","Henry","barley",0
19087,"Iowa","Henry","corn",0
19087,"Iowa","Henry","grain sorghum",0
19087,"Iowa","Henry","oats",0
19087,"Iowa","Henry","soybeans",0
19087,"Iowa","Henry","wheat",0
19089,"Iowa","Howard","barley",0.55093155441021
19089,"Iowa","Howard","corn",3585.86107159416
19089,"Iowa","Howard","oats",32.1059461285363
19089,"Iowa","Howard","soybeans",2248.48253021077
19089,"Iowa","Howard","sunflower",0.33478190774801
19089,"Iowa","Howard","wheat",1.02673860437639
19091,"Iowa","Humboldt","canola",0.428793587791349
19091,"Iowa","Humboldt","corn",833.674266362941
19091,"Iowa","Humboldt","oats",4.82136799717368
19091,"Iowa","Humboldt","soybeans",652.816572052103
19093,"Iowa","Ida","barley",3.92580108612921
19093,"Iowa","Ida","corn",5397.81096463981
19093,"Iowa","Ida","oats",27.7848342564991
19093,"Iowa","Ida","soybeans",4095.4992106907
19093,"Iowa","Ida","wheat",2.70452266016064
19095,"Iowa","Iowa","barley",2.13463955681622
19095,"Iowa","Iowa","corn",6280.60422150597
19095,"Iowa","Iowa","grain sorghum",7.31832650344488
19095,"Iowa","Iowa","oats",72.4339091989778
19095,"Iowa","Iowa","soybeans",4891.48594033519
19095,"Iowa","Iowa","sunflower",0.275251385094521
19095,"Iowa","Iowa","wheat",6.65871151453255
19097,"Iowa","Jackson","corn",6209.27872802056
19097,"Iowa","Jackson","grain sorghum",0.285214973208084
19097,"Iowa","Jackson","oats",192.603798513599
19097,"Iowa","Jackson","soybeans",2893.6097150249
19097,"Iowa","Jackson","wheat",10.0605434677121
19099,"Iowa","Jasper","corn",6220.84250624077
19099,"Iowa","Jasper","grain sorghum",1.05753534851659
19099,"Iowa","Jasper","oats",51.092741759618
19099,"Iowa","Jasper","soybeans",4900.57026050669
19099,"Iowa","Jasper","wheat",0.192422811115144
19101,"Iowa","Jefferson","barley",1.17802656033041
19101,"Iowa","Jefferson","corn",2592.25399225216
19101,"Iowa","Jefferson","dry peas",1.37954676441825
19101,"Iowa","Jefferson","oats",34.2165536041612
19101,"Iowa","Jefferson","soybeans",2500.96377762824
19101,"Iowa","Jefferson","sunflower",0.0743891487958075
19101,"Iowa","Jefferson","wheat",10.3952140418749
19103,"Iowa","Johnson","barley",0.289776886853546
19103,"Iowa","Johnson","corn",2095.26518383943
19103,"Iowa","Johnson","grain sorghum",0.379026298906803
19103,"Iowa","Johnson","mustard",0.00300390691278728
19103,"Iowa","Johnson","oats",20.1691522105737
19103,"Iowa","Johnson","soybeans",1831.47489542795
19103,"Iowa","Johnson","sunflower",0.110944295312277
19103,"Iowa","Johnson","wheat",8.01967046739079
19105,"Iowa","Jones","barley",1.06822241757604
19105,"Iowa","Jones","corn",3439.02236073739
19105,"Iowa","Jones","grain sorghum",0.85323284812055
19105,"Iowa","Jones","oats",44.0965800871232
19105,"Iowa","Jones","soybeans",1691.65589651278
19105,"Iowa","Jones","wheat",14.5385407303585
19107,"Iowa","Keokuk","corn",10579.5965128947
19107,"Iowa","Keokuk","dry peas",3.33332479783467
19107,"Iowa","Keokuk","grain sorghum",2.19278717781881
19107,"Iowa","Keokuk","oats",85.4397812180984
19107,"Iowa","Keokuk","soybeans",9107.05487816207
19107,"Iowa","Keokuk","wheat",28.3282157494683
19109,"Iowa","Kossuth","barley",0.844491873505414
19109,"Iowa","Kossuth","corn",2104.25996498258
19109,"Iowa","Kossuth","dry peas",0.0152500988339153
19109,"Iowa","Kossuth","grain sorghum",0.0706023094162745
19109,"Iowa","Kossuth","oats",25.151197260911
19109,"Iowa","Kossuth","soybeans",1526.52999347465
19111,"Iowa","Lee","corn",3606.51805405357
19111,"Iowa","Lee","grain sorghum",0.396763587007692
19111,"Iowa","Lee","oats",24.5836289850905
19111,"Iowa","Lee","soybeans",3390.39739269337
19111,"Iowa","Lee","wheat",49.9511606809471
19113,"Iowa","Linn","barley",0.0119916407055908
19113,"Iowa","Linn","corn",1574.07117954792
19113,"Iowa","Linn","oats",12.7279488585582
19113,"Iowa","Linn","soybeans",1075.5172782161
19113,"Iowa","Linn","sunflower",0.0100911797901958
19113,"Iowa","Linn","wheat",1.33741055697925
19115,"Iowa","Louisa","corn",808.580430176115
19115,"Iowa","Louisa","grain sorghum",0.0535049735933473
19115,"Iowa","Louisa","oats",3.28051834294474
19115,"Iowa","Louisa","soybeans",716.806045622115
19115,"Iowa","Louisa","sunflower",0.0933483439291932
19115,"Iowa","Louisa","wheat",1.2171525412909
19117,"Iowa","Lucas","barley",3.87423577439451
19117,"Iowa","Lucas","corn",1451.68708036414
19117,"Iowa","Lucas","grain sorghum",0.132286675656539
19117,"Iowa","Lucas","oats",60.440371049599
19117,"Iowa","Lucas","soybeans",1666.97209195882
19117,"Iowa","Lucas","wheat",18.567934177386
19119,"Iowa","Lyon","barley",0.364508737951928
19119,"Iowa","Lyon","corn",4438.73900700482
19119,"Iowa","Lyon","oats",13.6566133194763
19119,"Iowa","Lyon","soybeans",2816.54660287309
19119,"Iowa","Lyon","wheat",0.0122680646860504
19121,"Iowa","Madison","corn",0
19121,"Iowa","Madison","dry peas",0
19121,"Iowa","Madison","oats",0
19121,"Iowa","Madison","soybeans",0
19121,"Iowa","Madison","sunflower",0
19121,"Iowa","Madison","wheat",0
19123,"Iowa","Mahaska","barley",0.55253944713955
19123,"Iowa","Mahaska","corn",8716.2608949787
19123,"Iowa","Mahaska","cotton",0.120700364666406
19123,"Iowa","Mahaska","grain sorghum",1.12050171865314
19123,"Iowa","Mahaska","oats",47.3213826365624
19123,"Iowa","Mahaska","soybeans",7070.50639357039
19123,"Iowa","Mahaska","sunflower",0.56326836844323
19123,"Iowa","Mahaska","wheat",0.74431891544284
19125,"Iowa","Marion","corn",1466.727323324
19125,"Iowa","Marion","grain sorghum",0.408303086888388
19125,"Iowa","Marion","oats",30.2621428081248
19125,"Iowa","Marion","soybeans",1432.26261943983
19125,"Iowa","Marion","wheat",0.741981341129037
19127,"Iowa","Marshall","corn",3697.35116262732
19127,"Iowa","Marshall","grain sorghum",0.707906492593888
19127,"Iowa","Marshall","oats",12.6165058866298
19127,"Iowa","Marshall","soybeans",2887.51653145635
19127,"Iowa","Marshall","wheat",0.200393537101782
19129,"Iowa","Mills","corn",0
19129,"Iowa","Mills","grain sorghum",0
19129,"Iowa","Mills","oats",0
19129,"Iowa","Mills","soybeans",0
19129,"Iowa","Mills","sunflower",0
19129,"Iowa","Mills","wheat",0
19131,"Iowa","Mitchell","barley",0.0139524996893164
19131,"Iowa","Mitchell","corn",81.0632644948507
19131,"Iowa","Mitchell","dry peas",0.040125283068785
19131,"Iowa","Mitchell","oats",0.669305095662462
19131,"Iowa","Mitchell","soybeans",43.5166982139279
19131,"Iowa","Mitchell","sunflower",0.00105301884447671
19131,"Iowa","Mitchell","wheat",0.0181013939365546
19133,"Iowa","Monona","corn",9011.07079669824
19133,"Iowa","Monona","dry peas",4.72659164394127
19133,"Iowa","Monona","oats",13.8347994260068
19133,"Iowa","Monona","soybeans",7292.45516046352
19133,"Iowa","Monona","sunflower",0.681086315973641
19133,"Iowa","Monona","wheat",2.61006545237006
19135,"Iowa","Monroe","corn",0
19135,"Iowa","Monroe","grain sorghum",0
19135,"Iowa","Monroe","oats",0
19135,"Iowa","Monroe","soybeans",0
19135,"Iowa","Monroe","wheat",0
19137,"Iowa","Montgomery","corn",5350.67408415578
19137,"Iowa","Montgomery","grain sorghum",1.31698511717164
19137,"Iowa","Montgomery","oats",29.1019735327852
19137,"Iowa","Montgomery","soybeans",5067.89106283097
19137,"Iowa","Montgomery","wheat",2.37022769666746
19139,"Iowa","Muscatine","corn",2214.39839232656
19139,"Iowa","Muscatine","grain sorghum",0.174027834745554
19139,"Iowa","Muscatine","oats",18.7988106014921
19139,"Iowa","Muscatine","soybeans",1877.89045934167
19139,"Iowa","Muscatine","sunflower",0.0128528681495978
19139,"Iowa","Muscatine","wheat",1.33762369406494
19141,"Iowa","O&#39;Brien","barley",1.10561362338377
19141,"Iowa","O&#39;Brien","canola",3.46631594223029
19141,"Iowa","O&#39;Brien","corn",2653.05807140642
19141,"Iowa","O&#39;Brien","oats",9.9332067154303
19141,"Iowa","O&#39;Brien","soybeans",2121.32711940017
19141,"Iowa","O&#39;Brien","sunflower",0.236838781573201
19141,"Iowa","O&#39;Brien","wheat",0.224667464056591
19143,"Iowa","Osceola","corn",2775.88267139509
19143,"Iowa","Osceola","oats",22.7203099341434
19143,"Iowa","Osceola","soybeans",2215.07306476219
19143,"Iowa","Osceola","wheat",1.23578724189899
19145,"Iowa","Page","corn",9406.53113843771
19145,"Iowa","Page","grain sorghum",10.0510172726297
19145,"Iowa","Page","oats",52.0413517331574
19145,"Iowa","Page","soybeans",9091.37903276072
19145,"Iowa","Page","wheat",11.2465931291386
19147,"Iowa","Palo Alto","barley",1.07063170809491
19147,"Iowa","Palo Alto","canola",0.965336447580766
19147,"Iowa","Palo Alto","corn",1318.32883678406
19147,"Iowa","Palo Alto","dry peas",0.957009631108476
19147,"Iowa","Palo Alto","oats",44.6429098126966
19147,"Iowa","Palo Alto","soybeans",910.565684217263
19147,"Iowa","Palo Alto","sunflower",0.0246112802136679
19147,"Iowa","Palo Alto","wheat",1.74898011898413
19149,"Iowa","Plymouth","barley",0.0902021786910982
19149,"Iowa","Plymouth","corn",6450.48441328316
19149,"Iowa","Plymouth","grain sorghum",0.221355039732756
19149,"Iowa","Plymouth","oats",31.1046995057271
19149,"Iowa","Plymouth","soybeans",5302.90053152681
19149,"Iowa","Plymouth","sunflower",0.173948168723324
19149,"Iowa","Plymouth","wheat",1.82501696383664
19151,"Iowa","Pocahontas","barley",0.224283554831299
19151,"Iowa","Pocahontas","canola",0.0689246646584196
19151,"Iowa","Pocahontas","corn",255.630114287262
19151,"Iowa","Pocahontas","oats",1.12936814044979
19151,"Iowa","Pocahontas","soybeans",205.8580197615
19151,"Iowa","Pocahontas","sunflower",0.00928959128261863
19153,"Iowa","Polk","corn",0
19153,"Iowa","Polk","cotton",0
19153,"Iowa","Polk","dry peas",0
19153,"Iowa","Polk","oats",0
19153,"Iowa","Polk","soybeans",0
19153,"Iowa","Polk","sunflower",0
19153,"Iowa","Polk","wheat",0
19157,"Iowa","Poweshiek","barley",2.58825570507182
19157,"Iowa","Poweshiek","corn",11449.4199723447
19157,"Iowa","Poweshiek","oats",137.294832705443
19157,"Iowa","Poweshiek","soybeans",9485.86511424471
19159,"Iowa","Ringgold","corn",2213.49620068227
19159,"Iowa","Ringgold","grain sorghum",3.1342697654886
19159,"Iowa","Ringgold","oats",65.4580264402931
19159,"Iowa","Ringgold","soybeans",2380.03331726988
19159,"Iowa","Ringgold","sunflower",0.243854426505986
19159,"Iowa","Ringgold","wheat",8.61259808220097
19161,"Iowa","Sac","barley",1.3728771453517
19161,"Iowa","Sac","canola",1.39862407912955
19161,"Iowa","Sac","corn",1655.87351645059
19161,"Iowa","Sac","grain sorghum",0.0816204343988374
19161,"Iowa","Sac","oats",6.09597961589776
19161,"Iowa","Sac","soybeans",1344.62259702362
19161,"Iowa","Sac","sunflower",0.248893832475754
19161,"Iowa","Sac","wheat",0.56149141862865
19163,"Iowa","Scott","barley",0
19163,"Iowa","Scott","corn",0
19163,"Iowa","Scott","grain sorghum",0
19163,"Iowa","Scott","oats",0
19163,"Iowa","Scott","soybeans",0
19163,"Iowa","Scott","sunflower",0
19163,"Iowa","Scott","wheat",0
19165,"Iowa","Shelby","barley",3.43214380827211
19165,"Iowa","Shelby","corn",6066.6245486038
19165,"Iowa","Shelby","grain sorghum",0.10710944996168
19165,"Iowa","Shelby","oats",17.1729295186562
19165,"Iowa","Shelby","soybeans",4941.49525945143
19165,"Iowa","Shelby","sunflower",0.251707207409949
19165,"Iowa","Shelby","wheat",3.91746862709848
19167,"Iowa","Sioux","barley",0.740493188372311
19167,"Iowa","Sioux","corn",4162.42345567591
19167,"Iowa","Sioux","dry peas",0.0662856160566017
19167,"Iowa","Sioux","grain sorghum",1.91230688042493
19167,"Iowa","Sioux","oats",12.35968225553
19167,"Iowa","Sioux","soybeans",2541.71724141165
19167,"Iowa","Sioux","wheat",1.72186830549431
19169,"Iowa","Story","barley",0
19169,"Iowa","Story","canola",0
19169,"Iowa","Story","corn",0
19169,"Iowa","Story","dry peas",0
19169,"Iowa","Story","grain sorghum",0
19169,"Iowa","Story","oats",0
19169,"Iowa","Story","soybeans",0
19169,"Iowa","Story","sunflower",0
19169,"Iowa","Story","wheat",0
19171,"Iowa","Tama","barley",0.30680274562187
19171,"Iowa","Tama","corn",5985.71390062348
19171,"Iowa","Tama","grain sorghum",2.25063275300071
19171,"Iowa","Tama","oats",56.4952423087498
19171,"Iowa","Tama","soybeans",4980.41909749814
19171,"Iowa","Tama","wheat",2.76862407093241
19173,"Iowa","Taylor","barley",0.666642104613096
19173,"Iowa","Taylor","corn",9513.77475560288
19173,"Iowa","Taylor","grain sorghum",4.66144987312163
19173,"Iowa","Taylor","oats",145.845196986279
19173,"Iowa","Taylor","soybeans",9701.98487816378
19173,"Iowa","Taylor","sunflower",1.28123407493208
19173,"Iowa","Taylor","wheat",16.0333431944176
19175,"Iowa","Union","corn",2406.76302759637
19175,"Iowa","Union","oats",46.7659232951951
19175,"Iowa","Union","soybeans",2352.12915296212
19175,"Iowa","Union","sunflower",0.497157836000432
19175,"Iowa","Union","wheat",3.95840497698275
19177,"Iowa","Van Buren","corn",2549.44867062503
19177,"Iowa","Van Buren","grain sorghum",1.12954498994935
19177,"Iowa","Van Buren","oats",36.1066411793867
19177,"Iowa","Van Buren","soybeans",2496.17773307387
19177,"Iowa","Van Buren","wheat",39.6734101317556
19179,"Iowa","Wapello","corn",2270.50693874358
19179,"Iowa","Wapello","grain sorghum",1.25680141455563
19179,"Iowa","Wapello","oats",39.3202930267239
19179,"Iowa","Wapello","soybeans",2235.49908279808
19179,"Iowa","Wapello","sunflower",0.140670426889836
19179,"Iowa","Wapello","wheat",14.7077135901666
19181,"Iowa","Warren","corn",0
19181,"Iowa","Warren","dry peas",0
19181,"Iowa","Warren","flaxseed",0
19181,"Iowa","Warren","grain sorghum",0
19181,"Iowa","Warren","oats",0
19181,"Iowa","Warren","soybeans",0
19181,"Iowa","Warren","sunflower",0
19181,"Iowa","Warren","wheat",0
19183,"Iowa","Washington","barley",0.276061441952667
19183,"Iowa","Washington","corn",1179.76279896976
19183,"Iowa","Washington","dry peas",0.754740749751657
19183,"Iowa","Washington","flaxseed",0.653614594959077
19183,"Iowa","Washington","grain sorghum",0.453183420202255
19183,"Iowa","Washington","mustard",0.169485175630023
19183,"Iowa","Washington","oats",8.81067688541054
19183,"Iowa","Washington","soybeans",958.344215096373
19183,"Iowa","Washington","wheat",1.8050569993246
19185,"Iowa","Wayne","barley",0.178935045436166
19185,"Iowa","Wayne","corn",2973.81045082122
19185,"Iowa","Wayne","dry peas",3.49281208691396
19185,"Iowa","Wayne","grain sorghum",3.21957827253293
19185,"Iowa","Wayne","oats",19.2617313685442
19185,"Iowa","Wayne","soybeans",3416.72201659525
19185,"Iowa","Wayne","wheat",23.7113091434054
19187,"Iowa","Webster","corn",387.847152022978
19187,"Iowa","Webster","oats",0.787632393780683
19187,"Iowa","Webster","soybeans",297.612097948891
19187,"Iowa","Webster","sunflower",0.059548093849255
19187,"Iowa","Webster","wheat",0.0255695404965564
19156,"Iowa","West Pottawattamie","corn",115072.074676475
19156,"Iowa","West Pottawattamie","oats",469.865433487619
19156,"Iowa","West Pottawattamie","soybeans",84295.8687295407
19156,"Iowa","West Pottawattamie","sunflower",3.4391744916104
19156,"Iowa","West Pottawattamie","wheat",300.184786004749
19189,"Iowa","Winnebago","corn",586.867154172658
19189,"Iowa","Winnebago","dry peas",0.666273143656269
19189,"Iowa","Winnebago","oats",1.47096724494342
19189,"Iowa","Winnebago","soybeans",407.364456389705
19189,"Iowa","Winnebago","sunflower",0.000916421977760802
19189,"Iowa","Winnebago","wheat",0.065065960421017
19191,"Iowa","Winneshiek","barley",16.431666226279
19191,"Iowa","Winneshiek","corn",11168.544517612
19191,"Iowa","Winneshiek","grain sorghum",1.07102289056267
19191,"Iowa","Winneshiek","oats",364.431232165558
19191,"Iowa","Winneshiek","soybeans",4607.83342336399
19191,"Iowa","Winneshiek","sunflower",1.19822406676831
19191,"Iowa","Winneshiek","wheat",16.3664136748489
19193,"Iowa","Woodbury","corn",9897.05627764512
19193,"Iowa","Woodbury","oats",18.6641876129371
19193,"Iowa","Woodbury","soybeans",7882.35823482195
19193,"Iowa","Woodbury","sunflower",0.733119874984427
19193,"Iowa","Woodbury","wheat",6.85584671168185
19195,"Iowa","Worth","barley",0
19195,"Iowa","Worth","corn",0
19195,"Iowa","Worth","oats",0
19195,"Iowa","Worth","soybeans",0
19197,"Iowa","Wright","barley",0.0886647732202501
19197,"Iowa","Wright","corn",1067.49025313587
19197,"Iowa","Wright","oats",1.80525090835834
19197,"Iowa","Wright","soybeans",797.223885644077
19197,"Iowa","Wright","wheat",0.476445538471171
20001,"Kansas","Allen","barley",0
20001,"Kansas","Allen","corn",0
20001,"Kansas","Allen","grain sorghum",0
20001,"Kansas","Allen","oats",0
20001,"Kansas","Allen","soybeans",0
20001,"Kansas","Allen","wheat",0
20003,"Kansas","Anderson","barley",0
20003,"Kansas","Anderson","corn",0
20003,"Kansas","Anderson","grain sorghum",0
20003,"Kansas","Anderson","oats",0
20003,"Kansas","Anderson","soybeans",0
20003,"Kansas","Anderson","sunflower",0
20003,"Kansas","Anderson","wheat",0
20005,"Kansas","Atchison","corn",5866.30208002107
20005,"Kansas","Atchison","grain sorghum",8.94259764260447
20005,"Kansas","Atchison","oats",19.9040531467768
20005,"Kansas","Atchison","soybeans",6258.7580021869
20005,"Kansas","Atchison","wheat",159.29693366928
20007,"Kansas","Barber","barley",11.7022308449912
20007,"Kansas","Barber","canola",220.755015947349
20007,"Kansas","Barber","corn",425.327686569455
20007,"Kansas","Barber","cotton",604.234121797441
20007,"Kansas","Barber","grain sorghum",934.394058365965
20007,"Kansas","Barber","oats",131.020916155981
20007,"Kansas","Barber","sesame",273.5458308188
20007,"Kansas","Barber","soybeans",1497.51628872319
20007,"Kansas","Barber","sunflower",10.6860116957507
20007,"Kansas","Barber","wheat",17480.1028390811
20009,"Kansas","Barton","barley",0
20009,"Kansas","Barton","corn",0
20009,"Kansas","Barton","cotton",0
20009,"Kansas","Barton","grain sorghum",0
20009,"Kansas","Barton","oats",0
20009,"Kansas","Barton","soybeans",0
20009,"Kansas","Barton","sunflower",0
20009,"Kansas","Barton","wheat",0
20011,"Kansas","Bourbon","barley",0
20011,"Kansas","Bourbon","corn",0
20011,"Kansas","Bourbon","grain sorghum",0
20011,"Kansas","Bourbon","oats",0
20011,"Kansas","Bourbon","soybeans",0
20011,"Kansas","Bourbon","sunflower",0
20011,"Kansas","Bourbon","wheat",0
20013,"Kansas","Brown","barley",8.59414495786108
20013,"Kansas","Brown","corn",9033.27471829667
20013,"Kansas","Brown","grain sorghum",7.14960117731309
20013,"Kansas","Brown","oats",11.7282331435411
20013,"Kansas","Brown","rice_long grain",0.209229183529079
20013,"Kansas","Brown","soybeans",8864.71575843661
20013,"Kansas","Brown","sunflower",3.82986896158783
20013,"Kansas","Brown","wheat",142.432879176229
20015,"Kansas","Butler","barley",8.72523687955072
20015,"Kansas","Butler","canola",35.6049958681382
20015,"Kansas","Butler","corn",7028.47312092714
20015,"Kansas","Butler","cotton",610.177091810469
20015,"Kansas","Butler","grain sorghum",343.837548989803
20015,"Kansas","Butler","oats",24.4342809024848
20015,"Kansas","Butler","soybeans",8689.18199771458
20015,"Kansas","Butler","sunflower",28.0200112075044
20015,"Kansas","Butler","wheat",3556.65728236705
20017,"Kansas","Chase","corn",0
20017,"Kansas","Chase","grain sorghum",0
20017,"Kansas","Chase","oats",0
20017,"Kansas","Chase","soybeans",0
20017,"Kansas","Chase","sunflower",0
20017,"Kansas","Chase","wheat",0
20019,"Kansas","Chautauqua","corn",0
20019,"Kansas","Chautauqua","grain sorghum",0
20019,"Kansas","Chautauqua","oats",0
20019,"Kansas","Chautauqua","soybeans",0
20019,"Kansas","Chautauqua","sunflower",0
20019,"Kansas","Chautauqua","wheat",0
20021,"Kansas","Cherokee","barley",1.00454518774325
20021,"Kansas","Cherokee","canola",19.1793881866824
20021,"Kansas","Cherokee","corn",4970.17564674451
20021,"Kansas","Cherokee","grain sorghum",144.372186161395
20021,"Kansas","Cherokee","oats",5.57723488235055
20021,"Kansas","Cherokee","soybeans",8726.41051321791
20021,"Kansas","Cherokee","sunflower",10.3380802582099
20021,"Kansas","Cherokee","wheat",5090.27260536119
20023,"Kansas","Cheyenne","barley",0
20023,"Kansas","Cheyenne","corn",0
20023,"Kansas","Cheyenne","dry peas",0
20023,"Kansas","Cheyenne","grain sorghum",0
20023,"Kansas","Cheyenne","oats",0
20023,"Kansas","Cheyenne","soybeans",0
20023,"Kansas","Cheyenne","sunflower",0
20023,"Kansas","Cheyenne","wheat",0
20025,"Kansas","Clark","barley",23.2679253282679
20025,"Kansas","Clark","canola",17.731320501633
20025,"Kansas","Clark","corn",430.701754078891
20025,"Kansas","Clark","cotton",106.158657035712
20025,"Kansas","Clark","grain sorghum",3364.93687897511
20025,"Kansas","Clark","oats",82.5683763007243
20025,"Kansas","Clark","sesame",4.69879993293275
20025,"Kansas","Clark","soybeans",82.651536193877
20025,"Kansas","Clark","sunflower",39.4060866828292
20025,"Kansas","Clark","wheat",13823.3324983034
20027,"Kansas","Clay","barley",0.0793229621831851
20027,"Kansas","Clay","corn",3660.07674131158
20027,"Kansas","Clay","grain sorghum",1191.50550515274
20027,"Kansas","Clay","oats",51.5526128334941
20027,"Kansas","Clay","soybeans",7116.40662897562
20027,"Kansas","Clay","sunflower",4.80932640874083
20027,"Kansas","Clay","wheat",3049.7228623556
20029,"Kansas","Cloud","canola",0.447986355366252
20029,"Kansas","Cloud","corn",138.161463317435
20029,"Kansas","Cloud","cotton",0.0160902471681641
20029,"Kansas","Cloud","dry peas",0.352104921196209
20029,"Kansas","Cloud","grain sorghum",67.1277739234811
20029,"Kansas","Cloud","oats",1.96168009383679
20029,"Kansas","Cloud","sesame",0.955053308693626
20029,"Kansas","Cloud","soybeans",241.610379344547
20029,"Kansas","Cloud","sunflower",0.282139744268388
20029,"Kansas","Cloud","wheat",140.007128743989
20031,"Kansas","Coffey","barley",0
20031,"Kansas","Coffey","canola",0
20031,"Kansas","Coffey","corn",0
20031,"Kansas","Coffey","grain sorghum",0
20031,"Kansas","Coffey","oats",0
20031,"Kansas","Coffey","soybeans",0
20031,"Kansas","Coffey","sunflower",0
20031,"Kansas","Coffey","wheat",0
20033,"Kansas","Comanche","grain sorghum",0
20033,"Kansas","Comanche","wheat",0
20035,"Kansas","Cowley","barley",0.0242680801687616
20035,"Kansas","Cowley","corn",132.378130406565
20035,"Kansas","Cowley","cotton",37.8752116788239
20035,"Kansas","Cowley","grain sorghum",53.7875453727917
20035,"Kansas","Cowley","oats",3.0378517323129
20035,"Kansas","Cowley","soybeans",438.506633250838
20035,"Kansas","Cowley","sunflower",0.784810121238865
20035,"Kansas","Cowley","wheat",337.351549357275
20037,"Kansas","Crawford","barley",0
20037,"Kansas","Crawford","corn",0
20037,"Kansas","Crawford","grain sorghum",0
20037,"Kansas","Crawford","oats",0
20037,"Kansas","Crawford","soybeans",0
20037,"Kansas","Crawford","sunflower",0
20037,"Kansas","Crawford","wheat",0
20039,"Kansas","Decatur","barley",0
20039,"Kansas","Decatur","corn",0
20039,"Kansas","Decatur","dry peas",0
20039,"Kansas","Decatur","grain sorghum",0
20039,"Kansas","Decatur","oats",0
20039,"Kansas","Decatur","soybeans",0
20039,"Kansas","Decatur","sunflower",0
20039,"Kansas","Decatur","wheat",0
20041,"Kansas","Dickinson","corn",224.785830979475
20041,"Kansas","Dickinson","grain sorghum",242.81205787686
20041,"Kansas","Dickinson","oats",14.9714256036697
20041,"Kansas","Dickinson","soybeans",985.646596758785
20041,"Kansas","Dickinson","sunflower",1.24519247097206
20041,"Kansas","Dickinson","wheat",907.467942976895
20043,"Kansas","Doniphan","corn",6858.06808749084
20043,"Kansas","Doniphan","oats",4.37995244173317
20043,"Kansas","Doniphan","soybeans",5033.25013211193
20043,"Kansas","Doniphan","wheat",28.4033279554817
20045,"Kansas","Douglas","barley",0
20045,"Kansas","Douglas","corn",0
20045,"Kansas","Douglas","grain sorghum",0
20045,"Kansas","Douglas","oats",0
20045,"Kansas","Douglas","soybeans",0
20045,"Kansas","Douglas","sunflower",0
20045,"Kansas","Douglas","wheat",0
20047,"Kansas","Edwards","barley",0
20047,"Kansas","Edwards","canola",0
20047,"Kansas","Edwards","corn",0
20047,"Kansas","Edwards","cotton",0
20047,"Kansas","Edwards","grain sorghum",0
20047,"Kansas","Edwards","oats",0
20047,"Kansas","Edwards","soybeans",0
20047,"Kansas","Edwards","sunflower",0
20047,"Kansas","Edwards","wheat",0
20049,"Kansas","Elk","corn",0
20049,"Kansas","Elk","grain sorghum",0
20049,"Kansas","Elk","oats",0
20049,"Kansas","Elk","soybeans",0
20049,"Kansas","Elk","wheat",0
20051,"Kansas","Ellis","barley",0
20051,"Kansas","Ellis","corn",0
20051,"Kansas","Ellis","cotton",0
20051,"Kansas","Ellis","grain sorghum",0
20051,"Kansas","Ellis","oats",0
20051,"Kansas","Ellis","soybeans",0
20051,"Kansas","Ellis","sunflower",0
20051,"Kansas","Ellis","wheat",0
20053,"Kansas","Ellsworth","barley",0
20053,"Kansas","Ellsworth","corn",0
20053,"Kansas","Ellsworth","grain sorghum",0
20053,"Kansas","Ellsworth","oats",0
20053,"Kansas","Ellsworth","soybeans",0
20053,"Kansas","Ellsworth","sunflower",0
20053,"Kansas","Ellsworth","wheat",0
20055,"Kansas","Finney","barley",0
20055,"Kansas","Finney","canola",0
20055,"Kansas","Finney","corn",0
20055,"Kansas","Finney","cotton",0
20055,"Kansas","Finney","grain sorghum",0
20055,"Kansas","Finney","oats",0
20055,"Kansas","Finney","soybeans",0
20055,"Kansas","Finney","sunflower",0
20055,"Kansas","Finney","wheat",0
20057,"Kansas","Ford","barley",15.742616900772
20057,"Kansas","Ford","corn",1615.93832763249
20057,"Kansas","Ford","cotton",55.2482457643367
20057,"Kansas","Ford","grain sorghum",4160.54901556881
20057,"Kansas","Ford","oats",40.3068993039571
20057,"Kansas","Ford","soybeans",401.101226010241
20057,"Kansas","Ford","sunflower",5.0587106125407
20057,"Kansas","Ford","wheat",8018.5330415402
20059,"Kansas","Franklin","barley",0
20059,"Kansas","Franklin","corn",0
20059,"Kansas","Franklin","grain sorghum",0
20059,"Kansas","Franklin","oats",0
20059,"Kansas","Franklin","soybeans",0
20059,"Kansas","Franklin","sunflower",0
20059,"Kansas","Franklin","wheat",0
20061,"Kansas","Geary","corn",0
20061,"Kansas","Geary","dry peas",0
20061,"Kansas","Geary","grain sorghum",0
20061,"Kansas","Geary","oats",0
20061,"Kansas","Geary","soybeans",0
20061,"Kansas","Geary","sunflower",0
20061,"Kansas","Geary","wheat",0
20063,"Kansas","Gove","barley",15.0547879479597
20063,"Kansas","Gove","corn",2281.39565126805
20063,"Kansas","Gove","grain sorghum",509.81059811578
20063,"Kansas","Gove","oats",53.1437925489253
20063,"Kansas","Gove","soybeans",30.1379585890293
20063,"Kansas","Gove","sunflower",44.5812371422958
20063,"Kansas","Gove","wheat",1600.83097438798
20065,"Kansas","Graham","barley",0
20065,"Kansas","Graham","corn",0
20065,"Kansas","Graham","dry peas",0
20065,"Kansas","Graham","grain sorghum",0
20065,"Kansas","Graham","oats",0
20065,"Kansas","Graham","soybeans",0
20065,"Kansas","Graham","sunflower",0
20065,"Kansas","Graham","wheat",0
20067,"Kansas","Grant","barley",0
20067,"Kansas","Grant","corn",0
20067,"Kansas","Grant","cotton",0
20067,"Kansas","Grant","grain sorghum",0
20067,"Kansas","Grant","oats",0
20067,"Kansas","Grant","soybeans",0
20067,"Kansas","Grant","sunflower",0
20067,"Kansas","Grant","wheat",0
20069,"Kansas","Gray","barley",0
20069,"Kansas","Gray","canola",0
20069,"Kansas","Gray","corn",0
20069,"Kansas","Gray","cotton",0
20069,"Kansas","Gray","grain sorghum",0
20069,"Kansas","Gray","oats",0
20069,"Kansas","Gray","soybeans",0
20069,"Kansas","Gray","sunflower",0
20069,"Kansas","Gray","wheat",0
20071,"Kansas","Greeley","barley",2.51255285405222
20071,"Kansas","Greeley","corn",3487.98723626692
20071,"Kansas","Greeley","dry peas",5.89483554219944
20071,"Kansas","Greeley","grain sorghum",3744.83768696817
20071,"Kansas","Greeley","oats",20.0098742930237
20071,"Kansas","Greeley","sunflower",59.603261987068
20071,"Kansas","Greeley","wheat",7917.2290520885
20073,"Kansas","Greenwood","barley",0
20073,"Kansas","Greenwood","corn",0
20073,"Kansas","Greenwood","grain sorghum",0
20073,"Kansas","Greenwood","oats",0
20073,"Kansas","Greenwood","soybeans",0
20073,"Kansas","Greenwood","sunflower",0
20073,"Kansas","Greenwood","wheat",0
20075,"Kansas","Hamilton","barley",47.8116421195632
20075,"Kansas","Hamilton","corn",563.101987210208
20075,"Kansas","Hamilton","grain sorghum",1072.56877506207
20075,"Kansas","Hamilton","oats",15.008262978768
20075,"Kansas","Hamilton","soybeans",13.8364035539145
20075,"Kansas","Hamilton","sunflower",8.1118684100513
20075,"Kansas","Hamilton","wheat",2298.43989399881
20077,"Kansas","Harper","barley",138.113521741344
20077,"Kansas","Harper","canola",953.982986514579
20077,"Kansas","Harper","corn",630.729771863271
20077,"Kansas","Harper","cotton",2140.1745744077
20077,"Kansas","Harper","grain sorghum",4729.08298355362
20077,"Kansas","Harper","oats",372.646788024457
20077,"Kansas","Harper","sesame",242.451551814946
20077,"Kansas","Harper","soybeans",5477.08390650158
20077,"Kansas","Harper","sunflower",15.4261301753086
20077,"Kansas","Harper","wheat",86197.0712854032
20079,"Kansas","Harvey","barley",41.7754429722907
20079,"Kansas","Harvey","canola",7.62258076428899
20079,"Kansas","Harvey","corn",8316.84554644988
20079,"Kansas","Harvey","cotton",257.024256511493
20079,"Kansas","Harvey","dry peas",6.71886009168745
20079,"Kansas","Harvey","grain sorghum",1191.69478659828
20079,"Kansas","Harvey","oats",72.2806937148491
20079,"Kansas","Harvey","soybeans",12075.2656411336
20079,"Kansas","Harvey","sunflower",33.6310239661878
20079,"Kansas","Harvey","wheat",9017.86500113083
20081,"Kansas","Haskell","barley",0
20081,"Kansas","Haskell","corn",0
20081,"Kansas","Haskell","cotton",0
20081,"Kansas","Haskell","grain sorghum",0
20081,"Kansas","Haskell","oats",0
20081,"Kansas","Haskell","soybeans",0
20081,"Kansas","Haskell","sunflower",0
20081,"Kansas","Haskell","wheat",0
20083,"Kansas","Hodgeman","corn",0
20083,"Kansas","Hodgeman","cotton",0
20083,"Kansas","Hodgeman","grain sorghum",0
20083,"Kansas","Hodgeman","oats",0
20083,"Kansas","Hodgeman","soybeans",0
20083,"Kansas","Hodgeman","sunflower",0
20083,"Kansas","Hodgeman","wheat",0
20085,"Kansas","Jackson","barley",0
20085,"Kansas","Jackson","corn",0
20085,"Kansas","Jackson","grain sorghum",0
20085,"Kansas","Jackson","oats",0
20085,"Kansas","Jackson","soybeans",0
20085,"Kansas","Jackson","sunflower",0
20085,"Kansas","Jackson","wheat",0
20087,"Kansas","Jefferson","corn",3041.11466564542
20087,"Kansas","Jefferson","grain sorghum",21.7765697028996
20087,"Kansas","Jefferson","oats",20.2627621890323
20087,"Kansas","Jefferson","soybeans",3123.44066425062
20087,"Kansas","Jefferson","sunflower",1.31330236216967
20087,"Kansas","Jefferson","wheat",144.833639183174
20089,"Kansas","Jewell","barley",1.45264461210906
20089,"Kansas","Jewell","canola",1.5992211920551
20089,"Kansas","Jewell","corn",1631.37751024905
20089,"Kansas","Jewell","grain sorghum",467.501446714319
20089,"Kansas","Jewell","oats",39.5030273584698
20089,"Kansas","Jewell","soybeans",2161.40860755086
20089,"Kansas","Jewell","sunflower",7.925210757322
20089,"Kansas","Jewell","wheat",1339.12933156582
20091,"Kansas","Johnson","corn",1134.52577938842
20091,"Kansas","Johnson","grain sorghum",2.1791917214201
20091,"Kansas","Johnson","mustard",0.000928632835832431
20091,"Kansas","Johnson","oats",4.25290622990358
20091,"Kansas","Johnson","soybeans",2764.79551202957
20091,"Kansas","Johnson","sunflower",0.956182276628793
20091,"Kansas","Johnson","wheat",210.810983054559
20093,"Kansas","Kearny","barley",0
20093,"Kansas","Kearny","corn",0
20093,"Kansas","Kearny","grain sorghum",0
20093,"Kansas","Kearny","oats",0
20093,"Kansas","Kearny","soybeans",0
20093,"Kansas","Kearny","sunflower",0
20093,"Kansas","Kearny","wheat",0
20095,"Kansas","Kingman","barley",0
20095,"Kansas","Kingman","canola",0
20095,"Kansas","Kingman","corn",0
20095,"Kansas","Kingman","cotton",0
20095,"Kansas","Kingman","grain sorghum",0
20095,"Kansas","Kingman","oats",0
20095,"Kansas","Kingman","soybeans",0
20095,"Kansas","Kingman","sunflower",0
20095,"Kansas","Kingman","wheat",0
20097,"Kansas","Kiowa","corn",0
20097,"Kansas","Kiowa","cotton",0
20097,"Kansas","Kiowa","grain sorghum",0
20097,"Kansas","Kiowa","oats",0
20097,"Kansas","Kiowa","soybeans",0
20097,"Kansas","Kiowa","sunflower",0
20097,"Kansas","Kiowa","wheat",0
20099,"Kansas","Labette","barley",1.18492181004535
20099,"Kansas","Labette","corn",149.979512916552
20099,"Kansas","Labette","grain sorghum",5.29228776109066
20099,"Kansas","Labette","oats",4.99451459918709
20099,"Kansas","Labette","soybeans",299.681055816601
20099,"Kansas","Labette","sunflower",0.227135221261833
20099,"Kansas","Labette","wheat",160.539905208626
20101,"Kansas","Lane","barley",0
20101,"Kansas","Lane","corn",0
20101,"Kansas","Lane","grain sorghum",0
20101,"Kansas","Lane","oats",0
20101,"Kansas","Lane","soybeans",0
20101,"Kansas","Lane","sunflower",0
20101,"Kansas","Lane","wheat",0
20103,"Kansas","Leavenworth","corn",0
20103,"Kansas","Leavenworth","grain sorghum",0
20103,"Kansas","Leavenworth","oats",0
20103,"Kansas","Leavenworth","soybeans",0
20103,"Kansas","Leavenworth","sunflower",0
20103,"Kansas","Leavenworth","wheat",0
20105,"Kansas","Lincoln","barley",0
20105,"Kansas","Lincoln","corn",0
20105,"Kansas","Lincoln","grain sorghum",0
20105,"Kansas","Lincoln","oats",0
20105,"Kansas","Lincoln","soybeans",0
20105,"Kansas","Lincoln","sunflower",0
20105,"Kansas","Lincoln","wheat",0
20107,"Kansas","Linn","corn",0
20107,"Kansas","Linn","grain sorghum",0
20107,"Kansas","Linn","oats",0
20107,"Kansas","Linn","soybeans",0
20107,"Kansas","Linn","sunflower",0
20107,"Kansas","Linn","wheat",0
20109,"Kansas","Logan","barley",14.4016388444733
20109,"Kansas","Logan","corn",11118.8026423189
20109,"Kansas","Logan","grain sorghum",2385.02935619806
20109,"Kansas","Logan","oats",71.6273704458466
20109,"Kansas","Logan","soybeans",89.7117632164149
20109,"Kansas","Logan","sunflower",62.5390467259782
20109,"Kansas","Logan","wheat",7364.74868225037
20111,"Kansas","Lyon","corn",0
20111,"Kansas","Lyon","grain sorghum",0
20111,"Kansas","Lyon","oats",0
20111,"Kansas","Lyon","soybeans",0
20111,"Kansas","Lyon","sunflower",0
20111,"Kansas","Lyon","wheat",0
20115,"Kansas","Marion","barley",26.9167215433335
20115,"Kansas","Marion","corn",5116.31876160991
20115,"Kansas","Marion","cotton",15.4104022607035
20115,"Kansas","Marion","grain sorghum",1032.4237840379
20115,"Kansas","Marion","oats",285.239400710742
20115,"Kansas","Marion","soybeans",8823.72256036749
20115,"Kansas","Marion","sunflower",107.677494670537
20115,"Kansas","Marion","wheat",7909.92578146603
20117,"Kansas","Marshall","barley",2.14714832998981
20117,"Kansas","Marshall","corn",6904.37888262821
20117,"Kansas","Marshall","grain sorghum",221.569547762728
20117,"Kansas","Marshall","oats",43.6299567166446
20117,"Kansas","Marshall","soybeans",7662.83271561358
20117,"Kansas","Marshall","sunflower",2.97935844213491
20117,"Kansas","Marshall","wheat",496.988723840054
20113,"Kansas","McPherson","barley",11.6257460876268
20113,"Kansas","McPherson","canola",5.75565781749713
20113,"Kansas","McPherson","corn",3725.13947461197
20113,"Kansas","McPherson","cotton",10.4768643431961
20113,"Kansas","McPherson","grain sorghum",2928.80965368555
20113,"Kansas","McPherson","oats",121.204269948581
20113,"Kansas","McPherson","soybeans",8342.39520490042
20113,"Kansas","McPherson","sunflower",94.6910056035086
20113,"Kansas","McPherson","wheat",13059.1511230017
20119,"Kansas","Meade","corn",0
20119,"Kansas","Meade","cotton",0
20119,"Kansas","Meade","dry peas",0
20119,"Kansas","Meade","grain sorghum",0
20119,"Kansas","Meade","oats",0
20119,"Kansas","Meade","soybeans",0
20119,"Kansas","Meade","sunflower",0
20119,"Kansas","Meade","wheat",0
20121,"Kansas","Miami","corn",1499.13879173939
20121,"Kansas","Miami","grain sorghum",18.5109097442321
20121,"Kansas","Miami","oats",10.5138716788423
20121,"Kansas","Miami","soybeans",3876.38619540543
20121,"Kansas","Miami","sunflower",3.04200893227732
20121,"Kansas","Miami","wheat",269.27355583316
20123,"Kansas","Mitchell","barley",0.391733003795768
20123,"Kansas","Mitchell","corn",377.017304501675
20123,"Kansas","Mitchell","grain sorghum",554.549798551121
20123,"Kansas","Mitchell","oats",33.618554066632
20123,"Kansas","Mitchell","soybeans",845.066628261172
20123,"Kansas","Mitchell","sunflower",1.04311265460008
20123,"Kansas","Mitchell","wheat",1152.76320229429
20125,"Kansas","Montgomery","canola",13.1426099192583
20125,"Kansas","Montgomery","corn",2778.16538361056
20125,"Kansas","Montgomery","grain sorghum",43.4802128806958
20125,"Kansas","Montgomery","oats",9.19575025703485
20125,"Kansas","Montgomery","soybeans",6697.77898235931
20125,"Kansas","Montgomery","sunflower",2.17773454030755
20125,"Kansas","Montgomery","wheat",3325.38449309947
20127,"Kansas","Morris","barley",0
20127,"Kansas","Morris","corn",0
20127,"Kansas","Morris","grain sorghum",0
20127,"Kansas","Morris","oats",0
20127,"Kansas","Morris","soybeans",0
20127,"Kansas","Morris","sunflower",0
20127,"Kansas","Morris","wheat",0
20129,"Kansas","Morton","barley",58.247456026346
20129,"Kansas","Morton","corn",4076.15313750025
20129,"Kansas","Morton","cotton",284.431915835252
20129,"Kansas","Morton","grain sorghum",8681.60714015
20129,"Kansas","Morton","oats",80.1348365087397
20129,"Kansas","Morton","soybeans",24.9994246041635
20129,"Kansas","Morton","sunflower",142.954757783398
20129,"Kansas","Morton","wheat",12339.0926649252
20131,"Kansas","Nemaha","barley",6.33170484085101
20131,"Kansas","Nemaha","corn",18940.5654842708
20131,"Kansas","Nemaha","grain sorghum",129.286171814464
20131,"Kansas","Nemaha","oats",76.9560616103211
20131,"Kansas","Nemaha","soybeans",18862.9690549815
20131,"Kansas","Nemaha","sunflower",19.2285666830345
20131,"Kansas","Nemaha","wheat",617.039122465756
20133,"Kansas","Neosho","barley",0
20133,"Kansas","Neosho","corn",0
20133,"Kansas","Neosho","grain sorghum",0
20133,"Kansas","Neosho","oats",0
20133,"Kansas","Neosho","soybeans",0
20133,"Kansas","Neosho","sunflower",0
20133,"Kansas","Neosho","wheat",0
20135,"Kansas","Ness","barley",0
20135,"Kansas","Ness","corn",0
20135,"Kansas","Ness","grain sorghum",0
20135,"Kansas","Ness","oats",0
20135,"Kansas","Ness","soybeans",0
20135,"Kansas","Ness","sunflower",0
20135,"Kansas","Ness","wheat",0
20137,"Kansas","Norton","barley",3.37544127556061
20137,"Kansas","Norton","corn",5793.13758376534
20137,"Kansas","Norton","grain sorghum",701.751198508034
20137,"Kansas","Norton","oats",180.696031689618
20137,"Kansas","Norton","soybeans",1108.78681880641
20137,"Kansas","Norton","wheat",2573.20342595501
20139,"Kansas","Osage","barley",0.946684814603866
20139,"Kansas","Osage","corn",1047.30190865376
20139,"Kansas","Osage","grain sorghum",57.5601752410927
20139,"Kansas","Osage","oats",6.01100589576802
20139,"Kansas","Osage","soybeans",2759.82424990216
20139,"Kansas","Osage","sunflower",5.22996275336742
20139,"Kansas","Osage","wheat",200.768846072565
20141,"Kansas","Osborne","barley",1.33927786499231
20141,"Kansas","Osborne","corn",250.816305250795
20141,"Kansas","Osborne","dry peas",1.80275685311682
20141,"Kansas","Osborne","grain sorghum",380.206472082936
20141,"Kansas","Osborne","oats",19.3282766049343
20141,"Kansas","Osborne","soybeans",407.576622326557
20141,"Kansas","Osborne","sunflower",3.76059473790022
20141,"Kansas","Osborne","wheat",581.450860945479
20143,"Kansas","Ottawa","barley",0
20143,"Kansas","Ottawa","corn",0
20143,"Kansas","Ottawa","grain sorghum",0
20143,"Kansas","Ottawa","oats",0
20143,"Kansas","Ottawa","soybeans",0
20143,"Kansas","Ottawa","sunflower",0
20143,"Kansas","Ottawa","wheat",0
20145,"Kansas","Pawnee","barley",0
20145,"Kansas","Pawnee","canola",0
20145,"Kansas","Pawnee","corn",0
20145,"Kansas","Pawnee","cotton",0
20145,"Kansas","Pawnee","grain sorghum",0
20145,"Kansas","Pawnee","oats",0
20145,"Kansas","Pawnee","soybeans",0
20145,"Kansas","Pawnee","sunflower",0
20145,"Kansas","Pawnee","wheat",0
20147,"Kansas","Phillips","barley",15.6312860523768
20147,"Kansas","Phillips","corn",5964.99811116775
20147,"Kansas","Phillips","grain sorghum",1623.50526384806
20147,"Kansas","Phillips","oats",304.130420529953
20147,"Kansas","Phillips","soybeans",2707.77423464469
20147,"Kansas","Phillips","sunflower",12.737328331617
20147,"Kansas","Phillips","wheat",4605.03035542558
20149,"Kansas","Pottawatomie","corn",0
20149,"Kansas","Pottawatomie","grain sorghum",0
20149,"Kansas","Pottawatomie","oats",0
20149,"Kansas","Pottawatomie","soybeans",0
20149,"Kansas","Pottawatomie","wheat",0
20151,"Kansas","Pratt","canola",16.4189467257132
20151,"Kansas","Pratt","corn",3641.03485827487
20151,"Kansas","Pratt","cotton",1422.09545367769
20151,"Kansas","Pratt","grain sorghum",2085.89920012834
20151,"Kansas","Pratt","oats",57.912461382974
20151,"Kansas","Pratt","sesame",4.38536966497097
20151,"Kansas","Pratt","soybeans",2273.68423655209
20151,"Kansas","Pratt","sunflower",20.9971059690664
20151,"Kansas","Pratt","wheat",8743.32836762428
20153,"Kansas","Rawlins","barley",0.753906650107911
20153,"Kansas","Rawlins","corn",3140.73438969401
20153,"Kansas","Rawlins","dry peas",16.8525943642687
20153,"Kansas","Rawlins","grain sorghum",723.97554797741
20153,"Kansas","Rawlins","oats",44.9951718416822
20153,"Kansas","Rawlins","soybeans",56.3890586482585
20153,"Kansas","Rawlins","sunflower",26.6739800925387
20153,"Kansas","Rawlins","wheat",2881.12390406501
20155,"Kansas","Reno","barley",0
20155,"Kansas","Reno","canola",0
20155,"Kansas","Reno","corn",0
20155,"Kansas","Reno","cotton",0
20155,"Kansas","Reno","dry peas",0
20155,"Kansas","Reno","grain sorghum",0
20155,"Kansas","Reno","oats",0
20155,"Kansas","Reno","soybeans",0
20155,"Kansas","Reno","sunflower",0
20155,"Kansas","Reno","wheat",0
20157,"Kansas","Republic","corn",1468.35190475476
20157,"Kansas","Republic","grain sorghum",85.8408978712712
20157,"Kansas","Republic","oats",17.8534659370418
20157,"Kansas","Republic","soybeans",1366.13866623029
20157,"Kansas","Republic","sunflower",4.10230202822903
20157,"Kansas","Republic","wheat",401.541763178498
20159,"Kansas","Rice","barley",14.6931222917815
20159,"Kansas","Rice","canola",0.753356722617171
20159,"Kansas","Rice","corn",2261.14793299987
20159,"Kansas","Rice","cotton",109.404261393853
20159,"Kansas","Rice","grain sorghum",2644.6784302275
20159,"Kansas","Rice","oats",102.107676010796
20159,"Kansas","Rice","soybeans",3783.07060258495
20159,"Kansas","Rice","sunflower",62.6666303693688
20159,"Kansas","Rice","wheat",9170.13742073258
20161,"Kansas","Riley","corn",0
20161,"Kansas","Riley","grain sorghum",0
20161,"Kansas","Riley","oats",0
20161,"Kansas","Riley","soybeans",0
20161,"Kansas","Riley","sunflower",0
20161,"Kansas","Riley","wheat",0
20163,"Kansas","Rooks","barley",41.1843752128022
20163,"Kansas","Rooks","canola",3.46457106261573
20163,"Kansas","Rooks","corn",1811.27978951848
20163,"Kansas","Rooks","dry peas",19.5075730655046
20163,"Kansas","Rooks","grain sorghum",3766.67948542731
20163,"Kansas","Rooks","oats",206.452023369357
20163,"Kansas","Rooks","soybeans",1630.50798205842
20163,"Kansas","Rooks","sunflower",26.5361687600629
20163,"Kansas","Rooks","wheat",4945.46269819212
20165,"Kansas","Rush","barley",0
20165,"Kansas","Rush","corn",0
20165,"Kansas","Rush","cotton",0
20165,"Kansas","Rush","grain sorghum",0
20165,"Kansas","Rush","oats",0
20165,"Kansas","Rush","soybeans",0
20165,"Kansas","Rush","sunflower",0
20165,"Kansas","Rush","wheat",0
20167,"Kansas","Russell","barley",0
20167,"Kansas","Russell","corn",0
20167,"Kansas","Russell","dry peas",0
20167,"Kansas","Russell","grain sorghum",0
20167,"Kansas","Russell","oats",0
20167,"Kansas","Russell","soybeans",0
20167,"Kansas","Russell","sunflower",0
20167,"Kansas","Russell","wheat",0
20169,"Kansas","Saline","barley",0.204303364710545
20169,"Kansas","Saline","canola",1.72860578580702
20169,"Kansas","Saline","corn",291.481952446715
20169,"Kansas","Saline","grain sorghum",814.501107440247
20169,"Kansas","Saline","oats",20.9892805788492
20169,"Kansas","Saline","soybeans",1966.38086837934
20169,"Kansas","Saline","sunflower",17.8121639372444
20169,"Kansas","Saline","wheat",2733.50621806713
20171,"Kansas","Scott","barley",41.9169582005144
20171,"Kansas","Scott","corn",13154.3122913113
20171,"Kansas","Scott","cotton",56.5467476562769
20171,"Kansas","Scott","dry peas",11.2685573066467
20171,"Kansas","Scott","grain sorghum",11507.5716834622
20171,"Kansas","Scott","oats",53.8525744864559
20171,"Kansas","Scott","soybeans",67.3502028644226
20171,"Kansas","Scott","sunflower",292.921183739298
20171,"Kansas","Scott","wheat",16640.5846343063
20173,"Kansas","Sedgwick","barley",7.74178346360592
20173,"Kansas","Sedgwick","canola",7.93216344906144
20173,"Kansas","Sedgwick","corn",2600.94505680624
20173,"Kansas","Sedgwick","cotton",271.108154131961
20173,"Kansas","Sedgwick","grain sorghum",1300.55451576054
20173,"Kansas","Sedgwick","oats",66.2910365766382
20173,"Kansas","Sedgwick","soybeans",5632.03227426067
20173,"Kansas","Sedgwick","sunflower",5.38727990605591
20173,"Kansas","Sedgwick","wheat",7133.55700231193
20175,"Kansas","Seward","barley",0
20175,"Kansas","Seward","corn",0
20175,"Kansas","Seward","cotton",0
20175,"Kansas","Seward","grain sorghum",0
20175,"Kansas","Seward","oats",0
20175,"Kansas","Seward","soybeans",0
20175,"Kansas","Seward","wheat",0
20177,"Kansas","Shawnee","corn",127.149146968306
20177,"Kansas","Shawnee","grain sorghum",2.48444031414626
20177,"Kansas","Shawnee","oats",0.292970659589282
20177,"Kansas","Shawnee","soybeans",152.616556603174
20177,"Kansas","Shawnee","sunflower",0.192641366044905
20177,"Kansas","Shawnee","wheat",5.44064408873631
20179,"Kansas","Sheridan","barley",49.1653915618051
20179,"Kansas","Sheridan","corn",12977.6059637679
20179,"Kansas","Sheridan","dry peas",11.2798011449993
20179,"Kansas","Sheridan","grain sorghum",1284.28948321249
20179,"Kansas","Sheridan","oats",323.429951168341
20179,"Kansas","Sheridan","soybeans",939.270672158712
20179,"Kansas","Sheridan","sunflower",90.2166649650158
20179,"Kansas","Sheridan","wheat",6029.73607202077
20181,"Kansas","Sherman","barley",7.39118875327931
20181,"Kansas","Sherman","canola",0.14828345377228
20181,"Kansas","Sherman","corn",15427.037004448
20181,"Kansas","Sherman","dry peas",54.8727369187936
20181,"Kansas","Sherman","grain sorghum",2542.6147507153
20181,"Kansas","Sherman","oats",81.1810390036178
20181,"Kansas","Sherman","soybeans",287.630308636067
20181,"Kansas","Sherman","sunflower",299.334432854903
20181,"Kansas","Sherman","wheat",9449.68442188289
20183,"Kansas","Smith","barley",5.49745121882064
20183,"Kansas","Smith","canola",16.4649272042948
20183,"Kansas","Smith","corn",12480.9669722604
20183,"Kansas","Smith","grain sorghum",3035.53928538876
20183,"Kansas","Smith","oats",229.067539680664
20183,"Kansas","Smith","soybeans",11616.8797786275
20183,"Kansas","Smith","sunflower",10.3172620770214
20183,"Kansas","Smith","wheat",9943.40745020917
20185,"Kansas","Stafford","barley",0
20185,"Kansas","Stafford","canola",0
20185,"Kansas","Stafford","corn",0
20185,"Kansas","Stafford","cotton",0
20185,"Kansas","Stafford","grain sorghum",0
20185,"Kansas","Stafford","oats",0
20185,"Kansas","Stafford","soybeans",0
20185,"Kansas","Stafford","sunflower",0
20185,"Kansas","Stafford","wheat",0
20187,"Kansas","Stanton","corn",1419.58764453257
20187,"Kansas","Stanton","cotton",5.30301564140159
20187,"Kansas","Stanton","grain sorghum",643.920902516236
20187,"Kansas","Stanton","oats",1.69957949586484
20187,"Kansas","Stanton","soybeans",2.38567450883222
20187,"Kansas","Stanton","sunflower",5.03125636492965
20187,"Kansas","Stanton","wheat",1366.07276027352
20189,"Kansas","Stevens","barley",0
20189,"Kansas","Stevens","canola",0
20189,"Kansas","Stevens","corn",0
20189,"Kansas","Stevens","cotton",0
20189,"Kansas","Stevens","grain sorghum",0
20189,"Kansas","Stevens","oats",0
20189,"Kansas","Stevens","soybeans",0
20189,"Kansas","Stevens","sunflower",0
20189,"Kansas","Stevens","wheat",0
20191,"Kansas","Sumner","barley",7.3324650198583
20191,"Kansas","Sumner","canola",320.921887567614
20191,"Kansas","Sumner","corn",6149.92661956514
20191,"Kansas","Sumner","cotton",6794.52608603934
20191,"Kansas","Sumner","grain sorghum",5296.94552323792
20191,"Kansas","Sumner","oats",262.878961510112
20191,"Kansas","Sumner","sesame",38.6542740572856
20191,"Kansas","Sumner","soybeans",25950.0975330768
20191,"Kansas","Sumner","sunflower",56.9552397071554
20191,"Kansas","Sumner","wheat",49548.4562302188
20193,"Kansas","Thomas","barley",33.4207673560979
20193,"Kansas","Thomas","corn",23245.0964578392
20193,"Kansas","Thomas","dry peas",14.7648377017975
20193,"Kansas","Thomas","grain sorghum",2741.90951753489
20193,"Kansas","Thomas","oats",157.75755310105
20193,"Kansas","Thomas","soybeans",1293.61162094188
20193,"Kansas","Thomas","sunflower",99.0331306661877
20193,"Kansas","Thomas","wheat",11296.7744081921
20195,"Kansas","Trego","barley",8.4647788422472
20195,"Kansas","Trego","corn",912.452093296698
20195,"Kansas","Trego","flaxseed",1.78949591513712
20195,"Kansas","Trego","grain sorghum",1754.72557441288
20195,"Kansas","Trego","oats",35.9874786517735
20195,"Kansas","Trego","soybeans",39.4633393762876
20195,"Kansas","Trego","sunflower",17.9492756156189
20195,"Kansas","Trego","wheat",2075.01429722271
20197,"Kansas","Wabaunsee","barley",0
20197,"Kansas","Wabaunsee","corn",0
20197,"Kansas","Wabaunsee","grain sorghum",0
20197,"Kansas","Wabaunsee","oats",0
20197,"Kansas","Wabaunsee","rice_short/medium grain",0
20197,"Kansas","Wabaunsee","safflower",0
20197,"Kansas","Wabaunsee","soybeans",0
20197,"Kansas","Wabaunsee","wheat",0
20199,"Kansas","Wallace","barley",11.4964549487078
20199,"Kansas","Wallace","corn",9890.62397681534
20199,"Kansas","Wallace","grain sorghum",2540.68582037965
20199,"Kansas","Wallace","oats",62.2354642206082
20199,"Kansas","Wallace","soybeans",22.422794750067
20199,"Kansas","Wallace","sunflower",78.6048303496442
20199,"Kansas","Wallace","wheat",7040.31265853599
20201,"Kansas","Washington","barley",0
20201,"Kansas","Washington","canola",0
20201,"Kansas","Washington","corn",0
20201,"Kansas","Washington","grain sorghum",0
20201,"Kansas","Washington","oats",0
20201,"Kansas","Washington","soybeans",0
20201,"Kansas","Washington","sunflower",0
20201,"Kansas","Washington","wheat",0
20203,"Kansas","Wichita","barley",0
20203,"Kansas","Wichita","corn",0
20203,"Kansas","Wichita","dry peas",0
20203,"Kansas","Wichita","grain sorghum",0
20203,"Kansas","Wichita","oats",0
20203,"Kansas","Wichita","soybeans",0
20203,"Kansas","Wichita","sunflower",0
20203,"Kansas","Wichita","wheat",0
20205,"Kansas","Wilson","canola",5.62932625848313
20205,"Kansas","Wilson","corn",3084.84909667666
20205,"Kansas","Wilson","grain sorghum",53.6674832626113
20205,"Kansas","Wilson","oats",7.36817292164575
20205,"Kansas","Wilson","soybeans",5928.3390868356
20205,"Kansas","Wilson","wheat",2187.12127404501
20207,"Kansas","Woodson","barley",0
20207,"Kansas","Woodson","corn",0
20207,"Kansas","Woodson","grain sorghum",0
20207,"Kansas","Woodson","oats",0
20207,"Kansas","Woodson","soybeans",0
20207,"Kansas","Woodson","sunflower",0
20207,"Kansas","Woodson","wheat",0
20209,"Kansas","Wyandotte","corn",0
20209,"Kansas","Wyandotte","soybeans",0
20209,"Kansas","Wyandotte","wheat",0
21001,"Kentucky","Adair","corn",4064.58026232185
21001,"Kentucky","Adair","oats",4.38893325194656
21001,"Kentucky","Adair","soybeans",3929.5414216272
21001,"Kentucky","Adair","wheat",957.902227799006
21003,"Kentucky","Allen","corn",1109.72916646742
21003,"Kentucky","Allen","cotton",0.110330199104877
21003,"Kentucky","Allen","oats",2.43719409822673
21003,"Kentucky","Allen","soybeans",965.579672091326
21003,"Kentucky","Allen","sunflower",7.54217241080937
21003,"Kentucky","Allen","wheat",331.292681399779
21005,"Kentucky","Anderson","corn",0
21005,"Kentucky","Anderson","soybeans",0
21005,"Kentucky","Anderson","wheat",0
21007,"Kentucky","Ballard","corn",2931.16157051771
21007,"Kentucky","Ballard","oats",1.32377008565683
21007,"Kentucky","Ballard","soybeans",4044.61053619517
21007,"Kentucky","Ballard","wheat",1212.15345653481
21009,"Kentucky","Barren","corn",13546.9022612366
21009,"Kentucky","Barren","grain sorghum",154.970385831338
21009,"Kentucky","Barren","oats",14.1581180233931
21009,"Kentucky","Barren","soybeans",13045.0925158273
21009,"Kentucky","Barren","sunflower",1.15106650596692
21009,"Kentucky","Barren","wheat",2891.5757525754
21011,"Kentucky","Bath","corn",233.324504880011
21011,"Kentucky","Bath","oats",0.23577372230734
21011,"Kentucky","Bath","soybeans",1000.29390862608
21011,"Kentucky","Bath","sunflower",5.27661590523827
21011,"Kentucky","Bath","wheat",14.1925301996916
21013,"Kentucky","Bell","corn",0
21015,"Kentucky","Boone","corn",0
21015,"Kentucky","Boone","oats",0
21015,"Kentucky","Boone","soybeans",0
21015,"Kentucky","Boone","wheat",0
21017,"Kentucky","Bourbon","corn",0.491827997138135
21017,"Kentucky","Bourbon","oats",0.00355189563815751
21017,"Kentucky","Bourbon","soybeans",0.661193121238689
21017,"Kentucky","Bourbon","sunflower",0.000805505490294899
21017,"Kentucky","Bourbon","wheat",0.0682881471637092
21019,"Kentucky","Boyd","corn",0
21019,"Kentucky","Boyd","sunflower",0
21019,"Kentucky","Boyd","wheat",0
21021,"Kentucky","Boyle","canola",49.49748951999
21021,"Kentucky","Boyle","corn",2829.39646774709
21021,"Kentucky","Boyle","oats",11.1909313859349
21021,"Kentucky","Boyle","soybeans",2801.54839453976
21021,"Kentucky","Boyle","sunflower",4.14624007848888
21021,"Kentucky","Boyle","wheat",1342.81664339541
21023,"Kentucky","Bracken","corn",0
21023,"Kentucky","Bracken","oats",0
21023,"Kentucky","Bracken","soybeans",0
21023,"Kentucky","Bracken","wheat",0
21025,"Kentucky","Breathitt","corn",0
21025,"Kentucky","Breathitt","soybeans",0
21027,"Kentucky","Breckinridge","corn",1273.36486551891
21027,"Kentucky","Breckinridge","grain sorghum",1.06590437879047
21027,"Kentucky","Breckinridge","soybeans",1891.85300337026
21027,"Kentucky","Breckinridge","sunflower",0.96784117594175
21027,"Kentucky","Breckinridge","wheat",199.911325556094
21029,"Kentucky","Bullitt","corn",89.2703588117139
21029,"Kentucky","Bullitt","oats",2.28155370411051
21029,"Kentucky","Bullitt","soybeans",202.120434535767
21029,"Kentucky","Bullitt","wheat",16.79965294841
21031,"Kentucky","Butler","corn",5288.87297824091
21031,"Kentucky","Butler","grain sorghum",6.53489036623812
21031,"Kentucky","Butler","soybeans",7470.94021061503
21031,"Kentucky","Butler","sunflower",3.85277724888098
21031,"Kentucky","Butler","wheat",333.840476862279
21033,"Kentucky","Caldwell","barley",64.1575741628167
21033,"Kentucky","Caldwell","corn",10352.7393689901
21033,"Kentucky","Caldwell","soybeans",13290.8344323602
21033,"Kentucky","Caldwell","wheat",5981.0414911535
21035,"Kentucky","Calloway","canola",0
21035,"Kentucky","Calloway","corn",0
21035,"Kentucky","Calloway","grain sorghum",0
21035,"Kentucky","Calloway","oats",0
21035,"Kentucky","Calloway","rapeseed",0
21035,"Kentucky","Calloway","soybeans",0
21035,"Kentucky","Calloway","sunflower",0
21035,"Kentucky","Calloway","wheat",0
21037,"Kentucky","Campbell","corn",0
21037,"Kentucky","Campbell","soybeans",0
21039,"Kentucky","Carlisle","corn",4643.51759180129
21039,"Kentucky","Carlisle","grain sorghum",6.24212608119545
21039,"Kentucky","Carlisle","soybeans",6485.22178230419
21039,"Kentucky","Carlisle","sunflower",1.14680100417667
21039,"Kentucky","Carlisle","wheat",1579.49219880915
21041,"Kentucky","Carroll","corn",523.477837069193
21041,"Kentucky","Carroll","soybeans",869.49321301187
21041,"Kentucky","Carroll","wheat",19.3806165856038
21043,"Kentucky","Carter","corn",0
21043,"Kentucky","Carter","soybeans",0
21043,"Kentucky","Carter","wheat",0
21045,"Kentucky","Casey","corn",2923.39790962734
21045,"Kentucky","Casey","oats",5.03801841470348
21045,"Kentucky","Casey","soybeans",2417.11591466666
21045,"Kentucky","Casey","sunflower",0.910621828457654
21045,"Kentucky","Casey","wheat",496.583935462832
21047,"Kentucky","Christian","canola",78.0954022285938
21047,"Kentucky","Christian","corn",14688.5029565376
21047,"Kentucky","Christian","oats",4.02639192918918
21047,"Kentucky","Christian","soybeans",15402.7876901375
21047,"Kentucky","Christian","sunflower",38.3059102797178
21047,"Kentucky","Christian","wheat",12079.7485288874
21049,"Kentucky","Clark","corn",184.660368452174
21049,"Kentucky","Clark","grain sorghum",0.82761737653378
21049,"Kentucky","Clark","soybeans",243.969084889338
21049,"Kentucky","Clark","sunflower",4.27381613242044
21049,"Kentucky","Clark","wheat",5.75111314953323
21051,"Kentucky","Clay","corn",0.656783434250878
21051,"Kentucky","Clay","soybeans",18.2314422166803
21051,"Kentucky","Clay","wheat",2.32577434906884
21053,"Kentucky","Clinton","corn",30.4877089797071
21053,"Kentucky","Clinton","oats",0.0800719965807637
21053,"Kentucky","Clinton","soybeans",33.9017236559331
21053,"Kentucky","Clinton","wheat",11.2504953677784
21055,"Kentucky","Crittenden","canola",140.62361453214
21055,"Kentucky","Crittenden","corn",7570.41428755926
21055,"Kentucky","Crittenden","grain sorghum",52.4369851695631
21055,"Kentucky","Crittenden","soybeans",8316.99740045156
21055,"Kentucky","Crittenden","sunflower",6.05857714264161
21055,"Kentucky","Crittenden","wheat",1678.99813514484
21057,"Kentucky","Cumberland","corn",0
21057,"Kentucky","Cumberland","soybeans",0
21057,"Kentucky","Cumberland","wheat",0
21059,"Kentucky","Daviess","corn",4064.82624087506
21059,"Kentucky","Daviess","cotton",0.0475901689713476
21059,"Kentucky","Daviess","grain sorghum",5.70844076811314
21059,"Kentucky","Daviess","oats",0.799514838718639
21059,"Kentucky","Daviess","soybeans",5150.30600285189
21059,"Kentucky","Daviess","sunflower",0.566174291481001
21059,"Kentucky","Daviess","wheat",270.316442872462
21061,"Kentucky","Edmonson","barley",28.2319997743894
21061,"Kentucky","Edmonson","corn",1829.65661425209
21061,"Kentucky","Edmonson","grain sorghum",453.039175239152
21061,"Kentucky","Edmonson","oats",21.5961055297833
21061,"Kentucky","Edmonson","soybeans",4443.74267981553
21061,"Kentucky","Edmonson","wheat",352.481425389054
21063,"Kentucky","Elliott","corn",0
21063,"Kentucky","Elliott","soybeans",0
21065,"Kentucky","Estill","corn",0
21065,"Kentucky","Estill","grain sorghum",0
21065,"Kentucky","Estill","soybeans",0
21065,"Kentucky","Estill","wheat",0
21067,"Kentucky","Fayette","corn",435.833639225415
21067,"Kentucky","Fayette","grain sorghum",1.10455120345181
21067,"Kentucky","Fayette","oats",3.87466084214816
21067,"Kentucky","Fayette","soybeans",605.685891390842
21067,"Kentucky","Fayette","sunflower",2.08467667845155
21067,"Kentucky","Fayette","wheat",50.5685806596911
21069,"Kentucky","Fleming","corn",0
21069,"Kentucky","Fleming","grain sorghum",0
21069,"Kentucky","Fleming","oats",0
21069,"Kentucky","Fleming","soybeans",0
21069,"Kentucky","Fleming","sunflower",0
21069,"Kentucky","Fleming","wheat",0
21073,"Kentucky","Franklin","corn",995.371670967099
21073,"Kentucky","Franklin","soybeans",939.292640538519
21073,"Kentucky","Franklin","wheat",24.0646884943819
21075,"Kentucky","Fulton","canola",0.541448945578372
21075,"Kentucky","Fulton","corn",300.441132816835
21075,"Kentucky","Fulton","rice_long grain",1.50198361961213
21075,"Kentucky","Fulton","soybeans",672.258103037116
21075,"Kentucky","Fulton","sunflower",0.039792916137558
21075,"Kentucky","Fulton","wheat",137.712538664731
21077,"Kentucky","Gallatin","corn",189.112619339424
21077,"Kentucky","Gallatin","soybeans",548.083828283475
21077,"Kentucky","Gallatin","wheat",40.0180523771009
21079,"Kentucky","Garrard","corn",194.804771803604
21079,"Kentucky","Garrard","soybeans",139.503424836417
21079,"Kentucky","Garrard","sunflower",0.310735660829241
21079,"Kentucky","Garrard","wheat",28.5357343658178
21081,"Kentucky","Grant","corn",0
21081,"Kentucky","Grant","soybeans",0
21081,"Kentucky","Grant","wheat",0
21083,"Kentucky","Graves","canola",152.013272762339
21083,"Kentucky","Graves","corn",13189.9306988075
21083,"Kentucky","Graves","grain sorghum",21.0483131433673
21083,"Kentucky","Graves","rapeseed",42.5541395878846
21083,"Kentucky","Graves","soybeans",16309.699465928
21083,"Kentucky","Graves","sunflower",0.950285551549623
21083,"Kentucky","Graves","wheat",4469.55839088607
21085,"Kentucky","Grayson","corn",1939.7898164725
21085,"Kentucky","Grayson","oats",1.06617123711937
21085,"Kentucky","Grayson","rapeseed",10.0637680023759
21085,"Kentucky","Grayson","soybeans",3567.35804972483
21085,"Kentucky","Grayson","sunflower",0.569402076324062
21085,"Kentucky","Grayson","wheat",216.43702582018
21087,"Kentucky","Green","corn",4486.24555732789
21087,"Kentucky","Green","oats",5.58863564532064
21087,"Kentucky","Green","soybeans",4938.02265102283
21087,"Kentucky","Green","sunflower",4.44049417260851
21087,"Kentucky","Green","wheat",784.36432849802
21089,"Kentucky","Greenup","barley",0.527445079638263
21089,"Kentucky","Greenup","corn",130.365171941172
21089,"Kentucky","Greenup","soybeans",328.598812059718
21089,"Kentucky","Greenup","wheat",1.83990425280481
21091,"Kentucky","Hancock","corn",1046.88308006025
21091,"Kentucky","Hancock","grain sorghum",5.37002351079304
21091,"Kentucky","Hancock","soybeans",1925.11717256657
21091,"Kentucky","Hancock","sunflower",0.420163601716383
21091,"Kentucky","Hancock","wheat",182.347060260671
21093,"Kentucky","Hardin","barley",63.6588981463291
21093,"Kentucky","Hardin","corn",7225.25152997386
21093,"Kentucky","Hardin","grain sorghum",3.98771076508831
21093,"Kentucky","Hardin","oats",22.4548862284101
21093,"Kentucky","Hardin","soybeans",8818.46128462547
21093,"Kentucky","Hardin","sunflower",1.38830575744654
21093,"Kentucky","Hardin","wheat",1039.52271783673
21097,"Kentucky","Harrison","barley",15.3250668175632
21097,"Kentucky","Harrison","corn",920.466092889215
21097,"Kentucky","Harrison","grain sorghum",0.0917668671710373
21097,"Kentucky","Harrison","oats",1.4682698747366
21097,"Kentucky","Harrison","rapeseed",9.8374081607352
21097,"Kentucky","Harrison","soybeans",1025.72599314161
21097,"Kentucky","Harrison","sunflower",1.78027722311812
21097,"Kentucky","Harrison","wheat",96.8874583591812
21099,"Kentucky","Hart","corn",2938.57315080308
21099,"Kentucky","Hart","grain sorghum",0.938547610676943
21099,"Kentucky","Hart","soybeans",4773.22595465373
21099,"Kentucky","Hart","wheat",454.402680265849
21101,"Kentucky","Henderson","canola",19.1329000850851
21101,"Kentucky","Henderson","corn",5349.36823566356
21101,"Kentucky","Henderson","grain sorghum",35.9154525681064
21101,"Kentucky","Henderson","soybeans",6112.16608205775
21101,"Kentucky","Henderson","sunflower",3.35760454477945
21101,"Kentucky","Henderson","wheat",278.096691747389
21103,"Kentucky","Henry","corn",2579.2903210838
21103,"Kentucky","Henry","grain sorghum",27.9992057456955
21103,"Kentucky","Henry","oats",20.3906557183762
21103,"Kentucky","Henry","soybeans",3365.86881095649
21103,"Kentucky","Henry","sunflower",1.7745748047589
21103,"Kentucky","Henry","wheat",148.99129835755
21105,"Kentucky","Hickman","canola",6.46205289648139
21105,"Kentucky","Hickman","corn",1173.58601346034
21105,"Kentucky","Hickman","oats",1.87663845248424
21105,"Kentucky","Hickman","rapeseed",7.93838600718168
21105,"Kentucky","Hickman","soybeans",1440.56906491507
21105,"Kentucky","Hickman","wheat",378.496510935115
21107,"Kentucky","Hopkins","corn",4895.14396463671
21107,"Kentucky","Hopkins","grain sorghum",69.5650974903404
21107,"Kentucky","Hopkins","soybeans",6749.96729408662
21107,"Kentucky","Hopkins","wheat",223.226643786346
21109,"Kentucky","Jackson","corn",0
21109,"Kentucky","Jackson","soybeans",0
21111,"Kentucky","Jefferson","corn",0
21111,"Kentucky","Jefferson","soybeans",0
21111,"Kentucky","Jefferson","wheat",0
21113,"Kentucky","Jessamine","corn",44.2271753958618
21113,"Kentucky","Jessamine","grain sorghum",1.58192205319634
21113,"Kentucky","Jessamine","oats",2.29780848278513
21113,"Kentucky","Jessamine","soybeans",157.828653418993
21113,"Kentucky","Jessamine","sunflower",0.333015722142773
21113,"Kentucky","Jessamine","wheat",19.1080915936869
21115,"Kentucky","Johnson","corn",0
21117,"Kentucky","Kenton","corn",0
21117,"Kentucky","Kenton","soybeans",0
21117,"Kentucky","Kenton","wheat",0
21121,"Kentucky","Knox","corn",0
21121,"Kentucky","Knox","soybeans",0
21121,"Kentucky","Knox","wheat",0
21123,"Kentucky","Larue","corn",7301.43317001209
21123,"Kentucky","Larue","oats",14.8779885922563
21123,"Kentucky","Larue","soybeans",10087.7977456622
21123,"Kentucky","Larue","sunflower",0.370623052742612
21123,"Kentucky","Larue","wheat",1802.34057934742
21125,"Kentucky","Laurel","corn",0
21125,"Kentucky","Laurel","soybeans",0
21125,"Kentucky","Laurel","wheat",0
21127,"Kentucky","Lawrence","corn",0
21129,"Kentucky","Lee","corn",0
21133,"Kentucky","Letcher","corn",0
21135,"Kentucky","Lewis","corn",479.279682066861
21135,"Kentucky","Lewis","oats",5.26165596318143
21135,"Kentucky","Lewis","soybeans",3415.09408725767
21135,"Kentucky","Lewis","wheat",6.52007471228482
21137,"Kentucky","Lincoln","corn",2108.1198322991
21137,"Kentucky","Lincoln","oats",21.2341240897628
21137,"Kentucky","Lincoln","soybeans",2486.28842002128
21137,"Kentucky","Lincoln","sunflower",0.406148568773556
21137,"Kentucky","Lincoln","wheat",146.252475021082
21139,"Kentucky","Livingston","corn",5559.55654502668
21139,"Kentucky","Livingston","grain sorghum",30.5775901330352
21139,"Kentucky","Livingston","oats",10.2450620325332
21139,"Kentucky","Livingston","soybeans",6014.14329671542
21139,"Kentucky","Livingston","sunflower",1.2607677165165
21139,"Kentucky","Livingston","wheat",777.021738375813
21141,"Kentucky","Logan","barley",152.963004702901
21141,"Kentucky","Logan","corn",11605.8474195342
21141,"Kentucky","Logan","grain sorghum",17.0993983417526
21141,"Kentucky","Logan","oats",25.2350617913523
21141,"Kentucky","Logan","rapeseed",46.9044313342524
21141,"Kentucky","Logan","soybeans",13204.7785994223
21141,"Kentucky","Logan","sunflower",1.00393276898171
21141,"Kentucky","Logan","wheat",9569.02015210423
21143,"Kentucky","Lyon","corn",2879.49407354071
21143,"Kentucky","Lyon","soybeans",3405.14130872847
21143,"Kentucky","Lyon","wheat",1365.54988439749
21151,"Kentucky","Madison","corn",0
21151,"Kentucky","Madison","soybeans",0
21151,"Kentucky","Madison","sunflower",0
21151,"Kentucky","Madison","wheat",0
21153,"Kentucky","Magoffin","corn",0
21155,"Kentucky","Marion","barley",0.755599787676163
21155,"Kentucky","Marion","corn",3920.2869418645
21155,"Kentucky","Marion","dry peas",0.00503733191784109
21155,"Kentucky","Marion","oats",23.4781645137377
21155,"Kentucky","Marion","soybeans",4696.68335436347
21155,"Kentucky","Marion","sunflower",3.20374309974693
21155,"Kentucky","Marion","wheat",1555.01932570563
21157,"Kentucky","Marshall","corn",4063.67508241645
21157,"Kentucky","Marshall","soybeans",5237.68278696519
21157,"Kentucky","Marshall","wheat",1800.43813061836
21161,"Kentucky","Mason","corn",2007.24805936629
21161,"Kentucky","Mason","cotton",0.0419608008575006
21161,"Kentucky","Mason","grain sorghum",0.279738672383337
21161,"Kentucky","Mason","oats",10.1013634597623
21161,"Kentucky","Mason","soybeans",3162.37140948656
21161,"Kentucky","Mason","sunflower",1.11895468953335
21161,"Kentucky","Mason","wheat",154.986973524609
21145,"Kentucky","McCracken","corn",834.316587669508
21145,"Kentucky","McCracken","soybeans",1361.77279388679
21145,"Kentucky","McCracken","wheat",387.175951777033
21147,"Kentucky","McCreary","corn",0
21147,"Kentucky","McCreary","soybeans",0
21149,"Kentucky","McLean","canola",6.96145234758037
21149,"Kentucky","McLean","corn",1608.51335190405
21149,"Kentucky","McLean","grain sorghum",3.79923082918052
21149,"Kentucky","McLean","oats",0.850434401598139
21149,"Kentucky","McLean","soybeans",1928.00326352949
21149,"Kentucky","McLean","sunflower",0.363732720113948
21149,"Kentucky","McLean","wheat",257.707200934632
21163,"Kentucky","Meade","barley",14.9405966307264
21163,"Kentucky","Meade","corn",3118.73226401587
21163,"Kentucky","Meade","soybeans",4128.61342301788
21163,"Kentucky","Meade","sunflower",0.053243068571189
21163,"Kentucky","Meade","wheat",697.42030660029
21165,"Kentucky","Menifee","corn",0
21165,"Kentucky","Menifee","soybeans",0
21167,"Kentucky","Mercer","barley",368.859129067728
21167,"Kentucky","Mercer","corn",3569.20912759426
21167,"Kentucky","Mercer","soybeans",4704.56068276228
21167,"Kentucky","Mercer","sunflower",7.22700538763469
21167,"Kentucky","Mercer","wheat",1623.59828852143
21169,"Kentucky","Metcalfe","corn",2666.68113178287
21169,"Kentucky","Metcalfe","soybeans",2183.3097771429
21169,"Kentucky","Metcalfe","wheat",255.630624407562
21171,"Kentucky","Monroe","barley",31.8141196036269
21171,"Kentucky","Monroe","canola",15.2269238689982
21171,"Kentucky","Monroe","corn",4659.6679537117
21171,"Kentucky","Monroe","grain sorghum",48.4195030528769
21171,"Kentucky","Monroe","oats",16.7157786473002
21171,"Kentucky","Monroe","soybeans",2483.05785907839
21171,"Kentucky","Monroe","wheat",1385.66952870378
21173,"Kentucky","Montgomery","corn",0
21173,"Kentucky","Montgomery","oats",0
21173,"Kentucky","Montgomery","soybeans",0
21173,"Kentucky","Montgomery","sunflower",0
21173,"Kentucky","Montgomery","wheat",0
21175,"Kentucky","Morgan","corn",0
21175,"Kentucky","Morgan","oats",0
21175,"Kentucky","Morgan","soybeans",0
21175,"Kentucky","Morgan","wheat",0
21177,"Kentucky","Muhlenberg","corn",4740.95592744083
21177,"Kentucky","Muhlenberg","soybeans",7518.03778531597
21177,"Kentucky","Muhlenberg","wheat",762.51912057653
21179,"Kentucky","Nelson","barley",35.2578929746216
21179,"Kentucky","Nelson","corn",6526.37686062741
21179,"Kentucky","Nelson","grain sorghum",2.3873925338242
21179,"Kentucky","Nelson","oats",20.8562373907556
21179,"Kentucky","Nelson","soybeans",7246.94411698504
21179,"Kentucky","Nelson","sunflower",2.93027905521436
21179,"Kentucky","Nelson","wheat",1667.23840043312
21181,"Kentucky","Nicholas","corn",519.187853616718
21181,"Kentucky","Nicholas","oats",6.32284600022795
21181,"Kentucky","Nicholas","soybeans",710.834106239377
21181,"Kentucky","Nicholas","wheat",39.5991941436776
21183,"Kentucky","Ohio","canola",26.8719603284566
21183,"Kentucky","Ohio","corn",5117.96362086484
21183,"Kentucky","Ohio","grain sorghum",21.7415326556004
21183,"Kentucky","Ohio","rapeseed",77.5139340951437
21183,"Kentucky","Ohio","soybeans",6436.55460364842
21183,"Kentucky","Ohio","wheat",205.779181740878
21185,"Kentucky","Oldham","corn",0
21185,"Kentucky","Oldham","oats",0
21185,"Kentucky","Oldham","soybeans",0
21185,"Kentucky","Oldham","sunflower",0
21185,"Kentucky","Oldham","wheat",0
21187,"Kentucky","Owen","corn",0
21187,"Kentucky","Owen","soybeans",0
21187,"Kentucky","Owen","sunflower",0
21187,"Kentucky","Owen","wheat",0
21189,"Kentucky","Owsley","corn",0
21191,"Kentucky","Pendleton","corn",319.378533532528
21191,"Kentucky","Pendleton","oats",5.94779423001756
21191,"Kentucky","Pendleton","soybeans",590.926176269905
21191,"Kentucky","Pendleton","sunflower",0.0069294690058457
21191,"Kentucky","Pendleton","wheat",40.4745664985443
21197,"Kentucky","Powell","corn",193.04844886674
21197,"Kentucky","Powell","soybeans",526.91355113326
21199,"Kentucky","Pulaski","corn",4431.89093285999
21199,"Kentucky","Pulaski","grain sorghum",25.7114020610287
21199,"Kentucky","Pulaski","oats",46.4898882846748
21199,"Kentucky","Pulaski","rapeseed",113.364387788047
21199,"Kentucky","Pulaski","soybeans",9220.58375442776
21199,"Kentucky","Pulaski","sunflower",0.00290667115951664
21199,"Kentucky","Pulaski","wheat",1654.30366624068
21201,"Kentucky","Robertson","corn",0
21201,"Kentucky","Robertson","soybeans",0
21201,"Kentucky","Robertson","wheat",0
21203,"Kentucky","Rockcastle","corn",760.129985238099
21203,"Kentucky","Rockcastle","oats",3.62917477958552
21203,"Kentucky","Rockcastle","soybeans",870.747352048059
21203,"Kentucky","Rockcastle","wheat",6.37882126759042
21205,"Kentucky","Rowan","corn",8.01659578657651
21205,"Kentucky","Rowan","soybeans",41.6890368587445
21205,"Kentucky","Rowan","wheat",2.05503402134555
21207,"Kentucky","Russell","corn",1743.24070615313
21207,"Kentucky","Russell","oats",60.34300808314
21207,"Kentucky","Russell","soybeans",2998.68075130456
21207,"Kentucky","Russell","wheat",414.925701125838
21209,"Kentucky","Scott","corn",0
21209,"Kentucky","Scott","oats",0
21209,"Kentucky","Scott","soybeans",0
21209,"Kentucky","Scott","sunflower",0
21209,"Kentucky","Scott","wheat",0
21211,"Kentucky","Shelby","barley",22.2189071239415
21211,"Kentucky","Shelby","corn",4922.45011165431
21211,"Kentucky","Shelby","oats",17.5810194562977
21211,"Kentucky","Shelby","soybeans",6779.04449303232
21211,"Kentucky","Shelby","sunflower",0.994145112435035
21211,"Kentucky","Shelby","wheat",545.23215695402
21213,"Kentucky","Simpson","barley",40.4654411841057
21213,"Kentucky","Simpson","corn",3767.12566894652
21213,"Kentucky","Simpson","oats",37.9821035409975
21213,"Kentucky","Simpson","rapeseed",27.8952334128663
21213,"Kentucky","Simpson","soybeans",4040.35345892116
21213,"Kentucky","Simpson","wheat",2919.97532732765
21215,"Kentucky","Spencer","corn",349.44547767655
21215,"Kentucky","Spencer","soybeans",863.062446360233
21215,"Kentucky","Spencer","wheat",52.3480759632186
21217,"Kentucky","Taylor","corn",3014.83985091749
21217,"Kentucky","Taylor","oats",12.2357301795195
21217,"Kentucky","Taylor","soybeans",3350.06261476568
21217,"Kentucky","Taylor","wheat",433.553604137304
21219,"Kentucky","Todd","barley",6.99762359627642
21219,"Kentucky","Todd","canola",29.2568169173479
21219,"Kentucky","Todd","corn",6229.40664888041
21219,"Kentucky","Todd","oats",0.450877809038429
21219,"Kentucky","Todd","soybeans",6557.36447492977
21219,"Kentucky","Todd","wheat",4668.88449120049
21221,"Kentucky","Trigg","barley",99.1307760123698
21221,"Kentucky","Trigg","canola",73.3386773764246
21221,"Kentucky","Trigg","corn",4554.03237457658
21221,"Kentucky","Trigg","soybeans",4536.0277240671
21221,"Kentucky","Trigg","wheat",3085.97744796753
21223,"Kentucky","Trimble","corn",412.271254535412
21223,"Kentucky","Trimble","oats",1.98137114988636
21223,"Kentucky","Trimble","soybeans",942.794486918046
21223,"Kentucky","Trimble","sunflower",0.471755035687229
21223,"Kentucky","Trimble","wheat",41.8910923609688
21225,"Kentucky","Union","corn",5660.17948152312
21225,"Kentucky","Union","grain sorghum",13.5416829534254
21225,"Kentucky","Union","soybeans",4376.70471843833
21225,"Kentucky","Union","sunflower",2.18373033109848
21225,"Kentucky","Union","wheat",462.489386754048
21227,"Kentucky","Warren","barley",46.5537983608377
21227,"Kentucky","Warren","canola",30.8800479569893
21227,"Kentucky","Warren","corn",6799.02774710793
21227,"Kentucky","Warren","grain sorghum",31.7210876241259
21227,"Kentucky","Warren","oats",17.427637254345
21227,"Kentucky","Warren","rapeseed",48.0096605524995
21227,"Kentucky","Warren","soybeans",6988.27556438675
21227,"Kentucky","Warren","sunflower",0.591356015955476
21227,"Kentucky","Warren","wheat",3091.68960074057
21229,"Kentucky","Washington","barley",58.7395807619645
21229,"Kentucky","Washington","corn",2979.82946498194
21229,"Kentucky","Washington","grain sorghum",2.43597604265813
21229,"Kentucky","Washington","oats",6.48907144696815
21229,"Kentucky","Washington","soybeans",3299.57622951459
21229,"Kentucky","Washington","sunflower",0.862986681779049
21229,"Kentucky","Washington","wheat",1182.26115723676
21231,"Kentucky","Wayne","barley",33.8691109582188
21231,"Kentucky","Wayne","corn",2073.95786190211
21231,"Kentucky","Wayne","soybeans",3592.66284756511
21231,"Kentucky","Wayne","sunflower",0.489275706500377
21231,"Kentucky","Wayne","wheat",681.041150534726
21233,"Kentucky","Webster","corn",3469.20643596964
21233,"Kentucky","Webster","grain sorghum",9.47518900288589
21233,"Kentucky","Webster","rapeseed",13.9505061377917
21233,"Kentucky","Webster","soybeans",3599.57799678789
21233,"Kentucky","Webster","sunflower",0.102228471522099
21233,"Kentucky","Webster","wheat",84.1633102969316
21235,"Kentucky","Whitley","corn",0
21235,"Kentucky","Whitley","soybeans",0
21235,"Kentucky","Whitley","wheat",0
21237,"Kentucky","Wolfe","corn",0
21237,"Kentucky","Wolfe","soybeans",0
21239,"Kentucky","Woodford","corn",587.908478724529
21239,"Kentucky","Woodford","soybeans",853.855509581105
21239,"Kentucky","Woodford","sunflower",2.40694578098127
21239,"Kentucky","Woodford","wheat",64.9979325800509
22001,"Louisiana","Acadia","corn",0
22001,"Louisiana","Acadia","grain sorghum",0
22001,"Louisiana","Acadia","rice_long grain",0
22001,"Louisiana","Acadia","rice_short/medium grain",0
22001,"Louisiana","Acadia","soybeans",0
22001,"Louisiana","Acadia","wheat",0
22003,"Louisiana","Allen","corn",0
22003,"Louisiana","Allen","grain sorghum",0
22003,"Louisiana","Allen","rice_long grain",0
22003,"Louisiana","Allen","rice_short/medium grain",0
22003,"Louisiana","Allen","soybeans",0
22003,"Louisiana","Allen","wheat",0
22005,"Louisiana","Ascension","soybeans",2610.23
22007,"Louisiana","Assumption","soybeans",6928.7399
22009,"Louisiana","Avoyelles","corn",387.461444177463
22009,"Louisiana","Avoyelles","cotton",40.1225223022387
22009,"Louisiana","Avoyelles","grain sorghum",80.2614734029886
22009,"Louisiana","Avoyelles","oats",1.22885240786237
22009,"Louisiana","Avoyelles","rice_long grain",297.435893505527
22009,"Louisiana","Avoyelles","rice_short/medium grain",19.1851638766721
22009,"Louisiana","Avoyelles","soybeans",1425.96497442923
22009,"Louisiana","Avoyelles","sunflower",0.3581162136985
22009,"Louisiana","Avoyelles","wheat",97.9238930176639
22011,"Louisiana","Beauregard","corn",0
22011,"Louisiana","Beauregard","grain sorghum",0
22011,"Louisiana","Beauregard","rice_long grain",0
22011,"Louisiana","Beauregard","soybeans",0
22011,"Louisiana","Beauregard","wheat",0
22015,"Louisiana","Bossier","corn",0
22015,"Louisiana","Bossier","cotton",0
22015,"Louisiana","Bossier","grain sorghum",0
22015,"Louisiana","Bossier","rice_long grain",0
22015,"Louisiana","Bossier","soybeans",0
22015,"Louisiana","Bossier","wheat",0
22017,"Louisiana","Caddo","corn",0
22017,"Louisiana","Caddo","cotton",0
22017,"Louisiana","Caddo","grain sorghum",0
22017,"Louisiana","Caddo","rice_long grain",0
22017,"Louisiana","Caddo","soybeans",0
22017,"Louisiana","Caddo","wheat",0
22019,"Louisiana","Calcasieu","oats",0
22019,"Louisiana","Calcasieu","rice_long grain",0
22019,"Louisiana","Calcasieu","rice_short/medium grain",0
22019,"Louisiana","Calcasieu","soybeans",0
22019,"Louisiana","Calcasieu","wheat",0
22021,"Louisiana","Caldwell","corn",1544.13108440323
22021,"Louisiana","Caldwell","cotton",423.423911985156
22021,"Louisiana","Caldwell","grain sorghum",14.4172912595
22021,"Louisiana","Caldwell","oats",72.0746334618428
22021,"Louisiana","Caldwell","rice_long grain",111.182822283968
22021,"Louisiana","Caldwell","rice_short/medium grain",55.0659517794508
22021,"Louisiana","Caldwell","soybeans",1241.6311355178
22021,"Louisiana","Caldwell","wheat",220.106169309043
22023,"Louisiana","Cameron","rice_long grain",0
22023,"Louisiana","Cameron","rice_short/medium grain",0
22023,"Louisiana","Cameron","soybeans",0
22023,"Louisiana","Cameron","wheat",0
22025,"Louisiana","Catahoula","corn",1615.59762008803
22025,"Louisiana","Catahoula","cotton",1054.95321213829
22025,"Louisiana","Catahoula","grain sorghum",91.0352934969508
22025,"Louisiana","Catahoula","oats",28.7609582753106
22025,"Louisiana","Catahoula","rice_long grain",145.594425509532
22025,"Louisiana","Catahoula","rice_short/medium grain",11.5195369629874
22025,"Louisiana","Catahoula","sesame",1.71951014422352
22025,"Louisiana","Catahoula","soybeans",3561.22238200151
22025,"Louisiana","Catahoula","sunflower",1.66042930330345
22025,"Louisiana","Catahoula","wheat",133.624205413212
22027,"Louisiana","Claiborne","wheat",0
22029,"Louisiana","Concordia","corn",2163.81909634055
22029,"Louisiana","Concordia","cotton",1105.58679662785
22029,"Louisiana","Concordia","grain sorghum",22.2657446277537
22029,"Louisiana","Concordia","oats",13.5826848854344
22029,"Louisiana","Concordia","rice_long grain",620.314704648032
22029,"Louisiana","Concordia","rice_short/medium grain",29.5473538620774
22029,"Louisiana","Concordia","sesame",21.2273983584861
22029,"Louisiana","Concordia","soybeans",12101.4660560332
22029,"Louisiana","Concordia","sunflower",1.20311242452273
22029,"Louisiana","Concordia","wheat",601.54150552544
22031,"Louisiana","De Soto","corn",0
22031,"Louisiana","De Soto","cotton",0
22031,"Louisiana","De Soto","soybeans",0
22033,"Louisiana","East Baton Rouge","corn",0
22033,"Louisiana","East Baton Rouge","soybeans",0
22035,"Louisiana","East Carroll","canola",121.134059691223
22035,"Louisiana","East Carroll","corn",7981.67543177499
22035,"Louisiana","East Carroll","cotton",1634.27716389722
22035,"Louisiana","East Carroll","grain sorghum",48.0104276132352
22035,"Louisiana","East Carroll","oats",17.8441426572817
22035,"Louisiana","East Carroll","peanuts",36.5172284584587
22035,"Louisiana","East Carroll","rice_long grain",192.547608001323
22035,"Louisiana","East Carroll","soybeans",17686.9551624994
22035,"Louisiana","East Carroll","sunflower",4.91160066834809
22035,"Louisiana","East Carroll","wheat",68.6997080717455
22037,"Louisiana","East Feliciana","corn",124.848552050584
22037,"Louisiana","East Feliciana","grain sorghum",7.31594081786644
22037,"Louisiana","East Feliciana","soybeans",342.343016955763
22037,"Louisiana","East Feliciana","wheat",97.0023901757864
22039,"Louisiana","Evangeline","corn",0
22039,"Louisiana","Evangeline","cotton",0
22039,"Louisiana","Evangeline","grain sorghum",0
22039,"Louisiana","Evangeline","oats",0
22039,"Louisiana","Evangeline","rice_long grain",0
22039,"Louisiana","Evangeline","rice_short/medium grain",0
22039,"Louisiana","Evangeline","soybeans",0
22039,"Louisiana","Evangeline","wheat",0
22041,"Louisiana","Franklin","corn",16779.5298454366
22041,"Louisiana","Franklin","cotton",2674.89553592978
22041,"Louisiana","Franklin","grain sorghum",23.3518455455878
22041,"Louisiana","Franklin","oats",17.1950471412003
22041,"Louisiana","Franklin","peanuts",0.00119470545382878
22041,"Louisiana","Franklin","rice_long grain",508.611001391867
22041,"Louisiana","Franklin","rice_short/medium grain",211.226413206624
22041,"Louisiana","Franklin","soybeans",9689.22815745233
22041,"Louisiana","Franklin","sunflower",4.13699949650822
22041,"Louisiana","Franklin","wheat",873.865313027306
22043,"Louisiana","Grant","corn",82.2475379269668
22043,"Louisiana","Grant","cotton",39.1924791696657
22043,"Louisiana","Grant","grain sorghum",10.066659174498
22043,"Louisiana","Grant","soybeans",201.224017954623
22043,"Louisiana","Grant","wheat",29.360305774249
22045,"Louisiana","Iberia","corn",11.8038803289003
22045,"Louisiana","Iberia","rice_long grain",1228.60872838989
22045,"Louisiana","Iberia","rice_short/medium grain",94.6385327151086
22045,"Louisiana","Iberia","soybeans",7166.1403585661
22047,"Louisiana","Iberville","corn",453.229979172283
22047,"Louisiana","Iberville","grain sorghum",1.21984602662123
22047,"Louisiana","Iberville","rice_long grain",86.7496360845809
22047,"Louisiana","Iberville","soybeans",3826.81645496531
22047,"Louisiana","Iberville","wheat",444.913424751204
22053,"Louisiana","Jefferson Davis","corn",0
22053,"Louisiana","Jefferson Davis","grain sorghum",0
22053,"Louisiana","Jefferson Davis","rice_long grain",0
22053,"Louisiana","Jefferson Davis","rice_short/medium grain",0
22053,"Louisiana","Jefferson Davis","soybeans",0
22053,"Louisiana","Jefferson Davis","sunflower",0
22053,"Louisiana","Jefferson Davis","wheat",0
22059,"Louisiana","La Salle","corn",347.54112657637
22059,"Louisiana","La Salle","soybeans",1410.06487342363
22055,"Louisiana","Lafayette","corn",0
22055,"Louisiana","Lafayette","rice_long grain",0
22055,"Louisiana","Lafayette","rice_short/medium grain",0
22055,"Louisiana","Lafayette","soybeans",0
22055,"Louisiana","Lafayette","wheat",0
22057,"Louisiana","Lafourche","soybeans",8158.198791
22061,"Louisiana","Lincoln","dry peas",0.22
22065,"Louisiana","Madison","corn",12981.7171458636
22065,"Louisiana","Madison","cotton",4406.76477495181
22065,"Louisiana","Madison","grain sorghum",84.7583919538587
22065,"Louisiana","Madison","peanuts",31.9734276840487
22065,"Louisiana","Madison","rice_long grain",855.932659108305
22065,"Louisiana","Madison","rice_short/medium grain",402.208688192402
22065,"Louisiana","Madison","soybeans",16072.3741252966
22065,"Louisiana","Madison","sunflower",7.98883760409222
22065,"Louisiana","Madison","wheat",240.022729345232
22067,"Louisiana","Morehouse","corn",15195.916830879
22067,"Louisiana","Morehouse","cotton",2558.88033577832
22067,"Louisiana","Morehouse","grain sorghum",35.9855444474579
22067,"Louisiana","Morehouse","oats",55.2301868200343
22067,"Louisiana","Morehouse","peanuts",190.681832638316
22067,"Louisiana","Morehouse","rice_long grain",4197.06211824591
22067,"Louisiana","Morehouse","rice_short/medium grain",2084.18103535345
22067,"Louisiana","Morehouse","soybeans",14571.1212928271
22067,"Louisiana","Morehouse","wheat",479.62332301034
22069,"Louisiana","Natchitoches","corn",0
22069,"Louisiana","Natchitoches","cotton",0
22069,"Louisiana","Natchitoches","grain sorghum",0
22069,"Louisiana","Natchitoches","rice_long grain",0
22069,"Louisiana","Natchitoches","rice_short/medium grain",0
22069,"Louisiana","Natchitoches","soybeans",0
22069,"Louisiana","Natchitoches","wheat",0
22073,"Louisiana","Ouachita","corn",0
22073,"Louisiana","Ouachita","cotton",0
22073,"Louisiana","Ouachita","grain sorghum",0
22073,"Louisiana","Ouachita","peanuts",0
22073,"Louisiana","Ouachita","rice_long grain",0
22073,"Louisiana","Ouachita","rice_short/medium grain",0
22073,"Louisiana","Ouachita","soybeans",0
22073,"Louisiana","Ouachita","sunflower",0
22073,"Louisiana","Ouachita","wheat",0
22077,"Louisiana","Pointe Coupee","corn",0
22077,"Louisiana","Pointe Coupee","cotton",0
22077,"Louisiana","Pointe Coupee","grain sorghum",0
22077,"Louisiana","Pointe Coupee","oats",0
22077,"Louisiana","Pointe Coupee","rice_long grain",0
22077,"Louisiana","Pointe Coupee","soybeans",0
22077,"Louisiana","Pointe Coupee","sunflower",0
22077,"Louisiana","Pointe Coupee","wheat",0
22079,"Louisiana","Rapides","corn",1857.85657196303
22079,"Louisiana","Rapides","cotton",1503.42095650793
22079,"Louisiana","Rapides","grain sorghum",443.546336649273
22079,"Louisiana","Rapides","peanuts",1.0693573644367
22079,"Louisiana","Rapides","rice_long grain",2158.75448588295
22079,"Louisiana","Rapides","rice_short/medium grain",267.697219373808
22079,"Louisiana","Rapides","soybeans",7740.09842981148
22079,"Louisiana","Rapides","sunflower",6.41614418662023
22079,"Louisiana","Rapides","wheat",599.642997593774
22081,"Louisiana","Red River","corn",0
22081,"Louisiana","Red River","cotton",0
22081,"Louisiana","Red River","grain sorghum",0
22081,"Louisiana","Red River","rice_long grain",0
22081,"Louisiana","Red River","soybeans",0
22081,"Louisiana","Red River","wheat",0
22083,"Louisiana","Richland","canola",77.6142520713103
22083,"Louisiana","Richland","corn",9895.5806360386
22083,"Louisiana","Richland","cotton",2395.54430992819
22083,"Louisiana","Richland","grain sorghum",134.531461924788
22083,"Louisiana","Richland","oats",3.43754438185657
22083,"Louisiana","Richland","peanuts",72.3143836451392
22083,"Louisiana","Richland","rice_long grain",785.84684600486
22083,"Louisiana","Richland","rice_short/medium grain",12.4733360422295
22083,"Louisiana","Richland","soybeans",6299.99281369599
22083,"Louisiana","Richland","wheat",684.78991626704
22089,"Louisiana","St. Charles","soybeans",766.3357
22091,"Louisiana","St. Helena","corn",0
22091,"Louisiana","St. Helena","soybeans",0
22093,"Louisiana","St. James","corn",53.296543521893
22093,"Louisiana","St. James","soybeans",4677.83355647811
22095,"Louisiana","St. John the Baptist","soybeans",1350.3896
22097,"Louisiana","St. Landry","corn",0
22097,"Louisiana","St. Landry","cotton",0
22097,"Louisiana","St. Landry","grain sorghum",0
22097,"Louisiana","St. Landry","rice_long grain",0
22097,"Louisiana","St. Landry","rice_short/medium grain",0
22097,"Louisiana","St. Landry","soybeans",0
22097,"Louisiana","St. Landry","wheat",0
22099,"Louisiana","St. Martin","corn",0
22099,"Louisiana","St. Martin","rice_long grain",0
22099,"Louisiana","St. Martin","rice_short/medium grain",0
22099,"Louisiana","St. Martin","soybeans",0
22099,"Louisiana","St. Martin","wheat",0
22101,"Louisiana","St. Mary","soybeans",10466.3323
22103,"Louisiana","St. Tammany","corn",0
22105,"Louisiana","Tangipahoa","corn",0
22105,"Louisiana","Tangipahoa","oats",0
22105,"Louisiana","Tangipahoa","soybeans",0
22105,"Louisiana","Tangipahoa","wheat",0
22107,"Louisiana","Tensas","corn",9181.89729597473
22107,"Louisiana","Tensas","cotton",5360.84994474188
22107,"Louisiana","Tensas","grain sorghum",85.7663359006893
22107,"Louisiana","Tensas","oats",3.00033459176169
22107,"Louisiana","Tensas","rice_long grain",287.333884763282
22107,"Louisiana","Tensas","soybeans",9874.20093593187
22107,"Louisiana","Tensas","sunflower",10.0769634176178
22107,"Louisiana","Tensas","wheat",277.556304678168
22109,"Louisiana","Terrebonne","soybeans",1618.24852
22113,"Louisiana","Vermilion","corn",0
22113,"Louisiana","Vermilion","rice_long grain",0
22113,"Louisiana","Vermilion","rice_short/medium grain",0
22113,"Louisiana","Vermilion","soybeans",0
22113,"Louisiana","Vermilion","wheat",0
22117,"Louisiana","Washington","corn",0
22117,"Louisiana","Washington","oats",0
22117,"Louisiana","Washington","soybeans",0
22117,"Louisiana","Washington","wheat",0
22121,"Louisiana","West Baton Rouge","corn",0
22121,"Louisiana","West Baton Rouge","rice_long grain",0
22121,"Louisiana","West Baton Rouge","soybeans",0
22121,"Louisiana","West Baton Rouge","wheat",0
22123,"Louisiana","West Carroll","corn",8144.55544551434
22123,"Louisiana","West Carroll","cotton",921.163049498856
22123,"Louisiana","West Carroll","grain sorghum",29.0364215605394
22123,"Louisiana","West Carroll","oats",37.6014717992344
22123,"Louisiana","West Carroll","peanuts",7.45477180457799
22123,"Louisiana","West Carroll","rice_long grain",123.153437370442
22123,"Louisiana","West Carroll","rice_short/medium grain",187.151012086577
22123,"Louisiana","West Carroll","soybeans",7737.40637240506
22123,"Louisiana","West Carroll","sunflower",0.337732089899436
22123,"Louisiana","West Carroll","wheat",649.09527253715
22125,"Louisiana","West Feliciana","corn",0
22125,"Louisiana","West Feliciana","cotton",0
22125,"Louisiana","West Feliciana","soybeans",0
22127,"Louisiana","Winn","corn",148.924935054074
22127,"Louisiana","Winn","soybeans",167.533064945926
23001,"Maine","Androscoggin","barley",2.94147689697312
23001,"Maine","Androscoggin","corn",364.879920562
23001,"Maine","Androscoggin","oats",3.31304745617808
23001,"Maine","Androscoggin","wheat",4.95822175151584
23003,"Maine","Aroostook","barley",0
23003,"Maine","Aroostook","canola",0
23003,"Maine","Aroostook","corn",0
23003,"Maine","Aroostook","dry peas",0
23003,"Maine","Aroostook","mustard",0
23003,"Maine","Aroostook","oats",0
23003,"Maine","Aroostook","soybeans",0
23003,"Maine","Aroostook","sunflower",0
23003,"Maine","Aroostook","wheat",0
23005,"Maine","Cumberland","corn",0
23005,"Maine","Cumberland","soybeans",0
23005,"Maine","Cumberland","sunflower",0
23005,"Maine","Cumberland","wheat",0
23004,"Maine","Fort Kent","barley",936.480347237265
23004,"Maine","Fort Kent","corn",14.4370191629786
23004,"Maine","Fort Kent","mustard",80.2698265461608
23004,"Maine","Fort Kent","oats",8431.15278089133
23004,"Maine","Fort Kent","sunflower",3.33495142664805
23004,"Maine","Fort Kent","wheat",56.3043747356164
23007,"Maine","Franklin","barley",0
23007,"Maine","Franklin","corn",0
23007,"Maine","Franklin","oats",0
23007,"Maine","Franklin","soybeans",0
23002,"Maine","Houlton","barley",570.554222678094
23002,"Maine","Houlton","corn",1098.53326232443
23002,"Maine","Houlton","dry peas",171.268852968099
23002,"Maine","Houlton","oats",9859.64674707207
23002,"Maine","Houlton","soybeans",366.330767243065
23002,"Maine","Houlton","sunflower",37.2716900345814
23002,"Maine","Houlton","wheat",389.129724346325
23011,"Maine","Kennebec","corn",0
23011,"Maine","Kennebec","oats",0
23011,"Maine","Kennebec","soybeans",0
23011,"Maine","Kennebec","wheat",0
23013,"Maine","Knox","corn",5.21009999999998
23015,"Maine","Lincoln","corn",0
23017,"Maine","Oxford","corn",3481.39445705736
23017,"Maine","Oxford","oats",53.24994185963
23017,"Maine","Oxford","sunflower",40.6451344163436
23019,"Maine","Penobscot","corn",418.099666666665
23021,"Maine","Piscataquis","barley",0
23021,"Maine","Piscataquis","corn",0
23021,"Maine","Piscataquis","dry peas",0
23021,"Maine","Piscataquis","oats",0
23021,"Maine","Piscataquis","soybeans",0
23021,"Maine","Piscataquis","sunflower",0
23021,"Maine","Piscataquis","wheat",0
23023,"Maine","Sagadahoc","corn",9.018
23025,"Maine","Somerset","corn",7493.63096122858
23025,"Maine","Somerset","oats",56.193469806172
23025,"Maine","Somerset","soybeans",16.4170685313607
23025,"Maine","Somerset","wheat",15.2032004338904
23027,"Maine","Waldo","corn",951.846031360288
23027,"Maine","Waldo","oats",34.2131686397116
23031,"Maine","York","corn",447.616128114619
23031,"Maine","York","oats",3.44727738911016
23031,"Maine","York","wheat",3.28182782960415
24001,"Maryland","Allegany","corn",0
24001,"Maryland","Allegany","grain sorghum",0
24001,"Maryland","Allegany","oats",0
24001,"Maryland","Allegany","soybeans",0
24001,"Maryland","Allegany","wheat",0
24003,"Maryland","Anne Arundel","barley",0.474357811977715
24003,"Maryland","Anne Arundel","corn",22.4083095888051
24003,"Maryland","Anne Arundel","grain sorghum",1.48587473789814
24003,"Maryland","Anne Arundel","oats",0.309130043695337
24003,"Maryland","Anne Arundel","soybeans",30.114601075409
24003,"Maryland","Anne Arundel","wheat",5.47806007554666
24005,"Maryland","Baltimore","barley",9.62510914182438
24005,"Maryland","Baltimore","canola",0.0304138420388504
24005,"Maryland","Baltimore","corn",172.889614038788
24005,"Maryland","Baltimore","grain sorghum",4.34504312903833
24005,"Maryland","Baltimore","oats",0.650998150894247
24005,"Maryland","Baltimore","soybeans",134.72778410182
24005,"Maryland","Baltimore","sunflower",0.250751989662975
24005,"Maryland","Baltimore","wheat",33.9167056059383
24009,"Maryland","Calvert","barley",7.43249603553745
24009,"Maryland","Calvert","corn",271.025193691137
24009,"Maryland","Calvert","grain sorghum",56.8120766288526
24009,"Maryland","Calvert","oats",1.92965611261234
24009,"Maryland","Calvert","soybeans",320.084178673412
24009,"Maryland","Calvert","sunflower",1.03832428334289
24009,"Maryland","Calvert","wheat",141.689574575106
24011,"Maryland","Caroline","barley",0
24011,"Maryland","Caroline","canola",0
24011,"Maryland","Caroline","corn",0
24011,"Maryland","Caroline","grain sorghum",0
24011,"Maryland","Caroline","oats",0
24011,"Maryland","Caroline","rapeseed",0
24011,"Maryland","Caroline","soybeans",0
24011,"Maryland","Caroline","sunflower",0
24011,"Maryland","Caroline","wheat",0
24013,"Maryland","Carroll","barley",174.256358210318
24013,"Maryland","Carroll","corn",3663.51167690557
24013,"Maryland","Carroll","grain sorghum",21.6429367467627
24013,"Maryland","Carroll","oats",13.4632990808206
24013,"Maryland","Carroll","soybeans",3438.9740646764
24013,"Maryland","Carroll","sunflower",2.39727671437958
24013,"Maryland","Carroll","wheat",691.57010099909
24015,"Maryland","Cecil","barley",96.6229602235141
24015,"Maryland","Cecil","corn",2317.40185398882
24015,"Maryland","Cecil","grain sorghum",10.7378841847982
24015,"Maryland","Cecil","oats",4.31075929698825
24015,"Maryland","Cecil","soybeans",2277.23439177322
24015,"Maryland","Cecil","sunflower",0.731660619263242
24015,"Maryland","Cecil","wheat",749.385156580056
24017,"Maryland","Charles","barley",0.664517469618714
24017,"Maryland","Charles","corn",132.408694215865
24017,"Maryland","Charles","grain sorghum",28.5446137144597
24017,"Maryland","Charles","oats",2.54078254508715
24017,"Maryland","Charles","soybeans",342.10243144206
24017,"Maryland","Charles","wheat",106.477760612909
24019,"Maryland","Dorchester","barley",54.5161762387202
24019,"Maryland","Dorchester","corn",1074.6044882974
24019,"Maryland","Dorchester","grain sorghum",97.1081310857005
24019,"Maryland","Dorchester","oats",4.25707945909837
24019,"Maryland","Dorchester","soybeans",1645.84183695685
24019,"Maryland","Dorchester","sunflower",0.352670933276455
24019,"Maryland","Dorchester","wheat",475.552483695633
24021,"Maryland","Frederick","barley",229.31388929242
24021,"Maryland","Frederick","corn",4733.13021441316
24021,"Maryland","Frederick","dry peas",0.310395703198492
24021,"Maryland","Frederick","grain sorghum",39.3390547902518
24021,"Maryland","Frederick","oats",30.9193851035708
24021,"Maryland","Frederick","soybeans",4637.432999167
24021,"Maryland","Frederick","sunflower",1.19812741434618
24021,"Maryland","Frederick","wheat",1282.87338744937
24023,"Maryland","Garrett","barley",27.8757989361848
24023,"Maryland","Garrett","corn",2354.6728231443
24023,"Maryland","Garrett","grain sorghum",5.37983280614289
24023,"Maryland","Garrett","oats",232.182058408032
24023,"Maryland","Garrett","soybeans",830.989675650589
24023,"Maryland","Garrett","sunflower",4.9653190263884
24023,"Maryland","Garrett","wheat",44.5918253616989
24025,"Maryland","Harford","barley",95.1780784615095
24025,"Maryland","Harford","corn",3426.347681345
24025,"Maryland","Harford","grain sorghum",33.8225065062422
24025,"Maryland","Harford","oats",11.0920438369856
24025,"Maryland","Harford","soybeans",2562.69930062611
24025,"Maryland","Harford","sunflower",4.37397141025158
24025,"Maryland","Harford","wheat",622.042917813903
24027,"Maryland","Howard","barley",0
24027,"Maryland","Howard","corn",0
24027,"Maryland","Howard","grain sorghum",0
24027,"Maryland","Howard","soybeans",0
24027,"Maryland","Howard","sunflower",0
24027,"Maryland","Howard","wheat",0
24029,"Maryland","Kent","barley",0
24029,"Maryland","Kent","corn",0
24029,"Maryland","Kent","grain sorghum",0
24029,"Maryland","Kent","oats",0
24029,"Maryland","Kent","soybeans",0
24029,"Maryland","Kent","sunflower",0
24029,"Maryland","Kent","wheat",0
24031,"Maryland","Montgomery","barley",0
24031,"Maryland","Montgomery","corn",0
24031,"Maryland","Montgomery","grain sorghum",0
24031,"Maryland","Montgomery","oats",0
24031,"Maryland","Montgomery","soybeans",0
24031,"Maryland","Montgomery","wheat",0
24033,"Maryland","Prince George&#39;s","corn",0
24033,"Maryland","Prince George&#39;s","grain sorghum",0
24033,"Maryland","Prince George&#39;s","oats",0
24033,"Maryland","Prince George&#39;s","soybeans",0
24033,"Maryland","Prince George&#39;s","sunflower",0
24033,"Maryland","Prince George&#39;s","wheat",0
24035,"Maryland","Queen Anne&#39;s","barley",0
24035,"Maryland","Queen Anne&#39;s","corn",0
24035,"Maryland","Queen Anne&#39;s","grain sorghum",0
24035,"Maryland","Queen Anne&#39;s","oats",0
24035,"Maryland","Queen Anne&#39;s","soybeans",0
24035,"Maryland","Queen Anne&#39;s","wheat",0
24039,"Maryland","Somerset","barley",24.4970521680349
24039,"Maryland","Somerset","corn",1057.55392848343
24039,"Maryland","Somerset","grain sorghum",18.2136522965912
24039,"Maryland","Somerset","oats",0.215202829840899
24039,"Maryland","Somerset","soybeans",1558.7670695419
24039,"Maryland","Somerset","sunflower",0.289260483834731
24039,"Maryland","Somerset","wheat",547.62533419636
24037,"Maryland","St. Mary&#39;s","barley",26.8510106298164
24037,"Maryland","St. Mary&#39;s","corn",431.113674150293
24037,"Maryland","St. Mary&#39;s","grain sorghum",22.1761333718052
24037,"Maryland","St. Mary&#39;s","oats",9.90365853098423
24037,"Maryland","St. Mary&#39;s","rapeseed",1.64605157488657
24037,"Maryland","St. Mary&#39;s","soybeans",842.845530747755
24037,"Maryland","St. Mary&#39;s","sunflower",1.83783559154003
24037,"Maryland","St. Mary&#39;s","wheat",247.828980402923
24041,"Maryland","Talbot","barley",0
24041,"Maryland","Talbot","corn",0
24041,"Maryland","Talbot","grain sorghum",0
24041,"Maryland","Talbot","oats",0
24041,"Maryland","Talbot","soybeans",0
24041,"Maryland","Talbot","sunflower",0
24041,"Maryland","Talbot","wheat",0
24043,"Maryland","Washington","barley",653.779207560656
24043,"Maryland","Washington","corn",5982.10492396489
24043,"Maryland","Washington","grain sorghum",145.376560088042
24043,"Maryland","Washington","oats",108.479854872178
24043,"Maryland","Washington","soybeans",5160.16242022679
24043,"Maryland","Washington","sunflower",3.37797254930048
24043,"Maryland","Washington","wheat",2026.36039407148
24045,"Maryland","Wicomico","barley",0
24045,"Maryland","Wicomico","corn",0
24045,"Maryland","Wicomico","dry peas",0
24045,"Maryland","Wicomico","grain sorghum",0
24045,"Maryland","Wicomico","oats",0
24045,"Maryland","Wicomico","soybeans",0
24045,"Maryland","Wicomico","sunflower",0
24045,"Maryland","Wicomico","wheat",0
24047,"Maryland","Worcester","barley",0.867413474967404
24047,"Maryland","Worcester","corn",216.554087928838
24047,"Maryland","Worcester","grain sorghum",1.88654205853736
24047,"Maryland","Worcester","soybeans",227.2303504865
24047,"Maryland","Worcester","sunflower",0.0708352980951011
24047,"Maryland","Worcester","wheat",37.2994374197323
25001,"Massachusetts","Barnstable","corn",139.890266666667
25003,"Massachusetts","Berkshire","corn",0
25003,"Massachusetts","Berkshire","oats",0
25003,"Massachusetts","Berkshire","soybeans",0
25003,"Massachusetts","Berkshire","sunflower",0
25003,"Massachusetts","Berkshire","wheat",0
25005,"Massachusetts","Bristol","corn",0
25005,"Massachusetts","Bristol","oats",0
25005,"Massachusetts","Bristol","soybeans",0
25005,"Massachusetts","Bristol","sunflower",0
25005,"Massachusetts","Bristol","wheat",0
25007,"Massachusetts","Dukes","corn",0
25009,"Massachusetts","Essex","corn",221.185335066883
25009,"Massachusetts","Essex","dry peas",0.363498266450111
25011,"Massachusetts","Franklin","barley",5.12314275022279
25011,"Massachusetts","Franklin","corn",1113.70621730771
25011,"Massachusetts","Franklin","oats",7.7598124025965
25011,"Massachusetts","Franklin","soybeans",0.152254041572886
25011,"Massachusetts","Franklin","wheat",7.0695254978978
25013,"Massachusetts","Hampden","barley",48.2526644579623
25013,"Massachusetts","Hampden","corn",407.062134543868
25013,"Massachusetts","Hampden","soybeans",52.1088918498532
25013,"Massachusetts","Hampden","sunflower",0.124555148316888
25015,"Massachusetts","Hampshire","barley",0
25015,"Massachusetts","Hampshire","corn",0
25015,"Massachusetts","Hampshire","grain sorghum",0
25015,"Massachusetts","Hampshire","oats",0
25015,"Massachusetts","Hampshire","soybeans",0
25015,"Massachusetts","Hampshire","sunflower",0
25015,"Massachusetts","Hampshire","wheat",0
25017,"Massachusetts","Middlesex","corn",346.404062407799
25017,"Massachusetts","Middlesex","mustard",1.39037586188397
25017,"Massachusetts","Middlesex","soybeans",0.0161671611846974
25017,"Massachusetts","Middlesex","sunflower",0.145504450662276
25017,"Massachusetts","Middlesex","wheat",1.61671611846974
25021,"Massachusetts","Norfolk","corn",0
25021,"Massachusetts","Norfolk","soybeans",0
25021,"Massachusetts","Norfolk","sunflower",0
25023,"Massachusetts","Plymouth","chickpeas_large",1.28403658224413
25023,"Massachusetts","Plymouth","chickpeas_small",4.39184037791297
25023,"Massachusetts","Plymouth","corn",1072.56663881447
25023,"Massachusetts","Plymouth","dry peas",0.108816659512214
25023,"Massachusetts","Plymouth","oats",24.3477275658579
25027,"Massachusetts","Worcester","barley",0
25027,"Massachusetts","Worcester","corn",0
25027,"Massachusetts","Worcester","dry peas",0
25027,"Massachusetts","Worcester","oats",0
25027,"Massachusetts","Worcester","peanuts",0
25027,"Massachusetts","Worcester","soybeans",0
25027,"Massachusetts","Worcester","sunflower",0
25027,"Massachusetts","Worcester","wheat",0
26001,"Michigan","Alcona","barley",3.49864477125055
26001,"Michigan","Alcona","corn",630.254615705002
26001,"Michigan","Alcona","oats",48.0154008406425
26001,"Michigan","Alcona","soybeans",510.886541407686
26001,"Michigan","Alcona","wheat",200.704130608752
26003,"Michigan","Alger","barley",0
26003,"Michigan","Alger","corn",0
26003,"Michigan","Alger","oats",0
26003,"Michigan","Alger","soybeans",0
26005,"Michigan","Allegan","barley",0
26005,"Michigan","Allegan","corn",0
26005,"Michigan","Allegan","dry peas",0
26005,"Michigan","Allegan","grain sorghum",0
26005,"Michigan","Allegan","oats",0
26005,"Michigan","Allegan","soybeans",0
26005,"Michigan","Allegan","sunflower",0
26005,"Michigan","Allegan","wheat",0
26007,"Michigan","Alpena","barley",15.9212391593494
26007,"Michigan","Alpena","corn",2642.34543661435
26007,"Michigan","Alpena","dry peas",5.92436038845968
26007,"Michigan","Alpena","oats",393.072057566544
26007,"Michigan","Alpena","soybeans",3698.36359294093
26007,"Michigan","Alpena","wheat",1021.17431333037
26009,"Michigan","Antrim","barley",0
26009,"Michigan","Antrim","canola",0
26009,"Michigan","Antrim","corn",0
26009,"Michigan","Antrim","grain sorghum",0
26009,"Michigan","Antrim","oats",0
26009,"Michigan","Antrim","soybeans",0
26009,"Michigan","Antrim","sunflower",0
26009,"Michigan","Antrim","wheat",0
26011,"Michigan","Arenac","barley",6.09585337254677
26011,"Michigan","Arenac","corn",6631.85300647818
26011,"Michigan","Arenac","oats",224.285298924539
26011,"Michigan","Arenac","soybeans",7198.4440624531
26011,"Michigan","Arenac","wheat",2268.53777877163
26013,"Michigan","Baraga","barley",4.673354774705
26013,"Michigan","Baraga","corn",5.53161088819276
26013,"Michigan","Baraga","grain sorghum",7.18391024440618
26013,"Michigan","Baraga","oats",37.6079989164168
26013,"Michigan","Baraga","soybeans",28.8957918429459
26015,"Michigan","Barry","barley",0.123469744577876
26015,"Michigan","Barry","corn",403.78460958186
26015,"Michigan","Barry","grain sorghum",0.129551301298207
26015,"Michigan","Barry","oats",1.59095409557872
26015,"Michigan","Barry","soybeans",321.695323247412
26015,"Michigan","Barry","wheat",61.0445920292552
26017,"Michigan","Bay","barley",33.5242991486959
26017,"Michigan","Bay","corn",19361.9550329064
26017,"Michigan","Bay","grain sorghum",8.53451246632857
26017,"Michigan","Bay","oats",118.173384783608
26017,"Michigan","Bay","soybeans",22535.5605738881
26017,"Michigan","Bay","wheat",5923.28626347353
26019,"Michigan","Benzie","corn",388.881565052984
26019,"Michigan","Benzie","oats",18.6336817958728
26019,"Michigan","Benzie","soybeans",5.65837841606246
26019,"Michigan","Benzie","wheat",9.38007473508087
26021,"Michigan","Berrien","barley",5.03685062634378
26021,"Michigan","Berrien","corn",11340.8060881289
26021,"Michigan","Berrien","grain sorghum",15.0062747000935
26021,"Michigan","Berrien","oats",9.18077314060609
26021,"Michigan","Berrien","soybeans",9759.0244041322
26021,"Michigan","Berrien","sunflower",0.347006410583183
26021,"Michigan","Berrien","wheat",406.00319619462
26023,"Michigan","Branch","barley",0
26023,"Michigan","Branch","corn",0
26023,"Michigan","Branch","grain sorghum",0
26023,"Michigan","Branch","oats",0
26023,"Michigan","Branch","soybeans",0
26023,"Michigan","Branch","wheat",0
26025,"Michigan","Calhoun","barley",0.421425305136898
26025,"Michigan","Calhoun","corn",2254.36342879173
26025,"Michigan","Calhoun","grain sorghum",1.87783399994367
26025,"Michigan","Calhoun","oats",8.48300706404358
26025,"Michigan","Calhoun","soybeans",2110.65859335615
26025,"Michigan","Calhoun","sunflower",0.0375350973179157
26025,"Michigan","Calhoun","wheat",134.99600971906
26027,"Michigan","Cass","barley",5.87233687241613
26027,"Michigan","Cass","corn",7410.13151795705
26027,"Michigan","Cass","grain sorghum",21.6855510068949
26027,"Michigan","Cass","oats",11.9514078954442
26027,"Michigan","Cass","soybeans",5287.93080792698
26027,"Michigan","Cass","sunflower",0.0861392294216283
26027,"Michigan","Cass","wheat",173.376939111786
26029,"Michigan","Charlevoix","barley",0
26029,"Michigan","Charlevoix","corn",0
26029,"Michigan","Charlevoix","oats",0
26029,"Michigan","Charlevoix","sunflower",0
26029,"Michigan","Charlevoix","wheat",0
26031,"Michigan","Cheboygan","barley",0
26031,"Michigan","Cheboygan","corn",0
26031,"Michigan","Cheboygan","oats",0
26031,"Michigan","Cheboygan","rapeseed",0
26031,"Michigan","Cheboygan","soybeans",0
26031,"Michigan","Cheboygan","sunflower",0
26031,"Michigan","Cheboygan","wheat",0
26033,"Michigan","Chippewa","barley",99.5746642923572
26033,"Michigan","Chippewa","corn",419.389255808119
26033,"Michigan","Chippewa","oats",927.751047425858
26033,"Michigan","Chippewa","rapeseed",20.976940311905
26033,"Michigan","Chippewa","soybeans",81.8738753998876
26033,"Michigan","Chippewa","wheat",31.3358000952078
26035,"Michigan","Clare","barley",6.13167974271106
26035,"Michigan","Clare","canola",8.83682396989501
26035,"Michigan","Clare","corn",707.79298945381
26035,"Michigan","Clare","oats",64.5571221714919
26035,"Michigan","Clare","soybeans",678.626674724001
26035,"Michigan","Clare","wheat",136.238209938092
26037,"Michigan","Clinton","barley",0.521798086990747
26037,"Michigan","Clinton","canola",3.60122088294097
26037,"Michigan","Clinton","corn",1868.0822276408
26037,"Michigan","Clinton","grain sorghum",0.107607683418382
26037,"Michigan","Clinton","oats",15.7127053308518
26037,"Michigan","Clinton","soybeans",1699.88834395263
26037,"Michigan","Clinton","sunflower",0.00421504750717163
26037,"Michigan","Clinton","wheat",519.019081374871
26041,"Michigan","Delta","barley",0
26041,"Michigan","Delta","corn",0
26041,"Michigan","Delta","dry peas",0
26041,"Michigan","Delta","oats",0
26041,"Michigan","Delta","soybeans",0
26041,"Michigan","Delta","sunflower",0
26041,"Michigan","Delta","wheat",0
26043,"Michigan","Dickinson","barley",0
26043,"Michigan","Dickinson","corn",0
26043,"Michigan","Dickinson","oats",0
26043,"Michigan","Dickinson","soybeans",0
26043,"Michigan","Dickinson","sunflower",0
26043,"Michigan","Dickinson","wheat",0
26045,"Michigan","Eaton","barley",0.516002021923481
26045,"Michigan","Eaton","corn",2488.16256308517
26045,"Michigan","Eaton","grain sorghum",0.614419809837638
26045,"Michigan","Eaton","oats",13.0292137275975
26045,"Michigan","Eaton","soybeans",3678.50416986538
26045,"Michigan","Eaton","wheat",770.34296482341
26047,"Michigan","Emmet","barley",0
26047,"Michigan","Emmet","corn",0
26047,"Michigan","Emmet","oats",0
26047,"Michigan","Emmet","soybeans",0
26049,"Michigan","Genesee","barley",2.15137193342021
26049,"Michigan","Genesee","corn",1162.71398620963
26049,"Michigan","Genesee","grain sorghum",0.730679459266605
26049,"Michigan","Genesee","oats",7.23043529782377
26049,"Michigan","Genesee","soybeans",1692.37628526438
26049,"Michigan","Genesee","wheat",213.723741835482
26051,"Michigan","Gladwin","barley",9.09963353372673
26051,"Michigan","Gladwin","corn",1304.68151692369
26051,"Michigan","Gladwin","oats",68.2824358327625
26051,"Michigan","Gladwin","soybeans",1948.46713660287
26051,"Michigan","Gladwin","sunflower",0.231112754647343
26051,"Michigan","Gladwin","wheat",315.65966435231
26053,"Michigan","Gogebic","oats",1.56666666666667
26055,"Michigan","Grand Traverse","barley",49.2693562362005
26055,"Michigan","Grand Traverse","corn",726.586958997534
26055,"Michigan","Grand Traverse","grain sorghum",5.76360563368612
26055,"Michigan","Grand Traverse","mustard",0.351629249601292
26055,"Michigan","Grand Traverse","oats",161.832755915577
26055,"Michigan","Grand Traverse","soybeans",147.323832413579
26055,"Michigan","Grand Traverse","sunflower",33.8664380737764
26055,"Michigan","Grand Traverse","wheat",127.921423480044
26057,"Michigan","Gratiot","barley",18.9932371222314
26057,"Michigan","Gratiot","corn",19240.9113918952
26057,"Michigan","Gratiot","flaxseed",1.96607185158444
26057,"Michigan","Gratiot","oats",41.721617548103
26057,"Michigan","Gratiot","soybeans",16826.4140975434
26057,"Michigan","Gratiot","sunflower",2.4890469641059
26057,"Michigan","Gratiot","wheat",3970.2194370754
26059,"Michigan","Hillsdale","barley",0.347698231927204
26059,"Michigan","Hillsdale","canola",0.682571795872821
26059,"Michigan","Hillsdale","corn",1413.87937421057
26059,"Michigan","Hillsdale","dry peas",0.886073887804002
26059,"Michigan","Hillsdale","oats",4.03578630414692
26059,"Michigan","Hillsdale","soybeans",1618.04911705488
26059,"Michigan","Hillsdale","sunflower",0.926227467555491
26059,"Michigan","Hillsdale","wheat",181.388484380611
26061,"Michigan","Houghton","barley",0
26061,"Michigan","Houghton","corn",0
26061,"Michigan","Houghton","dry peas",0
26061,"Michigan","Houghton","grain sorghum",0
26061,"Michigan","Houghton","oats",0
26061,"Michigan","Houghton","sunflower",0
26061,"Michigan","Houghton","wheat",0
26063,"Michigan","Huron","barley",38.9157556632944
26063,"Michigan","Huron","corn",19202.9797591844
26063,"Michigan","Huron","grain sorghum",3.88659926633423
26063,"Michigan","Huron","oats",190.05797322593
26063,"Michigan","Huron","soybeans",10258.7982673358
26063,"Michigan","Huron","sunflower",38.7025375540105
26063,"Michigan","Huron","wheat",12485.7074077702
26065,"Michigan","Ingham","barley",0.174051697951031
26065,"Michigan","Ingham","canola",7.43503391396162
26065,"Michigan","Ingham","corn",839.420195461609
26065,"Michigan","Ingham","grain sorghum",0.158589246424629
26065,"Michigan","Ingham","oats",1.03634900753567
26065,"Michigan","Ingham","soybeans",836.681276709447
26065,"Michigan","Ingham","sunflower",0.47281797929039
26065,"Michigan","Ingham","wheat",213.096719317117
26067,"Michigan","Ionia","barley",0
26067,"Michigan","Ionia","corn",0
26067,"Michigan","Ionia","oats",0
26067,"Michigan","Ionia","soybeans",0
26067,"Michigan","Ionia","sunflower",0
26067,"Michigan","Ionia","wheat",0
26069,"Michigan","Iosco","barley",0
26069,"Michigan","Iosco","corn",0
26069,"Michigan","Iosco","oats",0
26069,"Michigan","Iosco","rapeseed",0
26069,"Michigan","Iosco","soybeans",0
26069,"Michigan","Iosco","sunflower",0
26069,"Michigan","Iosco","wheat",0
26071,"Michigan","Iron","corn",91.0244337798388
26071,"Michigan","Iron","oats",523.722857625053
26071,"Michigan","Iron","soybeans",138.453408595108
26073,"Michigan","Isabella","barley",12.4564435717208
26073,"Michigan","Isabella","corn",5963.46457688182
26073,"Michigan","Isabella","grain sorghum",2.13218790366109
26073,"Michigan","Isabella","oats",172.65325343994
26073,"Michigan","Isabella","soybeans",8433.22608084804
26073,"Michigan","Isabella","sunflower",4.83696738937283
26073,"Michigan","Isabella","wheat",1848.45445996545
26075,"Michigan","Jackson","barley",0
26075,"Michigan","Jackson","canola",0
26075,"Michigan","Jackson","corn",0
26075,"Michigan","Jackson","oats",0
26075,"Michigan","Jackson","soybeans",0
26075,"Michigan","Jackson","sunflower",0
26075,"Michigan","Jackson","wheat",0
26077,"Michigan","Kalamazoo","corn",0
26077,"Michigan","Kalamazoo","grain sorghum",0
26077,"Michigan","Kalamazoo","oats",0
26077,"Michigan","Kalamazoo","soybeans",0
26077,"Michigan","Kalamazoo","sunflower",0
26077,"Michigan","Kalamazoo","wheat",0
26079,"Michigan","Kalkaska","barley",0
26079,"Michigan","Kalkaska","corn",0
26079,"Michigan","Kalkaska","grain sorghum",0
26079,"Michigan","Kalkaska","oats",0
26079,"Michigan","Kalkaska","soybeans",0
26079,"Michigan","Kalkaska","wheat",0
26081,"Michigan","Kent","barley",0.308871318720894
26081,"Michigan","Kent","corn",364.485541566379
26081,"Michigan","Kent","dry peas",0.00169468513369971
26081,"Michigan","Kent","oats",6.5925245448135
26081,"Michigan","Kent","soybeans",234.477213285385
26081,"Michigan","Kent","sunflower",0.0541800805979879
26081,"Michigan","Kent","wheat",41.0769745189434
26085,"Michigan","Lake","corn",388.670151204011
26085,"Michigan","Lake","oats",34.6272791996971
26085,"Michigan","Lake","soybeans",69.4358795300974
26085,"Michigan","Lake","wheat",73.9876900661948
26087,"Michigan","Lapeer","barley",0
26087,"Michigan","Lapeer","corn",0
26087,"Michigan","Lapeer","dry peas",0
26087,"Michigan","Lapeer","oats",0
26087,"Michigan","Lapeer","soybeans",0
26087,"Michigan","Lapeer","sunflower",0
26087,"Michigan","Lapeer","wheat",0
26089,"Michigan","Leelanau","barley",12.9393769095162
26089,"Michigan","Leelanau","corn",266.436742752826
26089,"Michigan","Leelanau","grain sorghum",1.80153131007375
26089,"Michigan","Leelanau","oats",25.9825521217872
26089,"Michigan","Leelanau","soybeans",5.7003305657355
26089,"Michigan","Leelanau","sunflower",0.162300118024662
26089,"Michigan","Leelanau","wheat",6.66013288870385
26091,"Michigan","Lenawee","barley",0.374915686088746
26091,"Michigan","Lenawee","corn",3836.97343209348
26091,"Michigan","Lenawee","grain sorghum",5.4933580371723
26091,"Michigan","Lenawee","oats",5.86277323015027
26091,"Michigan","Lenawee","soybeans",4955.73475775739
26091,"Michigan","Lenawee","sunflower",0.23351149998607
26091,"Michigan","Lenawee","wheat",1107.83125169575
26093,"Michigan","Livingston","barley",0
26093,"Michigan","Livingston","corn",0
26093,"Michigan","Livingston","oats",0
26093,"Michigan","Livingston","soybeans",0
26093,"Michigan","Livingston","sunflower",0
26093,"Michigan","Livingston","wheat",0
26095,"Michigan","Luce","barley",30.896337238027
26095,"Michigan","Luce","wheat",195.44232942864
26097,"Michigan","Mackinac","corn",1766.05847939246
26097,"Michigan","Mackinac","oats",2070.36317735827
26097,"Michigan","Mackinac","soybeans",477.596004106418
26097,"Michigan","Mackinac","sunflower",19.694680581708
26097,"Michigan","Mackinac","wheat",229.661858561139
26099,"Michigan","Macomb","barley",2.5864702699393
26099,"Michigan","Macomb","corn",348.870534865784
26099,"Michigan","Macomb","oats",2.16984525684033
26099,"Michigan","Macomb","soybeans",911.177574763767
26099,"Michigan","Macomb","wheat",88.066424843676
26101,"Michigan","Manistee","corn",1403.11886955008
26101,"Michigan","Manistee","oats",65.5655371234701
26101,"Michigan","Manistee","soybeans",56.4645284047096
26101,"Michigan","Manistee","wheat",71.3885649217406
26103,"Michigan","Marquette","corn",0
26103,"Michigan","Marquette","oats",0
26105,"Michigan","Mason","barley",10.1239141877957
26105,"Michigan","Mason","corn",6557.07629846935
26105,"Michigan","Mason","grain sorghum",10.1003253176272
26105,"Michigan","Mason","oats",547.381876704085
26105,"Michigan","Mason","soybeans",3229.30431719596
26105,"Michigan","Mason","sunflower",8.56661986812251
26105,"Michigan","Mason","wheat",1913.29754825706
26107,"Michigan","Mecosta","barley",6.57645440508944
26107,"Michigan","Mecosta","corn",7005.70698012218
26107,"Michigan","Mecosta","oats",319.183916868046
26107,"Michigan","Mecosta","soybeans",1873.43896400691
26107,"Michigan","Mecosta","sunflower",9.23252242659783
26107,"Michigan","Mecosta","wheat",755.230828837838
26109,"Michigan","Menominee","barley",267.175761396311
26109,"Michigan","Menominee","corn",8470.22101623743
26109,"Michigan","Menominee","dry peas",269.778938607347
26109,"Michigan","Menominee","oats",711.180711412536
26109,"Michigan","Menominee","soybeans",2343.07105177618
26109,"Michigan","Menominee","sunflower",1.97242937744846
26109,"Michigan","Menominee","wheat",1215.12102452607
26111,"Michigan","Midland","corn",5293.90131386574
26111,"Michigan","Midland","oats",29.4354513500134
26111,"Michigan","Midland","soybeans",6246.61963501523
26111,"Michigan","Midland","sunflower",13.1465995569717
26111,"Michigan","Midland","wheat",929.173333545379
26113,"Michigan","Missaukee","barley",10.9289528134324
26113,"Michigan","Missaukee","corn",8453.42742039775
26113,"Michigan","Missaukee","oats",166.263119191856
26113,"Michigan","Missaukee","soybeans",19.7863017717012
26113,"Michigan","Missaukee","wheat",261.349372491935
26115,"Michigan","Monroe","barley",0
26115,"Michigan","Monroe","corn",0
26115,"Michigan","Monroe","grain sorghum",0
26115,"Michigan","Monroe","oats",0
26115,"Michigan","Monroe","soybeans",0
26115,"Michigan","Monroe","wheat",0
26117,"Michigan","Montcalm","barley",4.53740187447378
26117,"Michigan","Montcalm","corn",14903.3048713906
26117,"Michigan","Montcalm","dry peas",38.4926009702399
26117,"Michigan","Montcalm","oats",320.938157611551
26117,"Michigan","Montcalm","soybeans",7053.74571360813
26117,"Michigan","Montcalm","sunflower",3.42001350415549
26117,"Michigan","Montcalm","wheat",3548.59497437409
26119,"Michigan","Montmorency","barley",3.70832610771263
26119,"Michigan","Montmorency","corn",220.792190705106
26119,"Michigan","Montmorency","oats",33.7610781269962
26119,"Michigan","Montmorency","soybeans",552.880889726869
26119,"Michigan","Montmorency","sunflower",0.47753624891299
26119,"Michigan","Montmorency","wheat",76.2406457510698
26121,"Michigan","Muskegon","barley",0
26121,"Michigan","Muskegon","corn",0
26121,"Michigan","Muskegon","oats",0
26121,"Michigan","Muskegon","soybeans",0
26121,"Michigan","Muskegon","wheat",0
26123,"Michigan","Newaygo","barley",0
26123,"Michigan","Newaygo","corn",0
26123,"Michigan","Newaygo","oats",0
26123,"Michigan","Newaygo","safflower",0
26123,"Michigan","Newaygo","soybeans",0
26123,"Michigan","Newaygo","sunflower",0
26123,"Michigan","Newaygo","wheat",0
26125,"Michigan","Oakland","corn",0
26125,"Michigan","Oakland","oats",0
26125,"Michigan","Oakland","soybeans",0
26125,"Michigan","Oakland","wheat",0
26127,"Michigan","Oceana","corn",9200.5219126001
26127,"Michigan","Oceana","oats",312.382870993628
26127,"Michigan","Oceana","soybeans",2939.76295881357
26127,"Michigan","Oceana","sunflower",30.4495480377542
26127,"Michigan","Oceana","wheat",1615.77260955495
26129,"Michigan","Ogemaw","barley",8.45935449399114
26129,"Michigan","Ogemaw","corn",462.512777424123
26129,"Michigan","Ogemaw","oats",44.9427741031395
26129,"Michigan","Ogemaw","soybeans",167.765116483058
26129,"Michigan","Ogemaw","wheat",105.486477495684
26131,"Michigan","Ontonagon","barley",0
26131,"Michigan","Ontonagon","oats",0
26131,"Michigan","Ontonagon","wheat",0
26133,"Michigan","Osceola","corn",1397.21576821515
26133,"Michigan","Osceola","oats",39.3772676845559
26133,"Michigan","Osceola","soybeans",64.2788593159469
26133,"Michigan","Osceola","wheat",146.035104784349
26135,"Michigan","Oscoda","barley",0
26135,"Michigan","Oscoda","corn",0
26137,"Michigan","Otsego","barley",0
26137,"Michigan","Otsego","corn",0
26137,"Michigan","Otsego","grain sorghum",0
26137,"Michigan","Otsego","oats",0
26137,"Michigan","Otsego","soybeans",0
26137,"Michigan","Otsego","sunflower",0
26137,"Michigan","Otsego","wheat",0
26139,"Michigan","Ottawa","barley",0
26139,"Michigan","Ottawa","corn",0
26139,"Michigan","Ottawa","grain sorghum",0
26139,"Michigan","Ottawa","oats",0
26139,"Michigan","Ottawa","soybeans",0
26139,"Michigan","Ottawa","sunflower",0
26139,"Michigan","Ottawa","wheat",0
26141,"Michigan","Presque Isle","barley",37.3289189098118
26141,"Michigan","Presque Isle","corn",2436.5598186622
26141,"Michigan","Presque Isle","dry peas",1.23684871915172
26141,"Michigan","Presque Isle","oats",761.8625301017
26141,"Michigan","Presque Isle","soybeans",3475.72218246609
26141,"Michigan","Presque Isle","sunflower",43.4389515824213
26141,"Michigan","Presque Isle","wheat",1370.48774955863
26143,"Michigan","Roscommon","corn",0
26143,"Michigan","Roscommon","oats",0
26143,"Michigan","Roscommon","wheat",0
26145,"Michigan","Saginaw","barley",1.502441458406
26145,"Michigan","Saginaw","corn",16700.7975588924
26145,"Michigan","Saginaw","oats",79.4344555162896
26145,"Michigan","Saginaw","soybeans",21573.2319607253
26145,"Michigan","Saginaw","sunflower",24.5311129121239
26145,"Michigan","Saginaw","wheat",3623.92335382881
26151,"Michigan","Sanilac","barley",14.0777474517888
26151,"Michigan","Sanilac","corn",20879.0853650972
26151,"Michigan","Sanilac","grain sorghum",27.0910179439033
26151,"Michigan","Sanilac","oats",268.863718518049
26151,"Michigan","Sanilac","soybeans",24881.175277047
26151,"Michigan","Sanilac","sunflower",4.54058516843214
26151,"Michigan","Sanilac","wheat",9241.73938877361
26153,"Michigan","Schoolcraft","barley",1.0936948864317
26153,"Michigan","Schoolcraft","corn",3.09754780396783
26153,"Michigan","Schoolcraft","dry peas",1.50839499738382
26153,"Michigan","Schoolcraft","oats",3.35256408114637
26153,"Michigan","Schoolcraft","soybeans",3.58129823107041
26155,"Michigan","Shiawassee","barley",0.644975573387408
26155,"Michigan","Shiawassee","canola",5.33537840211265
26155,"Michigan","Shiawassee","corn",2810.78485537496
26155,"Michigan","Shiawassee","oats",36.765879814806
26155,"Michigan","Shiawassee","soybeans",4821.53116525514
26155,"Michigan","Shiawassee","sunflower",16.9325452773203
26155,"Michigan","Shiawassee","wheat",1015.09803363561
26147,"Michigan","St. Clair","barley",0
26147,"Michigan","St. Clair","corn",0
26147,"Michigan","St. Clair","grain sorghum",0
26147,"Michigan","St. Clair","oats",0
26147,"Michigan","St. Clair","soybeans",0
26147,"Michigan","St. Clair","wheat",0
26149,"Michigan","St. Joseph","barley",6.79148464463938
26149,"Michigan","St. Joseph","corn",4690.64486069215
26149,"Michigan","St. Joseph","grain sorghum",45.1086223195427
26149,"Michigan","St. Joseph","oats",18.4456201968247
26149,"Michigan","St. Joseph","soybeans",3300.99890371471
26149,"Michigan","St. Joseph","sunflower",6.91709169026782
26149,"Michigan","St. Joseph","wheat",225.37601674187
26157,"Michigan","Tuscola","barley",14.127540385712
26157,"Michigan","Tuscola","canola",18.2578142100613
26157,"Michigan","Tuscola","corn",17687.7814262022
26157,"Michigan","Tuscola","dry peas",13.9887513102128
26157,"Michigan","Tuscola","grain sorghum",49.5641765172741
26157,"Michigan","Tuscola","oats",89.68995371303
26157,"Michigan","Tuscola","rice_long grain",10.1063681340815
26157,"Michigan","Tuscola","soybeans",16018.9539730217
26157,"Michigan","Tuscola","sunflower",3.3710159407357
26157,"Michigan","Tuscola","wheat",6943.66494723174
26159,"Michigan","Van Buren","barley",1.77844368248374
26159,"Michigan","Van Buren","corn",9404.72644341967
26159,"Michigan","Van Buren","grain sorghum",35.3482424564295
26159,"Michigan","Van Buren","oats",10.611727894211
26159,"Michigan","Van Buren","soybeans",4777.30988937635
26159,"Michigan","Van Buren","sunflower",1.21942451241432
26159,"Michigan","Van Buren","wheat",330.644975325117
26161,"Michigan","Washtenaw","barley",0
26161,"Michigan","Washtenaw","corn",0
26161,"Michigan","Washtenaw","grain sorghum",0
26161,"Michigan","Washtenaw","oats",0
26161,"Michigan","Washtenaw","soybeans",0
26161,"Michigan","Washtenaw","sunflower",0
26161,"Michigan","Washtenaw","wheat",0
26163,"Michigan","Wayne","corn",0
26163,"Michigan","Wayne","oats",0
26163,"Michigan","Wayne","soybeans",0
26163,"Michigan","Wayne","wheat",0
26165,"Michigan","Wexford","corn",3337.01491146723
26165,"Michigan","Wexford","oats",127.573589154651
26165,"Michigan","Wexford","soybeans",152.720723736759
26165,"Michigan","Wexford","wheat",234.972175641363
27001,"Minnesota","Aitkin","barley",23.0818439235533
27001,"Minnesota","Aitkin","canola",12.5905844307558
27001,"Minnesota","Aitkin","corn",1111.04492132718
27001,"Minnesota","Aitkin","oats",184.670846979408
27001,"Minnesota","Aitkin","soybeans",2958.31443743545
27001,"Minnesota","Aitkin","sunflower",0.766456713383806
27001,"Minnesota","Aitkin","wheat",19.8014091902706
27003,"Minnesota","Anoka","corn",0
27003,"Minnesota","Anoka","dry peas",0
27003,"Minnesota","Anoka","oats",0
27003,"Minnesota","Anoka","soybeans",0
27003,"Minnesota","Anoka","wheat",0
27005,"Minnesota","Becker","barley",71.4624211316317
27005,"Minnesota","Becker","canola",3.85692331465699
27005,"Minnesota","Becker","corn",5391.27717110662
27005,"Minnesota","Becker","dry peas",25.4347499130391
27005,"Minnesota","Becker","flaxseed",2.20912617084266
27005,"Minnesota","Becker","grain sorghum",0.786938635971141
27005,"Minnesota","Becker","oats",153.690039603562
27005,"Minnesota","Becker","soybeans",5675.58732030168
27005,"Minnesota","Becker","sunflower",39.5552934373964
27005,"Minnesota","Becker","wheat",1923.62159971794
27007,"Minnesota","Beltrami","barley",159.648053003352
27007,"Minnesota","Beltrami","canola",631.299016095041
27007,"Minnesota","Beltrami","corn",2422.83934496562
27007,"Minnesota","Beltrami","dry peas",4.23162424886264
27007,"Minnesota","Beltrami","oats",1034.63156387705
27007,"Minnesota","Beltrami","soybeans",8839.61616404537
27007,"Minnesota","Beltrami","sunflower",8.5225703329897
27007,"Minnesota","Beltrami","wheat",5563.93899676505
27009,"Minnesota","Benton","barley",36.0366131789754
27009,"Minnesota","Benton","corn",3976.00744397905
27009,"Minnesota","Benton","dry peas",16.9632334751628
27009,"Minnesota","Benton","grain sorghum",0.0923035736679576
27009,"Minnesota","Benton","oats",85.7929987890218
27009,"Minnesota","Benton","soybeans",2426.16986787383
27009,"Minnesota","Benton","sunflower",0.268016887082742
27009,"Minnesota","Benton","wheat",63.8618139098489
27011,"Minnesota","Big Stone","barley",1.6637608581355
27011,"Minnesota","Big Stone","corn",2073.2335177255
27011,"Minnesota","Big Stone","dry peas",1.27235114232008
27011,"Minnesota","Big Stone","grain sorghum",1.29722309120386
27011,"Minnesota","Big Stone","oats",5.35413986797731
27011,"Minnesota","Big Stone","soybeans",2205.41182397179
27011,"Minnesota","Big Stone","wheat",74.8590166764118
27013,"Minnesota","Blue Earth","barley",0.860229545804342
27013,"Minnesota","Blue Earth","corn",3148.99002168159
27013,"Minnesota","Blue Earth","grain sorghum",0.00866178393639907
27013,"Minnesota","Blue Earth","oats",8.59954983596547
27013,"Minnesota","Blue Earth","soybeans",2747.2011538505
27013,"Minnesota","Blue Earth","sunflower",0.0348650422597195
27013,"Minnesota","Blue Earth","wheat",5.30522826012451
27015,"Minnesota","Brown","barley",9.59679757598869
27015,"Minnesota","Brown","canola",2.2286763300591
27015,"Minnesota","Brown","corn",9935.90751197842
27015,"Minnesota","Brown","grain sorghum",0.219700566642142
27015,"Minnesota","Brown","oats",79.2136082017821
27015,"Minnesota","Brown","soybeans",7704.33847734166
27015,"Minnesota","Brown","sunflower",0.0703792525281821
27015,"Minnesota","Brown","wheat",60.2833487530144
27017,"Minnesota","Carlton","barley",0
27017,"Minnesota","Carlton","corn",0
27017,"Minnesota","Carlton","oats",0
27017,"Minnesota","Carlton","soybeans",0
27017,"Minnesota","Carlton","wheat",0
27019,"Minnesota","Carver","barley",2.13062928246436
27019,"Minnesota","Carver","corn",1276.45959563556
27019,"Minnesota","Carver","grain sorghum",1.5650258174929
27019,"Minnesota","Carver","oats",15.5884631641095
27019,"Minnesota","Carver","soybeans",1015.74169841496
27019,"Minnesota","Carver","wheat",17.5518876854145
27021,"Minnesota","Cass","barley",0
27021,"Minnesota","Cass","corn",0
27021,"Minnesota","Cass","dry peas",0
27021,"Minnesota","Cass","grain sorghum",0
27021,"Minnesota","Cass","oats",0
27021,"Minnesota","Cass","soybeans",0
27021,"Minnesota","Cass","wheat",0
27023,"Minnesota","Chippewa","barley",1.73277390554972
27023,"Minnesota","Chippewa","corn",17263.9494018561
27023,"Minnesota","Chippewa","dry peas",9.5296876118742
27023,"Minnesota","Chippewa","flaxseed",0.0136528475814817
27023,"Minnesota","Chippewa","oats",23.1738883898876
27023,"Minnesota","Chippewa","soybeans",10940.4864129098
27023,"Minnesota","Chippewa","sunflower",5.07203287652044
27023,"Minnesota","Chippewa","wheat",130.269782936006
27025,"Minnesota","Chisago","barley",0
27025,"Minnesota","Chisago","corn",0
27025,"Minnesota","Chisago","grain sorghum",0
27025,"Minnesota","Chisago","oats",0
27025,"Minnesota","Chisago","soybeans",0
27025,"Minnesota","Chisago","sunflower",0
27025,"Minnesota","Chisago","wheat",0
27027,"Minnesota","Clay","barley",146.589781185324
27027,"Minnesota","Clay","canola",80.7808605728033
27027,"Minnesota","Clay","corn",20272.0148598221
27027,"Minnesota","Clay","dry peas",0.632898277922581
27027,"Minnesota","Clay","flaxseed",14.6712700717699
27027,"Minnesota","Clay","grain sorghum",0.17756095778324
27027,"Minnesota","Clay","oats",168.800242174981
27027,"Minnesota","Clay","soybeans",23061.3186103806
27027,"Minnesota","Clay","sunflower",974.018446602106
27027,"Minnesota","Clay","wheat",8837.43728328795
27029,"Minnesota","Clearwater","barley",67.9092550728825
27029,"Minnesota","Clearwater","canola",81.5627203445953
27029,"Minnesota","Clearwater","corn",2686.61950982877
27029,"Minnesota","Clearwater","grain sorghum",20.9397720453075
27029,"Minnesota","Clearwater","oats",599.284675610751
27029,"Minnesota","Clearwater","soybeans",5775.04175860798
27029,"Minnesota","Clearwater","sunflower",55.3797193408543
27029,"Minnesota","Clearwater","wheat",2511.61675581552
27033,"Minnesota","Cottonwood","barley",0.0445570118493842
27033,"Minnesota","Cottonwood","corn",587.629786063889
27033,"Minnesota","Cottonwood","grain sorghum",0.0104129196762843
27033,"Minnesota","Cottonwood","oats",1.0248562666332
27033,"Minnesota","Cottonwood","soybeans",508.848017266419
27033,"Minnesota","Cottonwood","wheat",2.88487047153767
27035,"Minnesota","Crow Wing","barley",0
27035,"Minnesota","Crow Wing","corn",0
27035,"Minnesota","Crow Wing","dry peas",0
27035,"Minnesota","Crow Wing","grain sorghum",0
27035,"Minnesota","Crow Wing","oats",0
27035,"Minnesota","Crow Wing","soybeans",0
27035,"Minnesota","Crow Wing","sunflower",0
27035,"Minnesota","Crow Wing","wheat",0
27037,"Minnesota","Dakota","barley",11.2352211954329
27037,"Minnesota","Dakota","canola",0.261367408618111
27037,"Minnesota","Dakota","corn",5332.20594035238
27037,"Minnesota","Dakota","oats",52.2117354985276
27037,"Minnesota","Dakota","peanuts",0.0305537040521451
27037,"Minnesota","Dakota","soybeans",2666.64413760138
27037,"Minnesota","Dakota","sunflower",1.40557989788273
27037,"Minnesota","Dakota","wheat",46.1167643418029
27039,"Minnesota","Dodge","barley",8.61843914024869
27039,"Minnesota","Dodge","corn",5653.33164424079
27039,"Minnesota","Dodge","oats",43.5787671324462
27039,"Minnesota","Dodge","soybeans",4060.88121789841
27039,"Minnesota","Dodge","sunflower",0.533471405475546
27039,"Minnesota","Dodge","wheat",4.25323351593004
27041,"Minnesota","Douglas","barley",4.10578454349065
27041,"Minnesota","Douglas","corn",4625.70016622605
27041,"Minnesota","Douglas","grain sorghum",1.94203275821698
27041,"Minnesota","Douglas","oats",163.176804368609
27041,"Minnesota","Douglas","soybeans",4676.69134267653
27041,"Minnesota","Douglas","sunflower",14.69232501141
27041,"Minnesota","Douglas","wheat",495.750421082369
27111,"Minnesota","East Otter Tail","barley",2171.88451754667
27111,"Minnesota","East Otter Tail","corn",90040.1781778018
27111,"Minnesota","East Otter Tail","dry peas",195.451238438417
27111,"Minnesota","East Otter Tail","grain sorghum",14.1730944372436
27111,"Minnesota","East Otter Tail","oats",7836.12852823354
27111,"Minnesota","East Otter Tail","soybeans",46126.1983812138
27111,"Minnesota","East Otter Tail","sunflower",493.989223122303
27111,"Minnesota","East Otter Tail","wheat",6877.97757253955
27119,"Minnesota","East Polk","barley",417.662888522779
27119,"Minnesota","East Polk","canola",442.065846122858
27119,"Minnesota","East Polk","corn",41463.3842623538
27119,"Minnesota","East Polk","dry peas",1012.63957758028
27119,"Minnesota","East Polk","grain sorghum",132.239550469145
27119,"Minnesota","East Polk","lentils",3.46511762496753
27119,"Minnesota","East Polk","oats",2944.80409192271
27119,"Minnesota","East Polk","soybeans",109476.919846084
27119,"Minnesota","East Polk","sunflower",2760.30417052883
27119,"Minnesota","East Polk","wheat",67395.7701487908
27043,"Minnesota","Faribault","barley",0.623401263389096
27043,"Minnesota","Faribault","corn",5120.75683005459
27043,"Minnesota","Faribault","dry peas",1.88438114147985
27043,"Minnesota","Faribault","oats",20.8549340550689
27043,"Minnesota","Faribault","soybeans",4253.48431053118
27043,"Minnesota","Faribault","wheat",0.502742954346045
27045,"Minnesota","Fillmore","barley",18.6173698552308
27045,"Minnesota","Fillmore","corn",6843.41629112774
27045,"Minnesota","Fillmore","oats",216.628546289142
27045,"Minnesota","Fillmore","soybeans",3759.23232171265
27045,"Minnesota","Fillmore","wheat",14.9970076819498
27047,"Minnesota","Freeborn","barley",4.19339188828776
27047,"Minnesota","Freeborn","corn",8674.86074278194
27047,"Minnesota","Freeborn","dry peas",2.65918776367001
27047,"Minnesota","Freeborn","oats",47.3229203501217
27047,"Minnesota","Freeborn","soybeans",6805.49190294316
27047,"Minnesota","Freeborn","wheat",6.35652093949179
27049,"Minnesota","Goodhue","barley",39.6346088779541
27049,"Minnesota","Goodhue","canola",0.445372717524655
27049,"Minnesota","Goodhue","corn",14041.7262698643
27049,"Minnesota","Goodhue","dry peas",20.2925171285759
27049,"Minnesota","Goodhue","grain sorghum",3.49083135995825
27049,"Minnesota","Goodhue","oats",266.104497950197
27049,"Minnesota","Goodhue","soybeans",8094.2357460542
27049,"Minnesota","Goodhue","sunflower",2.17609109782547
27049,"Minnesota","Goodhue","wheat",36.9213982827939
27051,"Minnesota","Grant","barley",11.683712869595
27051,"Minnesota","Grant","corn",9808.26163546607
27051,"Minnesota","Grant","oats",10.8975721601954
27051,"Minnesota","Grant","soybeans",6985.90590758267
27051,"Minnesota","Grant","sunflower",37.761981927409
27051,"Minnesota","Grant","wheat",606.058489994094
27053,"Minnesota","Hennepin","corn",604.184448077061
27053,"Minnesota","Hennepin","grain sorghum",0.223121437014768
27053,"Minnesota","Hennepin","oats",13.6082880042492
27053,"Minnesota","Hennepin","soybeans",578.12448897376
27053,"Minnesota","Hennepin","sunflower",0.0137777487356619
27053,"Minnesota","Hennepin","wheat",20.9112757591796
27055,"Minnesota","Houston","barley",5.69799231924209
27055,"Minnesota","Houston","corn",1716.32971300476
27055,"Minnesota","Houston","grain sorghum",0.235009425559958
27055,"Minnesota","Houston","oats",92.7551206238136
27055,"Minnesota","Houston","soybeans",870.583005338405
27055,"Minnesota","Houston","sunflower",0.0563571763932752
27055,"Minnesota","Houston","wheat",13.5118021118169
27057,"Minnesota","Hubbard","barley",76.6700799547291
27057,"Minnesota","Hubbard","canola",21.6232073047487
27057,"Minnesota","Hubbard","corn",3636.26721759244
27057,"Minnesota","Hubbard","dry peas",193.774338433791
27057,"Minnesota","Hubbard","oats",411.636763383395
27057,"Minnesota","Hubbard","soybeans",678.916267189231
27057,"Minnesota","Hubbard","sunflower",76.5442961284531
27057,"Minnesota","Hubbard","wheat",488.865130013211
27059,"Minnesota","Isanti","barley",0
27059,"Minnesota","Isanti","corn",0
27059,"Minnesota","Isanti","grain sorghum",0
27059,"Minnesota","Isanti","oats",0
27059,"Minnesota","Isanti","soybeans",0
27059,"Minnesota","Isanti","sunflower",0
27059,"Minnesota","Isanti","wheat",0
27061,"Minnesota","Itasca","corn",460.508840962931
27061,"Minnesota","Itasca","oats",153.838724102967
27061,"Minnesota","Itasca","soybeans",1413.48540981717
27061,"Minnesota","Itasca","wheat",503.275075116934
27063,"Minnesota","Jackson","barley",1.30994332800653
27063,"Minnesota","Jackson","corn",2265.99127644651
27063,"Minnesota","Jackson","grain sorghum",0.0311638673903152
27063,"Minnesota","Jackson","oats",5.79491451061903
27063,"Minnesota","Jackson","soybeans",2026.25159645643
27063,"Minnesota","Jackson","wheat",2.05127205773138
27065,"Minnesota","Kanabec","barley",0
27065,"Minnesota","Kanabec","corn",0
27065,"Minnesota","Kanabec","grain sorghum",0
27065,"Minnesota","Kanabec","oats",0
27065,"Minnesota","Kanabec","soybeans",0
27065,"Minnesota","Kanabec","sunflower",0
27065,"Minnesota","Kanabec","wheat",0
27067,"Minnesota","Kandiyohi","barley",5.36013999534082
27067,"Minnesota","Kandiyohi","corn",18836.8904248976
27067,"Minnesota","Kandiyohi","dry peas",49.9566806971651
27067,"Minnesota","Kandiyohi","grain sorghum",1.06059186080751
27067,"Minnesota","Kandiyohi","oats",123.064283822868
27067,"Minnesota","Kandiyohi","rapeseed",0.0604795773399826
27067,"Minnesota","Kandiyohi","soybeans",11404.472033659
27067,"Minnesota","Kandiyohi","sunflower",0.0549814339454387
27067,"Minnesota","Kandiyohi","wheat",122.194917389323
27069,"Minnesota","Kittson","barley",0
27069,"Minnesota","Kittson","canola",0
27069,"Minnesota","Kittson","corn",0
27069,"Minnesota","Kittson","dry peas",0
27069,"Minnesota","Kittson","flaxseed",0
27069,"Minnesota","Kittson","oats",0
27069,"Minnesota","Kittson","soybeans",0
27069,"Minnesota","Kittson","sunflower",0
27069,"Minnesota","Kittson","wheat",0
27071,"Minnesota","Koochiching","barley",0
27071,"Minnesota","Koochiching","canola",0
27071,"Minnesota","Koochiching","corn",0
27071,"Minnesota","Koochiching","flaxseed",0
27071,"Minnesota","Koochiching","oats",0
27071,"Minnesota","Koochiching","soybeans",0
27071,"Minnesota","Koochiching","sunflower",0
27071,"Minnesota","Koochiching","wheat",0
27073,"Minnesota","Lac qui Parle","barley",2.03757296411183
27073,"Minnesota","Lac qui Parle","corn",5280.7175735139
27073,"Minnesota","Lac qui Parle","dry peas",14.8089554128814
27073,"Minnesota","Lac qui Parle","grain sorghum",0.134197011191688
27073,"Minnesota","Lac qui Parle","oats",24.032192903105
27073,"Minnesota","Lac qui Parle","soybeans",4971.13601460749
27073,"Minnesota","Lac qui Parle","sunflower",7.5188603938323
27073,"Minnesota","Lac qui Parle","wheat",68.9004081935455
27077,"Minnesota","Lake of the Woods","barley",194.439377271566
27077,"Minnesota","Lake of the Woods","canola",163.739077915256
27077,"Minnesota","Lake of the Woods","corn",74.0271001240151
27077,"Minnesota","Lake of the Woods","flaxseed",15.1315661072965
27077,"Minnesota","Lake of the Woods","oats",260.341356949495
27077,"Minnesota","Lake of the Woods","soybeans",1941.28528395506
27077,"Minnesota","Lake of the Woods","sunflower",237.199301349415
27077,"Minnesota","Lake of the Woods","wheat",927.954102994561
27079,"Minnesota","Le Sueur","barley",2.59519031003784
27079,"Minnesota","Le Sueur","corn",3083.35273287691
27079,"Minnesota","Le Sueur","dry peas",1.00660742584785
27079,"Minnesota","Le Sueur","oats",25.3979975470612
27079,"Minnesota","Le Sueur","soybeans",2871.28749753135
27079,"Minnesota","Le Sueur","sunflower",0.0200887134608255
27079,"Minnesota","Le Sueur","wheat",30.5424455952778
27081,"Minnesota","Lincoln","barley",8.22592225618516
27081,"Minnesota","Lincoln","corn",6946.86946371038
27081,"Minnesota","Lincoln","dry peas",3.70210553236237
27081,"Minnesota","Lincoln","grain sorghum",0.257261974167019
27081,"Minnesota","Lincoln","oats",92.7054683676855
27081,"Minnesota","Lincoln","soybeans",5299.38328136749
27081,"Minnesota","Lincoln","sunflower",6.42038958817279
27081,"Minnesota","Lincoln","wheat",169.47960720361
27083,"Minnesota","Lyon","barley",1.82269642782136
27083,"Minnesota","Lyon","corn",3896.34523802739
27083,"Minnesota","Lyon","dry peas",7.94085161712587
27083,"Minnesota","Lyon","oats",15.8186157950699
27083,"Minnesota","Lyon","soybeans",3058.21947656879
27083,"Minnesota","Lyon","sunflower",0.310877656940854
27083,"Minnesota","Lyon","wheat",36.9434572402233
27087,"Minnesota","Mahnomen","barley",103.446751247782
27087,"Minnesota","Mahnomen","corn",3183.56283956521
27087,"Minnesota","Mahnomen","dry peas",52.5018189005038
27087,"Minnesota","Mahnomen","flaxseed",2.42836567484904
27087,"Minnesota","Mahnomen","oats",144.744419477692
27087,"Minnesota","Mahnomen","soybeans",4002.67400330312
27087,"Minnesota","Mahnomen","sunflower",75.6591238540626
27087,"Minnesota","Mahnomen","wheat",2396.21284464343
27089,"Minnesota","Marshall","barley",797.654833547465
27089,"Minnesota","Marshall","canola",997.78762742365
27089,"Minnesota","Marshall","corn",3936.50034046283
27089,"Minnesota","Marshall","dry peas",3.62391866232059
27089,"Minnesota","Marshall","flaxseed",30.6844244202145
27089,"Minnesota","Marshall","oats",459.553061046155
27089,"Minnesota","Marshall","soybeans",19423.6550309578
27089,"Minnesota","Marshall","sunflower",1043.30011034512
27089,"Minnesota","Marshall","wheat",18610.7036531345
27091,"Minnesota","Martin","barley",0
27091,"Minnesota","Martin","corn",0
27091,"Minnesota","Martin","oats",0
27091,"Minnesota","Martin","soybeans",0
27091,"Minnesota","Martin","wheat",0
27085,"Minnesota","McLeod","barley",2.11509647848884
27085,"Minnesota","McLeod","corn",4286.2645745218
27085,"Minnesota","McLeod","dry peas",2.86041320425567
27085,"Minnesota","McLeod","grain sorghum",1.49675973609296
27085,"Minnesota","McLeod","oats",21.3672474484686
27085,"Minnesota","McLeod","soybeans",3294.74390717698
27085,"Minnesota","McLeod","sunflower",0.0391873212748516
27085,"Minnesota","McLeod","wheat",52.7850474459762
27093,"Minnesota","Meeker","barley",7.20101114572325
27093,"Minnesota","Meeker","canola",0.846658411868577
27093,"Minnesota","Meeker","corn",2418.90034687229
27093,"Minnesota","Meeker","grain sorghum",0.0225913750045716
27093,"Minnesota","Meeker","oats",25.862689009362
27093,"Minnesota","Meeker","soybeans",1907.49436275841
27093,"Minnesota","Meeker","sunflower",0.0696394679040005
27093,"Minnesota","Meeker","wheat",27.4491009594537
27095,"Minnesota","Mille Lacs","barley",0
27095,"Minnesota","Mille Lacs","corn",0
27095,"Minnesota","Mille Lacs","oats",0
27095,"Minnesota","Mille Lacs","soybeans",0
27095,"Minnesota","Mille Lacs","sunflower",0
27095,"Minnesota","Mille Lacs","wheat",0
27097,"Minnesota","Morrison","barley",67.5258198569781
27097,"Minnesota","Morrison","corn",16769.4586053677
27097,"Minnesota","Morrison","dry peas",17.4960018307071
27097,"Minnesota","Morrison","grain sorghum",42.0309222280486
27097,"Minnesota","Morrison","oats",603.657645723041
27097,"Minnesota","Morrison","soybeans",5467.01282811345
27097,"Minnesota","Morrison","sunflower",45.4407512251908
27097,"Minnesota","Morrison","wheat",195.346292321518
27099,"Minnesota","Mower","barley",27.0891444335567
27099,"Minnesota","Mower","corn",11459.9747467696
27099,"Minnesota","Mower","oats",54.7297318156579
27099,"Minnesota","Mower","soybeans",8238.28885006188
27099,"Minnesota","Mower","sunflower",2.37839741285259
27099,"Minnesota","Mower","wheat",7.4632245063678
27101,"Minnesota","Murray","barley",2.34008063323305
27101,"Minnesota","Murray","corn",3859.79535025442
27101,"Minnesota","Murray","dry peas",2.85357283308695
27101,"Minnesota","Murray","grain sorghum",0.0998064536572478
27101,"Minnesota","Murray","oats",37.9711903753729
27101,"Minnesota","Murray","soybeans",3429.67748324673
27101,"Minnesota","Murray","wheat",15.4316828701291
27103,"Minnesota","Nicollet","barley",2.79904887457804
27103,"Minnesota","Nicollet","corn",1617.60855960627
27103,"Minnesota","Nicollet","grain sorghum",0.108421311054326
27103,"Minnesota","Nicollet","oats",8.69391219990481
27103,"Minnesota","Nicollet","soybeans",1198.83585205414
27103,"Minnesota","Nicollet","sunflower",0.00497686265809744
27103,"Minnesota","Nicollet","wheat",5.70628409142485
27105,"Minnesota","Nobles","barley",0.236642557985743
27105,"Minnesota","Nobles","corn",2398.70248233901
27105,"Minnesota","Nobles","flaxseed",0.0555655485079701
27105,"Minnesota","Nobles","grain sorghum",0.430944168008413
27105,"Minnesota","Nobles","oats",13.9494998002441
27105,"Minnesota","Nobles","soybeans",1862.89285079783
27105,"Minnesota","Nobles","wheat",8.70096478842424
27107,"Minnesota","Norman","barley",588.767669951026
27107,"Minnesota","Norman","corn",15043.0074681987
27107,"Minnesota","Norman","dry peas",8.80737554566795
27107,"Minnesota","Norman","flaxseed",14.9438373497386
27107,"Minnesota","Norman","oats",200.200850080785
27107,"Minnesota","Norman","rapeseed",9.79141250213224
27107,"Minnesota","Norman","soybeans",21853.8061767517
27107,"Minnesota","Norman","sunflower",581.223631403446
27107,"Minnesota","Norman","wheat",13014.1569115501
27137,"Minnesota","North St. Louis","barley",124.518214953831
27137,"Minnesota","North St. Louis","corn",36.797716244219
27137,"Minnesota","North St. Louis","oats",751.346283907676
27137,"Minnesota","North St. Louis","soybeans",839.677887547772
27137,"Minnesota","North St. Louis","sunflower",19.7919145227835
27137,"Minnesota","North St. Louis","wheat",60.7228028237192
27109,"Minnesota","Olmsted","barley",15.2497637111066
27109,"Minnesota","Olmsted","corn",12801.6741593804
27109,"Minnesota","Olmsted","dry peas",3.97043545791547
27109,"Minnesota","Olmsted","grain sorghum",7.60314389285626
27109,"Minnesota","Olmsted","oats",206.856807248773
27109,"Minnesota","Olmsted","soybeans",7716.23361399682
27109,"Minnesota","Olmsted","sunflower",2.18785394274254
27109,"Minnesota","Olmsted","wheat",21.495690702701
27113,"Minnesota","Pennington","barley",349.953102923697
27113,"Minnesota","Pennington","canola",338.223900636736
27113,"Minnesota","Pennington","corn",1075.65649281363
27113,"Minnesota","Pennington","dry peas",35.8993591445346
27113,"Minnesota","Pennington","oats",372.301824653697
27113,"Minnesota","Pennington","soybeans",6662.91134259728
27113,"Minnesota","Pennington","sunflower",212.435039230977
27113,"Minnesota","Pennington","wheat",5636.68027133277
27115,"Minnesota","Pine","barley",0
27115,"Minnesota","Pine","corn",0
27115,"Minnesota","Pine","dry peas",0
27115,"Minnesota","Pine","grain sorghum",0
27115,"Minnesota","Pine","oats",0
27115,"Minnesota","Pine","soybeans",0
27115,"Minnesota","Pine","sunflower",0
27115,"Minnesota","Pine","wheat",0
27117,"Minnesota","Pipestone","barley",2.08181725190991
27117,"Minnesota","Pipestone","corn",1487.75406877702
27117,"Minnesota","Pipestone","grain sorghum",0.577903950875213
27117,"Minnesota","Pipestone","oats",21.4548014169586
27117,"Minnesota","Pipestone","soybeans",1098.99441771478
27117,"Minnesota","Pipestone","sunflower",1.88469090453565
27117,"Minnesota","Pipestone","wheat",8.72359998386249
27121,"Minnesota","Pope","barley",5.36990939453075
27121,"Minnesota","Pope","canola",20.6535875472411
27121,"Minnesota","Pope","corn",6285.03717894792
27121,"Minnesota","Pope","dry peas",16.3953989509906
27121,"Minnesota","Pope","oats",101.866690491458
27121,"Minnesota","Pope","soybeans",4601.30407455172
27121,"Minnesota","Pope","sunflower",2.87978332901864
27121,"Minnesota","Pope","wheat",247.000876787177
27125,"Minnesota","Red Lake","barley",260.268313253046
27125,"Minnesota","Red Lake","canola",30.4433799594629
27125,"Minnesota","Red Lake","corn",3211.41900943975
27125,"Minnesota","Red Lake","dry peas",31.2211627427609
27125,"Minnesota","Red Lake","oats",181.250354295953
27125,"Minnesota","Red Lake","soybeans",9396.38398798616
27125,"Minnesota","Red Lake","sunflower",145.238477084154
27125,"Minnesota","Red Lake","wheat",7573.31681523871
27127,"Minnesota","Redwood","barley",0.281594414599043
27127,"Minnesota","Redwood","corn",9052.31174801346
27127,"Minnesota","Redwood","dry peas",2.85834373907303
27127,"Minnesota","Redwood","flaxseed",0.133692410620815
27127,"Minnesota","Redwood","oats",22.0264740129166
27127,"Minnesota","Redwood","soybeans",7696.53067106773
27127,"Minnesota","Redwood","sunflower",2.00347626773193
27127,"Minnesota","Redwood","wheat",31.3265000740166
27129,"Minnesota","Renville","barley",16.8954324161761
27129,"Minnesota","Renville","corn",45861.9180424011
27129,"Minnesota","Renville","dry peas",31.2187755069983
27129,"Minnesota","Renville","oats",94.4550896272912
27129,"Minnesota","Renville","soybeans",31487.6061722687
27129,"Minnesota","Renville","sunflower",19.2358263483945
27129,"Minnesota","Renville","wheat",275.996994764762
27131,"Minnesota","Rice","barley",5.97089244253046
27131,"Minnesota","Rice","corn",3120.72820571359
27131,"Minnesota","Rice","dry peas",1.34589302390747
27131,"Minnesota","Rice","grain sorghum",1.50844431183753
27131,"Minnesota","Rice","mustard",0.0197750958552377
27131,"Minnesota","Rice","oats",53.5530161859525
27131,"Minnesota","Rice","soybeans",2585.58729684088
27131,"Minnesota","Rice","wheat",14.1149097187847
27133,"Minnesota","Rock","barley",0.292546762572657
27133,"Minnesota","Rock","corn",3251.31611941687
27133,"Minnesota","Rock","oats",21.593699467898
27133,"Minnesota","Rock","soybeans",2360.26943468334
27133,"Minnesota","Rock","wheat",1.81653300265108
27135,"Minnesota","Roseau","barley",39.1352276730115
27135,"Minnesota","Roseau","canola",116.510886816666
27135,"Minnesota","Roseau","corn",126.990861899771
27135,"Minnesota","Roseau","flaxseed",13.465280651027
27135,"Minnesota","Roseau","oats",53.5008452607995
27135,"Minnesota","Roseau","soybeans",1309.03410988309
27135,"Minnesota","Roseau","sunflower",74.3566231400468
27135,"Minnesota","Roseau","wheat",949.279831342238
27139,"Minnesota","Scott","barley",0.256279967035556
27139,"Minnesota","Scott","corn",47.9490400373942
27139,"Minnesota","Scott","oats",1.60579232911092
27139,"Minnesota","Scott","soybeans",43.8113915892263
27139,"Minnesota","Scott","wheat",0.916829410567062
27141,"Minnesota","Sherburne","corn",4200.03262879112
27141,"Minnesota","Sherburne","dry peas",10.0473052449689
27141,"Minnesota","Sherburne","grain sorghum",0.505672109833183
27141,"Minnesota","Sherburne","mustard",0.006889265801542
27141,"Minnesota","Sherburne","oats",57.3939222513823
27141,"Minnesota","Sherburne","peanuts",0.121251078107139
27141,"Minnesota","Sherburne","soybeans",2654.63004405353
27141,"Minnesota","Sherburne","sunflower",0.027557063206168
27141,"Minnesota","Sherburne","wheat",47.2008401420528
27143,"Minnesota","Sibley","barley",9.15055766976959
27143,"Minnesota","Sibley","canola",1.95519440540945
27143,"Minnesota","Sibley","corn",11306.5092060544
27143,"Minnesota","Sibley","grain sorghum",7.7198293828269
27143,"Minnesota","Sibley","oats",48.0154488862265
27143,"Minnesota","Sibley","soybeans",8327.6986780196
27143,"Minnesota","Sibley","wheat",55.4864189151152
27138,"Minnesota","South St. Louis","barley",23.8190375430337
27138,"Minnesota","South St. Louis","corn",155.414456160786
27138,"Minnesota","South St. Louis","oats",219.713154040287
27138,"Minnesota","South St. Louis","wheat",67.8366189225598
27145,"Minnesota","Stearns","barley",179.605927213003
27145,"Minnesota","Stearns","canola",0.0749611129993149
27145,"Minnesota","Stearns","corn",16245.4369379889
27145,"Minnesota","Stearns","dry peas",36.1672377999095
27145,"Minnesota","Stearns","grain sorghum",3.80977363300185
27145,"Minnesota","Stearns","oats",1025.39216518427
27145,"Minnesota","Stearns","safflower",0.599688903994519
27145,"Minnesota","Stearns","soybeans",7435.03797746978
27145,"Minnesota","Stearns","sunflower",1.65888943067484
27145,"Minnesota","Stearns","wheat",232.997654596782
27147,"Minnesota","Steele","barley",3.18255151368943
27147,"Minnesota","Steele","corn",8078.55703328366
27147,"Minnesota","Steele","dry peas",51.6662870552049
27147,"Minnesota","Steele","flaxseed",2.12756362890371
27147,"Minnesota","Steele","grain sorghum",1.90842457512663
27147,"Minnesota","Steele","oats",58.9293992309502
27147,"Minnesota","Steele","soybeans",6009.04525453276
27147,"Minnesota","Steele","wheat",29.6368195130534
27149,"Minnesota","Stevens","barley",0.467614462939179
27149,"Minnesota","Stevens","corn",258.314374694056
27149,"Minnesota","Stevens","oats",0.611484369361563
27149,"Minnesota","Stevens","soybeans",169.02893468789
27149,"Minnesota","Stevens","sunflower",0.42929123198524
27149,"Minnesota","Stevens","wheat",6.15113388715821
27151,"Minnesota","Swift","barley",2.66009654301723
27151,"Minnesota","Swift","corn",7987.43605780169
27151,"Minnesota","Swift","grain sorghum",0.833840844438917
27151,"Minnesota","Swift","oats",35.5128848791965
27151,"Minnesota","Swift","soybeans",4657.73895114135
27151,"Minnesota","Swift","sunflower",2.20380809438445
27151,"Minnesota","Swift","wheat",127.152194029224
27153,"Minnesota","Todd","barley",18.817035710041
27153,"Minnesota","Todd","corn",2083.52788708443
27153,"Minnesota","Todd","dry peas",0.670944674328971
27153,"Minnesota","Todd","grain sorghum",2.7471901748897
27153,"Minnesota","Todd","mustard",1.80252996436669
27153,"Minnesota","Todd","oats",143.551361970912
27153,"Minnesota","Todd","soybeans",1384.37701356899
27153,"Minnesota","Todd","sunflower",5.37449636103294
27153,"Minnesota","Todd","wheat",81.779562157697
27155,"Minnesota","Traverse","corn",6991.59746258284
27155,"Minnesota","Traverse","oats",8.3761332558813
27155,"Minnesota","Traverse","soybeans",5608.79601439067
27155,"Minnesota","Traverse","sunflower",16.3028381774882
27155,"Minnesota","Traverse","wheat",226.222051593196
27157,"Minnesota","Wabasha","barley",91.1490287053135
27157,"Minnesota","Wabasha","canola",4.78225658686398
27157,"Minnesota","Wabasha","corn",12292.3928604275
27157,"Minnesota","Wabasha","dry peas",8.76964218790043
27157,"Minnesota","Wabasha","grain sorghum",1.91550876912535
27157,"Minnesota","Wabasha","mustard",0.260613437976239
27157,"Minnesota","Wabasha","oats",474.54371203467
27157,"Minnesota","Wabasha","soybeans",5051.96882180028
27157,"Minnesota","Wabasha","sunflower",0.130306718988119
27157,"Minnesota","Wabasha","wheat",20.5832493313633
27159,"Minnesota","Wadena","barley",67.7377125503373
27159,"Minnesota","Wadena","corn",2339.89935913388
27159,"Minnesota","Wadena","dry peas",10.7567461302091
27159,"Minnesota","Wadena","lentils",0.102452519277178
27159,"Minnesota","Wadena","oats",280.83280549571
27159,"Minnesota","Wadena","soybeans",1348.19339657727
27159,"Minnesota","Wadena","sunflower",54.5680559123718
27159,"Minnesota","Wadena","wheat",155.938471680944
27161,"Minnesota","Waseca","barley",0.290088980927833
27161,"Minnesota","Waseca","corn",5608.79523407842
27161,"Minnesota","Waseca","dry peas",43.6053844613057
27161,"Minnesota","Waseca","flaxseed",0.073840831508903
27161,"Minnesota","Waseca","grain sorghum",4.07179442320522
27161,"Minnesota","Waseca","oats",15.9409696799463
27161,"Minnesota","Waseca","soybeans",4151.98472232867
27161,"Minnesota","Waseca","wheat",3.39963188266989
27163,"Minnesota","Washington","barley",0
27163,"Minnesota","Washington","corn",0
27163,"Minnesota","Washington","oats",0
27163,"Minnesota","Washington","soybeans",0
27163,"Minnesota","Washington","sunflower",0
27163,"Minnesota","Washington","wheat",0
27165,"Minnesota","Watonwan","barley",0.285841756538703
27165,"Minnesota","Watonwan","corn",1897.10351699075
27165,"Minnesota","Watonwan","oats",5.13165988678803
27165,"Minnesota","Watonwan","soybeans",1430.82461755905
27165,"Minnesota","Watonwan","wheat",3.57076380685713
27112,"Minnesota","West Otter Tail","barley",133.772973608775
27112,"Minnesota","West Otter Tail","corn",102305.643839589
27112,"Minnesota","West Otter Tail","oats",2321.18689568827
27112,"Minnesota","West Otter Tail","soybeans",105401.177984416
27112,"Minnesota","West Otter Tail","sunflower",240.872194484847
27112,"Minnesota","West Otter Tail","wheat",15641.2936788797
27120,"Minnesota","West Polk","barley",6634.83596454084
27120,"Minnesota","West Polk","canola",662.109829782493
27120,"Minnesota","West Polk","corn",87337.8216469989
27120,"Minnesota","West Polk","dry peas",153.954037201961
27120,"Minnesota","West Polk","oats",1811.80750409502
27120,"Minnesota","West Polk","soybeans",235222.843269198
27120,"Minnesota","West Polk","sunflower",8358.76300225777
27120,"Minnesota","West Polk","wheat",261140.461227592
27167,"Minnesota","Wilkin","barley",191.657729827436
27167,"Minnesota","Wilkin","corn",16798.0715432433
27167,"Minnesota","Wilkin","oats",65.2511425480795
27167,"Minnesota","Wilkin","soybeans",19357.0438393516
27167,"Minnesota","Wilkin","sunflower",611.255510990169
27167,"Minnesota","Wilkin","wheat",7407.8862340395
27169,"Minnesota","Winona","barley",54.9644247783756
27169,"Minnesota","Winona","corn",7446.83031062976
27169,"Minnesota","Winona","dry peas",8.04150932783037
27169,"Minnesota","Winona","grain sorghum",1.39008580007574
27169,"Minnesota","Winona","oats",454.921452992763
27169,"Minnesota","Winona","soybeans",2992.8173407387
27169,"Minnesota","Winona","sunflower",0.414418911386581
27169,"Minnesota","Winona","wheat",28.1184568210994
27171,"Minnesota","Wright","barley",3.79565876840085
27171,"Minnesota","Wright","corn",2502.16357641056
27171,"Minnesota","Wright","dry peas",0.813443767123469
27171,"Minnesota","Wright","oats",56.6490699239962
27171,"Minnesota","Wright","soybeans",2270.92509677906
27171,"Minnesota","Wright","wheat",64.0681976841732
27173,"Minnesota","Yellow Medicine","barley",1.50598291019877
27173,"Minnesota","Yellow Medicine","corn",4525.22915010506
27173,"Minnesota","Yellow Medicine","dry peas",1.37317203504515
27173,"Minnesota","Yellow Medicine","oats",12.0646991073072
27173,"Minnesota","Yellow Medicine","rapeseed",0.225316417544472
27173,"Minnesota","Yellow Medicine","soybeans",3632.04149667925
27173,"Minnesota","Yellow Medicine","sunflower",16.3209147973407
27173,"Minnesota","Yellow Medicine","wheat",41.7122679483097
28001,"Mississippi","Adams","corn",0
28001,"Mississippi","Adams","cotton",0
28001,"Mississippi","Adams","grain sorghum",0
28001,"Mississippi","Adams","oats",0
28001,"Mississippi","Adams","soybeans",0
28001,"Mississippi","Adams","sunflower",0
28001,"Mississippi","Adams","wheat",0
28003,"Mississippi","Alcorn","corn",0
28003,"Mississippi","Alcorn","cotton",0
28003,"Mississippi","Alcorn","dry peas",0
28003,"Mississippi","Alcorn","grain sorghum",0
28003,"Mississippi","Alcorn","soybeans",0
28003,"Mississippi","Alcorn","wheat",0
28005,"Mississippi","Amite","corn",0
28005,"Mississippi","Amite","oats",0
28005,"Mississippi","Amite","soybeans",0
28005,"Mississippi","Amite","wheat",0
28007,"Mississippi","Attala","corn",368.438994200095
28007,"Mississippi","Attala","cotton",447.259295142502
28007,"Mississippi","Attala","peanuts",93.9079338745842
28007,"Mississippi","Attala","soybeans",332.046569719044
28007,"Mississippi","Attala","sunflower",2.77171165528095
28007,"Mississippi","Attala","wheat",17.4048287418283
28009,"Mississippi","Benton","corn",380.957522010733
28009,"Mississippi","Benton","cotton",73.1441735059035
28009,"Mississippi","Benton","sesame",52.0938523261403
28009,"Mississippi","Benton","soybeans",1218.81176697583
28009,"Mississippi","Benton","wheat",56.7706851813876
28011,"Mississippi","Bolivar","corn",2642.6091606502
28011,"Mississippi","Bolivar","cotton",1138.3286374329
28011,"Mississippi","Bolivar","dry peas",1.0684577394719
28011,"Mississippi","Bolivar","oats",7.90472908471908
28011,"Mississippi","Bolivar","rice_long grain",2030.54049004033
28011,"Mississippi","Bolivar","soybeans",18530.995166033
28011,"Mississippi","Bolivar","sunflower",3.81857505150393
28011,"Mississippi","Bolivar","wheat",395.653617301191
28013,"Mississippi","Calhoun","corn",1857.55693508296
28013,"Mississippi","Calhoun","cotton",1832.08195473636
28013,"Mississippi","Calhoun","grain sorghum",45.7034948157029
28013,"Mississippi","Calhoun","soybeans",4352.97656250243
28013,"Mississippi","Calhoun","wheat",79.1167195292133
28015,"Mississippi","Carroll","corn",842.591209036069
28015,"Mississippi","Carroll","cotton",758.24273189555
28015,"Mississippi","Carroll","grain sorghum",0.574411924002498
28015,"Mississippi","Carroll","peanuts",34.4489909137303
28015,"Mississippi","Carroll","rice_long grain",10.9996293371953
28015,"Mississippi","Carroll","soybeans",700.660771955159
28015,"Mississippi","Carroll","sunflower",1.59011580861991
28015,"Mississippi","Carroll","wheat",61.9981457963426
28017,"Mississippi","Chickasaw","corn",2849.89167925374
28017,"Mississippi","Chickasaw","cotton",1001.8437418824
28017,"Mississippi","Chickasaw","grain sorghum",18.0198040394891
28017,"Mississippi","Chickasaw","soybeans",13164.5270720285
28017,"Mississippi","Chickasaw","wheat",122.158842795913
28019,"Mississippi","Choctaw","corn",0
28019,"Mississippi","Choctaw","cotton",0
28019,"Mississippi","Choctaw","peanuts",0
28019,"Mississippi","Choctaw","soybeans",0
28021,"Mississippi","Claiborne","corn",0
28021,"Mississippi","Claiborne","cotton",0
28021,"Mississippi","Claiborne","peanuts",0
28021,"Mississippi","Claiborne","soybeans",0
28021,"Mississippi","Claiborne","wheat",0
28023,"Mississippi","Clarke","canola",24.5817692642459
28023,"Mississippi","Clarke","corn",1164.43967932973
28023,"Mississippi","Clarke","cotton",930.087837755451
28023,"Mississippi","Clarke","soybeans",1310.91728667112
28023,"Mississippi","Clarke","wheat",297.633426979446
28025,"Mississippi","Clay","corn",0
28025,"Mississippi","Clay","cotton",0
28025,"Mississippi","Clay","grain sorghum",0
28025,"Mississippi","Clay","soybeans",0
28025,"Mississippi","Clay","wheat",0
28027,"Mississippi","Coahoma","corn",6374.86941636172
28027,"Mississippi","Coahoma","cotton",9929.59752969202
28027,"Mississippi","Coahoma","oats",16.5206574953553
28027,"Mississippi","Coahoma","peanuts",39.3585651282407
28027,"Mississippi","Coahoma","rice_long grain",744.813562064031
28027,"Mississippi","Coahoma","soybeans",13183.0427220163
28027,"Mississippi","Coahoma","sunflower",3.8312292030469
28027,"Mississippi","Coahoma","wheat",790.593318039364
28029,"Mississippi","Copiah","corn",0
28029,"Mississippi","Copiah","cotton",0
28029,"Mississippi","Copiah","oats",0
28029,"Mississippi","Copiah","peanuts",0
28029,"Mississippi","Copiah","soybeans",0
28029,"Mississippi","Copiah","wheat",0
28031,"Mississippi","Covington","corn",91.2234003852655
28031,"Mississippi","Covington","cotton",226.032188685508
28031,"Mississippi","Covington","grain sorghum",68.0989156499937
28031,"Mississippi","Covington","peanuts",102.195008012152
28031,"Mississippi","Covington","soybeans",722.016723327553
28031,"Mississippi","Covington","wheat",25.7430972728616
28033,"Mississippi","DeSoto","corn",0
28033,"Mississippi","DeSoto","cotton",0
28033,"Mississippi","DeSoto","grain sorghum",0
28033,"Mississippi","DeSoto","peanuts",0
28033,"Mississippi","DeSoto","rice_long grain",0
28033,"Mississippi","DeSoto","rice_short/medium grain",0
28033,"Mississippi","DeSoto","soybeans",0
28033,"Mississippi","DeSoto","wheat",0
28035,"Mississippi","Forrest","corn",0
28035,"Mississippi","Forrest","cotton",0
28035,"Mississippi","Forrest","peanuts",0
28035,"Mississippi","Forrest","soybeans",0
28037,"Mississippi","Franklin","corn",0
28037,"Mississippi","Franklin","soybeans",0
28039,"Mississippi","George","corn",0
28039,"Mississippi","George","cotton",0
28039,"Mississippi","George","grain sorghum",0
28039,"Mississippi","George","oats",0
28039,"Mississippi","George","peanuts",0
28039,"Mississippi","George","soybeans",0
28039,"Mississippi","George","wheat",0
28041,"Mississippi","Greene","corn",0
28041,"Mississippi","Greene","cotton",0
28041,"Mississippi","Greene","peanuts",0
28043,"Mississippi","Grenada","corn",779.634023000971
28043,"Mississippi","Grenada","cotton",1521.47803520223
28043,"Mississippi","Grenada","grain sorghum",52.3021554096929
28043,"Mississippi","Grenada","rice_long grain",80.4119374054639
28043,"Mississippi","Grenada","soybeans",628.546496654552
28043,"Mississippi","Grenada","wheat",69.9638856604159
28045,"Mississippi","Hancock","corn",0
28045,"Mississippi","Hancock","peanuts",0
28045,"Mississippi","Hancock","soybeans",0
28045,"Mississippi","Hancock","wheat",0
28047,"Mississippi","Harrison","peanuts",65.5903333333333
28049,"Mississippi","Hinds","corn",0
28049,"Mississippi","Hinds","cotton",0
28049,"Mississippi","Hinds","grain sorghum",0
28049,"Mississippi","Hinds","soybeans",0
28049,"Mississippi","Hinds","sunflower",0
28049,"Mississippi","Hinds","wheat",0
28051,"Mississippi","Holmes","corn",4473.17909652803
28051,"Mississippi","Holmes","cotton",2409.41812489381
28051,"Mississippi","Holmes","grain sorghum",2.89447126348882
28051,"Mississippi","Holmes","oats",0.0360441162453577
28051,"Mississippi","Holmes","peanuts",128.940874502491
28051,"Mississippi","Holmes","rice_long grain",60.6921127658261
28051,"Mississippi","Holmes","sesame",84.8499951246819
28051,"Mississippi","Holmes","soybeans",4360.23408589928
28051,"Mississippi","Holmes","wheat",228.226194906141
28053,"Mississippi","Humphreys","corn",8814.14148655663
28053,"Mississippi","Humphreys","cotton",4241.34381079658
28053,"Mississippi","Humphreys","grain sorghum",9.98508920567009
28053,"Mississippi","Humphreys","oats",38.5658687087853
28053,"Mississippi","Humphreys","peanuts",130.33300069121
28053,"Mississippi","Humphreys","rice_long grain",932.485757367963
28053,"Mississippi","Humphreys","soybeans",18515.1408690595
28053,"Mississippi","Humphreys","sunflower",23.190684263716
28053,"Mississippi","Humphreys","wheat",383.878213349975
28055,"Mississippi","Issaquena","corn",2861.82621541532
28055,"Mississippi","Issaquena","cotton",1069.30437987859
28055,"Mississippi","Issaquena","rice_long grain",39.8023280242293
28055,"Mississippi","Issaquena","soybeans",6642.2728142624
28055,"Mississippi","Issaquena","sunflower",3.15820016527391
28055,"Mississippi","Issaquena","wheat",235.221908920852
28057,"Mississippi","Itawamba","corn",325.695655904101
28057,"Mississippi","Itawamba","cotton",413.410635229837
28057,"Mississippi","Itawamba","dry peas",17.9341868726857
28057,"Mississippi","Itawamba","peanuts",34.2459266973828
28057,"Mississippi","Itawamba","soybeans",1504.60902399946
28057,"Mississippi","Itawamba","wheat",70.6249046298702
28059,"Mississippi","Jackson","corn",123.189452529119
28059,"Mississippi","Jackson","cotton",510.2447526022
28059,"Mississippi","Jackson","peanuts",553.606784629404
28059,"Mississippi","Jackson","soybeans",46.1843435726096
28061,"Mississippi","Jasper","corn",0
28061,"Mississippi","Jasper","grain sorghum",0
28061,"Mississippi","Jasper","peanuts",0
28061,"Mississippi","Jasper","soybeans",0
28061,"Mississippi","Jasper","wheat",0
28063,"Mississippi","Jefferson","corn",192.131987450013
28063,"Mississippi","Jefferson","cotton",453.662463575972
28063,"Mississippi","Jefferson","grain sorghum",9.11322806027213
28063,"Mississippi","Jefferson","soybeans",624.863251667001
28063,"Mississippi","Jefferson","sunflower",0.31424924345766
28063,"Mississippi","Jefferson","wheat",214.090153336617
28065,"Mississippi","Jefferson Davis","corn",0
28065,"Mississippi","Jefferson Davis","cotton",0
28065,"Mississippi","Jefferson Davis","dry peas",0
28065,"Mississippi","Jefferson Davis","grain sorghum",0
28065,"Mississippi","Jefferson Davis","oats",0
28065,"Mississippi","Jefferson Davis","peanuts",0
28065,"Mississippi","Jefferson Davis","soybeans",0
28067,"Mississippi","Jones","corn",0
28067,"Mississippi","Jones","cotton",0
28067,"Mississippi","Jones","grain sorghum",0
28067,"Mississippi","Jones","peanuts",0
28067,"Mississippi","Jones","soybeans",0
28067,"Mississippi","Jones","wheat",0
28069,"Mississippi","Kemper","corn",0
28069,"Mississippi","Kemper","cotton",0
28069,"Mississippi","Kemper","soybeans",0
28071,"Mississippi","Lafayette","corn",0
28071,"Mississippi","Lafayette","cotton",0
28071,"Mississippi","Lafayette","grain sorghum",0
28071,"Mississippi","Lafayette","soybeans",0
28071,"Mississippi","Lafayette","wheat",0
28073,"Mississippi","Lamar","corn",65.6738531001498
28073,"Mississippi","Lamar","grain sorghum",366.950014572766
28073,"Mississippi","Lamar","peanuts",357.12005360231
28073,"Mississippi","Lamar","soybeans",262.642619914184
28073,"Mississippi","Lamar","wheat",42.0254588105902
28075,"Mississippi","Lauderdale","soybeans",0
28077,"Mississippi","Lawrence","corn",0
28077,"Mississippi","Lawrence","grain sorghum",0
28077,"Mississippi","Lawrence","oats",0
28077,"Mississippi","Lawrence","soybeans",0
28077,"Mississippi","Lawrence","wheat",0
28079,"Mississippi","Leake","corn",684.209764735499
28079,"Mississippi","Leake","cotton",634.240173903336
28079,"Mississippi","Leake","soybeans",1050.47254756726
28079,"Mississippi","Leake","sunflower",2.6733137939027
28081,"Mississippi","Lee","corn",96.4023397003865
28081,"Mississippi","Lee","cotton",153.165616887387
28081,"Mississippi","Lee","dry peas",4.91959926263589
28081,"Mississippi","Lee","grain sorghum",0.855499973468857
28081,"Mississippi","Lee","oats",1.09339762690978
28081,"Mississippi","Lee","peanuts",0.857225119614186
28081,"Mississippi","Lee","soybeans",702.852210951375
28081,"Mississippi","Lee","wheat",20.4074438115598
28083,"Mississippi","Leflore","corn",11740.9199078356
28083,"Mississippi","Leflore","cotton",4485.53102771751
28083,"Mississippi","Leflore","grain sorghum",54.7172488635867
28083,"Mississippi","Leflore","peanuts",45.0796127358545
28083,"Mississippi","Leflore","rice_long grain",891.473658750714
28083,"Mississippi","Leflore","sesame",22.1277380077678
28083,"Mississippi","Leflore","soybeans",19510.1742699488
28083,"Mississippi","Leflore","sunflower",29.9224630604798
28083,"Mississippi","Leflore","wheat",445.907239746302
28085,"Mississippi","Lincoln","corn",0
28085,"Mississippi","Lincoln","oats",0
28085,"Mississippi","Lincoln","soybeans",0
28085,"Mississippi","Lincoln","wheat",0
28087,"Mississippi","Lowndes","corn",0
28087,"Mississippi","Lowndes","cotton",0
28087,"Mississippi","Lowndes","grain sorghum",0
28087,"Mississippi","Lowndes","peanuts",0
28087,"Mississippi","Lowndes","soybeans",0
28087,"Mississippi","Lowndes","sunflower",0
28087,"Mississippi","Lowndes","wheat",0
28089,"Mississippi","Madison","corn",0
28089,"Mississippi","Madison","cotton",0
28089,"Mississippi","Madison","grain sorghum",0
28089,"Mississippi","Madison","oats",0
28089,"Mississippi","Madison","peanuts",0
28089,"Mississippi","Madison","soybeans",0
28089,"Mississippi","Madison","sunflower",0
28089,"Mississippi","Madison","wheat",0
28091,"Mississippi","Marion","corn",0
28091,"Mississippi","Marion","grain sorghum",0
28091,"Mississippi","Marion","oats",0
28091,"Mississippi","Marion","peanuts",0
28091,"Mississippi","Marion","soybeans",0
28091,"Mississippi","Marion","wheat",0
28093,"Mississippi","Marshall","corn",0
28093,"Mississippi","Marshall","cotton",0
28093,"Mississippi","Marshall","grain sorghum",0
28093,"Mississippi","Marshall","sesame",0
28093,"Mississippi","Marshall","soybeans",0
28093,"Mississippi","Marshall","sunflower",0
28093,"Mississippi","Marshall","wheat",0
28095,"Mississippi","Monroe","canola",18.0733248436873
28095,"Mississippi","Monroe","corn",1364.56507331961
28095,"Mississippi","Monroe","cotton",831.062200815125
28095,"Mississippi","Monroe","oats",0.597465284088835
28095,"Mississippi","Monroe","peanuts",207.61243096012
28095,"Mississippi","Monroe","soybeans",2593.07349069689
28095,"Mississippi","Monroe","sunflower",0.472568018671269
28095,"Mississippi","Monroe","wheat",128.339446061826
28097,"Mississippi","Montgomery","corn",710.833923446045
28097,"Mississippi","Montgomery","cotton",892.044290304024
28097,"Mississippi","Montgomery","soybeans",209.182582506107
28097,"Mississippi","Montgomery","sunflower",2.36546266380458
28097,"Mississippi","Montgomery","wheat",21.9785077466893
28099,"Mississippi","Neshoba","corn",0
28099,"Mississippi","Neshoba","grain sorghum",0
28101,"Mississippi","Newton","corn",0
28101,"Mississippi","Newton","soybeans",0
28101,"Mississippi","Newton","sunflower",0
28103,"Mississippi","Noxubee","corn",2872.24553797062
28103,"Mississippi","Noxubee","cotton",2614.0643414212
28103,"Mississippi","Noxubee","grain sorghum",8.45731036446776
28103,"Mississippi","Noxubee","oats",5.22743115727322
28103,"Mississippi","Noxubee","soybeans",927.90344146351
28103,"Mississippi","Noxubee","wheat",90.0586042895985
28105,"Mississippi","Oktibbeha","corn",0
28105,"Mississippi","Oktibbeha","cotton",0
28105,"Mississippi","Oktibbeha","soybeans",0
28105,"Mississippi","Oktibbeha","wheat",0
28107,"Mississippi","Panola","corn",215.383403752778
28107,"Mississippi","Panola","cotton",288.92944112887
28107,"Mississippi","Panola","dry peas",0.698897847135787
28107,"Mississippi","Panola","grain sorghum",2.54737610528018
28107,"Mississippi","Panola","peanuts",14.9279832713966
28107,"Mississippi","Panola","rice_long grain",96.241308593229
28107,"Mississippi","Panola","rice_short/medium grain",10.239981875306
28107,"Mississippi","Panola","soybeans",541.575591082765
28107,"Mississippi","Panola","sunflower",1.60347288780343
28107,"Mississippi","Panola","wheat",44.9991434554435
28109,"Mississippi","Pearl River","corn",0
28109,"Mississippi","Pearl River","grain sorghum",0
28109,"Mississippi","Pearl River","peanuts",0
28109,"Mississippi","Pearl River","soybeans",0
28109,"Mississippi","Pearl River","wheat",0
28111,"Mississippi","Perry","corn",0
28111,"Mississippi","Perry","cotton",0
28111,"Mississippi","Perry","grain sorghum",0
28111,"Mississippi","Perry","peanuts",0
28111,"Mississippi","Perry","soybeans",0
28111,"Mississippi","Perry","wheat",0
28113,"Mississippi","Pike","corn",0
28113,"Mississippi","Pike","oats",0
28113,"Mississippi","Pike","soybeans",0
28113,"Mississippi","Pike","wheat",0
28115,"Mississippi","Pontotoc","corn",0
28115,"Mississippi","Pontotoc","cotton",0
28115,"Mississippi","Pontotoc","grain sorghum",0
28115,"Mississippi","Pontotoc","soybeans",0
28115,"Mississippi","Pontotoc","wheat",0
28117,"Mississippi","Prentiss","corn",0
28117,"Mississippi","Prentiss","cotton",0
28117,"Mississippi","Prentiss","dry peas",0
28117,"Mississippi","Prentiss","grain sorghum",0
28117,"Mississippi","Prentiss","oats",0
28117,"Mississippi","Prentiss","peanuts",0
28117,"Mississippi","Prentiss","soybeans",0
28117,"Mississippi","Prentiss","sunflower",0
28117,"Mississippi","Prentiss","wheat",0
28119,"Mississippi","Quitman","corn",1136.15040714243
28119,"Mississippi","Quitman","cotton",1220.03974389184
28119,"Mississippi","Quitman","grain sorghum",29.7613179970717
28119,"Mississippi","Quitman","oats",1.02664705247172
28119,"Mississippi","Quitman","peanuts",0.649029745815452
28119,"Mississippi","Quitman","rice_long grain",681.387182795786
28119,"Mississippi","Quitman","rice_short/medium grain",10.3847709465681
28119,"Mississippi","Quitman","soybeans",4563.58515860779
28119,"Mississippi","Quitman","wheat",82.8217418202432
28121,"Mississippi","Rankin","corn",236.7891184302
28121,"Mississippi","Rankin","cotton",151.540094672552
28121,"Mississippi","Rankin","grain sorghum",21.9465876969121
28121,"Mississippi","Rankin","soybeans",628.049273428156
28121,"Mississippi","Rankin","wheat",12.8890257721795
28123,"Mississippi","Scott","corn",385.646704919329
28123,"Mississippi","Scott","cotton",199.042929598177
28123,"Mississippi","Scott","grain sorghum",21.2174450484517
28123,"Mississippi","Scott","soybeans",1632.02582043404
28125,"Mississippi","Sharkey","corn",4475.30829750067
28125,"Mississippi","Sharkey","cotton",1429.66451518956
28125,"Mississippi","Sharkey","rice_long grain",86.5009197928849
28125,"Mississippi","Sharkey","soybeans",10854.6800195933
28125,"Mississippi","Sharkey","sunflower",3.18740888319468
28125,"Mississippi","Sharkey","wheat",140.593392373721
28127,"Mississippi","Simpson","corn",0
28127,"Mississippi","Simpson","cotton",0
28127,"Mississippi","Simpson","peanuts",0
28127,"Mississippi","Simpson","soybeans",0
28129,"Mississippi","Smith","corn",86.3253273351857
28129,"Mississippi","Smith","cotton",337.969898860023
28129,"Mississippi","Smith","oats",115.874130441162
28129,"Mississippi","Smith","peanuts",167.261877714421
28129,"Mississippi","Smith","soybeans",221.208265649207
28131,"Mississippi","Stone","corn",279.441729304951
28131,"Mississippi","Stone","cotton",463.742001780674
28131,"Mississippi","Stone","dry peas",12.672620864019
28131,"Mississippi","Stone","oats",6.04844011283182
28131,"Mississippi","Stone","peanuts",400.327017534925
28131,"Mississippi","Stone","soybeans",43.6202618806684
28131,"Mississippi","Stone","wheat",230.28992852193
28133,"Mississippi","Sunflower","corn",9351.76403548442
28133,"Mississippi","Sunflower","cotton",1327.89935212986
28133,"Mississippi","Sunflower","grain sorghum",43.6547502276494
28133,"Mississippi","Sunflower","rice_long grain",1837.0694023994
28133,"Mississippi","Sunflower","soybeans",32861.9512456821
28133,"Mississippi","Sunflower","wheat",474.613714076628
28135,"Mississippi","Tallahatchie","corn",4845.13103404861
28135,"Mississippi","Tallahatchie","cotton",3168.58096717763
28135,"Mississippi","Tallahatchie","grain sorghum",12.5689599067434
28135,"Mississippi","Tallahatchie","oats",3.72879961499736
28135,"Mississippi","Tallahatchie","peanuts",6.06876990401704
28135,"Mississippi","Tallahatchie","rice_long grain",801.12777344406
28135,"Mississippi","Tallahatchie","soybeans",11577.4964535861
28135,"Mississippi","Tallahatchie","wheat",479.962408984505
28137,"Mississippi","Tate","corn",278.717459470351
28137,"Mississippi","Tate","cotton",110.378389568656
28137,"Mississippi","Tate","dry peas",19.9208806192743
28137,"Mississippi","Tate","grain sorghum",3.95359222948591
28137,"Mississippi","Tate","peanuts",33.8942411774322
28137,"Mississippi","Tate","rice_long grain",26.5149248988759
28137,"Mississippi","Tate","soybeans",540.341837217037
28137,"Mississippi","Tate","sunflower",0.351377797722976
28137,"Mississippi","Tate","wheat",54.2534970211752
28139,"Mississippi","Tippah","corn",0
28139,"Mississippi","Tippah","cotton",0
28139,"Mississippi","Tippah","sesame",0
28139,"Mississippi","Tippah","soybeans",0
28139,"Mississippi","Tippah","sunflower",0
28139,"Mississippi","Tippah","wheat",0
28141,"Mississippi","Tishomingo","corn",0
28141,"Mississippi","Tishomingo","cotton",0
28141,"Mississippi","Tishomingo","dry peas",0
28141,"Mississippi","Tishomingo","soybeans",0
28141,"Mississippi","Tishomingo","sunflower",0
28141,"Mississippi","Tishomingo","wheat",0
28143,"Mississippi","Tunica","corn",6169.43936706624
28143,"Mississippi","Tunica","cotton",6662.89886564056
28143,"Mississippi","Tunica","grain sorghum",108.585114580049
28143,"Mississippi","Tunica","oats",143.765652021475
28143,"Mississippi","Tunica","peanuts",52.2159971677366
28143,"Mississippi","Tunica","rice_long grain",6072.06973407237
28143,"Mississippi","Tunica","rice_short/medium grain",232.154933833629
28143,"Mississippi","Tunica","soybeans",18595.1510381304
28143,"Mississippi","Tunica","sunflower",11.1494729663597
28143,"Mississippi","Tunica","wheat",1148.83982452114
28145,"Mississippi","Union","corn",0
28145,"Mississippi","Union","cotton",0
28145,"Mississippi","Union","grain sorghum",0
28145,"Mississippi","Union","soybeans",0
28145,"Mississippi","Union","sunflower",0
28145,"Mississippi","Union","wheat",0
28147,"Mississippi","Walthall","corn",0
28147,"Mississippi","Walthall","grain sorghum",0
28147,"Mississippi","Walthall","oats",0
28147,"Mississippi","Walthall","peanuts",0
28147,"Mississippi","Walthall","sesame",0
28147,"Mississippi","Walthall","soybeans",0
28147,"Mississippi","Walthall","wheat",0
28149,"Mississippi","Warren","corn",708.968124803474
28149,"Mississippi","Warren","cotton",170.803293354694
28149,"Mississippi","Warren","peanuts",38.98778615845
28149,"Mississippi","Warren","soybeans",1025.23932541211
28149,"Mississippi","Warren","sunflower",0.173374084276344
28149,"Mississippi","Warren","wheat",32.2138295203275
28151,"Mississippi","Washington","corn",14396.7156630646
28151,"Mississippi","Washington","cotton",2264.36112477764
28151,"Mississippi","Washington","grain sorghum",12.4609371586398
28151,"Mississippi","Washington","peanuts",1.99440841673266
28151,"Mississippi","Washington","rice_long grain",1158.9681424654
28151,"Mississippi","Washington","soybeans",41005.5924432816
28151,"Mississippi","Washington","sunflower",1.24033209154898
28151,"Mississippi","Washington","wheat",528.523928743916
28153,"Mississippi","Wayne","corn",0
28153,"Mississippi","Wayne","oats",0
28153,"Mississippi","Wayne","soybeans",0
28153,"Mississippi","Wayne","wheat",0
28155,"Mississippi","Webster","corn",1336.05363905971
28155,"Mississippi","Webster","cotton",2265.04474842007
28155,"Mississippi","Webster","grain sorghum",31.2592233729793
28155,"Mississippi","Webster","peanuts",56.2912641805327
28155,"Mississippi","Webster","soybeans",1011.75506094104
28155,"Mississippi","Webster","wheat",106.853330692341
28157,"Mississippi","Wilkinson","soybeans",0
28159,"Mississippi","Winston","corn",0
28159,"Mississippi","Winston","cotton",0
28159,"Mississippi","Winston","oats",0
28159,"Mississippi","Winston","soybeans",0
28159,"Mississippi","Winston","sunflower",0
28159,"Mississippi","Winston","wheat",0
28161,"Mississippi","Yalobusha","corn",0
28161,"Mississippi","Yalobusha","cotton",0
28161,"Mississippi","Yalobusha","grain sorghum",0
28161,"Mississippi","Yalobusha","peanuts",0
28161,"Mississippi","Yalobusha","soybeans",0
28161,"Mississippi","Yalobusha","wheat",0
28163,"Mississippi","Yazoo","corn",7088.1646515357
28163,"Mississippi","Yazoo","cotton",3781.45700809743
28163,"Mississippi","Yazoo","grain sorghum",21.5982552737395
28163,"Mississippi","Yazoo","oats",5.24225131957391
28163,"Mississippi","Yazoo","peanuts",12.1649004549316
28163,"Mississippi","Yazoo","rice_long grain",204.186138490141
28163,"Mississippi","Yazoo","sesame",47.8470978244664
28163,"Mississippi","Yazoo","soybeans",6470.4799293176
28163,"Mississippi","Yazoo","sunflower",1.29482708408
28163,"Mississippi","Yazoo","wheat",349.681433935674
29001,"Missouri","Adair","corn",3915.72720069956
29001,"Missouri","Adair","grain sorghum",54.263704627957
29001,"Missouri","Adair","oats",20.794064225435
29001,"Missouri","Adair","soybeans",9050.07254780449
29001,"Missouri","Adair","wheat",198.829815975894
29003,"Missouri","Andrew","corn",7175.76917512073
29003,"Missouri","Andrew","grain sorghum",31.3371928418829
29003,"Missouri","Andrew","oats",10.9755899964553
29003,"Missouri","Andrew","soybeans",8239.32463627245
29003,"Missouri","Andrew","wheat",83.8097391018357
29005,"Missouri","Atchison","barley",0.781446063806436
29005,"Missouri","Atchison","corn",8380.42470126773
29005,"Missouri","Atchison","cotton",0.000591220778366889
29005,"Missouri","Atchison","grain sorghum",2.37946655933394
29005,"Missouri","Atchison","oats",6.59991579306526
29005,"Missouri","Atchison","soybeans",7330.6274282177
29005,"Missouri","Atchison","wheat",16.9841175443013
29007,"Missouri","Audrain","barley",5.24790406286322
29007,"Missouri","Audrain","corn",7606.73664451397
29007,"Missouri","Audrain","dry peas",5.7740397023186
29007,"Missouri","Audrain","grain sorghum",138.844953196994
29007,"Missouri","Audrain","oats",27.3560638446376
29007,"Missouri","Audrain","soybeans",11708.878862094
29007,"Missouri","Audrain","sunflower",7.31104333314807
29007,"Missouri","Audrain","wheat",1195.6671559187
29009,"Missouri","Barry","barley",44.7617562290168
29009,"Missouri","Barry","corn",2562.9255485036
29009,"Missouri","Barry","grain sorghum",117.830322259757
29009,"Missouri","Barry","oats",125.901000834244
29009,"Missouri","Barry","soybeans",1954.96537305325
29009,"Missouri","Barry","wheat",2265.07799912013
29011,"Missouri","Barton","barley",16.7570378177659
29011,"Missouri","Barton","canola",15.6908426070158
29011,"Missouri","Barton","corn",5535.13733233171
29011,"Missouri","Barton","grain sorghum",145.833747257573
29011,"Missouri","Barton","oats",5.13082120799895
29011,"Missouri","Barton","soybeans",8562.17964985947
29011,"Missouri","Barton","wheat",3357.2053822518
29013,"Missouri","Bates","corn",6851.04156224079
29013,"Missouri","Bates","grain sorghum",15.4396711402071
29013,"Missouri","Bates","oats",13.2577720217965
29013,"Missouri","Bates","soybeans",11291.3283857483
29013,"Missouri","Bates","sunflower",3.77372770777543
29013,"Missouri","Bates","wheat",1587.78088114113
29015,"Missouri","Benton","corn",0
29015,"Missouri","Benton","grain sorghum",0
29015,"Missouri","Benton","oats",0
29015,"Missouri","Benton","soybeans",0
29015,"Missouri","Benton","wheat",0
29017,"Missouri","Bollinger","barley",1.73665630788829
29017,"Missouri","Bollinger","corn",707.113531066887
29017,"Missouri","Bollinger","grain sorghum",12.070964010397
29017,"Missouri","Bollinger","oats",4.26039369098912
29017,"Missouri","Bollinger","rice_long grain",47.6361243968052
29017,"Missouri","Bollinger","soybeans",1592.75543748874
29017,"Missouri","Bollinger","sunflower",1.02173546707555
29017,"Missouri","Bollinger","wheat",309.374657571216
29019,"Missouri","Boone","corn",460.897398328678
29019,"Missouri","Boone","grain sorghum",21.2555955900686
29019,"Missouri","Boone","oats",0.713925437054583
29019,"Missouri","Boone","soybeans",919.587140874098
29019,"Missouri","Boone","sunflower",0.69887717869219
29019,"Missouri","Boone","wheat",86.6355625914042
29021,"Missouri","Buchanan","corn",2605.3428552236
29021,"Missouri","Buchanan","grain sorghum",2.59983397158426
29021,"Missouri","Buchanan","oats",1.07181446407639
29021,"Missouri","Buchanan","soybeans",2866.64266185889
29021,"Missouri","Buchanan","sunflower",0.52819411701174
29021,"Missouri","Buchanan","wheat",54.4055736981666
29023,"Missouri","Butler","canola",0
29023,"Missouri","Butler","corn",0
29023,"Missouri","Butler","cotton",0
29023,"Missouri","Butler","dry peas",0
29023,"Missouri","Butler","grain sorghum",0
29023,"Missouri","Butler","oats",0
29023,"Missouri","Butler","peanuts",0
29023,"Missouri","Butler","rapeseed",0
29023,"Missouri","Butler","rice_long grain",0
29023,"Missouri","Butler","rice_short/medium grain",0
29023,"Missouri","Butler","soybeans",0
29023,"Missouri","Butler","sunflower",0
29023,"Missouri","Butler","wheat",0
29025,"Missouri","Caldwell","corn",635.345345859041
29025,"Missouri","Caldwell","grain sorghum",18.3419493773131
29025,"Missouri","Caldwell","oats",2.6312035837916
29025,"Missouri","Caldwell","soybeans",1371.43995336317
29025,"Missouri","Caldwell","wheat",65.9817811500263
29027,"Missouri","Callaway","barley",3.87213448834366
29027,"Missouri","Callaway","corn",1457.92731901665
29027,"Missouri","Callaway","grain sorghum",44.6110735964186
29027,"Missouri","Callaway","oats",4.84269810161299
29027,"Missouri","Callaway","soybeans",2862.89246062424
29027,"Missouri","Callaway","sunflower",1.49829935267687
29027,"Missouri","Callaway","wheat",386.49951482006
29029,"Missouri","Camden","corn",173.067723558747
29029,"Missouri","Camden","grain sorghum",10.7010166441343
29029,"Missouri","Camden","soybeans",140.355259797119
29031,"Missouri","Cape Girardeau","barley",27.6067258942498
29031,"Missouri","Cape Girardeau","corn",3520.27413590091
29031,"Missouri","Cape Girardeau","grain sorghum",12.3091707640887
29031,"Missouri","Cape Girardeau","oats",13.8185137037082
29031,"Missouri","Cape Girardeau","rice_long grain",52.4277599767169
29031,"Missouri","Cape Girardeau","soybeans",8104.88623968289
29031,"Missouri","Cape Girardeau","sunflower",1.22878095622393
29031,"Missouri","Cape Girardeau","wheat",1505.52167312122
29033,"Missouri","Carroll","barley",0.357980110922701
29033,"Missouri","Carroll","corn",5706.83993405189
29033,"Missouri","Carroll","grain sorghum",9.39921528741418
29033,"Missouri","Carroll","oats",4.99310658714984
29033,"Missouri","Carroll","soybeans",7703.81658968941
29033,"Missouri","Carroll","sunflower",1.19099982903983
29033,"Missouri","Carroll","wheat",304.928174444179
29035,"Missouri","Carter","soybeans",0
29037,"Missouri","Cass","corn",0
29037,"Missouri","Cass","grain sorghum",0
29037,"Missouri","Cass","oats",0
29037,"Missouri","Cass","soybeans",0
29037,"Missouri","Cass","sunflower",0
29037,"Missouri","Cass","wheat",0
29039,"Missouri","Cedar","barley",0
29039,"Missouri","Cedar","corn",0
29039,"Missouri","Cedar","grain sorghum",0
29039,"Missouri","Cedar","soybeans",0
29039,"Missouri","Cedar","wheat",0
29041,"Missouri","Chariton","corn",7398.40649347035
29041,"Missouri","Chariton","grain sorghum",4.39435526483742
29041,"Missouri","Chariton","oats",2.63444156194605
29041,"Missouri","Chariton","soybeans",12288.3588308243
29041,"Missouri","Chariton","sunflower",0.97353795757559
29041,"Missouri","Chariton","wheat",562.99000758763
29043,"Missouri","Christian","barley",21.0546877446894
29043,"Missouri","Christian","corn",331.117674677228
29043,"Missouri","Christian","grain sorghum",3.4942317850305
29043,"Missouri","Christian","oats",28.7730575098456
29043,"Missouri","Christian","soybeans",327.346000888466
29043,"Missouri","Christian","sunflower",73.5322254362058
29043,"Missouri","Christian","wheat",231.358521958535
29045,"Missouri","Clark","corn",1041.87676488716
29045,"Missouri","Clark","grain sorghum",0.723854832354815
29045,"Missouri","Clark","oats",2.59298160853202
29045,"Missouri","Clark","soybeans",1143.18736787948
29045,"Missouri","Clark","sunflower",0.491921268312572
29045,"Missouri","Clark","wheat",20.7396095241507
29047,"Missouri","Clay","corn",1627.71725090899
29047,"Missouri","Clay","dry peas",13.0827220679818
29047,"Missouri","Clay","grain sorghum",10.7123079732101
29047,"Missouri","Clay","oats",10.5610472920995
29047,"Missouri","Clay","soybeans",2652.44281913775
29047,"Missouri","Clay","sunflower",0.750996013233034
29047,"Missouri","Clay","wheat",109.460189940067
29049,"Missouri","Clinton","corn",10151.211361088
29049,"Missouri","Clinton","dry peas",0.869011864160926
29049,"Missouri","Clinton","grain sorghum",64.0836505253022
29049,"Missouri","Clinton","oats",16.3439406352066
29049,"Missouri","Clinton","soybeans",12582.3815031225
29049,"Missouri","Clinton","wheat",104.408299431479
29051,"Missouri","Cole","barley",0
29051,"Missouri","Cole","corn",0
29051,"Missouri","Cole","grain sorghum",0
29051,"Missouri","Cole","oats",0
29051,"Missouri","Cole","soybeans",0
29051,"Missouri","Cole","sunflower",0
29051,"Missouri","Cole","wheat",0
29053,"Missouri","Cooper","barley",0.535826027810198
29053,"Missouri","Cooper","corn",1754.98615513947
29053,"Missouri","Cooper","grain sorghum",8.00297139399741
29053,"Missouri","Cooper","oats",3.78686388976225
29053,"Missouri","Cooper","soybeans",2391.24442422111
29053,"Missouri","Cooper","sunflower",1.40367221424751
29053,"Missouri","Cooper","wheat",353.173253780269
29055,"Missouri","Crawford","corn",0
29055,"Missouri","Crawford","grain sorghum",0
29055,"Missouri","Crawford","soybeans",0
29055,"Missouri","Crawford","sunflower",0
29055,"Missouri","Crawford","wheat",0
29057,"Missouri","Dade","canola",23.7349669373851
29057,"Missouri","Dade","corn",5633.45157488946
29057,"Missouri","Dade","grain sorghum",97.7605390259069
29057,"Missouri","Dade","oats",19.0779425288659
29057,"Missouri","Dade","soybeans",8163.83198379858
29057,"Missouri","Dade","wheat",4374.97165948648
29059,"Missouri","Dallas","corn",238.246142107687
29059,"Missouri","Dallas","grain sorghum",39.4514217258416
29059,"Missouri","Dallas","oats",88.4039591567577
29059,"Missouri","Dallas","soybeans",323.24248398649
29059,"Missouri","Dallas","sunflower",12.1684013984257
29059,"Missouri","Dallas","wheat",131.238591624798
29061,"Missouri","Daviess","corn",4667.33966573166
29061,"Missouri","Daviess","dry peas",5.60912360228726
29061,"Missouri","Daviess","grain sorghum",36.0995800212608
29061,"Missouri","Daviess","oats",17.0721438309351
29061,"Missouri","Daviess","soybeans",8275.36922823517
29061,"Missouri","Daviess","wheat",186.836591911989
29063,"Missouri","DeKalb","barley",3.2540125094085
29063,"Missouri","DeKalb","corn",5580.38431344499
29063,"Missouri","DeKalb","grain sorghum",10.0189603513576
29063,"Missouri","DeKalb","oats",24.814848824056
29063,"Missouri","DeKalb","soybeans",7615.50938344219
29063,"Missouri","DeKalb","sunflower",0.442792841470144
29063,"Missouri","DeKalb","wheat",136.025188586533
29065,"Missouri","Dent","corn",0
29065,"Missouri","Dent","grain sorghum",0
29067,"Missouri","Douglas","corn",0
29067,"Missouri","Douglas","oats",0
29067,"Missouri","Douglas","soybeans",0
29069,"Missouri","Dunklin","corn",4154.30149301031
29069,"Missouri","Dunklin","cotton",13461.1737017418
29069,"Missouri","Dunklin","grain sorghum",30.1420522668233
29069,"Missouri","Dunklin","oats",1.67031746827303
29069,"Missouri","Dunklin","peanuts",1480.16128128708
29069,"Missouri","Dunklin","rice_long grain",3067.1946241499
29069,"Missouri","Dunklin","soybeans",9862.32659815461
29069,"Missouri","Dunklin","sunflower",3.78233098374967
29069,"Missouri","Dunklin","wheat",1992.26876760415
29071,"Missouri","Franklin","barley",0
29071,"Missouri","Franklin","corn",0
29071,"Missouri","Franklin","grain sorghum",0
29071,"Missouri","Franklin","oats",0
29071,"Missouri","Franklin","soybeans",0
29071,"Missouri","Franklin","sunflower",0
29071,"Missouri","Franklin","wheat",0
29073,"Missouri","Gasconade","barley",0
29073,"Missouri","Gasconade","corn",0
29073,"Missouri","Gasconade","grain sorghum",0
29073,"Missouri","Gasconade","oats",0
29073,"Missouri","Gasconade","soybeans",0
29073,"Missouri","Gasconade","sunflower",0
29073,"Missouri","Gasconade","wheat",0
29075,"Missouri","Gentry","barley",6.81016718313878
29075,"Missouri","Gentry","corn",5020.09921362332
29075,"Missouri","Gentry","grain sorghum",4.30916196362855
29075,"Missouri","Gentry","oats",37.3491934548386
29075,"Missouri","Gentry","soybeans",7577.81326403272
29075,"Missouri","Gentry","sunflower",0.357355099565004
29075,"Missouri","Gentry","wheat",181.724977976103
29077,"Missouri","Greene","corn",1581.86473083302
29077,"Missouri","Greene","grain sorghum",32.0403083259886
29077,"Missouri","Greene","oats",43.7871773365942
29077,"Missouri","Greene","soybeans",2013.59902172464
29077,"Missouri","Greene","sunflower",38.105014328287
29077,"Missouri","Greene","wheat",889.248247451464
29079,"Missouri","Grundy","barley",2.05322706546023
29079,"Missouri","Grundy","corn",4473.45181491862
29079,"Missouri","Grundy","grain sorghum",13.7340358408635
29079,"Missouri","Grundy","oats",11.6611890501111
29079,"Missouri","Grundy","soybeans",8262.84205966391
29079,"Missouri","Grundy","wheat",84.4385067943709
29081,"Missouri","Harrison","corn",5602.85270426123
29081,"Missouri","Harrison","grain sorghum",22.9489621881807
29081,"Missouri","Harrison","oats",32.1902096741488
29081,"Missouri","Harrison","soybeans",7736.13568032011
29081,"Missouri","Harrison","wheat",98.5137768896855
29083,"Missouri","Henry","barley",5.81282605314826
29083,"Missouri","Henry","corn",1853.8340976722
29083,"Missouri","Henry","grain sorghum",29.1725159235581
29083,"Missouri","Henry","oats",8.06002202521552
29083,"Missouri","Henry","soybeans",4474.11595525954
29083,"Missouri","Henry","sunflower",0.369027358757026
29083,"Missouri","Henry","wheat",615.391055707577
29085,"Missouri","Hickory","corn",0
29085,"Missouri","Hickory","grain sorghum",0
29085,"Missouri","Hickory","oats",0
29085,"Missouri","Hickory","soybeans",0
29085,"Missouri","Hickory","wheat",0
29087,"Missouri","Holt","corn",1059.89583734767
29087,"Missouri","Holt","dry peas",0.0487934132688657
29087,"Missouri","Holt","grain sorghum",1.88157235896103
29087,"Missouri","Holt","oats",0.547620959152432
29087,"Missouri","Holt","soybeans",917.87131745975
29087,"Missouri","Holt","sunflower",0.132385229799248
29087,"Missouri","Holt","wheat",14.2548065647423
29089,"Missouri","Howard","barley",1.15945386340918
29089,"Missouri","Howard","corn",1862.31851934818
29089,"Missouri","Howard","grain sorghum",14.7702042612809
29089,"Missouri","Howard","oats",3.64958736150574
29089,"Missouri","Howard","soybeans",2479.71502008694
29089,"Missouri","Howard","sunflower",0.962688906554583
29089,"Missouri","Howard","wheat",192.902526172114
29091,"Missouri","Howell","corn",968.334135551058
29091,"Missouri","Howell","grain sorghum",7.79989673277981
29091,"Missouri","Howell","soybeans",274.880728687449
29091,"Missouri","Howell","sunflower",7.88157104411782
29091,"Missouri","Howell","wheat",105.071667984595
29093,"Missouri","Iron","corn",0
29093,"Missouri","Iron","soybeans",0
29093,"Missouri","Iron","wheat",0
29095,"Missouri","Jackson","corn",0
29095,"Missouri","Jackson","grain sorghum",0
29095,"Missouri","Jackson","oats",0
29095,"Missouri","Jackson","soybeans",0
29095,"Missouri","Jackson","sunflower",0
29095,"Missouri","Jackson","wheat",0
29097,"Missouri","Jasper","barley",20.7012972572188
29097,"Missouri","Jasper","corn",4944.7403977216
29097,"Missouri","Jasper","grain sorghum",122.158365668657
29097,"Missouri","Jasper","oats",16.0536634159505
29097,"Missouri","Jasper","soybeans",9258.44445190842
29097,"Missouri","Jasper","sunflower",22.0802184245721
29097,"Missouri","Jasper","wheat",5127.30843893692
29099,"Missouri","Jefferson","barley",0
29099,"Missouri","Jefferson","corn",0
29099,"Missouri","Jefferson","soybeans",0
29099,"Missouri","Jefferson","wheat",0
29101,"Missouri","Johnson","corn",3099.23951590982
29101,"Missouri","Johnson","grain sorghum",10.7172676062878
29101,"Missouri","Johnson","oats",4.94376257888275
29101,"Missouri","Johnson","soybeans",5338.65046357174
29101,"Missouri","Johnson","sunflower",0.087822945580219
29101,"Missouri","Johnson","wheat",318.097167387697
29103,"Missouri","Knox","barley",10.6909803031525
29103,"Missouri","Knox","corn",8054.7526935559
29103,"Missouri","Knox","grain sorghum",18.8946852839577
29103,"Missouri","Knox","oats",32.7806846858046
29103,"Missouri","Knox","rice_long grain",0.412263683983238
29103,"Missouri","Knox","rice_short/medium grain",0.660208746592374
29103,"Missouri","Knox","soybeans",12059.6604054733
29103,"Missouri","Knox","sunflower",2.8745977870148
29103,"Missouri","Knox","wheat",276.58421381365
29105,"Missouri","Laclede","corn",0
29105,"Missouri","Laclede","grain sorghum",0
29105,"Missouri","Laclede","oats",0
29105,"Missouri","Laclede","soybeans",0
29105,"Missouri","Laclede","wheat",0
29107,"Missouri","Lafayette","barley",1.67889957106888
29107,"Missouri","Lafayette","corn",7067.91325555023
29107,"Missouri","Lafayette","dry peas",0.000067861744990658
29107,"Missouri","Lafayette","grain sorghum",7.31447818381808
29107,"Missouri","Lafayette","oats",2.28643184309775
29107,"Missouri","Lafayette","soybeans",7634.25453415769
29107,"Missouri","Lafayette","sunflower",0.656562382784617
29107,"Missouri","Lafayette","wheat",294.338103782881
29109,"Missouri","Lawrence","barley",58.2726389408367
29109,"Missouri","Lawrence","corn",3655.92905612842
29109,"Missouri","Lawrence","grain sorghum",50.0972840806191
29109,"Missouri","Lawrence","oats",115.144202684794
29109,"Missouri","Lawrence","soybeans",3847.87291807055
29109,"Missouri","Lawrence","sunflower",22.2098184664157
29109,"Missouri","Lawrence","wheat",2231.87494829503
29111,"Missouri","Lewis","corn",9803.95838848722
29111,"Missouri","Lewis","grain sorghum",4.11534580076906
29111,"Missouri","Lewis","oats",3.73767463756705
29111,"Missouri","Lewis","rice_long grain",10.3516232459459
29111,"Missouri","Lewis","soybeans",11217.0657937003
29111,"Missouri","Lewis","sunflower",2.01134586479873
29111,"Missouri","Lewis","wheat",354.639994930059
29113,"Missouri","Lincoln","corn",167.753304936317
29113,"Missouri","Lincoln","grain sorghum",6.45712666528749
29113,"Missouri","Lincoln","oats",0.0848405487092677
29113,"Missouri","Lincoln","soybeans",318.879748838438
29113,"Missouri","Lincoln","wheat",28.729279011243
29115,"Missouri","Linn","corn",7185.77729272245
29115,"Missouri","Linn","grain sorghum",29.1193229686112
29115,"Missouri","Linn","oats",15.1770459375782
29115,"Missouri","Linn","soybeans",14879.4275998809
29115,"Missouri","Linn","wheat",827.957071823814
29117,"Missouri","Livingston","barley",1.16582727515635
29117,"Missouri","Livingston","corn",3622.94914955294
29117,"Missouri","Livingston","grain sorghum",132.144585180108
29117,"Missouri","Livingston","oats",2.57015514711163
29117,"Missouri","Livingston","soybeans",8853.16062620361
29117,"Missouri","Livingston","wheat",261.949769974449
29121,"Missouri","Macon","corn",6254.92533536921
29121,"Missouri","Macon","grain sorghum",11.5931206750392
29121,"Missouri","Macon","oats",14.856080224464
29121,"Missouri","Macon","soybeans",14995.6161329447
29121,"Missouri","Macon","wheat",515.853497453263
29123,"Missouri","Madison","corn",57.965880020902
29123,"Missouri","Madison","grain sorghum",3.28969891512581
29123,"Missouri","Madison","oats",3.60036521868957
29123,"Missouri","Madison","soybeans",210.150023169079
29123,"Missouri","Madison","wheat",21.5431993428699
29125,"Missouri","Maries","barley",1.58693335670989
29125,"Missouri","Maries","corn",116.931146636076
29125,"Missouri","Maries","grain sorghum",10.420571634624
29125,"Missouri","Maries","oats",2.12343620615476
29125,"Missouri","Maries","soybeans",229.23971494347
29125,"Missouri","Maries","sunflower",0.563524669722933
29125,"Missouri","Maries","wheat",24.3981725532436
29127,"Missouri","Marion","corn",4251.26994000577
29127,"Missouri","Marion","dry peas",2.43277439811544
29127,"Missouri","Marion","grain sorghum",1.31239877025931
29127,"Missouri","Marion","oats",3.19350367429765
29127,"Missouri","Marion","rice_long grain",7.94499361150709
29127,"Missouri","Marion","soybeans",5111.99837172794
29127,"Missouri","Marion","sunflower",0.384046284806354
29127,"Missouri","Marion","wheat",250.920971527308
29119,"Missouri","McDonald","canola",138.34960571052
29119,"Missouri","McDonald","corn",487.071903381609
29119,"Missouri","McDonald","oats",83.6406562421606
29119,"Missouri","McDonald","soybeans",536.41991115498
29119,"Missouri","McDonald","wheat",467.794256844064
29129,"Missouri","Mercer","corn",42.7581780051219
29129,"Missouri","Mercer","grain sorghum",0.215837063330029
29129,"Missouri","Mercer","oats",0.239188800965417
29129,"Missouri","Mercer","soybeans",77.8529615744928
29129,"Missouri","Mercer","wheat",1.99616788941043
29131,"Missouri","Miller","barley",2.14348382268462
29131,"Missouri","Miller","corn",105.500164936986
29131,"Missouri","Miller","grain sorghum",10.8718878011905
29131,"Missouri","Miller","oats",6.63517889221304
29131,"Missouri","Miller","soybeans",252.581433867888
29131,"Missouri","Miller","wheat",15.6098506790387
29133,"Missouri","Mississippi","corn",2539.12202968144
29133,"Missouri","Mississippi","cotton",93.4341887146453
29133,"Missouri","Mississippi","grain sorghum",11.9872814572028
29133,"Missouri","Mississippi","peanuts",17.3779779255981
29133,"Missouri","Mississippi","rice_long grain",32.93620689177
29133,"Missouri","Mississippi","soybeans",7159.15112181631
29133,"Missouri","Mississippi","sunflower",4.25160219016086
29133,"Missouri","Mississippi","wheat",1690.97692465623
29135,"Missouri","Moniteau","barley",1.04022360406263
29135,"Missouri","Moniteau","corn",647.749484187127
29135,"Missouri","Moniteau","grain sorghum",14.6256029767344
29135,"Missouri","Moniteau","oats",1.4786739129341
29135,"Missouri","Moniteau","soybeans",969.531071795583
29135,"Missouri","Moniteau","sunflower",0.994516809338666
29135,"Missouri","Moniteau","wheat",130.593926714221
29137,"Missouri","Monroe","corn",6335.81764435139
29137,"Missouri","Monroe","grain sorghum",99.9409615681975
29137,"Missouri","Monroe","oats",13.2513887037245
29137,"Missouri","Monroe","soybeans",10131.8545081491
29137,"Missouri","Monroe","sunflower",0.38307310598157
29137,"Missouri","Monroe","wheat",559.27559078819
29139,"Missouri","Montgomery","barley",6.11411849543403
29139,"Missouri","Montgomery","corn",2293.22827443683
29139,"Missouri","Montgomery","grain sorghum",51.1256649088881
29139,"Missouri","Montgomery","oats",5.12244672039664
29139,"Missouri","Montgomery","soybeans",3688.30348399731
29139,"Missouri","Montgomery","sunflower",0.0670771883879702
29139,"Missouri","Montgomery","wheat",510.654134252729
29141,"Missouri","Morgan","barley",3.79790704125631
29141,"Missouri","Morgan","corn",298.613179209816
29141,"Missouri","Morgan","grain sorghum",10.0489572292002
29141,"Missouri","Morgan","oats",3.15661116583986
29141,"Missouri","Morgan","soybeans",500.494705388282
29141,"Missouri","Morgan","sunflower",0.307598312336381
29141,"Missouri","Morgan","wheat",71.5875416532655
29143,"Missouri","New Madrid","corn",2172.5521874615
29143,"Missouri","New Madrid","cotton",3761.43717613377
29143,"Missouri","New Madrid","grain sorghum",7.85908223756308
29143,"Missouri","New Madrid","peanuts",34.1555872264887
29143,"Missouri","New Madrid","rice_long grain",833.877758595758
29143,"Missouri","New Madrid","rice_short/medium grain",8.7507057628956
29143,"Missouri","New Madrid","soybeans",6845.4786291066
29143,"Missouri","New Madrid","sunflower",0.910936732371747
29143,"Missouri","New Madrid","wheat",408.772436743125
29145,"Missouri","Newton","barley",0
29145,"Missouri","Newton","corn",0
29145,"Missouri","Newton","grain sorghum",0
29145,"Missouri","Newton","oats",0
29145,"Missouri","Newton","soybeans",0
29145,"Missouri","Newton","sunflower",0
29145,"Missouri","Newton","wheat",0
29147,"Missouri","Nodaway","barley",1.59597528484437
29147,"Missouri","Nodaway","corn",16745.2796069112
29147,"Missouri","Nodaway","dry peas",5.87715939590808
29147,"Missouri","Nodaway","grain sorghum",0.863289413487832
29147,"Missouri","Nodaway","oats",77.6252600940697
29147,"Missouri","Nodaway","soybeans",18374.5026354759
29147,"Missouri","Nodaway","sunflower",2.04612216005689
29147,"Missouri","Nodaway","wheat",252.876667931279
29149,"Missouri","Oregon","corn",0
29149,"Missouri","Oregon","soybeans",0
29149,"Missouri","Oregon","wheat",0
29151,"Missouri","Osage","barley",1.86624495457885
29151,"Missouri","Osage","corn",244.294564629047
29151,"Missouri","Osage","grain sorghum",16.1114784677246
29151,"Missouri","Osage","oats",0.328194572300245
29151,"Missouri","Osage","soybeans",318.902109942551
29151,"Missouri","Osage","wheat",31.4287407671328
29153,"Missouri","Ozark","wheat",0
29155,"Missouri","Pemiscot","corn",359.827254208158
29155,"Missouri","Pemiscot","cotton",527.468930328635
29155,"Missouri","Pemiscot","grain sorghum",1.71973596154055
29155,"Missouri","Pemiscot","peanuts",0.156059934235951
29155,"Missouri","Pemiscot","rice_long grain",725.451784100175
29155,"Missouri","Pemiscot","rice_short/medium grain",24.0292183988591
29155,"Missouri","Pemiscot","soybeans",2710.85681458778
29155,"Missouri","Pemiscot","sunflower",0.22717717943475
29155,"Missouri","Pemiscot","wheat",367.600358634566
29157,"Missouri","Perry","barley",23.8490641919826
29157,"Missouri","Perry","corn",5297.18281236892
29157,"Missouri","Perry","grain sorghum",36.0716644285342
29157,"Missouri","Perry","oats",10.693962293872
29157,"Missouri","Perry","soybeans",9944.96438625176
29157,"Missouri","Perry","sunflower",0.160776148544649
29157,"Missouri","Perry","wheat",2712.5396676497
29159,"Missouri","Pettis","barley",3.70460640893448
29159,"Missouri","Pettis","corn",1287.63091449006
29159,"Missouri","Pettis","grain sorghum",3.09288179404602
29159,"Missouri","Pettis","oats",1.36300762994836
29159,"Missouri","Pettis","soybeans",1987.02118402824
29159,"Missouri","Pettis","sunflower",3.08175535721043
29159,"Missouri","Pettis","wheat",186.703483624862
29161,"Missouri","Phelps","corn",0
29161,"Missouri","Phelps","grain sorghum",0
29161,"Missouri","Phelps","oats",0
29161,"Missouri","Phelps","soybeans",0
29161,"Missouri","Phelps","wheat",0
29163,"Missouri","Pike","barley",0.339593281093965
29163,"Missouri","Pike","corn",1702.20115338305
29163,"Missouri","Pike","grain sorghum",24.8425091831366
29163,"Missouri","Pike","oats",1.00530642076053
29163,"Missouri","Pike","soybeans",2368.07237332801
29163,"Missouri","Pike","wheat",190.665947737292
29165,"Missouri","Platte","corn",0
29165,"Missouri","Platte","grain sorghum",0
29165,"Missouri","Platte","oats",0
29165,"Missouri","Platte","soybeans",0
29165,"Missouri","Platte","sunflower",0
29165,"Missouri","Platte","wheat",0
29167,"Missouri","Polk","corn",799.364113641008
29167,"Missouri","Polk","grain sorghum",52.2875093280167
29167,"Missouri","Polk","oats",8.72941868028974
29167,"Missouri","Polk","soybeans",812.845707464793
29167,"Missouri","Polk","wheat",311.230834219224
29169,"Missouri","Pulaski","corn",155.048912001193
29169,"Missouri","Pulaski","soybeans",160.183415098469
29169,"Missouri","Pulaski","wheat",22.8256729003384
29171,"Missouri","Putnam","corn",4081.707716305
29171,"Missouri","Putnam","dry peas",59.9900440110177
29171,"Missouri","Putnam","grain sorghum",55.0465499771664
29171,"Missouri","Putnam","oats",34.3295272619788
29171,"Missouri","Putnam","soybeans",6999.88929963861
29171,"Missouri","Putnam","wheat",211.487362806226
29173,"Missouri","Ralls","barley",1.15934091416348
29173,"Missouri","Ralls","corn",2990.68542581722
29173,"Missouri","Ralls","grain sorghum",20.3064425112066
29173,"Missouri","Ralls","oats",4.48547653854627
29173,"Missouri","Ralls","soybeans",4139.39659307956
29173,"Missouri","Ralls","sunflower",0.737806095871038
29173,"Missouri","Ralls","wheat",221.152835043463
29175,"Missouri","Randolph","barley",8.76091755139686
29175,"Missouri","Randolph","corn",5339.61641963678
29175,"Missouri","Randolph","grain sorghum",56.3902296769463
29175,"Missouri","Randolph","oats",15.249987955481
29175,"Missouri","Randolph","soybeans",12279.90892565
29175,"Missouri","Randolph","wheat",912.895352862693
29177,"Missouri","Ray","corn",2127.36060994288
29177,"Missouri","Ray","grain sorghum",21.9863240612913
29177,"Missouri","Ray","oats",2.06011619791961
29177,"Missouri","Ray","soybeans",4149.8862850724
29177,"Missouri","Ray","sunflower",4.15857955071201
29177,"Missouri","Ray","wheat",126.192385174769
29179,"Missouri","Reynolds","soybeans",0
29179,"Missouri","Reynolds","wheat",0
29181,"Missouri","Ripley","corn",0
29181,"Missouri","Ripley","grain sorghum",0
29181,"Missouri","Ripley","rice_long grain",0
29181,"Missouri","Ripley","rice_short/medium grain",0
29181,"Missouri","Ripley","soybeans",0
29181,"Missouri","Ripley","sunflower",0
29181,"Missouri","Ripley","wheat",0
29195,"Missouri","Saline","barley",0.57720595756435
29195,"Missouri","Saline","corn",6153.76945920158
29195,"Missouri","Saline","grain sorghum",4.89774784883371
29195,"Missouri","Saline","oats",4.53964685543854
29195,"Missouri","Saline","soybeans",6004.98581587279
29195,"Missouri","Saline","sunflower",2.41439897399306
29195,"Missouri","Saline","wheat",201.581991956503
29197,"Missouri","Schuyler","corn",0
29197,"Missouri","Schuyler","oats",0
29197,"Missouri","Schuyler","soybeans",0
29197,"Missouri","Schuyler","wheat",0
29199,"Missouri","Scotland","barley",0.853112280931197
29199,"Missouri","Scotland","corn",2070.33546047384
29199,"Missouri","Scotland","grain sorghum",1.57292576796689
29199,"Missouri","Scotland","oats",3.09422046976493
29199,"Missouri","Scotland","soybeans",2597.45434383491
29199,"Missouri","Scotland","sunflower",1.40748715376548
29199,"Missouri","Scotland","wheat",57.6967833521402
29201,"Missouri","Scott","barley",0
29201,"Missouri","Scott","corn",0
29201,"Missouri","Scott","cotton",0
29201,"Missouri","Scott","grain sorghum",0
29201,"Missouri","Scott","oats",0
29201,"Missouri","Scott","peanuts",0
29201,"Missouri","Scott","rice_long grain",0
29201,"Missouri","Scott","rice_short/medium grain",0
29201,"Missouri","Scott","soybeans",0
29201,"Missouri","Scott","sunflower",0
29201,"Missouri","Scott","wheat",0
29205,"Missouri","Shelby","corn",7219.08152492943
29205,"Missouri","Shelby","grain sorghum",57.433180281
29205,"Missouri","Shelby","oats",16.6594424040958
29205,"Missouri","Shelby","rice_long grain",0.0861681790779393
29205,"Missouri","Shelby","soybeans",13767.4926116828
29205,"Missouri","Shelby","sunflower",1.10223462403864
29205,"Missouri","Shelby","wheat",343.687004566245
29183,"Missouri","St. Charles","corn",0
29183,"Missouri","St. Charles","grain sorghum",0
29183,"Missouri","St. Charles","oats",0
29183,"Missouri","St. Charles","soybeans",0
29183,"Missouri","St. Charles","wheat",0
29185,"Missouri","St. Clair","barley",1.04742513078353
29185,"Missouri","St. Clair","corn",574.413311432802
29185,"Missouri","St. Clair","grain sorghum",25.9191977885365
29185,"Missouri","St. Clair","oats",3.80182176109524
29185,"Missouri","St. Clair","soybeans",1300.14388877519
29185,"Missouri","St. Clair","sunflower",0.434659331698567
29185,"Missouri","St. Clair","wheat",357.752362446552
29187,"Missouri","St. Francois","corn",35.2324792498501
29187,"Missouri","St. Francois","grain sorghum",0.90404279624295
29187,"Missouri","St. Francois","oats",0.165836148669648
29187,"Missouri","St. Francois","soybeans",95.4670371762522
29187,"Missouri","St. Francois","wheat",10.4786046289847
29189,"Missouri","St. Louis","corn",0
29189,"Missouri","St. Louis","grain sorghum",0
29189,"Missouri","St. Louis","soybeans",0
29189,"Missouri","St. Louis","wheat",0
29193,"Missouri","Ste. Genevieve","corn",14975.658628891
29193,"Missouri","Ste. Genevieve","grain sorghum",13.2357941231722
29193,"Missouri","Ste. Genevieve","oats",13.1703949123773
29193,"Missouri","Ste. Genevieve","soybeans",27947.2298790349
29193,"Missouri","Ste. Genevieve","sunflower",15.1927397384948
29193,"Missouri","Ste. Genevieve","wheat",4446.71972996676
29207,"Missouri","Stoddard","corn",0
29207,"Missouri","Stoddard","cotton",0
29207,"Missouri","Stoddard","grain sorghum",0
29207,"Missouri","Stoddard","oats",0
29207,"Missouri","Stoddard","peanuts",0
29207,"Missouri","Stoddard","rice_long grain",0
29207,"Missouri","Stoddard","rice_short/medium grain",0
29207,"Missouri","Stoddard","soybeans",0
29207,"Missouri","Stoddard","sunflower",0
29207,"Missouri","Stoddard","wheat",0
29209,"Missouri","Stone","corn",453.61695324694
29209,"Missouri","Stone","oats",51.1703053784583
29209,"Missouri","Stone","soybeans",105.178892831566
29209,"Missouri","Stone","wheat",119.304515209703
29211,"Missouri","Sullivan","corn",4896.29774133506
29211,"Missouri","Sullivan","grain sorghum",28.5984621892778
29211,"Missouri","Sullivan","oats",55.8736086880731
29211,"Missouri","Sullivan","soybeans",10261.7186436388
29211,"Missouri","Sullivan","wheat",121.156344148779
29213,"Missouri","Taney","wheat",0
29215,"Missouri","Texas","corn",0
29215,"Missouri","Texas","soybeans",0
29215,"Missouri","Texas","wheat",0
29217,"Missouri","Vernon","corn",3254.74333395676
29217,"Missouri","Vernon","grain sorghum",104.833355319301
29217,"Missouri","Vernon","oats",12.3911529843734
29217,"Missouri","Vernon","soybeans",5118.50910472379
29217,"Missouri","Vernon","sunflower",2.14850337578689
29217,"Missouri","Vernon","wheat",1346.53321630668
29219,"Missouri","Warren","corn",0
29219,"Missouri","Warren","grain sorghum",0
29219,"Missouri","Warren","soybeans",0
29219,"Missouri","Warren","wheat",0
29221,"Missouri","Washington","corn",126.037994277951
29221,"Missouri","Washington","soybeans",1094.04686149581
29221,"Missouri","Washington","wheat",74.2611442262382
29223,"Missouri","Wayne","barley",0
29223,"Missouri","Wayne","corn",0
29223,"Missouri","Wayne","grain sorghum",0
29223,"Missouri","Wayne","oats",0
29223,"Missouri","Wayne","soybeans",0
29223,"Missouri","Wayne","wheat",0
29225,"Missouri","Webster","barley",2.03809352262232
29225,"Missouri","Webster","corn",266.966356573948
29225,"Missouri","Webster","grain sorghum",4.41040314780493
29225,"Missouri","Webster","oats",3.08900013670091
29225,"Missouri","Webster","soybeans",101.28903132911
29225,"Missouri","Webster","sunflower",0.141143833032178
29225,"Missouri","Webster","wheat",41.0643047901137
29227,"Missouri","Worth","barley",0
29227,"Missouri","Worth","corn",0
29227,"Missouri","Worth","grain sorghum",0
29227,"Missouri","Worth","oats",0
29227,"Missouri","Worth","soybeans",0
29227,"Missouri","Worth","wheat",0
29229,"Missouri","Wright","corn",13.3276340241391
29229,"Missouri","Wright","grain sorghum",0.32787030693304
29229,"Missouri","Wright","oats",1.53217186191605
29229,"Missouri","Wright","soybeans",5.37734437464552
29229,"Missouri","Wright","wheat",0.524479432366335
30001,"Montana","Beaverhead","barley",0
30001,"Montana","Beaverhead","canola",0
30001,"Montana","Beaverhead","corn",0
30001,"Montana","Beaverhead","oats",0
30001,"Montana","Beaverhead","wheat",0
30003,"Montana","Big Horn","barley",0
30003,"Montana","Big Horn","canola",0
30003,"Montana","Big Horn","corn",0
30003,"Montana","Big Horn","dry peas",0
30003,"Montana","Big Horn","flaxseed",0
30003,"Montana","Big Horn","grain sorghum",0
30003,"Montana","Big Horn","lentils",0
30003,"Montana","Big Horn","oats",0
30003,"Montana","Big Horn","safflower",0
30003,"Montana","Big Horn","soybeans",0
30003,"Montana","Big Horn","sunflower",0
30003,"Montana","Big Horn","wheat",0
30005,"Montana","Blaine","barley",0
30005,"Montana","Blaine","canola",0
30005,"Montana","Blaine","corn",0
30005,"Montana","Blaine","dry peas",0
30005,"Montana","Blaine","flaxseed",0
30005,"Montana","Blaine","lentils",0
30005,"Montana","Blaine","mustard",0
30005,"Montana","Blaine","oats",0
30005,"Montana","Blaine","safflower",0
30005,"Montana","Blaine","soybeans",0
30005,"Montana","Blaine","wheat",0
30007,"Montana","Broadwater","barley",0
30007,"Montana","Broadwater","canola",0
30007,"Montana","Broadwater","corn",0
30007,"Montana","Broadwater","dry peas",0
30007,"Montana","Broadwater","mustard",0
30007,"Montana","Broadwater","oats",0
30007,"Montana","Broadwater","safflower",0
30007,"Montana","Broadwater","sunflower",0
30007,"Montana","Broadwater","wheat",0
30009,"Montana","Carbon","barley",0
30009,"Montana","Carbon","canola",0
30009,"Montana","Carbon","corn",0
30009,"Montana","Carbon","dry peas",0
30009,"Montana","Carbon","oats",0
30009,"Montana","Carbon","safflower",0
30009,"Montana","Carbon","wheat",0
30011,"Montana","Carter","barley",0
30011,"Montana","Carter","canola",0
30011,"Montana","Carter","corn",0
30011,"Montana","Carter","dry peas",0
30011,"Montana","Carter","flaxseed",0
30011,"Montana","Carter","lentils",0
30011,"Montana","Carter","oats",0
30011,"Montana","Carter","safflower",0
30011,"Montana","Carter","soybeans",0
30011,"Montana","Carter","wheat",0
30013,"Montana","Cascade","barley",0
30013,"Montana","Cascade","canola",0
30013,"Montana","Cascade","corn",0
30013,"Montana","Cascade","dry peas",0
30013,"Montana","Cascade","lentils",0
30013,"Montana","Cascade","mustard",0
30013,"Montana","Cascade","oats",0
30013,"Montana","Cascade","safflower",0
30013,"Montana","Cascade","soybeans",0
30013,"Montana","Cascade","wheat",0
30015,"Montana","Chouteau","barley",0
30015,"Montana","Chouteau","canola",0
30015,"Montana","Chouteau","corn",0
30015,"Montana","Chouteau","dry peas",0
30015,"Montana","Chouteau","flaxseed",0
30015,"Montana","Chouteau","lentils",0
30015,"Montana","Chouteau","mustard",0
30015,"Montana","Chouteau","oats",0
30015,"Montana","Chouteau","safflower",0
30015,"Montana","Chouteau","wheat",0
30017,"Montana","Custer","barley",0
30017,"Montana","Custer","canola",0
30017,"Montana","Custer","corn",0
30017,"Montana","Custer","dry peas",0
30017,"Montana","Custer","grain sorghum",0
30017,"Montana","Custer","lentils",0
30017,"Montana","Custer","oats",0
30017,"Montana","Custer","safflower",0
30017,"Montana","Custer","soybeans",0
30017,"Montana","Custer","sunflower",0
30017,"Montana","Custer","wheat",0
30019,"Montana","Daniels","barley",355.557939631468
30019,"Montana","Daniels","canola",1101.07222883132
30019,"Montana","Daniels","chickpeas_large",5.91595621929956
30019,"Montana","Daniels","chickpeas_small",33.1773328645704
30019,"Montana","Daniels","corn",76.3847185534783
30019,"Montana","Daniels","dry peas",3064.10472540303
30019,"Montana","Daniels","flaxseed",268.209038286044
30019,"Montana","Daniels","lentils",4429.94026440536
30019,"Montana","Daniels","mustard",193.311598815399
30019,"Montana","Daniels","oats",154.56184528832
30019,"Montana","Daniels","safflower",111.18048915657
30019,"Montana","Daniels","soybeans",122.466140812396
30019,"Montana","Daniels","sunflower",152.790822976311
30019,"Montana","Daniels","wheat",22767.3828987564
30021,"Montana","Dawson","barley",0
30021,"Montana","Dawson","canola",0
30021,"Montana","Dawson","chickpeas_large",0
30021,"Montana","Dawson","corn",0
30021,"Montana","Dawson","dry peas",0
30021,"Montana","Dawson","flaxseed",0
30021,"Montana","Dawson","grain sorghum",0
30021,"Montana","Dawson","lentils",0
30021,"Montana","Dawson","mustard",0
30021,"Montana","Dawson","oats",0
30021,"Montana","Dawson","safflower",0
30021,"Montana","Dawson","soybeans",0
30021,"Montana","Dawson","sunflower",0
30021,"Montana","Dawson","wheat",0
30023,"Montana","Deer Lodge","barley",0
30023,"Montana","Deer Lodge","corn",0
30023,"Montana","Deer Lodge","wheat",0
30025,"Montana","Fallon","barley",0
30025,"Montana","Fallon","canola",0
30025,"Montana","Fallon","corn",0
30025,"Montana","Fallon","dry peas",0
30025,"Montana","Fallon","flaxseed",0
30025,"Montana","Fallon","lentils",0
30025,"Montana","Fallon","oats",0
30025,"Montana","Fallon","safflower",0
30025,"Montana","Fallon","soybeans",0
30025,"Montana","Fallon","sunflower",0
30025,"Montana","Fallon","wheat",0
30027,"Montana","Fergus","barley",0
30027,"Montana","Fergus","canola",0
30027,"Montana","Fergus","chickpeas_large",0
30027,"Montana","Fergus","corn",0
30027,"Montana","Fergus","dry peas",0
30027,"Montana","Fergus","lentils",0
30027,"Montana","Fergus","mustard",0
30027,"Montana","Fergus","oats",0
30027,"Montana","Fergus","safflower",0
30027,"Montana","Fergus","soybeans",0
30027,"Montana","Fergus","wheat",0
30029,"Montana","Flathead","barley",0
30029,"Montana","Flathead","canola",0
30029,"Montana","Flathead","corn",0
30029,"Montana","Flathead","dry peas",0
30029,"Montana","Flathead","lentils",0
30029,"Montana","Flathead","mustard",0
30029,"Montana","Flathead","oats",0
30029,"Montana","Flathead","soybeans",0
30029,"Montana","Flathead","sunflower",0
30029,"Montana","Flathead","wheat",0
30031,"Montana","Gallatin","barley",0
30031,"Montana","Gallatin","canola",0
30031,"Montana","Gallatin","corn",0
30031,"Montana","Gallatin","dry peas",0
30031,"Montana","Gallatin","flaxseed",0
30031,"Montana","Gallatin","lentils",0
30031,"Montana","Gallatin","mustard",0
30031,"Montana","Gallatin","oats",0
30031,"Montana","Gallatin","soybeans",0
30031,"Montana","Gallatin","sunflower",0
30031,"Montana","Gallatin","wheat",0
30033,"Montana","Garfield","barley",0
30033,"Montana","Garfield","canola",0
30033,"Montana","Garfield","corn",0
30033,"Montana","Garfield","dry peas",0
30033,"Montana","Garfield","flaxseed",0
30033,"Montana","Garfield","lentils",0
30033,"Montana","Garfield","oats",0
30033,"Montana","Garfield","safflower",0
30033,"Montana","Garfield","soybeans",0
30033,"Montana","Garfield","wheat",0
30035,"Montana","Glacier","barley",0
30035,"Montana","Glacier","canola",0
30035,"Montana","Glacier","dry peas",0
30035,"Montana","Glacier","lentils",0
30035,"Montana","Glacier","mustard",0
30035,"Montana","Glacier","oats",0
30035,"Montana","Glacier","sunflower",0
30035,"Montana","Glacier","wheat",0
30037,"Montana","Golden Valley","barley",0
30037,"Montana","Golden Valley","canola",0
30037,"Montana","Golden Valley","corn",0
30037,"Montana","Golden Valley","dry peas",0
30037,"Montana","Golden Valley","flaxseed",0
30037,"Montana","Golden Valley","lentils",0
30037,"Montana","Golden Valley","mustard",0
30037,"Montana","Golden Valley","oats",0
30037,"Montana","Golden Valley","safflower",0
30037,"Montana","Golden Valley","wheat",0
30039,"Montana","Granite","barley",0
30039,"Montana","Granite","corn",0
30039,"Montana","Granite","dry peas",0
30039,"Montana","Granite","oats",0
30039,"Montana","Granite","wheat",0
30041,"Montana","Hill","barley",0
30041,"Montana","Hill","canola",0
30041,"Montana","Hill","corn",0
30041,"Montana","Hill","dry peas",0
30041,"Montana","Hill","flaxseed",0
30041,"Montana","Hill","grain sorghum",0
30041,"Montana","Hill","lentils",0
30041,"Montana","Hill","mustard",0
30041,"Montana","Hill","oats",0
30041,"Montana","Hill","safflower",0
30041,"Montana","Hill","soybeans",0
30041,"Montana","Hill","wheat",0
30043,"Montana","Jefferson","barley",0
30043,"Montana","Jefferson","canola",0
30043,"Montana","Jefferson","corn",0
30043,"Montana","Jefferson","oats",0
30043,"Montana","Jefferson","wheat",0
30045,"Montana","Judith Basin","barley",0
30045,"Montana","Judith Basin","canola",0
30045,"Montana","Judith Basin","corn",0
30045,"Montana","Judith Basin","dry peas",0
30045,"Montana","Judith Basin","flaxseed",0
30045,"Montana","Judith Basin","lentils",0
30045,"Montana","Judith Basin","oats",0
30045,"Montana","Judith Basin","safflower",0
30045,"Montana","Judith Basin","soybeans",0
30045,"Montana","Judith Basin","wheat",0
30047,"Montana","Lake","barley",0
30047,"Montana","Lake","canola",0
30047,"Montana","Lake","corn",0
30047,"Montana","Lake","dry peas",0
30047,"Montana","Lake","oats",0
30047,"Montana","Lake","wheat",0
30049,"Montana","Lewis and Clark","barley",0
30049,"Montana","Lewis and Clark","canola",0
30049,"Montana","Lewis and Clark","corn",0
30049,"Montana","Lewis and Clark","dry peas",0
30049,"Montana","Lewis and Clark","oats",0
30049,"Montana","Lewis and Clark","soybeans",0
30049,"Montana","Lewis and Clark","wheat",0
30051,"Montana","Liberty","barley",0
30051,"Montana","Liberty","canola",0
30051,"Montana","Liberty","corn",0
30051,"Montana","Liberty","dry peas",0
30051,"Montana","Liberty","flaxseed",0
30051,"Montana","Liberty","lentils",0
30051,"Montana","Liberty","mustard",0
30051,"Montana","Liberty","oats",0
30051,"Montana","Liberty","safflower",0
30051,"Montana","Liberty","soybeans",0
30051,"Montana","Liberty","wheat",0
30053,"Montana","Lincoln","barley",22.95
30057,"Montana","Madison","barley",0
30057,"Montana","Madison","canola",0
30057,"Montana","Madison","corn",0
30057,"Montana","Madison","dry peas",0
30057,"Montana","Madison","oats",0
30057,"Montana","Madison","sunflower",0
30057,"Montana","Madison","wheat",0
30055,"Montana","McCone","barley",0
30055,"Montana","McCone","canola",0
30055,"Montana","McCone","corn",0
30055,"Montana","McCone","dry peas",0
30055,"Montana","McCone","flaxseed",0
30055,"Montana","McCone","lentils",0
30055,"Montana","McCone","mustard",0
30055,"Montana","McCone","oats",0
30055,"Montana","McCone","safflower",0
30055,"Montana","McCone","soybeans",0
30055,"Montana","McCone","sunflower",0
30055,"Montana","McCone","wheat",0
30059,"Montana","Meagher","barley",0
30059,"Montana","Meagher","canola",0
30059,"Montana","Meagher","corn",0
30059,"Montana","Meagher","dry peas",0
30059,"Montana","Meagher","mustard",0
30059,"Montana","Meagher","oats",0
30059,"Montana","Meagher","wheat",0
30061,"Montana","Mineral","wheat",0
30063,"Montana","Missoula","barley",0
30063,"Montana","Missoula","oats",0
30063,"Montana","Missoula","wheat",0
30065,"Montana","Musselshell","barley",0
30065,"Montana","Musselshell","corn",0
30065,"Montana","Musselshell","dry peas",0
30065,"Montana","Musselshell","lentils",0
30065,"Montana","Musselshell","mustard",0
30065,"Montana","Musselshell","oats",0
30065,"Montana","Musselshell","safflower",0
30065,"Montana","Musselshell","soybeans",0
30065,"Montana","Musselshell","sunflower",0
30065,"Montana","Musselshell","wheat",0
30067,"Montana","Park","barley",0
30067,"Montana","Park","canola",0
30067,"Montana","Park","chickpeas_small",0
30067,"Montana","Park","dry peas",0
30067,"Montana","Park","flaxseed",0
30067,"Montana","Park","lentils",0
30067,"Montana","Park","mustard",0
30067,"Montana","Park","oats",0
30067,"Montana","Park","sunflower",0
30067,"Montana","Park","wheat",0
30069,"Montana","Petroleum","barley",0
30069,"Montana","Petroleum","corn",0
30069,"Montana","Petroleum","oats",0
30069,"Montana","Petroleum","safflower",0
30069,"Montana","Petroleum","sunflower",0
30069,"Montana","Petroleum","wheat",0
30071,"Montana","Phillips","barley",0
30071,"Montana","Phillips","canola",0
30071,"Montana","Phillips","corn",0
30071,"Montana","Phillips","dry peas",0
30071,"Montana","Phillips","flaxseed",0
30071,"Montana","Phillips","grain sorghum",0
30071,"Montana","Phillips","lentils",0
30071,"Montana","Phillips","mustard",0
30071,"Montana","Phillips","oats",0
30071,"Montana","Phillips","safflower",0
30071,"Montana","Phillips","soybeans",0
30071,"Montana","Phillips","wheat",0
30073,"Montana","Pondera","barley",0
30073,"Montana","Pondera","canola",0
30073,"Montana","Pondera","chickpeas_large",0
30073,"Montana","Pondera","corn",0
30073,"Montana","Pondera","dry peas",0
30073,"Montana","Pondera","flaxseed",0
30073,"Montana","Pondera","grain sorghum",0
30073,"Montana","Pondera","lentils",0
30073,"Montana","Pondera","mustard",0
30073,"Montana","Pondera","oats",0
30073,"Montana","Pondera","safflower",0
30073,"Montana","Pondera","soybeans",0
30073,"Montana","Pondera","sunflower",0
30073,"Montana","Pondera","wheat",0
30075,"Montana","Powder River","barley",0
30075,"Montana","Powder River","corn",0
30075,"Montana","Powder River","dry peas",0
30075,"Montana","Powder River","oats",0
30075,"Montana","Powder River","wheat",0
30077,"Montana","Powell","barley",0
30077,"Montana","Powell","corn",0
30077,"Montana","Powell","oats",0
30077,"Montana","Powell","wheat",0
30079,"Montana","Prairie","barley",0
30079,"Montana","Prairie","canola",0
30079,"Montana","Prairie","corn",0
30079,"Montana","Prairie","dry peas",0
30079,"Montana","Prairie","lentils",0
30079,"Montana","Prairie","oats",0
30079,"Montana","Prairie","safflower",0
30079,"Montana","Prairie","soybeans",0
30079,"Montana","Prairie","wheat",0
30081,"Montana","Ravalli","barley",0
30081,"Montana","Ravalli","canola",0
30081,"Montana","Ravalli","corn",0
30081,"Montana","Ravalli","oats",0
30081,"Montana","Ravalli","soybeans",0
30081,"Montana","Ravalli","wheat",0
30083,"Montana","Richland","barley",0
30083,"Montana","Richland","canola",0
30083,"Montana","Richland","chickpeas_small",0
30083,"Montana","Richland","corn",0
30083,"Montana","Richland","dry peas",0
30083,"Montana","Richland","flaxseed",0
30083,"Montana","Richland","lentils",0
30083,"Montana","Richland","mustard",0
30083,"Montana","Richland","oats",0
30083,"Montana","Richland","safflower",0
30083,"Montana","Richland","soybeans",0
30083,"Montana","Richland","wheat",0
30085,"Montana","Roosevelt","barley",1058.13469026914
30085,"Montana","Roosevelt","canola",1111.43346593318
30085,"Montana","Roosevelt","corn",206.16508395335
30085,"Montana","Roosevelt","dry peas",4424.56666003369
30085,"Montana","Roosevelt","flaxseed",54.323799922358
30085,"Montana","Roosevelt","grain sorghum",13.1426113979276
30085,"Montana","Roosevelt","lentils",2695.76177578332
30085,"Montana","Roosevelt","mustard",1284.49584156595
30085,"Montana","Roosevelt","oats",350.85108432148
30085,"Montana","Roosevelt","safflower",88.3129509260582
30085,"Montana","Roosevelt","soybeans",414.57108790742
30085,"Montana","Roosevelt","wheat",30793.6621146529
30087,"Montana","Rosebud","barley",0
30087,"Montana","Rosebud","canola",0
30087,"Montana","Rosebud","corn",0
30087,"Montana","Rosebud","dry peas",0
30087,"Montana","Rosebud","flaxseed",0
30087,"Montana","Rosebud","lentils",0
30087,"Montana","Rosebud","mustard",0
30087,"Montana","Rosebud","oats",0
30087,"Montana","Rosebud","safflower",0
30087,"Montana","Rosebud","soybeans",0
30087,"Montana","Rosebud","sunflower",0
30087,"Montana","Rosebud","wheat",0
30089,"Montana","Sanders","barley",0
30089,"Montana","Sanders","canola",0
30089,"Montana","Sanders","oats",0
30089,"Montana","Sanders","wheat",0
30091,"Montana","Sheridan","barley",1266.36580372388
30091,"Montana","Sheridan","canola",2809.17327196994
30091,"Montana","Sheridan","corn",287.153630373528
30091,"Montana","Sheridan","dry peas",14876.9805600104
30091,"Montana","Sheridan","lentils",14083.713881804
30091,"Montana","Sheridan","mustard",1460.2198980794
30091,"Montana","Sheridan","oats",479.031371971156
30091,"Montana","Sheridan","safflower",118.598700463427
30091,"Montana","Sheridan","soybeans",1185.33534065022
30091,"Montana","Sheridan","wheat",55109.9402076207
30093,"Montana","Silver Bow","barley",0
30093,"Montana","Silver Bow","oats",0
30095,"Montana","Stillwater","barley",0
30095,"Montana","Stillwater","chickpeas_small",0
30095,"Montana","Stillwater","corn",0
30095,"Montana","Stillwater","dry peas",0
30095,"Montana","Stillwater","mustard",0
30095,"Montana","Stillwater","oats",0
30095,"Montana","Stillwater","safflower",0
30095,"Montana","Stillwater","sunflower",0
30095,"Montana","Stillwater","wheat",0
30097,"Montana","Sweet Grass","barley",0
30097,"Montana","Sweet Grass","oats",0
30097,"Montana","Sweet Grass","wheat",0
30099,"Montana","Teton","barley",0
30099,"Montana","Teton","canola",0
30099,"Montana","Teton","chickpeas_large",0
30099,"Montana","Teton","chickpeas_small",0
30099,"Montana","Teton","corn",0
30099,"Montana","Teton","dry peas",0
30099,"Montana","Teton","flaxseed",0
30099,"Montana","Teton","lentils",0
30099,"Montana","Teton","mustard",0
30099,"Montana","Teton","oats",0
30099,"Montana","Teton","safflower",0
30099,"Montana","Teton","sunflower",0
30099,"Montana","Teton","wheat",0
30101,"Montana","Toole","barley",0
30101,"Montana","Toole","canola",0
30101,"Montana","Toole","corn",0
30101,"Montana","Toole","dry peas",0
30101,"Montana","Toole","flaxseed",0
30101,"Montana","Toole","grain sorghum",0
30101,"Montana","Toole","lentils",0
30101,"Montana","Toole","mustard",0
30101,"Montana","Toole","oats",0
30101,"Montana","Toole","safflower",0
30101,"Montana","Toole","sunflower",0
30101,"Montana","Toole","wheat",0
30103,"Montana","Treasure","barley",0
30103,"Montana","Treasure","canola",0
30103,"Montana","Treasure","corn",0
30103,"Montana","Treasure","dry peas",0
30103,"Montana","Treasure","oats",0
30103,"Montana","Treasure","safflower",0
30103,"Montana","Treasure","soybeans",0
30103,"Montana","Treasure","sunflower",0
30103,"Montana","Treasure","wheat",0
30105,"Montana","Valley","barley",0
30105,"Montana","Valley","canola",0
30105,"Montana","Valley","corn",0
30105,"Montana","Valley","dry peas",0
30105,"Montana","Valley","flaxseed",0
30105,"Montana","Valley","lentils",0
30105,"Montana","Valley","mustard",0
30105,"Montana","Valley","oats",0
30105,"Montana","Valley","safflower",0
30105,"Montana","Valley","soybeans",0
30105,"Montana","Valley","sunflower",0
30105,"Montana","Valley","wheat",0
30107,"Montana","Wheatland","barley",0
30107,"Montana","Wheatland","canola",0
30107,"Montana","Wheatland","dry peas",0
30107,"Montana","Wheatland","grain sorghum",0
30107,"Montana","Wheatland","lentils",0
30107,"Montana","Wheatland","mustard",0
30107,"Montana","Wheatland","oats",0
30107,"Montana","Wheatland","wheat",0
30109,"Montana","Wibaux","barley",0
30109,"Montana","Wibaux","canola",0
30109,"Montana","Wibaux","corn",0
30109,"Montana","Wibaux","dry peas",0
30109,"Montana","Wibaux","flaxseed",0
30109,"Montana","Wibaux","lentils",0
30109,"Montana","Wibaux","mustard",0
30109,"Montana","Wibaux","oats",0
30109,"Montana","Wibaux","safflower",0
30109,"Montana","Wibaux","soybeans",0
30109,"Montana","Wibaux","sunflower",0
30109,"Montana","Wibaux","wheat",0
30111,"Montana","Yellowstone","barley",0
30111,"Montana","Yellowstone","canola",0
30111,"Montana","Yellowstone","corn",0
30111,"Montana","Yellowstone","dry peas",0
30111,"Montana","Yellowstone","flaxseed",0
30111,"Montana","Yellowstone","lentils",0
30111,"Montana","Yellowstone","oats",0
30111,"Montana","Yellowstone","safflower",0
30111,"Montana","Yellowstone","soybeans",0
30111,"Montana","Yellowstone","sunflower",0
30111,"Montana","Yellowstone","wheat",0
31001,"Nebraska","Adams","barley",226.791887960058
31001,"Nebraska","Adams","corn",14606.0342718533
31001,"Nebraska","Adams","dry peas",29.1400847250017
31001,"Nebraska","Adams","grain sorghum",166.215747759844
31001,"Nebraska","Adams","oats",14.4573909478959
31001,"Nebraska","Adams","soybeans",6869.28461747181
31001,"Nebraska","Adams","sunflower",0.362689679990164
31001,"Nebraska","Adams","wheat",214.36947626865
31003,"Nebraska","Antelope","barley",3.98247221441091
31003,"Nebraska","Antelope","corn",24073.9499206089
31003,"Nebraska","Antelope","grain sorghum",19.2155685258271
31003,"Nebraska","Antelope","oats",139.296006975642
31003,"Nebraska","Antelope","peanuts",7.52290251347618
31003,"Nebraska","Antelope","soybeans",12716.9204507456
31003,"Nebraska","Antelope","wheat",41.4691784162141
31005,"Nebraska","Arthur","corn",0
31005,"Nebraska","Arthur","oats",0
31005,"Nebraska","Arthur","wheat",0
31007,"Nebraska","Banner","barley",0
31007,"Nebraska","Banner","corn",0
31007,"Nebraska","Banner","dry peas",0
31007,"Nebraska","Banner","grain sorghum",0
31007,"Nebraska","Banner","lentils",0
31007,"Nebraska","Banner","oats",0
31007,"Nebraska","Banner","soybeans",0
31007,"Nebraska","Banner","sunflower",0
31007,"Nebraska","Banner","wheat",0
31009,"Nebraska","Blaine","corn",0
31009,"Nebraska","Blaine","oats",0
31009,"Nebraska","Blaine","soybeans",0
31011,"Nebraska","Boone","corn",19884.113461933
31011,"Nebraska","Boone","grain sorghum",12.7811191355539
31011,"Nebraska","Boone","oats",56.6184513567623
31011,"Nebraska","Boone","soybeans",12552.5220007192
31011,"Nebraska","Boone","wheat",22.1643001888404
31013,"Nebraska","Box Butte","barley",133.950421701622
31013,"Nebraska","Box Butte","corn",25503.0031027525
31013,"Nebraska","Box Butte","dry peas",1443.79412733884
31013,"Nebraska","Box Butte","grain sorghum",481.997018869823
31013,"Nebraska","Box Butte","oats",1277.00262792035
31013,"Nebraska","Box Butte","soybeans",183.208695693608
31013,"Nebraska","Box Butte","sunflower",3559.41709053868
31013,"Nebraska","Box Butte","wheat",22276.5167485179
31015,"Nebraska","Boyd","barley",2.46817329731935
31015,"Nebraska","Boyd","corn",496.55110819412
31015,"Nebraska","Boyd","grain sorghum",1.89142159362903
31015,"Nebraska","Boyd","oats",35.9111599505206
31015,"Nebraska","Boyd","soybeans",303.555740689976
31015,"Nebraska","Boyd","wheat",20.458229607766
31017,"Nebraska","Brown","corn",0
31017,"Nebraska","Brown","grain sorghum",0
31017,"Nebraska","Brown","oats",0
31017,"Nebraska","Brown","soybeans",0
31019,"Nebraska","Buffalo","barley",4.36539150995507
31019,"Nebraska","Buffalo","corn",10798.9881880531
31019,"Nebraska","Buffalo","grain sorghum",53.4449845084577
31019,"Nebraska","Buffalo","oats",70.0645464492646
31019,"Nebraska","Buffalo","soybeans",4362.49567904204
31019,"Nebraska","Buffalo","wheat",121.665727103794
31021,"Nebraska","Burt","corn",6129.48186735942
31021,"Nebraska","Burt","dry peas",5.41447595025911
31021,"Nebraska","Burt","grain sorghum",2.24491778250831
31021,"Nebraska","Burt","oats",9.27714256764476
31021,"Nebraska","Burt","soybeans",5409.46881186409
31021,"Nebraska","Burt","wheat",2.81745114276462
31023,"Nebraska","Butler","barley",0.386609444613966
31023,"Nebraska","Butler","corn",3991.64538968148
31023,"Nebraska","Butler","dry peas",1.42441417249958
31023,"Nebraska","Butler","grain sorghum",10.202323621043
31023,"Nebraska","Butler","oats",5.75830604662214
31023,"Nebraska","Butler","soybeans",2960.48559861229
31023,"Nebraska","Butler","wheat",14.4241084214636
31025,"Nebraska","Cass","corn",3424.5637177497
31025,"Nebraska","Cass","grain sorghum",0.681474739037865
31025,"Nebraska","Cass","oats",2.73996516350716
31025,"Nebraska","Cass","soybeans",3429.35516562426
31025,"Nebraska","Cass","wheat",10.9836767235226
31027,"Nebraska","Cedar","barley",6.44814134386129
31027,"Nebraska","Cedar","corn",18837.3779444822
31027,"Nebraska","Cedar","dry peas",8.16226901007806
31027,"Nebraska","Cedar","grain sorghum",11.7012650957267
31027,"Nebraska","Cedar","oats",595.910935887779
31027,"Nebraska","Cedar","soybeans",12568.238281632
31027,"Nebraska","Cedar","sunflower",17.6049140115803
31027,"Nebraska","Cedar","wheat",27.2737485367473
31029,"Nebraska","Chase","barley",4.91584116101656
31029,"Nebraska","Chase","canola",1.77594790951591
31029,"Nebraska","Chase","corn",5169.32339878077
31029,"Nebraska","Chase","dry peas",112.65104307511
31029,"Nebraska","Chase","grain sorghum",141.337285632454
31029,"Nebraska","Chase","mustard",1.35407896470965
31029,"Nebraska","Chase","oats",179.442622466968
31029,"Nebraska","Chase","soybeans",452.103384590649
31029,"Nebraska","Chase","sunflower",2.35817259047442
31029,"Nebraska","Chase","wheat",1062.96122482833
31031,"Nebraska","Cherry","barley",107.586786976626
31031,"Nebraska","Cherry","corn",11837.0505006516
31031,"Nebraska","Cherry","dry peas",499.31759553259
31031,"Nebraska","Cherry","oats",1285.45063616877
31031,"Nebraska","Cherry","soybeans",2628.18014835749
31031,"Nebraska","Cherry","sunflower",124.935600834112
31031,"Nebraska","Cherry","wheat",878.95448147877
31033,"Nebraska","Cheyenne","barley",99.7123293788635
31033,"Nebraska","Cheyenne","canola",2.62152576038474
31033,"Nebraska","Cheyenne","corn",9397.63943504457
31033,"Nebraska","Cheyenne","dry peas",1230.8881067726
31033,"Nebraska","Cheyenne","grain sorghum",1801.40813036859
31033,"Nebraska","Cheyenne","oats",544.470245986527
31033,"Nebraska","Cheyenne","safflower",9.22972612700494
31033,"Nebraska","Cheyenne","soybeans",515.128223112111
31033,"Nebraska","Cheyenne","sunflower",458.38080660333
31033,"Nebraska","Cheyenne","wheat",19824.7274708459
31035,"Nebraska","Clay","corn",3558.97906368102
31035,"Nebraska","Clay","grain sorghum",43.7379173507065
31035,"Nebraska","Clay","oats",4.46500848383472
31035,"Nebraska","Clay","soybeans",1890.22661893663
31035,"Nebraska","Clay","wheat",34.1060582144972
31037,"Nebraska","Colfax","barley",0.108344877642371
31037,"Nebraska","Colfax","corn",4599.55174246266
31037,"Nebraska","Colfax","grain sorghum",6.49705227065348
31037,"Nebraska","Colfax","oats",11.064958987958
31037,"Nebraska","Colfax","soybeans",3261.98196239861
31037,"Nebraska","Colfax","wheat",47.041439002471
31039,"Nebraska","Cuming","barley",4.3249176505816
31039,"Nebraska","Cuming","corn",10076.1821045275
31039,"Nebraska","Cuming","grain sorghum",3.29436715771662
31039,"Nebraska","Cuming","oats",20.306461594638
31039,"Nebraska","Cuming","soybeans",7431.34577290139
31039,"Nebraska","Cuming","wheat",4.47137616816716
31041,"Nebraska","Custer","barley",5.17054274459324
31041,"Nebraska","Custer","corn",17411.4967916944
31041,"Nebraska","Custer","dry peas",13.7781012136157
31041,"Nebraska","Custer","grain sorghum",12.4001329958547
31041,"Nebraska","Custer","oats",279.04457175979
31041,"Nebraska","Custer","soybeans",6322.11710803212
31041,"Nebraska","Custer","wheat",220.417051559561
31043,"Nebraska","Dakota","corn",4253.05643346384
31043,"Nebraska","Dakota","oats",4.52556875812786
31043,"Nebraska","Dakota","soybeans",3657.24957524036
31043,"Nebraska","Dakota","wheat",4.7164225376727
31045,"Nebraska","Dawes, North Sioux","barley",945.418180860341
31045,"Nebraska","Dawes, North Sioux","corn",11663.2183832008
31045,"Nebraska","Dawes, North Sioux","dry peas",468.880681057581
31045,"Nebraska","Dawes, North Sioux","grain sorghum",159.914448469406
31045,"Nebraska","Dawes, North Sioux","oats",4965.11921578268
31045,"Nebraska","Dawes, North Sioux","safflower",44.5812904509021
31045,"Nebraska","Dawes, North Sioux","soybeans",698.938745138196
31045,"Nebraska","Dawes, North Sioux","sunflower",1718.83702026356
31045,"Nebraska","Dawes, North Sioux","wheat",29826.2200347765
31047,"Nebraska","Dawson","barley",10.9909590114946
31047,"Nebraska","Dawson","corn",7310.50896344017
31047,"Nebraska","Dawson","grain sorghum",35.8422617939622
31047,"Nebraska","Dawson","oats",75.3794862161526
31047,"Nebraska","Dawson","soybeans",2444.54902016742
31047,"Nebraska","Dawson","sunflower",0.848206188200131
31047,"Nebraska","Dawson","wheat",95.7861031825668
31049,"Nebraska","Deuel","barley",22.099747907822
31049,"Nebraska","Deuel","corn",9837.07073136483
31049,"Nebraska","Deuel","dry peas",673.175618603679
31049,"Nebraska","Deuel","grain sorghum",2151.33119322423
31049,"Nebraska","Deuel","oats",213.884657036949
31049,"Nebraska","Deuel","soybeans",168.025480611507
31049,"Nebraska","Deuel","sunflower",1172.2936027652
31049,"Nebraska","Deuel","wheat",11139.8888018191
31051,"Nebraska","Dixon","barley",6.21422952823355
31051,"Nebraska","Dixon","corn",15497.4667075295
31051,"Nebraska","Dixon","grain sorghum",2.01978257217446
31051,"Nebraska","Dixon","oats",64.1011914644412
31051,"Nebraska","Dixon","soybeans",12405.5452369864
31051,"Nebraska","Dixon","wheat",49.0753519192009
31053,"Nebraska","Dodge","corn",2127.27986799807
31053,"Nebraska","Dodge","grain sorghum",4.22648756002002
31053,"Nebraska","Dodge","oats",1.66550253275702
31053,"Nebraska","Dodge","soybeans",1716.41925420185
31053,"Nebraska","Dodge","wheat",4.19002937393118
31055,"Nebraska","Douglas","barley",0
31055,"Nebraska","Douglas","corn",0
31055,"Nebraska","Douglas","grain sorghum",0
31055,"Nebraska","Douglas","oats",0
31055,"Nebraska","Douglas","soybeans",0
31055,"Nebraska","Douglas","sunflower",0
31055,"Nebraska","Douglas","wheat",0
31057,"Nebraska","Dundy","barley",0
31057,"Nebraska","Dundy","corn",0
31057,"Nebraska","Dundy","dry peas",0
31057,"Nebraska","Dundy","grain sorghum",0
31057,"Nebraska","Dundy","oats",0
31057,"Nebraska","Dundy","soybeans",0
31057,"Nebraska","Dundy","sunflower",0
31057,"Nebraska","Dundy","wheat",0
31059,"Nebraska","Fillmore","barley",0.225824832275616
31059,"Nebraska","Fillmore","corn",6189.48565457308
31059,"Nebraska","Fillmore","dry peas",9.59497451648765
31059,"Nebraska","Fillmore","grain sorghum",49.8609615816042
31059,"Nebraska","Fillmore","oats",4.7858734097268
31059,"Nebraska","Fillmore","soybeans",3705.28971535394
31059,"Nebraska","Fillmore","wheat",41.8256623995733
31061,"Nebraska","Franklin","barley",3.97838749471232
31061,"Nebraska","Franklin","corn",3868.53859307018
31061,"Nebraska","Franklin","grain sorghum",71.216429911999
31061,"Nebraska","Franklin","oats",41.6008522754297
31061,"Nebraska","Franklin","soybeans",2030.55344959125
31061,"Nebraska","Franklin","wheat",187.995787656452
31063,"Nebraska","Frontier","barley",0.180088661732186
31063,"Nebraska","Frontier","corn",2021.96608348547
31063,"Nebraska","Frontier","grain sorghum",243.715390003259
31063,"Nebraska","Frontier","oats",41.9315387627024
31063,"Nebraska","Frontier","soybeans",336.362154648892
31063,"Nebraska","Frontier","sunflower",1.75967988963738
31063,"Nebraska","Frontier","wheat",525.234564548311
31065,"Nebraska","Furnas","barley",20.0354231314468
31065,"Nebraska","Furnas","corn",12001.119715761
31065,"Nebraska","Furnas","dry peas",34.4389479969991
31065,"Nebraska","Furnas","grain sorghum",1092.01425293769
31065,"Nebraska","Furnas","oats",309.244980743224
31065,"Nebraska","Furnas","soybeans",4701.36749449261
31065,"Nebraska","Furnas","wheat",2718.91918493699
31067,"Nebraska","Gage","corn",10126.4225073959
31067,"Nebraska","Gage","grain sorghum",57.7842675698247
31067,"Nebraska","Gage","oats",33.2838390815289
31067,"Nebraska","Gage","soybeans",9853.22120287915
31067,"Nebraska","Gage","wheat",205.071183073645
31069,"Nebraska","Garden","barley",26.5868656497407
31069,"Nebraska","Garden","corn",6432.59202211544
31069,"Nebraska","Garden","dry peas",870.156767996718
31069,"Nebraska","Garden","grain sorghum",906.339142004578
31069,"Nebraska","Garden","oats",272.130988267969
31069,"Nebraska","Garden","soybeans",435.076673975484
31069,"Nebraska","Garden","sunflower",66.0154330815925
31069,"Nebraska","Garden","wheat",4713.91677357513
31071,"Nebraska","Garfield","corn",0
31071,"Nebraska","Garfield","grain sorghum",0
31071,"Nebraska","Garfield","oats",0
31071,"Nebraska","Garfield","soybeans",0
31071,"Nebraska","Garfield","wheat",0
31073,"Nebraska","Gosper","barley",23.6802179211346
31073,"Nebraska","Gosper","chickpeas_large",0.397056611403266
31073,"Nebraska","Gosper","corn",7000.32804181133
31073,"Nebraska","Gosper","dry peas",10.6555319049896
31073,"Nebraska","Gosper","grain sorghum",201.29429294017
31073,"Nebraska","Gosper","oats",113.286881259321
31073,"Nebraska","Gosper","soybeans",2736.55930956364
31073,"Nebraska","Gosper","wheat",758.43116798799
31077,"Nebraska","Greeley","corn",5959.08625255487
31077,"Nebraska","Greeley","grain sorghum",16.1457451296115
31077,"Nebraska","Greeley","oats",61.7738278763064
31077,"Nebraska","Greeley","soybeans",3029.41364200849
31077,"Nebraska","Greeley","wheat",17.0068657640439
31079,"Nebraska","Hall","corn",4476.68016894149
31079,"Nebraska","Hall","grain sorghum",34.3393227021148
31079,"Nebraska","Hall","oats",4.03939752316307
31079,"Nebraska","Hall","soybeans",1014.10995722283
31079,"Nebraska","Hall","wheat",11.8543536103987
31081,"Nebraska","Hamilton","barley",0.578252103073809
31081,"Nebraska","Hamilton","corn",4703.10056907611
31081,"Nebraska","Hamilton","dry peas",4.77535260456423
31081,"Nebraska","Hamilton","grain sorghum",21.7311059587362
31081,"Nebraska","Hamilton","oats",3.05264276304585
31081,"Nebraska","Hamilton","soybeans",1934.99356873246
31081,"Nebraska","Hamilton","wheat",22.0025087619539
31083,"Nebraska","Harlan","barley",4.81774562055963
31083,"Nebraska","Harlan","corn",13220.6052774878
31083,"Nebraska","Harlan","grain sorghum",802.488647163639
31083,"Nebraska","Harlan","oats",111.200437595991
31083,"Nebraska","Harlan","soybeans",6444.88527030558
31083,"Nebraska","Harlan","wheat",1879.81662182641
31085,"Nebraska","Hayes","barley",0
31085,"Nebraska","Hayes","corn",0
31085,"Nebraska","Hayes","grain sorghum",0
31085,"Nebraska","Hayes","oats",0
31085,"Nebraska","Hayes","soybeans",0
31085,"Nebraska","Hayes","wheat",0
31087,"Nebraska","Hitchcock","corn",0
31087,"Nebraska","Hitchcock","dry peas",0
31087,"Nebraska","Hitchcock","grain sorghum",0
31087,"Nebraska","Hitchcock","oats",0
31087,"Nebraska","Hitchcock","soybeans",0
31087,"Nebraska","Hitchcock","wheat",0
31089,"Nebraska","Holt","barley",7.19092290409153
31089,"Nebraska","Holt","corn",12127.2483067324
31089,"Nebraska","Holt","dry peas",5.54422767057844
31089,"Nebraska","Holt","grain sorghum",32.3683934478629
31089,"Nebraska","Holt","oats",346.591252445028
31089,"Nebraska","Holt","soybeans",5475.33569369735
31089,"Nebraska","Holt","wheat",125.200703102623
31091,"Nebraska","Hooker","oats",1058.46170099614
31091,"Nebraska","Hooker","wheat",394.54763233719
31093,"Nebraska","Howard","barley",0.0355331513052877
31093,"Nebraska","Howard","corn",2165.645091146
31093,"Nebraska","Howard","grain sorghum",17.6221628451999
31093,"Nebraska","Howard","oats",7.48187554018952
31093,"Nebraska","Howard","soybeans",959.724612467332
31093,"Nebraska","Howard","wheat",12.0670581832757
31095,"Nebraska","Jefferson","corn",3541.2908827105
31095,"Nebraska","Jefferson","dry peas",3.86351617988079
31095,"Nebraska","Jefferson","grain sorghum",29.8541067719397
31095,"Nebraska","Jefferson","oats",30.1687921326759
31095,"Nebraska","Jefferson","soybeans",2980.63529600481
31095,"Nebraska","Jefferson","sunflower",5.14645967035664
31095,"Nebraska","Jefferson","wheat",163.122446529806
31097,"Nebraska","Johnson","corn",2215.90240396766
31097,"Nebraska","Johnson","grain sorghum",8.15407757328623
31097,"Nebraska","Johnson","oats",12.1995319302356
31097,"Nebraska","Johnson","soybeans",2088.12099363583
31097,"Nebraska","Johnson","wheat",51.0456595596586
31099,"Nebraska","Kearney","barley",5.20039428977671
31099,"Nebraska","Kearney","corn",5722.66251007783
31099,"Nebraska","Kearney","grain sorghum",15.6446460651403
31099,"Nebraska","Kearney","oats",11.1740295508541
31099,"Nebraska","Kearney","soybeans",2918.34753456431
31099,"Nebraska","Kearney","sunflower",0.11200979787069
31099,"Nebraska","Kearney","wheat",156.999042320898
31101,"Nebraska","Keith","barley",20.2391102716424
31101,"Nebraska","Keith","corn",8889.82291380269
31101,"Nebraska","Keith","dry peas",51.5005060144767
31101,"Nebraska","Keith","grain sorghum",102.262335809583
31101,"Nebraska","Keith","oats",96.705759850453
31101,"Nebraska","Keith","soybeans",1542.7668849154
31101,"Nebraska","Keith","sunflower",12.4508667352806
31101,"Nebraska","Keith","wheat",2267.97212260047
31103,"Nebraska","Keya Paha","corn",2549.57200431466
31103,"Nebraska","Keya Paha","grain sorghum",5.99952221674987
31103,"Nebraska","Keya Paha","oats",113.071688100192
31103,"Nebraska","Keya Paha","soybeans",664.779769107601
31103,"Nebraska","Keya Paha","wheat",12.0760162607984
31105,"Nebraska","Kimball","barley",0
31105,"Nebraska","Kimball","corn",0
31105,"Nebraska","Kimball","dry peas",0
31105,"Nebraska","Kimball","grain sorghum",0
31105,"Nebraska","Kimball","oats",0
31105,"Nebraska","Kimball","soybeans",0
31105,"Nebraska","Kimball","sunflower",0
31105,"Nebraska","Kimball","wheat",0
31107,"Nebraska","Knox","barley",7.34617383654692
31107,"Nebraska","Knox","corn",11031.3466826857
31107,"Nebraska","Knox","dry peas",5.61078517175112
31107,"Nebraska","Knox","grain sorghum",8.05258899165109
31107,"Nebraska","Knox","oats",668.884143465138
31107,"Nebraska","Knox","soybeans",6586.55988589265
31107,"Nebraska","Knox","wheat",89.1192399565654
31109,"Nebraska","Lancaster","barley",0
31109,"Nebraska","Lancaster","corn",0
31109,"Nebraska","Lancaster","grain sorghum",0
31109,"Nebraska","Lancaster","oats",0
31109,"Nebraska","Lancaster","soybeans",0
31109,"Nebraska","Lancaster","sunflower",0
31109,"Nebraska","Lancaster","wheat",0
31111,"Nebraska","Lincoln","barley",4.68102260104819
31111,"Nebraska","Lincoln","corn",4004.59006241088
31111,"Nebraska","Lincoln","dry peas",10.246669390922
31111,"Nebraska","Lincoln","grain sorghum",31.178143219817
31111,"Nebraska","Lincoln","oats",51.2121225911831
31111,"Nebraska","Lincoln","soybeans",1073.28059082628
31111,"Nebraska","Lincoln","sunflower",2.64320248509702
31111,"Nebraska","Lincoln","wheat",179.0100198082
31113,"Nebraska","Logan","barley",0
31113,"Nebraska","Logan","corn",0
31113,"Nebraska","Logan","grain sorghum",0
31113,"Nebraska","Logan","oats",0
31113,"Nebraska","Logan","soybeans",0
31113,"Nebraska","Logan","wheat",0
31115,"Nebraska","Loup","corn",0
31115,"Nebraska","Loup","grain sorghum",0
31115,"Nebraska","Loup","oats",0
31115,"Nebraska","Loup","soybeans",0
31115,"Nebraska","Loup","wheat",0
31119,"Nebraska","Madison","barley",3.91161524439643
31119,"Nebraska","Madison","corn",7468.5121308061
31119,"Nebraska","Madison","grain sorghum",2.39196397065442
31119,"Nebraska","Madison","oats",19.1098886488433
31119,"Nebraska","Madison","soybeans",5444.3275374021
31119,"Nebraska","Madison","wheat",17.214530594563
31117,"Nebraska","McPherson","corn",0
31117,"Nebraska","McPherson","grain sorghum",0
31117,"Nebraska","McPherson","oats",0
31117,"Nebraska","McPherson","soybeans",0
31117,"Nebraska","McPherson","wheat",0
31121,"Nebraska","Merrick","corn",1545.40695373389
31121,"Nebraska","Merrick","dry peas",3.73577058412804
31121,"Nebraska","Merrick","grain sorghum",10.3355742525022
31121,"Nebraska","Merrick","oats",1.87854873167978
31121,"Nebraska","Merrick","soybeans",691.183405983478
31121,"Nebraska","Merrick","wheat",10.0872467142983
31123,"Nebraska","Morrill","barley",29.5503422267386
31123,"Nebraska","Morrill","corn",11876.2956141565
31123,"Nebraska","Morrill","dry peas",76.9725971491527
31123,"Nebraska","Morrill","grain sorghum",136.356373526087
31123,"Nebraska","Morrill","oats",317.477101293011
31123,"Nebraska","Morrill","soybeans",154.336745613189
31123,"Nebraska","Morrill","sunflower",65.1934553260502
31123,"Nebraska","Morrill","wheat",3508.60643737593
31125,"Nebraska","Nance","barley",0
31125,"Nebraska","Nance","corn",0
31125,"Nebraska","Nance","grain sorghum",0
31125,"Nebraska","Nance","oats",0
31125,"Nebraska","Nance","soybeans",0
31125,"Nebraska","Nance","wheat",0
31127,"Nebraska","Nemaha","barley",2.52281035243484
31127,"Nebraska","Nemaha","corn",5305.68433691151
31127,"Nebraska","Nemaha","grain sorghum",8.53124573659252
31127,"Nebraska","Nemaha","oats",10.0700110667144
31127,"Nebraska","Nemaha","soybeans",5275.27615384313
31127,"Nebraska","Nemaha","wheat",44.025275422938
31129,"Nebraska","Nuckolls","corn",6619.48614454793
31129,"Nebraska","Nuckolls","grain sorghum",65.2047857469895
31129,"Nebraska","Nuckolls","oats",29.4544398471446
31129,"Nebraska","Nuckolls","soybeans",3799.2107354296
31129,"Nebraska","Nuckolls","wheat",360.367727761663
31131,"Nebraska","Otoe","barley",5.52859703595186
31131,"Nebraska","Otoe","corn",7466.76481139692
31131,"Nebraska","Otoe","grain sorghum",3.80770843592475
31131,"Nebraska","Otoe","oats",14.1858780332792
31131,"Nebraska","Otoe","soybeans",7341.76674838928
31131,"Nebraska","Otoe","wheat",51.9735900419489
31133,"Nebraska","Pawnee","corn",11436.1413639387
31133,"Nebraska","Pawnee","grain sorghum",119.906082749399
31133,"Nebraska","Pawnee","oats",63.2862192714643
31133,"Nebraska","Pawnee","soybeans",11857.1544368682
31133,"Nebraska","Pawnee","wheat",239.332797172248
31135,"Nebraska","Perkins","barley",29.757872786057
31135,"Nebraska","Perkins","canola",0.477130709503247
31135,"Nebraska","Perkins","chickpeas_large",4.16950674852999
31135,"Nebraska","Perkins","corn",39227.6411220051
31135,"Nebraska","Perkins","dry peas",680.165525536353
31135,"Nebraska","Perkins","grain sorghum",1459.74785266239
31135,"Nebraska","Perkins","oats",291.441903457566
31135,"Nebraska","Perkins","soybeans",4638.97627796993
31135,"Nebraska","Perkins","sunflower",207.781573983568
31135,"Nebraska","Perkins","wheat",11120.351234141
31137,"Nebraska","Phelps","corn",6469.66434292802
31137,"Nebraska","Phelps","grain sorghum",26.6514098234417
31137,"Nebraska","Phelps","oats",10.5080564300906
31137,"Nebraska","Phelps","soybeans",2874.21493928284
31137,"Nebraska","Phelps","wheat",96.20691820238
31139,"Nebraska","Pierce","barley",22.771370227622
31139,"Nebraska","Pierce","corn",8314.45623791423
31139,"Nebraska","Pierce","dry peas",38.4355987737951
31139,"Nebraska","Pierce","grain sorghum",0.723665811480381
31139,"Nebraska","Pierce","oats",84.7629881145207
31139,"Nebraska","Pierce","soybeans",5615.5454071058
31139,"Nebraska","Pierce","wheat",47.2200653858663
31141,"Nebraska","Platte","barley",3.0298215063648
31141,"Nebraska","Platte","corn",9939.58766063492
31141,"Nebraska","Platte","grain sorghum",8.64697760469956
31141,"Nebraska","Platte","oats",14.0479233124411
31141,"Nebraska","Platte","sesame",0.969816951545939
31141,"Nebraska","Platte","soybeans",6134.05664870442
31141,"Nebraska","Platte","wheat",23.2561512855233
31143,"Nebraska","Polk","corn",1573.83964294052
31143,"Nebraska","Polk","dry peas",2.49327192111061
31143,"Nebraska","Polk","grain sorghum",4.22086393850464
31143,"Nebraska","Polk","oats",1.65326973623719
31143,"Nebraska","Polk","soybeans",1007.79312925993
31143,"Nebraska","Polk","wheat",8.24282220369744
31145,"Nebraska","Red Willow","barley",0
31145,"Nebraska","Red Willow","corn",0
31145,"Nebraska","Red Willow","dry peas",0
31145,"Nebraska","Red Willow","grain sorghum",0
31145,"Nebraska","Red Willow","oats",0
31145,"Nebraska","Red Willow","soybeans",0
31145,"Nebraska","Red Willow","sunflower",0
31145,"Nebraska","Red Willow","wheat",0
31147,"Nebraska","Richardson","barley",3.61326712174699
31147,"Nebraska","Richardson","corn",8314.67423102507
31147,"Nebraska","Richardson","grain sorghum",6.89364683716089
31147,"Nebraska","Richardson","oats",21.6147488435087
31147,"Nebraska","Richardson","soybeans",7883.5385904182
31147,"Nebraska","Richardson","wheat",88.3679490876668
31149,"Nebraska","Rock","corn",0
31149,"Nebraska","Rock","oats",0
31149,"Nebraska","Rock","soybeans",0
31149,"Nebraska","Rock","sunflower",0
31151,"Nebraska","Saline","barley",0.134152252097007
31151,"Nebraska","Saline","corn",3289.00525028649
31151,"Nebraska","Saline","grain sorghum",23.2796094448116
31151,"Nebraska","Saline","oats",8.53073939388402
31151,"Nebraska","Saline","soybeans",2616.07382805009
31151,"Nebraska","Saline","sunflower",2.67377718341875
31151,"Nebraska","Saline","wheat",54.8004767225918
31153,"Nebraska","Sarpy","corn",0
31153,"Nebraska","Sarpy","oats",0
31153,"Nebraska","Sarpy","soybeans",0
31153,"Nebraska","Sarpy","wheat",0
31155,"Nebraska","Saunders","barley",0.468285155460155
31155,"Nebraska","Saunders","corn",2815.32547545313
31155,"Nebraska","Saunders","dry peas",0.00101047968194238
31155,"Nebraska","Saunders","grain sorghum",3.77619144226674
31155,"Nebraska","Saunders","oats",11.068852177693
31155,"Nebraska","Saunders","soybeans",2466.76111545492
31155,"Nebraska","Saunders","wheat",18.1957365035845
31157,"Nebraska","Scotts Bluff","barley",107.092026208213
31157,"Nebraska","Scotts Bluff","canola",0.11997531871887
31157,"Nebraska","Scotts Bluff","corn",12050.8423905798
31157,"Nebraska","Scotts Bluff","dry peas",46.7021067444446
31157,"Nebraska","Scotts Bluff","grain sorghum",5.40345983068129
31157,"Nebraska","Scotts Bluff","lentils",13.252702230103
31157,"Nebraska","Scotts Bluff","mustard",0.0685573249822113
31157,"Nebraska","Scotts Bluff","oats",239.201305875684
31157,"Nebraska","Scotts Bluff","soybeans",107.829017451771
31157,"Nebraska","Scotts Bluff","sunflower",123.074452594691
31157,"Nebraska","Scotts Bluff","wheat",1235.99258917429
31159,"Nebraska","Seward","barley",0.0848678823639422
31159,"Nebraska","Seward","corn",273.799758091069
31159,"Nebraska","Seward","dry peas",0.354593629025238
31159,"Nebraska","Seward","grain sorghum",2.51002643855002
31159,"Nebraska","Seward","oats",0.409380978716834
31159,"Nebraska","Seward","soybeans",204.81178666847
31159,"Nebraska","Seward","sunflower",0.0593404598663643
31159,"Nebraska","Seward","wheat",0.74602585190584
31161,"Nebraska","Sheridan","barley",0
31161,"Nebraska","Sheridan","chickpeas_large",0
31161,"Nebraska","Sheridan","corn",0
31161,"Nebraska","Sheridan","dry peas",0
31161,"Nebraska","Sheridan","grain sorghum",0
31161,"Nebraska","Sheridan","oats",0
31161,"Nebraska","Sheridan","safflower",0
31161,"Nebraska","Sheridan","soybeans",0
31161,"Nebraska","Sheridan","sunflower",0
31161,"Nebraska","Sheridan","wheat",0
31163,"Nebraska","Sherman","corn",3295.43911343928
31163,"Nebraska","Sherman","grain sorghum",7.19472190467834
31163,"Nebraska","Sherman","oats",19.2694286710915
31163,"Nebraska","Sherman","soybeans",1275.91258931557
31163,"Nebraska","Sherman","wheat",16.5491466693787
31165,"Nebraska","South Sioux","barley",32.6871806342498
31165,"Nebraska","South Sioux","corn",15489.3210140601
31165,"Nebraska","South Sioux","grain sorghum",9.21683896648184
31165,"Nebraska","South Sioux","oats",944.269626309738
31165,"Nebraska","South Sioux","soybeans",177.182330589589
31165,"Nebraska","South Sioux","sunflower",38.3502314832809
31165,"Nebraska","South Sioux","wheat",1507.82627795655
31167,"Nebraska","Stanton","barley",2.29725726778006
31167,"Nebraska","Stanton","corn",11600.7413538967
31167,"Nebraska","Stanton","grain sorghum",0.598088327982312
31167,"Nebraska","Stanton","oats",91.5355047150433
31167,"Nebraska","Stanton","soybeans",8662.97067359482
31167,"Nebraska","Stanton","wheat",29.6168555310217
31169,"Nebraska","Thayer","barley",1.29170696094205
31169,"Nebraska","Thayer","corn",11385.0415795799
31169,"Nebraska","Thayer","dry peas",2.39204992767047
31169,"Nebraska","Thayer","grain sorghum",87.0040748873988
31169,"Nebraska","Thayer","oats",32.2212387143477
31169,"Nebraska","Thayer","soybeans",6697.63237268964
31169,"Nebraska","Thayer","sunflower",0.326188626500518
31169,"Nebraska","Thayer","wheat",380.175888613534
31171,"Nebraska","Thomas","corn",361.319167977103
31171,"Nebraska","Thomas","oats",70.3854986895631
31173,"Nebraska","Thurston","barley",4.47158372860218
31173,"Nebraska","Thurston","corn",4174.80180241617
31173,"Nebraska","Thurston","dry peas",13.5122153167212
31173,"Nebraska","Thurston","grain sorghum",4.70337970997258
31173,"Nebraska","Thurston","oats",40.5151136331123
31173,"Nebraska","Thurston","soybeans",3262.92833488241
31173,"Nebraska","Thurston","wheat",11.9289036463419
31175,"Nebraska","Valley","barley",0.919343775233163
31175,"Nebraska","Valley","corn",2344.04881146844
31175,"Nebraska","Valley","grain sorghum",24.2651000746322
31175,"Nebraska","Valley","oats",25.8544371109587
31175,"Nebraska","Valley","soybeans",1064.58185576276
31175,"Nebraska","Valley","sunflower",4.4041723207784
31175,"Nebraska","Valley","wheat",15.7277794871968
31177,"Nebraska","Washington","corn",2001.74258392623
31177,"Nebraska","Washington","dry peas",1.12527380957606
31177,"Nebraska","Washington","grain sorghum",1.32849877934245
31177,"Nebraska","Washington","oats",2.69304790114781
31177,"Nebraska","Washington","soybeans",1840.03563347684
31177,"Nebraska","Washington","wheat",3.95776210685924
31179,"Nebraska","Wayne","barley",0.830265173340768
31179,"Nebraska","Wayne","corn",13732.7124432335
31179,"Nebraska","Wayne","grain sorghum",7.21755969855806
31179,"Nebraska","Wayne","oats",56.7797396473089
31179,"Nebraska","Wayne","soybeans",10875.2580291211
31179,"Nebraska","Wayne","wheat",8.7657964594949
31181,"Nebraska","Webster","barley",36.9413748219246
31181,"Nebraska","Webster","corn",9872.04928308283
31181,"Nebraska","Webster","grain sorghum",275.806343819617
31181,"Nebraska","Webster","oats",98.6890072410417
31181,"Nebraska","Webster","soybeans",5959.00515433479
31181,"Nebraska","Webster","sunflower",0.507772530572396
31181,"Nebraska","Webster","wheat",1274.92856416924
31183,"Nebraska","Wheeler","corn",0
31183,"Nebraska","Wheeler","grain sorghum",0
31183,"Nebraska","Wheeler","oats",0
31183,"Nebraska","Wheeler","soybeans",0
31183,"Nebraska","Wheeler","wheat",0
31185,"Nebraska","York","canola",0.120570244575483
31185,"Nebraska","York","corn",11294.3942750047
31185,"Nebraska","York","dry peas",5.66833653288374
31185,"Nebraska","York","grain sorghum",72.4799652331866
31185,"Nebraska","York","oats",2.71994749655178
31185,"Nebraska","York","soybeans",5610.15783696122
31185,"Nebraska","York","sunflower",0.0749377561771232
31185,"Nebraska","York","wheat",28.9520974373609
32001,"Nevada","Churchill","barley",22.0450313878572
32001,"Nevada","Churchill","chickpeas_large",0.799215639438931
32001,"Nevada","Churchill","corn",2623.86085106761
32001,"Nevada","Churchill","oats",183.168641724049
32001,"Nevada","Churchill","soybeans",8.20064743076469
32001,"Nevada","Churchill","wheat",1147.95627941695
32003,"Nevada","Clark","corn",0
32003,"Nevada","Clark","oats",0
32005,"Nevada","Douglas","wheat",442.387333333333
32007,"Nevada","Elko","barley",105.269676245833
32007,"Nevada","Elko","corn",270.995349620335
32007,"Nevada","Elko","oats",101.833307467165
32009,"Nevada","Esmeralda","wheat",282.4975
32011,"Nevada","Eureka","barley",0
32011,"Nevada","Eureka","wheat",0
32013,"Nevada","Humboldt","barley",0
32013,"Nevada","Humboldt","canola",0
32013,"Nevada","Humboldt","corn",0
32013,"Nevada","Humboldt","oats",0
32013,"Nevada","Humboldt","wheat",0
32015,"Nevada","Lander","corn",0
32015,"Nevada","Lander","wheat",0
32017,"Nevada","Lincoln","barley",1044.75040934363
32017,"Nevada","Lincoln","corn",408.285268877412
32017,"Nevada","Lincoln","oats",185.538817532257
32017,"Nevada","Lincoln","wheat",1068.6955042467
32019,"Nevada","Lyon","barley",29.6809760971944
32019,"Nevada","Lyon","corn",2195.72031933192
32019,"Nevada","Lyon","oats",175.255062701456
32019,"Nevada","Lyon","wheat",2495.31997520276
32023,"Nevada","Northwest Nye","corn",386.145901437837
32023,"Nevada","Northwest Nye","wheat",320.661598562163
32027,"Nevada","Pershing","barley",0
32027,"Nevada","Pershing","corn",0
32027,"Nevada","Pershing","wheat",0
32035,"Nevada","Southeast Nye","barley",128.081641606032
32035,"Nevada","Southeast Nye","corn",255.668260903722
32035,"Nevada","Southeast Nye","oats",18.6171433354424
32035,"Nevada","Southeast Nye","wheat",5.83265415480333
32031,"Nevada","Washoe","corn",0
32031,"Nevada","Washoe","wheat",0
32033,"Nevada","White Pine","barley",182.126894516761
32033,"Nevada","White Pine","corn",334.451011643693
32033,"Nevada","White Pine","oats",172.241882019476
32033,"Nevada","White Pine","wheat",115.097945153403
33001,"New Hampshire","Belknap","corn",453.719573
33003,"New Hampshire","Carroll","barley",0
33003,"New Hampshire","Carroll","corn",0
33003,"New Hampshire","Carroll","oats",0
33003,"New Hampshire","Carroll","soybeans",0
33005,"New Hampshire","Cheshire","corn",1162.91078113855
33005,"New Hampshire","Cheshire","soybeans",1.43120986145348
33007,"New Hampshire","Coos","barley",3.33061500392583
33007,"New Hampshire","Coos","corn",242.565627242589
33007,"New Hampshire","Coos","oats",3.3036070723881
33007,"New Hampshire","Coos","soybeans",4.55274336417175
33007,"New Hampshire","Coos","sunflower",0.116748983592465
33009,"New Hampshire","Grafton","barley",61.94710816619
33009,"New Hampshire","Grafton","corn",2569.64083271607
33009,"New Hampshire","Grafton","oats",11.2271074716898
33009,"New Hampshire","Grafton","soybeans",124.474452403517
33009,"New Hampshire","Grafton","sunflower",5.89446167504633
33009,"New Hampshire","Grafton","wheat",23.6607375674907
33011,"New Hampshire","Hillsborough","corn",0
33011,"New Hampshire","Hillsborough","oats",0
33013,"New Hampshire","Merrimack","barley",0
33013,"New Hampshire","Merrimack","corn",0
33013,"New Hampshire","Merrimack","oats",0
33013,"New Hampshire","Merrimack","wheat",0
33015,"New Hampshire","Rockingham","corn",0
33017,"New Hampshire","Strafford","barley",0
33017,"New Hampshire","Strafford","corn",0
33017,"New Hampshire","Strafford","oats",0
33017,"New Hampshire","Strafford","sunflower",0
33017,"New Hampshire","Strafford","wheat",0
33019,"New Hampshire","Sullivan","corn",924.929326527884
33019,"New Hampshire","Sullivan","oats",4.6752554280026
33019,"New Hampshire","Sullivan","wheat",23.8802680441131
34001,"New Jersey","Atlantic","barley",67.3097359629583
34001,"New Jersey","Atlantic","corn",823.879581903605
34001,"New Jersey","Atlantic","grain sorghum",65.2694095915811
34001,"New Jersey","Atlantic","safflower",21.8335956029846
34001,"New Jersey","Atlantic","soybeans",408.591131587645
34001,"New Jersey","Atlantic","wheat",6.85717935122637
34005,"New Jersey","Burlington","barley",11.4163922284234
34005,"New Jersey","Burlington","corn",1446.84604265937
34005,"New Jersey","Burlington","grain sorghum",98.6142659721886
34005,"New Jersey","Burlington","oats",13.8764281614086
34005,"New Jersey","Burlington","soybeans",4696.525864349
34005,"New Jersey","Burlington","sunflower",2.31697997255826
34005,"New Jersey","Burlington","wheat",434.808059990393
34007,"New Jersey","Camden","corn",389.400002193783
34007,"New Jersey","Camden","grain sorghum",113.777289266334
34007,"New Jersey","Camden","soybeans",100.724108539883
34009,"New Jersey","Cape May","corn",0
34009,"New Jersey","Cape May","soybeans",0
34011,"New Jersey","Cumberland","barley",23.1431963307378
34011,"New Jersey","Cumberland","corn",1334.33869219515
34011,"New Jersey","Cumberland","grain sorghum",26.4465529283037
34011,"New Jersey","Cumberland","oats",1.92703263701868
34011,"New Jersey","Cumberland","soybeans",2015.53663441144
34011,"New Jersey","Cumberland","wheat",622.275731497348
34015,"New Jersey","Gloucester","barley",40.1086928385896
34015,"New Jersey","Gloucester","corn",2943.36426981055
34015,"New Jersey","Gloucester","grain sorghum",56.4104456476072
34015,"New Jersey","Gloucester","oats",7.41403110046656
34015,"New Jersey","Gloucester","soybeans",4807.36614004084
34015,"New Jersey","Gloucester","wheat",1301.45517056194
34019,"New Jersey","Hunterdon","barley",0
34019,"New Jersey","Hunterdon","corn",0
34019,"New Jersey","Hunterdon","grain sorghum",0
34019,"New Jersey","Hunterdon","oats",0
34019,"New Jersey","Hunterdon","rice_short/medium grain",0
34019,"New Jersey","Hunterdon","soybeans",0
34019,"New Jersey","Hunterdon","sunflower",0
34019,"New Jersey","Hunterdon","wheat",0
34021,"New Jersey","Mercer","barley",0
34021,"New Jersey","Mercer","corn",0
34021,"New Jersey","Mercer","grain sorghum",0
34021,"New Jersey","Mercer","oats",0
34021,"New Jersey","Mercer","rice_long grain",0
34021,"New Jersey","Mercer","soybeans",0
34021,"New Jersey","Mercer","sunflower",0
34021,"New Jersey","Mercer","wheat",0
34023,"New Jersey","Middlesex","corn",0
34023,"New Jersey","Middlesex","oats",0
34023,"New Jersey","Middlesex","soybeans",0
34023,"New Jersey","Middlesex","wheat",0
34025,"New Jersey","Monmouth","barley",0
34025,"New Jersey","Monmouth","corn",0
34025,"New Jersey","Monmouth","grain sorghum",0
34025,"New Jersey","Monmouth","oats",0
34025,"New Jersey","Monmouth","soybeans",0
34025,"New Jersey","Monmouth","wheat",0
34027,"New Jersey","Morris, Bergen, Essex, Hudson, Passaic","corn",1355.07980395905
34027,"New Jersey","Morris, Bergen, Essex, Hudson, Passaic","oats",3.69453242875505
34027,"New Jersey","Morris, Bergen, Essex, Hudson, Passaic","soybeans",561.667627871031
34027,"New Jersey","Morris, Bergen, Essex, Hudson, Passaic","wheat",46.9325657411671
34029,"New Jersey","Ocean","corn",0
34029,"New Jersey","Ocean","grain sorghum",0
34029,"New Jersey","Ocean","oats",0
34029,"New Jersey","Ocean","soybeans",0
34033,"New Jersey","Salem","barley",135.476374548489
34033,"New Jersey","Salem","corn",5060.59016101315
34033,"New Jersey","Salem","grain sorghum",23.7632014322647
34033,"New Jersey","Salem","oats",1.77128031049864
34033,"New Jersey","Salem","soybeans",6460.36066312088
34033,"New Jersey","Salem","wheat",1758.27665290804
34035,"New Jersey","Somerset, Union","barley",16.6786465358832
34035,"New Jersey","Somerset, Union","corn",1233.50377376408
34035,"New Jersey","Somerset, Union","dry peas",2.22381953811776
34035,"New Jersey","Somerset, Union","grain sorghum",191.715482381132
34035,"New Jersey","Somerset, Union","oats",215.045573155525
34035,"New Jersey","Somerset, Union","soybeans",2082.54473050021
34035,"New Jersey","Somerset, Union","wheat",627.13712412505
34037,"New Jersey","Sussex","barley",0
34037,"New Jersey","Sussex","corn",0
34037,"New Jersey","Sussex","oats",0
34037,"New Jersey","Sussex","soybeans",0
34037,"New Jersey","Sussex","sunflower",0
34037,"New Jersey","Sussex","wheat",0
34041,"New Jersey","Warren","barley",1.39273155000922
34041,"New Jersey","Warren","corn",421.274037607107
34041,"New Jersey","Warren","grain sorghum",8.98360293518295
34041,"New Jersey","Warren","oats",3.75715979684278
34041,"New Jersey","Warren","soybeans",250.404263756705
34041,"New Jersey","Warren","wheat",15.7009960208172
35005,"New Mexico","Chaves","barley",2164.03305883951
35005,"New Mexico","Chaves","canola",13.2747822848924
35005,"New Mexico","Chaves","corn",8870.84983933029
35005,"New Mexico","Chaves","cotton",790.698951612587
35005,"New Mexico","Chaves","grain sorghum",270.95539477274
35005,"New Mexico","Chaves","oats",242.903960723611
35005,"New Mexico","Chaves","soybeans",6.01349140878477
35005,"New Mexico","Chaves","wheat",5371.80978102757
35007,"New Mexico","Colfax","barley",0
35007,"New Mexico","Colfax","oats",0
35007,"New Mexico","Colfax","wheat",0
35009,"New Mexico","Curry","barley",0
35009,"New Mexico","Curry","canola",0
35009,"New Mexico","Curry","corn",0
35009,"New Mexico","Curry","cotton",0
35009,"New Mexico","Curry","grain sorghum",0
35009,"New Mexico","Curry","oats",0
35009,"New Mexico","Curry","soybeans",0
35009,"New Mexico","Curry","wheat",0
35011,"New Mexico","DeBaca","corn",0
35011,"New Mexico","DeBaca","grain sorghum",0
35011,"New Mexico","DeBaca","oats",0
35011,"New Mexico","DeBaca","wheat",0
35013,"New Mexico","Dona Ana","barley",463.22111122482
35013,"New Mexico","Dona Ana","corn",5965.58277189091
35013,"New Mexico","Dona Ana","cotton",22505.2654665303
35013,"New Mexico","Dona Ana","oats",692.148814833593
35013,"New Mexico","Dona Ana","wheat",4803.74005552034
35015,"New Mexico","Eddy","barley",0
35015,"New Mexico","Eddy","corn",0
35015,"New Mexico","Eddy","cotton",0
35015,"New Mexico","Eddy","oats",0
35015,"New Mexico","Eddy","wheat",0
35017,"New Mexico","Grant","oats",0.620849157206742
35017,"New Mexico","Grant","wheat",10.3631508427933
35019,"New Mexico","Guadalupe","wheat",0
35021,"New Mexico","Harding","corn",0
35021,"New Mexico","Harding","cotton",0
35021,"New Mexico","Harding","oats",0
35021,"New Mexico","Harding","wheat",0
35023,"New Mexico","Hidalgo","barley",0
35023,"New Mexico","Hidalgo","corn",0
35023,"New Mexico","Hidalgo","cotton",0
35023,"New Mexico","Hidalgo","grain sorghum",0
35023,"New Mexico","Hidalgo","oats",0
35023,"New Mexico","Hidalgo","wheat",0
35025,"New Mexico","Lea","barley",431.272962922606
35025,"New Mexico","Lea","corn",2115.21945458147
35025,"New Mexico","Lea","cotton",5266.55891381136
35025,"New Mexico","Lea","grain sorghum",198.47609920571
35025,"New Mexico","Lea","oats",125.013361053276
35025,"New Mexico","Lea","peanuts",923.01211404306
35025,"New Mexico","Lea","sesame",40.2215001638197
35025,"New Mexico","Lea","wheat",3031.74906088536
35029,"New Mexico","Luna","barley",0
35029,"New Mexico","Luna","corn",0
35029,"New Mexico","Luna","cotton",0
35029,"New Mexico","Luna","grain sorghum",0
35029,"New Mexico","Luna","oats",0
35029,"New Mexico","Luna","soybeans",0
35029,"New Mexico","Luna","wheat",0
35033,"New Mexico","Mora","barley",6.95334696788306
35033,"New Mexico","Mora","oats",112.358412517182
35033,"New Mexico","Mora","wheat",238.790240514935
35035,"New Mexico","Otero","barley",122.418499464668
35035,"New Mexico","Otero","wheat",61.1110005353319
35037,"New Mexico","Quay","barley",0
35037,"New Mexico","Quay","corn",0
35037,"New Mexico","Quay","cotton",0
35037,"New Mexico","Quay","dry peas",0
35037,"New Mexico","Quay","grain sorghum",0
35037,"New Mexico","Quay","oats",0
35037,"New Mexico","Quay","soybeans",0
35037,"New Mexico","Quay","wheat",0
35039,"New Mexico","Rio Arriba","oats",0
35039,"New Mexico","Rio Arriba","wheat",0
35041,"New Mexico","Roosevelt","barley",0
35041,"New Mexico","Roosevelt","corn",0
35041,"New Mexico","Roosevelt","cotton",0
35041,"New Mexico","Roosevelt","dry peas",0
35041,"New Mexico","Roosevelt","grain sorghum",0
35041,"New Mexico","Roosevelt","oats",0
35041,"New Mexico","Roosevelt","peanuts",0
35041,"New Mexico","Roosevelt","wheat",0
35045,"New Mexico","San Juan","barley",373.813555505282
35045,"New Mexico","San Juan","corn",9083.6983059
35045,"New Mexico","San Juan","oats",249.724176735594
35045,"New Mexico","San Juan","wheat",2814.88656185912
35047,"New Mexico","San Miguel","wheat",205.196
35043,"New Mexico","Sandoval","barley",7.44857833341079
35043,"New Mexico","Sandoval","oats",5.28733280661802
35043,"New Mexico","Sandoval","wheat",91.0665888599712
35049,"New Mexico","Santa Fe","corn",0
35049,"New Mexico","Santa Fe","oats",0
35049,"New Mexico","Santa Fe","wheat",0
35051,"New Mexico","Sierra","barley",128.101512585465
35051,"New Mexico","Sierra","corn",829.344890819521
35051,"New Mexico","Sierra","cotton",344.205182656769
35051,"New Mexico","Sierra","oats",145.613545656339
35051,"New Mexico","Sierra","wheat",590.620368281906
35053,"New Mexico","Socorro","corn",1797.00900881711
35053,"New Mexico","Socorro","oats",172.047418112152
35053,"New Mexico","Socorro","soybeans",50.3764452719286
35053,"New Mexico","Socorro","wheat",250.721627798813
35057,"New Mexico","Torrance","barley",0
35057,"New Mexico","Torrance","corn",0
35057,"New Mexico","Torrance","oats",0
35057,"New Mexico","Torrance","wheat",0
35059,"New Mexico","Union","corn",0
35059,"New Mexico","Union","cotton",0
35059,"New Mexico","Union","grain sorghum",0
35059,"New Mexico","Union","oats",0
35059,"New Mexico","Union","sunflower",0
35059,"New Mexico","Union","wheat",0
35061,"New Mexico","Valencia","corn",615.6442181999
35061,"New Mexico","Valencia","oats",387.040724197392
35061,"New Mexico","Valencia","wheat",126.146557602708
36001,"New York","Albany","barley",0
36001,"New York","Albany","corn",0
36001,"New York","Albany","grain sorghum",0
36001,"New York","Albany","oats",0
36001,"New York","Albany","soybeans",0
36001,"New York","Albany","sunflower",0
36001,"New York","Albany","wheat",0
36003,"New York","Allegany","barley",1.93375683625014
36003,"New York","Allegany","corn",197.587432004029
36003,"New York","Allegany","dry peas",0.263629426202258
36003,"New York","Allegany","oats",11.4559817205625
36003,"New York","Allegany","soybeans",10.650068897666
36003,"New York","Allegany","sunflower",0.100622452673481
36003,"New York","Allegany","wheat",12.2799286626143
36007,"New York","Broome","barley",3.20571484916528
36007,"New York","Broome","corn",479.153327437959
36007,"New York","Broome","grain sorghum",0.298260363714394
36007,"New York","Broome","oats",15.0862116710724
36007,"New York","Broome","soybeans",57.7851030406101
36007,"New York","Broome","wheat",0.935275970811976
36009,"New York","Cattaraugus","barley",8.8900465480797
36009,"New York","Cattaraugus","corn",3282.49135516143
36009,"New York","Cattaraugus","grain sorghum",2.38141543685311
36009,"New York","Cattaraugus","oats",212.087602423893
36009,"New York","Cattaraugus","soybeans",719.060681539475
36009,"New York","Cattaraugus","sunflower",0.304101611540595
36009,"New York","Cattaraugus","wheat",236.542797278723
36011,"New York","Cayuga","barley",17.8992673065176
36011,"New York","Cayuga","corn",5336.37755828951
36011,"New York","Cayuga","grain sorghum",5.37122601322399
36011,"New York","Cayuga","oats",82.4237001797184
36011,"New York","Cayuga","soybeans",2606.25532786643
36011,"New York","Cayuga","sunflower",7.97948758196049
36011,"New York","Cayuga","wheat",514.946112762641
36013,"New York","Chautauqua","barley",19.6266658196046
36013,"New York","Chautauqua","corn",14758.5503478382
36013,"New York","Chautauqua","oats",584.275126987064
36013,"New York","Chautauqua","soybeans",2376.73906477332
36013,"New York","Chautauqua","sunflower",2.94183220710388
36013,"New York","Chautauqua","wheat",577.167660374701
36015,"New York","Chemung","barley",0.0931825316080461
36015,"New York","Chemung","corn",154.436825183499
36015,"New York","Chemung","grain sorghum",0.749187554128691
36015,"New York","Chemung","oats",10.214274459446
36015,"New York","Chemung","soybeans",41.1421048326954
36015,"New York","Chemung","sunflower",0.0328879523322516
36015,"New York","Chemung","wheat",3.04060081962443
36017,"New York","Chenango","barley",3.66293447658073
36017,"New York","Chenango","corn",2514.18976663662
36017,"New York","Chenango","oats",127.451109304178
36017,"New York","Chenango","soybeans",173.522450467877
36017,"New York","Chenango","sunflower",0.0410029978721723
36017,"New York","Chenango","wheat",12.0542601168751
36019,"New York","Clinton","corn",23962.88872422
36019,"New York","Clinton","grain sorghum",5.10651334613055
36019,"New York","Clinton","oats",293.026325839103
36019,"New York","Clinton","soybeans",949.650019291623
36019,"New York","Clinton","wheat",56.3613173031495
36021,"New York","Columbia","barley",0
36021,"New York","Columbia","corn",0
36021,"New York","Columbia","dry peas",0
36021,"New York","Columbia","oats",0
36021,"New York","Columbia","safflower",0
36021,"New York","Columbia","soybeans",0
36021,"New York","Columbia","sunflower",0
36021,"New York","Columbia","wheat",0
36023,"New York","Cortland","barley",7.64685431003622
36023,"New York","Cortland","corn",1749.08852843274
36023,"New York","Cortland","mustard",0.00216379578665428
36023,"New York","Cortland","oats",105.282946072923
36023,"New York","Cortland","rice_long grain",0.054094894666357
36023,"New York","Cortland","soybeans",134.596969492621
36023,"New York","Cortland","sunflower",0.621370023400887
36023,"New York","Cortland","wheat",33.8240229778224
36025,"New York","Delaware","barley",1.16885704058401
36025,"New York","Delaware","corn",324.92895213886
36025,"New York","Delaware","oats",17.2567256207111
36025,"New York","Delaware","soybeans",17.081512336521
36025,"New York","Delaware","wheat",0.153695863324657
36027,"New York","Dutchess","barley",0
36027,"New York","Dutchess","corn",0
36027,"New York","Dutchess","oats",0
36027,"New York","Dutchess","soybeans",0
36027,"New York","Dutchess","sunflower",0
36027,"New York","Dutchess","wheat",0
36029,"New York","Erie","barley",21.191701363743
36029,"New York","Erie","corn",6141.24906159207
36029,"New York","Erie","grain sorghum",5.28714037716828
36029,"New York","Erie","oats",380.245718362748
36029,"New York","Erie","soybeans",2107.35282584248
36029,"New York","Erie","sunflower",8.72628975343638
36029,"New York","Erie","wheat",473.418776041684
36031,"New York","Essex","barley",0
36031,"New York","Essex","corn",0
36031,"New York","Essex","oats",0
36031,"New York","Essex","soybeans",0
36031,"New York","Essex","sunflower",0
36031,"New York","Essex","wheat",0
36033,"New York","Franklin","barley",14.6612366750263
36033,"New York","Franklin","corn",6658.8801181989
36033,"New York","Franklin","oats",147.872978991613
36033,"New York","Franklin","soybeans",477.999852397389
36033,"New York","Franklin","sunflower",0.0888505949641008
36033,"New York","Franklin","wheat",13.1131631421018
36035,"New York","Fulton","corn",1932.92260845669
36035,"New York","Fulton","oats",71.9926654669885
36035,"New York","Fulton","soybeans",304.770053522989
36035,"New York","Fulton","sunflower",20.1095803868617
36035,"New York","Fulton","wheat",20.3118054998026
36037,"New York","Genesee","barley",23.9631144635751
36037,"New York","Genesee","corn",18004.9821821701
36037,"New York","Genesee","grain sorghum",31.4525525356673
36037,"New York","Genesee","oats",249.590476403895
36037,"New York","Genesee","soybeans",5537.98471086348
36037,"New York","Genesee","sunflower",7.80846600783233
36037,"New York","Genesee","wheat",2841.02609755548
36039,"New York","Greene","corn",0
36039,"New York","Greene","oats",0
36039,"New York","Greene","soybeans",0
36043,"New York","Herkimer","barley",3.34646178157994
36043,"New York","Herkimer","corn",1068.94535428679
36043,"New York","Herkimer","oats",41.213985086442
36043,"New York","Herkimer","soybeans",145.353735895744
36043,"New York","Herkimer","sunflower",2.3115484972429
36043,"New York","Herkimer","wheat",30.9855811188705
36045,"New York","Jefferson","barley",10.8640663036345
36045,"New York","Jefferson","corn",3969.91715776228
36045,"New York","Jefferson","oats",89.3224515568993
36045,"New York","Jefferson","soybeans",966.137929005112
36045,"New York","Jefferson","wheat",294.792082038744
36049,"New York","Lewis","barley",102.365989866823
36049,"New York","Lewis","corn",18175.6270929073
36049,"New York","Lewis","oats",283.185727478903
36049,"New York","Lewis","soybeans",1125.45359949341
36049,"New York","Lewis","sunflower",0.737485878410011
36049,"New York","Lewis","wheat",145.476464375159
36051,"New York","Livingston","barley",17.2166216492937
36051,"New York","Livingston","corn",14028.8963125499
36051,"New York","Livingston","dry peas",6.43411190858332
36051,"New York","Livingston","grain sorghum",26.5229795419532
36051,"New York","Livingston","oats",282.358072681345
36051,"New York","Livingston","soybeans",5498.56633433618
36051,"New York","Livingston","sunflower",3.6096196474698
36051,"New York","Livingston","wheat",3344.74884768524
36053,"New York","Madison","barley",1.94542381606737
36053,"New York","Madison","corn",108.182060089819
36053,"New York","Madison","grain sorghum",0.13550984596479
36053,"New York","Madison","oats",6.13149198361965
36053,"New York","Madison","rice_short/medium grain",0.00826531539888931
36053,"New York","Madison","soybeans",19.8234415342267
36053,"New York","Madison","sunflower",0.163663576542257
36053,"New York","Madison","wheat",4.32917383836865
36055,"New York","Monroe","barley",16.1713519091229
36055,"New York","Monroe","corn",6442.554456039
36055,"New York","Monroe","oats",62.7851247180552
36055,"New York","Monroe","soybeans",4277.27994898259
36055,"New York","Monroe","sunflower",2.5589733611321
36055,"New York","Monroe","wheat",2361.36622832343
36057,"New York","Montgomery","barley",13.9206819988161
36057,"New York","Montgomery","corn",4240.76156761831
36057,"New York","Montgomery","oats",176.759490401152
36057,"New York","Montgomery","soybeans",1112.19013888837
36057,"New York","Montgomery","sunflower",10.8409008574181
36057,"New York","Montgomery","wheat",45.6998202359344
36063,"New York","Niagara","barley",3.05423426743806
36063,"New York","Niagara","corn",3319.74759756624
36063,"New York","Niagara","dry peas",0.0978764386296445
36063,"New York","Niagara","oats",120.536008689671
36063,"New York","Niagara","soybeans",2038.42815143647
36063,"New York","Niagara","sunflower",0.195752877259289
36063,"New York","Niagara","wheat",650.776525390962
36065,"New York","Oneida","barley",9.24715167721527
36065,"New York","Oneida","corn",5442.08216949984
36065,"New York","Oneida","grain sorghum",42.5603787545256
36065,"New York","Oneida","oats",198.426058588618
36065,"New York","Oneida","soybeans",1490.39396780098
36065,"New York","Oneida","sunflower",2.69592512001161
36065,"New York","Oneida","wheat",385.248901892139
36067,"New York","Onondaga","barley",0
36067,"New York","Onondaga","corn",0
36067,"New York","Onondaga","oats",0
36067,"New York","Onondaga","soybeans",0
36067,"New York","Onondaga","sunflower",0
36067,"New York","Onondaga","wheat",0
36069,"New York","Ontario","barley",1.1381030061953
36069,"New York","Ontario","corn",965.38873715887
36069,"New York","Ontario","grain sorghum",0.455114161047792
36069,"New York","Ontario","oats",25.2715518442805
36069,"New York","Ontario","soybeans",603.487070887546
36069,"New York","Ontario","sunflower",0.674589995031501
36069,"New York","Ontario","wheat",216.474409613683
36071,"New York","Orange, Rockland","barley",55.5394482710991
36071,"New York","Orange, Rockland","corn",7622.13931837912
36071,"New York","Orange, Rockland","oats",155.489427144014
36071,"New York","Orange, Rockland","soybeans",2886.51881384782
36071,"New York","Orange, Rockland","wheat",21.9041823579513
36073,"New York","Orleans","barley",86.0069441338373
36073,"New York","Orleans","corn",12758.4271863734
36073,"New York","Orleans","grain sorghum",19.3813698213698
36073,"New York","Orleans","oats",77.4507784322081
36073,"New York","Orleans","soybeans",6964.78832957563
36073,"New York","Orleans","sunflower",12.5639442930159
36073,"New York","Orleans","wheat",1727.65565603716
36075,"New York","Oswego","barley",4.85927593884791
36075,"New York","Oswego","corn",2185.63943450511
36075,"New York","Oswego","oats",51.1241971670968
36075,"New York","Oswego","soybeans",1758.12218787844
36075,"New York","Oswego","sunflower",3.36478497054504
36075,"New York","Oswego","wheat",75.6452262066248
36077,"New York","Otsego","barley",24.7062051303099
36077,"New York","Otsego","corn",9307.56549473842
36077,"New York","Otsego","oats",690.422297304312
36077,"New York","Otsego","soybeans",2192.79895427835
36077,"New York","Otsego","sunflower",59.6880626376112
36077,"New York","Otsego","wheat",117.74016391099
36083,"New York","Rensselaer","barley",0
36083,"New York","Rensselaer","corn",0
36083,"New York","Rensselaer","oats",0
36083,"New York","Rensselaer","soybeans",0
36083,"New York","Rensselaer","sunflower",0
36083,"New York","Rensselaer","wheat",0
36091,"New York","Saratoga","barley",12.1820362415429
36091,"New York","Saratoga","corn",1771.55362973866
36091,"New York","Saratoga","oats",88.6315459830155
36091,"New York","Saratoga","soybeans",163.572999146709
36091,"New York","Saratoga","sunflower",5.18487768944481
36091,"New York","Saratoga","wheat",1.92949120062924
36093,"New York","Schenectady","corn",27.3899871264175
36093,"New York","Schenectady","grain sorghum",2.0048238203619
36093,"New York","Schenectady","oats",2.18190349981655
36093,"New York","Schenectady","soybeans",10.1270632703222
36093,"New York","Schenectady","sunflower",0.126138949748513
36095,"New York","Schoharie","barley",0
36095,"New York","Schoharie","corn",0
36095,"New York","Schoharie","grain sorghum",0
36095,"New York","Schoharie","oats",0
36095,"New York","Schoharie","soybeans",0
36095,"New York","Schoharie","wheat",0
36097,"New York","Schuyler","barley",0
36097,"New York","Schuyler","corn",0
36097,"New York","Schuyler","dry peas",0
36097,"New York","Schuyler","oats",0
36097,"New York","Schuyler","soybeans",0
36097,"New York","Schuyler","wheat",0
36099,"New York","Seneca","barley",0
36099,"New York","Seneca","corn",0
36099,"New York","Seneca","grain sorghum",0
36099,"New York","Seneca","oats",0
36099,"New York","Seneca","soybeans",0
36099,"New York","Seneca","sunflower",0
36099,"New York","Seneca","wheat",0
36089,"New York","St. Lawrence","barley",4.18952409822245
36089,"New York","St. Lawrence","corn",3020.29820997776
36089,"New York","St. Lawrence","grain sorghum",0.926896487598937
36089,"New York","St. Lawrence","oats",39.4683090079072
36089,"New York","St. Lawrence","soybeans",495.557859158886
36089,"New York","St. Lawrence","sunflower",0.000220918333831871
36089,"New York","St. Lawrence","wheat",3.14328368462956
36101,"New York","Steuben","barley",179.446762077601
36101,"New York","Steuben","corn",10668.4576742191
36101,"New York","Steuben","dry peas",22.5047586844598
36101,"New York","Steuben","grain sorghum",7.12575525479889
36101,"New York","Steuben","oats",1265.58624848059
36101,"New York","Steuben","soybeans",1601.47240266296
36101,"New York","Steuben","sunflower",9.16225802241511
36101,"New York","Steuben","wheat",904.012798931388
36103,"New York","Suffolk, Nassau","barley",26.7082872981538
36103,"New York","Suffolk, Nassau","corn",722.053705252334
36103,"New York","Suffolk, Nassau","grain sorghum",33.0183154083609
36103,"New York","Suffolk, Nassau","oats",46.548171473873
36103,"New York","Suffolk, Nassau","sunflower",14.8379373878632
36103,"New York","Suffolk, Nassau","wheat",230.453472179415
36105,"New York","Sullivan","corn",0
36105,"New York","Sullivan","oats",0
36105,"New York","Sullivan","soybeans",0
36107,"New York","Tioga","barley",0
36107,"New York","Tioga","corn",0
36107,"New York","Tioga","grain sorghum",0
36107,"New York","Tioga","oats",0
36107,"New York","Tioga","soybeans",0
36107,"New York","Tioga","wheat",0
36109,"New York","Tompkins","barley",0
36109,"New York","Tompkins","corn",0
36109,"New York","Tompkins","oats",0
36109,"New York","Tompkins","soybeans",0
36109,"New York","Tompkins","sunflower",0
36109,"New York","Tompkins","wheat",0
36111,"New York","Ulster","barley",0
36111,"New York","Ulster","corn",0
36111,"New York","Ulster","oats",0
36111,"New York","Ulster","soybeans",0
36111,"New York","Ulster","sunflower",0
36111,"New York","Ulster","wheat",0
36113,"New York","Warren","corn",43.118
36115,"New York","Washington","barley",0
36115,"New York","Washington","corn",0
36115,"New York","Washington","flaxseed",0
36115,"New York","Washington","oats",0
36115,"New York","Washington","soybeans",0
36115,"New York","Washington","sunflower",0
36115,"New York","Washington","wheat",0
36117,"New York","Wayne","barley",0
36117,"New York","Wayne","corn",0
36117,"New York","Wayne","dry peas",0
36117,"New York","Wayne","oats",0
36117,"New York","Wayne","soybeans",0
36117,"New York","Wayne","sunflower",0
36117,"New York","Wayne","wheat",0
36119,"New York","Westchester","corn",3.88128221709006
36119,"New York","Westchester","sunflower",0.00898444957659737
36121,"New York","Wyoming","barley",21.9504772273292
36121,"New York","Wyoming","corn",28255.5702474799
36121,"New York","Wyoming","dry peas",15.2164981665955
36121,"New York","Wyoming","oats",706.32413408192
36121,"New York","Wyoming","soybeans",2100.06727332198
36121,"New York","Wyoming","sunflower",2.18634087423638
36121,"New York","Wyoming","wheat",2839.75912384799
36123,"New York","Yates","barley",29.4041875160066
36123,"New York","Yates","corn",1513.80436193049
36123,"New York","Yates","dry peas",1.01881689179619
36123,"New York","Yates","lentils",2.50878418777178
36123,"New York","Yates","oats",60.6510500276693
36123,"New York","Yates","soybeans",773.347426402161
36123,"New York","Yates","sunflower",6.30125669589623
36123,"New York","Yates","wheat",550.717383014875
37001,"North Carolina","Alamance","barley",35.3485114675531
37001,"North Carolina","Alamance","corn",851.776839518782
37001,"North Carolina","Alamance","cotton",108.976909339851
37001,"North Carolina","Alamance","grain sorghum",17.7948620038507
37001,"North Carolina","Alamance","oats",48.8237907083791
37001,"North Carolina","Alamance","soybeans",1194.88437780002
37001,"North Carolina","Alamance","sunflower",1.77572961164505
37001,"North Carolina","Alamance","wheat",437.002979549913
37003,"North Carolina","Alexander","barley",121.164714641774
37003,"North Carolina","Alexander","corn",1161.2736542222
37003,"North Carolina","Alexander","oats",11.8742208460942
37003,"North Carolina","Alexander","soybeans",1315.6694867644
37003,"North Carolina","Alexander","wheat",849.322973525533
37005,"North Carolina","Alleghany","corn",578.640255872709
37005,"North Carolina","Alleghany","soybeans",12.1013668537918
37005,"North Carolina","Alleghany","wheat",36.5253439401663
37007,"North Carolina","Anson","barley",13.9926681270564
37007,"North Carolina","Anson","corn",3853.67845378994
37007,"North Carolina","Anson","cotton",1079.39316353282
37007,"North Carolina","Anson","dry peas",0.412348401038431
37007,"North Carolina","Anson","grain sorghum",235.333230267557
37007,"North Carolina","Anson","oats",58.8256228921425
37007,"North Carolina","Anson","rapeseed",18.6393972675463
37007,"North Carolina","Anson","sesame",154.023373653337
37007,"North Carolina","Anson","soybeans",5741.35245469209
37007,"North Carolina","Anson","sunflower",24.0286659150576
37007,"North Carolina","Anson","wheat",3824.88004146141
37009,"North Carolina","Ashe","corn",474.775196056378
37009,"North Carolina","Ashe","soybeans",28.0930198808669
37009,"North Carolina","Ashe","sunflower",0.00284406275509338
37011,"North Carolina","Avery","corn",267.7692
37013,"North Carolina","Beaufort","corn",0
37013,"North Carolina","Beaufort","cotton",0
37013,"North Carolina","Beaufort","grain sorghum",0
37013,"North Carolina","Beaufort","oats",0
37013,"North Carolina","Beaufort","peanuts",0
37013,"North Carolina","Beaufort","soybeans",0
37013,"North Carolina","Beaufort","sunflower",0
37013,"North Carolina","Beaufort","wheat",0
37015,"North Carolina","Bertie","barley",24.6806601381912
37015,"North Carolina","Bertie","corn",1464.00533584745
37015,"North Carolina","Bertie","cotton",3995.94274774497
37015,"North Carolina","Bertie","grain sorghum",15.4420470252236
37015,"North Carolina","Bertie","oats",0.840534890440988
37015,"North Carolina","Bertie","peanuts",1158.13722293845
37015,"North Carolina","Bertie","soybeans",3448.58576611871
37015,"North Carolina","Bertie","sunflower",12.5060134865561
37015,"North Carolina","Bertie","wheat",818.813838476661
37017,"North Carolina","Bladen","barley",0
37017,"North Carolina","Bladen","canola",0
37017,"North Carolina","Bladen","corn",0
37017,"North Carolina","Bladen","cotton",0
37017,"North Carolina","Bladen","grain sorghum",0
37017,"North Carolina","Bladen","oats",0
37017,"North Carolina","Bladen","peanuts",0
37017,"North Carolina","Bladen","rapeseed",0
37017,"North Carolina","Bladen","rice_long grain",0
37017,"North Carolina","Bladen","rice_short/medium grain",0
37017,"North Carolina","Bladen","sesame",0
37017,"North Carolina","Bladen","soybeans",0
37017,"North Carolina","Bladen","sunflower",0
37017,"North Carolina","Bladen","wheat",0
37019,"North Carolina","Brunswick","corn",0
37019,"North Carolina","Brunswick","cotton",0
37019,"North Carolina","Brunswick","grain sorghum",0
37019,"North Carolina","Brunswick","oats",0
37019,"North Carolina","Brunswick","peanuts",0
37019,"North Carolina","Brunswick","soybeans",0
37019,"North Carolina","Brunswick","sunflower",0
37019,"North Carolina","Brunswick","wheat",0
37021,"North Carolina","Buncombe","barley",0
37021,"North Carolina","Buncombe","canola",0
37021,"North Carolina","Buncombe","corn",0
37021,"North Carolina","Buncombe","soybeans",0
37021,"North Carolina","Buncombe","sunflower",0
37021,"North Carolina","Buncombe","wheat",0
37023,"North Carolina","Burke","corn",289.791824141207
37023,"North Carolina","Burke","grain sorghum",6.32619999009054
37023,"North Carolina","Burke","oats",15.4451910351856
37023,"North Carolina","Burke","soybeans",404.769228353818
37023,"North Carolina","Burke","sunflower",1.8035219269995
37023,"North Carolina","Burke","wheat",139.095081219366
37025,"North Carolina","Cabarrus","barley",84.0312241295931
37025,"North Carolina","Cabarrus","corn",759.52089974098
37025,"North Carolina","Cabarrus","cotton",121.443914146275
37025,"North Carolina","Cabarrus","grain sorghum",9.74045492504647
37025,"North Carolina","Cabarrus","oats",43.7602287588378
37025,"North Carolina","Cabarrus","safflower",0.575554031024487
37025,"North Carolina","Cabarrus","soybeans",958.728707679016
37025,"North Carolina","Cabarrus","sunflower",2.00118290787114
37025,"North Carolina","Cabarrus","wheat",530.848417014689
37027,"North Carolina","Caldwell","barley",22.7390824200879
37027,"North Carolina","Caldwell","corn",762.85660300441
37027,"North Carolina","Caldwell","soybeans",722.945495950698
37027,"North Carolina","Caldwell","wheat",418.629485291471
37029,"North Carolina","Camden","corn",0
37029,"North Carolina","Camden","cotton",0
37029,"North Carolina","Camden","grain sorghum",0
37029,"North Carolina","Camden","oats",0
37029,"North Carolina","Camden","soybeans",0
37029,"North Carolina","Camden","sunflower",0
37029,"North Carolina","Camden","wheat",0
37031,"North Carolina","Carteret","corn",0
37031,"North Carolina","Carteret","cotton",0
37031,"North Carolina","Carteret","grain sorghum",0
37031,"North Carolina","Carteret","oats",0
37031,"North Carolina","Carteret","peanuts",0
37031,"North Carolina","Carteret","soybeans",0
37031,"North Carolina","Carteret","sunflower",0
37031,"North Carolina","Carteret","wheat",0
37033,"North Carolina","Caswell","barley",0
37033,"North Carolina","Caswell","corn",0
37033,"North Carolina","Caswell","grain sorghum",0
37033,"North Carolina","Caswell","oats",0
37033,"North Carolina","Caswell","soybeans",0
37033,"North Carolina","Caswell","sunflower",0
37033,"North Carolina","Caswell","wheat",0
37035,"North Carolina","Catawba","barley",38.2958656928043
37035,"North Carolina","Catawba","canola",62.7217324184724
37035,"North Carolina","Catawba","corn",1674.94409123357
37035,"North Carolina","Catawba","grain sorghum",6.74907226736664
37035,"North Carolina","Catawba","oats",42.1336776135848
37035,"North Carolina","Catawba","rapeseed",62.0534226090848
37035,"North Carolina","Catawba","soybeans",2818.72994033102
37035,"North Carolina","Catawba","sunflower",1.25779333356535
37035,"North Carolina","Catawba","wheat",1127.97055450053
37037,"North Carolina","Chatham","barley",58.996547259374
37037,"North Carolina","Chatham","corn",624.277996776957
37037,"North Carolina","Chatham","grain sorghum",14.4283796490915
37037,"North Carolina","Chatham","oats",40.4017774712561
37037,"North Carolina","Chatham","soybeans",525.915640232164
37037,"North Carolina","Chatham","sunflower",0.492754680003124
37037,"North Carolina","Chatham","wheat",181.822743931153
37039,"North Carolina","Cherokee","barley",54.9388577736079
37039,"North Carolina","Cherokee","corn",399.493855204512
37039,"North Carolina","Cherokee","soybeans",141.52728270298
37039,"North Carolina","Cherokee","wheat",54.5395043189005
37041,"North Carolina","Chowan","barley",12.3222417240535
37041,"North Carolina","Chowan","corn",625.631261045252
37041,"North Carolina","Chowan","cotton",2108.21191980704
37041,"North Carolina","Chowan","grain sorghum",62.9476231116475
37041,"North Carolina","Chowan","oats",5.66578272056872
37041,"North Carolina","Chowan","peanuts",708.743531190165
37041,"North Carolina","Chowan","soybeans",2660.99678283594
37041,"North Carolina","Chowan","sunflower",3.89758618230526
37041,"North Carolina","Chowan","wheat",624.881438049698
37043,"North Carolina","Clay","corn",0
37043,"North Carolina","Clay","soybeans",0
37045,"North Carolina","Cleveland","barley",32.754484470007
37045,"North Carolina","Cleveland","corn",1255.12026297536
37045,"North Carolina","Cleveland","cotton",17.0066841415451
37045,"North Carolina","Cleveland","grain sorghum",23.9918131044059
37045,"North Carolina","Cleveland","oats",53.0958427830924
37045,"North Carolina","Cleveland","soybeans",2712.26344128805
37045,"North Carolina","Cleveland","sunflower",0.288999957089812
37045,"North Carolina","Cleveland","wheat",1280.00547128045
37047,"North Carolina","Columbus","corn",3076.04883419692
37047,"North Carolina","Columbus","cotton",335.651586979466
37047,"North Carolina","Columbus","dry peas",0.168450005785008
37047,"North Carolina","Columbus","grain sorghum",38.1711831690878
37047,"North Carolina","Columbus","oats",55.6489626935252
37047,"North Carolina","Columbus","peanuts",383.522195616131
37047,"North Carolina","Columbus","sesame",1.14002351103399
37047,"North Carolina","Columbus","soybeans",4529.07716747175
37047,"North Carolina","Columbus","sunflower",6.49924767747969
37047,"North Carolina","Columbus","wheat",644.280168678813
37049,"North Carolina","Craven","corn",238.066860930193
37049,"North Carolina","Craven","cotton",76.3558366259102
37049,"North Carolina","Craven","grain sorghum",1.65311327816116
37049,"North Carolina","Craven","oats",0.822416265199729
37049,"North Carolina","Craven","peanuts",25.0601097587172
37049,"North Carolina","Craven","soybeans",310.678723070605
37049,"North Carolina","Craven","sunflower",0.0578272218692207
37049,"North Carolina","Craven","wheat",47.2675295160204
37051,"North Carolina","Cumberland","corn",0
37051,"North Carolina","Cumberland","cotton",0
37051,"North Carolina","Cumberland","dry peas",0
37051,"North Carolina","Cumberland","grain sorghum",0
37051,"North Carolina","Cumberland","mustard",0
37051,"North Carolina","Cumberland","oats",0
37051,"North Carolina","Cumberland","peanuts",0
37051,"North Carolina","Cumberland","rapeseed",0
37051,"North Carolina","Cumberland","soybeans",0
37051,"North Carolina","Cumberland","sunflower",0
37051,"North Carolina","Cumberland","wheat",0
37053,"North Carolina","Currituck","barley",0
37053,"North Carolina","Currituck","corn",0
37053,"North Carolina","Currituck","grain sorghum",0
37053,"North Carolina","Currituck","oats",0
37053,"North Carolina","Currituck","peanuts",0
37053,"North Carolina","Currituck","rapeseed",0
37053,"North Carolina","Currituck","soybeans",0
37053,"North Carolina","Currituck","sunflower",0
37053,"North Carolina","Currituck","wheat",0
37055,"North Carolina","Dare","corn",86.896570875733
37055,"North Carolina","Dare","rice_long grain",16.1792359202478
37055,"North Carolina","Dare","rice_short/medium grain",5.1653657985691
37055,"North Carolina","Dare","soybeans",177.745629266718
37055,"North Carolina","Dare","wheat",48.4596981387319
37057,"North Carolina","Davidson","barley",49.3832305304618
37057,"North Carolina","Davidson","corn",2291.44787291861
37057,"North Carolina","Davidson","cotton",211.365569869604
37057,"North Carolina","Davidson","grain sorghum",39.3782933972186
37057,"North Carolina","Davidson","oats",110.497088807796
37057,"North Carolina","Davidson","soybeans",3798.84716761821
37057,"North Carolina","Davidson","sunflower",0.970319555247096
37057,"North Carolina","Davidson","wheat",1000.59542396952
37059,"North Carolina","Davie","barley",111.749499507429
37059,"North Carolina","Davie","corn",2180.02066671424
37059,"North Carolina","Davie","grain sorghum",77.5100291382258
37059,"North Carolina","Davie","oats",3.99443321126773
37059,"North Carolina","Davie","soybeans",2787.09340304859
37059,"North Carolina","Davie","sunflower",2.43657207165969
37059,"North Carolina","Davie","wheat",814.11956297526
37061,"North Carolina","Duplin","barley",2.26028394223116
37061,"North Carolina","Duplin","corn",4531.18910845445
37061,"North Carolina","Duplin","cotton",382.201451914848
37061,"North Carolina","Duplin","grain sorghum",69.8265930361657
37061,"North Carolina","Duplin","oats",75.0882606889701
37061,"North Carolina","Duplin","peanuts",463.160219746264
37061,"North Carolina","Duplin","soybeans",5427.9809332011
37061,"North Carolina","Duplin","sunflower",0.540699315660456
37061,"North Carolina","Duplin","wheat",1893.13764970032
37063,"North Carolina","Durham","corn",0
37063,"North Carolina","Durham","cotton",0
37063,"North Carolina","Durham","oats",0
37063,"North Carolina","Durham","soybeans",0
37063,"North Carolina","Durham","wheat",0
37065,"North Carolina","Edgecombe","corn",1067.07799977285
37065,"North Carolina","Edgecombe","cotton",3047.45249807553
37065,"North Carolina","Edgecombe","grain sorghum",7.90235643118193
37065,"North Carolina","Edgecombe","oats",25.019594838895
37065,"North Carolina","Edgecombe","peanuts",800.969386064136
37065,"North Carolina","Edgecombe","soybeans",4368.85874588171
37065,"North Carolina","Edgecombe","sunflower",4.30153985149826
37065,"North Carolina","Edgecombe","wheat",1019.62171241753
37067,"North Carolina","Forsyth","barley",23.2670754561319
37067,"North Carolina","Forsyth","corn",529.817283859046
37067,"North Carolina","Forsyth","grain sorghum",7.34788724991667
37067,"North Carolina","Forsyth","oats",3.54551956619936
37067,"North Carolina","Forsyth","soybeans",1671.05173685426
37067,"North Carolina","Forsyth","sunflower",7.22305991108999
37067,"North Carolina","Forsyth","wheat",273.873297103358
37069,"North Carolina","Franklin","barley",3.73418451265971
37069,"North Carolina","Franklin","canola",36.6018696231697
37069,"North Carolina","Franklin","corn",526.447074334538
37069,"North Carolina","Franklin","cotton",37.096312598641
37069,"North Carolina","Franklin","grain sorghum",41.6125910492313
37069,"North Carolina","Franklin","oats",83.931589526271
37069,"North Carolina","Franklin","peanuts",0.211119972447192
37069,"North Carolina","Franklin","soybeans",3821.99395383989
37069,"North Carolina","Franklin","sunflower",2.0167235368018
37069,"North Carolina","Franklin","wheat",1453.65728100635
37071,"North Carolina","Gaston","barley",180.258411251476
37071,"North Carolina","Gaston","corn",476.495543793156
37071,"North Carolina","Gaston","oats",30.2769664613236
37071,"North Carolina","Gaston","soybeans",884.956184371318
37071,"North Carolina","Gaston","sunflower",1.63582560142745
37071,"North Carolina","Gaston","wheat",435.887101854632
37073,"North Carolina","Gates","corn",792.875986826905
37073,"North Carolina","Gates","cotton",2537.50928006501
37073,"North Carolina","Gates","grain sorghum",7.87936437435348
37073,"North Carolina","Gates","oats",11.66114383538
37073,"North Carolina","Gates","peanuts",610.059108124403
37073,"North Carolina","Gates","rapeseed",62.6916003567869
37073,"North Carolina","Gates","sesame",2.93431314564882
37073,"North Carolina","Gates","soybeans",3723.91737331832
37073,"North Carolina","Gates","sunflower",9.05749110233148
37073,"North Carolina","Gates","wheat",1118.76300551752
37075,"North Carolina","Graham","corn",0
37077,"North Carolina","Granville","corn",40.6804135126286
37077,"North Carolina","Granville","grain sorghum",1.90665599531373
37077,"North Carolina","Granville","oats",2.18771088000774
37077,"North Carolina","Granville","soybeans",138.612783990683
37077,"North Carolina","Granville","wheat",60.7221022880338
37079,"North Carolina","Greene","corn",1055.15583612604
37079,"North Carolina","Greene","cotton",758.928400709559
37079,"North Carolina","Greene","dry peas",2.77171398145658
37079,"North Carolina","Greene","grain sorghum",18.1998351521915
37079,"North Carolina","Greene","oats",15.6790295990814
37079,"North Carolina","Greene","peanuts",444.126415801915
37079,"North Carolina","Greene","sesame",8.65817222633538
37079,"North Carolina","Greene","soybeans",2949.53534865346
37079,"North Carolina","Greene","sunflower",0.903636631723718
37079,"North Carolina","Greene","wheat",766.529277784913
37081,"North Carolina","Guilford","barley",89.2959388354558
37081,"North Carolina","Guilford","corn",1071.66214291983
37081,"North Carolina","Guilford","grain sorghum",57.4122868912971
37081,"North Carolina","Guilford","oats",61.1489922267959
37081,"North Carolina","Guilford","soybeans",2092.75556726113
37081,"North Carolina","Guilford","sunflower",1.2797041556973
37081,"North Carolina","Guilford","wheat",899.944247709797
37083,"North Carolina","Halifax","barley",41.672028832882
37083,"North Carolina","Halifax","corn",906.1146392152
37083,"North Carolina","Halifax","cotton",5644.78520449898
37083,"North Carolina","Halifax","grain sorghum",12.8849969566473
37083,"North Carolina","Halifax","oats",10.9478399755339
37083,"North Carolina","Halifax","peanuts",1028.28457879875
37083,"North Carolina","Halifax","soybeans",3927.02903168769
37083,"North Carolina","Halifax","sunflower",8.14282914485483
37083,"North Carolina","Halifax","wheat",568.720470889462
37085,"North Carolina","Harnett","barley",12.1616315167292
37085,"North Carolina","Harnett","corn",827.666266013955
37085,"North Carolina","Harnett","cotton",808.783996289466
37085,"North Carolina","Harnett","dry peas",0.0174592263797005
37085,"North Carolina","Harnett","grain sorghum",12.5739020489752
37085,"North Carolina","Harnett","oats",33.0733617155942
37085,"North Carolina","Harnett","peanuts",128.044336740928
37085,"North Carolina","Harnett","rapeseed",30.8679122393105
37085,"North Carolina","Harnett","soybeans",2780.18881831839
37085,"North Carolina","Harnett","sunflower",3.17548409393993
37085,"North Carolina","Harnett","wheat",772.072131796343
37087,"North Carolina","Haywood","corn",744.738578854421
37087,"North Carolina","Haywood","oats",1.52578056324362
37087,"North Carolina","Haywood","soybeans",51.3150519030094
37087,"North Carolina","Haywood","wheat",118.648765345992
37089,"North Carolina","Henderson","chickpeas_large",0.0167623842300305
37089,"North Carolina","Henderson","corn",1192.1769731897
37089,"North Carolina","Henderson","dry peas",0.0307310377550559
37089,"North Carolina","Henderson","soybeans",206.292427734421
37089,"North Carolina","Henderson","sunflower",3.34409565389108
37091,"North Carolina","Hertford","corn",954.477422482209
37091,"North Carolina","Hertford","cotton",1739.49386888074
37091,"North Carolina","Hertford","grain sorghum",22.4121357299605
37091,"North Carolina","Hertford","peanuts",494.660727192536
37091,"North Carolina","Hertford","soybeans",1441.30584048611
37091,"North Carolina","Hertford","sunflower",11.3468143373668
37091,"North Carolina","Hertford","wheat",320.527857557733
37093,"North Carolina","Hoke","corn",199.068618104406
37093,"North Carolina","Hoke","cotton",152.597577974943
37093,"North Carolina","Hoke","oats",3.39103864283096
37093,"North Carolina","Hoke","peanuts",12.6960759757727
37093,"North Carolina","Hoke","rapeseed",3.33717179010103
37093,"North Carolina","Hoke","sesame",0.978888808695409
37093,"North Carolina","Hoke","soybeans",254.291986977168
37093,"North Carolina","Hoke","sunflower",0.118398932099349
37093,"North Carolina","Hoke","wheat",92.998576127312
37095,"North Carolina","Hyde","corn",2063.61203683552
37095,"North Carolina","Hyde","cotton",866.878263735206
37095,"North Carolina","Hyde","grain sorghum",3.3417411230608
37095,"North Carolina","Hyde","oats",16.4029085862466
37095,"North Carolina","Hyde","rapeseed",25.8198418267998
37095,"North Carolina","Hyde","soybeans",2220.5668957247
37095,"North Carolina","Hyde","sunflower",0.817906099327636
37095,"North Carolina","Hyde","wheat",502.318572735827
37097,"North Carolina","Iredell","barley",1029.66900293459
37097,"North Carolina","Iredell","canola",851.145588568598
37097,"North Carolina","Iredell","corn",10745.8693206486
37097,"North Carolina","Iredell","cotton",724.375179614634
37097,"North Carolina","Iredell","grain sorghum",76.132293405231
37097,"North Carolina","Iredell","oats",259.82964351226
37097,"North Carolina","Iredell","rapeseed",795.70983710212
37097,"North Carolina","Iredell","soybeans",9009.06450655751
37097,"North Carolina","Iredell","sunflower",2.75508487129172
37097,"North Carolina","Iredell","wheat",4844.69345611851
37099,"North Carolina","Jackson","corn",61.9523
37101,"North Carolina","Johnston","barley",2.83013967038818
37101,"North Carolina","Johnston","corn",263.763124477475
37101,"North Carolina","Johnston","cotton",200.858284698647
37101,"North Carolina","Johnston","dry peas",0.0896037640420801
37101,"North Carolina","Johnston","grain sorghum",10.7789820521966
37101,"North Carolina","Johnston","oats",23.7222935992658
37101,"North Carolina","Johnston","peanuts",85.5982525771755
37101,"North Carolina","Johnston","sesame",5.7783267195962
37101,"North Carolina","Johnston","soybeans",1539.35283242726
37101,"North Carolina","Johnston","sunflower",2.15871730182233
37101,"North Carolina","Johnston","wheat",307.369609378797
37103,"North Carolina","Jones","corn",1895.51572289948
37103,"North Carolina","Jones","cotton",1170.22154827404
37103,"North Carolina","Jones","grain sorghum",22.3489587764635
37103,"North Carolina","Jones","oats",11.6379467751489
37103,"North Carolina","Jones","peanuts",45.5826829881734
37103,"North Carolina","Jones","soybeans",2708.50947098608
37103,"North Carolina","Jones","sunflower",1.23266247859618
37103,"North Carolina","Jones","wheat",606.826006822019
37105,"North Carolina","Lee","corn",474.392288272635
37105,"North Carolina","Lee","cotton",93.4935002061546
37105,"North Carolina","Lee","grain sorghum",28.7161142759194
37105,"North Carolina","Lee","oats",96.1821557810191
37105,"North Carolina","Lee","soybeans",1234.52490495653
37105,"North Carolina","Lee","sunflower",3.80061719148316
37105,"North Carolina","Lee","wheat",394.292502649596
37107,"North Carolina","Lenoir","corn",748.849987120144
37107,"North Carolina","Lenoir","cotton",310.391333624323
37107,"North Carolina","Lenoir","grain sorghum",10.2844910951844
37107,"North Carolina","Lenoir","oats",2.83201069414937
37107,"North Carolina","Lenoir","peanuts",69.7861345650792
37107,"North Carolina","Lenoir","soybeans",1220.10690582766
37107,"North Carolina","Lenoir","sunflower",1.00168381399152
37107,"North Carolina","Lenoir","wheat",301.219453259475
37109,"North Carolina","Lincoln","barley",365.033646666178
37109,"North Carolina","Lincoln","corn",1445.69182442131
37109,"North Carolina","Lincoln","cotton",54.7957094674257
37109,"North Carolina","Lincoln","grain sorghum",2.23795296869591
37109,"North Carolina","Lincoln","oats",57.2764234361157
37109,"North Carolina","Lincoln","soybeans",2498.62442009274
37109,"North Carolina","Lincoln","sunflower",1.799845226519
37109,"North Carolina","Lincoln","wheat",1371.49951105435
37113,"North Carolina","Macon","corn",159.944093314466
37113,"North Carolina","Macon","soybeans",22.252573352201
37115,"North Carolina","Madison","corn",71.8662419852141
37115,"North Carolina","Madison","grain sorghum",0.601191348119213
37117,"North Carolina","Martin","corn",919.230915521741
37117,"North Carolina","Martin","cotton",5042.23109834875
37117,"North Carolina","Martin","grain sorghum",28.1248243903966
37117,"North Carolina","Martin","oats",9.90842015471818
37117,"North Carolina","Martin","peanuts",1345.95876054226
37117,"North Carolina","Martin","sesame",9.5213220395605
37117,"North Carolina","Martin","soybeans",3281.3609001764
37117,"North Carolina","Martin","sunflower",2.74152078260055
37117,"North Carolina","Martin","wheat",853.646238043559
37111,"North Carolina","McDowell","corn",0
37111,"North Carolina","McDowell","grain sorghum",0
37111,"North Carolina","McDowell","oats",0
37111,"North Carolina","McDowell","rice_short/medium grain",0
37111,"North Carolina","McDowell","soybeans",0
37111,"North Carolina","McDowell","sunflower",0
37119,"North Carolina","Mecklenburg","corn",69.4515960351142
37119,"North Carolina","Mecklenburg","dry peas",0.00929473966428818
37119,"North Carolina","Mecklenburg","oats",2.13871959675271
37119,"North Carolina","Mecklenburg","soybeans",88.6275734365072
37119,"North Carolina","Mecklenburg","wheat",55.4076161919614
37121,"North Carolina","Mitchell","corn",72.867
37123,"North Carolina","Montgomery","corn",754.19771052059
37123,"North Carolina","Montgomery","cotton",496.826142365032
37123,"North Carolina","Montgomery","oats",12.9748997479834
37123,"North Carolina","Montgomery","sesame",15.2198237513002
37123,"North Carolina","Montgomery","soybeans",433.535592425518
37123,"North Carolina","Montgomery","wheat",125.690740189577
37125,"North Carolina","Moore","corn",1718.53033868586
37125,"North Carolina","Moore","cotton",144.06167608087
37125,"North Carolina","Moore","grain sorghum",134.394554354187
37125,"North Carolina","Moore","oats",47.8085288862351
37125,"North Carolina","Moore","sesame",30.6125521344961
37125,"North Carolina","Moore","soybeans",2183.01217843691
37125,"North Carolina","Moore","sunflower",2.55753468233806
37125,"North Carolina","Moore","wheat",1151.7327367391
37127,"North Carolina","Nash","corn",51.7130497793057
37127,"North Carolina","Nash","cotton",121.836001315134
37127,"North Carolina","Nash","grain sorghum",2.74685343424681
37127,"North Carolina","Nash","oats",0.279008050337259
37127,"North Carolina","Nash","peanuts",44.4282479799489
37127,"North Carolina","Nash","rapeseed",2.42144966388336
37127,"North Carolina","Nash","sesame",2.02740290875074
37127,"North Carolina","Nash","soybeans",369.239887546508
37127,"North Carolina","Nash","sunflower",1.9963968258346
37127,"North Carolina","Nash","wheat",47.7943024960464
37129,"North Carolina","New Hanover","corn",43.8376797044508
37129,"North Carolina","New Hanover","soybeans",49.506353320468
37129,"North Carolina","New Hanover","wheat",25.3364003084144
37131,"North Carolina","Northampton","barley",51.2777395756314
37131,"North Carolina","Northampton","corn",2398.51840166761
37131,"North Carolina","Northampton","cotton",6753.78742379475
37131,"North Carolina","Northampton","grain sorghum",67.1917312795315
37131,"North Carolina","Northampton","oats",24.3455450155175
37131,"North Carolina","Northampton","peanuts",1364.26451106296
37131,"North Carolina","Northampton","sesame",7.18375367094876
37131,"North Carolina","Northampton","soybeans",6123.8344424565
37131,"North Carolina","Northampton","sunflower",6.85118978189054
37131,"North Carolina","Northampton","wheat",1507.66792836132
37133,"North Carolina","Onslow","corn",0
37133,"North Carolina","Onslow","cotton",0
37133,"North Carolina","Onslow","grain sorghum",0
37133,"North Carolina","Onslow","oats",0
37133,"North Carolina","Onslow","peanuts",0
37133,"North Carolina","Onslow","soybeans",0
37133,"North Carolina","Onslow","wheat",0
37135,"North Carolina","Orange","barley",0
37135,"North Carolina","Orange","corn",0
37135,"North Carolina","Orange","cotton",0
37135,"North Carolina","Orange","grain sorghum",0
37135,"North Carolina","Orange","oats",0
37135,"North Carolina","Orange","soybeans",0
37135,"North Carolina","Orange","sunflower",0
37135,"North Carolina","Orange","wheat",0
37137,"North Carolina","Pamlico","barley",0
37137,"North Carolina","Pamlico","corn",0
37137,"North Carolina","Pamlico","cotton",0
37137,"North Carolina","Pamlico","grain sorghum",0
37137,"North Carolina","Pamlico","rice_short/medium grain",0
37137,"North Carolina","Pamlico","soybeans",0
37137,"North Carolina","Pamlico","sunflower",0
37137,"North Carolina","Pamlico","wheat",0
37139,"North Carolina","Pasquotank","corn",0
37139,"North Carolina","Pasquotank","cotton",0
37139,"North Carolina","Pasquotank","grain sorghum",0
37139,"North Carolina","Pasquotank","oats",0
37139,"North Carolina","Pasquotank","rapeseed",0
37139,"North Carolina","Pasquotank","soybeans",0
37139,"North Carolina","Pasquotank","sunflower",0
37139,"North Carolina","Pasquotank","wheat",0
37141,"North Carolina","Pender","corn",0
37141,"North Carolina","Pender","cotton",0
37141,"North Carolina","Pender","grain sorghum",0
37141,"North Carolina","Pender","oats",0
37141,"North Carolina","Pender","peanuts",0
37141,"North Carolina","Pender","soybeans",0
37141,"North Carolina","Pender","sunflower",0
37141,"North Carolina","Pender","wheat",0
37143,"North Carolina","Perquimans","barley",23.1125174755298
37143,"North Carolina","Perquimans","corn",1869.80120334208
37143,"North Carolina","Perquimans","cotton",1410.36011162162
37143,"North Carolina","Perquimans","grain sorghum",69.0677865240352
37143,"North Carolina","Perquimans","oats",13.6574843658829
37143,"North Carolina","Perquimans","peanuts",155.878949960505
37143,"North Carolina","Perquimans","rapeseed",9.8523798220915
37143,"North Carolina","Perquimans","soybeans",5751.45478417269
37143,"North Carolina","Perquimans","sunflower",0.145583573560947
37143,"North Carolina","Perquimans","wheat",2042.81786580868
37145,"North Carolina","Person","barley",27.2922637255884
37145,"North Carolina","Person","corn",950.044726922084
37145,"North Carolina","Person","grain sorghum",29.540052620826
37145,"North Carolina","Person","oats",17.1934237130909
37145,"North Carolina","Person","rapeseed",107.893866971402
37145,"North Carolina","Person","soybeans",3653.11623854968
37145,"North Carolina","Person","sunflower",0.405250401785613
37145,"North Carolina","Person","wheat",2365.65462376221
37147,"North Carolina","Pitt","barley",4.58996679456652
37147,"North Carolina","Pitt","corn",1925.56642798445
37147,"North Carolina","Pitt","cotton",1862.44992122645
37147,"North Carolina","Pitt","grain sorghum",32.6842588015987
37147,"North Carolina","Pitt","oats",3.7149459877326
37147,"North Carolina","Pitt","peanuts",840.997133027407
37147,"North Carolina","Pitt","sesame",7.64994465761086
37147,"North Carolina","Pitt","soybeans",5793.5538662276
37147,"North Carolina","Pitt","sunflower",0.712887651403954
37147,"North Carolina","Pitt","wheat",1090.27198097453
37149,"North Carolina","Polk","corn",0
37149,"North Carolina","Polk","dry peas",0
37149,"North Carolina","Polk","oats",0
37149,"North Carolina","Polk","soybeans",0
37149,"North Carolina","Polk","sunflower",0
37151,"North Carolina","Randolph","barley",610.631905315103
37151,"North Carolina","Randolph","corn",3823.22498403154
37151,"North Carolina","Randolph","cotton",95.0034642378125
37151,"North Carolina","Randolph","grain sorghum",178.961454026128
37151,"North Carolina","Randolph","oats",272.447387109051
37151,"North Carolina","Randolph","soybeans",4271.77087237392
37151,"North Carolina","Randolph","sunflower",1.10783137366446
37151,"North Carolina","Randolph","wheat",1875.64476819944
37153,"North Carolina","Richmond","corn",1368.06576391184
37153,"North Carolina","Richmond","cotton",885.265219927205
37153,"North Carolina","Richmond","grain sorghum",257.545667223317
37153,"North Carolina","Richmond","oats",10.5361328134685
37153,"North Carolina","Richmond","peanuts",50.8375557118652
37153,"North Carolina","Richmond","soybeans",1230.16642443418
37153,"North Carolina","Richmond","sunflower",6.01986744538588
37153,"North Carolina","Richmond","wheat",556.400617866073
37155,"North Carolina","Robeson","barley",0
37155,"North Carolina","Robeson","canola",0
37155,"North Carolina","Robeson","corn",0
37155,"North Carolina","Robeson","cotton",0
37155,"North Carolina","Robeson","dry peas",0
37155,"North Carolina","Robeson","grain sorghum",0
37155,"North Carolina","Robeson","oats",0
37155,"North Carolina","Robeson","peanuts",0
37155,"North Carolina","Robeson","rapeseed",0
37155,"North Carolina","Robeson","soybeans",0
37155,"North Carolina","Robeson","sunflower",0
37155,"North Carolina","Robeson","wheat",0
37157,"North Carolina","Rockingham","barley",12.6498098057115
37157,"North Carolina","Rockingham","corn",301.398105403002
37157,"North Carolina","Rockingham","dry peas",0.0503743680438982
37157,"North Carolina","Rockingham","grain sorghum",1.69358625363586
37157,"North Carolina","Rockingham","oats",8.23681366759389
37157,"North Carolina","Rockingham","soybeans",750.483178544689
37157,"North Carolina","Rockingham","sunflower",1.17916320717157
37157,"North Carolina","Rockingham","wheat",396.66590875015
37159,"North Carolina","Rowan","barley",592.225032534973
37159,"North Carolina","Rowan","corn",3816.80107481954
37159,"North Carolina","Rowan","cotton",164.280392816606
37159,"North Carolina","Rowan","grain sorghum",8.63260680951409
37159,"North Carolina","Rowan","oats",50.2289988222447
37159,"North Carolina","Rowan","rapeseed",1.10154518074678
37159,"North Carolina","Rowan","sesame",0.719749255744995
37159,"North Carolina","Rowan","soybeans",7429.23062721262
37159,"North Carolina","Rowan","sunflower",5.70684435265829
37159,"North Carolina","Rowan","wheat",3067.41714819536
37161,"North Carolina","Rutherford","barley",2.43257363659242
37161,"North Carolina","Rutherford","corn",57.5809192592173
37161,"North Carolina","Rutherford","cotton",1.23139045300113
37161,"North Carolina","Rutherford","dry peas",0.0222112275072354
37161,"North Carolina","Rutherford","grain sorghum",1.97679924814395
37161,"North Carolina","Rutherford","soybeans",136.939325174909
37161,"North Carolina","Rutherford","wheat",35.1669476672958
37163,"North Carolina","Sampson","barley",2.43100650531529
37163,"North Carolina","Sampson","corn",1645.04577131324
37163,"North Carolina","Sampson","cotton",812.173554096003
37163,"North Carolina","Sampson","grain sorghum",4.66334926151001
37163,"North Carolina","Sampson","oats",43.4513073774421
37163,"North Carolina","Sampson","peanuts",211.031211229325
37163,"North Carolina","Sampson","rapeseed",1.1884172429944
37163,"North Carolina","Sampson","sesame",25.5044243823622
37163,"North Carolina","Sampson","soybeans",2953.57584988323
37163,"North Carolina","Sampson","sunflower",3.01550971932803
37163,"North Carolina","Sampson","wheat",728.554932322593
37165,"North Carolina","Scotland","corn",546.910677669654
37165,"North Carolina","Scotland","cotton",466.793913257641
37165,"North Carolina","Scotland","grain sorghum",17.1453946379531
37165,"North Carolina","Scotland","oats",6.12742315268978
37165,"North Carolina","Scotland","peanuts",39.3908339566501
37165,"North Carolina","Scotland","soybeans",978.100554363049
37165,"North Carolina","Scotland","sunflower",2.14775742609817
37165,"North Carolina","Scotland","wheat",354.385612202938
37167,"North Carolina","Stanly","barley",22.0980470012158
37167,"North Carolina","Stanly","corn",2685.12155119948
37167,"North Carolina","Stanly","cotton",2265.05193998795
37167,"North Carolina","Stanly","dry peas",11.6623865032348
37167,"North Carolina","Stanly","grain sorghum",84.1648647223985
37167,"North Carolina","Stanly","oats",134.974667336546
37167,"North Carolina","Stanly","sesame",41.473101848901
37167,"North Carolina","Stanly","soybeans",3996.86306439871
37167,"North Carolina","Stanly","sunflower",5.95272826539743
37167,"North Carolina","Stanly","wheat",2180.3543620695
37169,"North Carolina","Stokes","barley",2.60822607473875
37169,"North Carolina","Stokes","corn",625.683921192664
37169,"North Carolina","Stokes","dry peas",0.0102956292423898
37169,"North Carolina","Stokes","grain sorghum",1.37275056565197
37169,"North Carolina","Stokes","oats",31.0179854061891
37169,"North Carolina","Stokes","soybeans",910.835100566306
37169,"North Carolina","Stokes","sunflower",0.942050075678666
37169,"North Carolina","Stokes","wheat",131.934370489528
37171,"North Carolina","Surry","barley",110.859276947488
37171,"North Carolina","Surry","canola",5.91044403476071
37171,"North Carolina","Surry","corn",4000.82779829667
37171,"North Carolina","Surry","grain sorghum",10.5358372621693
37171,"North Carolina","Surry","oats",3.52804305795377
37171,"North Carolina","Surry","soybeans",4403.72667084241
37171,"North Carolina","Surry","wheat",868.618779558541
37173,"North Carolina","Swain","corn",0
37173,"North Carolina","Swain","sunflower",0
37175,"North Carolina","Transylvania","corn",517.167991565048
37175,"North Carolina","Transylvania","soybeans",46.575066452872
37175,"North Carolina","Transylvania","sunflower",0.00109531541372827
37177,"North Carolina","Tyrrell","barley",0
37177,"North Carolina","Tyrrell","corn",0
37177,"North Carolina","Tyrrell","cotton",0
37177,"North Carolina","Tyrrell","grain sorghum",0
37177,"North Carolina","Tyrrell","oats",0
37177,"North Carolina","Tyrrell","peanuts",0
37177,"North Carolina","Tyrrell","rice_long grain",0
37177,"North Carolina","Tyrrell","rice_short/medium grain",0
37177,"North Carolina","Tyrrell","soybeans",0
37177,"North Carolina","Tyrrell","sunflower",0
37177,"North Carolina","Tyrrell","wheat",0
37179,"North Carolina","Union","barley",34.7933818772229
37179,"North Carolina","Union","corn",6836.52282688329
37179,"North Carolina","Union","cotton",462.715244862468
37179,"North Carolina","Union","dry peas",0.0117136813128629
37179,"North Carolina","Union","grain sorghum",374.371597495361
37179,"North Carolina","Union","oats",53.9171379886029
37179,"North Carolina","Union","soybeans",14470.7122101286
37179,"North Carolina","Union","wheat",11311.5806204165
37181,"North Carolina","Vance","corn",14.3224906692629
37181,"North Carolina","Vance","grain sorghum",28.654936038618
37181,"North Carolina","Vance","oats",5.42951464582148
37181,"North Carolina","Vance","soybeans",391.938000537413
37181,"North Carolina","Vance","sunflower",0.801906396312862
37181,"North Carolina","Vance","wheat",107.693485045905
37183,"North Carolina","Wake","barley",0
37183,"North Carolina","Wake","canola",0
37183,"North Carolina","Wake","corn",0
37183,"North Carolina","Wake","cotton",0
37183,"North Carolina","Wake","grain sorghum",0
37183,"North Carolina","Wake","oats",0
37183,"North Carolina","Wake","peanuts",0
37183,"North Carolina","Wake","soybeans",0
37183,"North Carolina","Wake","sunflower",0
37183,"North Carolina","Wake","wheat",0
37185,"North Carolina","Warren","barley",24.8792741788536
37185,"North Carolina","Warren","corn",384.248326767673
37185,"North Carolina","Warren","cotton",106.589705637886
37185,"North Carolina","Warren","grain sorghum",20.0052236678728
37185,"North Carolina","Warren","oats",136.912377271255
37185,"North Carolina","Warren","rapeseed",14.997901262914
37185,"North Carolina","Warren","soybeans",2193.71655587526
37185,"North Carolina","Warren","sunflower",2.15737889368832
37185,"North Carolina","Warren","wheat",764.527589777935
37187,"North Carolina","Washington","corn",0
37187,"North Carolina","Washington","cotton",0
37187,"North Carolina","Washington","grain sorghum",0
37187,"North Carolina","Washington","oats",0
37187,"North Carolina","Washington","peanuts",0
37187,"North Carolina","Washington","rice_short/medium grain",0
37187,"North Carolina","Washington","soybeans",0
37187,"North Carolina","Washington","sunflower",0
37187,"North Carolina","Washington","wheat",0
37189,"North Carolina","Watauga","corn",445.019747855037
37189,"North Carolina","Watauga","sunflower",1.26446881163002
37191,"North Carolina","Wayne","barley",0
37191,"North Carolina","Wayne","corn",0
37191,"North Carolina","Wayne","cotton",0
37191,"North Carolina","Wayne","grain sorghum",0
37191,"North Carolina","Wayne","oats",0
37191,"North Carolina","Wayne","peanuts",0
37191,"North Carolina","Wayne","sesame",0
37191,"North Carolina","Wayne","soybeans",0
37191,"North Carolina","Wayne","sunflower",0
37191,"North Carolina","Wayne","wheat",0
37193,"North Carolina","Wilkes","barley",29.578399609888
37193,"North Carolina","Wilkes","corn",2675.00487965126
37193,"North Carolina","Wilkes","oats",9.9960937595634
37193,"North Carolina","Wilkes","soybeans",546.786510494466
37193,"North Carolina","Wilkes","wheat",183.089449818151
37195,"North Carolina","Wilson","corn",641.332974777241
37195,"North Carolina","Wilson","cotton",580.446260506455
37195,"North Carolina","Wilson","grain sorghum",7.38957021741077
37195,"North Carolina","Wilson","oats",14.9953525647482
37195,"North Carolina","Wilson","peanuts",264.642748019315
37195,"North Carolina","Wilson","sesame",3.71666104146304
37195,"North Carolina","Wilson","soybeans",2760.31238744824
37195,"North Carolina","Wilson","sunflower",2.36020337533263
37195,"North Carolina","Wilson","wheat",613.745775383125
37197,"North Carolina","Yadkin","barley",310.524129799534
37197,"North Carolina","Yadkin","corn",3648.08587508681
37197,"North Carolina","Yadkin","grain sorghum",72.9820218073109
37197,"North Carolina","Yadkin","oats",25.8675081654364
37197,"North Carolina","Yadkin","soybeans",5857.17882215003
37197,"North Carolina","Yadkin","sunflower",0.430663842343453
37197,"North Carolina","Yadkin","wheat",1006.6961058152
37199,"North Carolina","Yancey","corn",14.6441666666667
38001,"North Dakota","Adams","barley",194.53865397643
38001,"North Dakota","Adams","canola",648.801300442618
38001,"North Dakota","Adams","corn",1612.76354105411
38001,"North Dakota","Adams","dry peas",111.078251972735
38001,"North Dakota","Adams","grain sorghum",18.6579039836739
38001,"North Dakota","Adams","lentils",23.0518648110287
38001,"North Dakota","Adams","mustard",5.58676072517586
38001,"North Dakota","Adams","oats",86.1971778408817
38001,"North Dakota","Adams","safflower",24.3518056992615
38001,"North Dakota","Adams","soybeans",372.954206661525
38001,"North Dakota","Adams","sunflower",1099.48936422107
38001,"North Dakota","Adams","wheat",4425.92620194483
38003,"North Dakota","Barnes","barley",0
38003,"North Dakota","Barnes","canola",0
38003,"North Dakota","Barnes","corn",0
38003,"North Dakota","Barnes","dry peas",0
38003,"North Dakota","Barnes","flaxseed",0
38003,"North Dakota","Barnes","grain sorghum",0
38003,"North Dakota","Barnes","mustard",0
38003,"North Dakota","Barnes","oats",0
38003,"North Dakota","Barnes","soybeans",0
38003,"North Dakota","Barnes","sunflower",0
38003,"North Dakota","Barnes","wheat",0
38005,"North Dakota","Benson","barley",0
38005,"North Dakota","Benson","canola",0
38005,"North Dakota","Benson","corn",0
38005,"North Dakota","Benson","dry peas",0
38005,"North Dakota","Benson","oats",0
38005,"North Dakota","Benson","soybeans",0
38005,"North Dakota","Benson","sunflower",0
38005,"North Dakota","Benson","wheat",0
38007,"North Dakota","Billings","barley",0
38007,"North Dakota","Billings","canola",0
38007,"North Dakota","Billings","corn",0
38007,"North Dakota","Billings","dry peas",0
38007,"North Dakota","Billings","oats",0
38007,"North Dakota","Billings","soybeans",0
38007,"North Dakota","Billings","sunflower",0
38007,"North Dakota","Billings","wheat",0
38009,"North Dakota","Bottineau","barley",938.067859413321
38009,"North Dakota","Bottineau","canola",4261.62195265003
38009,"North Dakota","Bottineau","corn",1342.01805336031
38009,"North Dakota","Bottineau","dry peas",213.040913649912
38009,"North Dakota","Bottineau","grain sorghum",1.70801572114427
38009,"North Dakota","Bottineau","mustard",38.10429663379
38009,"North Dakota","Bottineau","oats",641.073138417747
38009,"North Dakota","Bottineau","soybeans",6653.28601681093
38009,"North Dakota","Bottineau","sunflower",163.22603209258
38009,"North Dakota","Bottineau","wheat",9536.4507212503
38011,"North Dakota","Bowman","barley",0
38011,"North Dakota","Bowman","canola",0
38011,"North Dakota","Bowman","corn",0
38011,"North Dakota","Bowman","dry peas",0
38011,"North Dakota","Bowman","flaxseed",0
38011,"North Dakota","Bowman","grain sorghum",0
38011,"North Dakota","Bowman","lentils",0
38011,"North Dakota","Bowman","mustard",0
38011,"North Dakota","Bowman","oats",0
38011,"North Dakota","Bowman","safflower",0
38011,"North Dakota","Bowman","soybeans",0
38011,"North Dakota","Bowman","sunflower",0
38011,"North Dakota","Bowman","wheat",0
38013,"North Dakota","Burke","barley",363.84449682396
38013,"North Dakota","Burke","canola",4087.26481368913
38013,"North Dakota","Burke","corn",124.08113981705
38013,"North Dakota","Burke","dry peas",613.839205664574
38013,"North Dakota","Burke","lentils",44.4015349680479
38013,"North Dakota","Burke","mustard",21.2302786791494
38013,"North Dakota","Burke","oats",181.350858320561
38013,"North Dakota","Burke","safflower",10.1702681739756
38013,"North Dakota","Burke","soybeans",1105.28400249066
38013,"North Dakota","Burke","sunflower",174.605868453585
38013,"North Dakota","Burke","wheat",6963.93336625272
38015,"North Dakota","Burleigh","barley",850.820867475031
38015,"North Dakota","Burleigh","canola",464.24041482339
38015,"North Dakota","Burleigh","corn",4157.71107516508
38015,"North Dakota","Burleigh","dry peas",435.172214560107
38015,"North Dakota","Burleigh","lentils",4.63592939194099
38015,"North Dakota","Burleigh","oats",419.266815258311
38015,"North Dakota","Burleigh","soybeans",4875.7975279135
38015,"North Dakota","Burleigh","sunflower",945.42355660735
38015,"North Dakota","Burleigh","wheat",4199.1830988053
38017,"North Dakota","Cass","barley",795.559005324677
38017,"North Dakota","Cass","canola",32.8021409303343
38017,"North Dakota","Cass","corn",18472.6139215822
38017,"North Dakota","Cass","dry peas",19.0127428794982
38017,"North Dakota","Cass","grain sorghum",0.510837940582369
38017,"North Dakota","Cass","lentils",0.152355175261408
38017,"North Dakota","Cass","oats",32.6682476174869
38017,"North Dakota","Cass","safflower",0.0268862073990721
38017,"North Dakota","Cass","soybeans",22544.6710772156
38017,"North Dakota","Cass","sunflower",1438.96046693647
38017,"North Dakota","Cass","wheat",4383.13665152361
38019,"North Dakota","Cavalier","barley",634.975143449166
38019,"North Dakota","Cavalier","canola",7367.06087425358
38019,"North Dakota","Cavalier","corn",215.080376810974
38019,"North Dakota","Cavalier","dry peas",429.790919824056
38019,"North Dakota","Cavalier","flaxseed",1.83360759018056
38019,"North Dakota","Cavalier","oats",10.5937786283309
38019,"North Dakota","Cavalier","soybeans",3653.76190230102
38019,"North Dakota","Cavalier","sunflower",327.451667562235
38019,"North Dakota","Cavalier","wheat",8816.7054962472
38021,"North Dakota","Dickey","barley",255.559604512797
38021,"North Dakota","Dickey","corn",29625.9292656373
38021,"North Dakota","Dickey","grain sorghum",4.73644858839646
38021,"North Dakota","Dickey","oats",377.854690227481
38021,"North Dakota","Dickey","soybeans",20432.9768266167
38021,"North Dakota","Dickey","sunflower",134.549825598665
38021,"North Dakota","Dickey","wheat",1356.55002548528
38023,"North Dakota","Divide","barley",1687.1717334967
38023,"North Dakota","Divide","canola",12503.840446756
38023,"North Dakota","Divide","corn",447.630721381788
38023,"North Dakota","Divide","dry peas",5062.57955502912
38023,"North Dakota","Divide","flaxseed",42.5152689473993
38023,"North Dakota","Divide","lentils",3470.51851896876
38023,"North Dakota","Divide","mustard",371.125291741796
38023,"North Dakota","Divide","oats",462.236517631651
38023,"North Dakota","Divide","safflower",127.534326435589
38023,"North Dakota","Divide","soybeans",5134.75838195747
38023,"North Dakota","Divide","sunflower",1618.02917200038
38023,"North Dakota","Divide","wheat",34465.23623232
38025,"North Dakota","Dunn","barley",0
38025,"North Dakota","Dunn","canola",0
38025,"North Dakota","Dunn","corn",0
38025,"North Dakota","Dunn","crambe",0
38025,"North Dakota","Dunn","dry peas",0
38025,"North Dakota","Dunn","flaxseed",0
38025,"North Dakota","Dunn","lentils",0
38025,"North Dakota","Dunn","mustard",0
38025,"North Dakota","Dunn","oats",0
38025,"North Dakota","Dunn","safflower",0
38025,"North Dakota","Dunn","soybeans",0
38025,"North Dakota","Dunn","sunflower",0
38025,"North Dakota","Dunn","wheat",0
38027,"North Dakota","Eddy","barley",233.20084305556
38027,"North Dakota","Eddy","canola",33.0493250406694
38027,"North Dakota","Eddy","corn",1737.06406401826
38027,"North Dakota","Eddy","dry peas",42.1662422125678
38027,"North Dakota","Eddy","oats",137.263710937597
38027,"North Dakota","Eddy","soybeans",3066.43897999768
38027,"North Dakota","Eddy","sunflower",224.509416061245
38027,"North Dakota","Eddy","wheat",1290.95941867642
38029,"North Dakota","Emmons","barley",736.711482622971
38029,"North Dakota","Emmons","canola",156.064860368551
38029,"North Dakota","Emmons","corn",8790.45305363201
38029,"North Dakota","Emmons","dry peas",69.0064210247913
38029,"North Dakota","Emmons","grain sorghum",2.61830468111498
38029,"North Dakota","Emmons","lentils",33.919990477971
38029,"North Dakota","Emmons","oats",714.82294012391
38029,"North Dakota","Emmons","soybeans",7703.87918476026
38029,"North Dakota","Emmons","sunflower",4242.7459253251
38029,"North Dakota","Emmons","wheat",4293.92083698336
38031,"North Dakota","Foster","barley",577.074584713478
38031,"North Dakota","Foster","canola",73.8044594034979
38031,"North Dakota","Foster","corn",5237.38886670887
38031,"North Dakota","Foster","dry peas",13.4391663837527
38031,"North Dakota","Foster","flaxseed",15.6451945710376
38031,"North Dakota","Foster","oats",59.682843942915
38031,"North Dakota","Foster","soybeans",7996.16897986272
38031,"North Dakota","Foster","sunflower",293.919578864224
38031,"North Dakota","Foster","wheat",2094.56491221616
38033,"North Dakota","Golden Valley","barley",0
38033,"North Dakota","Golden Valley","canola",0
38033,"North Dakota","Golden Valley","corn",0
38033,"North Dakota","Golden Valley","dry peas",0
38033,"North Dakota","Golden Valley","flaxseed",0
38033,"North Dakota","Golden Valley","lentils",0
38033,"North Dakota","Golden Valley","mustard",0
38033,"North Dakota","Golden Valley","oats",0
38033,"North Dakota","Golden Valley","safflower",0
38033,"North Dakota","Golden Valley","soybeans",0
38033,"North Dakota","Golden Valley","sunflower",0
38033,"North Dakota","Golden Valley","wheat",0
38035,"North Dakota","Grand Forks","barley",2718.59658078643
38035,"North Dakota","Grand Forks","canola",1175.01734854228
38035,"North Dakota","Grand Forks","corn",32180.496892584
38035,"North Dakota","Grand Forks","dry peas",25.3959567706347
38035,"North Dakota","Grand Forks","lentils",0.0106202577163374
38035,"North Dakota","Grand Forks","oats",132.889072250839
38035,"North Dakota","Grand Forks","peanuts",0.00442510738180725
38035,"North Dakota","Grand Forks","safflower",2.66391464384796
38035,"North Dakota","Grand Forks","soybeans",37928.3892337342
38035,"North Dakota","Grand Forks","sunflower",4966.9588158876
38035,"North Dakota","Grand Forks","wheat",29364.807039435
38037,"North Dakota","Grant","barley",0
38037,"North Dakota","Grant","canola",0
38037,"North Dakota","Grant","corn",0
38037,"North Dakota","Grant","dry peas",0
38037,"North Dakota","Grant","flaxseed",0
38037,"North Dakota","Grant","grain sorghum",0
38037,"North Dakota","Grant","mustard",0
38037,"North Dakota","Grant","oats",0
38037,"North Dakota","Grant","safflower",0
38037,"North Dakota","Grant","soybeans",0
38037,"North Dakota","Grant","sunflower",0
38037,"North Dakota","Grant","wheat",0
38039,"North Dakota","Griggs","barley",110.244090822146
38039,"North Dakota","Griggs","canola",7.9950284596143
38039,"North Dakota","Griggs","corn",801.796809966173
38039,"North Dakota","Griggs","dry peas",10.0391522671348
38039,"North Dakota","Griggs","oats",17.3785065723862
38039,"North Dakota","Griggs","soybeans",1869.67692682725
38039,"North Dakota","Griggs","sunflower",20.8935261609598
38039,"North Dakota","Griggs","wheat",904.440192257639
38041,"North Dakota","Hettinger","barley",542.869089556496
38041,"North Dakota","Hettinger","canola",8218.75591686184
38041,"North Dakota","Hettinger","corn",3944.52885537429
38041,"North Dakota","Hettinger","dry peas",756.078419539851
38041,"North Dakota","Hettinger","grain sorghum",11.6380634332361
38041,"North Dakota","Hettinger","lentils",21.4462687190868
38041,"North Dakota","Hettinger","mustard",71.1408863301722
38041,"North Dakota","Hettinger","oats",248.105972887834
38041,"North Dakota","Hettinger","safflower",14.7871308106781
38041,"North Dakota","Hettinger","soybeans",1393.16026272606
38041,"North Dakota","Hettinger","sunflower",3488.93834090602
38041,"North Dakota","Hettinger","wheat",28355.8101261878
38043,"North Dakota","Kidder","barley",614.010239604777
38043,"North Dakota","Kidder","canola",622.796371497189
38043,"North Dakota","Kidder","corn",4171.81427143773
38043,"North Dakota","Kidder","dry peas",72.52631430746
38043,"North Dakota","Kidder","grain sorghum",10.8955141600356
38043,"North Dakota","Kidder","lentils",92.9975122320494
38043,"North Dakota","Kidder","mustard",8.37987552686943
38043,"North Dakota","Kidder","oats",1182.47032500317
38043,"North Dakota","Kidder","soybeans",7820.14257903974
38043,"North Dakota","Kidder","sunflower",148.297484016434
38043,"North Dakota","Kidder","wheat",4354.53251317456
38045,"North Dakota","LaMoure","barley",295.060260509326
38045,"North Dakota","LaMoure","canola",15.0328692868716
38045,"North Dakota","LaMoure","corn",24998.9590083122
38045,"North Dakota","LaMoure","dry peas",30.4271765497278
38045,"North Dakota","LaMoure","oats",175.37816408814
38045,"North Dakota","LaMoure","soybeans",28501.9137837679
38045,"North Dakota","LaMoure","sunflower",153.968840451612
38045,"North Dakota","LaMoure","wheat",2763.09173036746
38047,"North Dakota","Logan","barley",0
38047,"North Dakota","Logan","canola",0
38047,"North Dakota","Logan","corn",0
38047,"North Dakota","Logan","dry peas",0
38047,"North Dakota","Logan","lentils",0
38047,"North Dakota","Logan","oats",0
38047,"North Dakota","Logan","soybeans",0
38047,"North Dakota","Logan","sunflower",0
38047,"North Dakota","Logan","wheat",0
38049,"North Dakota","McHenry","barley",1018.21786345012
38049,"North Dakota","McHenry","canola",2870.9390672637
38049,"North Dakota","McHenry","corn",3881.21158227017
38049,"North Dakota","McHenry","dry peas",126.367199001556
38049,"North Dakota","McHenry","grain sorghum",1.2486243017721
38049,"North Dakota","McHenry","lentils",11.0872916256327
38049,"North Dakota","McHenry","oats",1001.9950560373
38049,"North Dakota","McHenry","soybeans",8320.85738369191
38049,"North Dakota","McHenry","sunflower",249.828751888011
38049,"North Dakota","McHenry","wheat",7096.81568046976
38051,"North Dakota","McIntosh","barley",86.8607779932415
38051,"North Dakota","McIntosh","canola",24.7765576834682
38051,"North Dakota","McIntosh","corn",1413.70526640866
38051,"North Dakota","McIntosh","dry peas",5.41176416290721
38051,"North Dakota","McIntosh","flaxseed",2.95788812402272
38051,"North Dakota","McIntosh","lentils",9.74883383343909
38051,"North Dakota","McIntosh","oats",75.8872317239987
38051,"North Dakota","McIntosh","soybeans",2426.75276361279
38051,"North Dakota","McIntosh","sunflower",301.802436580768
38051,"North Dakota","McIntosh","wheat",1134.53547987671
38053,"North Dakota","McKenzie","barley",0
38053,"North Dakota","McKenzie","canola",0
38053,"North Dakota","McKenzie","corn",0
38053,"North Dakota","McKenzie","dry peas",0
38053,"North Dakota","McKenzie","lentils",0
38053,"North Dakota","McKenzie","mustard",0
38053,"North Dakota","McKenzie","oats",0
38053,"North Dakota","McKenzie","safflower",0
38053,"North Dakota","McKenzie","soybeans",0
38053,"North Dakota","McKenzie","sunflower",0
38053,"North Dakota","McKenzie","wheat",0
38055,"North Dakota","McLean","barley",926.637048188416
38055,"North Dakota","McLean","canola",7803.79188565578
38055,"North Dakota","McLean","corn",6353.88100236776
38055,"North Dakota","McLean","dry peas",2088.34303507189
38055,"North Dakota","McLean","lentils",91.5855368065396
38055,"North Dakota","McLean","mustard",79.3517501047693
38055,"North Dakota","McLean","oats",512.717806185517
38055,"North Dakota","McLean","safflower",7.93783191862409
38055,"North Dakota","McLean","soybeans",12108.3390566117
38055,"North Dakota","McLean","sunflower",1259.71242365939
38055,"North Dakota","McLean","wheat",23735.7455634295
38057,"North Dakota","Mercer","barley",145.091859729781
38057,"North Dakota","Mercer","canola",88.9420581096553
38057,"North Dakota","Mercer","corn",293.828607979348
38057,"North Dakota","Mercer","dry peas",26.8633676530713
38057,"North Dakota","Mercer","flaxseed",18.3282880306092
38057,"North Dakota","Mercer","grain sorghum",0.303147771166826
38057,"North Dakota","Mercer","oats",87.646948666277
38057,"North Dakota","Mercer","soybeans",226.490519023431
38057,"North Dakota","Mercer","sunflower",175.445695910741
38057,"North Dakota","Mercer","wheat",584.616507125891
38059,"North Dakota","Morton","barley",0
38059,"North Dakota","Morton","canola",0
38059,"North Dakota","Morton","corn",0
38059,"North Dakota","Morton","dry peas",0
38059,"North Dakota","Morton","grain sorghum",0
38059,"North Dakota","Morton","mustard",0
38059,"North Dakota","Morton","oats",0
38059,"North Dakota","Morton","safflower",0
38059,"North Dakota","Morton","soybeans",0
38059,"North Dakota","Morton","sunflower",0
38059,"North Dakota","Morton","wheat",0
38061,"North Dakota","Mountrail","barley",0
38061,"North Dakota","Mountrail","canola",0
38061,"North Dakota","Mountrail","corn",0
38061,"North Dakota","Mountrail","dry peas",0
38061,"North Dakota","Mountrail","lentils",0
38061,"North Dakota","Mountrail","mustard",0
38061,"North Dakota","Mountrail","oats",0
38061,"North Dakota","Mountrail","safflower",0
38061,"North Dakota","Mountrail","soybeans",0
38061,"North Dakota","Mountrail","sunflower",0
38061,"North Dakota","Mountrail","wheat",0
38063,"North Dakota","Nelson","barley",0
38063,"North Dakota","Nelson","canola",0
38063,"North Dakota","Nelson","corn",0
38063,"North Dakota","Nelson","dry peas",0
38063,"North Dakota","Nelson","mustard",0
38063,"North Dakota","Nelson","oats",0
38063,"North Dakota","Nelson","soybeans",0
38063,"North Dakota","Nelson","sunflower",0
38063,"North Dakota","Nelson","wheat",0
38065,"North Dakota","Oliver","barley",44.3487334064885
38065,"North Dakota","Oliver","canola",21.300803748806
38065,"North Dakota","Oliver","corn",186.171896723472
38065,"North Dakota","Oliver","dry peas",11.9438453415495
38065,"North Dakota","Oliver","flaxseed",2.85682034252379
38065,"North Dakota","Oliver","oats",48.2720166602476
38065,"North Dakota","Oliver","soybeans",202.075508505986
38065,"North Dakota","Oliver","sunflower",65.3860508173049
38065,"North Dakota","Oliver","wheat",441.04032445363
38067,"North Dakota","Pembina","barley",1497.88325513839
38067,"North Dakota","Pembina","canola",7431.03601190108
38067,"North Dakota","Pembina","corn",6969.26104192354
38067,"North Dakota","Pembina","dry peas",332.373487335479
38067,"North Dakota","Pembina","mustard",76.1787731812422
38067,"North Dakota","Pembina","oats",219.178790139102
38067,"North Dakota","Pembina","soybeans",23427.4873238964
38067,"North Dakota","Pembina","sunflower",1623.00997414298
38067,"North Dakota","Pembina","wheat",43184.9954756751
38069,"North Dakota","Pierce","barley",157.419609212512
38069,"North Dakota","Pierce","canola",258.662555369472
38069,"North Dakota","Pierce","corn",275.255773020992
38069,"North Dakota","Pierce","dry peas",20.3680277380329
38069,"North Dakota","Pierce","oats",76.346687745386
38069,"North Dakota","Pierce","soybeans",1102.93776070978
38069,"North Dakota","Pierce","sunflower",35.9199049883613
38069,"North Dakota","Pierce","wheat",1179.73418121545
38071,"North Dakota","Ramsey","barley",0
38071,"North Dakota","Ramsey","canola",0
38071,"North Dakota","Ramsey","corn",0
38071,"North Dakota","Ramsey","dry peas",0
38071,"North Dakota","Ramsey","flaxseed",0
38071,"North Dakota","Ramsey","mustard",0
38071,"North Dakota","Ramsey","oats",0
38071,"North Dakota","Ramsey","safflower",0
38071,"North Dakota","Ramsey","soybeans",0
38071,"North Dakota","Ramsey","sunflower",0
38071,"North Dakota","Ramsey","wheat",0
38073,"North Dakota","Ransom","barley",68.8084515636174
38073,"North Dakota","Ransom","canola",46.8484461105429
38073,"North Dakota","Ransom","corn",7791.62865342048
38073,"North Dakota","Ransom","dry peas",2.20346217046675
38073,"North Dakota","Ransom","flaxseed",5.3936467245055
38073,"North Dakota","Ransom","grain sorghum",5.9825435536943
38073,"North Dakota","Ransom","oats",95.0992316566768
38073,"North Dakota","Ransom","soybeans",6975.99561916734
38073,"North Dakota","Ransom","sunflower",71.9186005166363
38073,"North Dakota","Ransom","wheat",1277.10534511604
38075,"North Dakota","Renville","barley",1320.21434962728
38075,"North Dakota","Renville","canola",5366.96904344115
38075,"North Dakota","Renville","corn",880.379327711083
38075,"North Dakota","Renville","dry peas",583.869303839126
38075,"North Dakota","Renville","mustard",23.936110010617
38075,"North Dakota","Renville","oats",252.694701911827
38075,"North Dakota","Renville","soybeans",5386.10633603752
38075,"North Dakota","Renville","sunflower",658.294643578197
38075,"North Dakota","Renville","wheat",9748.90268384332
38077,"North Dakota","Richland","barley",77.6712123383553
38077,"North Dakota","Richland","canola",74.1089853739227
38077,"North Dakota","Richland","corn",22075.4200906923
38077,"North Dakota","Richland","oats",63.8465926558669
38077,"North Dakota","Richland","soybeans",21975.9917394691
38077,"North Dakota","Richland","sunflower",480.386513987221
38077,"North Dakota","Richland","wheat",3476.07566548313
38079,"North Dakota","Rolette","barley",0
38079,"North Dakota","Rolette","canola",0
38079,"North Dakota","Rolette","corn",0
38079,"North Dakota","Rolette","dry peas",0
38079,"North Dakota","Rolette","oats",0
38079,"North Dakota","Rolette","soybeans",0
38079,"North Dakota","Rolette","sunflower",0
38079,"North Dakota","Rolette","wheat",0
38081,"North Dakota","Sargent","barley",26.6332123777883
38081,"North Dakota","Sargent","corn",17460.5534828507
38081,"North Dakota","Sargent","dry peas",25.6449690112864
38081,"North Dakota","Sargent","oats",11.1239076878664
38081,"North Dakota","Sargent","soybeans",14521.8236979172
38081,"North Dakota","Sargent","sunflower",41.0732613514028
38081,"North Dakota","Sargent","wheat",894.752968803783
38083,"North Dakota","Sheridan","barley",825.505834679726
38083,"North Dakota","Sheridan","canola",1708.7648642524
38083,"North Dakota","Sheridan","corn",1984.58321980307
38083,"North Dakota","Sheridan","dry peas",22.7342681049094
38083,"North Dakota","Sheridan","lentils",67.411230919814
38083,"North Dakota","Sheridan","oats",200.46841403804
38083,"North Dakota","Sheridan","soybeans",6539.61330359921
38083,"North Dakota","Sheridan","sunflower",625.050590181353
38083,"North Dakota","Sheridan","wheat",6945.91027442149
38085,"North Dakota","Sioux","barley",0
38085,"North Dakota","Sioux","canola",0
38085,"North Dakota","Sioux","corn",0
38085,"North Dakota","Sioux","grain sorghum",0
38085,"North Dakota","Sioux","oats",0
38085,"North Dakota","Sioux","soybeans",0
38085,"North Dakota","Sioux","sunflower",0
38085,"North Dakota","Sioux","wheat",0
38087,"North Dakota","Slope","barley",331.648781890688
38087,"North Dakota","Slope","canola",831.373678214847
38087,"North Dakota","Slope","corn",780.411272248346
38087,"North Dakota","Slope","dry peas",305.853713724706
38087,"North Dakota","Slope","lentils",60.592631773398
38087,"North Dakota","Slope","mustard",19.6409228212899
38087,"North Dakota","Slope","oats",146.321497590467
38087,"North Dakota","Slope","soybeans",106.685467080354
38087,"North Dakota","Slope","sunflower",797.450999404408
38087,"North Dakota","Slope","wheat",6142.32853525149
38089,"North Dakota","Stark","barley",104.649836792237
38089,"North Dakota","Stark","canola",280.947179770819
38089,"North Dakota","Stark","corn",436.289096272966
38089,"North Dakota","Stark","crambe",3.22945593176332
38089,"North Dakota","Stark","dry peas",55.6366100118556
38089,"North Dakota","Stark","flaxseed",22.0249566920307
38089,"North Dakota","Stark","lentils",3.63439862457384
38089,"North Dakota","Stark","mustard",3.57496943452023
38089,"North Dakota","Stark","oats",120.734195253847
38089,"North Dakota","Stark","safflower",5.44490673060837
38089,"North Dakota","Stark","soybeans",44.698841098373
38089,"North Dakota","Stark","sunflower",277.797172424152
38089,"North Dakota","Stark","wheat",2727.69606096221
38091,"North Dakota","Steele","barley",1380.07354405494
38091,"North Dakota","Steele","canola",84.9675749655333
38091,"North Dakota","Steele","corn",15070.5887984663
38091,"North Dakota","Steele","dry peas",171.653151851085
38091,"North Dakota","Steele","oats",19.8945616247655
38091,"North Dakota","Steele","soybeans",22099.313508201
38091,"North Dakota","Steele","sunflower",345.313416375786
38091,"North Dakota","Steele","wheat",6866.34561112726
38093,"North Dakota","Stutsman","barley",472.359018828823
38093,"North Dakota","Stutsman","canola",62.299622230616
38093,"North Dakota","Stutsman","chickpeas_large",13.9809277796452
38093,"North Dakota","Stutsman","corn",10283.8062130364
38093,"North Dakota","Stutsman","dry peas",35.6905291844099
38093,"North Dakota","Stutsman","oats",262.265074311103
38093,"North Dakota","Stutsman","soybeans",18503.2754403183
38093,"North Dakota","Stutsman","sunflower",464.571042658384
38093,"North Dakota","Stutsman","wheat",3892.58029831891
38095,"North Dakota","Towner","barley",111.854952462767
38095,"North Dakota","Towner","canola",517.730330142577
38095,"North Dakota","Towner","corn",130.143102647134
38095,"North Dakota","Towner","dry peas",7.28879188195678
38095,"North Dakota","Towner","grain sorghum",0.0190116207860553
38095,"North Dakota","Towner","oats",4.06846175036662
38095,"North Dakota","Towner","soybeans",836.893492085471
38095,"North Dakota","Towner","sunflower",25.746026276536
38095,"North Dakota","Towner","wheat",1274.49916446581
38097,"North Dakota","Traill","barley",2661.78820806367
38097,"North Dakota","Traill","canola",62.7917124896383
38097,"North Dakota","Traill","corn",20932.981331516
38097,"North Dakota","Traill","dry peas",45.6177633188448
38097,"North Dakota","Traill","oats",249.088959360524
38097,"North Dakota","Traill","soybeans",26451.4987078564
38097,"North Dakota","Traill","sunflower",1496.36635392535
38097,"North Dakota","Traill","wheat",11954.5391968028
38099,"North Dakota","Walsh","barley",1966.80114307975
38099,"North Dakota","Walsh","canola",5641.16316109554
38099,"North Dakota","Walsh","corn",7896.1964950635
38099,"North Dakota","Walsh","dry peas",64.1766662787994
38099,"North Dakota","Walsh","mustard",87.5071699696932
38099,"North Dakota","Walsh","oats",529.467611260397
38099,"North Dakota","Walsh","soybeans",13741.2668987384
38099,"North Dakota","Walsh","sunflower",2397.1132361436
38099,"North Dakota","Walsh","wheat",29302.6076517036
38101,"North Dakota","Ward","barley",867.950226180664
38101,"North Dakota","Ward","canola",7626.4088531244
38101,"North Dakota","Ward","corn",2199.8325436392
38101,"North Dakota","Ward","dry peas",943.440355367812
38101,"North Dakota","Ward","flaxseed",18.0223382786475
38101,"North Dakota","Ward","lentils",43.4608955234127
38101,"North Dakota","Ward","mustard",55.8470975563012
38101,"North Dakota","Ward","oats",354.256217744573
38101,"North Dakota","Ward","safflower",3.22229942257356
38101,"North Dakota","Ward","soybeans",9277.72489648562
38101,"North Dakota","Ward","sunflower",859.342460755937
38101,"North Dakota","Ward","wheat",17918.2656492544
38103,"North Dakota","Wells","barley",1930.95781778337
38103,"North Dakota","Wells","canola",594.545371648212
38103,"North Dakota","Wells","corn",12759.1753668919
38103,"North Dakota","Wells","dry peas",74.1491732035839
38103,"North Dakota","Wells","grain sorghum",1.01786010291992
38103,"North Dakota","Wells","mustard",5.1578203879205
38103,"North Dakota","Wells","oats",259.617510982725
38103,"North Dakota","Wells","safflower",23.723567743081
38103,"North Dakota","Wells","soybeans",22402.8408035802
38103,"North Dakota","Wells","sunflower",1218.62207642429
38103,"North Dakota","Wells","wheat",15699.3926312518
38105,"North Dakota","Williams","barley",3205.41290668404
38105,"North Dakota","Williams","canola",20240.0973796662
38105,"North Dakota","Williams","corn",1738.22977722515
38105,"North Dakota","Williams","dry peas",12578.826461573
38105,"North Dakota","Williams","lentils",10206.4632436679
38105,"North Dakota","Williams","mustard",544.982470788244
38105,"North Dakota","Williams","oats",1001.95420999048
38105,"North Dakota","Williams","safflower",352.202699995905
38105,"North Dakota","Williams","soybeans",6267.51040642239
38105,"North Dakota","Williams","sunflower",1466.50740381909
38105,"North Dakota","Williams","wheat",71011.9260401677
39001,"Ohio","Adams","corn",0
39001,"Ohio","Adams","oats",0
39001,"Ohio","Adams","soybeans",0
39001,"Ohio","Adams","sunflower",0
39001,"Ohio","Adams","wheat",0
39003,"Ohio","Allen","barley",1.11523000524875
39003,"Ohio","Allen","corn",2572.54243236851
39003,"Ohio","Allen","dry peas",0.130702619810738
39003,"Ohio","Allen","grain sorghum",4.68667909157717
39003,"Ohio","Allen","oats",2.44149853349493
39003,"Ohio","Allen","soybeans",3469.01482913035
39003,"Ohio","Allen","sunflower",0.156051006683124
39003,"Ohio","Allen","wheat",375.825243911029
39005,"Ohio","Ashland","barley",4.05350388621019
39005,"Ohio","Ashland","corn",3251.96365637184
39005,"Ohio","Ashland","oats",37.3988746217832
39005,"Ohio","Ashland","soybeans",3285.36722089301
39005,"Ohio","Ashland","sunflower",2.33825172707204
39005,"Ohio","Ashland","wheat",438.385392500075
39007,"Ohio","Ashtabula","corn",3089.56697981693
39007,"Ohio","Ashtabula","oats",62.5064921965194
39007,"Ohio","Ashtabula","soybeans",5122.79435233542
39007,"Ohio","Ashtabula","wheat",433.881458984464
39009,"Ohio","Athens","barley",0
39009,"Ohio","Athens","corn",0
39009,"Ohio","Athens","oats",0
39009,"Ohio","Athens","soybeans",0
39009,"Ohio","Athens","wheat",0
39011,"Ohio","Auglaize","barley",6.92723019408904
39011,"Ohio","Auglaize","corn",5218.43852057071
39011,"Ohio","Auglaize","grain sorghum",0.0947566620190645
39011,"Ohio","Auglaize","oats",9.71907237746793
39011,"Ohio","Auglaize","soybeans",7321.27710561087
39011,"Ohio","Auglaize","sunflower",3.12178784167496
39011,"Ohio","Auglaize","wheat",833.085766743175
39013,"Ohio","Belmont","barley",0
39013,"Ohio","Belmont","corn",0
39013,"Ohio","Belmont","grain sorghum",0
39013,"Ohio","Belmont","oats",0
39013,"Ohio","Belmont","soybeans",0
39013,"Ohio","Belmont","wheat",0
39015,"Ohio","Brown","barley",0.293929076386718
39015,"Ohio","Brown","corn",1549.45697279664
39015,"Ohio","Brown","oats",2.72589825441042
39015,"Ohio","Brown","soybeans",6295.94760997009
39015,"Ohio","Brown","sunflower",0.160926169321728
39015,"Ohio","Brown","wheat",140.41844373315
39017,"Ohio","Butler","barley",1.37638023550822
39017,"Ohio","Butler","corn",767.088434261194
39017,"Ohio","Butler","grain sorghum",0.10479902702587
39017,"Ohio","Butler","oats",0.684145760936491
39017,"Ohio","Butler","soybeans",1123.9469518793
39017,"Ohio","Butler","sunflower",0.190926114729526
39017,"Ohio","Butler","wheat",76.1738960546445
39019,"Ohio","Carroll","barley",5.47267759251856
39019,"Ohio","Carroll","corn",994.416973659327
39019,"Ohio","Carroll","grain sorghum",0.733489046838029
39019,"Ohio","Carroll","oats",37.1908826774368
39019,"Ohio","Carroll","soybeans",924.993926261383
39019,"Ohio","Carroll","wheat",78.102917429167
39021,"Ohio","Champaign","barley",36.9725556262094
39021,"Ohio","Champaign","corn",5265.22592284069
39021,"Ohio","Champaign","oats",1.31318283285736
39021,"Ohio","Champaign","soybeans",5468.48920484151
39021,"Ohio","Champaign","wheat",224.149133858752
39023,"Ohio","Clark","barley",0.805888066094679
39023,"Ohio","Clark","corn",2093.30440972361
39023,"Ohio","Clark","dry peas",0.0068304080112961
39023,"Ohio","Clark","soybeans",2288.03829129366
39023,"Ohio","Clark","wheat",134.318247175278
39025,"Ohio","Clermont","corn",998.185220547725
39025,"Ohio","Clermont","dry peas",0.000747904846803656
39025,"Ohio","Clermont","oats",0.426149949168333
39025,"Ohio","Clermont","soybeans",2451.29428413324
39025,"Ohio","Clermont","wheat",54.2958974650206
39027,"Ohio","Clinton","barley",2.55939785135581
39027,"Ohio","Clinton","corn",1983.82597339219
39027,"Ohio","Clinton","oats",3.95621218846142
39027,"Ohio","Clinton","soybeans",3018.754482402
39027,"Ohio","Clinton","wheat",149.905134166054
39029,"Ohio","Columbiana","barley",33.7166721283081
39029,"Ohio","Columbiana","corn",5338.91291518751
39029,"Ohio","Columbiana","grain sorghum",6.18591853437097
39029,"Ohio","Columbiana","oats",255.240014133094
39029,"Ohio","Columbiana","soybeans",5041.69519662568
39029,"Ohio","Columbiana","sunflower",12.4915974567693
39029,"Ohio","Columbiana","wheat",978.588045934274
39031,"Ohio","Coshocton","barley",0.250720864987684
39031,"Ohio","Coshocton","corn",1225.394110252
39031,"Ohio","Coshocton","oats",9.66669542300833
39031,"Ohio","Coshocton","soybeans",948.518348389055
39031,"Ohio","Coshocton","sunflower",0.160138608323416
39031,"Ohio","Coshocton","wheat",60.1216531292889
39033,"Ohio","Crawford","barley",4.96583664164327
39033,"Ohio","Crawford","corn",740.212023354201
39033,"Ohio","Crawford","oats",0.778258693906676
39033,"Ohio","Crawford","soybeans",890.758342228649
39033,"Ohio","Crawford","sunflower",0.0128251290510929
39033,"Ohio","Crawford","wheat",100.819880619205
39035,"Ohio","Cuyahoga","barley",4.16066379770781
39035,"Ohio","Cuyahoga","corn",14.773720900028
39035,"Ohio","Cuyahoga","oats",2.16794695524095
39035,"Ohio","Cuyahoga","soybeans",30.2707917055874
39035,"Ohio","Cuyahoga","wheat",8.20637664143583
39037,"Ohio","Darke","barley",3.68868973720759
39037,"Ohio","Darke","canola",0.816699341379409
39037,"Ohio","Darke","corn",3571.09728943454
39037,"Ohio","Darke","dry peas",0.827732091685108
39037,"Ohio","Darke","grain sorghum",0.275818757642489
39037,"Ohio","Darke","oats",4.87619981636156
39037,"Ohio","Darke","soybeans",4019.07470158926
39037,"Ohio","Darke","sunflower",1.80258590869672
39037,"Ohio","Darke","wheat",331.327183323287
39039,"Ohio","Defiance","barley",6.32492469230449
39039,"Ohio","Defiance","corn",3066.21145180671
39039,"Ohio","Defiance","oats",4.13239622123071
39039,"Ohio","Defiance","soybeans",6173.77319712647
39039,"Ohio","Defiance","sunflower",0.0287899636413911
39039,"Ohio","Defiance","wheat",724.90537352295
39041,"Ohio","Delaware","barley",0.864118977143934
39041,"Ohio","Delaware","corn",238.50476542006
39041,"Ohio","Delaware","oats",0.379125527978118
39041,"Ohio","Delaware","soybeans",490.385764444747
39041,"Ohio","Delaware","sunflower",0.0317472999254665
39041,"Ohio","Delaware","wheat",34.830644996795
39094,"Ohio","East Lucas","barley",11.0522361469769
39094,"Ohio","East Lucas","corn",3410.20564360187
39094,"Ohio","East Lucas","dry peas",0.000100474874063426
39094,"Ohio","East Lucas","soybeans",11348.6490824489
39094,"Ohio","East Lucas","wheat",1015.23228899404
39043,"Ohio","Erie","barley",14.1486918961502
39043,"Ohio","Erie","corn",1169.09367846352
39043,"Ohio","Erie","grain sorghum",1.9061007408646
39043,"Ohio","Erie","oats",12.9750390341854
39043,"Ohio","Erie","soybeans",1612.15099435019
39043,"Ohio","Erie","sunflower",0.210030934496209
39043,"Ohio","Erie","wheat",301.758164580608
39045,"Ohio","Fairfield","barley",5.93905752818236
39045,"Ohio","Fairfield","corn",1868.48915683931
39045,"Ohio","Fairfield","grain sorghum",1.56492614349642
39045,"Ohio","Fairfield","oats",2.84955747793737
39045,"Ohio","Fairfield","soybeans",2212.0555899367
39045,"Ohio","Fairfield","wheat",180.852978741023
39047,"Ohio","Fayette","barley",9.77187337378345
39047,"Ohio","Fayette","corn",3984.5693089444
39047,"Ohio","Fayette","oats",2.01370296003175
39047,"Ohio","Fayette","soybeans",5149.68836903541
39047,"Ohio","Fayette","wheat",357.919412353034
39049,"Ohio","Franklin","barley",0
39049,"Ohio","Franklin","corn",0
39049,"Ohio","Franklin","oats",0
39049,"Ohio","Franklin","soybeans",0
39049,"Ohio","Franklin","wheat",0
39051,"Ohio","Fulton","barley",0
39051,"Ohio","Fulton","corn",0
39051,"Ohio","Fulton","grain sorghum",0
39051,"Ohio","Fulton","oats",0
39051,"Ohio","Fulton","safflower",0
39051,"Ohio","Fulton","soybeans",0
39051,"Ohio","Fulton","sunflower",0
39051,"Ohio","Fulton","wheat",0
39053,"Ohio","Gallia","barley",3.1566480758226
39053,"Ohio","Gallia","corn",780.851840267543
39053,"Ohio","Gallia","oats",1.90888747947974
39053,"Ohio","Gallia","soybeans",1022.46950577385
39053,"Ohio","Gallia","sunflower",0.165281720784221
39053,"Ohio","Gallia","wheat",50.5203366825236
39055,"Ohio","Geauga","barley",2.37751349491656
39055,"Ohio","Geauga","corn",304.88230338299
39055,"Ohio","Geauga","oats",6.15133503989869
39055,"Ohio","Geauga","soybeans",434.956273945099
39055,"Ohio","Geauga","sunflower",0.478660873820893
39055,"Ohio","Geauga","wheat",70.4312465966067
39057,"Ohio","Greene","barley",0.116999607891191
39057,"Ohio","Greene","corn",131.895775825112
39057,"Ohio","Greene","oats",0.0323517469173607
39057,"Ohio","Greene","soybeans",149.300411826144
39057,"Ohio","Greene","sunflower",0.0294868102012457
39057,"Ohio","Greene","wheat",8.57997418375062
39059,"Ohio","Guernsey","barley",0
39059,"Ohio","Guernsey","corn",0
39059,"Ohio","Guernsey","oats",0
39059,"Ohio","Guernsey","soybeans",0
39059,"Ohio","Guernsey","wheat",0
39061,"Ohio","Hamilton","corn",0
39061,"Ohio","Hamilton","soybeans",0
39061,"Ohio","Hamilton","sunflower",0
39061,"Ohio","Hamilton","wheat",0
39063,"Ohio","Hancock","barley",3.18858797334578
39063,"Ohio","Hancock","corn",2317.73395771724
39063,"Ohio","Hancock","grain sorghum",0.0297742872795893
39063,"Ohio","Hancock","oats",3.31262765415255
39063,"Ohio","Hancock","soybeans",3912.87938777375
39063,"Ohio","Hancock","sunflower",8.31049981785471
39063,"Ohio","Hancock","wheat",605.808431443046
39065,"Ohio","Hardin","barley",3.58822972580033
39065,"Ohio","Hardin","corn",3004.08214286138
39065,"Ohio","Hardin","grain sorghum",5.4092853314151
39065,"Ohio","Hardin","oats",6.61851753624325
39065,"Ohio","Hardin","soybeans",4163.99362681029
39065,"Ohio","Hardin","sunflower",0.187343557054967
39065,"Ohio","Hardin","wheat",372.30852084448
39067,"Ohio","Harrison","barley",0
39067,"Ohio","Harrison","corn",0
39067,"Ohio","Harrison","oats",0
39067,"Ohio","Harrison","soybeans",0
39067,"Ohio","Harrison","wheat",0
39069,"Ohio","Henry","barley",9.64759108403591
39069,"Ohio","Henry","canola",1.85580358688099
39069,"Ohio","Henry","corn",4317.68085922064
39069,"Ohio","Henry","grain sorghum",1.0924711020373
39069,"Ohio","Henry","oats",3.62756297339681
39069,"Ohio","Henry","soybeans",5606.28016828476
39069,"Ohio","Henry","sunflower",3.55780214698534
39069,"Ohio","Henry","wheat",1119.39505493458
39071,"Ohio","Highland","corn",101.712541049167
39071,"Ohio","Highland","oats",0.125860036143643
39071,"Ohio","Highland","soybeans",266.10593601874
39071,"Ohio","Highland","sunflower",0.00244445377842687
39071,"Ohio","Highland","wheat",12.8609851088071
39073,"Ohio","Hocking","barley",0
39073,"Ohio","Hocking","corn",0
39073,"Ohio","Hocking","oats",0
39073,"Ohio","Hocking","soybeans",0
39073,"Ohio","Hocking","wheat",0
39075,"Ohio","Holmes","barley",2.35851321668507
39075,"Ohio","Holmes","corn",4160.34178513546
39075,"Ohio","Holmes","oats",36.5907413233678
39075,"Ohio","Holmes","soybeans",2977.07581331316
39075,"Ohio","Holmes","sunflower",0.240319854103077
39075,"Ohio","Holmes","wheat",254.270993823889
39077,"Ohio","Huron","barley",4.32868392333307
39077,"Ohio","Huron","corn",3447.93711730243
39077,"Ohio","Huron","dry peas",0.169545966743191
39077,"Ohio","Huron","oats",1.87155361633898
39077,"Ohio","Huron","soybeans",6650.99718244974
39077,"Ohio","Huron","sunflower",0.304013457608481
39077,"Ohio","Huron","wheat",931.565403283843
39079,"Ohio","Jackson","corn",1460.07128668022
39079,"Ohio","Jackson","oats",35.8325920235762
39079,"Ohio","Jackson","soybeans",2237.68249996241
39079,"Ohio","Jackson","wheat",199.177331333798
39081,"Ohio","Jefferson","barley",0
39081,"Ohio","Jefferson","corn",0
39081,"Ohio","Jefferson","dry peas",0
39081,"Ohio","Jefferson","grain sorghum",0
39081,"Ohio","Jefferson","oats",0
39081,"Ohio","Jefferson","soybeans",0
39081,"Ohio","Jefferson","sunflower",0
39081,"Ohio","Jefferson","wheat",0
39083,"Ohio","Knox","barley",41.8625919639734
39083,"Ohio","Knox","corn",9536.10839027875
39083,"Ohio","Knox","oats",46.7840817038831
39083,"Ohio","Knox","soybeans",10091.997651682
39083,"Ohio","Knox","sunflower",1.30307022332694
39083,"Ohio","Knox","wheat",689.076214148018
39085,"Ohio","Lake","barley",1.9437476160046
39085,"Ohio","Lake","corn",86.8204028902693
39085,"Ohio","Lake","oats",5.96779111803812
39085,"Ohio","Lake","soybeans",280.072650242486
39085,"Ohio","Lake","wheat",17.5739081332016
39087,"Ohio","Lawrence","corn",0
39087,"Ohio","Lawrence","oats",0
39087,"Ohio","Lawrence","soybeans",0
39087,"Ohio","Lawrence","wheat",0
39089,"Ohio","Licking","barley",24.7485562159841
39089,"Ohio","Licking","corn",4004.74428125852
39089,"Ohio","Licking","grain sorghum",2.59224443056094
39089,"Ohio","Licking","oats",10.568957156649
39089,"Ohio","Licking","soybeans",5098.40351430769
39089,"Ohio","Licking","sunflower",0.668616996639303
39089,"Ohio","Licking","wheat",325.572979633941
39091,"Ohio","Logan","barley",8.5790850372267
39091,"Ohio","Logan","canola",1.74369438939669
39091,"Ohio","Logan","corn",3954.96673051101
39091,"Ohio","Logan","grain sorghum",0.762119385770579
39091,"Ohio","Logan","oats",26.23135617604
39091,"Ohio","Logan","soybeans",5030.51339019263
39091,"Ohio","Logan","sunflower",0.997328005897921
39091,"Ohio","Logan","wheat",336.207092968627
39093,"Ohio","Lorain","barley",2.19789094886765
39093,"Ohio","Lorain","corn",706.584680507277
39093,"Ohio","Lorain","oats",1.37483928460692
39093,"Ohio","Lorain","soybeans",1797.26535789876
39093,"Ohio","Lorain","sunflower",1.50585663736952
39093,"Ohio","Lorain","wheat",141.528874723121
39097,"Ohio","Madison","barley",0.718005375902228
39097,"Ohio","Madison","corn",1081.96531230377
39097,"Ohio","Madison","oats",0.238384347689247
39097,"Ohio","Madison","soybeans",1530.94249707195
39097,"Ohio","Madison","sunflower",0.0804900559820084
39097,"Ohio","Madison","wheat",94.8864108447461
39099,"Ohio","Mahoning","barley",7.148355336293
39099,"Ohio","Mahoning","corn",1644.32013491201
39099,"Ohio","Mahoning","grain sorghum",1.03600855664539
39099,"Ohio","Mahoning","oats",47.3264056950529
39099,"Ohio","Mahoning","soybeans",1896.83024415782
39099,"Ohio","Mahoning","sunflower",4.65218657168292
39099,"Ohio","Mahoning","wheat",287.214964770496
39101,"Ohio","Marion","barley",0
39101,"Ohio","Marion","corn",0
39101,"Ohio","Marion","grain sorghum",0
39101,"Ohio","Marion","oats",0
39101,"Ohio","Marion","soybeans",0
39101,"Ohio","Marion","sunflower",0
39101,"Ohio","Marion","wheat",0
39103,"Ohio","Medina","barley",2.57141349853865
39103,"Ohio","Medina","corn",277.389517597664
39103,"Ohio","Medina","oats",1.51093067155709
39103,"Ohio","Medina","soybeans",492.975273414291
39103,"Ohio","Medina","wheat",61.1440314846145
39105,"Ohio","Meigs","corn",0
39105,"Ohio","Meigs","oats",0
39105,"Ohio","Meigs","soybeans",0
39105,"Ohio","Meigs","sunflower",0
39105,"Ohio","Meigs","wheat",0
39107,"Ohio","Mercer","barley",10.4385042115231
39107,"Ohio","Mercer","corn",5556.5600298069
39107,"Ohio","Mercer","cotton",0.046628668053433
39107,"Ohio","Mercer","grain sorghum",1.10153960982142
39107,"Ohio","Mercer","oats",20.9200271297019
39107,"Ohio","Mercer","safflower",0.171473166390044
39107,"Ohio","Mercer","soybeans",5715.67360389759
39107,"Ohio","Mercer","sunflower",4.24461266673928
39107,"Ohio","Mercer","wheat",637.731067509898
39109,"Ohio","Miami","barley",0.548007302447334
39109,"Ohio","Miami","corn",490.338441190501
39109,"Ohio","Miami","oats",0.232998356632369
39109,"Ohio","Miami","soybeans",569.394929960371
39109,"Ohio","Miami","sunflower",0.0102455155324434
39109,"Ohio","Miami","wheat",25.0631376745396
39111,"Ohio","Monroe","barley",0
39111,"Ohio","Monroe","corn",0
39111,"Ohio","Monroe","oats",0
39111,"Ohio","Monroe","soybeans",0
39111,"Ohio","Monroe","wheat",0
39113,"Ohio","Montgomery","barley",0.827028496790935
39113,"Ohio","Montgomery","corn",428.180480767365
39113,"Ohio","Montgomery","grain sorghum",0.0497054990773293
39113,"Ohio","Montgomery","oats",0.34670769070701
39113,"Ohio","Montgomery","soybeans",548.215653840039
39113,"Ohio","Montgomery","sunflower",0.074274217192695
39113,"Ohio","Montgomery","wheat",24.6703161554797
39115,"Ohio","Morgan","barley",0
39115,"Ohio","Morgan","corn",0
39115,"Ohio","Morgan","oats",0
39115,"Ohio","Morgan","soybeans",0
39115,"Ohio","Morgan","wheat",0
39117,"Ohio","Morrow","barley",4.41877262986367
39117,"Ohio","Morrow","corn",3146.43713436615
39117,"Ohio","Morrow","oats",27.7024246764008
39117,"Ohio","Morrow","soybeans",5196.11147857243
39117,"Ohio","Morrow","sunflower",0.00448840789707717
39117,"Ohio","Morrow","wheat",565.322768013926
39119,"Ohio","Muskingum","barley",2.47877901826999
39119,"Ohio","Muskingum","corn",2115.4419674843
39119,"Ohio","Muskingum","flaxseed",0.687142156249615
39119,"Ohio","Muskingum","grain sorghum",1.70393435828511
39119,"Ohio","Muskingum","oats",16.7203848899015
39119,"Ohio","Muskingum","soybeans",1903.29991251263
39119,"Ohio","Muskingum","wheat",90.6250295803687
39121,"Ohio","Noble","corn",0
39121,"Ohio","Noble","oats",0
39121,"Ohio","Noble","soybeans",0
39123,"Ohio","Ottawa","barley",19.4383115497941
39123,"Ohio","Ottawa","canola",4.44960061733968
39123,"Ohio","Ottawa","corn",1012.39834075194
39123,"Ohio","Ottawa","mustard",0.00108867608791902
39123,"Ohio","Ottawa","oats",8.52515027547185
39123,"Ohio","Ottawa","soybeans",3524.2901019193
39123,"Ohio","Ottawa","sunflower",6.06479675057927
39123,"Ohio","Ottawa","wheat",424.557219459481
39125,"Ohio","Paulding","barley",2.54420276080034
39125,"Ohio","Paulding","corn",2567.91141611229
39125,"Ohio","Paulding","grain sorghum",1.73620586646584
39125,"Ohio","Paulding","oats",5.91383316721573
39125,"Ohio","Paulding","soybeans",5086.79888718093
39125,"Ohio","Paulding","sunflower",0.0588180523505986
39125,"Ohio","Paulding","wheat",1019.51880352657
39127,"Ohio","Perry","barley",3.62074396863392
39127,"Ohio","Perry","corn",2516.20197566833
39127,"Ohio","Perry","grain sorghum",0.162941312305464
39127,"Ohio","Perry","oats",17.4212464235517
39127,"Ohio","Perry","soybeans",2615.54378427579
39127,"Ohio","Perry","wheat",189.408308351389
39129,"Ohio","Pickaway","barley",4.37632728161435
39129,"Ohio","Pickaway","corn",2037.6453528357
39129,"Ohio","Pickaway","grain sorghum",1.91070753737305
39129,"Ohio","Pickaway","oats",0.418571118761229
39129,"Ohio","Pickaway","soybeans",2767.43133316894
39129,"Ohio","Pickaway","sunflower",0.0707753654533583
39129,"Ohio","Pickaway","wheat",224.574766025534
39131,"Ohio","Pike","corn",2214.06130813107
39131,"Ohio","Pike","oats",3.35155167078051
39131,"Ohio","Pike","soybeans",2770.64722264533
39131,"Ohio","Pike","wheat",170.641524219485
39133,"Ohio","Portage","barley",0.481128948698235
39133,"Ohio","Portage","corn",382.084149139841
39133,"Ohio","Portage","oats",6.76576519366705
39133,"Ohio","Portage","soybeans",502.696980323983
39133,"Ohio","Portage","sunflower",0.0583401193383311
39133,"Ohio","Portage","wheat",54.1309696078062
39135,"Ohio","Preble","barley",6.16072810398613
39135,"Ohio","Preble","canola",0.473607436387698
39135,"Ohio","Preble","corn",1942.09122991167
39135,"Ohio","Preble","grain sorghum",2.8101949559773
39135,"Ohio","Preble","oats",1.27203507409118
39135,"Ohio","Preble","soybeans",2303.44497672722
39135,"Ohio","Preble","wheat",153.366061124043
39137,"Ohio","Putnam","barley",5.31875805937324
39137,"Ohio","Putnam","corn",2252.19457904993
39137,"Ohio","Putnam","grain sorghum",2.01401722350613
39137,"Ohio","Putnam","oats",1.93789642750241
39137,"Ohio","Putnam","soybeans",4153.58084974694
39137,"Ohio","Putnam","sunflower",2.44778307947519
39137,"Ohio","Putnam","wheat",835.776756413252
39139,"Ohio","Richland","barley",0
39139,"Ohio","Richland","corn",0
39139,"Ohio","Richland","oats",0
39139,"Ohio","Richland","soybeans",0
39139,"Ohio","Richland","sunflower",0
39139,"Ohio","Richland","wheat",0
39141,"Ohio","Ross","barley",14.8774202814433
39141,"Ohio","Ross","corn",3088.06581137187
39141,"Ohio","Ross","grain sorghum",1.18403663202892
39141,"Ohio","Ross","oats",3.96285220373758
39141,"Ohio","Ross","soybeans",3872.01954393346
39141,"Ohio","Ross","sunflower",4.12123683721532
39141,"Ohio","Ross","wheat",379.416132073579
39143,"Ohio","Sandusky","barley",3.97148166150185
39143,"Ohio","Sandusky","corn",2696.1335390566
39143,"Ohio","Sandusky","grain sorghum",1.03382735830974
39143,"Ohio","Sandusky","oats",6.05438607710257
39143,"Ohio","Sandusky","soybeans",4086.97321208395
39143,"Ohio","Sandusky","sunflower",2.75204530404605
39143,"Ohio","Sandusky","wheat",454.407548458506
39145,"Ohio","Scioto","corn",353.529101642918
39145,"Ohio","Scioto","oats",0.682527622283876
39145,"Ohio","Scioto","soybeans",733.36362082233
39145,"Ohio","Scioto","sunflower",0.0302953437169745
39145,"Ohio","Scioto","wheat",21.2611545687524
39147,"Ohio","Seneca","barley",6.30924495898934
39147,"Ohio","Seneca","corn",4881.88982862885
39147,"Ohio","Seneca","oats",5.82994021140075
39147,"Ohio","Seneca","soybeans",7697.94683893574
39147,"Ohio","Seneca","wheat",1390.07898059832
39149,"Ohio","Shelby","barley",6.40435009754406
39149,"Ohio","Shelby","corn",4686.09142712507
39149,"Ohio","Shelby","oats",8.74496531982512
39149,"Ohio","Shelby","soybeans",6155.06151586941
39149,"Ohio","Shelby","sunflower",1.91884148438971
39149,"Ohio","Shelby","wheat",611.933900103754
39151,"Ohio","Stark","barley",4.23324581732268
39151,"Ohio","Stark","corn",2737.50334683429
39151,"Ohio","Stark","grain sorghum",5.35974348716958
39151,"Ohio","Stark","oats",49.8519726308377
39151,"Ohio","Stark","soybeans",2666.89242072438
39151,"Ohio","Stark","sunflower",0.546366717255444
39151,"Ohio","Stark","wheat",430.308428788756
39153,"Ohio","Summit","barley",0
39153,"Ohio","Summit","corn",0
39153,"Ohio","Summit","oats",0
39153,"Ohio","Summit","soybeans",0
39153,"Ohio","Summit","wheat",0
39155,"Ohio","Trumbull","barley",22.6779309958509
39155,"Ohio","Trumbull","corn",1168.57971769008
39155,"Ohio","Trumbull","oats",41.8579233366753
39155,"Ohio","Trumbull","soybeans",1636.07462015635
39155,"Ohio","Trumbull","wheat",135.638807821037
39157,"Ohio","Tuscarawas","barley",6.57093480251006
39157,"Ohio","Tuscarawas","corn",4374.58720377127
39157,"Ohio","Tuscarawas","grain sorghum",2.00049784595474
39157,"Ohio","Tuscarawas","oats",48.6530616513402
39157,"Ohio","Tuscarawas","soybeans",2839.79350976536
39157,"Ohio","Tuscarawas","wheat",429.2879954969
39159,"Ohio","Union","barley",10.6398794881558
39159,"Ohio","Union","corn",2701.86533461895
39159,"Ohio","Union","oats",0.774731268078098
39159,"Ohio","Union","soybeans",5143.59052810506
39159,"Ohio","Union","sunflower",0.0938328391595736
39159,"Ohio","Union","wheat",454.17136034727
39161,"Ohio","Van Wert","barley",2.20804478040513
39161,"Ohio","Van Wert","corn",1481.32079592628
39161,"Ohio","Van Wert","grain sorghum",3.656139571541
39161,"Ohio","Van Wert","oats",1.55813965004856
39161,"Ohio","Van Wert","soybeans",2412.08255250901
39161,"Ohio","Van Wert","wheat",198.243560896052
39163,"Ohio","Vinton","corn",0
39163,"Ohio","Vinton","oats",0
39163,"Ohio","Vinton","soybeans",0
39165,"Ohio","Warren","barley",0.608538667176751
39165,"Ohio","Warren","corn",537.826754271367
39165,"Ohio","Warren","oats",0.236305393096127
39165,"Ohio","Warren","soybeans",994.654203462367
39165,"Ohio","Warren","sunflower",1.40162557276707
39165,"Ohio","Warren","wheat",48.6612926332283
39167,"Ohio","Washington","barley",6.24022396311249
39167,"Ohio","Washington","corn",878.484045921317
39167,"Ohio","Washington","oats",14.8780122976476
39167,"Ohio","Washington","soybeans",760.598453092797
39167,"Ohio","Washington","wheat",28.8953830584536
39169,"Ohio","Wayne","barley",10.4612715366846
39169,"Ohio","Wayne","canola",3.36448745872689
39169,"Ohio","Wayne","corn",2217.24059190732
39169,"Ohio","Wayne","grain sorghum",4.01122658809095
39169,"Ohio","Wayne","oats",38.5393948372848
39169,"Ohio","Wayne","soybeans",1554.81700694667
39169,"Ohio","Wayne","sunflower",8.98818363052298
39169,"Ohio","Wayne","wheat",250.08868042802
39095,"Ohio","West Lucas","corn",18227.4497229886
39095,"Ohio","West Lucas","oats",38.7687559145136
39095,"Ohio","West Lucas","soybeans",18760.1539117714
39095,"Ohio","West Lucas","wheat",3367.53138265883
39171,"Ohio","Williams","barley",3.82418493512787
39171,"Ohio","Williams","corn",3663.5409117384
39171,"Ohio","Williams","oats",9.05892653553842
39171,"Ohio","Williams","soybeans",5527.62669126267
39171,"Ohio","Williams","wheat",775.355785528275
39173,"Ohio","Wood","barley",3.29286128248216
39173,"Ohio","Wood","corn",2280.83437383059
39173,"Ohio","Wood","grain sorghum",0.019077991207892
39173,"Ohio","Wood","oats",3.22594522832048
39173,"Ohio","Wood","soybeans",3736.04003730536
39173,"Ohio","Wood","sunflower",2.54947543132214
39173,"Ohio","Wood","wheat",607.555895597363
39175,"Ohio","Wyandot","barley",2.09785123002297
39175,"Ohio","Wyandot","corn",1603.82696088
39175,"Ohio","Wyandot","oats",1.4854024840028
39175,"Ohio","Wyandot","soybeans",2313.08577461728
39175,"Ohio","Wyandot","sunflower",0.863894239455468
39175,"Ohio","Wyandot","wheat",240.055616549248
40001,"Oklahoma","Adair","corn",3.3246718729112
40001,"Oklahoma","Adair","soybeans",0.835764586406509
40001,"Oklahoma","Adair","wheat",2.36489687401567
40003,"Oklahoma","Alfalfa","barley",24.7344983400301
40003,"Oklahoma","Alfalfa","canola",401.789339041081
40003,"Oklahoma","Alfalfa","corn",548.032927766627
40003,"Oklahoma","Alfalfa","cotton",174.88879571394
40003,"Oklahoma","Alfalfa","grain sorghum",1294.69068825367
40003,"Oklahoma","Alfalfa","oats",157.063879711
40003,"Oklahoma","Alfalfa","sesame",2063.69969541901
40003,"Oklahoma","Alfalfa","soybeans",4663.74925356801
40003,"Oklahoma","Alfalfa","sunflower",88.6627095376185
40003,"Oklahoma","Alfalfa","wheat",67328.838712649
40005,"Oklahoma","Atoka","cotton",0
40005,"Oklahoma","Atoka","oats",0
40005,"Oklahoma","Atoka","peanuts",0
40005,"Oklahoma","Atoka","wheat",0
40007,"Oklahoma","Beaver","corn",0
40007,"Oklahoma","Beaver","cotton",0
40007,"Oklahoma","Beaver","grain sorghum",0
40007,"Oklahoma","Beaver","oats",0
40007,"Oklahoma","Beaver","sesame",0
40007,"Oklahoma","Beaver","soybeans",0
40007,"Oklahoma","Beaver","wheat",0
40009,"Oklahoma","Beckham","barley",0
40009,"Oklahoma","Beckham","corn",0
40009,"Oklahoma","Beckham","cotton",0
40009,"Oklahoma","Beckham","grain sorghum",0
40009,"Oklahoma","Beckham","mustard",0
40009,"Oklahoma","Beckham","oats",0
40009,"Oklahoma","Beckham","peanuts",0
40009,"Oklahoma","Beckham","sesame",0
40009,"Oklahoma","Beckham","soybeans",0
40009,"Oklahoma","Beckham","sunflower",0
40009,"Oklahoma","Beckham","wheat",0
40011,"Oklahoma","Blaine","barley",147.042040617384
40011,"Oklahoma","Blaine","canola",243.388903354263
40011,"Oklahoma","Blaine","corn",152.481393315832
40011,"Oklahoma","Blaine","cotton",576.503781842645
40011,"Oklahoma","Blaine","dry peas",8.5899424856368
40011,"Oklahoma","Blaine","grain sorghum",165.920439772648
40011,"Oklahoma","Blaine","oats",60.892282317597
40011,"Oklahoma","Blaine","peanuts",91.6854203286594
40011,"Oklahoma","Blaine","sesame",224.90294111525
40011,"Oklahoma","Blaine","soybeans",408.738214634358
40011,"Oklahoma","Blaine","sunflower",54.2802218898648
40011,"Oklahoma","Blaine","wheat",48418.6798916592
40013,"Oklahoma","Bryan","corn",0
40013,"Oklahoma","Bryan","cotton",0
40013,"Oklahoma","Bryan","grain sorghum",0
40013,"Oklahoma","Bryan","oats",0
40013,"Oklahoma","Bryan","soybeans",0
40013,"Oklahoma","Bryan","sunflower",0
40013,"Oklahoma","Bryan","wheat",0
40015,"Oklahoma","Caddo","barley",0
40015,"Oklahoma","Caddo","corn",0
40015,"Oklahoma","Caddo","cotton",0
40015,"Oklahoma","Caddo","grain sorghum",0
40015,"Oklahoma","Caddo","oats",0
40015,"Oklahoma","Caddo","peanuts",0
40015,"Oklahoma","Caddo","sesame",0
40015,"Oklahoma","Caddo","soybeans",0
40015,"Oklahoma","Caddo","sunflower",0
40015,"Oklahoma","Caddo","wheat",0
40017,"Oklahoma","Canadian","barley",0
40017,"Oklahoma","Canadian","canola",0
40017,"Oklahoma","Canadian","corn",0
40017,"Oklahoma","Canadian","cotton",0
40017,"Oklahoma","Canadian","grain sorghum",0
40017,"Oklahoma","Canadian","oats",0
40017,"Oklahoma","Canadian","peanuts",0
40017,"Oklahoma","Canadian","sesame",0
40017,"Oklahoma","Canadian","soybeans",0
40017,"Oklahoma","Canadian","sunflower",0
40017,"Oklahoma","Canadian","wheat",0
40019,"Oklahoma","Carter","oats",0
40019,"Oklahoma","Carter","soybeans",0
40019,"Oklahoma","Carter","wheat",0
40021,"Oklahoma","Cherokee","corn",0
40021,"Oklahoma","Cherokee","oats",0
40021,"Oklahoma","Cherokee","soybeans",0
40021,"Oklahoma","Cherokee","wheat",0
40023,"Oklahoma","Choctaw","corn",0
40023,"Oklahoma","Choctaw","grain sorghum",0
40023,"Oklahoma","Choctaw","oats",0
40023,"Oklahoma","Choctaw","peanuts",0
40023,"Oklahoma","Choctaw","soybeans",0
40023,"Oklahoma","Choctaw","wheat",0
40025,"Oklahoma","Cimarron","barley",353.323035444443
40025,"Oklahoma","Cimarron","corn",6547.66874738383
40025,"Oklahoma","Cimarron","cotton",2737.42482902867
40025,"Oklahoma","Cimarron","grain sorghum",29967.3219477982
40025,"Oklahoma","Cimarron","oats",1314.53690237109
40025,"Oklahoma","Cimarron","sesame",331.187460465983
40025,"Oklahoma","Cimarron","sunflower",312.819840582387
40025,"Oklahoma","Cimarron","wheat",49823.9622369255
40027,"Oklahoma","Cleveland","corn",0
40027,"Oklahoma","Cleveland","cotton",0
40027,"Oklahoma","Cleveland","grain sorghum",0
40027,"Oklahoma","Cleveland","oats",0
40027,"Oklahoma","Cleveland","soybeans",0
40027,"Oklahoma","Cleveland","wheat",0
40029,"Oklahoma","Coal","soybeans",0
40029,"Oklahoma","Coal","wheat",0
40031,"Oklahoma","Comanche","barley",0
40031,"Oklahoma","Comanche","corn",0
40031,"Oklahoma","Comanche","cotton",0
40031,"Oklahoma","Comanche","grain sorghum",0
40031,"Oklahoma","Comanche","oats",0
40031,"Oklahoma","Comanche","sesame",0
40031,"Oklahoma","Comanche","wheat",0
40033,"Oklahoma","Cotton","barley",104.334951207587
40033,"Oklahoma","Cotton","canola",26.4459475882657
40033,"Oklahoma","Cotton","corn",181.555330610902
40033,"Oklahoma","Cotton","cotton",2270.8860028957
40033,"Oklahoma","Cotton","grain sorghum",460.318002052828
40033,"Oklahoma","Cotton","oats",252.691847406339
40033,"Oklahoma","Cotton","soybeans",39.3899445987396
40033,"Oklahoma","Cotton","wheat",46064.3444736396
40035,"Oklahoma","Craig","barley",0
40035,"Oklahoma","Craig","corn",0
40035,"Oklahoma","Craig","grain sorghum",0
40035,"Oklahoma","Craig","oats",0
40035,"Oklahoma","Craig","soybeans",0
40035,"Oklahoma","Craig","sunflower",0
40035,"Oklahoma","Craig","wheat",0
40037,"Oklahoma","Creek","corn",0
40037,"Oklahoma","Creek","grain sorghum",0
40037,"Oklahoma","Creek","oats",0
40037,"Oklahoma","Creek","soybeans",0
40037,"Oklahoma","Creek","wheat",0
40039,"Oklahoma","Custer","barley",0
40039,"Oklahoma","Custer","canola",0
40039,"Oklahoma","Custer","corn",0
40039,"Oklahoma","Custer","cotton",0
40039,"Oklahoma","Custer","grain sorghum",0
40039,"Oklahoma","Custer","oats",0
40039,"Oklahoma","Custer","peanuts",0
40039,"Oklahoma","Custer","sesame",0
40039,"Oklahoma","Custer","soybeans",0
40039,"Oklahoma","Custer","sunflower",0
40039,"Oklahoma","Custer","wheat",0
40041,"Oklahoma","Delaware","corn",0
40041,"Oklahoma","Delaware","grain sorghum",0
40041,"Oklahoma","Delaware","oats",0
40041,"Oklahoma","Delaware","soybeans",0
40041,"Oklahoma","Delaware","wheat",0
40043,"Oklahoma","Dewey","barley",44.6886814242305
40043,"Oklahoma","Dewey","canola",29.8067346044589
40043,"Oklahoma","Dewey","corn",3.1929775152979
40043,"Oklahoma","Dewey","cotton",58.6948152762377
40043,"Oklahoma","Dewey","dry peas",15.3385804445059
40043,"Oklahoma","Dewey","grain sorghum",68.8879349168892
40043,"Oklahoma","Dewey","oats",13.4238670636232
40043,"Oklahoma","Dewey","peanuts",2.57761208358755
40043,"Oklahoma","Dewey","sesame",70.8181911232882
40043,"Oklahoma","Dewey","soybeans",28.0142035432935
40043,"Oklahoma","Dewey","sunflower",4.4015093522028
40043,"Oklahoma","Dewey","wheat",7275.46526765241
40045,"Oklahoma","Ellis","barley",0
40045,"Oklahoma","Ellis","corn",0
40045,"Oklahoma","Ellis","cotton",0
40045,"Oklahoma","Ellis","grain sorghum",0
40045,"Oklahoma","Ellis","oats",0
40045,"Oklahoma","Ellis","sesame",0
40045,"Oklahoma","Ellis","soybeans",0
40045,"Oklahoma","Ellis","sunflower",0
40045,"Oklahoma","Ellis","wheat",0
40047,"Oklahoma","Garfield","barley",198.807838868119
40047,"Oklahoma","Garfield","canola",569.774807810286
40047,"Oklahoma","Garfield","corn",3881.53726204436
40047,"Oklahoma","Garfield","cotton",41.8769512354868
40047,"Oklahoma","Garfield","grain sorghum",3551.68490209367
40047,"Oklahoma","Garfield","oats",593.028929296365
40047,"Oklahoma","Garfield","sesame",673.478752477991
40047,"Oklahoma","Garfield","soybeans",11365.8177540919
40047,"Oklahoma","Garfield","sunflower",64.3025487247995
40047,"Oklahoma","Garfield","wheat",65389.239153357
40049,"Oklahoma","Garvin","barley",0
40049,"Oklahoma","Garvin","corn",0
40049,"Oklahoma","Garvin","cotton",0
40049,"Oklahoma","Garvin","grain sorghum",0
40049,"Oklahoma","Garvin","oats",0
40049,"Oklahoma","Garvin","soybeans",0
40049,"Oklahoma","Garvin","wheat",0
40051,"Oklahoma","Grady","barley",0
40051,"Oklahoma","Grady","corn",0
40051,"Oklahoma","Grady","cotton",0
40051,"Oklahoma","Grady","grain sorghum",0
40051,"Oklahoma","Grady","oats",0
40051,"Oklahoma","Grady","peanuts",0
40051,"Oklahoma","Grady","sesame",0
40051,"Oklahoma","Grady","soybeans",0
40051,"Oklahoma","Grady","sunflower",0
40051,"Oklahoma","Grady","wheat",0
40053,"Oklahoma","Grant","barley",56.1403826571339
40053,"Oklahoma","Grant","canola",134.445496319695
40053,"Oklahoma","Grant","corn",732.156729397277
40053,"Oklahoma","Grant","cotton",761.874646506626
40053,"Oklahoma","Grant","grain sorghum",925.759652568385
40053,"Oklahoma","Grant","oats",88.17888776041
40053,"Oklahoma","Grant","sesame",144.858273252653
40053,"Oklahoma","Grant","soybeans",4172.2732673705
40053,"Oklahoma","Grant","sunflower",20.0307664365714
40053,"Oklahoma","Grant","wheat",16507.2323777308
40055,"Oklahoma","Greer","barley",0
40055,"Oklahoma","Greer","canola",0
40055,"Oklahoma","Greer","corn",0
40055,"Oklahoma","Greer","cotton",0
40055,"Oklahoma","Greer","grain sorghum",0
40055,"Oklahoma","Greer","oats",0
40055,"Oklahoma","Greer","peanuts",0
40055,"Oklahoma","Greer","sesame",0
40055,"Oklahoma","Greer","wheat",0
40057,"Oklahoma","Harmon","barley",107.497312547947
40057,"Oklahoma","Harmon","corn",87.2801363490946
40057,"Oklahoma","Harmon","cotton",3601.5747821761
40057,"Oklahoma","Harmon","grain sorghum",112.791571657557
40057,"Oklahoma","Harmon","oats",10.8312010712658
40057,"Oklahoma","Harmon","peanuts",4.84326548271585
40057,"Oklahoma","Harmon","sesame",8.83202513921891
40057,"Oklahoma","Harmon","soybeans",9.53545369587677
40057,"Oklahoma","Harmon","wheat",8422.84394521357
40059,"Oklahoma","Harper","barley",0
40059,"Oklahoma","Harper","corn",0
40059,"Oklahoma","Harper","cotton",0
40059,"Oklahoma","Harper","grain sorghum",0
40059,"Oklahoma","Harper","oats",0
40059,"Oklahoma","Harper","sesame",0
40059,"Oklahoma","Harper","soybeans",0
40059,"Oklahoma","Harper","wheat",0
40061,"Oklahoma","Haskell","corn",0
40061,"Oklahoma","Haskell","soybeans",0
40061,"Oklahoma","Haskell","wheat",0
40063,"Oklahoma","Hughes","corn",0
40063,"Oklahoma","Hughes","cotton",0
40063,"Oklahoma","Hughes","grain sorghum",0
40063,"Oklahoma","Hughes","oats",0
40063,"Oklahoma","Hughes","soybeans",0
40063,"Oklahoma","Hughes","wheat",0
40065,"Oklahoma","Jackson","barley",178.846088447347
40065,"Oklahoma","Jackson","corn",16.6676926357665
40065,"Oklahoma","Jackson","cotton",20033.228595286
40065,"Oklahoma","Jackson","dry peas",16.8366742334648
40065,"Oklahoma","Jackson","grain sorghum",456.70489224531
40065,"Oklahoma","Jackson","oats",106.020408459417
40065,"Oklahoma","Jackson","peanuts",8.6770599635763
40065,"Oklahoma","Jackson","sesame",130.112721408443
40065,"Oklahoma","Jackson","sunflower",42.4885781751488
40065,"Oklahoma","Jackson","wheat",27100.2492224788
40067,"Oklahoma","Jefferson","cotton",0
40067,"Oklahoma","Jefferson","oats",0
40067,"Oklahoma","Jefferson","wheat",0
40069,"Oklahoma","Johnston","corn",0
40069,"Oklahoma","Johnston","oats",0
40069,"Oklahoma","Johnston","soybeans",0
40069,"Oklahoma","Johnston","wheat",0
40071,"Oklahoma","Kay","barley",13.7052028035237
40071,"Oklahoma","Kay","canola",19.715695955857
40071,"Oklahoma","Kay","corn",2464.48349511828
40071,"Oklahoma","Kay","cotton",771.076539651421
40071,"Oklahoma","Kay","grain sorghum",1521.68118079247
40071,"Oklahoma","Kay","oats",219.427163529024
40071,"Oklahoma","Kay","sesame",131.942237208342
40071,"Oklahoma","Kay","soybeans",12297.2136938319
40071,"Oklahoma","Kay","wheat",15628.2107911091
40073,"Oklahoma","Kingfisher","barley",335.506372199605
40073,"Oklahoma","Kingfisher","canola",583.076728524549
40073,"Oklahoma","Kingfisher","corn",155.131796190757
40073,"Oklahoma","Kingfisher","cotton",91.9392507513221
40073,"Oklahoma","Kingfisher","grain sorghum",458.623301714332
40073,"Oklahoma","Kingfisher","oats",348.738696546533
40073,"Oklahoma","Kingfisher","sesame",458.924138746013
40073,"Oklahoma","Kingfisher","soybeans",543.897335335276
40073,"Oklahoma","Kingfisher","sunflower",28.1903319995513
40073,"Oklahoma","Kingfisher","wheat",69578.9817479921
40075,"Oklahoma","Kiowa","barley",0
40075,"Oklahoma","Kiowa","corn",0
40075,"Oklahoma","Kiowa","cotton",0
40075,"Oklahoma","Kiowa","grain sorghum",0
40075,"Oklahoma","Kiowa","oats",0
40075,"Oklahoma","Kiowa","peanuts",0
40075,"Oklahoma","Kiowa","sesame",0
40075,"Oklahoma","Kiowa","soybeans",0
40075,"Oklahoma","Kiowa","wheat",0
40079,"Oklahoma","Le Flore","corn",306.777055170338
40079,"Oklahoma","Le Flore","cotton",26.6174038543745
40079,"Oklahoma","Le Flore","oats",1.87646375836054
40079,"Oklahoma","Le Flore","soybeans",943.965601840316
40079,"Oklahoma","Le Flore","wheat",387.527295376618
40081,"Oklahoma","Lincoln","corn",0
40081,"Oklahoma","Lincoln","cotton",0
40081,"Oklahoma","Lincoln","grain sorghum",0
40081,"Oklahoma","Lincoln","oats",0
40081,"Oklahoma","Lincoln","soybeans",0
40081,"Oklahoma","Lincoln","sunflower",0
40081,"Oklahoma","Lincoln","wheat",0
40083,"Oklahoma","Logan","barley",0
40083,"Oklahoma","Logan","canola",0
40083,"Oklahoma","Logan","corn",0
40083,"Oklahoma","Logan","dry peas",0
40083,"Oklahoma","Logan","grain sorghum",0
40083,"Oklahoma","Logan","oats",0
40083,"Oklahoma","Logan","sesame",0
40083,"Oklahoma","Logan","soybeans",0
40083,"Oklahoma","Logan","wheat",0
40085,"Oklahoma","Love","corn",0
40085,"Oklahoma","Love","cotton",0
40085,"Oklahoma","Love","grain sorghum",0
40085,"Oklahoma","Love","oats",0
40085,"Oklahoma","Love","peanuts",0
40085,"Oklahoma","Love","sesame",0
40085,"Oklahoma","Love","soybeans",0
40085,"Oklahoma","Love","wheat",0
40093,"Oklahoma","Major","barley",73.9398677621751
40093,"Oklahoma","Major","canola",77.1983389503174
40093,"Oklahoma","Major","corn",869.800594354085
40093,"Oklahoma","Major","cotton",233.956192530683
40093,"Oklahoma","Major","grain sorghum",218.676361921256
40093,"Oklahoma","Major","oats",143.698986901888
40093,"Oklahoma","Major","peanuts",56.6825404212159
40093,"Oklahoma","Major","sesame",311.862305904241
40093,"Oklahoma","Major","soybeans",649.89820717924
40093,"Oklahoma","Major","sunflower",36.8860819289156
40093,"Oklahoma","Major","wheat",20904.9229954793
40095,"Oklahoma","Marshall","barley",0
40095,"Oklahoma","Marshall","corn",0
40095,"Oklahoma","Marshall","cotton",0
40095,"Oklahoma","Marshall","grain sorghum",0
40095,"Oklahoma","Marshall","oats",0
40095,"Oklahoma","Marshall","soybeans",0
40095,"Oklahoma","Marshall","wheat",0
40097,"Oklahoma","Mayes","barley",0
40097,"Oklahoma","Mayes","corn",0
40097,"Oklahoma","Mayes","grain sorghum",0
40097,"Oklahoma","Mayes","oats",0
40097,"Oklahoma","Mayes","soybeans",0
40097,"Oklahoma","Mayes","sunflower",0
40097,"Oklahoma","Mayes","wheat",0
40087,"Oklahoma","McClain","corn",0
40087,"Oklahoma","McClain","cotton",0
40087,"Oklahoma","McClain","grain sorghum",0
40087,"Oklahoma","McClain","oats",0
40087,"Oklahoma","McClain","soybeans",0
40087,"Oklahoma","McClain","wheat",0
40089,"Oklahoma","McCurtain","corn",0
40089,"Oklahoma","McCurtain","cotton",0
40089,"Oklahoma","McCurtain","grain sorghum",0
40089,"Oklahoma","McCurtain","oats",0
40089,"Oklahoma","McCurtain","soybeans",0
40089,"Oklahoma","McCurtain","wheat",0
40091,"Oklahoma","McIntosh","corn",0
40091,"Oklahoma","McIntosh","grain sorghum",0
40091,"Oklahoma","McIntosh","soybeans",0
40091,"Oklahoma","McIntosh","wheat",0
40099,"Oklahoma","Murray","oats",0
40099,"Oklahoma","Murray","soybeans",0
40099,"Oklahoma","Murray","wheat",0
40101,"Oklahoma","Muskogee","corn",0
40101,"Oklahoma","Muskogee","cotton",0
40101,"Oklahoma","Muskogee","grain sorghum",0
40101,"Oklahoma","Muskogee","oats",0
40101,"Oklahoma","Muskogee","soybeans",0
40101,"Oklahoma","Muskogee","wheat",0
40103,"Oklahoma","Noble","barley",8.90638440644664
40103,"Oklahoma","Noble","canola",1.01609475648122
40103,"Oklahoma","Noble","corn",45.7625389316315
40103,"Oklahoma","Noble","cotton",3.88353063974266
40103,"Oklahoma","Noble","grain sorghum",34.1218915700387
40103,"Oklahoma","Noble","oats",4.65447101446895
40103,"Oklahoma","Noble","sesame",5.30180785351199
40103,"Oklahoma","Noble","soybeans",134.058401066974
40103,"Oklahoma","Noble","wheat",485.373813094071
40105,"Oklahoma","Nowata","corn",0
40105,"Oklahoma","Nowata","grain sorghum",0
40105,"Oklahoma","Nowata","oats",0
40105,"Oklahoma","Nowata","soybeans",0
40105,"Oklahoma","Nowata","wheat",0
40107,"Oklahoma","Okfuskee","corn",0
40107,"Oklahoma","Okfuskee","cotton",0
40107,"Oklahoma","Okfuskee","oats",0
40107,"Oklahoma","Okfuskee","soybeans",0
40107,"Oklahoma","Okfuskee","wheat",0
40109,"Oklahoma","Oklahoma","barley",0
40109,"Oklahoma","Oklahoma","corn",0
40109,"Oklahoma","Oklahoma","cotton",0
40109,"Oklahoma","Oklahoma","grain sorghum",0
40109,"Oklahoma","Oklahoma","oats",0
40109,"Oklahoma","Oklahoma","sesame",0
40109,"Oklahoma","Oklahoma","soybeans",0
40109,"Oklahoma","Oklahoma","wheat",0
40111,"Oklahoma","Okmulgee","canola",0
40111,"Oklahoma","Okmulgee","corn",0
40111,"Oklahoma","Okmulgee","cotton",0
40111,"Oklahoma","Okmulgee","grain sorghum",0
40111,"Oklahoma","Okmulgee","oats",0
40111,"Oklahoma","Okmulgee","soybeans",0
40111,"Oklahoma","Okmulgee","sunflower",0
40111,"Oklahoma","Okmulgee","wheat",0
40113,"Oklahoma","Osage","barley",0
40113,"Oklahoma","Osage","corn",0
40113,"Oklahoma","Osage","grain sorghum",0
40113,"Oklahoma","Osage","oats",0
40113,"Oklahoma","Osage","soybeans",0
40113,"Oklahoma","Osage","wheat",0
40115,"Oklahoma","Ottawa","canola",0
40115,"Oklahoma","Ottawa","corn",0
40115,"Oklahoma","Ottawa","grain sorghum",0
40115,"Oklahoma","Ottawa","oats",0
40115,"Oklahoma","Ottawa","soybeans",0
40115,"Oklahoma","Ottawa","sunflower",0
40115,"Oklahoma","Ottawa","wheat",0
40117,"Oklahoma","Pawnee","barley",0
40117,"Oklahoma","Pawnee","corn",0
40117,"Oklahoma","Pawnee","grain sorghum",0
40117,"Oklahoma","Pawnee","oats",0
40117,"Oklahoma","Pawnee","soybeans",0
40117,"Oklahoma","Pawnee","wheat",0
40119,"Oklahoma","Payne","barley",0
40119,"Oklahoma","Payne","canola",0
40119,"Oklahoma","Payne","corn",0
40119,"Oklahoma","Payne","dry peas",0
40119,"Oklahoma","Payne","grain sorghum",0
40119,"Oklahoma","Payne","oats",0
40119,"Oklahoma","Payne","soybeans",0
40119,"Oklahoma","Payne","wheat",0
40121,"Oklahoma","Pittsburg","corn",0
40121,"Oklahoma","Pittsburg","grain sorghum",0
40121,"Oklahoma","Pittsburg","soybeans",0
40121,"Oklahoma","Pittsburg","wheat",0
40123,"Oklahoma","Pontotoc","corn",0
40123,"Oklahoma","Pontotoc","oats",0
40123,"Oklahoma","Pontotoc","soybeans",0
40123,"Oklahoma","Pontotoc","wheat",0
40125,"Oklahoma","Pottawatomie","corn",0
40125,"Oklahoma","Pottawatomie","cotton",0
40125,"Oklahoma","Pottawatomie","grain sorghum",0
40125,"Oklahoma","Pottawatomie","oats",0
40125,"Oklahoma","Pottawatomie","soybeans",0
40125,"Oklahoma","Pottawatomie","wheat",0
40129,"Oklahoma","Roger Mills","barley",0
40129,"Oklahoma","Roger Mills","corn",0
40129,"Oklahoma","Roger Mills","cotton",0
40129,"Oklahoma","Roger Mills","grain sorghum",0
40129,"Oklahoma","Roger Mills","oats",0
40129,"Oklahoma","Roger Mills","sesame",0
40129,"Oklahoma","Roger Mills","soybeans",0
40129,"Oklahoma","Roger Mills","wheat",0
40131,"Oklahoma","Rogers","corn",0
40131,"Oklahoma","Rogers","grain sorghum",0
40131,"Oklahoma","Rogers","oats",0
40131,"Oklahoma","Rogers","soybeans",0
40131,"Oklahoma","Rogers","wheat",0
40133,"Oklahoma","Seminole","corn",0
40133,"Oklahoma","Seminole","grain sorghum",0
40133,"Oklahoma","Seminole","soybeans",0
40133,"Oklahoma","Seminole","wheat",0
40135,"Oklahoma","Sequoyah","corn",2268.46451820067
40135,"Oklahoma","Sequoyah","cotton",756.972552161927
40135,"Oklahoma","Sequoyah","grain sorghum",9.38765364356339
40135,"Oklahoma","Sequoyah","soybeans",5130.42675761857
40135,"Oklahoma","Sequoyah","wheat",2000.40738504193
40137,"Oklahoma","Stephens","barley",0
40137,"Oklahoma","Stephens","corn",0
40137,"Oklahoma","Stephens","cotton",0
40137,"Oklahoma","Stephens","oats",0
40137,"Oklahoma","Stephens","peanuts",0
40137,"Oklahoma","Stephens","wheat",0
40139,"Oklahoma","Texas","barley",0
40139,"Oklahoma","Texas","corn",0
40139,"Oklahoma","Texas","cotton",0
40139,"Oklahoma","Texas","grain sorghum",0
40139,"Oklahoma","Texas","oats",0
40139,"Oklahoma","Texas","sesame",0
40139,"Oklahoma","Texas","soybeans",0
40139,"Oklahoma","Texas","sunflower",0
40139,"Oklahoma","Texas","wheat",0
40141,"Oklahoma","Tillman","barley",608.471351099833
40141,"Oklahoma","Tillman","canola",6.8842721550476
40141,"Oklahoma","Tillman","corn",2223.5794265601
40141,"Oklahoma","Tillman","cotton",14094.9745321057
40141,"Oklahoma","Tillman","dry peas",21.5422644275749
40141,"Oklahoma","Tillman","grain sorghum",413.855180243728
40141,"Oklahoma","Tillman","oats",437.969408748428
40141,"Oklahoma","Tillman","peanuts",27.7573853291519
40141,"Oklahoma","Tillman","sesame",120.098193026452
40141,"Oklahoma","Tillman","soybeans",66.0218221922237
40141,"Oklahoma","Tillman","sunflower",11.7542062775283
40141,"Oklahoma","Tillman","wheat",31568.2909378343
40143,"Oklahoma","Tulsa","corn",0
40143,"Oklahoma","Tulsa","grain sorghum",0
40143,"Oklahoma","Tulsa","soybeans",0
40143,"Oklahoma","Tulsa","wheat",0
40145,"Oklahoma","Wagoner","barley",0.727444721659765
40145,"Oklahoma","Wagoner","canola",0.136274644524263
40145,"Oklahoma","Wagoner","corn",51.2287329415531
40145,"Oklahoma","Wagoner","cotton",15.1953179783004
40145,"Oklahoma","Wagoner","grain sorghum",3.1056652012876
40145,"Oklahoma","Wagoner","oats",0.952681006011539
40145,"Oklahoma","Wagoner","soybeans",374.461714549112
40145,"Oklahoma","Wagoner","wheat",180.859168957538
40147,"Oklahoma","Washington","corn",0
40147,"Oklahoma","Washington","grain sorghum",0
40147,"Oklahoma","Washington","oats",0
40147,"Oklahoma","Washington","soybeans",0
40147,"Oklahoma","Washington","wheat",0
40149,"Oklahoma","Washita","barley",314.92337618726
40149,"Oklahoma","Washita","corn",249.928219336147
40149,"Oklahoma","Washita","cotton",4866.78721003203
40149,"Oklahoma","Washita","dry peas",58.1254625813138
40149,"Oklahoma","Washita","grain sorghum",602.581216898848
40149,"Oklahoma","Washita","oats",226.170673970263
40149,"Oklahoma","Washita","peanuts",9.12696160658457
40149,"Oklahoma","Washita","safflower",7.81922708880699
40149,"Oklahoma","Washita","sesame",621.099648090689
40149,"Oklahoma","Washita","soybeans",274.032917613054
40149,"Oklahoma","Washita","sunflower",22.375452506567
40149,"Oklahoma","Washita","wheat",32532.8366540884
40151,"Oklahoma","Woods","barley",0
40151,"Oklahoma","Woods","canola",0
40151,"Oklahoma","Woods","corn",0
40151,"Oklahoma","Woods","grain sorghum",0
40151,"Oklahoma","Woods","oats",0
40151,"Oklahoma","Woods","sesame",0
40151,"Oklahoma","Woods","soybeans",0
40151,"Oklahoma","Woods","sunflower",0
40151,"Oklahoma","Woods","wheat",0
40153,"Oklahoma","Woodward","barley",0
40153,"Oklahoma","Woodward","corn",0
40153,"Oklahoma","Woodward","grain sorghum",0
40153,"Oklahoma","Woodward","oats",0
40153,"Oklahoma","Woodward","sesame",0
40153,"Oklahoma","Woodward","soybeans",0
40153,"Oklahoma","Woodward","sunflower",0
40153,"Oklahoma","Woodward","wheat",0
41001,"Oregon","Baker","barley",0
41001,"Oregon","Baker","canola",0
41001,"Oregon","Baker","corn",0
41001,"Oregon","Baker","oats",0
41001,"Oregon","Baker","sunflower",0
41001,"Oregon","Baker","wheat",0
41003,"Oregon","Benton","barley",0
41003,"Oregon","Benton","corn",0
41003,"Oregon","Benton","mustard",0
41003,"Oregon","Benton","oats",0
41003,"Oregon","Benton","sunflower",0
41003,"Oregon","Benton","wheat",0
41005,"Oregon","Clackamas","barley",0
41005,"Oregon","Clackamas","corn",0
41005,"Oregon","Clackamas","flaxseed",0
41005,"Oregon","Clackamas","grain sorghum",0
41005,"Oregon","Clackamas","oats",0
41005,"Oregon","Clackamas","wheat",0
41007,"Oregon","Clatsop","oats",37.09
41009,"Oregon","Columbia","corn",142.797728735378
41009,"Oregon","Columbia","oats",42.3776830228287
41009,"Oregon","Columbia","wheat",138.474588241793
41013,"Oregon","Crook","barley",0
41013,"Oregon","Crook","oats",0
41013,"Oregon","Crook","wheat",0
41017,"Oregon","Deschutes","corn",0
41017,"Oregon","Deschutes","dry peas",0
41017,"Oregon","Deschutes","mustard",0
41017,"Oregon","Deschutes","oats",0
41017,"Oregon","Deschutes","soybeans",0
41017,"Oregon","Deschutes","wheat",0
41021,"Oregon","Gilliam","barley",0
41021,"Oregon","Gilliam","chickpeas_small",0
41021,"Oregon","Gilliam","dry peas",0
41021,"Oregon","Gilliam","oats",0
41021,"Oregon","Gilliam","sunflower",0
41021,"Oregon","Gilliam","wheat",0
41023,"Oregon","Grant","barley",85.1786835818536
41023,"Oregon","Grant","oats",479.667839362459
41023,"Oregon","Grant","wheat",45.2409770556876
41025,"Oregon","Harney","barley",1337.23172706448
41025,"Oregon","Harney","corn",53.1209209740216
41025,"Oregon","Harney","oats",845.619669891242
41025,"Oregon","Harney","sunflower",65.1094570904991
41025,"Oregon","Harney","wheat",1110.92422497976
41027,"Oregon","Hood River","barley",610.485902076319
41027,"Oregon","Hood River","corn",61.6222011223345
41027,"Oregon","Hood River","oats",496.091496801347
41029,"Oregon","Jackson","barley",0
41029,"Oregon","Jackson","corn",0
41029,"Oregon","Jackson","wheat",0
41031,"Oregon","Jefferson","barley",0
41031,"Oregon","Jefferson","canola",0
41031,"Oregon","Jefferson","corn",0
41031,"Oregon","Jefferson","flaxseed",0
41031,"Oregon","Jefferson","grain sorghum",0
41031,"Oregon","Jefferson","oats",0
41031,"Oregon","Jefferson","sunflower",0
41031,"Oregon","Jefferson","wheat",0
41033,"Oregon","Josephine","barley",0
41033,"Oregon","Josephine","corn",0
41033,"Oregon","Josephine","wheat",0
41035,"Oregon","Klamath","barley",0
41035,"Oregon","Klamath","corn",0
41035,"Oregon","Klamath","dry peas",0
41035,"Oregon","Klamath","oats",0
41035,"Oregon","Klamath","wheat",0
41037,"Oregon","Lake","barley",0
41037,"Oregon","Lake","canola",0
41037,"Oregon","Lake","oats",0
41037,"Oregon","Lake","wheat",0
41039,"Oregon","Lane","barley",0
41039,"Oregon","Lane","corn",0
41039,"Oregon","Lane","mustard",0
41039,"Oregon","Lane","oats",0
41039,"Oregon","Lane","sunflower",0
41039,"Oregon","Lane","wheat",0
41043,"Oregon","Linn","barley",0
41043,"Oregon","Linn","canola",0
41043,"Oregon","Linn","corn",0
41043,"Oregon","Linn","mustard",0
41043,"Oregon","Linn","oats",0
41043,"Oregon","Linn","wheat",0
41045,"Oregon","Malheur","barley",938.507404210422
41045,"Oregon","Malheur","chickpeas_small",0.191666182957554
41045,"Oregon","Malheur","corn",8571.04162678582
41045,"Oregon","Malheur","dry peas",56.3963223187226
41045,"Oregon","Malheur","flaxseed",4.69291744938495
41045,"Oregon","Malheur","grain sorghum",5.60478383497089
41045,"Oregon","Malheur","mustard",9.74448298354654
41045,"Oregon","Malheur","oats",395.124482619917
41045,"Oregon","Malheur","wheat",6802.97481361427
41047,"Oregon","Marion","barley",0
41047,"Oregon","Marion","canola",0
41047,"Oregon","Marion","corn",0
41047,"Oregon","Marion","grain sorghum",0
41047,"Oregon","Marion","mustard",0
41047,"Oregon","Marion","oats",0
41047,"Oregon","Marion","rapeseed",0
41047,"Oregon","Marion","wheat",0
41049,"Oregon","Morrow","barley",0
41049,"Oregon","Morrow","canola",0
41049,"Oregon","Morrow","corn",0
41049,"Oregon","Morrow","dry peas",0
41049,"Oregon","Morrow","grain sorghum",0
41049,"Oregon","Morrow","oats",0
41049,"Oregon","Morrow","soybeans",0
41049,"Oregon","Morrow","sunflower",0
41049,"Oregon","Morrow","wheat",0
41051,"Oregon","Multnomah","corn",0
41051,"Oregon","Multnomah","oats",0
41051,"Oregon","Multnomah","wheat",0
41053,"Oregon","Polk","barley",0
41053,"Oregon","Polk","canola",0
41053,"Oregon","Polk","chickpeas_large",0
41053,"Oregon","Polk","chickpeas_small",0
41053,"Oregon","Polk","corn",0
41053,"Oregon","Polk","mustard",0
41053,"Oregon","Polk","oats",0
41053,"Oregon","Polk","wheat",0
41055,"Oregon","Sherman","barley",0
41055,"Oregon","Sherman","canola",0
41055,"Oregon","Sherman","sunflower",0
41055,"Oregon","Sherman","wheat",0
41057,"Oregon","Tillamook","corn",1047.18
41059,"Oregon","Umatilla","barley",0
41059,"Oregon","Umatilla","canola",0
41059,"Oregon","Umatilla","chickpeas_large",0
41059,"Oregon","Umatilla","chickpeas_small",0
41059,"Oregon","Umatilla","corn",0
41059,"Oregon","Umatilla","dry peas",0
41059,"Oregon","Umatilla","mustard",0
41059,"Oregon","Umatilla","oats",0
41059,"Oregon","Umatilla","safflower",0
41059,"Oregon","Umatilla","soybeans",0
41059,"Oregon","Umatilla","sunflower",0
41059,"Oregon","Umatilla","wheat",0
41061,"Oregon","Union","barley",0
41061,"Oregon","Union","canola",0
41061,"Oregon","Union","chickpeas_large",0
41061,"Oregon","Union","corn",0
41061,"Oregon","Union","dry peas",0
41061,"Oregon","Union","flaxseed",0
41061,"Oregon","Union","lentils",0
41061,"Oregon","Union","mustard",0
41061,"Oregon","Union","oats",0
41061,"Oregon","Union","soybeans",0
41061,"Oregon","Union","sunflower",0
41061,"Oregon","Union","wheat",0
41063,"Oregon","Wallowa","barley",0
41063,"Oregon","Wallowa","canola",0
41063,"Oregon","Wallowa","corn",0
41063,"Oregon","Wallowa","dry peas",0
41063,"Oregon","Wallowa","flaxseed",0
41063,"Oregon","Wallowa","lentils",0
41063,"Oregon","Wallowa","mustard",0
41063,"Oregon","Wallowa","oats",0
41063,"Oregon","Wallowa","wheat",0
41065,"Oregon","Wasco","barley",0
41065,"Oregon","Wasco","canola",0
41065,"Oregon","Wasco","corn",0
41065,"Oregon","Wasco","grain sorghum",0
41065,"Oregon","Wasco","mustard",0
41065,"Oregon","Wasco","oats",0
41065,"Oregon","Wasco","safflower",0
41065,"Oregon","Wasco","sunflower",0
41065,"Oregon","Wasco","wheat",0
41067,"Oregon","Washington","barley",0
41067,"Oregon","Washington","chickpeas_small",0
41067,"Oregon","Washington","corn",0
41067,"Oregon","Washington","dry peas",0
41067,"Oregon","Washington","oats",0
41067,"Oregon","Washington","sunflower",0
41067,"Oregon","Washington","wheat",0
41069,"Oregon","Wheeler","barley",0
41069,"Oregon","Wheeler","oats",0
41069,"Oregon","Wheeler","wheat",0
41071,"Oregon","Yamhill","barley",0
41071,"Oregon","Yamhill","canola",0
41071,"Oregon","Yamhill","corn",0
41071,"Oregon","Yamhill","dry peas",0
41071,"Oregon","Yamhill","mustard",0
41071,"Oregon","Yamhill","oats",0
41071,"Oregon","Yamhill","soybeans",0
41071,"Oregon","Yamhill","sunflower",0
41071,"Oregon","Yamhill","wheat",0
42001,"Pennsylvania","Adams","barley",71.0898694900182
42001,"Pennsylvania","Adams","corn",5666.88123437001
42001,"Pennsylvania","Adams","grain sorghum",166.91810745879
42001,"Pennsylvania","Adams","oats",60.9085330952233
42001,"Pennsylvania","Adams","rapeseed",24.6986350975869
42001,"Pennsylvania","Adams","soybeans",5361.47799866249
42001,"Pennsylvania","Adams","sunflower",2.92063186851088
42001,"Pennsylvania","Adams","wheat",1511.42310995737
42003,"Pennsylvania","Allegheny","corn",0
42003,"Pennsylvania","Allegheny","oats",0
42003,"Pennsylvania","Allegheny","soybeans",0
42003,"Pennsylvania","Allegheny","sunflower",0
42003,"Pennsylvania","Allegheny","wheat",0
42005,"Pennsylvania","Armstrong","barley",29.4371388142742
42005,"Pennsylvania","Armstrong","corn",2165.68097792934
42005,"Pennsylvania","Armstrong","grain sorghum",15.4244429633639
42005,"Pennsylvania","Armstrong","oats",312.331827780891
42005,"Pennsylvania","Armstrong","soybeans",1396.03843483792
42005,"Pennsylvania","Armstrong","sunflower",2.03677331221479
42005,"Pennsylvania","Armstrong","wheat",227.99607102866
42007,"Pennsylvania","Beaver","barley",6.60550591112056
42007,"Pennsylvania","Beaver","corn",1536.36096792335
42007,"Pennsylvania","Beaver","oats",83.364263254921
42007,"Pennsylvania","Beaver","soybeans",1256.51698475303
42007,"Pennsylvania","Beaver","sunflower",2.35663995821848
42007,"Pennsylvania","Beaver","wheat",143.505871532689
42009,"Pennsylvania","Bedford","barley",63.8916343677158
42009,"Pennsylvania","Bedford","corn",6510.7755738565
42009,"Pennsylvania","Bedford","grain sorghum",40.8751134739722
42009,"Pennsylvania","Bedford","oats",303.25513066906
42009,"Pennsylvania","Bedford","soybeans",2293.49262095516
42009,"Pennsylvania","Bedford","sunflower",0.81578368518266
42009,"Pennsylvania","Bedford","wheat",923.34884299242
42011,"Pennsylvania","Berks","barley",399.046996680447
42011,"Pennsylvania","Berks","canola",4.71452332811933
42011,"Pennsylvania","Berks","corn",7171.161409962
42011,"Pennsylvania","Berks","flaxseed",1.58310561940538
42011,"Pennsylvania","Berks","grain sorghum",106.712800612855
42011,"Pennsylvania","Berks","oats",77.5147660262041
42011,"Pennsylvania","Berks","soybeans",4533.0918843775
42011,"Pennsylvania","Berks","sunflower",6.56901848227993
42011,"Pennsylvania","Berks","wheat",1254.76429491119
42013,"Pennsylvania","Blair","barley",36.1591889757063
42013,"Pennsylvania","Blair","corn",4981.5377150896
42013,"Pennsylvania","Blair","grain sorghum",10.3337237581993
42013,"Pennsylvania","Blair","oats",85.4626883786212
42013,"Pennsylvania","Blair","soybeans",891.94419459572
42013,"Pennsylvania","Blair","wheat",334.338322535495
42015,"Pennsylvania","Bradford","barley",2.92655268426372
42015,"Pennsylvania","Bradford","corn",2682.20781279797
42015,"Pennsylvania","Bradford","grain sorghum",16.2892069043948
42015,"Pennsylvania","Bradford","oats",110.71359173456
42015,"Pennsylvania","Bradford","soybeans",593.714170391053
42015,"Pennsylvania","Bradford","sunflower",1.98976254964009
42015,"Pennsylvania","Bradford","wheat",176.674919604778
42017,"Pennsylvania","Bucks","barley",0
42017,"Pennsylvania","Bucks","corn",0
42017,"Pennsylvania","Bucks","grain sorghum",0
42017,"Pennsylvania","Bucks","oats",0
42017,"Pennsylvania","Bucks","soybeans",0
42017,"Pennsylvania","Bucks","wheat",0
42019,"Pennsylvania","Butler","barley",22.2139620148544
42019,"Pennsylvania","Butler","corn",3712.77340231674
42019,"Pennsylvania","Butler","oats",403.931257393233
42019,"Pennsylvania","Butler","soybeans",2549.35935078954
42019,"Pennsylvania","Butler","sunflower",2.73599754802933
42019,"Pennsylvania","Butler","wheat",447.945971604266
42021,"Pennsylvania","Cambria","barley",97.5903363553721
42021,"Pennsylvania","Cambria","corn",4406.27907852894
42021,"Pennsylvania","Cambria","grain sorghum",3.57484696631783
42021,"Pennsylvania","Cambria","oats",960.103598573315
42021,"Pennsylvania","Cambria","soybeans",3136.30661844482
42021,"Pennsylvania","Cambria","sunflower",5.32698342551157
42021,"Pennsylvania","Cambria","wheat",777.943837705719
42023,"Pennsylvania","Cameron","corn",0
42023,"Pennsylvania","Cameron","oats",0
42023,"Pennsylvania","Cameron","wheat",0
42025,"Pennsylvania","Carbon","barley",0
42025,"Pennsylvania","Carbon","corn",0
42025,"Pennsylvania","Carbon","grain sorghum",0
42025,"Pennsylvania","Carbon","oats",0
42025,"Pennsylvania","Carbon","soybeans",0
42025,"Pennsylvania","Carbon","sunflower",0
42025,"Pennsylvania","Carbon","wheat",0
42027,"Pennsylvania","Centre","barley",21.1389180286486
42027,"Pennsylvania","Centre","canola",3.84059629197085
42027,"Pennsylvania","Centre","corn",2245.3038627965
42027,"Pennsylvania","Centre","grain sorghum",2.24466092512425
42027,"Pennsylvania","Centre","oats",114.645333264968
42027,"Pennsylvania","Centre","soybeans",1403.32483435054
42027,"Pennsylvania","Centre","sunflower",3.82501352191214
42027,"Pennsylvania","Centre","wheat",249.564740820326
42029,"Pennsylvania","Chester","barley",76.0993635359454
42029,"Pennsylvania","Chester","corn",3000.02399442923
42029,"Pennsylvania","Chester","grain sorghum",18.6517092488234
42029,"Pennsylvania","Chester","oats",17.0377546468315
42029,"Pennsylvania","Chester","soybeans",1606.31125817564
42029,"Pennsylvania","Chester","sunflower",3.38690687669921
42029,"Pennsylvania","Chester","wheat",653.447353086836
42031,"Pennsylvania","Clarion","barley",2.43950261655091
42031,"Pennsylvania","Clarion","corn",626.728997713868
42031,"Pennsylvania","Clarion","oats",138.68258940917
42031,"Pennsylvania","Clarion","soybeans",364.880756007258
42031,"Pennsylvania","Clarion","sunflower",0.656410421486033
42031,"Pennsylvania","Clarion","wheat",39.9662438316686
42033,"Pennsylvania","Clearfield","barley",14.8998886608148
42033,"Pennsylvania","Clearfield","corn",1078.1399449342
42033,"Pennsylvania","Clearfield","grain sorghum",1.77604436966063
42033,"Pennsylvania","Clearfield","oats",139.654683790546
42033,"Pennsylvania","Clearfield","soybeans",282.21373359974
42033,"Pennsylvania","Clearfield","sunflower",0.577851756635996
42033,"Pennsylvania","Clearfield","wheat",80.0925195550692
42035,"Pennsylvania","Clinton","barley",0.476792817473969
42035,"Pennsylvania","Clinton","canola",0.516282264490021
42035,"Pennsylvania","Clinton","corn",456.796836597225
42035,"Pennsylvania","Clinton","grain sorghum",3.18415037885076
42035,"Pennsylvania","Clinton","oats",5.59809776360478
42035,"Pennsylvania","Clinton","rapeseed",6.30663370944299
42035,"Pennsylvania","Clinton","soybeans",206.119056182812
42035,"Pennsylvania","Clinton","sunflower",3.6966424759229
42035,"Pennsylvania","Clinton","wheat",72.1320078101773
42037,"Pennsylvania","Columbia","barley",1.8021238568041
42037,"Pennsylvania","Columbia","corn",858.001644409804
42037,"Pennsylvania","Columbia","grain sorghum",1.63833607671515
42037,"Pennsylvania","Columbia","oats",26.030433517841
42037,"Pennsylvania","Columbia","soybeans",655.929135225011
42037,"Pennsylvania","Columbia","sunflower",0.194614467294648
42037,"Pennsylvania","Columbia","wheat",146.210739113199
42039,"Pennsylvania","Crawford","barley",30.6405449490721
42039,"Pennsylvania","Crawford","corn",8156.5679983056
42039,"Pennsylvania","Crawford","grain sorghum",28.484816942902
42039,"Pennsylvania","Crawford","oats",532.93948387908
42039,"Pennsylvania","Crawford","rapeseed",5.21668769191639
42039,"Pennsylvania","Crawford","soybeans",6284.7612662208
42039,"Pennsylvania","Crawford","sunflower",15.4307184764673
42039,"Pennsylvania","Crawford","wheat",449.044816867489
42041,"Pennsylvania","Cumberland","barley",62.9643147008633
42041,"Pennsylvania","Cumberland","corn",1115.0528816701
42041,"Pennsylvania","Cumberland","grain sorghum",10.8219455307236
42041,"Pennsylvania","Cumberland","oats",16.5657965305871
42041,"Pennsylvania","Cumberland","soybeans",761.973234236293
42041,"Pennsylvania","Cumberland","sunflower",0.0216745822699413
42041,"Pennsylvania","Cumberland","wheat",300.726852749161
42043,"Pennsylvania","Dauphin","barley",50.3036980094464
42043,"Pennsylvania","Dauphin","corn",1196.0010196241
42043,"Pennsylvania","Dauphin","grain sorghum",6.43515408209422
42043,"Pennsylvania","Dauphin","oats",24.9814829629244
42043,"Pennsylvania","Dauphin","soybeans",1099.81424432597
42043,"Pennsylvania","Dauphin","sunflower",0.773528267777113
42043,"Pennsylvania","Dauphin","wheat",229.783769394354
42045,"Pennsylvania","Delaware","barley",0
42045,"Pennsylvania","Delaware","corn",0
42045,"Pennsylvania","Delaware","grain sorghum",0
42045,"Pennsylvania","Delaware","soybeans",0
42045,"Pennsylvania","Delaware","wheat",0
42047,"Pennsylvania","Elk","barley",0
42047,"Pennsylvania","Elk","corn",0
42047,"Pennsylvania","Elk","oats",0
42047,"Pennsylvania","Elk","soybeans",0
42049,"Pennsylvania","Erie","barley",26.3039582265081
42049,"Pennsylvania","Erie","corn",7281.30687667462
42049,"Pennsylvania","Erie","grain sorghum",33.8119501713589
42049,"Pennsylvania","Erie","oats",757.021023134178
42049,"Pennsylvania","Erie","soybeans",7702.85614451291
42049,"Pennsylvania","Erie","sunflower",16.2321921826636
42049,"Pennsylvania","Erie","wheat",657.424397097756
42051,"Pennsylvania","Fayette","barley",7.59997504449738
42051,"Pennsylvania","Fayette","corn",1087.61779908431
42051,"Pennsylvania","Fayette","grain sorghum",2.33504247409991
42051,"Pennsylvania","Fayette","oats",28.6113739567837
42051,"Pennsylvania","Fayette","soybeans",694.297115691957
42051,"Pennsylvania","Fayette","sunflower",1.32778487097686
42051,"Pennsylvania","Fayette","wheat",39.3080088773733
42053,"Pennsylvania","Forest","barley",1.69866147584458
42053,"Pennsylvania","Forest","corn",74.3241790317292
42053,"Pennsylvania","Forest","oats",17.6568321975541
42053,"Pennsylvania","Forest","soybeans",23.1209939615387
42055,"Pennsylvania","Franklin","barley",1125.85849963427
42055,"Pennsylvania","Franklin","corn",14969.8500446686
42055,"Pennsylvania","Franklin","grain sorghum",215.320044013169
42055,"Pennsylvania","Franklin","oats",102.444125105967
42055,"Pennsylvania","Franklin","rapeseed",28.4116036347769
42055,"Pennsylvania","Franklin","soybeans",6243.8666022622
42055,"Pennsylvania","Franklin","sunflower",68.6836988535667
42055,"Pennsylvania","Franklin","wheat",3252.96288182742
42057,"Pennsylvania","Fulton","barley",79.6236316568444
42057,"Pennsylvania","Fulton","corn",1744.1645383969
42057,"Pennsylvania","Fulton","grain sorghum",80.2685871259474
42057,"Pennsylvania","Fulton","oats",84.5015174848054
42057,"Pennsylvania","Fulton","soybeans",545.273374984192
42057,"Pennsylvania","Fulton","sunflower",4.23215841933784
42057,"Pennsylvania","Fulton","wheat",407.082691931969
42059,"Pennsylvania","Greene","barley",0
42059,"Pennsylvania","Greene","corn",0
42059,"Pennsylvania","Greene","oats",0
42059,"Pennsylvania","Greene","soybeans",0
42059,"Pennsylvania","Greene","wheat",0
42061,"Pennsylvania","Huntingdon","barley",45.7848585829823
42061,"Pennsylvania","Huntingdon","corn",4313.48069199288
42061,"Pennsylvania","Huntingdon","grain sorghum",74.0862242504393
42061,"Pennsylvania","Huntingdon","oats",139.839461057652
42061,"Pennsylvania","Huntingdon","rapeseed",2.46525563851574
42061,"Pennsylvania","Huntingdon","soybeans",831.80765917923
42061,"Pennsylvania","Huntingdon","sunflower",0.424668028284522
42061,"Pennsylvania","Huntingdon","wheat",529.168181270012
42063,"Pennsylvania","Indiana","barley",29.4179416286872
42063,"Pennsylvania","Indiana","corn",6688.5352829649
42063,"Pennsylvania","Indiana","dry peas",0.130406162861647
42063,"Pennsylvania","Indiana","grain sorghum",36.6180505315505
42063,"Pennsylvania","Indiana","oats",698.728041603007
42063,"Pennsylvania","Indiana","soybeans",4640.71814723959
42063,"Pennsylvania","Indiana","sunflower",1.8902326398104
42063,"Pennsylvania","Indiana","wheat",463.919830562926
42065,"Pennsylvania","Jefferson","barley",40.173925046322
42065,"Pennsylvania","Jefferson","corn",3867.16656361073
42065,"Pennsylvania","Jefferson","grain sorghum",17.1347482227155
42065,"Pennsylvania","Jefferson","oats",623.652688212053
42065,"Pennsylvania","Jefferson","soybeans",2273.78354892297
42065,"Pennsylvania","Jefferson","wheat",443.970525985206
42067,"Pennsylvania","Juniata","barley",17.258476503169
42067,"Pennsylvania","Juniata","corn",696.427856679373
42067,"Pennsylvania","Juniata","grain sorghum",3.85874342360816
42067,"Pennsylvania","Juniata","oats",13.7313726753886
42067,"Pennsylvania","Juniata","soybeans",359.560062183892
42067,"Pennsylvania","Juniata","sunflower",1.78196203120515
42067,"Pennsylvania","Juniata","wheat",134.646126503362
42069,"Pennsylvania","Lackawanna","barley",0
42069,"Pennsylvania","Lackawanna","corn",0
42069,"Pennsylvania","Lackawanna","oats",0
42069,"Pennsylvania","Lackawanna","soybeans",0
42069,"Pennsylvania","Lackawanna","sunflower",0
42069,"Pennsylvania","Lackawanna","wheat",0
42071,"Pennsylvania","Lancaster","barley",1582.31441697034
42071,"Pennsylvania","Lancaster","corn",29576.8385076471
42071,"Pennsylvania","Lancaster","grain sorghum",67.2793142907672
42071,"Pennsylvania","Lancaster","oats",54.6721351621861
42071,"Pennsylvania","Lancaster","safflower",0.216910835842991
42071,"Pennsylvania","Lancaster","soybeans",11577.2341000486
42071,"Pennsylvania","Lancaster","wheat",4880.50537504521
42073,"Pennsylvania","Lawrence","barley",12.0943215355078
42073,"Pennsylvania","Lawrence","corn",3127.34808139058
42073,"Pennsylvania","Lawrence","oats",212.123935505369
42073,"Pennsylvania","Lawrence","soybeans",2200.16474408894
42073,"Pennsylvania","Lawrence","sunflower",2.52304150471563
42073,"Pennsylvania","Lawrence","wheat",285.205309308218
42075,"Pennsylvania","Lebanon","barley",190.525761712388
42075,"Pennsylvania","Lebanon","canola",23.7135008638669
42075,"Pennsylvania","Lebanon","corn",3596.90120468609
42075,"Pennsylvania","Lebanon","grain sorghum",17.7212602474471
42075,"Pennsylvania","Lebanon","oats",12.0423303274528
42075,"Pennsylvania","Lebanon","soybeans",1746.99637804471
42075,"Pennsylvania","Lebanon","wheat",456.922230784714
42077,"Pennsylvania","Lehigh","barley",0
42077,"Pennsylvania","Lehigh","canola",0
42077,"Pennsylvania","Lehigh","corn",0
42077,"Pennsylvania","Lehigh","grain sorghum",0
42077,"Pennsylvania","Lehigh","oats",0
42077,"Pennsylvania","Lehigh","soybeans",0
42077,"Pennsylvania","Lehigh","sunflower",0
42077,"Pennsylvania","Lehigh","wheat",0
42079,"Pennsylvania","Luzerne","barley",0.410538510571869
42079,"Pennsylvania","Luzerne","corn",578.529828239635
42079,"Pennsylvania","Luzerne","dry peas",0.0514424169756071
42079,"Pennsylvania","Luzerne","mustard",0.0800660186390773
42079,"Pennsylvania","Luzerne","oats",36.385041378305
42079,"Pennsylvania","Luzerne","rapeseed",1.42517513177558
42079,"Pennsylvania","Luzerne","soybeans",266.979498623854
42079,"Pennsylvania","Luzerne","sunflower",0.63172088706232
42079,"Pennsylvania","Luzerne","wheat",57.8238387931789
42081,"Pennsylvania","Lycoming","barley",14.6468441403223
42081,"Pennsylvania","Lycoming","canola",13.1836164794922
42081,"Pennsylvania","Lycoming","corn",2651.35749542097
42081,"Pennsylvania","Lycoming","grain sorghum",20.1776504644997
42081,"Pennsylvania","Lycoming","oats",123.154239433019
42081,"Pennsylvania","Lycoming","soybeans",1664.73838894641
42081,"Pennsylvania","Lycoming","sunflower",14.182625453236
42081,"Pennsylvania","Lycoming","wheat",271.919171328704
42083,"Pennsylvania","McKean","corn",0
42083,"Pennsylvania","McKean","oats",0
42083,"Pennsylvania","McKean","soybeans",0
42083,"Pennsylvania","McKean","sunflower",0
42083,"Pennsylvania","McKean","wheat",0
42085,"Pennsylvania","Mercer","barley",28.6386901679617
42085,"Pennsylvania","Mercer","corn",5585.48800843681
42085,"Pennsylvania","Mercer","oats",275.037671755236
42085,"Pennsylvania","Mercer","soybeans",4398.99595815761
42085,"Pennsylvania","Mercer","sunflower",1.4149459119599
42085,"Pennsylvania","Mercer","wheat",369.923258903746
42087,"Pennsylvania","Mifflin","barley",81.54204606492
42087,"Pennsylvania","Mifflin","canola",1.83932193111746
42087,"Pennsylvania","Mifflin","corn",4171.54596644309
42087,"Pennsylvania","Mifflin","grain sorghum",22.3434697119045
42087,"Pennsylvania","Mifflin","oats",46.2387140263618
42087,"Pennsylvania","Mifflin","soybeans",1648.46039918389
42087,"Pennsylvania","Mifflin","sunflower",2.4846173752845
42087,"Pennsylvania","Mifflin","wheat",395.155631930103
42089,"Pennsylvania","Monroe","barley",0
42089,"Pennsylvania","Monroe","corn",0
42089,"Pennsylvania","Monroe","oats",0
42089,"Pennsylvania","Monroe","soybeans",0
42089,"Pennsylvania","Monroe","wheat",0
42091,"Pennsylvania","Montgomery","barley",0
42091,"Pennsylvania","Montgomery","corn",0
42091,"Pennsylvania","Montgomery","grain sorghum",0
42091,"Pennsylvania","Montgomery","oats",0
42091,"Pennsylvania","Montgomery","soybeans",0
42091,"Pennsylvania","Montgomery","sunflower",0
42091,"Pennsylvania","Montgomery","wheat",0
42093,"Pennsylvania","Montour","barley",0
42093,"Pennsylvania","Montour","corn",0
42093,"Pennsylvania","Montour","grain sorghum",0
42093,"Pennsylvania","Montour","oats",0
42093,"Pennsylvania","Montour","soybeans",0
42093,"Pennsylvania","Montour","wheat",0
42095,"Pennsylvania","Northampton","barley",0
42095,"Pennsylvania","Northampton","canola",0
42095,"Pennsylvania","Northampton","corn",0
42095,"Pennsylvania","Northampton","grain sorghum",0
42095,"Pennsylvania","Northampton","oats",0
42095,"Pennsylvania","Northampton","soybeans",0
42095,"Pennsylvania","Northampton","sunflower",0
42095,"Pennsylvania","Northampton","wheat",0
42097,"Pennsylvania","Northumberland","barley",44.2790009557098
42097,"Pennsylvania","Northumberland","canola",0.729196855618678
42097,"Pennsylvania","Northumberland","corn",1099.65166872038
42097,"Pennsylvania","Northumberland","grain sorghum",35.2052840669352
42097,"Pennsylvania","Northumberland","oats",15.4337661417966
42097,"Pennsylvania","Northumberland","soybeans",848.937455939832
42097,"Pennsylvania","Northumberland","sunflower",2.75705707376138
42097,"Pennsylvania","Northumberland","wheat",142.859883579303
42099,"Pennsylvania","Perry","barley",101.976296601616
42099,"Pennsylvania","Perry","canola",1.19900851591836
42099,"Pennsylvania","Perry","corn",1945.80152206714
42099,"Pennsylvania","Perry","grain sorghum",3.76109245697953
42099,"Pennsylvania","Perry","oats",68.6700351314996
42099,"Pennsylvania","Perry","soybeans",1109.12210995988
42099,"Pennsylvania","Perry","sunflower",2.216977683727
42099,"Pennsylvania","Perry","wheat",377.011274249909
42103,"Pennsylvania","Pike","corn",0
42103,"Pennsylvania","Pike","soybeans",0
42105,"Pennsylvania","Potter","barley",26.223286677753
42105,"Pennsylvania","Potter","corn",1103.57308331549
42105,"Pennsylvania","Potter","grain sorghum",20.452925802529
42105,"Pennsylvania","Potter","oats",187.01017543032
42105,"Pennsylvania","Potter","soybeans",130.603593324439
42105,"Pennsylvania","Potter","sunflower",1.88583402736027
42105,"Pennsylvania","Potter","wheat",403.814101422111
42107,"Pennsylvania","Schuylkill","barley",56.0216024393835
42107,"Pennsylvania","Schuylkill","canola",8.64325169818589
42107,"Pennsylvania","Schuylkill","corn",2911.04327603046
42107,"Pennsylvania","Schuylkill","grain sorghum",84.6560349999359
42107,"Pennsylvania","Schuylkill","oats",141.562892507308
42107,"Pennsylvania","Schuylkill","rapeseed",16.7702230957185
42107,"Pennsylvania","Schuylkill","soybeans",1673.60863180534
42107,"Pennsylvania","Schuylkill","sunflower",7.51912279238446
42107,"Pennsylvania","Schuylkill","wheat",324.440664631281
42109,"Pennsylvania","Snyder","barley",38.9407053413388
42109,"Pennsylvania","Snyder","corn",3482.63720557785
42109,"Pennsylvania","Snyder","grain sorghum",25.9829292152487
42109,"Pennsylvania","Snyder","oats",81.5170765011014
42109,"Pennsylvania","Snyder","soybeans",2116.36299091344
42109,"Pennsylvania","Snyder","sunflower",3.65682047288991
42109,"Pennsylvania","Snyder","wheat",435.580938644792
42111,"Pennsylvania","Somerset","barley",69.8432508602833
42111,"Pennsylvania","Somerset","corn",11977.8634171987
42111,"Pennsylvania","Somerset","grain sorghum",32.9176119310639
42111,"Pennsylvania","Somerset","oats",968.849574440958
42111,"Pennsylvania","Somerset","soybeans",5298.024902122
42111,"Pennsylvania","Somerset","sunflower",12.2128741185044
42111,"Pennsylvania","Somerset","wheat",774.134469328529
42113,"Pennsylvania","Sullivan","corn",0
42113,"Pennsylvania","Sullivan","oats",0
42113,"Pennsylvania","Sullivan","soybeans",0
42113,"Pennsylvania","Sullivan","sunflower",0
42113,"Pennsylvania","Sullivan","wheat",0
42115,"Pennsylvania","Susquehanna","barley",0
42115,"Pennsylvania","Susquehanna","corn",0
42115,"Pennsylvania","Susquehanna","oats",0
42115,"Pennsylvania","Susquehanna","soybeans",0
42115,"Pennsylvania","Susquehanna","wheat",0
42117,"Pennsylvania","Tioga","barley",0
42117,"Pennsylvania","Tioga","corn",0
42117,"Pennsylvania","Tioga","grain sorghum",0
42117,"Pennsylvania","Tioga","oats",0
42117,"Pennsylvania","Tioga","soybeans",0
42117,"Pennsylvania","Tioga","sunflower",0
42117,"Pennsylvania","Tioga","wheat",0
42119,"Pennsylvania","Union","barley",18.9463987140716
42119,"Pennsylvania","Union","canola",1.94967996508608
42119,"Pennsylvania","Union","corn",961.507385000494
42119,"Pennsylvania","Union","grain sorghum",0.391377911639044
42119,"Pennsylvania","Union","oats",6.90215546012909
42119,"Pennsylvania","Union","soybeans",663.004646525967
42119,"Pennsylvania","Union","sunflower",1.15559478120791
42119,"Pennsylvania","Union","wheat",126.400028308069
42121,"Pennsylvania","Venango","barley",6.23526222648629
42121,"Pennsylvania","Venango","corn",2259.44674393542
42121,"Pennsylvania","Venango","oats",133.943460249379
42121,"Pennsylvania","Venango","soybeans",1182.3579104562
42121,"Pennsylvania","Venango","wheat",122.852623132521
42123,"Pennsylvania","Warren","barley",0.140322308126102
42123,"Pennsylvania","Warren","corn",603.954510934765
42123,"Pennsylvania","Warren","oats",22.5739303528623
42123,"Pennsylvania","Warren","soybeans",96.4662545889863
42123,"Pennsylvania","Warren","sunflower",0.561289232504408
42123,"Pennsylvania","Warren","wheat",6.03385924942239
42125,"Pennsylvania","Washington","barley",0
42125,"Pennsylvania","Washington","corn",0
42125,"Pennsylvania","Washington","grain sorghum",0
42125,"Pennsylvania","Washington","oats",0
42125,"Pennsylvania","Washington","soybeans",0
42125,"Pennsylvania","Washington","sunflower",0
42125,"Pennsylvania","Washington","wheat",0
42127,"Pennsylvania","Wayne","barley",0
42127,"Pennsylvania","Wayne","corn",0
42127,"Pennsylvania","Wayne","oats",0
42127,"Pennsylvania","Wayne","soybeans",0
42127,"Pennsylvania","Wayne","sunflower",0
42127,"Pennsylvania","Wayne","wheat",0
42129,"Pennsylvania","Westmoreland","barley",0
42129,"Pennsylvania","Westmoreland","corn",0
42129,"Pennsylvania","Westmoreland","grain sorghum",0
42129,"Pennsylvania","Westmoreland","oats",0
42129,"Pennsylvania","Westmoreland","soybeans",0
42129,"Pennsylvania","Westmoreland","sunflower",0
42129,"Pennsylvania","Westmoreland","wheat",0
42131,"Pennsylvania","Wyoming","barley",0
42131,"Pennsylvania","Wyoming","corn",0
42131,"Pennsylvania","Wyoming","grain sorghum",0
42131,"Pennsylvania","Wyoming","oats",0
42131,"Pennsylvania","Wyoming","soybeans",0
42131,"Pennsylvania","Wyoming","sunflower",0
42131,"Pennsylvania","Wyoming","wheat",0
42133,"Pennsylvania","York","barley",468.975343557225
42133,"Pennsylvania","York","corn",14815.1069139047
42133,"Pennsylvania","York","grain sorghum",58.9563483077818
42133,"Pennsylvania","York","oats",73.9567888300608
42133,"Pennsylvania","York","soybeans",9978.37767538525
42133,"Pennsylvania","York","sunflower",18.8455676537987
42133,"Pennsylvania","York","wheat",3711.57858236116
72001,"Puerto Rico","Adjuntas","corn",227.972476
72013,"Puerto Rico","Arecibo","corn",206.862951255732
72013,"Puerto Rico","Arecibo","grain sorghum",303.412648744268
72019,"Puerto Rico","Barranquitas","corn",92.209108
72047,"Puerto Rico","Corozal","corn",31.74922375
72097,"Puerto Rico","Mayaguez","corn",274.905331647483
72097,"Puerto Rico","Mayaguez","dry peas",617.772741269184
72113,"Puerto Rico","Ponce","corn",292.000181358696
72113,"Puerto Rico","Ponce","cotton",24.5894889565217
72113,"Puerto Rico","Ponce","grain sorghum",36.8842334347826
44001,"Rhode Island","Bristol","barley",3.9308198819304
44001,"Rhode Island","Bristol","corn",44.897824691409
44001,"Rhode Island","Bristol","wheat",14.6488554266606
44003,"Rhode Island","Kent","corn",67.12828
44005,"Rhode Island","Newport","corn",344.072488205185
44005,"Rhode Island","Newport","oats",2.36430870198673
44005,"Rhode Island","Newport","sunflower",0.578577053960499
44005,"Rhode Island","Newport","wheat",8.62389337220134
44007,"Rhode Island","Providence","corn",601.554911
44009,"Rhode Island","Washington","corn",242.499839010564
44009,"Rhode Island","Washington","oats",4.79507598943573
45001,"South Carolina","Abbeville","corn",0
45001,"South Carolina","Abbeville","cotton",0
45001,"South Carolina","Abbeville","grain sorghum",0
45001,"South Carolina","Abbeville","oats",0
45001,"South Carolina","Abbeville","soybeans",0
45001,"South Carolina","Abbeville","wheat",0
45003,"South Carolina","Aiken","barley",0
45003,"South Carolina","Aiken","corn",0
45003,"South Carolina","Aiken","cotton",0
45003,"South Carolina","Aiken","grain sorghum",0
45003,"South Carolina","Aiken","oats",0
45003,"South Carolina","Aiken","peanuts",0
45003,"South Carolina","Aiken","soybeans",0
45003,"South Carolina","Aiken","sunflower",0
45003,"South Carolina","Aiken","wheat",0
45005,"South Carolina","Allendale","corn",0
45005,"South Carolina","Allendale","cotton",0
45005,"South Carolina","Allendale","grain sorghum",0
45005,"South Carolina","Allendale","oats",0
45005,"South Carolina","Allendale","peanuts",0
45005,"South Carolina","Allendale","soybeans",0
45005,"South Carolina","Allendale","wheat",0
45007,"South Carolina","Anderson","barley",0
45007,"South Carolina","Anderson","corn",0
45007,"South Carolina","Anderson","cotton",0
45007,"South Carolina","Anderson","grain sorghum",0
45007,"South Carolina","Anderson","oats",0
45007,"South Carolina","Anderson","soybeans",0
45007,"South Carolina","Anderson","sunflower",0
45007,"South Carolina","Anderson","wheat",0
45009,"South Carolina","Bamberg","corn",0
45009,"South Carolina","Bamberg","cotton",0
45009,"South Carolina","Bamberg","dry peas",0
45009,"South Carolina","Bamberg","grain sorghum",0
45009,"South Carolina","Bamberg","oats",0
45009,"South Carolina","Bamberg","peanuts",0
45009,"South Carolina","Bamberg","sesame",0
45009,"South Carolina","Bamberg","soybeans",0
45009,"South Carolina","Bamberg","sunflower",0
45009,"South Carolina","Bamberg","wheat",0
45011,"South Carolina","Barnwell","corn",0
45011,"South Carolina","Barnwell","cotton",0
45011,"South Carolina","Barnwell","grain sorghum",0
45011,"South Carolina","Barnwell","oats",0
45011,"South Carolina","Barnwell","peanuts",0
45011,"South Carolina","Barnwell","sesame",0
45011,"South Carolina","Barnwell","soybeans",0
45011,"South Carolina","Barnwell","sunflower",0
45011,"South Carolina","Barnwell","wheat",0
45013,"South Carolina","Beaufort","corn",0
45013,"South Carolina","Beaufort","rice_long grain",0
45013,"South Carolina","Beaufort","soybeans",0
45015,"South Carolina","Berkeley","corn",0
45015,"South Carolina","Berkeley","cotton",0
45015,"South Carolina","Berkeley","oats",0
45015,"South Carolina","Berkeley","peanuts",0
45015,"South Carolina","Berkeley","soybeans",0
45015,"South Carolina","Berkeley","wheat",0
45017,"South Carolina","Calhoun","corn",0
45017,"South Carolina","Calhoun","cotton",0
45017,"South Carolina","Calhoun","dry peas",0
45017,"South Carolina","Calhoun","grain sorghum",0
45017,"South Carolina","Calhoun","oats",0
45017,"South Carolina","Calhoun","peanuts",0
45017,"South Carolina","Calhoun","rice_long grain",0
45017,"South Carolina","Calhoun","rice_short/medium grain",0
45017,"South Carolina","Calhoun","sesame",0
45017,"South Carolina","Calhoun","soybeans",0
45017,"South Carolina","Calhoun","wheat",0
45019,"South Carolina","Charleston","corn",258.219758814551
45019,"South Carolina","Charleston","peanuts",275.987558328694
45019,"South Carolina","Charleston","soybeans",136.057351510832
45019,"South Carolina","Charleston","wheat",121.39249801259
45021,"South Carolina","Cherokee","corn",172.085606428542
45021,"South Carolina","Cherokee","grain sorghum",240.985317057128
45021,"South Carolina","Cherokee","oats",15.2831060608352
45021,"South Carolina","Cherokee","soybeans",1481.71339122145
45021,"South Carolina","Cherokee","wheat",597.975912565382
45023,"South Carolina","Chester","corn",29.0104238084685
45023,"South Carolina","Chester","cotton",128.629749058946
45023,"South Carolina","Chester","grain sorghum",1.9350063466582
45023,"South Carolina","Chester","oats",2.20027550030082
45023,"South Carolina","Chester","soybeans",7.76905048183267
45023,"South Carolina","Chester","sunflower",0.205052911362287
45023,"South Carolina","Chester","wheat",18.1420418924324
45025,"South Carolina","Chesterfield","corn",3588.24674127455
45025,"South Carolina","Chesterfield","cotton",946.258856623632
45025,"South Carolina","Chesterfield","grain sorghum",165.117551966156
45025,"South Carolina","Chesterfield","oats",69.4987479441043
45025,"South Carolina","Chesterfield","peanuts",364.625019124646
45025,"South Carolina","Chesterfield","sesame",29.3842555743859
45025,"South Carolina","Chesterfield","soybeans",5779.72710605483
45025,"South Carolina","Chesterfield","sunflower",4.44363035774712
45025,"South Carolina","Chesterfield","wheat",3545.43192441329
45027,"South Carolina","Clarendon","barley",0.774347833088645
45027,"South Carolina","Clarendon","corn",2660.36659180219
45027,"South Carolina","Clarendon","cotton",479.733261729075
45027,"South Carolina","Clarendon","dry peas",18.8990147953917
45027,"South Carolina","Clarendon","grain sorghum",58.5671647983417
45027,"South Carolina","Clarendon","oats",92.4522036027555
45027,"South Carolina","Clarendon","peanuts",119.691366932057
45027,"South Carolina","Clarendon","rice_short/medium grain",2.37654389500661
45027,"South Carolina","Clarendon","sesame",11.2576095879578
45027,"South Carolina","Clarendon","soybeans",1932.88295973492
45027,"South Carolina","Clarendon","sunflower",0.457569174097836
45027,"South Carolina","Clarendon","wheat",804.522619448443
45029,"South Carolina","Colleton","barley",0
45029,"South Carolina","Colleton","corn",0
45029,"South Carolina","Colleton","cotton",0
45029,"South Carolina","Colleton","grain sorghum",0
45029,"South Carolina","Colleton","oats",0
45029,"South Carolina","Colleton","peanuts",0
45029,"South Carolina","Colleton","sesame",0
45029,"South Carolina","Colleton","soybeans",0
45029,"South Carolina","Colleton","sunflower",0
45029,"South Carolina","Colleton","wheat",0
45031,"South Carolina","Darlington","corn",0
45031,"South Carolina","Darlington","cotton",0
45031,"South Carolina","Darlington","dry peas",0
45031,"South Carolina","Darlington","grain sorghum",0
45031,"South Carolina","Darlington","oats",0
45031,"South Carolina","Darlington","peanuts",0
45031,"South Carolina","Darlington","rice_long grain",0
45031,"South Carolina","Darlington","sesame",0
45031,"South Carolina","Darlington","soybeans",0
45031,"South Carolina","Darlington","wheat",0
45033,"South Carolina","Dillon","corn",0
45033,"South Carolina","Dillon","cotton",0
45033,"South Carolina","Dillon","dry peas",0
45033,"South Carolina","Dillon","grain sorghum",0
45033,"South Carolina","Dillon","oats",0
45033,"South Carolina","Dillon","peanuts",0
45033,"South Carolina","Dillon","sesame",0
45033,"South Carolina","Dillon","soybeans",0
45033,"South Carolina","Dillon","wheat",0
45035,"South Carolina","Dorchester","barley",0
45035,"South Carolina","Dorchester","corn",0
45035,"South Carolina","Dorchester","cotton",0
45035,"South Carolina","Dorchester","grain sorghum",0
45035,"South Carolina","Dorchester","oats",0
45035,"South Carolina","Dorchester","peanuts",0
45035,"South Carolina","Dorchester","sesame",0
45035,"South Carolina","Dorchester","soybeans",0
45035,"South Carolina","Dorchester","wheat",0
45037,"South Carolina","Edgefield","corn",0
45037,"South Carolina","Edgefield","cotton",0
45037,"South Carolina","Edgefield","grain sorghum",0
45037,"South Carolina","Edgefield","oats",0
45037,"South Carolina","Edgefield","sesame",0
45037,"South Carolina","Edgefield","soybeans",0
45037,"South Carolina","Edgefield","wheat",0
45039,"South Carolina","Fairfield","corn",0
45039,"South Carolina","Fairfield","wheat",0
45041,"South Carolina","Florence","corn",219.14164199429
45041,"South Carolina","Florence","cotton",126.699129058906
45041,"South Carolina","Florence","grain sorghum",7.87294580379129
45041,"South Carolina","Florence","oats",1.71230822881487
45041,"South Carolina","Florence","peanuts",29.1698157645957
45041,"South Carolina","Florence","sesame",5.21349035096315
45041,"South Carolina","Florence","soybeans",432.562692324094
45041,"South Carolina","Florence","wheat",95.9514098078548
45043,"South Carolina","Georgetown","corn",0
45043,"South Carolina","Georgetown","cotton",0
45043,"South Carolina","Georgetown","grain sorghum",0
45043,"South Carolina","Georgetown","oats",0
45043,"South Carolina","Georgetown","peanuts",0
45043,"South Carolina","Georgetown","sesame",0
45043,"South Carolina","Georgetown","soybeans",0
45043,"South Carolina","Georgetown","wheat",0
45045,"South Carolina","Greenville","barley",0.899214993616376
45045,"South Carolina","Greenville","corn",23.2282467135745
45045,"South Carolina","Greenville","grain sorghum",0.509475697657444
45045,"South Carolina","Greenville","oats",2.41602988578172
45045,"South Carolina","Greenville","soybeans",31.7817476868042
45045,"South Carolina","Greenville","sunflower",0.115352988148855
45045,"South Carolina","Greenville","wheat",8.96859870108337
45047,"South Carolina","Greenwood","corn",0
45047,"South Carolina","Greenwood","oats",0
45047,"South Carolina","Greenwood","wheat",0
45049,"South Carolina","Hampton","corn",0
45049,"South Carolina","Hampton","cotton",0
45049,"South Carolina","Hampton","grain sorghum",0
45049,"South Carolina","Hampton","oats",0
45049,"South Carolina","Hampton","peanuts",0
45049,"South Carolina","Hampton","soybeans",0
45049,"South Carolina","Hampton","sunflower",0
45049,"South Carolina","Hampton","wheat",0
45051,"South Carolina","Horry","corn",0
45051,"South Carolina","Horry","cotton",0
45051,"South Carolina","Horry","grain sorghum",0
45051,"South Carolina","Horry","oats",0
45051,"South Carolina","Horry","peanuts",0
45051,"South Carolina","Horry","sesame",0
45051,"South Carolina","Horry","soybeans",0
45051,"South Carolina","Horry","sunflower",0
45051,"South Carolina","Horry","wheat",0
45053,"South Carolina","Jasper","corn",0
45053,"South Carolina","Jasper","cotton",0
45053,"South Carolina","Jasper","oats",0
45053,"South Carolina","Jasper","peanuts",0
45053,"South Carolina","Jasper","rice_long grain",0
45053,"South Carolina","Jasper","soybeans",0
45053,"South Carolina","Jasper","sunflower",0
45053,"South Carolina","Jasper","wheat",0
45055,"South Carolina","Kershaw","corn",0
45055,"South Carolina","Kershaw","cotton",0
45055,"South Carolina","Kershaw","grain sorghum",0
45055,"South Carolina","Kershaw","oats",0
45055,"South Carolina","Kershaw","sesame",0
45055,"South Carolina","Kershaw","soybeans",0
45055,"South Carolina","Kershaw","sunflower",0
45055,"South Carolina","Kershaw","wheat",0
45057,"South Carolina","Lancaster","corn",570.061999424208
45057,"South Carolina","Lancaster","cotton",324.564582290447
45057,"South Carolina","Lancaster","grain sorghum",158.243939400408
45057,"South Carolina","Lancaster","oats",61.9235608318295
45057,"South Carolina","Lancaster","soybeans",957.439090820156
45057,"South Carolina","Lancaster","wheat",764.918160566284
45059,"South Carolina","Laurens","barley",0
45059,"South Carolina","Laurens","corn",0
45059,"South Carolina","Laurens","grain sorghum",0
45059,"South Carolina","Laurens","oats",0
45059,"South Carolina","Laurens","sesame",0
45059,"South Carolina","Laurens","soybeans",0
45059,"South Carolina","Laurens","wheat",0
45061,"South Carolina","Lee","corn",0
45061,"South Carolina","Lee","cotton",0
45061,"South Carolina","Lee","grain sorghum",0
45061,"South Carolina","Lee","oats",0
45061,"South Carolina","Lee","peanuts",0
45061,"South Carolina","Lee","soybeans",0
45061,"South Carolina","Lee","sunflower",0
45061,"South Carolina","Lee","wheat",0
45063,"South Carolina","Lexington","corn",0
45063,"South Carolina","Lexington","cotton",0
45063,"South Carolina","Lexington","grain sorghum",0
45063,"South Carolina","Lexington","oats",0
45063,"South Carolina","Lexington","peanuts",0
45063,"South Carolina","Lexington","sesame",0
45063,"South Carolina","Lexington","soybeans",0
45063,"South Carolina","Lexington","sunflower",0
45063,"South Carolina","Lexington","wheat",0
45067,"South Carolina","Marion","corn",0
45067,"South Carolina","Marion","cotton",0
45067,"South Carolina","Marion","grain sorghum",0
45067,"South Carolina","Marion","oats",0
45067,"South Carolina","Marion","peanuts",0
45067,"South Carolina","Marion","sesame",0
45067,"South Carolina","Marion","soybeans",0
45067,"South Carolina","Marion","wheat",0
45069,"South Carolina","Marlboro","barley",0
45069,"South Carolina","Marlboro","corn",0
45069,"South Carolina","Marlboro","cotton",0
45069,"South Carolina","Marlboro","dry peas",0
45069,"South Carolina","Marlboro","grain sorghum",0
45069,"South Carolina","Marlboro","oats",0
45069,"South Carolina","Marlboro","peanuts",0
45069,"South Carolina","Marlboro","rice_long grain",0
45069,"South Carolina","Marlboro","sesame",0
45069,"South Carolina","Marlboro","soybeans",0
45069,"South Carolina","Marlboro","sunflower",0
45069,"South Carolina","Marlboro","wheat",0
45071,"South Carolina","Newberry","barley",0
45071,"South Carolina","Newberry","corn",0
45071,"South Carolina","Newberry","cotton",0
45071,"South Carolina","Newberry","grain sorghum",0
45071,"South Carolina","Newberry","oats",0
45071,"South Carolina","Newberry","sesame",0
45071,"South Carolina","Newberry","soybeans",0
45071,"South Carolina","Newberry","sunflower",0
45071,"South Carolina","Newberry","wheat",0
45073,"South Carolina","Oconee","barley",0
45073,"South Carolina","Oconee","corn",0
45073,"South Carolina","Oconee","cotton",0
45073,"South Carolina","Oconee","grain sorghum",0
45073,"South Carolina","Oconee","oats",0
45073,"South Carolina","Oconee","soybeans",0
45073,"South Carolina","Oconee","sunflower",0
45073,"South Carolina","Oconee","wheat",0
45075,"South Carolina","Orangeburg","corn",0
45075,"South Carolina","Orangeburg","cotton",0
45075,"South Carolina","Orangeburg","dry peas",0
45075,"South Carolina","Orangeburg","grain sorghum",0
45075,"South Carolina","Orangeburg","oats",0
45075,"South Carolina","Orangeburg","peanuts",0
45075,"South Carolina","Orangeburg","rice_long grain",0
45075,"South Carolina","Orangeburg","sesame",0
45075,"South Carolina","Orangeburg","soybeans",0
45075,"South Carolina","Orangeburg","sunflower",0
45075,"South Carolina","Orangeburg","wheat",0
45077,"South Carolina","Pickens","corn",0
45077,"South Carolina","Pickens","oats",0
45077,"South Carolina","Pickens","soybeans",0
45077,"South Carolina","Pickens","wheat",0
45079,"South Carolina","Richland","barley",0
45079,"South Carolina","Richland","corn",0
45079,"South Carolina","Richland","cotton",0
45079,"South Carolina","Richland","grain sorghum",0
45079,"South Carolina","Richland","oats",0
45079,"South Carolina","Richland","peanuts",0
45079,"South Carolina","Richland","sesame",0
45079,"South Carolina","Richland","soybeans",0
45079,"South Carolina","Richland","wheat",0
45081,"South Carolina","Saluda","corn",0
45081,"South Carolina","Saluda","cotton",0
45081,"South Carolina","Saluda","grain sorghum",0
45081,"South Carolina","Saluda","oats",0
45081,"South Carolina","Saluda","sesame",0
45081,"South Carolina","Saluda","soybeans",0
45081,"South Carolina","Saluda","sunflower",0
45081,"South Carolina","Saluda","wheat",0
45083,"South Carolina","Spartanburg","corn",425.821832830776
45083,"South Carolina","Spartanburg","grain sorghum",29.0999493795809
45083,"South Carolina","Spartanburg","oats",157.562227529023
45083,"South Carolina","Spartanburg","soybeans",1741.18678757992
45083,"South Carolina","Spartanburg","wheat",850.931802680696
45085,"South Carolina","Sumter","corn",0
45085,"South Carolina","Sumter","cotton",0
45085,"South Carolina","Sumter","grain sorghum",0
45085,"South Carolina","Sumter","oats",0
45085,"South Carolina","Sumter","peanuts",0
45085,"South Carolina","Sumter","sesame",0
45085,"South Carolina","Sumter","soybeans",0
45085,"South Carolina","Sumter","sunflower",0
45085,"South Carolina","Sumter","wheat",0
45087,"South Carolina","Union","corn",0
45087,"South Carolina","Union","soybeans",0
45087,"South Carolina","Union","wheat",0
45089,"South Carolina","Williamsburg","corn",1591.41686228393
45089,"South Carolina","Williamsburg","cotton",1540.42972118126
45089,"South Carolina","Williamsburg","grain sorghum",46.5979274902979
45089,"South Carolina","Williamsburg","oats",27.1465232543869
45089,"South Carolina","Williamsburg","peanuts",146.709169095217
45089,"South Carolina","Williamsburg","sesame",30.0920723355586
45089,"South Carolina","Williamsburg","soybeans",2503.47632150091
45089,"South Carolina","Williamsburg","wheat",386.042069525105
45091,"South Carolina","York","corn",0
45091,"South Carolina","York","cotton",0
45091,"South Carolina","York","grain sorghum",0
45091,"South Carolina","York","oats",0
45091,"South Carolina","York","soybeans",0
45091,"South Carolina","York","sunflower",0
45091,"South Carolina","York","wheat",0
46003,"South Dakota","Aurora","barley",8.31694967459744
46003,"South Dakota","Aurora","corn",6948.5154515162
46003,"South Dakota","Aurora","dry peas",11.9018924107273
46003,"South Dakota","Aurora","grain sorghum",246.036847334742
46003,"South Dakota","Aurora","oats",332.294035026128
46003,"South Dakota","Aurora","soybeans",5673.6508924525
46003,"South Dakota","Aurora","sunflower",162.802276605587
46003,"South Dakota","Aurora","wheat",744.176488312884
46005,"South Dakota","Beadle","barley",44.6772942875596
46005,"South Dakota","Beadle","corn",30364.054617526
46005,"South Dakota","Beadle","dry peas",26.1959216026666
46005,"South Dakota","Beadle","grain sorghum",72.8663905064428
46005,"South Dakota","Beadle","oats",421.299815465858
46005,"South Dakota","Beadle","soybeans",23456.0443910039
46005,"South Dakota","Beadle","sunflower",133.888084730933
46005,"South Dakota","Beadle","wheat",1353.62481821001
46007,"South Dakota","Bennett","barley",0
46007,"South Dakota","Bennett","corn",0
46007,"South Dakota","Bennett","dry peas",0
46007,"South Dakota","Bennett","grain sorghum",0
46007,"South Dakota","Bennett","oats",0
46007,"South Dakota","Bennett","safflower",0
46007,"South Dakota","Bennett","soybeans",0
46007,"South Dakota","Bennett","sunflower",0
46007,"South Dakota","Bennett","wheat",0
46009,"South Dakota","Bon Homme","barley",4.65477270747055
46009,"South Dakota","Bon Homme","corn",1880.63358052551
46009,"South Dakota","Bon Homme","grain sorghum",1.51741034922352
46009,"South Dakota","Bon Homme","oats",23.4446085429523
46009,"South Dakota","Bon Homme","soybeans",1491.5863820251
46009,"South Dakota","Bon Homme","sunflower",25.3941255419948
46009,"South Dakota","Bon Homme","wheat",69.505953641107
46011,"South Dakota","Brookings","barley",19.056567797717
46011,"South Dakota","Brookings","canola",0.180107906803308
46011,"South Dakota","Brookings","chickpeas_small",0.00429802959416984
46011,"South Dakota","Brookings","corn",3160.69053309203
46011,"South Dakota","Brookings","dry peas",0.00566248343358884
46011,"South Dakota","Brookings","grain sorghum",1.57256716127638
46011,"South Dakota","Brookings","oats",79.0212798359565
46011,"South Dakota","Brookings","rapeseed",0.0102334037956425
46011,"South Dakota","Brookings","soybeans",2453.87110535254
46011,"South Dakota","Brookings","sunflower",0.122882712778075
46011,"South Dakota","Brookings","wheat",53.7878755575068
46013,"South Dakota","Brown","barley",84.9469321341022
46013,"South Dakota","Brown","corn",46438.7853500725
46013,"South Dakota","Brown","grain sorghum",15.5906270444498
46013,"South Dakota","Brown","oats",317.309395604689
46013,"South Dakota","Brown","soybeans",31518.6730274106
46013,"South Dakota","Brown","sunflower",291.706239052752
46013,"South Dakota","Brown","wheat",1261.5264286808
46015,"South Dakota","Brule","barley",5.47428256229156
46015,"South Dakota","Brule","corn",4194.86771037129
46015,"South Dakota","Brule","grain sorghum",154.908919061177
46015,"South Dakota","Brule","oats",318.050249536787
46015,"South Dakota","Brule","soybeans",3385.7618202985
46015,"South Dakota","Brule","sunflower",36.1333567863852
46015,"South Dakota","Brule","wheat",880.645328050181
46017,"South Dakota","Buffalo","barley",10.4477835241819
46017,"South Dakota","Buffalo","corn",2434.05243669908
46017,"South Dakota","Buffalo","dry peas",20.4300553842635
46017,"South Dakota","Buffalo","grain sorghum",297.292931733695
46017,"South Dakota","Buffalo","oats",212.483232785102
46017,"South Dakota","Buffalo","soybeans",1638.97421046123
46017,"South Dakota","Buffalo","sunflower",384.824572797716
46017,"South Dakota","Buffalo","wheat",1189.76627661473
46019,"South Dakota","Butte","barley",0
46019,"South Dakota","Butte","corn",0
46019,"South Dakota","Butte","dry peas",0
46019,"South Dakota","Butte","flaxseed",0
46019,"South Dakota","Butte","grain sorghum",0
46019,"South Dakota","Butte","lentils",0
46019,"South Dakota","Butte","oats",0
46019,"South Dakota","Butte","soybeans",0
46019,"South Dakota","Butte","sunflower",0
46019,"South Dakota","Butte","wheat",0
46021,"South Dakota","Campbell","barley",61.5215446494448
46021,"South Dakota","Campbell","corn",3391.02523973055
46021,"South Dakota","Campbell","dry peas",14.1709143505991
46021,"South Dakota","Campbell","grain sorghum",15.0917543568582
46021,"South Dakota","Campbell","oats",270.984690192448
46021,"South Dakota","Campbell","soybeans",3238.46663528855
46021,"South Dakota","Campbell","sunflower",224.16886004128
46021,"South Dakota","Campbell","wheat",1080.44736139025
46023,"South Dakota","Charles Mix","barley",5.66649876670654
46023,"South Dakota","Charles Mix","corn",5028.95779719434
46023,"South Dakota","Charles Mix","dry peas",14.6227283545629
46023,"South Dakota","Charles Mix","grain sorghum",130.028873668533
46023,"South Dakota","Charles Mix","oats",150.576993976691
46023,"South Dakota","Charles Mix","soybeans",4483.82248413624
46023,"South Dakota","Charles Mix","sunflower",84.8074533103061
46023,"South Dakota","Charles Mix","wheat",978.579970592631
46025,"South Dakota","Clark","barley",18.417833764721
46025,"South Dakota","Clark","corn",13234.9642418441
46025,"South Dakota","Clark","dry peas",33.1415474362241
46025,"South Dakota","Clark","flaxseed",7.96190893977138
46025,"South Dakota","Clark","grain sorghum",4.13618779134651
46025,"South Dakota","Clark","oats",460.864369749388
46025,"South Dakota","Clark","soybeans",12051.4773053594
46025,"South Dakota","Clark","sunflower",75.1818758433485
46025,"South Dakota","Clark","wheat",762.696395938429
46027,"South Dakota","Clay","barley",0.113021067115924
46027,"South Dakota","Clay","canola",0.0107639111538975
46027,"South Dakota","Clay","corn",2795.45236395367
46027,"South Dakota","Clay","grain sorghum",1.06051434643776
46027,"South Dakota","Clay","oats",7.51886103877628
46027,"South Dakota","Clay","soybeans",2284.42937965241
46027,"South Dakota","Clay","wheat",17.7208960304404
46029,"South Dakota","Codington","barley",0.64897076389762
46029,"South Dakota","Codington","corn",2572.4904173414
46029,"South Dakota","Codington","grain sorghum",0.047717274799447
46029,"South Dakota","Codington","oats",104.833333378371
46029,"South Dakota","Codington","soybeans",2287.14486495087
46029,"South Dakota","Codington","sunflower",13.7976517977306
46029,"South Dakota","Codington","wheat",287.517044492975
46031,"South Dakota","Corson","barley",0
46031,"South Dakota","Corson","canola",0
46031,"South Dakota","Corson","corn",0
46031,"South Dakota","Corson","dry peas",0
46031,"South Dakota","Corson","flaxseed",0
46031,"South Dakota","Corson","grain sorghum",0
46031,"South Dakota","Corson","oats",0
46031,"South Dakota","Corson","soybeans",0
46031,"South Dakota","Corson","sunflower",0
46031,"South Dakota","Corson","wheat",0
46033,"South Dakota","Custer","barley",0
46033,"South Dakota","Custer","corn",0
46033,"South Dakota","Custer","grain sorghum",0
46033,"South Dakota","Custer","oats",0
46033,"South Dakota","Custer","soybeans",0
46033,"South Dakota","Custer","sunflower",0
46033,"South Dakota","Custer","wheat",0
46035,"South Dakota","Davison","barley",8.05714189827673
46035,"South Dakota","Davison","corn",6343.9887491504
46035,"South Dakota","Davison","grain sorghum",73.3465633776596
46035,"South Dakota","Davison","oats",81.4296401230347
46035,"South Dakota","Davison","soybeans",5389.90856083
46035,"South Dakota","Davison","sunflower",66.5987113603273
46035,"South Dakota","Davison","wheat",599.306299926989
46037,"South Dakota","Day","barley",7.67186701538193
46037,"South Dakota","Day","canola",4.89817030584046
46037,"South Dakota","Day","corn",3252.8225732814
46037,"South Dakota","Day","grain sorghum",1.19582125640718
46037,"South Dakota","Day","oats",88.9478884940527
46037,"South Dakota","Day","soybeans",3177.48993559841
46037,"South Dakota","Day","sunflower",10.5651458505641
46037,"South Dakota","Day","wheat",406.843264864672
46039,"South Dakota","Deuel","barley",2.76277953252451
46039,"South Dakota","Deuel","corn",8934.04205231414
46039,"South Dakota","Deuel","dry peas",5.76633317659256
46039,"South Dakota","Deuel","flaxseed",38.1281092230752
46039,"South Dakota","Deuel","grain sorghum",3.75474616519564
46039,"South Dakota","Deuel","oats",540.981556792562
46039,"South Dakota","Deuel","soybeans",7242.3534130857
46039,"South Dakota","Deuel","wheat",524.231009710197
46041,"South Dakota","Dewey","barley",0
46041,"South Dakota","Dewey","corn",0
46041,"South Dakota","Dewey","flaxseed",0
46041,"South Dakota","Dewey","grain sorghum",0
46041,"South Dakota","Dewey","oats",0
46041,"South Dakota","Dewey","soybeans",0
46041,"South Dakota","Dewey","sunflower",0
46041,"South Dakota","Dewey","wheat",0
46043,"South Dakota","Douglas","barley",24.272574125186
46043,"South Dakota","Douglas","corn",6726.49158937822
46043,"South Dakota","Douglas","dry peas",0.0850658516999883
46043,"South Dakota","Douglas","grain sorghum",66.7329233371615
46043,"South Dakota","Douglas","oats",126.859323300932
46043,"South Dakota","Douglas","soybeans",6038.11706429602
46043,"South Dakota","Douglas","sunflower",38.6234539710476
46043,"South Dakota","Douglas","wheat",392.285505739673
46045,"South Dakota","Edmunds","barley",61.3661462126419
46045,"South Dakota","Edmunds","corn",34956.6632362427
46045,"South Dakota","Edmunds","dry peas",91.5829996119702
46045,"South Dakota","Edmunds","flaxseed",32.9334692826466
46045,"South Dakota","Edmunds","grain sorghum",8.37341499482843
46045,"South Dakota","Edmunds","oats",775.857934973626
46045,"South Dakota","Edmunds","soybeans",36517.3872343298
46045,"South Dakota","Edmunds","sunflower",593.919920287869
46045,"South Dakota","Edmunds","wheat",5756.27531073066
46047,"South Dakota","Fall River","barley",0
46047,"South Dakota","Fall River","corn",0
46047,"South Dakota","Fall River","dry peas",0
46047,"South Dakota","Fall River","grain sorghum",0
46047,"South Dakota","Fall River","oats",0
46047,"South Dakota","Fall River","safflower",0
46047,"South Dakota","Fall River","soybeans",0
46047,"South Dakota","Fall River","sunflower",0
46047,"South Dakota","Fall River","wheat",0
46049,"South Dakota","Faulk","barley",67.0302308450608
46049,"South Dakota","Faulk","corn",23337.1363552052
46049,"South Dakota","Faulk","dry peas",10.6207213009486
46049,"South Dakota","Faulk","grain sorghum",156.559537356452
46049,"South Dakota","Faulk","oats",480.33257033597
46049,"South Dakota","Faulk","soybeans",22998.9146425155
46049,"South Dakota","Faulk","sunflower",580.472862067459
46049,"South Dakota","Faulk","wheat",2694.20858037341
46051,"South Dakota","Grant","barley",9.12796999080751
46051,"South Dakota","Grant","corn",9861.04967424454
46051,"South Dakota","Grant","dry peas",7.92161481841032
46051,"South Dakota","Grant","grain sorghum",5.59248333781375
46051,"South Dakota","Grant","oats",128.429699464584
46051,"South Dakota","Grant","soybeans",8190.32393807777
46051,"South Dakota","Grant","sunflower",9.57462601431037
46051,"South Dakota","Grant","wheat",826.514660718431
46053,"South Dakota","Gregory","corn",0
46053,"South Dakota","Gregory","dry peas",0
46053,"South Dakota","Gregory","grain sorghum",0
46053,"South Dakota","Gregory","oats",0
46053,"South Dakota","Gregory","soybeans",0
46053,"South Dakota","Gregory","sunflower",0
46053,"South Dakota","Gregory","wheat",0
46055,"South Dakota","Haakon","barley",0
46055,"South Dakota","Haakon","corn",0
46055,"South Dakota","Haakon","dry peas",0
46055,"South Dakota","Haakon","grain sorghum",0
46055,"South Dakota","Haakon","oats",0
46055,"South Dakota","Haakon","safflower",0
46055,"South Dakota","Haakon","soybeans",0
46055,"South Dakota","Haakon","sunflower",0
46055,"South Dakota","Haakon","wheat",0
46057,"South Dakota","Hamlin","barley",3.0244296528759
46057,"South Dakota","Hamlin","corn",1895.95580960271
46057,"South Dakota","Hamlin","grain sorghum",0.127474796026646
46057,"South Dakota","Hamlin","oats",63.2862879767927
46057,"South Dakota","Hamlin","soybeans",1547.51790617674
46057,"South Dakota","Hamlin","sunflower",13.6525834243242
46057,"South Dakota","Hamlin","wheat",59.8150083705442
46059,"South Dakota","Hand","barley",74.3649303237992
46059,"South Dakota","Hand","corn",32262.8479584453
46059,"South Dakota","Hand","dry peas",27.971706919633
46059,"South Dakota","Hand","grain sorghum",237.687664143477
46059,"South Dakota","Hand","oats",613.490179106025
46059,"South Dakota","Hand","soybeans",27689.5768454134
46059,"South Dakota","Hand","sunflower",2058.12899096464
46059,"South Dakota","Hand","wheat",3794.96589135037
46061,"South Dakota","Hanson","barley",4.89710807861513
46061,"South Dakota","Hanson","corn",6038.27164327481
46061,"South Dakota","Hanson","grain sorghum",39.5512510263822
46061,"South Dakota","Hanson","oats",68.328070688629
46061,"South Dakota","Hanson","soybeans",4638.28546987804
46061,"South Dakota","Hanson","sunflower",33.5591497375051
46061,"South Dakota","Hanson","wheat",170.688973982683
46063,"South Dakota","Harding","barley",0
46063,"South Dakota","Harding","corn",0
46063,"South Dakota","Harding","dry peas",0
46063,"South Dakota","Harding","oats",0
46063,"South Dakota","Harding","safflower",0
46063,"South Dakota","Harding","sunflower",0
46063,"South Dakota","Harding","wheat",0
46065,"South Dakota","Hughes","barley",33.3491467617243
46065,"South Dakota","Hughes","canola",3.14062701548343
46065,"South Dakota","Hughes","corn",7861.16853952911
46065,"South Dakota","Hughes","dry peas",211.290469548152
46065,"South Dakota","Hughes","flaxseed",15.0321897956648
46065,"South Dakota","Hughes","grain sorghum",1025.80205952811
46065,"South Dakota","Hughes","oats",405.965619984145
46065,"South Dakota","Hughes","safflower",18.5587988159316
46065,"South Dakota","Hughes","soybeans",3728.83072199319
46065,"South Dakota","Hughes","sunflower",6093.36914833063
46065,"South Dakota","Hughes","wheat",12255.3363453645
46067,"South Dakota","Hutchinson","barley",1.36570374678212
46067,"South Dakota","Hutchinson","corn",6164.87014003523
46067,"South Dakota","Hutchinson","grain sorghum",7.02925934363568
46067,"South Dakota","Hutchinson","oats",59.2955071716656
46067,"South Dakota","Hutchinson","soybeans",5012.56217905435
46067,"South Dakota","Hutchinson","sunflower",23.4859607164701
46067,"South Dakota","Hutchinson","wheat",169.957083265159
46069,"South Dakota","Hyde","barley",69.9704703464592
46069,"South Dakota","Hyde","canola",35.6244434666371
46069,"South Dakota","Hyde","corn",18569.6368870702
46069,"South Dakota","Hyde","dry peas",228.189373762738
46069,"South Dakota","Hyde","grain sorghum",1178.86133027799
46069,"South Dakota","Hyde","oats",1648.03572496076
46069,"South Dakota","Hyde","soybeans",13550.5738664207
46069,"South Dakota","Hyde","sunflower",5808.47253375244
46069,"South Dakota","Hyde","wheat",8142.97453660875
46071,"South Dakota","Jackson","barley",0
46071,"South Dakota","Jackson","corn",0
46071,"South Dakota","Jackson","grain sorghum",0
46071,"South Dakota","Jackson","oats",0
46071,"South Dakota","Jackson","safflower",0
46071,"South Dakota","Jackson","soybeans",0
46071,"South Dakota","Jackson","sunflower",0
46071,"South Dakota","Jackson","wheat",0
46073,"South Dakota","Jerauld","barley",6.88538404251808
46073,"South Dakota","Jerauld","corn",2504.52176847795
46073,"South Dakota","Jerauld","grain sorghum",34.248167056787
46073,"South Dakota","Jerauld","oats",176.807549557721
46073,"South Dakota","Jerauld","soybeans",2010.89642181506
46073,"South Dakota","Jerauld","sunflower",122.470411214786
46073,"South Dakota","Jerauld","wheat",348.187964501846
46075,"South Dakota","Jones","barley",0
46075,"South Dakota","Jones","corn",0
46075,"South Dakota","Jones","flaxseed",0
46075,"South Dakota","Jones","grain sorghum",0
46075,"South Dakota","Jones","oats",0
46075,"South Dakota","Jones","safflower",0
46075,"South Dakota","Jones","soybeans",0
46075,"South Dakota","Jones","sunflower",0
46075,"South Dakota","Jones","wheat",0
46077,"South Dakota","Kingsbury","barley",4.2501345625355
46077,"South Dakota","Kingsbury","corn",6937.0056920675
46077,"South Dakota","Kingsbury","grain sorghum",3.44947413125789
46077,"South Dakota","Kingsbury","oats",167.231252093774
46077,"South Dakota","Kingsbury","soybeans",6643.67697237559
46077,"South Dakota","Kingsbury","sunflower",20.010098036386
46077,"South Dakota","Kingsbury","wheat",236.969743399656
46079,"South Dakota","Lake","barley",2.8418145414273
46079,"South Dakota","Lake","corn",1535.34516205722
46079,"South Dakota","Lake","grain sorghum",13.1240401834854
46079,"South Dakota","Lake","oats",19.0680627094436
46079,"South Dakota","Lake","soybeans",1259.98591819724
46079,"South Dakota","Lake","wheat",25.0188356445721
46081,"South Dakota","Lawrence","barley",0
46081,"South Dakota","Lawrence","corn",0
46081,"South Dakota","Lawrence","grain sorghum",0
46081,"South Dakota","Lawrence","oats",0
46081,"South Dakota","Lawrence","sunflower",0
46081,"South Dakota","Lawrence","wheat",0
46083,"South Dakota","Lincoln","barley",0.399293642546551
46083,"South Dakota","Lincoln","corn",448.536714788921
46083,"South Dakota","Lincoln","grain sorghum",0.257807532282279
46083,"South Dakota","Lincoln","oats",1.66536147773216
46083,"South Dakota","Lincoln","soybeans",367.870310469767
46083,"South Dakota","Lincoln","wheat",1.39967875546012
46085,"South Dakota","Lyman","barley",55.4034849284465
46085,"South Dakota","Lyman","corn",4188.55835028813
46085,"South Dakota","Lyman","dry peas",225.106655236043
46085,"South Dakota","Lyman","grain sorghum",4071.20892408124
46085,"South Dakota","Lyman","lentils",53.7316362230184
46085,"South Dakota","Lyman","oats",345.393273665547
46085,"South Dakota","Lyman","safflower",4.4505160199218
46085,"South Dakota","Lyman","soybeans",4327.13406760044
46085,"South Dakota","Lyman","sunflower",2283.41557310283
46085,"South Dakota","Lyman","wheat",5632.46418552107
46091,"South Dakota","Marshall","barley",1.77739703605375
46091,"South Dakota","Marshall","corn",957.439977728532
46091,"South Dakota","Marshall","grain sorghum",1.67613736394965
46091,"South Dakota","Marshall","oats",14.4122828844639
46091,"South Dakota","Marshall","soybeans",620.359878546384
46091,"South Dakota","Marshall","sunflower",0.609940271360133
46091,"South Dakota","Marshall","wheat",27.842386169302
46087,"South Dakota","McCook","barley",5.96751237939247
46087,"South Dakota","McCook","corn",4539.75498414113
46087,"South Dakota","McCook","grain sorghum",2.93227518207056
46087,"South Dakota","McCook","oats",58.5952276508691
46087,"South Dakota","McCook","soybeans",3566.42512937918
46087,"South Dakota","McCook","sunflower",0.100418090297159
46087,"South Dakota","McCook","wheat",36.080219843769
46089,"South Dakota","McPherson","barley",120.805567279871
46089,"South Dakota","McPherson","canola",0.382379673953647
46089,"South Dakota","McPherson","corn",4243.22737240961
46089,"South Dakota","McPherson","dry peas",22.2487613289929
46089,"South Dakota","McPherson","flaxseed",12.2363535023428
46089,"South Dakota","McPherson","grain sorghum",24.1515080785645
46089,"South Dakota","McPherson","lentils",0.662791434852987
46089,"South Dakota","McPherson","oats",443.768130425122
46089,"South Dakota","McPherson","soybeans",4299.06020910624
46089,"South Dakota","McPherson","sunflower",248.980763507829
46089,"South Dakota","McPherson","wheat",945.346663252643
46093,"South Dakota","Meade","barley",0
46093,"South Dakota","Meade","corn",0
46093,"South Dakota","Meade","dry peas",0
46093,"South Dakota","Meade","grain sorghum",0
46093,"South Dakota","Meade","oats",0
46093,"South Dakota","Meade","safflower",0
46093,"South Dakota","Meade","soybeans",0
46093,"South Dakota","Meade","sunflower",0
46093,"South Dakota","Meade","wheat",0
46095,"South Dakota","Mellette","barley",0
46095,"South Dakota","Mellette","corn",0
46095,"South Dakota","Mellette","grain sorghum",0
46095,"South Dakota","Mellette","oats",0
46095,"South Dakota","Mellette","safflower",0
46095,"South Dakota","Mellette","soybeans",0
46095,"South Dakota","Mellette","sunflower",0
46095,"South Dakota","Mellette","wheat",0
46097,"South Dakota","Miner","barley",17.0893571365471
46097,"South Dakota","Miner","corn",9302.794505043
46097,"South Dakota","Miner","grain sorghum",18.0306428678444
46097,"South Dakota","Miner","oats",162.079626933232
46097,"South Dakota","Miner","soybeans",8413.2455179128
46097,"South Dakota","Miner","wheat",920.643683439912
46099,"South Dakota","Minnehaha","barley",0.526276177974781
46099,"South Dakota","Minnehaha","corn",2155.32968112944
46099,"South Dakota","Minnehaha","grain sorghum",0.01742804843668
46099,"South Dakota","Minnehaha","oats",20.3835401426632
46099,"South Dakota","Minnehaha","soybeans",1689.94179965066
46099,"South Dakota","Minnehaha","wheat",10.012808184173
46101,"South Dakota","Moody","barley",5.02546457612691
46101,"South Dakota","Moody","corn",9126.32023855539
46101,"South Dakota","Moody","grain sorghum",1.65987243108407
46101,"South Dakota","Moody","oats",60.3335517956275
46101,"South Dakota","Moody","soybeans",6573.86171492822
46101,"South Dakota","Moody","wheat",9.51665771349864
46103,"South Dakota","Pennington","barley",0
46103,"South Dakota","Pennington","corn",0
46103,"South Dakota","Pennington","dry peas",0
46103,"South Dakota","Pennington","grain sorghum",0
46103,"South Dakota","Pennington","oats",0
46103,"South Dakota","Pennington","safflower",0
46103,"South Dakota","Pennington","soybeans",0
46103,"South Dakota","Pennington","sunflower",0
46103,"South Dakota","Pennington","wheat",0
46105,"South Dakota","Perkins","barley",0
46105,"South Dakota","Perkins","canola",0
46105,"South Dakota","Perkins","chickpeas_large",0
46105,"South Dakota","Perkins","chickpeas_small",0
46105,"South Dakota","Perkins","corn",0
46105,"South Dakota","Perkins","dry peas",0
46105,"South Dakota","Perkins","flaxseed",0
46105,"South Dakota","Perkins","grain sorghum",0
46105,"South Dakota","Perkins","lentils",0
46105,"South Dakota","Perkins","mustard",0
46105,"South Dakota","Perkins","oats",0
46105,"South Dakota","Perkins","safflower",0
46105,"South Dakota","Perkins","soybeans",0
46105,"South Dakota","Perkins","sunflower",0
46105,"South Dakota","Perkins","wheat",0
46107,"South Dakota","Potter","barley",42.0299368361988
46107,"South Dakota","Potter","canola",17.4774565159784
46107,"South Dakota","Potter","corn",13322.6334460837
46107,"South Dakota","Potter","flaxseed",37.1704435520144
46107,"South Dakota","Potter","grain sorghum",133.068564898369
46107,"South Dakota","Potter","oats",460.42992966052
46107,"South Dakota","Potter","soybeans",9905.79870113353
46107,"South Dakota","Potter","sunflower",4369.64737895773
46107,"South Dakota","Potter","wheat",10299.7274756953
46109,"South Dakota","Roberts","barley",11.5176507410342
46109,"South Dakota","Roberts","corn",6132.34124480086
46109,"South Dakota","Roberts","dry peas",1.17721517952065
46109,"South Dakota","Roberts","oats",39.0681027919996
46109,"South Dakota","Roberts","soybeans",5861.40564072916
46109,"South Dakota","Roberts","sunflower",6.8866218566818
46109,"South Dakota","Roberts","wheat",285.362523900701
46111,"South Dakota","Sanborn","barley",2.46936966510071
46111,"South Dakota","Sanborn","corn",1381.18313461947
46111,"South Dakota","Sanborn","grain sorghum",7.42142442863041
46111,"South Dakota","Sanborn","oats",33.2420711922163
46111,"South Dakota","Sanborn","soybeans",1002.25637556032
46111,"South Dakota","Sanborn","sunflower",5.22409391143968
46111,"South Dakota","Sanborn","wheat",30.0311972894635
46113,"South Dakota","Shannon","corn",12956.3968557304
46113,"South Dakota","Shannon","grain sorghum",458.473932959342
46113,"South Dakota","Shannon","oats",1602.28225242554
46113,"South Dakota","Shannon","safflower",872.633024676094
46113,"South Dakota","Shannon","soybeans",646.880384700431
46113,"South Dakota","Shannon","sunflower",6353.74982295147
46113,"South Dakota","Shannon","wheat",14498.8318932234
46115,"South Dakota","Spink","barley",70.4187498292071
46115,"South Dakota","Spink","corn",21567.823935621
46115,"South Dakota","Spink","flaxseed",1.43721120214396
46115,"South Dakota","Spink","grain sorghum",38.6892943983547
46115,"South Dakota","Spink","oats",291.776869414458
46115,"South Dakota","Spink","safflower",1.43721120214396
46115,"South Dakota","Spink","soybeans",21713.4657448859
46115,"South Dakota","Spink","sunflower",317.625544048378
46115,"South Dakota","Spink","wheat",1449.56043939838
46117,"South Dakota","Stanley","barley",0
46117,"South Dakota","Stanley","corn",0
46117,"South Dakota","Stanley","dry peas",0
46117,"South Dakota","Stanley","grain sorghum",0
46117,"South Dakota","Stanley","lentils",0
46117,"South Dakota","Stanley","oats",0
46117,"South Dakota","Stanley","safflower",0
46117,"South Dakota","Stanley","soybeans",0
46117,"South Dakota","Stanley","sunflower",0
46117,"South Dakota","Stanley","wheat",0
46119,"South Dakota","Sully","barley",10.6198443449201
46119,"South Dakota","Sully","canola",32.2787227864131
46119,"South Dakota","Sully","corn",15388.8115941002
46119,"South Dakota","Sully","grain sorghum",688.094084219375
46119,"South Dakota","Sully","oats",103.152257126582
46119,"South Dakota","Sully","soybeans",4600.25415965869
46119,"South Dakota","Sully","sunflower",12650.7744376931
46119,"South Dakota","Sully","wheat",19725.7825667374
46121,"South Dakota","Todd","corn",626.013112945288
46121,"South Dakota","Todd","dry peas",45.9769445113194
46121,"South Dakota","Todd","grain sorghum",66.4909932265067
46121,"South Dakota","Todd","oats",136.459269193967
46121,"South Dakota","Todd","soybeans",150.043455490879
46121,"South Dakota","Todd","sunflower",226.398751151883
46121,"South Dakota","Todd","wheat",425.273973480161
46123,"South Dakota","Tripp","barley",0
46123,"South Dakota","Tripp","corn",0
46123,"South Dakota","Tripp","grain sorghum",0
46123,"South Dakota","Tripp","oats",0
46123,"South Dakota","Tripp","soybeans",0
46123,"South Dakota","Tripp","sunflower",0
46123,"South Dakota","Tripp","wheat",0
46125,"South Dakota","Turner","barley",1.07072688677384
46125,"South Dakota","Turner","corn",3477.31153327982
46125,"South Dakota","Turner","dry peas",0.335624285357069
46125,"South Dakota","Turner","grain sorghum",0.388332506459079
46125,"South Dakota","Turner","oats",16.1101323634511
46125,"South Dakota","Turner","soybeans",2786.26094223001
46125,"South Dakota","Turner","wheat",39.0827084480721
46127,"South Dakota","Union","corn",2701.76615295797
46127,"South Dakota","Union","grain sorghum",2.50778918301635
46127,"South Dakota","Union","oats",11.1770201269417
46127,"South Dakota","Union","soybeans",2275.24825967908
46127,"South Dakota","Union","wheat",1.95127805301133
46129,"South Dakota","Walworth","barley",20.3354498620819
46129,"South Dakota","Walworth","corn",2651.01314240744
46129,"South Dakota","Walworth","dry peas",14.1907031056327
46129,"South Dakota","Walworth","grain sorghum",5.22067425783279
46129,"South Dakota","Walworth","oats",139.949866478113
46129,"South Dakota","Walworth","soybeans",2705.69176131783
46129,"South Dakota","Walworth","sunflower",147.551221558563
46129,"South Dakota","Walworth","wheat",1171.35484767916
46135,"South Dakota","Yankton","barley",1.0322201535773
46135,"South Dakota","Yankton","corn",4951.65400276172
46135,"South Dakota","Yankton","oats",32.7975413451801
46135,"South Dakota","Yankton","soybeans",3587.67240131288
46135,"South Dakota","Yankton","sunflower",3.43508877145001
46135,"South Dakota","Yankton","wheat",41.0062456552201
46137,"South Dakota","Ziebach","barley",0
46137,"South Dakota","Ziebach","corn",0
46137,"South Dakota","Ziebach","flaxseed",0
46137,"South Dakota","Ziebach","grain sorghum",0
46137,"South Dakota","Ziebach","oats",0
46137,"South Dakota","Ziebach","soybeans",0
46137,"South Dakota","Ziebach","sunflower",0
46137,"South Dakota","Ziebach","wheat",0
47001,"Tennessee","Anderson","corn",0
47001,"Tennessee","Anderson","oats",0
47001,"Tennessee","Anderson","soybeans",0
47001,"Tennessee","Anderson","wheat",0
47003,"Tennessee","Bedford","corn",196.690074639203
47003,"Tennessee","Bedford","grain sorghum",3.79548273018859
47003,"Tennessee","Bedford","soybeans",417.234346248344
47003,"Tennessee","Bedford","sunflower",0.167135617164498
47003,"Tennessee","Bedford","wheat",127.293360765097
47005,"Tennessee","Benton","corn",1426.26127084696
47005,"Tennessee","Benton","cotton",33.4642188459716
47005,"Tennessee","Benton","grain sorghum",14.9726559822296
47005,"Tennessee","Benton","soybeans",2431.99733161042
47005,"Tennessee","Benton","wheat",57.9054493810878
47007,"Tennessee","Bledsoe","corn",0
47007,"Tennessee","Bledsoe","oats",0
47007,"Tennessee","Bledsoe","soybeans",0
47007,"Tennessee","Bledsoe","sunflower",0
47007,"Tennessee","Bledsoe","wheat",0
47009,"Tennessee","Blount","corn",73.5003989793204
47009,"Tennessee","Blount","oats",0.21155110080479
47009,"Tennessee","Blount","soybeans",259.475219124999
47009,"Tennessee","Blount","sunflower",0.120002671216752
47009,"Tennessee","Blount","wheat",60.467861456993
47011,"Tennessee","Bradley","corn",340.790307836175
47011,"Tennessee","Bradley","oats",18.661541697642
47011,"Tennessee","Bradley","soybeans",242.500254939811
47011,"Tennessee","Bradley","sunflower",4.56728388828046
47011,"Tennessee","Bradley","wheat",89.6595449714239
47013,"Tennessee","Campbell","corn",0
47013,"Tennessee","Campbell","soybeans",0
47015,"Tennessee","Cannon","corn",1034.43869915466
47015,"Tennessee","Cannon","soybeans",1746.33970138915
47015,"Tennessee","Cannon","wheat",172.352932789523
47017,"Tennessee","Carroll","barley",6.11340805587777
47017,"Tennessee","Carroll","canola",34.6216957474023
47017,"Tennessee","Carroll","corn",5598.14203132885
47017,"Tennessee","Carroll","cotton",3577.94553091486
47017,"Tennessee","Carroll","grain sorghum",6.91516648943551
47017,"Tennessee","Carroll","soybeans",5799.04799134409
47017,"Tennessee","Carroll","wheat",2019.20211611948
47019,"Tennessee","Carter","barley",0
47019,"Tennessee","Carter","corn",0
47019,"Tennessee","Carter","soybeans",0
47019,"Tennessee","Carter","sunflower",0
47019,"Tennessee","Carter","wheat",0
47021,"Tennessee","Cheatham","corn",412.176285898049
47021,"Tennessee","Cheatham","soybeans",1059.00242426174
47021,"Tennessee","Cheatham","sunflower",1.00067885771848
47021,"Tennessee","Cheatham","wheat",172.87461098249
47023,"Tennessee","Chester","corn",286.426012354964
47023,"Tennessee","Chester","cotton",272.960104491326
47023,"Tennessee","Chester","dry peas",22.0892791638994
47023,"Tennessee","Chester","grain sorghum",2.492875535377
47023,"Tennessee","Chester","soybeans",872.139791288331
47023,"Tennessee","Chester","sunflower",0.441529496170209
47023,"Tennessee","Chester","wheat",47.5068076699298
47025,"Tennessee","Claiborne","barley",180.340093908884
47025,"Tennessee","Claiborne","corn",540.407475582301
47025,"Tennessee","Claiborne","soybeans",106.624462867657
47025,"Tennessee","Claiborne","wheat",118.209734307825
47027,"Tennessee","Clay","corn",573.110741645136
47027,"Tennessee","Clay","grain sorghum",0.894415792205416
47027,"Tennessee","Clay","soybeans",233.32665426526
47027,"Tennessee","Clay","sunflower",0.243931579692386
47027,"Tennessee","Clay","wheat",45.4322567177069
47029,"Tennessee","Cocke","corn",0
47029,"Tennessee","Cocke","soybeans",0
47029,"Tennessee","Cocke","wheat",0
47031,"Tennessee","Coffee","barley",27.3417900467531
47031,"Tennessee","Coffee","corn",3766.84190263176
47031,"Tennessee","Coffee","cotton",62.0709384483657
47031,"Tennessee","Coffee","oats",8.4824866818158
47031,"Tennessee","Coffee","soybeans",5700.43193726873
47031,"Tennessee","Coffee","sunflower",0.608828851582444
47031,"Tennessee","Coffee","wheat",682.414849404328
47033,"Tennessee","Crockett","canola",56.7212817694738
47033,"Tennessee","Crockett","corn",5574.69585546886
47033,"Tennessee","Crockett","cotton",9743.0749229986
47033,"Tennessee","Crockett","dry peas",68.1661523704097
47033,"Tennessee","Crockett","oats",28.2304712026273
47033,"Tennessee","Crockett","soybeans",13669.4045759177
47033,"Tennessee","Crockett","sunflower",7.83332220339225
47033,"Tennessee","Crockett","wheat",3948.45973140226
47035,"Tennessee","Cumberland","corn",0
47035,"Tennessee","Cumberland","soybeans",0
47035,"Tennessee","Cumberland","wheat",0
47037,"Tennessee","Davidson","corn",516.627232133319
47037,"Tennessee","Davidson","grain sorghum",350.832728539487
47037,"Tennessee","Davidson","soybeans",692.572004857344
47037,"Tennessee","Davidson","sunflower",6.49237430755776
47037,"Tennessee","Davidson","wheat",243.851610162292
47041,"Tennessee","DeKalb","corn",1379.4587973375
47041,"Tennessee","DeKalb","soybeans",2532.18064522441
47041,"Tennessee","DeKalb","wheat",242.230157438083
47039,"Tennessee","Decatur","corn",222.702824629395
47039,"Tennessee","Decatur","cotton",10.078765723663
47039,"Tennessee","Decatur","grain sorghum",2.64332756159805
47039,"Tennessee","Decatur","soybeans",624.836344644965
47039,"Tennessee","Decatur","sunflower",2.18400158157755
47039,"Tennessee","Decatur","wheat",9.74123585880288
47043,"Tennessee","Dickson","corn",329.200394568345
47043,"Tennessee","Dickson","soybeans",360.882352950576
47043,"Tennessee","Dickson","wheat",64.8812524810796
47045,"Tennessee","Dyer","corn",649.483816139372
47045,"Tennessee","Dyer","cotton",303.676220034732
47045,"Tennessee","Dyer","grain sorghum",4.22910249077961
47045,"Tennessee","Dyer","oats",2.22413274333961
47045,"Tennessee","Dyer","rice_long grain",7.89776275005185
47045,"Tennessee","Dyer","soybeans",2024.48657911477
47045,"Tennessee","Dyer","sunflower",0.372381312300905
47045,"Tennessee","Dyer","wheat",376.110505414663
47047,"Tennessee","Fayette","corn",2374.17632149829
47047,"Tennessee","Fayette","cotton",3958.94404211827
47047,"Tennessee","Fayette","grain sorghum",24.443105790014
47047,"Tennessee","Fayette","soybeans",6205.8672660317
47047,"Tennessee","Fayette","wheat",793.116504561736
47049,"Tennessee","Fentress","corn",0
47049,"Tennessee","Fentress","oats",0
47049,"Tennessee","Fentress","soybeans",0
47049,"Tennessee","Fentress","wheat",0
47051,"Tennessee","Franklin","corn",1538.64627046271
47051,"Tennessee","Franklin","cotton",295.402154415743
47051,"Tennessee","Franklin","grain sorghum",2.77473900021747
47051,"Tennessee","Franklin","oats",6.45854067691749
47051,"Tennessee","Franklin","rapeseed",26.3565241071565
47051,"Tennessee","Franklin","soybeans",1913.27428605237
47051,"Tennessee","Franklin","sunflower",0.606041784321693
47051,"Tennessee","Franklin","wheat",456.527360167233
47053,"Tennessee","Gibson","canola",29.3534300459749
47053,"Tennessee","Gibson","corn",9604.56972556807
47053,"Tennessee","Gibson","cotton",3353.35909013216
47053,"Tennessee","Gibson","grain sorghum",0.272652965722461
47053,"Tennessee","Gibson","mustard",0.238240455485645
47053,"Tennessee","Gibson","soybeans",14456.7360513636
47053,"Tennessee","Gibson","sunflower",0.806841009244719
47053,"Tennessee","Gibson","wheat",7077.97463512642
47055,"Tennessee","Giles","corn",628.515393925116
47055,"Tennessee","Giles","cotton",91.1995762806724
47055,"Tennessee","Giles","grain sorghum",8.37417733317038
47055,"Tennessee","Giles","oats",1.45258080337749
47055,"Tennessee","Giles","soybeans",568.416983041487
47055,"Tennessee","Giles","wheat",51.3729552828416
47057,"Tennessee","Grainger","barley",0
47057,"Tennessee","Grainger","corn",0
47057,"Tennessee","Grainger","oats",0
47057,"Tennessee","Grainger","soybeans",0
47057,"Tennessee","Grainger","sunflower",0
47057,"Tennessee","Grainger","wheat",0
47059,"Tennessee","Greene","corn",87.5785590858907
47059,"Tennessee","Greene","grain sorghum",0.022498197176496
47059,"Tennessee","Greene","oats",0.456124988295176
47059,"Tennessee","Greene","soybeans",92.481705418181
47059,"Tennessee","Greene","sunflower",0.0391699381611302
47059,"Tennessee","Greene","wheat",6.87887570563021
47061,"Tennessee","Grundy","barley",7.50653277016573
47061,"Tennessee","Grundy","corn",489.729003416099
47061,"Tennessee","Grundy","soybeans",539.885267027998
47061,"Tennessee","Grundy","wheat",31.700196785738
47063,"Tennessee","Hamblen","corn",687.35810204915
47063,"Tennessee","Hamblen","cotton",0.255680478140907
47063,"Tennessee","Hamblen","grain sorghum",3.23180124370106
47063,"Tennessee","Hamblen","oats",6.81388474245516
47063,"Tennessee","Hamblen","soybeans",657.147919473933
47063,"Tennessee","Hamblen","sunflower",0.511360956281813
47063,"Tennessee","Hamblen","wheat",95.7768843896711
47065,"Tennessee","Hamilton","corn",0
47065,"Tennessee","Hamilton","soybeans",0
47065,"Tennessee","Hamilton","sunflower",0
47067,"Tennessee","Hancock","corn",83.3778044232437
47067,"Tennessee","Hancock","soybeans",70.5563955767563
47069,"Tennessee","Hardeman","corn",1097.13939234902
47069,"Tennessee","Hardeman","cotton",1208.155449983
47069,"Tennessee","Hardeman","grain sorghum",10.7854386404151
47069,"Tennessee","Hardeman","soybeans",2502.35387501144
47069,"Tennessee","Hardeman","sunflower",0.663237347099386
47069,"Tennessee","Hardeman","wheat",354.147620002365
47071,"Tennessee","Hardin","corn",0
47071,"Tennessee","Hardin","cotton",0
47071,"Tennessee","Hardin","grain sorghum",0
47071,"Tennessee","Hardin","oats",0
47071,"Tennessee","Hardin","soybeans",0
47071,"Tennessee","Hardin","sunflower",0
47071,"Tennessee","Hardin","wheat",0
47073,"Tennessee","Hawkins","corn",0
47073,"Tennessee","Hawkins","soybeans",0
47073,"Tennessee","Hawkins","sunflower",0
47073,"Tennessee","Hawkins","wheat",0
47075,"Tennessee","Haywood","corn",4747.86575026383
47075,"Tennessee","Haywood","cotton",13046.8888349441
47075,"Tennessee","Haywood","peanuts",12.3236475028555
47075,"Tennessee","Haywood","soybeans",18101.6917961935
47075,"Tennessee","Haywood","wheat",4328.2654710957
47077,"Tennessee","Henderson","corn",967.034868912749
47077,"Tennessee","Henderson","cotton",238.077330674679
47077,"Tennessee","Henderson","dry peas",18.1609272133479
47077,"Tennessee","Henderson","grain sorghum",16.8567354111602
47077,"Tennessee","Henderson","oats",2.01313874133684
47077,"Tennessee","Henderson","soybeans",2733.46249119216
47077,"Tennessee","Henderson","sunflower",0.538715927181739
47077,"Tennessee","Henderson","wheat",252.881791927371
47079,"Tennessee","Henry","barley",101.193228602302
47079,"Tennessee","Henry","canola",127.871239819708
47079,"Tennessee","Henry","corn",6377.85381206943
47079,"Tennessee","Henry","cotton",264.474290668404
47079,"Tennessee","Henry","dry peas",70.0005195034198
47079,"Tennessee","Henry","grain sorghum",0.766970963827943
47079,"Tennessee","Henry","oats",22.9726210969601
47079,"Tennessee","Henry","rapeseed",69.9968380427934
47079,"Tennessee","Henry","soybeans",6746.41373223892
47079,"Tennessee","Henry","sunflower",1.12361246200794
47079,"Tennessee","Henry","wheat",1812.11800119888
47081,"Tennessee","Hickman","canola",8.92520899018987
47081,"Tennessee","Hickman","corn",300.434777342507
47081,"Tennessee","Hickman","grain sorghum",36.2110925131003
47081,"Tennessee","Hickman","oats",10.7436400592703
47081,"Tennessee","Hickman","soybeans",521.891942777481
47081,"Tennessee","Hickman","sunflower",1.15749472947115
47081,"Tennessee","Hickman","wheat",58.1478435879814
47083,"Tennessee","Houston","corn",0
47083,"Tennessee","Houston","soybeans",0
47085,"Tennessee","Humphreys","corn",0
47085,"Tennessee","Humphreys","soybeans",0
47085,"Tennessee","Humphreys","wheat",0
47087,"Tennessee","Jackson","corn",399.915414822092
47087,"Tennessee","Jackson","soybeans",809.357485224906
47087,"Tennessee","Jackson","wheat",41.3386499530029
47089,"Tennessee","Jefferson","barley",0
47089,"Tennessee","Jefferson","corn",0
47089,"Tennessee","Jefferson","grain sorghum",0
47089,"Tennessee","Jefferson","soybeans",0
47089,"Tennessee","Jefferson","sunflower",0
47089,"Tennessee","Jefferson","wheat",0
47091,"Tennessee","Johnson","corn",0
47091,"Tennessee","Johnson","oats",0
47091,"Tennessee","Johnson","soybeans",0
47091,"Tennessee","Johnson","wheat",0
47093,"Tennessee","Knox","barley",0
47093,"Tennessee","Knox","corn",0
47093,"Tennessee","Knox","soybeans",0
47093,"Tennessee","Knox","wheat",0
47095,"Tennessee","Lake","corn",312.801188545828
47095,"Tennessee","Lake","cotton",162.373966274601
47095,"Tennessee","Lake","grain sorghum",1.09440822464421
47095,"Tennessee","Lake","rice_long grain",12.4888296864824
47095,"Tennessee","Lake","soybeans",1449.44955296956
47095,"Tennessee","Lake","wheat",233.829054298865
47097,"Tennessee","Lauderdale","corn",1469.0918686851
47097,"Tennessee","Lauderdale","cotton",2741.9940230214
47097,"Tennessee","Lauderdale","grain sorghum",23.6132718165481
47097,"Tennessee","Lauderdale","oats",22.6323350430127
47097,"Tennessee","Lauderdale","soybeans",7139.92814458592
47097,"Tennessee","Lauderdale","sunflower",1.05290584609548
47097,"Tennessee","Lauderdale","wheat",663.820814335243
47099,"Tennessee","Lawrence","corn",10026.070168937
47099,"Tennessee","Lawrence","cotton",240.853767642338
47099,"Tennessee","Lawrence","oats",84.9676899092218
47099,"Tennessee","Lawrence","soybeans",10679.2657671528
47099,"Tennessee","Lawrence","wheat",2813.73310635869
47101,"Tennessee","Lewis","corn",0
47101,"Tennessee","Lewis","soybeans",0
47103,"Tennessee","Lincoln","corn",3570.79034400946
47103,"Tennessee","Lincoln","cotton",1560.1810542998
47103,"Tennessee","Lincoln","oats",14.6476355286981
47103,"Tennessee","Lincoln","soybeans",3175.87250449516
47103,"Tennessee","Lincoln","sunflower",1.82803784407565
47103,"Tennessee","Lincoln","wheat",984.996988822808
47105,"Tennessee","Loudon","barley",320.484364421703
47105,"Tennessee","Loudon","corn",1401.91209436491
47105,"Tennessee","Loudon","oats",42.5368460578273
47105,"Tennessee","Loudon","soybeans",1317.80701257031
47105,"Tennessee","Loudon","sunflower",1.17908596494743
47105,"Tennessee","Loudon","wheat",289.270263286968
47111,"Tennessee","Macon","corn",2684.51799096646
47111,"Tennessee","Macon","cotton",0.351913906486017
47111,"Tennessee","Macon","grain sorghum",12.3169867270106
47111,"Tennessee","Macon","oats",3.22587747612183
47111,"Tennessee","Macon","soybeans",3137.50860967339
47111,"Tennessee","Macon","wheat",579.185537917191
47113,"Tennessee","Madison","corn",5027.57873447938
47113,"Tennessee","Madison","cotton",4344.02485765311
47113,"Tennessee","Madison","grain sorghum",2.80071356293161
47113,"Tennessee","Madison","oats",152.659172677602
47113,"Tennessee","Madison","soybeans",9187.79668247353
47113,"Tennessee","Madison","sunflower",1.91566368381908
47113,"Tennessee","Madison","wheat",2750.72030880295
47115,"Tennessee","Marion","barley",0
47115,"Tennessee","Marion","corn",0
47115,"Tennessee","Marion","grain sorghum",0
47115,"Tennessee","Marion","rapeseed",0
47115,"Tennessee","Marion","soybeans",0
47115,"Tennessee","Marion","wheat",0
47117,"Tennessee","Marshall","corn",723.605795807979
47117,"Tennessee","Marshall","grain sorghum",3.78521938382053
47117,"Tennessee","Marshall","oats",7.29291248137174
47117,"Tennessee","Marshall","soybeans",1128.15840438726
47117,"Tennessee","Marshall","wheat",259.271334606242
47119,"Tennessee","Maury","corn",1152.76870978156
47119,"Tennessee","Maury","oats",59.6721696906512
47119,"Tennessee","Maury","soybeans",1674.73169691932
47119,"Tennessee","Maury","wheat",210.072576941806
47107,"Tennessee","McMinn","corn",1242.77994731453
47107,"Tennessee","McMinn","oats",18.4505779362931
47107,"Tennessee","McMinn","soybeans",1654.05366228618
47107,"Tennessee","McMinn","wheat",604.859639129657
47109,"Tennessee","McNairy","corn",461.956821379812
47109,"Tennessee","McNairy","cotton",404.479240865901
47109,"Tennessee","McNairy","grain sorghum",14.0909768218153
47109,"Tennessee","McNairy","oats",7.06753341870127
47109,"Tennessee","McNairy","soybeans",1302.06185659268
47109,"Tennessee","McNairy","wheat",41.7125709210934
47121,"Tennessee","Meigs","corn",0
47121,"Tennessee","Meigs","oats",0
47121,"Tennessee","Meigs","soybeans",0
47121,"Tennessee","Meigs","sunflower",0
47121,"Tennessee","Meigs","wheat",0
47123,"Tennessee","Monroe","barley",35.5367402162831
47123,"Tennessee","Monroe","corn",2497.40513794967
47123,"Tennessee","Monroe","oats",16.4021869748267
47123,"Tennessee","Monroe","soybeans",2505.44085137357
47123,"Tennessee","Monroe","sunflower",17.5939354195799
47123,"Tennessee","Monroe","wheat",839.234314732735
47125,"Tennessee","Montgomery","barley",26.1133813566198
47125,"Tennessee","Montgomery","corn",3954.80198427119
47125,"Tennessee","Montgomery","grain sorghum",18.6887901659592
47125,"Tennessee","Montgomery","oats",4.87408590863432
47125,"Tennessee","Montgomery","soybeans",4518.92091010656
47125,"Tennessee","Montgomery","sunflower",1.9790386850009
47125,"Tennessee","Montgomery","wheat",2458.20554283937
47127,"Tennessee","Moore","corn",0
47127,"Tennessee","Moore","soybeans",0
47127,"Tennessee","Moore","wheat",0
47129,"Tennessee","Morgan","corn",44.8549685359069
47129,"Tennessee","Morgan","oats",1.78471522891934
47129,"Tennessee","Morgan","soybeans",11.9362174134573
47129,"Tennessee","Morgan","wheat",15.2880988217165
47131,"Tennessee","Obion","corn",0
47131,"Tennessee","Obion","cotton",0
47131,"Tennessee","Obion","grain sorghum",0
47131,"Tennessee","Obion","oats",0
47131,"Tennessee","Obion","rice_long grain",0
47131,"Tennessee","Obion","soybeans",0
47131,"Tennessee","Obion","sunflower",0
47131,"Tennessee","Obion","wheat",0
47133,"Tennessee","Overton","corn",0
47133,"Tennessee","Overton","oats",0
47133,"Tennessee","Overton","soybeans",0
47133,"Tennessee","Overton","wheat",0
47135,"Tennessee","Perry","corn",0
47135,"Tennessee","Perry","grain sorghum",0
47135,"Tennessee","Perry","oats",0
47135,"Tennessee","Perry","soybeans",0
47135,"Tennessee","Perry","sunflower",0
47135,"Tennessee","Perry","wheat",0
47137,"Tennessee","Pickett","barley",0
47137,"Tennessee","Pickett","corn",0
47137,"Tennessee","Pickett","oats",0
47137,"Tennessee","Pickett","soybeans",0
47137,"Tennessee","Pickett","wheat",0
47139,"Tennessee","Polk","corn",224.80915392405
47139,"Tennessee","Polk","oats",5.13196504268368
47139,"Tennessee","Polk","soybeans",270.37157251945
47139,"Tennessee","Polk","sunflower",0.63631292115513
47139,"Tennessee","Polk","wheat",108.135262259327
47141,"Tennessee","Putnam","corn",484.168182181839
47141,"Tennessee","Putnam","oats",6.09364953570498
47141,"Tennessee","Putnam","soybeans",614.916153673716
47141,"Tennessee","Putnam","sunflower",0.929382237270713
47141,"Tennessee","Putnam","wheat",60.82063237147
47143,"Tennessee","Rhea","corn",0
47143,"Tennessee","Rhea","soybeans",0
47143,"Tennessee","Rhea","sunflower",0
47143,"Tennessee","Rhea","wheat",0
47145,"Tennessee","Roane","corn",6.54781410278102
47145,"Tennessee","Roane","soybeans",2.17646386298016
47145,"Tennessee","Roane","wheat",2.84913870090555
47147,"Tennessee","Robertson","barley",163.274796996447
47147,"Tennessee","Robertson","canola",43.2027295884288
47147,"Tennessee","Robertson","corn",10253.7701300886
47147,"Tennessee","Robertson","grain sorghum",1.33111688404082
47147,"Tennessee","Robertson","oats",34.6058443045396
47147,"Tennessee","Robertson","rapeseed",137.938318225614
47147,"Tennessee","Robertson","soybeans",13840.7366544277
47147,"Tennessee","Robertson","sunflower",0.940655931388844
47147,"Tennessee","Robertson","wheat",10131.0810868866
47149,"Tennessee","Rutherford","barley",0
47149,"Tennessee","Rutherford","corn",0
47149,"Tennessee","Rutherford","cotton",0
47149,"Tennessee","Rutherford","grain sorghum",0
47149,"Tennessee","Rutherford","oats",0
47149,"Tennessee","Rutherford","soybeans",0
47149,"Tennessee","Rutherford","sunflower",0
47149,"Tennessee","Rutherford","wheat",0
47151,"Tennessee","Scott","corn",0
47151,"Tennessee","Scott","soybeans",0
47153,"Tennessee","Sequatchie","corn",0
47153,"Tennessee","Sequatchie","oats",0
47153,"Tennessee","Sequatchie","soybeans",0
47153,"Tennessee","Sequatchie","wheat",0
47155,"Tennessee","Sevier","corn",32.9700335318012
47155,"Tennessee","Sevier","soybeans",77.9603369176966
47155,"Tennessee","Sevier","wheat",61.2202795505022
47157,"Tennessee","Shelby","corn",0
47157,"Tennessee","Shelby","cotton",0
47157,"Tennessee","Shelby","grain sorghum",0
47157,"Tennessee","Shelby","rice_long grain",0
47157,"Tennessee","Shelby","rice_short/medium grain",0
47157,"Tennessee","Shelby","soybeans",0
47157,"Tennessee","Shelby","sunflower",0
47157,"Tennessee","Shelby","wheat",0
47159,"Tennessee","Smith","corn",1429.00213384096
47159,"Tennessee","Smith","soybeans",1384.41568416788
47159,"Tennessee","Smith","wheat",831.525631991157
47161,"Tennessee","Stewart","canola",7.83815561660412
47161,"Tennessee","Stewart","corn",702.155756287693
47161,"Tennessee","Stewart","grain sorghum",16.9577309165894
47161,"Tennessee","Stewart","soybeans",749.163788239006
47161,"Tennessee","Stewart","wheat",81.6227522734406
47163,"Tennessee","Sullivan","barley",0
47163,"Tennessee","Sullivan","corn",0
47163,"Tennessee","Sullivan","oats",0
47163,"Tennessee","Sullivan","soybeans",0
47163,"Tennessee","Sullivan","wheat",0
47165,"Tennessee","Sumner","barley",2.63687300883017
47165,"Tennessee","Sumner","canola",50.782407188628
47165,"Tennessee","Sumner","corn",4332.10585853819
47165,"Tennessee","Sumner","grain sorghum",21.0384796490236
47165,"Tennessee","Sumner","oats",18.5259163677526
47165,"Tennessee","Sumner","rapeseed",89.0274249606288
47165,"Tennessee","Sumner","soybeans",5568.03309972241
47165,"Tennessee","Sumner","sunflower",0.847566324266842
47165,"Tennessee","Sumner","wheat",2971.49972757361
47167,"Tennessee","Tipton","corn",4786.2244524416
47167,"Tennessee","Tipton","cotton",3639.98421089927
47167,"Tennessee","Tipton","grain sorghum",0.644852917672477
47167,"Tennessee","Tipton","oats",8.51290980425713
47167,"Tennessee","Tipton","soybeans",12588.2478681997
47167,"Tennessee","Tipton","wheat",1616.9986990708
47169,"Tennessee","Trousdale","corn",1082.97010157168
47169,"Tennessee","Trousdale","soybeans",1174.33929529158
47169,"Tennessee","Trousdale","wheat",461.008603136739
47171,"Tennessee","Unicoi","corn",26.85056
47173,"Tennessee","Union","corn",0
47173,"Tennessee","Union","soybeans",0
47175,"Tennessee","Van Buren","corn",36.8142051203858
47175,"Tennessee","Van Buren","soybeans",71.4616411663869
47175,"Tennessee","Van Buren","wheat",3.70815371322696
47177,"Tennessee","Warren","corn",7690.98860959726
47177,"Tennessee","Warren","grain sorghum",4.3700416722674
47177,"Tennessee","Warren","oats",17.2078128171436
47177,"Tennessee","Warren","soybeans",12986.7239533768
47177,"Tennessee","Warren","wheat",1201.8208825365
47179,"Tennessee","Washington","corn",0
47179,"Tennessee","Washington","oats",0
47179,"Tennessee","Washington","soybeans",0
47179,"Tennessee","Washington","sunflower",0
47179,"Tennessee","Washington","wheat",0
47181,"Tennessee","Wayne","corn",2287.4676130714
47181,"Tennessee","Wayne","cotton",15.1934482074144
47181,"Tennessee","Wayne","grain sorghum",44.7858820194631
47181,"Tennessee","Wayne","oats",17.7481906947855
47181,"Tennessee","Wayne","soybeans",2213.67917274104
47181,"Tennessee","Wayne","wheat",689.597693265901
47183,"Tennessee","Weakley","barley",2.0212509623099
47183,"Tennessee","Weakley","canola",9.37211776163208
47183,"Tennessee","Weakley","corn",5047.18915014669
47183,"Tennessee","Weakley","cotton",88.2970370686027
47183,"Tennessee","Weakley","oats",4.66268337275897
47183,"Tennessee","Weakley","soybeans",6062.33603894758
47183,"Tennessee","Weakley","sunflower",0.292924335340177
47183,"Tennessee","Weakley","wheat",1826.25846407175
47185,"Tennessee","White","barley",44.4878004952863
47185,"Tennessee","White","corn",1238.2460286733
47185,"Tennessee","White","grain sorghum",12.2247026072933
47185,"Tennessee","White","oats",42.0282465362281
47185,"Tennessee","White","soybeans",1532.1899302569
47185,"Tennessee","White","sunflower",1.98208798825838
47185,"Tennessee","White","wheat",412.092870109392
47187,"Tennessee","Williamson","barley",0
47187,"Tennessee","Williamson","corn",0
47187,"Tennessee","Williamson","grain sorghum",0
47187,"Tennessee","Williamson","soybeans",0
47187,"Tennessee","Williamson","wheat",0
47189,"Tennessee","Wilson","corn",1633.61935183915
47189,"Tennessee","Wilson","soybeans",1885.17058177754
47189,"Tennessee","Wilson","wheat",431.353566383309
48001,"Texas","Anderson","corn",0
48001,"Texas","Anderson","cotton",0
48001,"Texas","Anderson","oats",0
48001,"Texas","Anderson","wheat",0
48003,"Texas","Andrews","corn",0
48003,"Texas","Andrews","cotton",0
48003,"Texas","Andrews","grain sorghum",0
48003,"Texas","Andrews","oats",0
48003,"Texas","Andrews","peanuts",0
48003,"Texas","Andrews","wheat",0
48007,"Texas","Aransas","corn",0
48007,"Texas","Aransas","cotton",0
48007,"Texas","Aransas","grain sorghum",0
48009,"Texas","Archer","barley",51.6785019350927
48009,"Texas","Archer","corn",66.8402827645375
48009,"Texas","Archer","cotton",787.644803617345
48009,"Texas","Archer","grain sorghum",352.0928983157
48009,"Texas","Archer","oats",50.8719955122171
48009,"Texas","Archer","sesame",61.6663584640777
48009,"Texas","Archer","wheat",20594.4276660577
48011,"Texas","Armstrong","barley",6.17364769919717
48011,"Texas","Armstrong","corn",258.584002970112
48011,"Texas","Armstrong","cotton",3244.04935426468
48011,"Texas","Armstrong","grain sorghum",3668.39766379604
48011,"Texas","Armstrong","oats",6.57867102606475
48011,"Texas","Armstrong","sunflower",3.33666408156521
48011,"Texas","Armstrong","wheat",17022.4303294957
48013,"Texas","Atascosa","corn",0
48013,"Texas","Atascosa","cotton",0
48013,"Texas","Atascosa","dry peas",0
48013,"Texas","Atascosa","grain sorghum",0
48013,"Texas","Atascosa","oats",0
48013,"Texas","Atascosa","peanuts",0
48013,"Texas","Atascosa","sesame",0
48013,"Texas","Atascosa","sunflower",0
48013,"Texas","Atascosa","wheat",0
48015,"Texas","Austin","corn",0
48015,"Texas","Austin","cotton",0
48015,"Texas","Austin","grain sorghum",0
48015,"Texas","Austin","oats",0
48015,"Texas","Austin","rice_long grain",0
48015,"Texas","Austin","wheat",0
48017,"Texas","Bailey","barley",0
48017,"Texas","Bailey","canola",0
48017,"Texas","Bailey","corn",0
48017,"Texas","Bailey","cotton",0
48017,"Texas","Bailey","dry peas",0
48017,"Texas","Bailey","grain sorghum",0
48017,"Texas","Bailey","oats",0
48017,"Texas","Bailey","peanuts",0
48017,"Texas","Bailey","soybeans",0
48017,"Texas","Bailey","sunflower",0
48017,"Texas","Bailey","wheat",0
48019,"Texas","Bandera","oats",0
48021,"Texas","Bastrop","corn",0
48021,"Texas","Bastrop","cotton",0
48021,"Texas","Bastrop","grain sorghum",0
48021,"Texas","Bastrop","oats",0
48021,"Texas","Bastrop","wheat",0
48023,"Texas","Baylor","barley",2.56333749560746
48023,"Texas","Baylor","corn",45.3379420991795
48023,"Texas","Baylor","cotton",3797.45773950638
48023,"Texas","Baylor","grain sorghum",184.185712697732
48023,"Texas","Baylor","oats",504.836822763028
48023,"Texas","Baylor","sesame",248.212445368313
48023,"Texas","Baylor","wheat",97125.3537134032
48025,"Texas","Bee","corn",0
48025,"Texas","Bee","cotton",0
48025,"Texas","Bee","grain sorghum",0
48025,"Texas","Bee","oats",0
48025,"Texas","Bee","sesame",0
48025,"Texas","Bee","wheat",0
48027,"Texas","Bell","barley",0
48027,"Texas","Bell","corn",0
48027,"Texas","Bell","cotton",0
48027,"Texas","Bell","grain sorghum",0
48027,"Texas","Bell","oats",0
48027,"Texas","Bell","sesame",0
48027,"Texas","Bell","soybeans",0
48027,"Texas","Bell","sunflower",0
48027,"Texas","Bell","wheat",0
48029,"Texas","Bexar","barley",0
48029,"Texas","Bexar","corn",0
48029,"Texas","Bexar","cotton",0
48029,"Texas","Bexar","grain sorghum",0
48029,"Texas","Bexar","oats",0
48029,"Texas","Bexar","peanuts",0
48029,"Texas","Bexar","sesame",0
48029,"Texas","Bexar","soybeans",0
48029,"Texas","Bexar","sunflower",0
48029,"Texas","Bexar","wheat",0
48031,"Texas","Blanco","oats",0
48033,"Texas","Borden","cotton",10571.8407266931
48033,"Texas","Borden","dry peas",3.52101375103409
48033,"Texas","Borden","grain sorghum",290.286790384467
48033,"Texas","Borden","oats",74.2684380808671
48033,"Texas","Borden","sunflower",143.978965447797
48033,"Texas","Borden","wheat",3099.34102564273
48035,"Texas","Bosque","barley",0
48035,"Texas","Bosque","corn",0
48035,"Texas","Bosque","cotton",0
48035,"Texas","Bosque","grain sorghum",0
48035,"Texas","Bosque","oats",0
48035,"Texas","Bosque","sunflower",0
48035,"Texas","Bosque","wheat",0
48037,"Texas","Bowie","corn",0
48037,"Texas","Bowie","cotton",0
48037,"Texas","Bowie","grain sorghum",0
48037,"Texas","Bowie","oats",0
48037,"Texas","Bowie","rice_long grain",0
48037,"Texas","Bowie","soybeans",0
48037,"Texas","Bowie","sunflower",0
48037,"Texas","Bowie","wheat",0
48039,"Texas","Brazoria","corn",0
48039,"Texas","Brazoria","cotton",0
48039,"Texas","Brazoria","grain sorghum",0
48039,"Texas","Brazoria","rice_long grain",0
48039,"Texas","Brazoria","sesame",0
48039,"Texas","Brazoria","soybeans",0
48039,"Texas","Brazoria","sunflower",0
48039,"Texas","Brazoria","wheat",0
48041,"Texas","Brazos","corn",0
48041,"Texas","Brazos","cotton",0
48041,"Texas","Brazos","grain sorghum",0
48041,"Texas","Brazos","oats",0
48041,"Texas","Brazos","rice_long grain",0
48041,"Texas","Brazos","soybeans",0
48041,"Texas","Brazos","sunflower",0
48041,"Texas","Brazos","wheat",0
48045,"Texas","Briscoe","corn",106.586969214872
48045,"Texas","Briscoe","cotton",8971.45168863583
48045,"Texas","Briscoe","grain sorghum",845.088700873404
48045,"Texas","Briscoe","oats",85.0783276940392
48045,"Texas","Briscoe","peanuts",64.4818098740645
48045,"Texas","Briscoe","wheat",16196.8435637078
48047,"Texas","Brooks","cotton",0
48047,"Texas","Brooks","dry peas",0
48047,"Texas","Brooks","grain sorghum",0
48047,"Texas","Brooks","sunflower",0
48047,"Texas","Brooks","wheat",0
48049,"Texas","Brown","barley",0
48049,"Texas","Brown","corn",0
48049,"Texas","Brown","cotton",0
48049,"Texas","Brown","grain sorghum",0
48049,"Texas","Brown","oats",0
48049,"Texas","Brown","peanuts",0
48049,"Texas","Brown","wheat",0
48051,"Texas","Burleson","corn",0
48051,"Texas","Burleson","cotton",0
48051,"Texas","Burleson","grain sorghum",0
48051,"Texas","Burleson","oats",0
48051,"Texas","Burleson","soybeans",0
48051,"Texas","Burleson","sunflower",0
48051,"Texas","Burleson","wheat",0
48053,"Texas","Burnet","corn",0
48053,"Texas","Burnet","oats",0
48053,"Texas","Burnet","wheat",0
48055,"Texas","Caldwell","corn",0
48055,"Texas","Caldwell","cotton",0
48055,"Texas","Caldwell","grain sorghum",0
48055,"Texas","Caldwell","oats",0
48055,"Texas","Caldwell","sesame",0
48055,"Texas","Caldwell","wheat",0
48057,"Texas","Calhoun","corn",187.555405704881
48057,"Texas","Calhoun","cotton",158.844401257868
48057,"Texas","Calhoun","grain sorghum",52.339957669227
48057,"Texas","Calhoun","rice_long grain",21.9832754390524
48057,"Texas","Calhoun","rice_short/medium grain",31.9684832088589
48057,"Texas","Calhoun","soybeans",5.16020465902629
48057,"Texas","Calhoun","wheat",1.94127206109171
48059,"Texas","Callahan","corn",0
48059,"Texas","Callahan","cotton",0
48059,"Texas","Callahan","grain sorghum",0
48059,"Texas","Callahan","oats",0
48059,"Texas","Callahan","wheat",0
48061,"Texas","Cameron","canola",27.0112328774582
48061,"Texas","Cameron","chickpeas_large",1.40731735143106
48061,"Texas","Cameron","corn",980.058057681262
48061,"Texas","Cameron","cotton",1828.66414554279
48061,"Texas","Cameron","dry peas",59.844190377661
48061,"Texas","Cameron","grain sorghum",1733.57756069819
48061,"Texas","Cameron","mustard",21.423005150915
48061,"Texas","Cameron","oats",0.79778444662293
48061,"Texas","Cameron","rapeseed",0.304614145331397
48061,"Texas","Cameron","rice_long grain",0.101538048443799
48061,"Texas","Cameron","sesame",120.2835967953
48061,"Texas","Cameron","soybeans",13.0758668024956
48061,"Texas","Cameron","sunflower",14.8995307677656
48061,"Texas","Cameron","wheat",16.4290593143036
48065,"Texas","Carson","barley",14.6974941547079
48065,"Texas","Carson","corn",3663.47954297539
48065,"Texas","Carson","cotton",9201.00133657085
48065,"Texas","Carson","grain sorghum",3987.89018817402
48065,"Texas","Carson","oats",30.4583995269641
48065,"Texas","Carson","soybeans",27.8466454910314
48065,"Texas","Carson","wheat",9740.29581977369
48067,"Texas","Cass","corn",102.451568103025
48067,"Texas","Cass","oats",59.349232594819
48067,"Texas","Cass","wheat",78.336699302156
48069,"Texas","Castro","barley",948.37735224058
48069,"Texas","Castro","canola",376.425672751382
48069,"Texas","Castro","corn",24988.7084378958
48069,"Texas","Castro","cotton",20212.873895699
48069,"Texas","Castro","dry peas",92.0623577645834
48069,"Texas","Castro","grain sorghum",4873.14602164396
48069,"Texas","Castro","oats",188.208588977409
48069,"Texas","Castro","soybeans",102.654307230578
48069,"Texas","Castro","sunflower",165.581636479075
48069,"Texas","Castro","wheat",87384.683102651
48071,"Texas","Chambers","grain sorghum",0
48071,"Texas","Chambers","rice_long grain",0
48071,"Texas","Chambers","rice_short/medium grain",0
48071,"Texas","Chambers","soybeans",0
48071,"Texas","Chambers","wheat",0
48075,"Texas","Childress","barley",0
48075,"Texas","Childress","corn",0
48075,"Texas","Childress","cotton",0
48075,"Texas","Childress","grain sorghum",0
48075,"Texas","Childress","oats",0
48075,"Texas","Childress","wheat",0
48077,"Texas","Clay","corn",0
48077,"Texas","Clay","cotton",0
48077,"Texas","Clay","grain sorghum",0
48077,"Texas","Clay","oats",0
48077,"Texas","Clay","soybeans",0
48077,"Texas","Clay","wheat",0
48079,"Texas","Cochran","corn",1384.80310698378
48079,"Texas","Cochran","cotton",16269.9584452222
48079,"Texas","Cochran","dry peas",195.151607392854
48079,"Texas","Cochran","grain sorghum",2338.52429569922
48079,"Texas","Cochran","oats",6.2619121682836
48079,"Texas","Cochran","peanuts",2389.19867793389
48079,"Texas","Cochran","sunflower",48.7749838007029
48079,"Texas","Cochran","wheat",2573.85593079908
48081,"Texas","Coke","barley",0
48081,"Texas","Coke","cotton",0
48081,"Texas","Coke","grain sorghum",0
48081,"Texas","Coke","oats",0
48081,"Texas","Coke","wheat",0
48083,"Texas","Coleman","corn",0
48083,"Texas","Coleman","cotton",0
48083,"Texas","Coleman","grain sorghum",0
48083,"Texas","Coleman","oats",0
48083,"Texas","Coleman","wheat",0
48085,"Texas","Collin","corn",0
48085,"Texas","Collin","cotton",0
48085,"Texas","Collin","grain sorghum",0
48085,"Texas","Collin","oats",0
48085,"Texas","Collin","sesame",0
48085,"Texas","Collin","soybeans",0
48085,"Texas","Collin","wheat",0
48087,"Texas","Collingsworth","barley",0
48087,"Texas","Collingsworth","corn",0
48087,"Texas","Collingsworth","cotton",0
48087,"Texas","Collingsworth","grain sorghum",0
48087,"Texas","Collingsworth","oats",0
48087,"Texas","Collingsworth","peanuts",0
48087,"Texas","Collingsworth","soybeans",0
48087,"Texas","Collingsworth","wheat",0
48089,"Texas","Colorado","corn",0
48089,"Texas","Colorado","cotton",0
48089,"Texas","Colorado","grain sorghum",0
48089,"Texas","Colorado","oats",0
48089,"Texas","Colorado","rice_long grain",0
48089,"Texas","Colorado","sesame",0
48089,"Texas","Colorado","soybeans",0
48089,"Texas","Colorado","wheat",0
48091,"Texas","Comal","corn",0
48091,"Texas","Comal","cotton",0
48091,"Texas","Comal","grain sorghum",0
48091,"Texas","Comal","oats",0
48091,"Texas","Comal","wheat",0
48093,"Texas","Comanche","barley",0
48093,"Texas","Comanche","chickpeas_large",0
48093,"Texas","Comanche","corn",0
48093,"Texas","Comanche","cotton",0
48093,"Texas","Comanche","grain sorghum",0
48093,"Texas","Comanche","oats",0
48093,"Texas","Comanche","peanuts",0
48093,"Texas","Comanche","sesame",0
48093,"Texas","Comanche","soybeans",0
48093,"Texas","Comanche","wheat",0
48095,"Texas","Concho","barley",206.395906441494
48095,"Texas","Concho","canola",10.6302318963676
48095,"Texas","Concho","corn",68.203221956761
48095,"Texas","Concho","cotton",3994.0799776357
48095,"Texas","Concho","grain sorghum",373.796154374707
48095,"Texas","Concho","oats",79.2983068778858
48095,"Texas","Concho","sesame",27.3101053780548
48095,"Texas","Concho","sunflower",38.190419916096
48095,"Texas","Concho","wheat",6700.26660885626
48097,"Texas","Cooke","barley",0
48097,"Texas","Cooke","corn",0
48097,"Texas","Cooke","cotton",0
48097,"Texas","Cooke","grain sorghum",0
48097,"Texas","Cooke","oats",0
48097,"Texas","Cooke","sesame",0
48097,"Texas","Cooke","soybeans",0
48097,"Texas","Cooke","wheat",0
48099,"Texas","Coryell","barley",0
48099,"Texas","Coryell","corn",0
48099,"Texas","Coryell","cotton",0
48099,"Texas","Coryell","grain sorghum",0
48099,"Texas","Coryell","oats",0
48099,"Texas","Coryell","sesame",0
48099,"Texas","Coryell","soybeans",0
48099,"Texas","Coryell","sunflower",0
48099,"Texas","Coryell","wheat",0
48101,"Texas","Cottle","barley",0
48101,"Texas","Cottle","cotton",0
48101,"Texas","Cottle","grain sorghum",0
48101,"Texas","Cottle","oats",0
48101,"Texas","Cottle","sunflower",0
48101,"Texas","Cottle","wheat",0
48105,"Texas","Crockett","wheat",2.16000000000003
48107,"Texas","Crosby","barley",109.197144812949
48107,"Texas","Crosby","corn",206.996738905043
48107,"Texas","Crosby","cotton",18976.0356080743
48107,"Texas","Crosby","dry peas",9.79717024143611
48107,"Texas","Crosby","grain sorghum",878.038185270516
48107,"Texas","Crosby","oats",10.5152337411592
48107,"Texas","Crosby","sesame",33.9495011555497
48107,"Texas","Crosby","soybeans",18.9662440194256
48107,"Texas","Crosby","sunflower",30.9832072391913
48107,"Texas","Crosby","wheat",3045.48747320713
48109,"Texas","Culberson","barley",0
48109,"Texas","Culberson","corn",0
48109,"Texas","Culberson","cotton",0
48109,"Texas","Culberson","oats",0
48109,"Texas","Culberson","peanuts",0
48109,"Texas","Culberson","soybeans",0
48109,"Texas","Culberson","wheat",0
48111,"Texas","Dallam","barley",20.0521231804088
48111,"Texas","Dallam","corn",4342.583867654
48111,"Texas","Dallam","cotton",1798.83111576658
48111,"Texas","Dallam","dry peas",7.49701173719434
48111,"Texas","Dallam","grain sorghum",1612.03701561719
48111,"Texas","Dallam","oats",105.179379054788
48111,"Texas","Dallam","soybeans",42.8993676545965
48111,"Texas","Dallam","sunflower",91.0613672331783
48111,"Texas","Dallam","wheat",4762.96748543541
48113,"Texas","Dallas","corn",0
48113,"Texas","Dallas","cotton",0
48113,"Texas","Dallas","grain sorghum",0
48113,"Texas","Dallas","oats",0
48113,"Texas","Dallas","soybeans",0
48113,"Texas","Dallas","wheat",0
48115,"Texas","Dawson","barley",5.87659049055739
48115,"Texas","Dawson","corn",99.2330679754561
48115,"Texas","Dawson","cotton",40779.2353733637
48115,"Texas","Dawson","dry peas",40.2377912423074
48115,"Texas","Dawson","grain sorghum",1602.62143974134
48115,"Texas","Dawson","oats",43.5300124658099
48115,"Texas","Dawson","peanuts",1004.04564441764
48115,"Texas","Dawson","sesame",50.4741854101363
48115,"Texas","Dawson","soybeans",25.3735654313048
48115,"Texas","Dawson","sunflower",71.7819984468292
48115,"Texas","Dawson","wheat",1700.52296101489
48123,"Texas","DeWitt","corn",0
48123,"Texas","DeWitt","cotton",0
48123,"Texas","DeWitt","grain sorghum",0
48123,"Texas","DeWitt","oats",0
48123,"Texas","DeWitt","sesame",0
48123,"Texas","DeWitt","wheat",0
48117,"Texas","Deaf Smith","barley",765.29327167301
48117,"Texas","Deaf Smith","canola",16.5349092028892
48117,"Texas","Deaf Smith","corn",11726.1194977347
48117,"Texas","Deaf Smith","cotton",9632.76454180365
48117,"Texas","Deaf Smith","dry peas",110.551080137781
48117,"Texas","Deaf Smith","grain sorghum",9751.22010221606
48117,"Texas","Deaf Smith","oats",280.363274858716
48117,"Texas","Deaf Smith","soybeans",103.548215392173
48117,"Texas","Deaf Smith","sunflower",316.060159638649
48117,"Texas","Deaf Smith","wheat",101303.638347342
48119,"Texas","Delta","corn",0
48119,"Texas","Delta","cotton",0
48119,"Texas","Delta","grain sorghum",0
48119,"Texas","Delta","soybeans",0
48119,"Texas","Delta","wheat",0
48121,"Texas","Denton","barley",0
48121,"Texas","Denton","corn",0
48121,"Texas","Denton","cotton",0
48121,"Texas","Denton","grain sorghum",0
48121,"Texas","Denton","oats",0
48121,"Texas","Denton","peanuts",0
48121,"Texas","Denton","sesame",0
48121,"Texas","Denton","soybeans",0
48121,"Texas","Denton","wheat",0
48125,"Texas","Dickens","cotton",0
48125,"Texas","Dickens","dry peas",0
48125,"Texas","Dickens","grain sorghum",0
48125,"Texas","Dickens","oats",0
48125,"Texas","Dickens","peanuts",0
48125,"Texas","Dickens","sunflower",0
48125,"Texas","Dickens","wheat",0
48127,"Texas","Dimmit","grain sorghum",0
48127,"Texas","Dimmit","oats",0
48127,"Texas","Dimmit","wheat",0
48129,"Texas","Donley","barley",0
48129,"Texas","Donley","canola",0
48129,"Texas","Donley","corn",0
48129,"Texas","Donley","cotton",0
48129,"Texas","Donley","grain sorghum",0
48129,"Texas","Donley","oats",0
48129,"Texas","Donley","peanuts",0
48129,"Texas","Donley","sunflower",0
48129,"Texas","Donley","wheat",0
48131,"Texas","Duval","corn",0
48131,"Texas","Duval","cotton",0
48131,"Texas","Duval","dry peas",0
48131,"Texas","Duval","grain sorghum",0
48131,"Texas","Duval","oats",0
48131,"Texas","Duval","sunflower",0
48131,"Texas","Duval","wheat",0
48133,"Texas","Eastland","corn",0
48133,"Texas","Eastland","cotton",0
48133,"Texas","Eastland","grain sorghum",0
48133,"Texas","Eastland","oats",0
48133,"Texas","Eastland","peanuts",0
48133,"Texas","Eastland","wheat",0
48137,"Texas","Edwards","oats",0
48141,"Texas","El Paso","barley",0.966245840589076
48141,"Texas","El Paso","corn",53.5144707849931
48141,"Texas","El Paso","cotton",11344.8416826793
48141,"Texas","El Paso","mustard",0.659712677367714
48141,"Texas","El Paso","oats",55.0177049749211
48141,"Texas","El Paso","wheat",92.1878497094992
48139,"Texas","Ellis","corn",0
48139,"Texas","Ellis","cotton",0
48139,"Texas","Ellis","grain sorghum",0
48139,"Texas","Ellis","oats",0
48139,"Texas","Ellis","soybeans",0
48139,"Texas","Ellis","sunflower",0
48139,"Texas","Ellis","wheat",0
48143,"Texas","Erath","barley",0
48143,"Texas","Erath","corn",0
48143,"Texas","Erath","cotton",0
48143,"Texas","Erath","grain sorghum",0
48143,"Texas","Erath","oats",0
48143,"Texas","Erath","peanuts",0
48143,"Texas","Erath","sunflower",0
48143,"Texas","Erath","wheat",0
48145,"Texas","Falls","barley",24.0174247731539
48145,"Texas","Falls","corn",4924.3924561966
48145,"Texas","Falls","cotton",685.415117283735
48145,"Texas","Falls","dry peas",0.153332072778748
48145,"Texas","Falls","grain sorghum",265.823687976659
48145,"Texas","Falls","oats",4588.47423780572
48145,"Texas","Falls","soybeans",100.673239024343
48145,"Texas","Falls","wheat",1249.04168486703
48147,"Texas","Fannin","corn",0
48147,"Texas","Fannin","cotton",0
48147,"Texas","Fannin","grain sorghum",0
48147,"Texas","Fannin","oats",0
48147,"Texas","Fannin","sesame",0
48147,"Texas","Fannin","soybeans",0
48147,"Texas","Fannin","sunflower",0
48147,"Texas","Fannin","wheat",0
48149,"Texas","Fayette","corn",0
48149,"Texas","Fayette","cotton",0
48149,"Texas","Fayette","grain sorghum",0
48149,"Texas","Fayette","oats",0
48151,"Texas","Fisher","barley",14.0775851841381
48151,"Texas","Fisher","corn",55.0102538440048
48151,"Texas","Fisher","cotton",20475.3733227879
48151,"Texas","Fisher","dry peas",0.150077144643099
48151,"Texas","Fisher","grain sorghum",32.4515649044543
48151,"Texas","Fisher","oats",92.1529510767099
48151,"Texas","Fisher","sunflower",19.3390106620328
48151,"Texas","Fisher","wheat",12051.6124877295
48153,"Texas","Floyd","barley",64.4007472844235
48153,"Texas","Floyd","corn",4067.36580239352
48153,"Texas","Floyd","cotton",59142.2133770773
48153,"Texas","Floyd","dry peas",53.9200651906978
48153,"Texas","Floyd","grain sorghum",5658.28394693987
48153,"Texas","Floyd","oats",191.918793179863
48153,"Texas","Floyd","soybeans",25.2191412880275
48153,"Texas","Floyd","sunflower",230.461936462614
48153,"Texas","Floyd","wheat",58763.8972401837
48155,"Texas","Foard","barley",6.68211385358061
48155,"Texas","Foard","corn",23.4925891853771
48155,"Texas","Foard","cotton",1489.83438717748
48155,"Texas","Foard","grain sorghum",178.817298850284
48155,"Texas","Foard","oats",865.92882284364
48155,"Texas","Foard","sesame",76.3371398801387
48155,"Texas","Foard","wheat",34774.3571482095
48157,"Texas","Fort Bend","corn",0
48157,"Texas","Fort Bend","cotton",0
48157,"Texas","Fort Bend","grain sorghum",0
48157,"Texas","Fort Bend","rice_long grain",0
48157,"Texas","Fort Bend","soybeans",0
48157,"Texas","Fort Bend","sunflower",0
48157,"Texas","Fort Bend","wheat",0
48159,"Texas","Franklin","corn",0
48159,"Texas","Franklin","grain sorghum",0
48159,"Texas","Franklin","soybeans",0
48159,"Texas","Franklin","wheat",0
48161,"Texas","Freestone","corn",444.740367078299
48161,"Texas","Freestone","oats",101.309867586911
48161,"Texas","Freestone","wheat",84.8772653347906
48163,"Texas","Frio","canola",0
48163,"Texas","Frio","corn",0
48163,"Texas","Frio","cotton",0
48163,"Texas","Frio","grain sorghum",0
48163,"Texas","Frio","oats",0
48163,"Texas","Frio","peanuts",0
48163,"Texas","Frio","sesame",0
48163,"Texas","Frio","soybeans",0
48163,"Texas","Frio","sunflower",0
48163,"Texas","Frio","wheat",0
48165,"Texas","Gaines","barley",0
48165,"Texas","Gaines","corn",0
48165,"Texas","Gaines","cotton",0
48165,"Texas","Gaines","dry peas",0
48165,"Texas","Gaines","grain sorghum",0
48165,"Texas","Gaines","oats",0
48165,"Texas","Gaines","peanuts",0
48165,"Texas","Gaines","sesame",0
48165,"Texas","Gaines","soybeans",0
48165,"Texas","Gaines","sunflower",0
48165,"Texas","Gaines","wheat",0
48167,"Texas","Galveston","corn",0
48167,"Texas","Galveston","grain sorghum",0
48167,"Texas","Galveston","rice_long grain",0
48167,"Texas","Galveston","soybeans",0
48169,"Texas","Garza","barley",7.95904870314358
48169,"Texas","Garza","cotton",3299.60437029271
48169,"Texas","Garza","grain sorghum",8.50343294081022
48169,"Texas","Garza","soybeans",5.33439933465308
48169,"Texas","Garza","wheat",378.939982062013
48171,"Texas","Gillespie","barley",0
48171,"Texas","Gillespie","corn",0
48171,"Texas","Gillespie","grain sorghum",0
48171,"Texas","Gillespie","oats",0
48171,"Texas","Gillespie","soybeans",0
48171,"Texas","Gillespie","wheat",0
48173,"Texas","Glasscock","corn",50.185013453785
48173,"Texas","Glasscock","cotton",14811.7045020565
48173,"Texas","Glasscock","grain sorghum",127.251830326212
48173,"Texas","Glasscock","sesame",4.37301020534876
48173,"Texas","Glasscock","sunflower",3.13002277735278
48173,"Texas","Glasscock","wheat",1583.51310618073
48175,"Texas","Goliad","corn",0
48175,"Texas","Goliad","cotton",0
48175,"Texas","Goliad","grain sorghum",0
48175,"Texas","Goliad","rapeseed",0
48175,"Texas","Goliad","wheat",0
48177,"Texas","Gonzales","corn",0
48177,"Texas","Gonzales","cotton",0
48177,"Texas","Gonzales","grain sorghum",0
48177,"Texas","Gonzales","oats",0
48177,"Texas","Gonzales","wheat",0
48179,"Texas","Gray","corn",0
48179,"Texas","Gray","cotton",0
48179,"Texas","Gray","grain sorghum",0
48179,"Texas","Gray","oats",0
48179,"Texas","Gray","peanuts",0
48179,"Texas","Gray","sunflower",0
48179,"Texas","Gray","wheat",0
48181,"Texas","Grayson","corn",0
48181,"Texas","Grayson","cotton",0
48181,"Texas","Grayson","grain sorghum",0
48181,"Texas","Grayson","oats",0
48181,"Texas","Grayson","peanuts",0
48181,"Texas","Grayson","sesame",0
48181,"Texas","Grayson","soybeans",0
48181,"Texas","Grayson","sunflower",0
48181,"Texas","Grayson","wheat",0
48185,"Texas","Grimes","corn",8.70648858779872
48185,"Texas","Grimes","cotton",8.83874314829734
48185,"Texas","Grimes","dry peas",0.0261269380676835
48185,"Texas","Grimes","grain sorghum",4.27290831383091
48185,"Texas","Grimes","wheat",0.862566345338978
48187,"Texas","Guadalupe","corn",0
48187,"Texas","Guadalupe","cotton",0
48187,"Texas","Guadalupe","grain sorghum",0
48187,"Texas","Guadalupe","oats",0
48187,"Texas","Guadalupe","sesame",0
48187,"Texas","Guadalupe","soybeans",0
48187,"Texas","Guadalupe","sunflower",0
48187,"Texas","Guadalupe","wheat",0
48189,"Texas","Hale","corn",6591.03318914231
48189,"Texas","Hale","cotton",36939.1594923535
48189,"Texas","Hale","dry peas",169.822873280704
48189,"Texas","Hale","grain sorghum",4098.50941457022
48189,"Texas","Hale","oats",180.056905237623
48189,"Texas","Hale","peanuts",72.4065795948157
48189,"Texas","Hale","sesame",45.7326450800012
48189,"Texas","Hale","soybeans",30.9772381698523
48189,"Texas","Hale","sunflower",319.1170071624
48189,"Texas","Hale","wheat",24037.1007820753
48191,"Texas","Hall","corn",0
48191,"Texas","Hall","cotton",0
48191,"Texas","Hall","grain sorghum",0
48191,"Texas","Hall","oats",0
48191,"Texas","Hall","peanuts",0
48191,"Texas","Hall","sesame",0
48191,"Texas","Hall","wheat",0
48193,"Texas","Hamilton","barley",0
48193,"Texas","Hamilton","corn",0
48193,"Texas","Hamilton","cotton",0
48193,"Texas","Hamilton","grain sorghum",0
48193,"Texas","Hamilton","oats",0
48193,"Texas","Hamilton","peanuts",0
48193,"Texas","Hamilton","soybeans",0
48193,"Texas","Hamilton","wheat",0
48195,"Texas","Hansford","barley",108.528728377759
48195,"Texas","Hansford","corn",18013.4823618899
48195,"Texas","Hansford","cotton",17813.5614384083
48195,"Texas","Hansford","grain sorghum",5906.70526951924
48195,"Texas","Hansford","oats",306.99842846393
48195,"Texas","Hansford","sesame",27.8147471596593
48195,"Texas","Hansford","soybeans",636.712233774916
48195,"Texas","Hansford","sunflower",45.6735808518533
48195,"Texas","Hansford","wheat",59677.4972115545
48197,"Texas","Hardeman","barley",0
48197,"Texas","Hardeman","canola",0
48197,"Texas","Hardeman","corn",0
48197,"Texas","Hardeman","cotton",0
48197,"Texas","Hardeman","dry peas",0
48197,"Texas","Hardeman","grain sorghum",0
48197,"Texas","Hardeman","lentils",0
48197,"Texas","Hardeman","oats",0
48197,"Texas","Hardeman","peanuts",0
48197,"Texas","Hardeman","wheat",0
48199,"Texas","Hardin","rice_long grain",0
48201,"Texas","Harris","corn",0
48201,"Texas","Harris","cotton",0
48201,"Texas","Harris","grain sorghum",0
48201,"Texas","Harris","peanuts",0
48201,"Texas","Harris","rice_long grain",0
48201,"Texas","Harris","soybeans",0
48201,"Texas","Harris","sunflower",0
48201,"Texas","Harris","wheat",0
48205,"Texas","Hartley","barley",153.984430149401
48205,"Texas","Hartley","canola",4.09266570220475
48205,"Texas","Hartley","corn",15074.1822403656
48205,"Texas","Hartley","cotton",5790.62661494336
48205,"Texas","Hartley","dry peas",17.4808571832102
48205,"Texas","Hartley","grain sorghum",2525.85722554778
48205,"Texas","Hartley","mustard",25.5448198805888
48205,"Texas","Hartley","oats",167.682441128277
48205,"Texas","Hartley","soybeans",73.4977841970353
48205,"Texas","Hartley","sunflower",84.9548019722142
48205,"Texas","Hartley","wheat",16173.0401189303
48207,"Texas","Haskell","barley",41.1507271624296
48207,"Texas","Haskell","corn",379.338855704501
48207,"Texas","Haskell","cotton",25449.7661755988
48207,"Texas","Haskell","grain sorghum",1189.24064912924
48207,"Texas","Haskell","oats",425.824405112406
48207,"Texas","Haskell","peanuts",752.496646629059
48207,"Texas","Haskell","sesame",336.381976390939
48207,"Texas","Haskell","wheat",50686.6629042727
48209,"Texas","Hays","corn",0
48209,"Texas","Hays","cotton",0
48209,"Texas","Hays","grain sorghum",0
48209,"Texas","Hays","oats",0
48209,"Texas","Hays","wheat",0
48211,"Texas","Hemphill","barley",0
48211,"Texas","Hemphill","corn",0
48211,"Texas","Hemphill","cotton",0
48211,"Texas","Hemphill","grain sorghum",0
48211,"Texas","Hemphill","oats",0
48211,"Texas","Hemphill","soybeans",0
48211,"Texas","Hemphill","wheat",0
48213,"Texas","Henderson","corn",394.799319717059
48213,"Texas","Henderson","grain sorghum",35.3351404795138
48213,"Texas","Henderson","soybeans",145.620605428541
48213,"Texas","Henderson","wheat",88.2591010415535
48215,"Texas","Hidalgo","canola",0
48215,"Texas","Hidalgo","corn",0
48215,"Texas","Hidalgo","cotton",0
48215,"Texas","Hidalgo","dry peas",0
48215,"Texas","Hidalgo","grain sorghum",0
48215,"Texas","Hidalgo","mustard",0
48215,"Texas","Hidalgo","oats",0
48215,"Texas","Hidalgo","peanuts",0
48215,"Texas","Hidalgo","sesame",0
48215,"Texas","Hidalgo","soybeans",0
48215,"Texas","Hidalgo","sunflower",0
48215,"Texas","Hidalgo","wheat",0
48217,"Texas","Hill","barley",0
48217,"Texas","Hill","corn",0
48217,"Texas","Hill","cotton",0
48217,"Texas","Hill","dry peas",0
48217,"Texas","Hill","grain sorghum",0
48217,"Texas","Hill","oats",0
48217,"Texas","Hill","soybeans",0
48217,"Texas","Hill","sunflower",0
48217,"Texas","Hill","wheat",0
48219,"Texas","Hockley","barley",40.9556513087927
48219,"Texas","Hockley","corn",1011.05938690703
48219,"Texas","Hockley","cotton",30750.2413365847
48219,"Texas","Hockley","dry peas",50.8275381493544
48219,"Texas","Hockley","grain sorghum",3893.3521880103
48219,"Texas","Hockley","oats",55.5047838590545
48219,"Texas","Hockley","peanuts",148.32454367946
48219,"Texas","Hockley","sunflower",57.0402871231464
48219,"Texas","Hockley","wheat",2615.24700437809
48221,"Texas","Hood","grain sorghum",0
48221,"Texas","Hood","oats",0
48221,"Texas","Hood","wheat",0
48223,"Texas","Hopkins","corn",0
48223,"Texas","Hopkins","cotton",0
48223,"Texas","Hopkins","oats",0
48223,"Texas","Hopkins","soybeans",0
48223,"Texas","Hopkins","wheat",0
48225,"Texas","Houston","corn",0
48225,"Texas","Houston","cotton",0
48225,"Texas","Houston","dry peas",0
48225,"Texas","Houston","grain sorghum",0
48225,"Texas","Houston","oats",0
48225,"Texas","Houston","wheat",0
48227,"Texas","Howard","cotton",16486.5126191485
48227,"Texas","Howard","dry peas",3.36477548633969
48227,"Texas","Howard","grain sorghum",117.590767295396
48227,"Texas","Howard","oats",11.9196584395802
48227,"Texas","Howard","sesame",25.2399857364045
48227,"Texas","Howard","wheat",963.635133893764
48229,"Texas","Hudspeth","barley",135.362923307404
48229,"Texas","Hudspeth","corn",777.095051852071
48229,"Texas","Hudspeth","cotton",10111.4850561198
48229,"Texas","Hudspeth","grain sorghum",145.650140926205
48229,"Texas","Hudspeth","oats",1156.74578641664
48229,"Texas","Hudspeth","peanuts",385.833318176668
48229,"Texas","Hudspeth","sunflower",50.4563530826875
48229,"Texas","Hudspeth","wheat",1483.34387011854
48231,"Texas","Hunt","corn",0
48231,"Texas","Hunt","cotton",0
48231,"Texas","Hunt","grain sorghum",0
48231,"Texas","Hunt","oats",0
48231,"Texas","Hunt","sesame",0
48231,"Texas","Hunt","soybeans",0
48231,"Texas","Hunt","wheat",0
48233,"Texas","Hutchinson","corn",709.719919293928
48233,"Texas","Hutchinson","cotton",665.066625259472
48233,"Texas","Hutchinson","grain sorghum",194.979304910005
48233,"Texas","Hutchinson","oats",11.0403787088178
48233,"Texas","Hutchinson","soybeans",35.1041167683284
48233,"Texas","Hutchinson","wheat",2375.58465505945
48235,"Texas","Irion","cotton",0
48235,"Texas","Irion","grain sorghum",0
48235,"Texas","Irion","oats",0
48235,"Texas","Irion","wheat",0
48237,"Texas","Jack","barley",0
48237,"Texas","Jack","oats",0
48237,"Texas","Jack","wheat",0
48239,"Texas","Jackson","corn",0
48239,"Texas","Jackson","cotton",0
48239,"Texas","Jackson","grain sorghum",0
48239,"Texas","Jackson","oats",0
48239,"Texas","Jackson","rice_long grain",0
48239,"Texas","Jackson","rice_short/medium grain",0
48239,"Texas","Jackson","soybeans",0
48239,"Texas","Jackson","wheat",0
48245,"Texas","Jefferson","corn",0
48245,"Texas","Jefferson","grain sorghum",0
48245,"Texas","Jefferson","rice_long grain",0
48245,"Texas","Jefferson","rice_short/medium grain",0
48245,"Texas","Jefferson","soybeans",0
48245,"Texas","Jefferson","sunflower",0
48245,"Texas","Jefferson","wheat",0
48249,"Texas","Jim Wells","corn",0
48249,"Texas","Jim Wells","cotton",0
48249,"Texas","Jim Wells","dry peas",0
48249,"Texas","Jim Wells","grain sorghum",0
48249,"Texas","Jim Wells","oats",0
48249,"Texas","Jim Wells","sesame",0
48249,"Texas","Jim Wells","sunflower",0
48249,"Texas","Jim Wells","wheat",0
48251,"Texas","Johnson","corn",0
48251,"Texas","Johnson","cotton",0
48251,"Texas","Johnson","grain sorghum",0
48251,"Texas","Johnson","oats",0
48251,"Texas","Johnson","peanuts",0
48251,"Texas","Johnson","wheat",0
48253,"Texas","Jones","barley",381.438125336305
48253,"Texas","Jones","corn",119.801162295051
48253,"Texas","Jones","cotton",18586.6016596051
48253,"Texas","Jones","dry peas",0.574847248615346
48253,"Texas","Jones","grain sorghum",342.031566704152
48253,"Texas","Jones","oats",135.808869322592
48253,"Texas","Jones","sesame",217.123679135836
48253,"Texas","Jones","sunflower",11.5140452420215
48253,"Texas","Jones","wheat",27405.349451777
48255,"Texas","Karnes","corn",0
48255,"Texas","Karnes","cotton",0
48255,"Texas","Karnes","grain sorghum",0
48255,"Texas","Karnes","oats",0
48255,"Texas","Karnes","sesame",0
48255,"Texas","Karnes","sunflower",0
48255,"Texas","Karnes","wheat",0
48257,"Texas","Kaufman","barley",0
48257,"Texas","Kaufman","corn",0
48257,"Texas","Kaufman","cotton",0
48257,"Texas","Kaufman","grain sorghum",0
48257,"Texas","Kaufman","oats",0
48257,"Texas","Kaufman","soybeans",0
48257,"Texas","Kaufman","wheat",0
48259,"Texas","Kendall","oats",0
48259,"Texas","Kendall","wheat",0
48263,"Texas","Kent","cotton",0
48263,"Texas","Kent","dry peas",0
48263,"Texas","Kent","grain sorghum",0
48263,"Texas","Kent","oats",0
48263,"Texas","Kent","wheat",0
48265,"Texas","Kerr","barley",0
48265,"Texas","Kerr","grain sorghum",0
48265,"Texas","Kerr","oats",0
48265,"Texas","Kerr","wheat",0
48267,"Texas","Kimble","oats",0
48267,"Texas","Kimble","wheat",0
48269,"Texas","King","cotton",0
48269,"Texas","King","oats",0
48269,"Texas","King","wheat",0
48271,"Texas","Kinney","corn",0
48271,"Texas","Kinney","cotton",0
48271,"Texas","Kinney","grain sorghum",0
48271,"Texas","Kinney","oats",0
48271,"Texas","Kinney","sunflower",0
48271,"Texas","Kinney","wheat",0
48273,"Texas","Kleberg","barley",5.14016890746387
48273,"Texas","Kleberg","corn",320.234513962336
48273,"Texas","Kleberg","cotton",3807.72240531328
48273,"Texas","Kleberg","dry peas",330.222502596664
48273,"Texas","Kleberg","grain sorghum",3510.8335878131
48273,"Texas","Kleberg","sunflower",99.3649154186106
48273,"Texas","Kleberg","wheat",44.5915459885556
48275,"Texas","Knox","barley",103.732277985107
48275,"Texas","Knox","corn",107.925385482603
48275,"Texas","Knox","cotton",5895.44955043259
48275,"Texas","Knox","grain sorghum",61.9626623027579
48275,"Texas","Knox","oats",1454.73469097378
48275,"Texas","Knox","peanuts",112.321718987933
48275,"Texas","Knox","sunflower",3.32103395294003
48275,"Texas","Knox","wheat",68173.4630598823
48283,"Texas","La Salle","corn",0
48283,"Texas","La Salle","cotton",0
48283,"Texas","La Salle","grain sorghum",0
48283,"Texas","La Salle","oats",0
48283,"Texas","La Salle","peanuts",0
48283,"Texas","La Salle","sesame",0
48283,"Texas","La Salle","wheat",0
48277,"Texas","Lamar","corn",0
48277,"Texas","Lamar","cotton",0
48277,"Texas","Lamar","grain sorghum",0
48277,"Texas","Lamar","oats",0
48277,"Texas","Lamar","peanuts",0
48277,"Texas","Lamar","sesame",0
48277,"Texas","Lamar","soybeans",0
48277,"Texas","Lamar","wheat",0
48279,"Texas","Lamb","barley",109.953130624994
48279,"Texas","Lamb","canola",31.988963068057
48279,"Texas","Lamb","corn",3296.49389867947
48279,"Texas","Lamb","cotton",16970.6979519485
48279,"Texas","Lamb","dry peas",97.4846123875415
48279,"Texas","Lamb","grain sorghum",2542.43951996306
48279,"Texas","Lamb","oats",56.6966248494409
48279,"Texas","Lamb","peanuts",20.6789825511647
48279,"Texas","Lamb","soybeans",109.10672029228
48279,"Texas","Lamb","sunflower",84.1835906817167
48279,"Texas","Lamb","wheat",6242.14084495372
48281,"Texas","Lampasas","oats",0
48281,"Texas","Lampasas","wheat",0
48285,"Texas","Lavaca","corn",0
48285,"Texas","Lavaca","cotton",0
48285,"Texas","Lavaca","grain sorghum",0
48285,"Texas","Lavaca","oats",0
48285,"Texas","Lavaca","peanuts",0
48285,"Texas","Lavaca","rice_long grain",0
48285,"Texas","Lavaca","sesame",0
48285,"Texas","Lavaca","soybeans",0
48285,"Texas","Lavaca","wheat",0
48287,"Texas","Lee","corn",0
48287,"Texas","Lee","grain sorghum",0
48287,"Texas","Lee","oats",0
48287,"Texas","Lee","soybeans",0
48287,"Texas","Lee","wheat",0
48289,"Texas","Leon","corn",1268.03523141787
48289,"Texas","Leon","cotton",1256.33030766542
48289,"Texas","Leon","grain sorghum",341.35102839136
48289,"Texas","Leon","oats",7.99307234732377
48289,"Texas","Leon","wheat",237.803026844694
48291,"Texas","Liberty","corn",0
48291,"Texas","Liberty","cotton",0
48291,"Texas","Liberty","grain sorghum",0
48291,"Texas","Liberty","rice_long grain",0
48291,"Texas","Liberty","rice_short/medium grain",0
48291,"Texas","Liberty","soybeans",0
48291,"Texas","Liberty","wheat",0
48293,"Texas","Limestone","corn",0
48293,"Texas","Limestone","cotton",0
48293,"Texas","Limestone","grain sorghum",0
48293,"Texas","Limestone","oats",0
48293,"Texas","Limestone","wheat",0
48295,"Texas","Lipscomb","corn",0
48295,"Texas","Lipscomb","cotton",0
48295,"Texas","Lipscomb","grain sorghum",0
48295,"Texas","Lipscomb","oats",0
48295,"Texas","Lipscomb","sesame",0
48295,"Texas","Lipscomb","soybeans",0
48295,"Texas","Lipscomb","wheat",0
48297,"Texas","Live Oak","corn",0
48297,"Texas","Live Oak","cotton",0
48297,"Texas","Live Oak","grain sorghum",0
48297,"Texas","Live Oak","oats",0
48297,"Texas","Live Oak","peanuts",0
48297,"Texas","Live Oak","sesame",0
48297,"Texas","Live Oak","sunflower",0
48297,"Texas","Live Oak","wheat",0
48299,"Texas","Llano","oats",0
48299,"Texas","Llano","wheat",0
48303,"Texas","Lubbock","barley",9.55600624542859
48303,"Texas","Lubbock","corn",652.492360850155
48303,"Texas","Lubbock","cotton",23710.2521760024
48303,"Texas","Lubbock","dry peas",2.43019124344951
48303,"Texas","Lubbock","grain sorghum",1285.41113763193
48303,"Texas","Lubbock","lentils",0.131806982695567
48303,"Texas","Lubbock","oats",7.69526235690602
48303,"Texas","Lubbock","peanuts",4.53086503016011
48303,"Texas","Lubbock","sesame",2.21435730928552
48303,"Texas","Lubbock","soybeans",24.1895469817472
48303,"Texas","Lubbock","sunflower",114.704038138447
48303,"Texas","Lubbock","wheat",5584.049942894
48305,"Texas","Lynn","barley",3.16910149943705
48305,"Texas","Lynn","corn",331.684129020227
48305,"Texas","Lynn","cotton",33708.911713192
48305,"Texas","Lynn","dry peas",31.946587695938
48305,"Texas","Lynn","grain sorghum",760.239234488696
48305,"Texas","Lynn","oats",8.77295893580719
48305,"Texas","Lynn","peanuts",43.1989426005521
48305,"Texas","Lynn","soybeans",11.7563442721052
48305,"Texas","Lynn","sunflower",223.450961380092
48305,"Texas","Lynn","wheat",1196.43170691512
48313,"Texas","Madison","corn",522.233502818971
48313,"Texas","Madison","cotton",529.877972183761
48313,"Texas","Madison","grain sorghum",515.204902083772
48313,"Texas","Madison","sunflower",6.14328958016332
48317,"Texas","Martin","cotton",4042.69194829475
48317,"Texas","Martin","dry peas",1.64877666907112
48317,"Texas","Martin","grain sorghum",53.6153573578574
48317,"Texas","Martin","oats",10.9438720603984
48317,"Texas","Martin","sesame",10.7393693327493
48317,"Texas","Martin","sunflower",2.21429048526027
48317,"Texas","Martin","wheat",151.520152466539
48319,"Texas","Mason","barley",0
48319,"Texas","Mason","corn",0
48319,"Texas","Mason","oats",0
48319,"Texas","Mason","peanuts",0
48319,"Texas","Mason","sunflower",0
48319,"Texas","Mason","wheat",0
48321,"Texas","Matagorda","canola",0
48321,"Texas","Matagorda","corn",0
48321,"Texas","Matagorda","cotton",0
48321,"Texas","Matagorda","grain sorghum",0
48321,"Texas","Matagorda","rice_long grain",0
48321,"Texas","Matagorda","rice_short/medium grain",0
48321,"Texas","Matagorda","sesame",0
48321,"Texas","Matagorda","soybeans",0
48321,"Texas","Matagorda","wheat",0
48323,"Texas","Maverick","corn",347.718
48307,"Texas","McCulloch","barley",0
48307,"Texas","McCulloch","canola",0
48307,"Texas","McCulloch","corn",0
48307,"Texas","McCulloch","cotton",0
48307,"Texas","McCulloch","grain sorghum",0
48307,"Texas","McCulloch","oats",0
48307,"Texas","McCulloch","sesame",0
48307,"Texas","McCulloch","sunflower",0
48307,"Texas","McCulloch","wheat",0
48309,"Texas","McLennan","corn",0
48309,"Texas","McLennan","cotton",0
48309,"Texas","McLennan","grain sorghum",0
48309,"Texas","McLennan","oats",0
48309,"Texas","McLennan","sesame",0
48309,"Texas","McLennan","soybeans",0
48309,"Texas","McLennan","sunflower",0
48309,"Texas","McLennan","wheat",0
48311,"Texas","McMullen","grain sorghum",0
48325,"Texas","Medina","canola",0
48325,"Texas","Medina","corn",0
48325,"Texas","Medina","cotton",0
48325,"Texas","Medina","grain sorghum",0
48325,"Texas","Medina","oats",0
48325,"Texas","Medina","peanuts",0
48325,"Texas","Medina","sesame",0
48325,"Texas","Medina","sunflower",0
48325,"Texas","Medina","wheat",0
48327,"Texas","Menard","corn",0
48327,"Texas","Menard","grain sorghum",0
48327,"Texas","Menard","oats",0
48327,"Texas","Menard","wheat",0
48329,"Texas","Midland","barley",0
48329,"Texas","Midland","cotton",0
48329,"Texas","Midland","grain sorghum",0
48329,"Texas","Midland","wheat",0
48331,"Texas","Milam","corn",0
48331,"Texas","Milam","cotton",0
48331,"Texas","Milam","grain sorghum",0
48331,"Texas","Milam","oats",0
48331,"Texas","Milam","rapeseed",0
48331,"Texas","Milam","sesame",0
48331,"Texas","Milam","soybeans",0
48331,"Texas","Milam","wheat",0
48333,"Texas","Mills","barley",0
48333,"Texas","Mills","corn",0
48333,"Texas","Mills","grain sorghum",0
48333,"Texas","Mills","oats",0
48333,"Texas","Mills","wheat",0
48335,"Texas","Mitchell","corn",15.5426714688991
48335,"Texas","Mitchell","cotton",4904.15334188767
48335,"Texas","Mitchell","grain sorghum",63.7268940421964
48335,"Texas","Mitchell","oats",10.9805042711599
48335,"Texas","Mitchell","sunflower",49.6706465357897
48335,"Texas","Mitchell","wheat",2398.06653512762
48337,"Texas","Montague","grain sorghum",0
48337,"Texas","Montague","oats",0
48337,"Texas","Montague","soybeans",0
48337,"Texas","Montague","wheat",0
48341,"Texas","Moore","barley",55.589770486738
48341,"Texas","Moore","canola",18.6545757135843
48341,"Texas","Moore","corn",7226.87628281977
48341,"Texas","Moore","cotton",5547.44315917925
48341,"Texas","Moore","grain sorghum",2457.02260870525
48341,"Texas","Moore","oats",79.4302101062309
48341,"Texas","Moore","soybeans",231.533456354127
48341,"Texas","Moore","sunflower",36.94390024182
48341,"Texas","Moore","wheat",15805.7079563932
48345,"Texas","Motley","cotton",0
48345,"Texas","Motley","grain sorghum",0
48345,"Texas","Motley","oats",0
48345,"Texas","Motley","peanuts",0
48345,"Texas","Motley","wheat",0
48349,"Texas","Navarro","corn",0
48349,"Texas","Navarro","cotton",0
48349,"Texas","Navarro","grain sorghum",0
48349,"Texas","Navarro","oats",0
48349,"Texas","Navarro","sesame",0
48349,"Texas","Navarro","soybeans",0
48349,"Texas","Navarro","sunflower",0
48349,"Texas","Navarro","wheat",0
48353,"Texas","Nolan","corn",8.06344286578481
48353,"Texas","Nolan","cotton",2717.21442340205
48353,"Texas","Nolan","grain sorghum",9.12677795676383
48353,"Texas","Nolan","oats",3.45815642410571
48353,"Texas","Nolan","sunflower",9.41391129932494
48353,"Texas","Nolan","wheat",702.382148051966
48355,"Texas","Nueces","canola",0
48355,"Texas","Nueces","corn",0
48355,"Texas","Nueces","cotton",0
48355,"Texas","Nueces","dry peas",0
48355,"Texas","Nueces","grain sorghum",0
48355,"Texas","Nueces","oats",0
48355,"Texas","Nueces","rapeseed",0
48355,"Texas","Nueces","sesame",0
48355,"Texas","Nueces","soybeans",0
48355,"Texas","Nueces","sunflower",0
48355,"Texas","Nueces","wheat",0
48357,"Texas","Ochiltree","barley",0.156933300563479
48357,"Texas","Ochiltree","corn",9.93041502451177
48357,"Texas","Ochiltree","cotton",11.9256111552345
48357,"Texas","Ochiltree","grain sorghum",15.8614130019939
48357,"Texas","Ochiltree","oats",0.167270552464775
48357,"Texas","Ochiltree","sesame",0.0358054772457274
48357,"Texas","Ochiltree","soybeans",0.604059463180861
48357,"Texas","Ochiltree","wheat",55.7239920247984
48359,"Texas","Oldham","corn",94.0739754133381
48359,"Texas","Oldham","cotton",519.759583279889
48359,"Texas","Oldham","grain sorghum",657.178192709395
48359,"Texas","Oldham","oats",5.02307481092245
48359,"Texas","Oldham","wheat",5058.19250711978
48363,"Texas","Palo Pinto","grain sorghum",0
48363,"Texas","Palo Pinto","oats",0
48363,"Texas","Palo Pinto","wheat",0
48367,"Texas","Parker","oats",0
48367,"Texas","Parker","wheat",0
48369,"Texas","Parmer","barley",2788.5050213769
48369,"Texas","Parmer","canola",84.2073273190412
48369,"Texas","Parmer","corn",15382.4643941598
48369,"Texas","Parmer","cotton",18671.0621774446
48369,"Texas","Parmer","dry peas",174.583685529804
48369,"Texas","Parmer","grain sorghum",5940.35171663388
48369,"Texas","Parmer","oats",899.652378767557
48369,"Texas","Parmer","soybeans",174.814898982403
48369,"Texas","Parmer","sunflower",111.182786592639
48369,"Texas","Parmer","wheat",103843.71234986
48371,"Texas","Pecos","barley",0
48371,"Texas","Pecos","corn",0
48371,"Texas","Pecos","cotton",0
48371,"Texas","Pecos","grain sorghum",0
48371,"Texas","Pecos","oats",0
48371,"Texas","Pecos","wheat",0
48375,"Texas","Potter","corn",0
48375,"Texas","Potter","cotton",0
48375,"Texas","Potter","grain sorghum",0
48375,"Texas","Potter","sesame",0
48375,"Texas","Potter","soybeans",0
48375,"Texas","Potter","sunflower",0
48375,"Texas","Potter","wheat",0
48377,"Texas","Presidio","wheat",111.96
48381,"Texas","Randall","barley",12.8851234916446
48381,"Texas","Randall","corn",448.991730710918
48381,"Texas","Randall","cotton",1505.22633292778
48381,"Texas","Randall","grain sorghum",2099.47093007931
48381,"Texas","Randall","oats",20.862880266342
48381,"Texas","Randall","soybeans",23.5740163348173
48381,"Texas","Randall","wheat",22395.1159861892
48383,"Texas","Reagan","barley",11.5197354552507
48383,"Texas","Reagan","corn",126.409138806943
48383,"Texas","Reagan","cotton",13967.2205809699
48383,"Texas","Reagan","grain sorghum",223.607455156348
48383,"Texas","Reagan","sesame",9.7482682008785
48383,"Texas","Reagan","wheat",1650.62174807739
48387,"Texas","Red River","canola",0
48387,"Texas","Red River","corn",0
48387,"Texas","Red River","cotton",0
48387,"Texas","Red River","grain sorghum",0
48387,"Texas","Red River","oats",0
48387,"Texas","Red River","soybeans",0
48387,"Texas","Red River","wheat",0
48389,"Texas","Reeves","barley",93.2432687683768
48389,"Texas","Reeves","corn",42.5681973653432
48389,"Texas","Reeves","cotton",990.127131715215
48389,"Texas","Reeves","grain sorghum",90.6708457100405
48389,"Texas","Reeves","oats",123.120873426698
48389,"Texas","Reeves","wheat",1127.352349681
48391,"Texas","Refugio","corn",0
48391,"Texas","Refugio","cotton",0
48391,"Texas","Refugio","grain sorghum",0
48391,"Texas","Refugio","oats",0
48391,"Texas","Refugio","sesame",0
48391,"Texas","Refugio","soybeans",0
48391,"Texas","Refugio","wheat",0
48393,"Texas","Roberts","corn",0
48393,"Texas","Roberts","cotton",0
48393,"Texas","Roberts","grain sorghum",0
48393,"Texas","Roberts","oats",0
48393,"Texas","Roberts","wheat",0
48395,"Texas","Robertson","corn",0
48395,"Texas","Robertson","cotton",0
48395,"Texas","Robertson","grain sorghum",0
48395,"Texas","Robertson","oats",0
48395,"Texas","Robertson","soybeans",0
48395,"Texas","Robertson","wheat",0
48397,"Texas","Rockwall","corn",0
48397,"Texas","Rockwall","cotton",0
48397,"Texas","Rockwall","grain sorghum",0
48397,"Texas","Rockwall","soybeans",0
48397,"Texas","Rockwall","wheat",0
48399,"Texas","Runnels","barley",33.2466631418247
48399,"Texas","Runnels","corn",34.1043179871514
48399,"Texas","Runnels","cotton",12749.4856829066
48399,"Texas","Runnels","grain sorghum",572.073602770605
48399,"Texas","Runnels","oats",302.66137976163
48399,"Texas","Runnels","sesame",76.6036231501728
48399,"Texas","Runnels","sunflower",101.909837139261
48399,"Texas","Runnels","wheat",19368.9164664761
48407,"Texas","San Jacinto","corn",20.2242647058824
48407,"Texas","San Jacinto","peanuts",40.4485294117647
48407,"Texas","San Jacinto","sesame",4.04485294117647
48407,"Texas","San Jacinto","soybeans",72.8073529411765
48409,"Texas","San Patricio","corn",0
48409,"Texas","San Patricio","cotton",0
48409,"Texas","San Patricio","grain sorghum",0
48409,"Texas","San Patricio","sesame",0
48409,"Texas","San Patricio","soybeans",0
48409,"Texas","San Patricio","sunflower",0
48409,"Texas","San Patricio","wheat",0
48411,"Texas","San Saba","barley",294.4391460537
48411,"Texas","San Saba","canola",9.56071901354315
48411,"Texas","San Saba","cotton",100.449926812517
48411,"Texas","San Saba","grain sorghum",60.0484226220322
48411,"Texas","San Saba","oats",1838.80942085323
48411,"Texas","San Saba","sesame",33.430382853603
48411,"Texas","San Saba","wheat",9817.12623179137
48413,"Texas","Schleicher","barley",5.75939271488877
48413,"Texas","Schleicher","corn",13.8954898328291
48413,"Texas","Schleicher","cotton",378.964946150995
48413,"Texas","Schleicher","dry peas",4.88579267360257
48413,"Texas","Schleicher","grain sorghum",28.7268932028482
48413,"Texas","Schleicher","oats",39.7562337021232
48413,"Texas","Schleicher","wheat",110.654045056046
48415,"Texas","Scurry","corn",235.375786067494
48415,"Texas","Scurry","cotton",9766.53324545312
48415,"Texas","Scurry","grain sorghum",80.2731021224792
48415,"Texas","Scurry","oats",15.030402932997
48415,"Texas","Scurry","sunflower",360.176404026296
48415,"Texas","Scurry","wheat",2084.93571939764
48417,"Texas","Shackelford","barley",0
48417,"Texas","Shackelford","cotton",0
48417,"Texas","Shackelford","grain sorghum",0
48417,"Texas","Shackelford","oats",0
48417,"Texas","Shackelford","sesame",0
48417,"Texas","Shackelford","wheat",0
48421,"Texas","Sherman","barley",198.099275191483
48421,"Texas","Sherman","canola",19.6600573893571
48421,"Texas","Sherman","corn",15015.1580148138
48421,"Texas","Sherman","cotton",6438.01335894734
48421,"Texas","Sherman","dry peas",97.605631585695
48421,"Texas","Sherman","grain sorghum",5282.5687990308
48421,"Texas","Sherman","oats",292.14240355742
48421,"Texas","Sherman","sesame",192.288972076875
48421,"Texas","Sherman","soybeans",98.6103109286948
48421,"Texas","Sherman","sunflower",137.407770643273
48421,"Texas","Sherman","wheat",21167.5434058353
48425,"Texas","Somervell","corn",0
48425,"Texas","Somervell","cotton",0
48425,"Texas","Somervell","oats",0
48427,"Texas","Starr","canola",0
48427,"Texas","Starr","corn",0
48427,"Texas","Starr","cotton",0
48427,"Texas","Starr","grain sorghum",0
48427,"Texas","Starr","peanuts",0
48427,"Texas","Starr","sesame",0
48427,"Texas","Starr","sunflower",0
48427,"Texas","Starr","wheat",0
48429,"Texas","Stephens","barley",0
48429,"Texas","Stephens","grain sorghum",0
48429,"Texas","Stephens","oats",0
48429,"Texas","Stephens","sesame",0
48429,"Texas","Stephens","wheat",0
48431,"Texas","Sterling","barley",218.731778226194
48431,"Texas","Sterling","oats",437.463556452387
48431,"Texas","Sterling","wheat",2548.46866532142
48433,"Texas","Stonewall","cotton",0
48433,"Texas","Stonewall","grain sorghum",0
48433,"Texas","Stonewall","oats",0
48433,"Texas","Stonewall","sunflower",0
48433,"Texas","Stonewall","wheat",0
48435,"Texas","Sutton","oats",0
48435,"Texas","Sutton","wheat",0
48437,"Texas","Swisher","barley",58.290524596188
48437,"Texas","Swisher","corn",2276.68377586357
48437,"Texas","Swisher","cotton",38184.8107499458
48437,"Texas","Swisher","grain sorghum",9071.76605568602
48437,"Texas","Swisher","oats",189.481826290778
48437,"Texas","Swisher","sunflower",90.9339457162145
48437,"Texas","Swisher","wheat",88736.0786752347
48439,"Texas","Tarrant","corn",0
48439,"Texas","Tarrant","grain sorghum",0
48439,"Texas","Tarrant","wheat",0
48441,"Texas","Taylor","barley",0
48441,"Texas","Taylor","cotton",0
48441,"Texas","Taylor","grain sorghum",0
48441,"Texas","Taylor","oats",0
48441,"Texas","Taylor","sesame",0
48441,"Texas","Taylor","wheat",0
48445,"Texas","Terry","barley",5.9569985606543
48445,"Texas","Terry","corn",380.967475639003
48445,"Texas","Terry","cotton",15070.6363600787
48445,"Texas","Terry","dry peas",54.6778391202026
48445,"Texas","Terry","grain sorghum",725.192033548211
48445,"Texas","Terry","oats",13.5173181334979
48445,"Texas","Terry","peanuts",1453.20370948705
48445,"Texas","Terry","sesame",10.6552144177806
48445,"Texas","Terry","soybeans",46.4858969707143
48445,"Texas","Terry","sunflower",46.5697538391472
48445,"Texas","Terry","wheat",1874.59663353826
48447,"Texas","Throckmorton","barley",30.8842267981372
48447,"Texas","Throckmorton","cotton",233.672892248595
48447,"Texas","Throckmorton","grain sorghum",26.7566128130275
48447,"Texas","Throckmorton","oats",22.1973192824096
48447,"Texas","Throckmorton","wheat",7715.95696219117
48449,"Texas","Titus","corn",1863.94660145506
48449,"Texas","Titus","grain sorghum",451.374754257717
48449,"Texas","Titus","soybeans",732.016144287227
48451,"Texas","Tom Green","barley",67.7225421791936
48451,"Texas","Tom Green","corn",2177.94966136149
48451,"Texas","Tom Green","cotton",33931.8434922703
48451,"Texas","Tom Green","dry peas",1.84565477166701
48451,"Texas","Tom Green","grain sorghum",4120.8577249847
48451,"Texas","Tom Green","oats",288.812433555839
48451,"Texas","Tom Green","sesame",94.8500361678294
48451,"Texas","Tom Green","sunflower",5.76664579769738
48451,"Texas","Tom Green","wheat",18886.934175578
48453,"Texas","Travis","corn",0
48453,"Texas","Travis","cotton",0
48453,"Texas","Travis","grain sorghum",0
48453,"Texas","Travis","oats",0
48453,"Texas","Travis","soybeans",0
48453,"Texas","Travis","wheat",0
48461,"Texas","Upton","barley",6.8105977664755
48461,"Texas","Upton","corn",1.69511683705258
48461,"Texas","Upton","cotton",405.591235356621
48461,"Texas","Upton","grain sorghum",4.48804615259275
48461,"Texas","Upton","wheat",198.768103887262
48463,"Texas","Uvalde","corn",0
48463,"Texas","Uvalde","cotton",0
48463,"Texas","Uvalde","grain sorghum",0
48463,"Texas","Uvalde","oats",0
48463,"Texas","Uvalde","sesame",0
48463,"Texas","Uvalde","sunflower",0
48463,"Texas","Uvalde","wheat",0
48465,"Texas","Val Verde","corn",569.327775500552
48465,"Texas","Val Verde","grain sorghum",274.20256660886
48465,"Texas","Val Verde","oats",13.0873088443954
48465,"Texas","Val Verde","wheat",8.66234904619265
48467,"Texas","Van Zandt","grain sorghum",1081.3765554259
48467,"Texas","Van Zandt","wheat",211.147444574096
48469,"Texas","Victoria","corn",0
48469,"Texas","Victoria","cotton",0
48469,"Texas","Victoria","grain sorghum",0
48469,"Texas","Victoria","oats",0
48469,"Texas","Victoria","rice_long grain",0
48469,"Texas","Victoria","soybeans",0
48469,"Texas","Victoria","wheat",0
48471,"Texas","Walker","corn",0
48471,"Texas","Walker","cotton",0
48471,"Texas","Walker","dry peas",0
48471,"Texas","Walker","grain sorghum",0
48473,"Texas","Waller","corn",0
48473,"Texas","Waller","cotton",0
48473,"Texas","Waller","grain sorghum",0
48473,"Texas","Waller","oats",0
48473,"Texas","Waller","peanuts",0
48473,"Texas","Waller","rice_long grain",0
48473,"Texas","Waller","rice_short/medium grain",0
48473,"Texas","Waller","soybeans",0
48473,"Texas","Waller","wheat",0
48475,"Texas","Ward","oats",0
48477,"Texas","Washington","corn",0
48477,"Texas","Washington","cotton",0
48477,"Texas","Washington","grain sorghum",0
48477,"Texas","Washington","oats",0
48477,"Texas","Washington","wheat",0
48481,"Texas","Wharton","canola",0
48481,"Texas","Wharton","corn",0
48481,"Texas","Wharton","cotton",0
48481,"Texas","Wharton","grain sorghum",0
48481,"Texas","Wharton","oats",0
48481,"Texas","Wharton","rice_long grain",0
48481,"Texas","Wharton","sesame",0
48481,"Texas","Wharton","soybeans",0
48481,"Texas","Wharton","wheat",0
48483,"Texas","Wheeler","corn",0
48483,"Texas","Wheeler","cotton",0
48483,"Texas","Wheeler","grain sorghum",0
48483,"Texas","Wheeler","oats",0
48483,"Texas","Wheeler","peanuts",0
48483,"Texas","Wheeler","soybeans",0
48483,"Texas","Wheeler","wheat",0
48485,"Texas","Wichita","barley",83.6074278825287
48485,"Texas","Wichita","canola",22.1090949069497
48485,"Texas","Wichita","corn",1246.1953286455
48485,"Texas","Wichita","cotton",4741.20408203253
48485,"Texas","Wichita","grain sorghum",635.473995261971
48485,"Texas","Wichita","oats",215.087319185818
48485,"Texas","Wichita","sesame",167.980416885974
48485,"Texas","Wichita","wheat",34384.7560018654
48487,"Texas","Wilbarger","barley",21.8078323602053
48487,"Texas","Wilbarger","canola",41.5038283280481
48487,"Texas","Wilbarger","corn",139.31727677119
48487,"Texas","Wilbarger","cotton",4373.51718317554
48487,"Texas","Wilbarger","dry peas",8.70612243672289
48487,"Texas","Wilbarger","grain sorghum",237.426870908941
48487,"Texas","Wilbarger","oats",148.933054185231
48487,"Texas","Wilbarger","peanuts",142.257289620248
48487,"Texas","Wilbarger","sesame",69.0233909412212
48487,"Texas","Wilbarger","soybeans",7.05755092563277
48487,"Texas","Wilbarger","sunflower",3.25733119644589
48487,"Texas","Wilbarger","wheat",25324.0472824839
48489,"Texas","Willacy","canola",20.2194238339657
48489,"Texas","Willacy","corn",886.705885552775
48489,"Texas","Willacy","cotton",4253.90234607779
48489,"Texas","Willacy","grain sorghum",5032.23982565997
48489,"Texas","Willacy","peanuts",0.0170632849030625
48489,"Texas","Willacy","rapeseed",9.40186998158746
48489,"Texas","Willacy","sesame",379.883210698629
48489,"Texas","Willacy","soybeans",2.29216793864473
48489,"Texas","Willacy","sunflower",2.39796030504372
48491,"Texas","Williamson","corn",0
48491,"Texas","Williamson","cotton",0
48491,"Texas","Williamson","grain sorghum",0
48491,"Texas","Williamson","oats",0
48491,"Texas","Williamson","rapeseed",0
48491,"Texas","Williamson","sesame",0
48491,"Texas","Williamson","soybeans",0
48491,"Texas","Williamson","sunflower",0
48491,"Texas","Williamson","wheat",0
48493,"Texas","Wilson","corn",0
48493,"Texas","Wilson","cotton",0
48493,"Texas","Wilson","dry peas",0
48493,"Texas","Wilson","grain sorghum",0
48493,"Texas","Wilson","oats",0
48493,"Texas","Wilson","peanuts",0
48493,"Texas","Wilson","sesame",0
48493,"Texas","Wilson","soybeans",0
48493,"Texas","Wilson","sunflower",0
48493,"Texas","Wilson","wheat",0
48495,"Texas","Winkler","cotton",597.775
48497,"Texas","Wise","corn",0
48497,"Texas","Wise","grain sorghum",0
48497,"Texas","Wise","oats",0
48497,"Texas","Wise","wheat",0
48501,"Texas","Yoakum","barley",0
48501,"Texas","Yoakum","corn",0
48501,"Texas","Yoakum","cotton",0
48501,"Texas","Yoakum","dry peas",0
48501,"Texas","Yoakum","grain sorghum",0
48501,"Texas","Yoakum","oats",0
48501,"Texas","Yoakum","peanuts",0
48501,"Texas","Yoakum","sunflower",0
48501,"Texas","Yoakum","wheat",0
48503,"Texas","Young","cotton",0
48503,"Texas","Young","grain sorghum",0
48503,"Texas","Young","oats",0
48503,"Texas","Young","sesame",0
48503,"Texas","Young","wheat",0
48505,"Texas","Zapata","cotton",1156.63773290648
48505,"Texas","Zapata","grain sorghum",284.023117447406
48505,"Texas","Zapata","sesame",424.72014964611
48507,"Texas","Zavala","corn",0
48507,"Texas","Zavala","cotton",0
48507,"Texas","Zavala","dry peas",0
48507,"Texas","Zavala","grain sorghum",0
48507,"Texas","Zavala","oats",0
48507,"Texas","Zavala","sesame",0
48507,"Texas","Zavala","sunflower",0
48507,"Texas","Zavala","wheat",0
49001,"Utah","Beaver","barley",0
49001,"Utah","Beaver","corn",0
49001,"Utah","Beaver","oats",0
49001,"Utah","Beaver","wheat",0
49003,"Utah","Box Elder","barley",0
49003,"Utah","Box Elder","canola",0
49003,"Utah","Box Elder","corn",0
49003,"Utah","Box Elder","dry peas",0
49003,"Utah","Box Elder","oats",0
49003,"Utah","Box Elder","safflower",0
49003,"Utah","Box Elder","wheat",0
49005,"Utah","Cache","barley",0
49005,"Utah","Cache","canola",0
49005,"Utah","Cache","chickpeas_large",0
49005,"Utah","Cache","corn",0
49005,"Utah","Cache","flaxseed",0
49005,"Utah","Cache","grain sorghum",0
49005,"Utah","Cache","lentils",0
49005,"Utah","Cache","mustard",0
49005,"Utah","Cache","oats",0
49005,"Utah","Cache","safflower",0
49005,"Utah","Cache","soybeans",0
49005,"Utah","Cache","wheat",0
49007,"Utah","Carbon","corn",0
49007,"Utah","Carbon","oats",0
49007,"Utah","Carbon","wheat",0
49011,"Utah","Davis","barley",0
49011,"Utah","Davis","corn",0
49011,"Utah","Davis","oats",0
49011,"Utah","Davis","wheat",0
49013,"Utah","Duchesne","barley",2.73900939324959
49013,"Utah","Duchesne","corn",219.436217133275
49013,"Utah","Duchesne","oats",21.0662512971546
49013,"Utah","Duchesne","soybeans",3.39173449363409
49013,"Utah","Duchesne","wheat",5.09695434935368
49015,"Utah","Emery","barley",0
49015,"Utah","Emery","corn",0
49015,"Utah","Emery","oats",0
49015,"Utah","Emery","safflower",0
49015,"Utah","Emery","sunflower",0
49015,"Utah","Emery","wheat",0
49017,"Utah","Garfield","oats",0
49021,"Utah","Iron","corn",2247.08443858807
49021,"Utah","Iron","oats",66.1359016567744
49021,"Utah","Iron","wheat",31.8223264218267
49023,"Utah","Juab","barley",0
49023,"Utah","Juab","corn",0
49023,"Utah","Juab","flaxseed",0
49023,"Utah","Juab","oats",0
49023,"Utah","Juab","safflower",0
49023,"Utah","Juab","wheat",0
49025,"Utah","Kane","oats",69.0975
49027,"Utah","Millard","barley",0
49027,"Utah","Millard","corn",0
49027,"Utah","Millard","dry peas",0
49027,"Utah","Millard","oats",0
49027,"Utah","Millard","safflower",0
49027,"Utah","Millard","sunflower",0
49027,"Utah","Millard","wheat",0
49029,"Utah","Morgan","barley",0
49029,"Utah","Morgan","corn",0
49029,"Utah","Morgan","grain sorghum",0
49029,"Utah","Morgan","oats",0
49029,"Utah","Morgan","wheat",0
49031,"Utah","Piute","barley",37.9634678099997
49031,"Utah","Piute","corn",24.1958406658667
49031,"Utah","Piute","mustard",6.70864343785582
49031,"Utah","Piute","oats",196.133899549153
49031,"Utah","Piute","wheat",99.3121485371251
49033,"Utah","Rich","barley",0
49033,"Utah","Rich","oats",0
49035,"Utah","Salt Lake","wheat",0
49037,"Utah","San Juan","corn",0
49037,"Utah","San Juan","oats",0
49037,"Utah","San Juan","safflower",0
49037,"Utah","San Juan","sunflower",0
49037,"Utah","San Juan","wheat",0
49039,"Utah","Sanpete","barley",261.899884425511
49039,"Utah","Sanpete","corn",915.922951727028
49039,"Utah","Sanpete","oats",344.082644621196
49039,"Utah","Sanpete","safflower",69.8782198022278
49039,"Utah","Sanpete","sunflower",8.11350000998159
49039,"Utah","Sanpete","wheat",302.361132747387
49041,"Utah","Sevier","barley",0
49041,"Utah","Sevier","corn",0
49041,"Utah","Sevier","oats",0
49041,"Utah","Sevier","wheat",0
49043,"Utah","Summit","barley",0
49043,"Utah","Summit","oats",0
49045,"Utah","Tooele","barley",0
49045,"Utah","Tooele","corn",0
49045,"Utah","Tooele","oats",0
49045,"Utah","Tooele","wheat",0
49047,"Utah","Uintah","barley",0
49047,"Utah","Uintah","corn",0
49047,"Utah","Uintah","grain sorghum",0
49047,"Utah","Uintah","oats",0
49047,"Utah","Uintah","wheat",0
49049,"Utah","Utah","barley",0
49049,"Utah","Utah","corn",0
49049,"Utah","Utah","grain sorghum",0
49049,"Utah","Utah","oats",0
49049,"Utah","Utah","safflower",0
49049,"Utah","Utah","wheat",0
49053,"Utah","Washington","barley",0
49053,"Utah","Washington","corn",0
49053,"Utah","Washington","grain sorghum",0
49053,"Utah","Washington","wheat",0
49055,"Utah","Wayne","barley",0
49055,"Utah","Wayne","corn",0
49055,"Utah","Wayne","oats",0
49055,"Utah","Wayne","wheat",0
49057,"Utah","Weber","barley",0
49057,"Utah","Weber","corn",0
49057,"Utah","Weber","oats",0
49057,"Utah","Weber","safflower",0
49057,"Utah","Weber","sunflower",0
49057,"Utah","Weber","wheat",0
50001,"Vermont","Addison","barley",0.489041304443101
50001,"Vermont","Addison","corn",119.168353349085
50001,"Vermont","Addison","oats",0.0969616056822343
50001,"Vermont","Addison","soybeans",20.9136249569692
50001,"Vermont","Addison","wheat",2.09496545048623
50003,"Vermont","Bennington","barley",93.5721907071349
50003,"Vermont","Bennington","corn",1831.81949535005
50003,"Vermont","Bennington","oats",58.3805387119408
50003,"Vermont","Bennington","soybeans",67.9270418975412
50005,"Vermont","Caledonia","barley",66.0425677568214
50005,"Vermont","Caledonia","corn",3293.70103982372
50005,"Vermont","Caledonia","oats",9.35932596952957
50005,"Vermont","Caledonia","soybeans",80.5660006961583
50005,"Vermont","Caledonia","wheat",51.9521684204409
50007,"Vermont","Chittenden","barley",101.725441865224
50007,"Vermont","Chittenden","corn",2672.34728778937
50007,"Vermont","Chittenden","oats",16.2704541446857
50007,"Vermont","Chittenden","soybeans",685.811050823309
50007,"Vermont","Chittenden","sunflower",10.1492881436511
50007,"Vermont","Chittenden","wheat",181.902624233758
50009,"Vermont","Essex","barley",4.54860459106639
50009,"Vermont","Essex","corn",279.169906991378
50009,"Vermont","Essex","oats",6.19310009706732
50009,"Vermont","Essex","soybeans",7.29088832048815
50011,"Vermont","Franklin","barley",215.280726582982
50011,"Vermont","Franklin","corn",66984.9122358729
50011,"Vermont","Franklin","dry peas",0.896318339808403
50011,"Vermont","Franklin","oats",54.0106492929547
50011,"Vermont","Franklin","soybeans",3488.33951851113
50011,"Vermont","Franklin","sunflower",86.6366368619806
50011,"Vermont","Franklin","wheat",36.0618745382914
50013,"Vermont","Grand Isle","barley",0
50013,"Vermont","Grand Isle","corn",0
50013,"Vermont","Grand Isle","oats",0
50013,"Vermont","Grand Isle","soybeans",0
50013,"Vermont","Grand Isle","wheat",0
50015,"Vermont","Lamoille","barley",0
50015,"Vermont","Lamoille","corn",0
50015,"Vermont","Lamoille","oats",0
50015,"Vermont","Lamoille","soybeans",0
50017,"Vermont","Orange","corn",0
50017,"Vermont","Orange","soybeans",0
50017,"Vermont","Orange","sunflower",0
50017,"Vermont","Orange","wheat",0
50019,"Vermont","Orleans","barley",51.8538423787716
50019,"Vermont","Orleans","corn",6551.06931432972
50019,"Vermont","Orleans","soybeans",0.60688329150878
50021,"Vermont","Rutland","barley",12.2974526218371
50021,"Vermont","Rutland","corn",3543.71766012558
50021,"Vermont","Rutland","oats",22.0091539539911
50021,"Vermont","Rutland","soybeans",437.948436493688
50021,"Vermont","Rutland","sunflower",1.21071966741012
50021,"Vermont","Rutland","wheat",6.78003013749667
50023,"Vermont","Washington","barley",3.51823447324711
50023,"Vermont","Washington","corn",1567.16298235387
50023,"Vermont","Washington","wheat",0.386619172884298
50025,"Vermont","Windham","corn",568.029820025499
50025,"Vermont","Windham","oats",5.07880597450203
50027,"Vermont","Windsor","corn",0
50027,"Vermont","Windsor","oats",0
50027,"Vermont","Windsor","soybeans",0
52001,"Virgin Islands of the U.S.","St. Croix","corn",75.863
51001,"Virginia","Accomack","corn",1783.65102755213
51001,"Virginia","Accomack","cotton",16.4738431418076
51001,"Virginia","Accomack","grain sorghum",15.7268827636097
51001,"Virginia","Accomack","rapeseed",85.2544871908613
51001,"Virginia","Accomack","soybeans",2522.43586960227
51001,"Virginia","Accomack","sunflower",0.281871840829408
51001,"Virginia","Accomack","wheat",827.312017908499
51003,"Virginia","Albemarle, Charlottesville City","corn",1471.09112324858
51003,"Virginia","Albemarle, Charlottesville City","grain sorghum",193.559573670044
51003,"Virginia","Albemarle, Charlottesville City","oats",54.9911309305517
51003,"Virginia","Albemarle, Charlottesville City","soybeans",2912.28513493124
51003,"Virginia","Albemarle, Charlottesville City","wheat",834.635370552915
51005,"Virginia","Alleghany, Covington City","corn",342.090717269486
51005,"Virginia","Alleghany, Covington City","grain sorghum",125.080823255875
51005,"Virginia","Alleghany, Covington City","soybeans",62.5051261413065
51007,"Virginia","Amelia","barley",90.5359269567244
51007,"Virginia","Amelia","corn",1348.13920786026
51007,"Virginia","Amelia","grain sorghum",26.8455564404649
51007,"Virginia","Amelia","oats",28.492325430109
51007,"Virginia","Amelia","soybeans",2171.91351221977
51007,"Virginia","Amelia","sunflower",3.44730463614294
51007,"Virginia","Amelia","wheat",412.933166456531
51009,"Virginia","Amherst","corn",0
51009,"Virginia","Amherst","grain sorghum",0
51009,"Virginia","Amherst","soybeans",0
51011,"Virginia","Appomattox","barley",0.618086919324487
51011,"Virginia","Appomattox","corn",56.8084182854867
51011,"Virginia","Appomattox","grain sorghum",0.56203939184462
51011,"Virginia","Appomattox","soybeans",82.5786543228507
51011,"Virginia","Appomattox","sunflower",0.100364177115111
51011,"Virginia","Appomattox","wheat",25.8637702367117
51015,"Virginia","Augusta","barley",978.979669232838
51015,"Virginia","Augusta","corn",10206.1396047745
51015,"Virginia","Augusta","grain sorghum",71.3458556907524
51015,"Virginia","Augusta","oats",45.6888689436252
51015,"Virginia","Augusta","soybeans",3141.81287794306
51015,"Virginia","Augusta","sunflower",28.6745194435234
51015,"Virginia","Augusta","wheat",1228.77543730504
51017,"Virginia","Bath","barley",24.0411224743214
51017,"Virginia","Bath","corn",33.7166847093021
51017,"Virginia","Bath","soybeans",29.3808453549103
51017,"Virginia","Bath","wheat",14.9914141281329
51019,"Virginia","Bedford","barley",0
51019,"Virginia","Bedford","corn",0
51019,"Virginia","Bedford","grain sorghum",0
51019,"Virginia","Bedford","oats",0
51019,"Virginia","Bedford","soybeans",0
51019,"Virginia","Bedford","sunflower",0
51019,"Virginia","Bedford","wheat",0
51021,"Virginia","Bland","barley",0
51021,"Virginia","Bland","corn",0
51021,"Virginia","Bland","oats",0
51021,"Virginia","Bland","wheat",0
51023,"Virginia","Botetourt","barley",0
51023,"Virginia","Botetourt","corn",0
51023,"Virginia","Botetourt","grain sorghum",0
51023,"Virginia","Botetourt","oats",0
51023,"Virginia","Botetourt","soybeans",0
51023,"Virginia","Botetourt","sunflower",0
51023,"Virginia","Botetourt","wheat",0
51025,"Virginia","Brunswick","barley",4.57469315353149
51025,"Virginia","Brunswick","canola",1.2185863858752
51025,"Virginia","Brunswick","corn",121.693390282865
51025,"Virginia","Brunswick","cotton",22.9915288093054
51025,"Virginia","Brunswick","grain sorghum",17.2273754822037
51025,"Virginia","Brunswick","oats",27.1051967724561
51025,"Virginia","Brunswick","peanuts",3.59982404483133
51025,"Virginia","Brunswick","soybeans",1107.41295197747
51025,"Virginia","Brunswick","sunflower",0.119860955987725
51025,"Virginia","Brunswick","wheat",147.305758802146
51027,"Virginia","Buchanan","corn",0
51029,"Virginia","Buckingham","barley",0
51029,"Virginia","Buckingham","corn",0
51029,"Virginia","Buckingham","oats",0
51029,"Virginia","Buckingham","soybeans",0
51029,"Virginia","Buckingham","wheat",0
51031,"Virginia","Campbell, Lynchburg City","barley",141.61733296258
51031,"Virginia","Campbell, Lynchburg City","corn",2865.10157459566
51031,"Virginia","Campbell, Lynchburg City","grain sorghum",26.7963009724442
51031,"Virginia","Campbell, Lynchburg City","oats",75.5102437413275
51031,"Virginia","Campbell, Lynchburg City","soybeans",5899.89792014363
51031,"Virginia","Campbell, Lynchburg City","sunflower",22.0419833390121
51031,"Virginia","Campbell, Lynchburg City","wheat",2308.62217757868
51033,"Virginia","Caroline","barley",22.4195429487686
51033,"Virginia","Caroline","canola",1.85544564670393
51033,"Virginia","Caroline","corn",435.007810211972
51033,"Virginia","Caroline","grain sorghum",3.98523478922503
51033,"Virginia","Caroline","oats",1.22709114110356
51033,"Virginia","Caroline","rapeseed",4.99421082174209
51033,"Virginia","Caroline","soybeans",633.116986206476
51033,"Virginia","Caroline","sunflower",0.186820411382272
51033,"Virginia","Caroline","wheat",175.650191155956
51035,"Virginia","Carroll, East Galax City","corn",2143.34013900236
51035,"Virginia","Carroll, East Galax City","oats",62.6978168424875
51035,"Virginia","Carroll, East Galax City","soybeans",104.92901825867
51035,"Virginia","Carroll, East Galax City","wheat",30.6078525631485
51036,"Virginia","Charles City","corn",0
51036,"Virginia","Charles City","cotton",0
51036,"Virginia","Charles City","grain sorghum",0
51036,"Virginia","Charles City","oats",0
51036,"Virginia","Charles City","rapeseed",0
51036,"Virginia","Charles City","soybeans",0
51036,"Virginia","Charles City","sunflower",0
51036,"Virginia","Charles City","wheat",0
51037,"Virginia","Charlotte","barley",9.34305051578464
51037,"Virginia","Charlotte","corn",459.089930891217
51037,"Virginia","Charlotte","grain sorghum",19.4822747408199
51037,"Virginia","Charlotte","oats",19.7659373188146
51037,"Virginia","Charlotte","rapeseed",10.0026459467416
51037,"Virginia","Charlotte","sesame",12.5524116639172
51037,"Virginia","Charlotte","soybeans",2326.98306660463
51037,"Virginia","Charlotte","sunflower",2.15693187325389
51037,"Virginia","Charlotte","wheat",673.575017111484
51550,"Virginia","Chesapeake","corn",6265.46242189779
51550,"Virginia","Chesapeake","oats",3.88417692592926
51550,"Virginia","Chesapeake","soybeans",17919.821874197
51550,"Virginia","Chesapeake","sunflower",6.33980643810159
51550,"Virginia","Chesapeake","wheat",2804.9638872079
51041,"Virginia","Chesterfield","barley",0
51041,"Virginia","Chesterfield","corn",0
51041,"Virginia","Chesterfield","grain sorghum",0
51041,"Virginia","Chesterfield","oats",0
51041,"Virginia","Chesterfield","soybeans",0
51041,"Virginia","Chesterfield","sunflower",0
51041,"Virginia","Chesterfield","wheat",0
51043,"Virginia","Clarke","barley",15.2552599340506
51043,"Virginia","Clarke","corn",335.364045065426
51043,"Virginia","Clarke","dry peas",0.489002882809613
51043,"Virginia","Clarke","oats",1.3428019161952
51043,"Virginia","Clarke","soybeans",195.18315345962
51043,"Virginia","Clarke","wheat",43.3694700752315
51045,"Virginia","Craig","barley",0
51045,"Virginia","Craig","corn",0
51045,"Virginia","Craig","soybeans",0
51045,"Virginia","Craig","wheat",0
51047,"Virginia","Culpeper","barley",0
51047,"Virginia","Culpeper","corn",0
51047,"Virginia","Culpeper","grain sorghum",0
51047,"Virginia","Culpeper","oats",0
51047,"Virginia","Culpeper","rapeseed",0
51047,"Virginia","Culpeper","soybeans",0
51047,"Virginia","Culpeper","sunflower",0
51047,"Virginia","Culpeper","wheat",0
51049,"Virginia","Cumberland","corn",836.950005547662
51049,"Virginia","Cumberland","grain sorghum",3.72127677290569
51049,"Virginia","Cumberland","oats",11.225763122831
51049,"Virginia","Cumberland","soybeans",1037.82887874049
51049,"Virginia","Cumberland","wheat",203.001575816113
51051,"Virginia","Dickenson","corn",4.50333333333333
51053,"Virginia","Dinwiddie, Petersburg City","barley",59.2653573330739
51053,"Virginia","Dinwiddie, Petersburg City","corn",6540.94655675194
51053,"Virginia","Dinwiddie, Petersburg City","cotton",1329.44431550042
51053,"Virginia","Dinwiddie, Petersburg City","grain sorghum",36.2902316486825
51053,"Virginia","Dinwiddie, Petersburg City","oats",111.904437379189
51053,"Virginia","Dinwiddie, Petersburg City","peanuts",478.399288719831
51053,"Virginia","Dinwiddie, Petersburg City","soybeans",16950.1968642312
51053,"Virginia","Dinwiddie, Petersburg City","sunflower",13.9359285137536
51053,"Virginia","Dinwiddie, Petersburg City","wheat",2771.38730658858
51057,"Virginia","Essex","barley",0
51057,"Virginia","Essex","corn",0
51057,"Virginia","Essex","grain sorghum",0
51057,"Virginia","Essex","oats",0
51057,"Virginia","Essex","soybeans",0
51057,"Virginia","Essex","sunflower",0
51057,"Virginia","Essex","wheat",0
51061,"Virginia","Fauquier","barley",0
51061,"Virginia","Fauquier","corn",0
51061,"Virginia","Fauquier","grain sorghum",0
51061,"Virginia","Fauquier","oats",0
51061,"Virginia","Fauquier","soybeans",0
51061,"Virginia","Fauquier","sunflower",0
51061,"Virginia","Fauquier","wheat",0
51063,"Virginia","Floyd","barley",0
51063,"Virginia","Floyd","corn",0
51063,"Virginia","Floyd","oats",0
51063,"Virginia","Floyd","wheat",0
51065,"Virginia","Fluvanna","corn",511.761758747523
51065,"Virginia","Fluvanna","soybeans",577.978550761249
51065,"Virginia","Fluvanna","wheat",182.844690491227
51067,"Virginia","Franklin","barley",624.9712897715
51067,"Virginia","Franklin","canola",6.19980170131593
51067,"Virginia","Franklin","corn",5476.07594855288
51067,"Virginia","Franklin","grain sorghum",191.698985686076
51067,"Virginia","Franklin","oats",92.289075190332
51067,"Virginia","Franklin","soybeans",3714.51121055925
51067,"Virginia","Franklin","sunflower",15.7687208677073
51067,"Virginia","Franklin","wheat",1677.06646767094
51069,"Virginia","Frederick, Winchester City","barley",30.7204104042058
51069,"Virginia","Frederick, Winchester City","corn",3408.32887598062
51069,"Virginia","Frederick, Winchester City","grain sorghum",14.9811022651999
51069,"Virginia","Frederick, Winchester City","oats",135.909710131219
51069,"Virginia","Frederick, Winchester City","soybeans",1382.31127356572
51069,"Virginia","Frederick, Winchester City","wheat",371.944427653031
51071,"Virginia","Giles","corn",13.95
51073,"Virginia","Gloucester","barley",0
51073,"Virginia","Gloucester","corn",0
51073,"Virginia","Gloucester","oats",0
51073,"Virginia","Gloucester","soybeans",0
51073,"Virginia","Gloucester","wheat",0
51075,"Virginia","Goochland","barley",0
51075,"Virginia","Goochland","corn",0
51075,"Virginia","Goochland","grain sorghum",0
51075,"Virginia","Goochland","soybeans",0
51075,"Virginia","Goochland","sunflower",0
51075,"Virginia","Goochland","wheat",0
51077,"Virginia","Grayson, West Galax City","corn",1891.08362517334
51077,"Virginia","Grayson, West Galax City","oats",23.814671315852
51077,"Virginia","Grayson, West Galax City","soybeans",16.346544241029
51077,"Virginia","Grayson, West Galax City","wheat",27.6048259364435
51079,"Virginia","Greene","barley",0
51079,"Virginia","Greene","corn",0
51079,"Virginia","Greene","grain sorghum",0
51079,"Virginia","Greene","soybeans",0
51081,"Virginia","Greensville, Emporia City","corn",2090.73853220972
51081,"Virginia","Greensville, Emporia City","cotton",8277.32398805344
51081,"Virginia","Greensville, Emporia City","grain sorghum",200.415753615001
51081,"Virginia","Greensville, Emporia City","oats",121.055123089563
51081,"Virginia","Greensville, Emporia City","peanuts",2208.13132885581
51081,"Virginia","Greensville, Emporia City","soybeans",10056.5786912135
51081,"Virginia","Greensville, Emporia City","sunflower",11.972597055564
51081,"Virginia","Greensville, Emporia City","wheat",1457.85948590741
51083,"Virginia","Halifax","barley",0.0825065396588773
51083,"Virginia","Halifax","canola",12.1479328732145
51083,"Virginia","Halifax","corn",125.71059411201
51083,"Virginia","Halifax","grain sorghum",4.14416597616598
51083,"Virginia","Halifax","oats",2.89412314488427
51083,"Virginia","Halifax","soybeans",503.411580814494
51083,"Virginia","Halifax","sunflower",3.29146088879148
51083,"Virginia","Halifax","wheat",157.105260650784
51085,"Virginia","Hanover","barley",18.6990001718715
51085,"Virginia","Hanover","corn",311.934431080828
51085,"Virginia","Hanover","grain sorghum",13.1375886015552
51085,"Virginia","Hanover","oats",0.381976631223785
51085,"Virginia","Hanover","rapeseed",9.12896502547797
51085,"Virginia","Hanover","soybeans",609.04970092361
51085,"Virginia","Hanover","sunflower",0.321529635676535
51085,"Virginia","Hanover","wheat",172.535307929761
51087,"Virginia","Henrico, Richmond City","corn",0
51087,"Virginia","Henrico, Richmond City","cotton",0
51087,"Virginia","Henrico, Richmond City","grain sorghum",0
51087,"Virginia","Henrico, Richmond City","oats",0
51087,"Virginia","Henrico, Richmond City","rapeseed",0
51087,"Virginia","Henrico, Richmond City","soybeans",0
51087,"Virginia","Henrico, Richmond City","sunflower",0
51087,"Virginia","Henrico, Richmond City","wheat",0
51089,"Virginia","Henry, Martinsville City","barley",32.6226545270271
51089,"Virginia","Henry, Martinsville City","corn",203.477075031477
51089,"Virginia","Henry, Martinsville City","grain sorghum",8.75763556702403
51089,"Virginia","Henry, Martinsville City","oats",22.6566747098248
51089,"Virginia","Henry, Martinsville City","soybeans",361.538007774825
51089,"Virginia","Henry, Martinsville City","sunflower",37.5651609429056
51089,"Virginia","Henry, Martinsville City","wheat",278.83762478025
51091,"Virginia","Highland","corn",0
51091,"Virginia","Highland","mustard",0
51091,"Virginia","Highland","soybeans",0
51093,"Virginia","Isle of Wight","barley",0
51093,"Virginia","Isle of Wight","corn",0
51093,"Virginia","Isle of Wight","cotton",0
51093,"Virginia","Isle of Wight","grain sorghum",0
51093,"Virginia","Isle of Wight","oats",0
51093,"Virginia","Isle of Wight","peanuts",0
51093,"Virginia","Isle of Wight","soybeans",0
51093,"Virginia","Isle of Wight","sunflower",0
51093,"Virginia","Isle of Wight","wheat",0
51095,"Virginia","James City, Williamsburg City","corn",1201.7759521705
51095,"Virginia","James City, Williamsburg City","oats",139.614230107895
51095,"Virginia","James City, Williamsburg City","soybeans",1308.44745227087
51095,"Virginia","James City, Williamsburg City","wheat",291.012565450729
51099,"Virginia","King George","barley",0
51099,"Virginia","King George","corn",0
51099,"Virginia","King George","oats",0
51099,"Virginia","King George","soybeans",0
51099,"Virginia","King George","wheat",0
51101,"Virginia","King William","barley",0
51101,"Virginia","King William","corn",0
51101,"Virginia","King William","grain sorghum",0
51101,"Virginia","King William","oats",0
51101,"Virginia","King William","soybeans",0
51101,"Virginia","King William","sunflower",0
51101,"Virginia","King William","wheat",0
51097,"Virginia","King and Queen","barley",0
51097,"Virginia","King and Queen","corn",0
51097,"Virginia","King and Queen","oats",0
51097,"Virginia","King and Queen","soybeans",0
51097,"Virginia","King and Queen","sunflower",0
51097,"Virginia","King and Queen","wheat",0
51103,"Virginia","Lancaster","barley",0
51103,"Virginia","Lancaster","canola",0
51103,"Virginia","Lancaster","corn",0
51103,"Virginia","Lancaster","oats",0
51103,"Virginia","Lancaster","rapeseed",0
51103,"Virginia","Lancaster","soybeans",0
51103,"Virginia","Lancaster","sunflower",0
51103,"Virginia","Lancaster","wheat",0
51105,"Virginia","Lee","corn",0
51105,"Virginia","Lee","oats",0
51105,"Virginia","Lee","soybeans",0
51105,"Virginia","Lee","wheat",0
51107,"Virginia","Loudoun","barley",0
51107,"Virginia","Loudoun","corn",0
51107,"Virginia","Loudoun","grain sorghum",0
51107,"Virginia","Loudoun","oats",0
51107,"Virginia","Loudoun","soybeans",0
51107,"Virginia","Loudoun","wheat",0
51109,"Virginia","Louisa","barley",0
51109,"Virginia","Louisa","corn",0
51109,"Virginia","Louisa","grain sorghum",0
51109,"Virginia","Louisa","oats",0
51109,"Virginia","Louisa","peanuts",0
51109,"Virginia","Louisa","soybeans",0
51109,"Virginia","Louisa","sunflower",0
51109,"Virginia","Louisa","wheat",0
51111,"Virginia","Lunenburg","barley",1.86617585926282
51111,"Virginia","Lunenburg","corn",264.781195431593
51111,"Virginia","Lunenburg","grain sorghum",1.57604383114305
51111,"Virginia","Lunenburg","oats",3.41743454227503
51111,"Virginia","Lunenburg","soybeans",979.689256736981
51111,"Virginia","Lunenburg","sunflower",4.69751454573812
51111,"Virginia","Lunenburg","wheat",84.4263790530059
51113,"Virginia","Madison","barley",0
51113,"Virginia","Madison","corn",0
51113,"Virginia","Madison","grain sorghum",0
51113,"Virginia","Madison","oats",0
51113,"Virginia","Madison","soybeans",0
51113,"Virginia","Madison","wheat",0
51115,"Virginia","Mathews","corn",0
51115,"Virginia","Mathews","soybeans",0
51115,"Virginia","Mathews","sunflower",0
51115,"Virginia","Mathews","wheat",0
51117,"Virginia","Mecklenburg","barley",11.6258631256743
51117,"Virginia","Mecklenburg","corn",1168.42938156086
51117,"Virginia","Mecklenburg","grain sorghum",152.263879460549
51117,"Virginia","Mecklenburg","oats",309.165330690851
51117,"Virginia","Mecklenburg","soybeans",8179.36811843567
51117,"Virginia","Mecklenburg","sunflower",4.41722923085707
51117,"Virginia","Mecklenburg","wheat",1418.89019082887
51119,"Virginia","Middlesex","barley",4.64113632098503
51119,"Virginia","Middlesex","corn",262.188164358562
51119,"Virginia","Middlesex","oats",1.3531472686671
51119,"Virginia","Middlesex","soybeans",297.320212346737
51119,"Virginia","Middlesex","wheat",113.160859705049
51121,"Virginia","Montgomery, Radford City","barley",60.3008441097532
51121,"Virginia","Montgomery, Radford City","corn",1597.11563560417
51121,"Virginia","Montgomery, Radford City","oats",117.068840170766
51121,"Virginia","Montgomery, Radford City","soybeans",87.8092795325768
51121,"Virginia","Montgomery, Radford City","sunflower",9.64217244482002
51121,"Virginia","Montgomery, Radford City","wheat",671.947228137917
51125,"Virginia","Nelson","corn",550.770922986536
51125,"Virginia","Nelson","soybeans",310.320809447102
51125,"Virginia","Nelson","wheat",12.5779342330291
51127,"Virginia","New Kent","barley",0
51127,"Virginia","New Kent","corn",0
51127,"Virginia","New Kent","cotton",0
51127,"Virginia","New Kent","grain sorghum",0
51127,"Virginia","New Kent","oats",0
51127,"Virginia","New Kent","soybeans",0
51127,"Virginia","New Kent","sunflower",0
51127,"Virginia","New Kent","wheat",0
51131,"Virginia","Northampton","barley",8.29986296988778
51131,"Virginia","Northampton","corn",345.654243755912
51131,"Virginia","Northampton","cotton",56.7295063162189
51131,"Virginia","Northampton","grain sorghum",2.18513586304886
51131,"Virginia","Northampton","rapeseed",14.5036395006127
51131,"Virginia","Northampton","soybeans",964.417407940165
51131,"Virginia","Northampton","wheat",437.896203654157
51133,"Virginia","Northumberland","barley",0
51133,"Virginia","Northumberland","canola",0
51133,"Virginia","Northumberland","corn",0
51133,"Virginia","Northumberland","oats",0
51133,"Virginia","Northumberland","rapeseed",0
51133,"Virginia","Northumberland","soybeans",0
51133,"Virginia","Northumberland","sunflower",0
51133,"Virginia","Northumberland","wheat",0
51135,"Virginia","Nottoway","barley",33.7232396832259
51135,"Virginia","Nottoway","corn",857.367588069657
51135,"Virginia","Nottoway","grain sorghum",17.6439219755921
51135,"Virginia","Nottoway","oats",23.7125497723183
51135,"Virginia","Nottoway","soybeans",1281.94748991573
51135,"Virginia","Nottoway","sunflower",1.85160268397441
51135,"Virginia","Nottoway","wheat",393.324107899506
51137,"Virginia","Orange","barley",14.1193909271577
51137,"Virginia","Orange","corn",132.310380543543
51137,"Virginia","Orange","grain sorghum",4.21296523343645
51137,"Virginia","Orange","oats",1.95844810006651
51137,"Virginia","Orange","soybeans",154.698524459318
51137,"Virginia","Orange","sunflower",0.343370193392062
51137,"Virginia","Orange","wheat",38.6039205430859
51139,"Virginia","Page","barley",0
51139,"Virginia","Page","corn",0
51139,"Virginia","Page","grain sorghum",0
51139,"Virginia","Page","oats",0
51139,"Virginia","Page","soybeans",0
51139,"Virginia","Page","sunflower",0
51139,"Virginia","Page","wheat",0
51141,"Virginia","Patrick","barley",0
51141,"Virginia","Patrick","corn",0
51141,"Virginia","Patrick","grain sorghum",0
51141,"Virginia","Patrick","soybeans",0
51141,"Virginia","Patrick","sunflower",0
51141,"Virginia","Patrick","wheat",0
51143,"Virginia","Pittsylvania","barley",108.638011465736
51143,"Virginia","Pittsylvania","canola",11.5453446356092
51143,"Virginia","Pittsylvania","corn",860.02807195599
51143,"Virginia","Pittsylvania","grain sorghum",28.5010564628421
51143,"Virginia","Pittsylvania","oats",29.4257442181978
51143,"Virginia","Pittsylvania","soybeans",871.715054655916
51143,"Virginia","Pittsylvania","sunflower",5.69736043057099
51143,"Virginia","Pittsylvania","wheat",618.32481617514
51145,"Virginia","Powhatan","barley",0.490762374824984
51145,"Virginia","Powhatan","corn",98.8659453055174
51145,"Virginia","Powhatan","grain sorghum",6.30237041750245
51145,"Virginia","Powhatan","oats",1.22396136281351
51145,"Virginia","Powhatan","soybeans",123.45078462485
51145,"Virginia","Powhatan","sunflower",1.48455618384558
51145,"Virginia","Powhatan","wheat",15.150619730647
51147,"Virginia","Prince Edward","barley",0
51147,"Virginia","Prince Edward","corn",0
51147,"Virginia","Prince Edward","grain sorghum",0
51147,"Virginia","Prince Edward","oats",0
51147,"Virginia","Prince Edward","soybeans",0
51147,"Virginia","Prince Edward","wheat",0
51149,"Virginia","Prince George","corn",1.99344265677663
51149,"Virginia","Prince George","cotton",0.110273342583061
51149,"Virginia","Prince George","grain sorghum",0.0105137064280719
51149,"Virginia","Prince George","mustard",0.00000292786761288078
51149,"Virginia","Prince George","peanuts",0.0636260234350783
51149,"Virginia","Prince George","soybeans",3.56572992315538
51149,"Virginia","Prince George","sunflower",0.0116015423311486
51149,"Virginia","Prince George","wheat",0.829509877422451
51153,"Virginia","Prince William","barley",0
51153,"Virginia","Prince William","corn",0
51153,"Virginia","Prince William","grain sorghum",0
51153,"Virginia","Prince William","soybeans",0
51153,"Virginia","Prince William","wheat",0
51155,"Virginia","Pulaski","barley",0
51155,"Virginia","Pulaski","corn",0
51155,"Virginia","Pulaski","oats",0
51155,"Virginia","Pulaski","soybeans",0
51155,"Virginia","Pulaski","sunflower",0
51155,"Virginia","Pulaski","wheat",0
51157,"Virginia","Rappahannock","corn",0
51157,"Virginia","Rappahannock","soybeans",0
51157,"Virginia","Rappahannock","wheat",0
51159,"Virginia","Richmond","barley",0
51159,"Virginia","Richmond","canola",0
51159,"Virginia","Richmond","corn",0
51159,"Virginia","Richmond","oats",0
51159,"Virginia","Richmond","rapeseed",0
51159,"Virginia","Richmond","soybeans",0
51159,"Virginia","Richmond","sunflower",0
51159,"Virginia","Richmond","wheat",0
51161,"Virginia","Roanoke, Roanoke City, Salem City","barley",42.7515236976107
51161,"Virginia","Roanoke, Roanoke City, Salem City","corn",129.083142969056
51163,"Virginia","Rockbridge, Buena Vista City, Lexington City","barley",98.8930112879253
51163,"Virginia","Rockbridge, Buena Vista City, Lexington City","corn",3912.52814780307
51163,"Virginia","Rockbridge, Buena Vista City, Lexington City","grain sorghum",39.2474003156402
51163,"Virginia","Rockbridge, Buena Vista City, Lexington City","oats",70.631087603396
51163,"Virginia","Rockbridge, Buena Vista City, Lexington City","soybeans",521.232518824739
51163,"Virginia","Rockbridge, Buena Vista City, Lexington City","wheat",507.76813416523
51165,"Virginia","Rockingham, Harrisonburg City","barley",2266.20293342407
51165,"Virginia","Rockingham, Harrisonburg City","canola",43.1729775036417
51165,"Virginia","Rockingham, Harrisonburg City","corn",26423.3549457366
51165,"Virginia","Rockingham, Harrisonburg City","grain sorghum",73.9963542994942
51165,"Virginia","Rockingham, Harrisonburg City","oats",83.4484708028043
51165,"Virginia","Rockingham, Harrisonburg City","soybeans",10237.7744367805
51165,"Virginia","Rockingham, Harrisonburg City","sunflower",34.7651818847336
51165,"Virginia","Rockingham, Harrisonburg City","wheat",3829.90943290146
51167,"Virginia","Russell","corn",72.4816480132758
51167,"Virginia","Russell","soybeans",1.5628388380996
51167,"Virginia","Russell","wheat",0.707179815291111
51169,"Virginia","Scott","barley",0
51169,"Virginia","Scott","corn",0
51169,"Virginia","Scott","oats",0
51169,"Virginia","Scott","wheat",0
51171,"Virginia","Shenandoah","barley",306.228771046502
51171,"Virginia","Shenandoah","corn",5075.13543575596
51171,"Virginia","Shenandoah","grain sorghum",21.3922183784118
51171,"Virginia","Shenandoah","oats",21.3746066159427
51171,"Virginia","Shenandoah","soybeans",2018.50292294998
51171,"Virginia","Shenandoah","wheat",463.799995253205
51173,"Virginia","Smyth","corn",0
51175,"Virginia","Southampton, Franklin City","corn",14486.9100004363
51175,"Virginia","Southampton, Franklin City","cotton",38610.3559770468
51175,"Virginia","Southampton, Franklin City","grain sorghum",12.4498740745623
51175,"Virginia","Southampton, Franklin City","oats",53.7716635247605
51175,"Virginia","Southampton, Franklin City","peanuts",11575.497798764
51175,"Virginia","Southampton, Franklin City","soybeans",19671.9016690277
51175,"Virginia","Southampton, Franklin City","sunflower",32.7383569431578
51175,"Virginia","Southampton, Franklin City","wheat",2932.1893268494
51177,"Virginia","Spotsylvania, Fredericksburg City","barley",277.086933754029
51177,"Virginia","Spotsylvania, Fredericksburg City","corn",3081.16444143813
51177,"Virginia","Spotsylvania, Fredericksburg City","grain sorghum",59.418626030709
51177,"Virginia","Spotsylvania, Fredericksburg City","oats",9.94950520216686
51177,"Virginia","Spotsylvania, Fredericksburg City","soybeans",4221.64709462032
51177,"Virginia","Spotsylvania, Fredericksburg City","wheat",1175.21091562132
51179,"Virginia","Stafford","barley",6.95520166360383
51179,"Virginia","Stafford","corn",209.204783151175
51179,"Virginia","Stafford","soybeans",242.1072281652
51179,"Virginia","Stafford","wheat",90.6627870200213
51800,"Virginia","Suffolk","corn",8802.00599072867
51800,"Virginia","Suffolk","cotton",14434.681760118
51800,"Virginia","Suffolk","grain sorghum",22.1350472224759
51800,"Virginia","Suffolk","oats",24.004821762186
51800,"Virginia","Suffolk","peanuts",3790.68282358867
51800,"Virginia","Suffolk","soybeans",16855.1061695885
51800,"Virginia","Suffolk","sunflower",46.8077542759009
51800,"Virginia","Suffolk","wheat",2776.32967938228
51181,"Virginia","Surry","barley",0
51181,"Virginia","Surry","chickpeas_small",0
51181,"Virginia","Surry","corn",0
51181,"Virginia","Surry","cotton",0
51181,"Virginia","Surry","grain sorghum",0
51181,"Virginia","Surry","oats",0
51181,"Virginia","Surry","peanuts",0
51181,"Virginia","Surry","soybeans",0
51181,"Virginia","Surry","sunflower",0
51181,"Virginia","Surry","wheat",0
51183,"Virginia","Sussex","corn",1043.57604899668
51183,"Virginia","Sussex","cotton",983.134945891755
51183,"Virginia","Sussex","grain sorghum",35.366278686535
51183,"Virginia","Sussex","oats",9.12648149190868
51183,"Virginia","Sussex","peanuts",261.983460780983
51183,"Virginia","Sussex","soybeans",2585.88810739141
51183,"Virginia","Sussex","sunflower",6.8141087319812
51183,"Virginia","Sussex","wheat",408.088568028744
51185,"Virginia","Tazewell","corn",0
51185,"Virginia","Tazewell","oats",0
51810,"Virginia","Virginia Beach","corn",4534.23716716362
51810,"Virginia","Virginia Beach","cotton",4.05900845701617
51810,"Virginia","Virginia Beach","dry peas",1.01475211425404
51810,"Virginia","Virginia Beach","oats",98.9357942594834
51810,"Virginia","Virginia Beach","peanuts",0.446490930271778
51810,"Virginia","Virginia Beach","soybeans",10955.0507275426
51810,"Virginia","Virginia Beach","sunflower",6.91299877835566
51810,"Virginia","Virginia Beach","wheat",1335.28389408769
51187,"Virginia","Warren","corn",0
51187,"Virginia","Warren","soybeans",0
51187,"Virginia","Warren","wheat",0
51191,"Virginia","Washington, Bristol City","barley",53.5250891298717
51191,"Virginia","Washington, Bristol City","corn",3304.48146449538
51191,"Virginia","Washington, Bristol City","oats",2.37256600752978
51191,"Virginia","Washington, Bristol City","soybeans",5.338273516942
51191,"Virginia","Washington, Bristol City","wheat",5.338273516942
51193,"Virginia","Westmoreland","barley",0
51193,"Virginia","Westmoreland","corn",0
51193,"Virginia","Westmoreland","grain sorghum",0
51193,"Virginia","Westmoreland","oats",0
51193,"Virginia","Westmoreland","rapeseed",0
51193,"Virginia","Westmoreland","soybeans",0
51193,"Virginia","Westmoreland","sunflower",0
51193,"Virginia","Westmoreland","wheat",0
51197,"Virginia","Wythe","barley",8.14418313297593
51197,"Virginia","Wythe","corn",921.361952205664
51197,"Virginia","Wythe","grain sorghum",2.50741043065583
51197,"Virginia","Wythe","oats",37.3892853876152
51197,"Virginia","Wythe","soybeans",5.47519591076872
51197,"Virginia","Wythe","wheat",109.071106265653
51199,"Virginia","York, Poquoson City","corn",54.3832580177489
51199,"Virginia","York, Poquoson City","soybeans",36.8211419822511
53001,"Washington","Adams","barley",0
53001,"Washington","Adams","canola",0
53001,"Washington","Adams","corn",0
53001,"Washington","Adams","dry peas",0
53001,"Washington","Adams","grain sorghum",0
53001,"Washington","Adams","oats",0
53001,"Washington","Adams","soybeans",0
53001,"Washington","Adams","sunflower",0
53001,"Washington","Adams","wheat",0
53003,"Washington","Asotin","barley",0
53003,"Washington","Asotin","canola",0
53003,"Washington","Asotin","corn",0
53003,"Washington","Asotin","dry peas",0
53003,"Washington","Asotin","mustard",0
53003,"Washington","Asotin","oats",0
53003,"Washington","Asotin","wheat",0
53005,"Washington","Benton","barley",0
53005,"Washington","Benton","corn",0
53005,"Washington","Benton","dry peas",0
53005,"Washington","Benton","wheat",0
53007,"Washington","Chelan","wheat",0
53009,"Washington","Clallam","barley",0
53009,"Washington","Clallam","corn",0
53011,"Washington","Clark","barley",0
53011,"Washington","Clark","corn",0
53011,"Washington","Clark","oats",0
53011,"Washington","Clark","wheat",0
53013,"Washington","Columbia","barley",0
53013,"Washington","Columbia","canola",0
53013,"Washington","Columbia","corn",0
53013,"Washington","Columbia","dry peas",0
53013,"Washington","Columbia","lentils",0
53013,"Washington","Columbia","mustard",0
53013,"Washington","Columbia","oats",0
53013,"Washington","Columbia","wheat",0
53015,"Washington","Cowlitz","corn",4.08716467243175
53015,"Washington","Cowlitz","oats",19.7454878205403
53015,"Washington","Cowlitz","wheat",152.885680840361
53017,"Washington","Douglas","barley",0
53017,"Washington","Douglas","canola",0
53017,"Washington","Douglas","corn",0
53017,"Washington","Douglas","dry peas",0
53017,"Washington","Douglas","grain sorghum",0
53017,"Washington","Douglas","oats",0
53017,"Washington","Douglas","sunflower",0
53017,"Washington","Douglas","wheat",0
53019,"Washington","Ferry","barley",0
53019,"Washington","Ferry","oats",0
53019,"Washington","Ferry","wheat",0
53021,"Washington","Franklin","barley",0
53021,"Washington","Franklin","canola",0
53021,"Washington","Franklin","corn",0
53021,"Washington","Franklin","dry peas",0
53021,"Washington","Franklin","flaxseed",0
53021,"Washington","Franklin","grain sorghum",0
53021,"Washington","Franklin","mustard",0
53021,"Washington","Franklin","oats",0
53021,"Washington","Franklin","soybeans",0
53021,"Washington","Franklin","sunflower",0
53021,"Washington","Franklin","wheat",0
53023,"Washington","Garfield","barley",0
53023,"Washington","Garfield","canola",0
53023,"Washington","Garfield","corn",0
53023,"Washington","Garfield","dry peas",0
53023,"Washington","Garfield","oats",0
53023,"Washington","Garfield","wheat",0
53025,"Washington","Grant","barley",0
53025,"Washington","Grant","canola",0
53025,"Washington","Grant","corn",0
53025,"Washington","Grant","dry peas",0
53025,"Washington","Grant","mustard",0
53025,"Washington","Grant","oats",0
53025,"Washington","Grant","soybeans",0
53025,"Washington","Grant","sunflower",0
53025,"Washington","Grant","wheat",0
53027,"Washington","Grays Harbor","barley",0
53027,"Washington","Grays Harbor","dry peas",0
53027,"Washington","Grays Harbor","wheat",0
53029,"Washington","Island","barley",0
53029,"Washington","Island","corn",0
53029,"Washington","Island","oats",0
53029,"Washington","Island","wheat",0
53037,"Washington","Kittitas","barley",0
53037,"Washington","Kittitas","canola",0
53037,"Washington","Kittitas","corn",0
53037,"Washington","Kittitas","dry peas",0
53037,"Washington","Kittitas","oats",0
53037,"Washington","Kittitas","sunflower",0
53037,"Washington","Kittitas","wheat",0
53039,"Washington","Klickitat","barley",0
53039,"Washington","Klickitat","canola",0
53039,"Washington","Klickitat","corn",0
53039,"Washington","Klickitat","oats",0
53039,"Washington","Klickitat","soybeans",0
53039,"Washington","Klickitat","sunflower",0
53039,"Washington","Klickitat","wheat",0
53041,"Washington","Lewis","corn",0
53041,"Washington","Lewis","oats",0
53041,"Washington","Lewis","wheat",0
53043,"Washington","Lincoln","barley",0
53043,"Washington","Lincoln","canola",0
53043,"Washington","Lincoln","chickpeas_small",0
53043,"Washington","Lincoln","corn",0
53043,"Washington","Lincoln","dry peas",0
53043,"Washington","Lincoln","flaxseed",0
53043,"Washington","Lincoln","mustard",0
53043,"Washington","Lincoln","oats",0
53043,"Washington","Lincoln","safflower",0
53043,"Washington","Lincoln","sunflower",0
53043,"Washington","Lincoln","wheat",0
53047,"Washington","Okanogan","barley",0
53047,"Washington","Okanogan","canola",0
53047,"Washington","Okanogan","corn",0
53047,"Washington","Okanogan","grain sorghum",0
53047,"Washington","Okanogan","oats",0
53047,"Washington","Okanogan","sunflower",0
53047,"Washington","Okanogan","wheat",0
53051,"Washington","Pend Oreille","barley",2.41675564846184
53051,"Washington","Pend Oreille","canola",1.78921798537527
53051,"Washington","Pend Oreille","dry peas",1.78410045091585
53051,"Washington","Pend Oreille","oats",4.52773861297324
53051,"Washington","Pend Oreille","sunflower",6.20181207301153
53051,"Washington","Pend Oreille","wheat",9.90370856259561
53053,"Washington","Pierce","corn",10.1274527134524
53053,"Washington","Pierce","oats",1.17254728654764
53055,"Washington","San Juan","barley",16.2733333333333
53057,"Washington","Skagit","barley",70.5403631782378
53057,"Washington","Skagit","corn",204.676867035367
53057,"Washington","Skagit","oats",1.42035611481665
53057,"Washington","Skagit","wheat",32.851213671578
53061,"Washington","Snohomish, North King","barley",338.068075784269
53061,"Washington","Snohomish, North King","canola",60.0553323499551
53061,"Washington","Snohomish, North King","corn",2981.47277734358
53061,"Washington","Snohomish, North King","oats",43.6510192027363
53061,"Washington","Snohomish, North King","wheat",211.469128652789
53033,"Washington","South King","corn",6.16721872900068
53033,"Washington","South King","grain sorghum",0.385571661706826
53033,"Washington","South King","oats",1.28742377843909
53033,"Washington","South King","wheat",0.192785830853413
53063,"Washington","Spokane","barley",0
53063,"Washington","Spokane","canola",0
53063,"Washington","Spokane","chickpeas_small",0
53063,"Washington","Spokane","corn",0
53063,"Washington","Spokane","dry peas",0
53063,"Washington","Spokane","flaxseed",0
53063,"Washington","Spokane","lentils",0
53063,"Washington","Spokane","mustard",0
53063,"Washington","Spokane","oats",0
53063,"Washington","Spokane","soybeans",0
53063,"Washington","Spokane","sunflower",0
53063,"Washington","Spokane","wheat",0
53065,"Washington","Stevens","barley",0
53065,"Washington","Stevens","canola",0
53065,"Washington","Stevens","corn",0
53065,"Washington","Stevens","dry peas",0
53065,"Washington","Stevens","oats",0
53065,"Washington","Stevens","sunflower",0
53065,"Washington","Stevens","wheat",0
53071,"Washington","Walla Walla","barley",0
53071,"Washington","Walla Walla","canola",0
53071,"Washington","Walla Walla","chickpeas_large",0
53071,"Washington","Walla Walla","chickpeas_small",0
53071,"Washington","Walla Walla","corn",0
53071,"Washington","Walla Walla","cotton",0
53071,"Washington","Walla Walla","dry peas",0
53071,"Washington","Walla Walla","flaxseed",0
53071,"Washington","Walla Walla","grain sorghum",0
53071,"Washington","Walla Walla","oats",0
53071,"Washington","Walla Walla","safflower",0
53071,"Washington","Walla Walla","soybeans",0
53071,"Washington","Walla Walla","sunflower",0
53071,"Washington","Walla Walla","wheat",0
53073,"Washington","Whatcom","barley",26.1231809072548
53073,"Washington","Whatcom","corn",2140.19945505325
53073,"Washington","Whatcom","oats",30.1111975587135
53073,"Washington","Whatcom","wheat",55.0843331474444
53075,"Washington","Whitman","barley",0
53075,"Washington","Whitman","canola",0
53075,"Washington","Whitman","corn",0
53075,"Washington","Whitman","dry peas",0
53075,"Washington","Whitman","lentils",0
53075,"Washington","Whitman","mustard",0
53075,"Washington","Whitman","oats",0
53075,"Washington","Whitman","soybeans",0
53075,"Washington","Whitman","sunflower",0
53075,"Washington","Whitman","wheat",0
53077,"Washington","Yakima","barley",22.4185553975216
53077,"Washington","Yakima","corn",5088.50519219574
53077,"Washington","Yakima","grain sorghum",37.024500435327
53077,"Washington","Yakima","oats",28.3916081200626
53077,"Washington","Yakima","wheat",1663.60764385135
54001,"West Virginia","Barbour","corn",0
54001,"West Virginia","Barbour","soybeans",0
54003,"West Virginia","Berkeley","barley",60.344100857262
54003,"West Virginia","Berkeley","corn",1178.17766613937
54003,"West Virginia","Berkeley","grain sorghum",9.38018176166148
54003,"West Virginia","Berkeley","oats",7.28412930733535
54003,"West Virginia","Berkeley","soybeans",718.202425323024
54003,"West Virginia","Berkeley","sunflower",5.83817700716556
54003,"West Virginia","Berkeley","wheat",189.828319604179
54005,"West Virginia","Boone","corn",42.9163886593679
54005,"West Virginia","Boone","sunflower",1.9461113406321
54007,"West Virginia","Braxton","barley",85.4148350466045
54007,"West Virginia","Braxton","corn",652.142265580826
54007,"West Virginia","Braxton","soybeans",598.829172705903
54009,"West Virginia","Brooke","corn",0
54009,"West Virginia","Brooke","oats",0
54009,"West Virginia","Brooke","soybeans",0
54011,"West Virginia","Cabell","corn",0
54011,"West Virginia","Cabell","grain sorghum",0
54019,"West Virginia","Fayette","corn",0
54019,"West Virginia","Fayette","sunflower",0
54021,"West Virginia","Gilmer","corn",95.685
54023,"West Virginia","Grant","barley",0
54023,"West Virginia","Grant","corn",0
54025,"West Virginia","Greenbrier","barley",0
54025,"West Virginia","Greenbrier","corn",0
54025,"West Virginia","Greenbrier","oats",0
54025,"West Virginia","Greenbrier","rapeseed",0
54025,"West Virginia","Greenbrier","soybeans",0
54025,"West Virginia","Greenbrier","sunflower",0
54025,"West Virginia","Greenbrier","wheat",0
54027,"West Virginia","Hampshire","barley",0
54027,"West Virginia","Hampshire","corn",0
54027,"West Virginia","Hampshire","oats",0
54027,"West Virginia","Hampshire","soybeans",0
54027,"West Virginia","Hampshire","sunflower",0
54027,"West Virginia","Hampshire","wheat",0
54029,"West Virginia","Hancock","soybeans",0
54031,"West Virginia","Hardy","barley",0
54031,"West Virginia","Hardy","corn",0
54031,"West Virginia","Hardy","grain sorghum",0
54031,"West Virginia","Hardy","soybeans",0
54031,"West Virginia","Hardy","wheat",0
54033,"West Virginia","Harrison","corn",0
54035,"West Virginia","Jackson","corn",0
54035,"West Virginia","Jackson","oats",0
54035,"West Virginia","Jackson","soybeans",0
54035,"West Virginia","Jackson","wheat",0
54037,"West Virginia","Jefferson","barley",0
54037,"West Virginia","Jefferson","corn",0
54037,"West Virginia","Jefferson","oats",0
54037,"West Virginia","Jefferson","soybeans",0
54037,"West Virginia","Jefferson","sunflower",0
54037,"West Virginia","Jefferson","wheat",0
54039,"West Virginia","Kanawha","corn",0
54041,"West Virginia","Lewis","corn",0
54043,"West Virginia","Lincoln","corn",0
54049,"West Virginia","Marion","corn",0
54049,"West Virginia","Marion","oats",0
54049,"West Virginia","Marion","soybeans",0
54049,"West Virginia","Marion","wheat",0
54053,"West Virginia","Mason","barley",0
54053,"West Virginia","Mason","corn",0
54053,"West Virginia","Mason","grain sorghum",0
54053,"West Virginia","Mason","oats",0
54053,"West Virginia","Mason","soybeans",0
54053,"West Virginia","Mason","sunflower",0
54053,"West Virginia","Mason","wheat",0
54055,"West Virginia","Mercer, McDowell","corn",86.135
54057,"West Virginia","Mineral","barley",0
54057,"West Virginia","Mineral","corn",0
54057,"West Virginia","Mineral","oats",0
54057,"West Virginia","Mineral","soybeans",0
54057,"West Virginia","Mineral","wheat",0
54061,"West Virginia","Monongalia","corn",0
54063,"West Virginia","Monroe","barley",0
54063,"West Virginia","Monroe","corn",0
54063,"West Virginia","Monroe","grain sorghum",0
54063,"West Virginia","Monroe","oats",0
54063,"West Virginia","Monroe","soybeans",0
54063,"West Virginia","Monroe","sunflower",0
54063,"West Virginia","Monroe","wheat",0
54065,"West Virginia","Morgan","barley",0
54065,"West Virginia","Morgan","corn",0
54065,"West Virginia","Morgan","oats",0
54065,"West Virginia","Morgan","soybeans",0
54065,"West Virginia","Morgan","wheat",0
54067,"West Virginia","Nicholas","corn",0
54069,"West Virginia","Ohio","corn",0
54069,"West Virginia","Ohio","oats",0
54069,"West Virginia","Ohio","soybeans",0
54069,"West Virginia","Ohio","wheat",0
54071,"West Virginia","Pendleton","barley",0
54071,"West Virginia","Pendleton","corn",0
54071,"West Virginia","Pendleton","grain sorghum",0
54071,"West Virginia","Pendleton","oats",0
54071,"West Virginia","Pendleton","soybeans",0
54071,"West Virginia","Pendleton","wheat",0
54073,"West Virginia","Pleasants","corn",43.0658607121677
54073,"West Virginia","Pleasants","soybeans",40.2661392878323
54075,"West Virginia","Pocahontas","barley",0
54075,"West Virginia","Pocahontas","corn",0
54075,"West Virginia","Pocahontas","oats",0
54075,"West Virginia","Pocahontas","soybeans",0
54075,"West Virginia","Pocahontas","wheat",0
54077,"West Virginia","Preston","barley",12.7813393688336
54077,"West Virginia","Preston","corn",536.439001751801
54077,"West Virginia","Preston","oats",43.6167146926965
54077,"West Virginia","Preston","soybeans",258.888375479193
54077,"West Virginia","Preston","sunflower",0.52020744841084
54077,"West Virginia","Preston","wheat",36.770694592398
54079,"West Virginia","Putnam","corn",0
54079,"West Virginia","Putnam","soybeans",0
54079,"West Virginia","Putnam","sunflower",0
54081,"West Virginia","Raleigh","corn",0
54081,"West Virginia","Raleigh","grain sorghum",0
54083,"West Virginia","Randolph","corn",0
54083,"West Virginia","Randolph","oats",0
54083,"West Virginia","Randolph","soybeans",0
54085,"West Virginia","Ritchie","corn",0
54087,"West Virginia","Roane","corn",0
54089,"West Virginia","Summers","corn",0
54089,"West Virginia","Summers","oats",0
54091,"West Virginia","Taylor","corn",0
54093,"West Virginia","Tucker","corn",0
54093,"West Virginia","Tucker","oats",0
54095,"West Virginia","Tyler","corn",0
54097,"West Virginia","Upshur","corn",0
54099,"West Virginia","Wayne","corn",0
54099,"West Virginia","Wayne","soybeans",0
54101,"West Virginia","Webster","corn",56.36
54105,"West Virginia","Wirt","corn",10.9989562049346
54105,"West Virginia","Wirt","soybeans",3.5807820893046
54105,"West Virginia","Wirt","wheat",10.0675950390941
54107,"West Virginia","Wood","corn",0
54107,"West Virginia","Wood","oats",0
54107,"West Virginia","Wood","soybeans",0
54107,"West Virginia","Wood","wheat",0
54109,"West Virginia","Wyoming","corn",0
55001,"Wisconsin","Adams","barley",9.3143664735674
55001,"Wisconsin","Adams","corn",9734.0613516616
55001,"Wisconsin","Adams","oats",174.547248207567
55001,"Wisconsin","Adams","soybeans",3883.37076068422
55001,"Wisconsin","Adams","sunflower",16.7829316783364
55001,"Wisconsin","Adams","wheat",144.240892628048
55003,"Wisconsin","Ashland","barley",9.55613346479079
55003,"Wisconsin","Ashland","corn",1414.28229804951
55003,"Wisconsin","Ashland","oats",111.893944020939
55003,"Wisconsin","Ashland","safflower",1.52304191514313
55003,"Wisconsin","Ashland","soybeans",349.742181687237
55003,"Wisconsin","Ashland","sunflower",7.95036364617888
55003,"Wisconsin","Ashland","wheat",6.86853721620257
55005,"Wisconsin","Barron","barley",189.936652699549
55005,"Wisconsin","Barron","canola",88.1586810992516
55005,"Wisconsin","Barron","corn",33367.8068375672
55005,"Wisconsin","Barron","grain sorghum",0.96121167340208
55005,"Wisconsin","Barron","oats",780.384462964492
55005,"Wisconsin","Barron","soybeans",19432.681046873
55005,"Wisconsin","Barron","sunflower",22.8344170056688
55005,"Wisconsin","Barron","wheat",1413.22023678411
55007,"Wisconsin","Bayfield","barley",0
55007,"Wisconsin","Bayfield","corn",0
55007,"Wisconsin","Bayfield","oats",0
55007,"Wisconsin","Bayfield","soybeans",0
55007,"Wisconsin","Bayfield","sunflower",0
55007,"Wisconsin","Bayfield","wheat",0
55009,"Wisconsin","Brown","barley",15.1617153475416
55009,"Wisconsin","Brown","corn",5360.90230695597
55009,"Wisconsin","Brown","grain sorghum",1.1325396386254
55009,"Wisconsin","Brown","oats",347.297733992048
55009,"Wisconsin","Brown","soybeans",1632.87354099682
55009,"Wisconsin","Brown","sunflower",1.48773079214374
55009,"Wisconsin","Brown","wheat",609.896932276846
55011,"Wisconsin","Buffalo","barley",130.413600026167
55011,"Wisconsin","Buffalo","corn",10970.927828074
55011,"Wisconsin","Buffalo","dry peas",6.70365388504332
55011,"Wisconsin","Buffalo","grain sorghum",4.40174610788828
55011,"Wisconsin","Buffalo","oats",551.338738566444
55011,"Wisconsin","Buffalo","soybeans",4838.70040526596
55011,"Wisconsin","Buffalo","sunflower",9.29923592433138
55011,"Wisconsin","Buffalo","wheat",75.4261254834557
55013,"Wisconsin","Burnett","barley",0.317426299818602
55013,"Wisconsin","Burnett","corn",140.888652874333
55013,"Wisconsin","Burnett","dry peas",0.1081981422475
55013,"Wisconsin","Burnett","oats",6.78988785822804
55013,"Wisconsin","Burnett","soybeans",87.010479077796
55013,"Wisconsin","Burnett","sunflower",2.99782428762302
55013,"Wisconsin","Burnett","wheat",1.67153145995317
55015,"Wisconsin","Calumet","barley",45.0474258376627
55015,"Wisconsin","Calumet","corn",7566.81537327604
55015,"Wisconsin","Calumet","grain sorghum",34.0251934948757
55015,"Wisconsin","Calumet","oats",277.947438522039
55015,"Wisconsin","Calumet","soybeans",4127.92245034769
55015,"Wisconsin","Calumet","sunflower",0.345682036861741
55015,"Wisconsin","Calumet","wheat",1418.5038531515
55017,"Wisconsin","Chippewa","barley",227.340596372026
55017,"Wisconsin","Chippewa","corn",20966.6894555475
55017,"Wisconsin","Chippewa","grain sorghum",27.733827720714
55017,"Wisconsin","Chippewa","oats",784.632536598
55017,"Wisconsin","Chippewa","rice_short/medium grain",0.0473044791552105
55017,"Wisconsin","Chippewa","soybeans",12969.3631872902
55017,"Wisconsin","Chippewa","sunflower",5.62923301947005
55017,"Wisconsin","Chippewa","wheat",309.504692306295
55019,"Wisconsin","Clark","barley",3.26245041889195
55019,"Wisconsin","Clark","corn",870.798797899795
55019,"Wisconsin","Clark","grain sorghum",0.334543989773239
55019,"Wisconsin","Clark","oats",53.618773476023
55019,"Wisconsin","Clark","soybeans",476.149454733573
55019,"Wisconsin","Clark","sunflower",0.0507810975340968
55019,"Wisconsin","Clark","wheat",23.4796983844216
55021,"Wisconsin","Columbia","barley",2.54715577447893
55021,"Wisconsin","Columbia","corn",5711.03893093239
55021,"Wisconsin","Columbia","oats",56.5301657594939
55021,"Wisconsin","Columbia","soybeans",2266.62581109885
55021,"Wisconsin","Columbia","sunflower",0.268440047481081
55021,"Wisconsin","Columbia","wheat",274.970229720632
55023,"Wisconsin","Crawford","barley",17.4883704274872
55023,"Wisconsin","Crawford","corn",8693.70399242135
55023,"Wisconsin","Crawford","dry peas",7.32785965197706
55023,"Wisconsin","Crawford","oats",747.252824677969
55023,"Wisconsin","Crawford","soybeans",5025.10536445496
55023,"Wisconsin","Crawford","wheat",232.249321699593
55025,"Wisconsin","Dane","barley",4.44238238385355
55025,"Wisconsin","Dane","canola",0.305126599059245
55025,"Wisconsin","Dane","corn",3437.51738856753
55025,"Wisconsin","Dane","oats",46.936327203216
55025,"Wisconsin","Dane","soybeans",1535.77655843759
55025,"Wisconsin","Dane","sunflower",1.73167681257857
55025,"Wisconsin","Dane","wheat",189.351299996192
55027,"Wisconsin","Dodge","barley",44.8899912892596
55027,"Wisconsin","Dodge","corn",17785.197431739
55027,"Wisconsin","Dodge","grain sorghum",6.78765584672205
55027,"Wisconsin","Dodge","oats",397.203826680733
55027,"Wisconsin","Dodge","soybeans",9413.71093443617
55027,"Wisconsin","Dodge","sunflower",1.46840985080206
55027,"Wisconsin","Dodge","wheat",1483.65493682398
55029,"Wisconsin","Door","barley",107.372123428184
55029,"Wisconsin","Door","corn",8925.7223421633
55029,"Wisconsin","Door","dry peas",17.6889440143959
55029,"Wisconsin","Door","oats",1128.08281927328
55029,"Wisconsin","Door","soybeans",4430.41350522484
55029,"Wisconsin","Door","wheat",2615.43889922934
55031,"Wisconsin","Douglas","corn",0
55031,"Wisconsin","Douglas","oats",0
55031,"Wisconsin","Douglas","soybeans",0
55031,"Wisconsin","Douglas","wheat",0
55033,"Wisconsin","Dunn","barley",233.836653810934
55033,"Wisconsin","Dunn","corn",39962.7513755357
55033,"Wisconsin","Dunn","dry peas",0.748853232400268
55033,"Wisconsin","Dunn","oats",1600.00903786094
55033,"Wisconsin","Dunn","soybeans",24521.3880319925
55033,"Wisconsin","Dunn","sunflower",147.645923250837
55033,"Wisconsin","Dunn","wheat",220.874917650104
55035,"Wisconsin","Eau Claire","barley",37.3338879490112
55035,"Wisconsin","Eau Claire","canola",10.5808859052109
55035,"Wisconsin","Eau Claire","corn",9459.506124383
55035,"Wisconsin","Eau Claire","grain sorghum",3.61158061240363
55035,"Wisconsin","Eau Claire","oats",436.278084681108
55035,"Wisconsin","Eau Claire","soybeans",5903.52337427637
55035,"Wisconsin","Eau Claire","sunflower",125.514052456063
55035,"Wisconsin","Eau Claire","wheat",107.448043070166
55037,"Wisconsin","Florence","barley",0
55037,"Wisconsin","Florence","corn",0
55037,"Wisconsin","Florence","oats",0
55037,"Wisconsin","Florence","rapeseed",0
55037,"Wisconsin","Florence","soybeans",0
55037,"Wisconsin","Florence","wheat",0
55039,"Wisconsin","Fond du Lac","barley",43.5227843147274
55039,"Wisconsin","Fond du Lac","corn",19210.3420812313
55039,"Wisconsin","Fond du Lac","grain sorghum",33.7752040788811
55039,"Wisconsin","Fond du Lac","oats",429.617696582818
55039,"Wisconsin","Fond du Lac","soybeans",8797.89061910894
55039,"Wisconsin","Fond du Lac","sunflower",6.99884563476244
55039,"Wisconsin","Fond du Lac","wheat",2163.3509940486
55041,"Wisconsin","Forest","barley",107.828415272063
55041,"Wisconsin","Forest","corn",273.927928810503
55041,"Wisconsin","Forest","oats",113.536631965046
55041,"Wisconsin","Forest","soybeans",133.209953677696
55041,"Wisconsin","Forest","wheat",53.7936036080254
55043,"Wisconsin","Grant","barley",93.0605186710609
55043,"Wisconsin","Grant","corn",20511.0830261858
55043,"Wisconsin","Grant","grain sorghum",0.122228901320168
55043,"Wisconsin","Grant","oats",1505.41748818772
55043,"Wisconsin","Grant","soybeans",9924.42098827028
55043,"Wisconsin","Grant","sunflower",0.878973549713386
55043,"Wisconsin","Grant","wheat",366.255276234087
55045,"Wisconsin","Green","barley",52.1411450089647
55045,"Wisconsin","Green","corn",20708.7304702012
55045,"Wisconsin","Green","oats",761.392102544223
55045,"Wisconsin","Green","soybeans",11341.710589232
55045,"Wisconsin","Green","sunflower",1.91588376152048
55045,"Wisconsin","Green","wheat",891.965475918802
55047,"Wisconsin","Green Lake","barley",23.4394543656466
55047,"Wisconsin","Green Lake","corn",8855.98214768821
55047,"Wisconsin","Green Lake","oats",178.005992371275
55047,"Wisconsin","Green Lake","soybeans",3204.71814741572
55047,"Wisconsin","Green Lake","sunflower",1.45193770011137
55047,"Wisconsin","Green Lake","wheat",546.654387125693
55049,"Wisconsin","Iowa","barley",40.7521426581178
55049,"Wisconsin","Iowa","corn",12910.3678780886
55049,"Wisconsin","Iowa","dry peas",20.2743457007156
55049,"Wisconsin","Iowa","grain sorghum",4.62291953401476
55049,"Wisconsin","Iowa","oats",841.695790811179
55049,"Wisconsin","Iowa","soybeans",7661.20743409371
55049,"Wisconsin","Iowa","sunflower",0.840470968156644
55049,"Wisconsin","Iowa","wheat",284.092684812228
55051,"Wisconsin","Iron","barley",1.07781575753064
55051,"Wisconsin","Iron","corn",473.579310069873
55051,"Wisconsin","Iron","oats",43.8703347787697
55051,"Wisconsin","Iron","soybeans",1.61672363629596
55051,"Wisconsin","Iron","sunflower",1.07781575753064
55053,"Wisconsin","Jackson","barley",27.4373222862538
55053,"Wisconsin","Jackson","corn",12245.7164052284
55053,"Wisconsin","Jackson","dry peas",15.9413133231596
55053,"Wisconsin","Jackson","grain sorghum",12.5547626368321
55053,"Wisconsin","Jackson","oats",692.15199568942
55053,"Wisconsin","Jackson","rapeseed",0.12001643418418
55053,"Wisconsin","Jackson","soybeans",7591.92888828882
55053,"Wisconsin","Jackson","sunflower",10.3657672394293
55053,"Wisconsin","Jackson","wheat",91.7463022068049
55055,"Wisconsin","Jefferson","barley",0.731220417306203
55055,"Wisconsin","Jefferson","corn",1560.45962757697
55055,"Wisconsin","Jefferson","oats",17.7229749403256
55055,"Wisconsin","Jefferson","soybeans",943.700520290846
55055,"Wisconsin","Jefferson","sunflower",0.0172078855657249
55055,"Wisconsin","Jefferson","wheat",98.1825355556624
55057,"Wisconsin","Juneau","barley",18.3273030305581
55057,"Wisconsin","Juneau","corn",7552.41271827746
55057,"Wisconsin","Juneau","dry peas",47.9632989624417
55057,"Wisconsin","Juneau","grain sorghum",0.394004904625125
55057,"Wisconsin","Juneau","oats",287.320179242735
55057,"Wisconsin","Juneau","soybeans",5290.38126681893
55057,"Wisconsin","Juneau","wheat",240.043062096572
55059,"Wisconsin","Kenosha","barley",0.035120853196724
55059,"Wisconsin","Kenosha","corn",79.1768986680645
55059,"Wisconsin","Kenosha","grain sorghum",0.0121588309913052
55059,"Wisconsin","Kenosha","oats",0.687094141751875
55059,"Wisconsin","Kenosha","soybeans",62.3273304369918
55059,"Wisconsin","Kenosha","sunflower",0.00559026712243916
55059,"Wisconsin","Kenosha","wheat",9.27430346853068
55061,"Wisconsin","Kewaunee","barley",53.5327396317605
55061,"Wisconsin","Kewaunee","corn",12124.4565260643
55061,"Wisconsin","Kewaunee","dry peas",0.0220666208971955
55061,"Wisconsin","Kewaunee","oats",1201.17797257729
55061,"Wisconsin","Kewaunee","safflower",1.62520662907845
55061,"Wisconsin","Kewaunee","soybeans",2808.76511100119
55061,"Wisconsin","Kewaunee","sunflower",24.7680166274302
55061,"Wisconsin","Kewaunee","wheat",2142.15606084804
55063,"Wisconsin","La Crosse","barley",5.71655505050005
55063,"Wisconsin","La Crosse","corn",4848.73656020253
55063,"Wisconsin","La Crosse","grain sorghum",4.27394539979545
55063,"Wisconsin","La Crosse","oats",265.076461751497
55063,"Wisconsin","La Crosse","soybeans",2738.84340691024
55063,"Wisconsin","La Crosse","wheat",19.6950506854471
55065,"Wisconsin","Lafayette","barley",27.3358085675782
55065,"Wisconsin","Lafayette","corn",11875.9311787049
55065,"Wisconsin","Lafayette","oats",490.515175588859
55065,"Wisconsin","Lafayette","soybeans",5349.3018483772
55065,"Wisconsin","Lafayette","sunflower",5.5245621745763
55065,"Wisconsin","Lafayette","wheat",208.588259920177
55067,"Wisconsin","Langlade","barley",227.499888708248
55067,"Wisconsin","Langlade","corn",6012.20011998723
55067,"Wisconsin","Langlade","grain sorghum",30.0040179774645
55067,"Wisconsin","Langlade","oats",3615.89095633814
55067,"Wisconsin","Langlade","soybeans",1876.59755264769
55067,"Wisconsin","Langlade","sunflower",25.5103185060547
55067,"Wisconsin","Langlade","wheat",668.971745835179
55069,"Wisconsin","Lincoln","barley",84.0921254398793
55069,"Wisconsin","Lincoln","corn",4187.62846775982
55069,"Wisconsin","Lincoln","grain sorghum",3.86248021545635
55069,"Wisconsin","Lincoln","oats",611.062693961373
55069,"Wisconsin","Lincoln","soybeans",2485.88358693689
55069,"Wisconsin","Lincoln","wheat",143.795171686581
55071,"Wisconsin","Manitowoc","barley",70.3669868224565
55071,"Wisconsin","Manitowoc","corn",10298.7507850481
55071,"Wisconsin","Manitowoc","dry peas",7.34860164510408
55071,"Wisconsin","Manitowoc","grain sorghum",4.73197356028095
55071,"Wisconsin","Manitowoc","oats",882.132351564191
55071,"Wisconsin","Manitowoc","soybeans",3789.56589121097
55071,"Wisconsin","Manitowoc","wheat",1810.69041014886
55073,"Wisconsin","Marathon","barley",229.708480069131
55073,"Wisconsin","Marathon","canola",24.2850291038385
55073,"Wisconsin","Marathon","corn",38109.2186324255
55073,"Wisconsin","Marathon","dry peas",4.0314405110703
55073,"Wisconsin","Marathon","grain sorghum",1.61233996414033
55073,"Wisconsin","Marathon","oats",2768.9564669218
55073,"Wisconsin","Marathon","soybeans",18399.5509539536
55073,"Wisconsin","Marathon","sunflower",50.1363313156992
55073,"Wisconsin","Marathon","wheat",1031.45320906849
55075,"Wisconsin","Marinette","barley",26.8844737965079
55075,"Wisconsin","Marinette","canola",4.64145704150401
55075,"Wisconsin","Marinette","corn",8046.4951878362
55075,"Wisconsin","Marinette","oats",327.381898929799
55075,"Wisconsin","Marinette","soybeans",1865.53022383042
55075,"Wisconsin","Marinette","sunflower",12.048126434909
55075,"Wisconsin","Marinette","wheat",347.698052130665
55077,"Wisconsin","Marquette","barley",10.9267931354467
55077,"Wisconsin","Marquette","corn",4634.33070860082
55077,"Wisconsin","Marquette","oats",113.343807995168
55077,"Wisconsin","Marquette","soybeans",2035.48554128747
55077,"Wisconsin","Marquette","sunflower",2.4477667730836
55077,"Wisconsin","Marquette","wheat",86.6026488746719
55078,"Wisconsin","Menominee","corn",59.2790057009514
55078,"Wisconsin","Menominee","oats",6.48925269789984
55078,"Wisconsin","Menominee","soybeans",11.1828416011488
55079,"Wisconsin","Milwaukee","corn",0
55079,"Wisconsin","Milwaukee","oats",0
55079,"Wisconsin","Milwaukee","soybeans",0
55079,"Wisconsin","Milwaukee","wheat",0
55081,"Wisconsin","Monroe","barley",34.278787781319
55081,"Wisconsin","Monroe","corn",12242.4409338516
55081,"Wisconsin","Monroe","grain sorghum",8.8915709658616
55081,"Wisconsin","Monroe","oats",776.587093174851
55081,"Wisconsin","Monroe","soybeans",5649.1255608498
55081,"Wisconsin","Monroe","sunflower",4.41025737852284
55081,"Wisconsin","Monroe","wheat",83.4072626647366
55083,"Wisconsin","Oconto","barley",18.3492464893489
55083,"Wisconsin","Oconto","corn",9775.21093066848
55083,"Wisconsin","Oconto","oats",294.839266567974
55083,"Wisconsin","Oconto","soybeans",4049.11115903303
55083,"Wisconsin","Oconto","sunflower",11.9280255524846
55083,"Wisconsin","Oconto","wheat",601.291805022002
55085,"Wisconsin","Oneida","barley",39.3884768536016
55085,"Wisconsin","Oneida","corn",441.985625134309
55085,"Wisconsin","Oneida","oats",940.718742725813
55085,"Wisconsin","Oneida","soybeans",293.136208198299
55085,"Wisconsin","Oneida","wheat",171.603047087978
55087,"Wisconsin","Outagamie","barley",6.68751499363332
55087,"Wisconsin","Outagamie","corn",3353.91740477918
55087,"Wisconsin","Outagamie","oats",116.818139637654
55087,"Wisconsin","Outagamie","soybeans",1984.59464010698
55087,"Wisconsin","Outagamie","wheat",189.977767149199
55089,"Wisconsin","Ozaukee","barley",5.94164717498042
55089,"Wisconsin","Ozaukee","corn",519.809443153893
55089,"Wisconsin","Ozaukee","oats",27.1135424888574
55089,"Wisconsin","Ozaukee","rice_short/medium grain",0.0753341145462681
55089,"Wisconsin","Ozaukee","rice_temperate japonica",0.0635730924441081
55089,"Wisconsin","Ozaukee","soybeans",368.790783282532
55089,"Wisconsin","Ozaukee","sunflower",0.12333179934157
55089,"Wisconsin","Ozaukee","wheat",119.788268226743
55091,"Wisconsin","Pepin","barley",35.1963945526952
55091,"Wisconsin","Pepin","corn",6132.2730975304
55091,"Wisconsin","Pepin","oats",186.297675054593
55091,"Wisconsin","Pepin","soybeans",3669.42350118786
55091,"Wisconsin","Pepin","sunflower",2.88259091690948
55091,"Wisconsin","Pepin","wheat",7.7627240908672
55093,"Wisconsin","Pierce","barley",156.212740758311
55093,"Wisconsin","Pierce","corn",13206.7222769289
55093,"Wisconsin","Pierce","grain sorghum",3.47484480379403
55093,"Wisconsin","Pierce","oats",515.566911515448
55093,"Wisconsin","Pierce","soybeans",7449.96509378888
55093,"Wisconsin","Pierce","sunflower",2.60408623774703
55093,"Wisconsin","Pierce","wheat",81.1505793002532
55095,"Wisconsin","Polk","barley",59.4216276259667
55095,"Wisconsin","Polk","canola",0.82746097624306
55095,"Wisconsin","Polk","corn",13888.2754822246
55095,"Wisconsin","Polk","dry peas",6.95894681020414
55095,"Wisconsin","Polk","oats",449.72586804908
55095,"Wisconsin","Polk","soybeans",7550.1258909505
55095,"Wisconsin","Polk","sunflower",18.3307430067125
55095,"Wisconsin","Polk","wheat",297.113930356667
55097,"Wisconsin","Portage","barley",67.3087443635259
55097,"Wisconsin","Portage","corn",39113.6148683796
55097,"Wisconsin","Portage","grain sorghum",2.65582059305066
55097,"Wisconsin","Portage","oats",1511.45183158464
55097,"Wisconsin","Portage","soybeans",10969.9544515412
55097,"Wisconsin","Portage","sunflower",36.1802491161673
55097,"Wisconsin","Portage","wheat",589.533153421845
55099,"Wisconsin","Price","barley",0
55099,"Wisconsin","Price","corn",0
55099,"Wisconsin","Price","oats",0
55099,"Wisconsin","Price","soybeans",0
55099,"Wisconsin","Price","sunflower",0
55099,"Wisconsin","Price","wheat",0
55101,"Wisconsin","Racine","barley",0.613835451882669
55101,"Wisconsin","Racine","corn",1244.962982698
55101,"Wisconsin","Racine","dry peas",0.00968849642204888
55101,"Wisconsin","Racine","grain sorghum",0.0346017729358889
55101,"Wisconsin","Racine","oats",6.99848539046701
55101,"Wisconsin","Racine","soybeans",1162.37348283675
55101,"Wisconsin","Racine","wheat",214.537843353552
55103,"Wisconsin","Richland","barley",7.4867820444757
55103,"Wisconsin","Richland","corn",12693.5578136935
55103,"Wisconsin","Richland","oats",729.106234037346
55103,"Wisconsin","Richland","soybeans",4685.83212634138
55103,"Wisconsin","Richland","sunflower",1.02822436748361
55103,"Wisconsin","Richland","wheat",274.56675284915
55105,"Wisconsin","Rock","barley",5.58379741457663
55105,"Wisconsin","Rock","corn",6904.57856952925
55105,"Wisconsin","Rock","grain sorghum",8.54151923162159
55105,"Wisconsin","Rock","oats",39.6408117786998
55105,"Wisconsin","Rock","soybeans",4247.12999415249
55105,"Wisconsin","Rock","sunflower",12.3428468278266
55105,"Wisconsin","Rock","wheat",239.574181065519
55107,"Wisconsin","Rusk","barley",86.3866544849015
55107,"Wisconsin","Rusk","corn",9214.74935385215
55107,"Wisconsin","Rusk","oats",389.018510416194
55107,"Wisconsin","Rusk","soybeans",5782.99068676618
55107,"Wisconsin","Rusk","sunflower",11.299768876999
55107,"Wisconsin","Rusk","wheat",95.0563589369134
55111,"Wisconsin","Sauk","barley",35.6395981943864
55111,"Wisconsin","Sauk","corn",11532.8617677924
55111,"Wisconsin","Sauk","grain sorghum",0.271728559584056
55111,"Wisconsin","Sauk","oats",523.294593646426
55111,"Wisconsin","Sauk","soybeans",5191.60230292327
55111,"Wisconsin","Sauk","sunflower",3.10889440229993
55111,"Wisconsin","Sauk","wheat",510.880594481663
55113,"Wisconsin","Sawyer","barley",12.2159271074132
55113,"Wisconsin","Sawyer","corn",1955.96483865709
55113,"Wisconsin","Sawyer","oats",125.154780222917
55113,"Wisconsin","Sawyer","rapeseed",1.50992609190862
55113,"Wisconsin","Sawyer","soybeans",553.120468259081
55113,"Wisconsin","Sawyer","wheat",80.0729596615921
55115,"Wisconsin","Shawano","barley",52.4761964158259
55115,"Wisconsin","Shawano","corn",18305.4843086333
55115,"Wisconsin","Shawano","grain sorghum",2.24939448131997
55115,"Wisconsin","Shawano","oats",731.075201516157
55115,"Wisconsin","Shawano","safflower",2.26753475939513
55115,"Wisconsin","Shawano","soybeans",6480.88055093204
55115,"Wisconsin","Shawano","sunflower",61.8787560491337
55115,"Wisconsin","Shawano","wheat",660.258957212867
55117,"Wisconsin","Sheboygan","barley",10.7464935090116
55117,"Wisconsin","Sheboygan","corn",4849.86355427838
55117,"Wisconsin","Sheboygan","dry peas",4.55844409582213
55117,"Wisconsin","Sheboygan","grain sorghum",17.3427131893245
55117,"Wisconsin","Sheboygan","oats",153.673934453528
55117,"Wisconsin","Sheboygan","soybeans",2878.54699086093
55117,"Wisconsin","Sheboygan","wheat",890.70694961299
55109,"Wisconsin","St. Croix","barley",19.2449699489542
55109,"Wisconsin","St. Croix","corn",19169.9078826578
55109,"Wisconsin","St. Croix","oats",629.573233105684
55109,"Wisconsin","St. Croix","soybeans",11469.0151082601
55109,"Wisconsin","St. Croix","sunflower",7.81101158810135
55109,"Wisconsin","St. Croix","wheat",97.7391277727373
55119,"Wisconsin","Taylor","barley",44.3392171078051
55119,"Wisconsin","Taylor","canola",1.55020341045184
55119,"Wisconsin","Taylor","corn",17169.2438767705
55119,"Wisconsin","Taylor","oats",1444.75354311096
55119,"Wisconsin","Taylor","soybeans",10508.8268797117
55119,"Wisconsin","Taylor","sunflower",2.81597622439533
55119,"Wisconsin","Taylor","wheat",393.929803664213
55121,"Wisconsin","Trempealeau","barley",42.6538992421455
55121,"Wisconsin","Trempealeau","canola",4.39967567750178
55121,"Wisconsin","Trempealeau","corn",16806.5267575044
55121,"Wisconsin","Trempealeau","grain sorghum",4.72741963376786
55121,"Wisconsin","Trempealeau","oats",550.793867744473
55121,"Wisconsin","Trempealeau","soybeans",7958.83673970288
55121,"Wisconsin","Trempealeau","sunflower",1.05783506506891
55121,"Wisconsin","Trempealeau","wheat",79.4432220964281
55123,"Wisconsin","Vernon","barley",48.2683601642514
55123,"Wisconsin","Vernon","corn",11587.8757088979
55123,"Wisconsin","Vernon","grain sorghum",0.739822141557891
55123,"Wisconsin","Vernon","oats",902.230356267655
55123,"Wisconsin","Vernon","soybeans",6240.73908949334
55123,"Wisconsin","Vernon","sunflower",1.05929294236609
55123,"Wisconsin","Vernon","wheat",188.382070092903
55125,"Wisconsin","Vilas","barley",0
55125,"Wisconsin","Vilas","oats",0
55127,"Wisconsin","Walworth","barley",3.00126160308869
55127,"Wisconsin","Walworth","canola",0.0036196301727209
55127,"Wisconsin","Walworth","corn",1876.42196435789
55127,"Wisconsin","Walworth","dry peas",0.57244451181581
55127,"Wisconsin","Walworth","grain sorghum",0.181403798822862
55127,"Wisconsin","Walworth","oats",15.1198467648863
55127,"Wisconsin","Walworth","soybeans",1001.15064996504
55127,"Wisconsin","Walworth","sunflower",0.0588189903067146
55127,"Wisconsin","Walworth","wheat",72.7965903779954
55129,"Wisconsin","Washburn","barley",24.8347744881559
55129,"Wisconsin","Washburn","corn",2783.45565936771
55129,"Wisconsin","Washburn","oats",183.12876558359
55129,"Wisconsin","Washburn","soybeans",1732.81781072748
55129,"Wisconsin","Washburn","sunflower",50.4730034794669
55129,"Wisconsin","Washburn","wheat",123.757219686919
55131,"Wisconsin","Washington","barley",10.1670583506654
55131,"Wisconsin","Washington","corn",2081.74645352216
55131,"Wisconsin","Washington","dry peas",8.65379170578082
55131,"Wisconsin","Washington","grain sorghum",0.852908612829887
55131,"Wisconsin","Washington","oats",122.432446800176
55131,"Wisconsin","Washington","soybeans",1422.84876900982
55131,"Wisconsin","Washington","sunflower",0.179627723005082
55131,"Wisconsin","Washington","wheat",297.033824275559
55133,"Wisconsin","Waukesha","barley",0
55133,"Wisconsin","Waukesha","corn",0
55133,"Wisconsin","Waukesha","dry peas",0
55133,"Wisconsin","Waukesha","oats",0
55133,"Wisconsin","Waukesha","soybeans",0
55133,"Wisconsin","Waukesha","sunflower",0
55133,"Wisconsin","Waukesha","wheat",0
55135,"Wisconsin","Waupaca","barley",7.56015390461936
55135,"Wisconsin","Waupaca","corn",3427.55532991713
55135,"Wisconsin","Waupaca","grain sorghum",0.205263793577827
55135,"Wisconsin","Waupaca","oats",108.873386322669
55135,"Wisconsin","Waupaca","soybeans",1630.21013778006
55135,"Wisconsin","Waupaca","sunflower",0.650002012996451
55135,"Wisconsin","Waupaca","wheat",162.480259602253
55137,"Wisconsin","Waushara","barley",6.42617733429801
55137,"Wisconsin","Waushara","corn",8679.92409189151
55137,"Wisconsin","Waushara","mustard",48.313908102174
55137,"Wisconsin","Waushara","oats",158.48501061665
55137,"Wisconsin","Waushara","soybeans",3822.33850683722
55137,"Wisconsin","Waushara","sunflower",23.6353348662671
55137,"Wisconsin","Waushara","wheat",133.919312351884
55139,"Wisconsin","Winnebago","barley",8.64200910577396
55139,"Wisconsin","Winnebago","corn",4434.27030857689
55139,"Wisconsin","Winnebago","grain sorghum",9.94839505661568
55139,"Wisconsin","Winnebago","oats",56.5336071113258
55139,"Wisconsin","Winnebago","soybeans",3248.00440414131
55139,"Wisconsin","Winnebago","sunflower",1.94284811956969
55139,"Wisconsin","Winnebago","wheat",624.991327888503
55141,"Wisconsin","Wood","barley",39.799398769663
55141,"Wisconsin","Wood","corn",5846.2943348461
55141,"Wisconsin","Wood","dry peas",3.88707120477788
55141,"Wisconsin","Wood","oats",286.563610691269
55141,"Wisconsin","Wood","soybeans",3213.41815685915
55141,"Wisconsin","Wood","sunflower",1.66798210208892
55141,"Wisconsin","Wood","wheat",185.182778860287
56003,"Wyoming","Big Horn","barley",6059.07803313422
56003,"Wyoming","Big Horn","canola",25.4979599321367
56003,"Wyoming","Big Horn","corn",3461.18997343598
56003,"Wyoming","Big Horn","dry peas",56.4306278955231
56003,"Wyoming","Big Horn","grain sorghum",78.2641667288413
56003,"Wyoming","Big Horn","mustard",15.1166476740525
56003,"Wyoming","Big Horn","oats",709.819493722231
56003,"Wyoming","Big Horn","soybeans",21.3709329888352
56003,"Wyoming","Big Horn","sunflower",183.945925516139
56003,"Wyoming","Big Horn","wheat",256.983738972033
56005,"Wyoming","Campbell","barley",0
56005,"Wyoming","Campbell","corn",0
56005,"Wyoming","Campbell","oats",0
56005,"Wyoming","Campbell","wheat",0
56007,"Wyoming","Carbon","barley",0
56009,"Wyoming","Converse","barley",0
56009,"Wyoming","Converse","corn",0
56009,"Wyoming","Converse","oats",0
56009,"Wyoming","Converse","wheat",0
56011,"Wyoming","Crook","barley",0
56011,"Wyoming","Crook","corn",0
56011,"Wyoming","Crook","oats",0
56011,"Wyoming","Crook","safflower",0
56011,"Wyoming","Crook","soybeans",0
56011,"Wyoming","Crook","wheat",0
56013,"Wyoming","Fremont","barley",0
56013,"Wyoming","Fremont","corn",0
56013,"Wyoming","Fremont","grain sorghum",0
56013,"Wyoming","Fremont","oats",0
56013,"Wyoming","Fremont","wheat",0
56015,"Wyoming","Goshen","barley",0
56015,"Wyoming","Goshen","corn",0
56015,"Wyoming","Goshen","grain sorghum",0
56015,"Wyoming","Goshen","oats",0
56015,"Wyoming","Goshen","safflower",0
56015,"Wyoming","Goshen","soybeans",0
56015,"Wyoming","Goshen","sunflower",0
56015,"Wyoming","Goshen","wheat",0
56017,"Wyoming","Hot Springs","barley",0
56017,"Wyoming","Hot Springs","corn",0
56017,"Wyoming","Hot Springs","oats",0
56017,"Wyoming","Hot Springs","wheat",0
56019,"Wyoming","Johnson","barley",294.936074168706
56019,"Wyoming","Johnson","corn",33.3086986175353
56019,"Wyoming","Johnson","oats",127.511790174394
56019,"Wyoming","Johnson","wheat",52.7331037060319
56021,"Wyoming","Laramie","barley",0
56021,"Wyoming","Laramie","canola",0
56021,"Wyoming","Laramie","corn",0
56021,"Wyoming","Laramie","dry peas",0
56021,"Wyoming","Laramie","grain sorghum",0
56021,"Wyoming","Laramie","lentils",0
56021,"Wyoming","Laramie","oats",0
56021,"Wyoming","Laramie","safflower",0
56021,"Wyoming","Laramie","soybeans",0
56021,"Wyoming","Laramie","sunflower",0
56021,"Wyoming","Laramie","wheat",0
56023,"Wyoming","Lincoln","barley",0
56023,"Wyoming","Lincoln","oats",0
56023,"Wyoming","Lincoln","wheat",0
56025,"Wyoming","Natrona","barley",0
56025,"Wyoming","Natrona","corn",0
56025,"Wyoming","Natrona","oats",0
56025,"Wyoming","Natrona","wheat",0
56027,"Wyoming","Niobrara","barley",0
56027,"Wyoming","Niobrara","corn",0
56027,"Wyoming","Niobrara","grain sorghum",0
56027,"Wyoming","Niobrara","oats",0
56027,"Wyoming","Niobrara","wheat",0
56029,"Wyoming","Park","barley",1034.3494009884
56029,"Wyoming","Park","corn",408.498183826107
56029,"Wyoming","Park","flaxseed",1.98309679290753
56029,"Wyoming","Park","oats",53.8713628542493
56029,"Wyoming","Park","safflower",16.3885012202526
56029,"Wyoming","Park","soybeans",1.64663571476117
56029,"Wyoming","Park","sunflower",15.8388452326508
56029,"Wyoming","Park","wheat",48.9356400373393
56031,"Wyoming","Platte","barley",0
56031,"Wyoming","Platte","corn",0
56031,"Wyoming","Platte","oats",0
56031,"Wyoming","Platte","sunflower",0
56031,"Wyoming","Platte","wheat",0
56033,"Wyoming","Sheridan","barley",0
56033,"Wyoming","Sheridan","corn",0
56033,"Wyoming","Sheridan","dry peas",0
56033,"Wyoming","Sheridan","lentils",0
56033,"Wyoming","Sheridan","oats",0
56033,"Wyoming","Sheridan","sunflower",0
56033,"Wyoming","Sheridan","wheat",0
56035,"Wyoming","Sublette","barley",180.67
56037,"Wyoming","Sweetwater","barley",0
56037,"Wyoming","Sweetwater","oats",0
56039,"Wyoming","Teton","barley",0
56039,"Wyoming","Teton","wheat",0
56041,"Wyoming","Uinta","oats",2.12
56043,"Wyoming","Washakie","barley",3879.79097855257
56043,"Wyoming","Washakie","corn",1916.88134957361
56043,"Wyoming","Washakie","grain sorghum",36.8484038200484
56043,"Wyoming","Washakie","oats",84.0395835936716
56043,"Wyoming","Washakie","wheat",40.7363511267681
56045,"Wyoming","Weston","barley",0
56045,"Wyoming","Weston","oats",0
56045,"Wyoming","Weston","wheat",0
