"fips","state","county","crop","additional_base_acres"
1001,"Alabama","Autauga","corn",0
1001,"Alabama","Autauga","cotton",0
1001,"Alabama","Autauga","grain sorghum",0
1001,"Alabama","Autauga","oats",0
1001,"Alabama","Autauga","peanuts",0
1001,"Alabama","Autauga","rapeseed",0
1001,"Alabama","Autauga","sesame",0
1001,"Alabama","Autauga","soybeans",0
1001,"Alabama","Autauga","sunflower",0
1001,"Alabama","Autauga","wheat",0
1003,"Alabama","Baldwin","corn",278.739320866713
1003,"Alabama","Baldwin","cotton",460.436453659422
1003,"Alabama","Baldwin","grain sorghum",19.7056268700848
1003,"Alabama","Baldwin","oats",81.0088233791094
1003,"Alabama","Baldwin","peanuts",743.541172052158
1003,"Alabama","Baldwin","soybeans",418.535966792749
1003,"Alabama","Baldwin","wheat",86.5542378249817
1005,"Alabama","Barbour","corn",0
1005,"Alabama","Barbour","cotton",0
1005,"Alabama","Barbour","grain sorghum",0
1005,"Alabama","Barbour","oats",0
1005,"Alabama","Barbour","peanuts",0
1005,"Alabama","Barbour","sesame",0
1005,"Alabama","Barbour","soybeans",0
1005,"Alabama","Barbour","wheat",0
1007,"Alabama","Bibb","corn",0
1007,"Alabama","Bibb","cotton",0
1007,"Alabama","Bibb","soybeans",0
1007,"Alabama","Bibb","wheat",0
1009,"Alabama","Blount","corn",1381.09482700135
1009,"Alabama","Blount","cotton",1519.34478161636
1009,"Alabama","Blount","peanuts",164.86945127512
1009,"Alabama","Blount","soybeans",1856.65623479805
1009,"Alabama","Blount","wheat",158.455346797684
1011,"Alabama","Bullock","corn",0
1011,"Alabama","Bullock","cotton",0
1011,"Alabama","Bullock","grain sorghum",0
1011,"Alabama","Bullock","peanuts",0
1011,"Alabama","Bullock","sesame",0
1011,"Alabama","Bullock","soybeans",0
1011,"Alabama","Bullock","wheat",0
1013,"Alabama","Butler","corn",0
1013,"Alabama","Butler","cotton",0
1013,"Alabama","Butler","grain sorghum",0
1013,"Alabama","Butler","peanuts",0
1013,"Alabama","Butler","soybeans",0
1013,"Alabama","Butler","wheat",0
1015,"Alabama","Calhoun","corn",370.403001801381
1015,"Alabama","Calhoun","cotton",836.943928717504
1015,"Alabama","Calhoun","grain sorghum",8.94347953486091
1015,"Alabama","Calhoun","peanuts",11.8162057993885
1015,"Alabama","Calhoun","soybeans",490.224254444383
1015,"Alabama","Calhoun","wheat",231.195869434811
1017,"Alabama","Chambers","corn",0
1017,"Alabama","Chambers","cotton",0
1017,"Alabama","Chambers","wheat",0
1019,"Alabama","Cherokee","corn",611.24985063348
1019,"Alabama","Cherokee","cotton",4050.85280075403
1019,"Alabama","Cherokee","oats",44.5360365259045
1019,"Alabama","Cherokee","peanuts",22.5249967317163
1019,"Alabama","Cherokee","soybeans",885.147201108419
1019,"Alabama","Cherokee","sunflower",5.43556821249854
1019,"Alabama","Cherokee","wheat",227.139932762316
1021,"Alabama","Chilton","corn",203.622201330361
1021,"Alabama","Chilton","cotton",163.922110335522
1021,"Alabama","Chilton","soybeans",36.4479506604182
1021,"Alabama","Chilton","wheat",24.4831590172414
1023,"Alabama","Choctaw","cotton",175.883392667544
1023,"Alabama","Choctaw","soybeans",73.0366666830863
1025,"Alabama","Clarke","corn",0
1025,"Alabama","Clarke","cotton",0
1025,"Alabama","Clarke","peanuts",0
1027,"Alabama","Clay","corn",413.054557716647
1027,"Alabama","Clay","soybeans",760.15378855774
1029,"Alabama","Cleburne","corn",0
1029,"Alabama","Cleburne","grain sorghum",0
1029,"Alabama","Cleburne","soybeans",0
1029,"Alabama","Cleburne","wheat",0
1031,"Alabama","Coffee","corn",0
1031,"Alabama","Coffee","cotton",0
1031,"Alabama","Coffee","dry peas",0
1031,"Alabama","Coffee","oats",0
1031,"Alabama","Coffee","peanuts",0
1031,"Alabama","Coffee","soybeans",0
1031,"Alabama","Coffee","sunflower",0
1031,"Alabama","Coffee","wheat",0
1033,"Alabama","Colbert","corn",4323.76023654707
1033,"Alabama","Colbert","cotton",2378.23811737127
1033,"Alabama","Colbert","peanuts",4.59818913764192
1033,"Alabama","Colbert","soybeans",4927.09050800329
1033,"Alabama","Colbert","wheat",3824.59985217563
1035,"Alabama","Conecuh","corn",0
1035,"Alabama","Conecuh","cotton",0
1035,"Alabama","Conecuh","grain sorghum",0
1035,"Alabama","Conecuh","oats",0
1035,"Alabama","Conecuh","peanuts",0
1035,"Alabama","Conecuh","soybeans",0
1035,"Alabama","Conecuh","sunflower",0
1035,"Alabama","Conecuh","wheat",0
1039,"Alabama","Covington","barley",0
1039,"Alabama","Covington","corn",0
1039,"Alabama","Covington","cotton",0
1039,"Alabama","Covington","oats",0
1039,"Alabama","Covington","peanuts",0
1039,"Alabama","Covington","soybeans",0
1039,"Alabama","Covington","sunflower",0
1039,"Alabama","Covington","wheat",0
1041,"Alabama","Crenshaw","corn",0
1041,"Alabama","Crenshaw","cotton",0
1041,"Alabama","Crenshaw","oats",0
1041,"Alabama","Crenshaw","peanuts",0
1041,"Alabama","Crenshaw","soybeans",0
1041,"Alabama","Crenshaw","wheat",0
1043,"Alabama","Cullman","corn",543.426675321965
1043,"Alabama","Cullman","cotton",78.3895460524855
1043,"Alabama","Cullman","oats",0.889909320566306
1043,"Alabama","Cullman","peanuts",2.86809220697853
1043,"Alabama","Cullman","soybeans",1423.05729209568
1043,"Alabama","Cullman","wheat",231.378971144885
1045,"Alabama","Dale","corn",0
1045,"Alabama","Dale","cotton",0
1045,"Alabama","Dale","dry peas",0
1045,"Alabama","Dale","grain sorghum",0
1045,"Alabama","Dale","oats",0
1045,"Alabama","Dale","peanuts",0
1045,"Alabama","Dale","soybeans",0
1045,"Alabama","Dale","sunflower",0
1045,"Alabama","Dale","wheat",0
1047,"Alabama","Dallas","corn",0
1047,"Alabama","Dallas","cotton",0
1047,"Alabama","Dallas","grain sorghum",0
1047,"Alabama","Dallas","oats",0
1047,"Alabama","Dallas","peanuts",0
1047,"Alabama","Dallas","soybeans",0
1047,"Alabama","Dallas","wheat",0
1049,"Alabama","DeKalb","barley",0
1049,"Alabama","DeKalb","corn",0
1049,"Alabama","DeKalb","cotton",0
1049,"Alabama","DeKalb","grain sorghum",0
1049,"Alabama","DeKalb","oats",0
1049,"Alabama","DeKalb","peanuts",0
1049,"Alabama","DeKalb","soybeans",0
1049,"Alabama","DeKalb","wheat",0
1051,"Alabama","Elmore","corn",0
1051,"Alabama","Elmore","cotton",0
1051,"Alabama","Elmore","grain sorghum",0
1051,"Alabama","Elmore","peanuts",0
1051,"Alabama","Elmore","soybeans",0
1051,"Alabama","Elmore","wheat",0
1053,"Alabama","Escambia","corn",551.220146544272
1053,"Alabama","Escambia","cotton",1711.34141231765
1053,"Alabama","Escambia","grain sorghum",1.3601676715894
1053,"Alabama","Escambia","oats",43.3801346846363
1053,"Alabama","Escambia","peanuts",1119.06908877213
1053,"Alabama","Escambia","soybeans",346.579673501786
1053,"Alabama","Escambia","wheat",98.6772687329618
1055,"Alabama","Etowah","corn",1401.38566936953
1055,"Alabama","Etowah","cotton",1857.85178054481
1055,"Alabama","Etowah","oats",86.2724087051575
1055,"Alabama","Etowah","soybeans",1560.08969059658
1055,"Alabama","Etowah","wheat",92.9612505193232
1057,"Alabama","Fayette","corn",272.006648601132
1057,"Alabama","Fayette","cotton",796.418710470299
1057,"Alabama","Fayette","grain sorghum",16.4397836654881
1057,"Alabama","Fayette","peanuts",131.228051820721
1057,"Alabama","Fayette","soybeans",418.55082144681
1057,"Alabama","Fayette","wheat",21.2140770039586
1059,"Alabama","Franklin","corn",1231.03147952162
1059,"Alabama","Franklin","cotton",514.097875892381
1059,"Alabama","Franklin","grain sorghum",37.3407706031588
1059,"Alabama","Franklin","peanuts",71.6757730958968
1059,"Alabama","Franklin","soybeans",1229.7850509107
1059,"Alabama","Franklin","wheat",509.001858031778
1061,"Alabama","Geneva","corn",0
1061,"Alabama","Geneva","cotton",0
1061,"Alabama","Geneva","grain sorghum",0
1061,"Alabama","Geneva","oats",0
1061,"Alabama","Geneva","peanuts",0
1061,"Alabama","Geneva","soybeans",0
1061,"Alabama","Geneva","sunflower",0
1061,"Alabama","Geneva","wheat",0
1063,"Alabama","Greene","corn",0
1063,"Alabama","Greene","cotton",0
1063,"Alabama","Greene","grain sorghum",0
1063,"Alabama","Greene","oats",0
1063,"Alabama","Greene","peanuts",0
1063,"Alabama","Greene","soybeans",0
1063,"Alabama","Greene","wheat",0
1065,"Alabama","Hale","corn",0
1065,"Alabama","Hale","cotton",0
1065,"Alabama","Hale","grain sorghum",0
1065,"Alabama","Hale","oats",0
1065,"Alabama","Hale","soybeans",0
1065,"Alabama","Hale","wheat",0
1067,"Alabama","Henry","corn",0
1067,"Alabama","Henry","cotton",0
1067,"Alabama","Henry","grain sorghum",0
1067,"Alabama","Henry","oats",0
1067,"Alabama","Henry","peanuts",0
1067,"Alabama","Henry","soybeans",0
1067,"Alabama","Henry","sunflower",0
1067,"Alabama","Henry","wheat",0
1069,"Alabama","Houston","corn",0
1069,"Alabama","Houston","cotton",0
1069,"Alabama","Houston","grain sorghum",0
1069,"Alabama","Houston","oats",0
1069,"Alabama","Houston","peanuts",0
1069,"Alabama","Houston","sesame",0
1069,"Alabama","Houston","soybeans",0
1069,"Alabama","Houston","sunflower",0
1069,"Alabama","Houston","wheat",0
1071,"Alabama","Jackson","barley",0
1071,"Alabama","Jackson","corn",0
1071,"Alabama","Jackson","cotton",0
1071,"Alabama","Jackson","grain sorghum",0
1071,"Alabama","Jackson","oats",0
1071,"Alabama","Jackson","peanuts",0
1071,"Alabama","Jackson","rapeseed",0
1071,"Alabama","Jackson","soybeans",0
1071,"Alabama","Jackson","wheat",0
1075,"Alabama","Lamar","corn",127.774933357229
1075,"Alabama","Lamar","cotton",361.809785031159
1075,"Alabama","Lamar","peanuts",47.6721088795696
1075,"Alabama","Lamar","soybeans",183.844269002287
1075,"Alabama","Lamar","wheat",36.9124424497786
1077,"Alabama","Lauderdale","corn",7075.53739575109
1077,"Alabama","Lauderdale","cotton",5509.03601918072
1077,"Alabama","Lauderdale","grain sorghum",38.9353167218885
1077,"Alabama","Lauderdale","oats",19.8179559072334
1077,"Alabama","Lauderdale","rapeseed",69.3403050176433
1077,"Alabama","Lauderdale","soybeans",6422.84130556957
1077,"Alabama","Lauderdale","sunflower",18.2044641788711
1077,"Alabama","Lauderdale","wheat",3583.26318872007
1079,"Alabama","Lawrence","barley",2.33365934794118
1079,"Alabama","Lawrence","corn",8701.11483004115
1079,"Alabama","Lawrence","cotton",4943.35886123142
1079,"Alabama","Lawrence","grain sorghum",30.6856475250116
1079,"Alabama","Lawrence","peanuts",96.7183425696725
1079,"Alabama","Lawrence","rapeseed",31.0590893892655
1079,"Alabama","Lawrence","soybeans",7552.80167199338
1079,"Alabama","Lawrence","sunflower",10.667754386422
1079,"Alabama","Lawrence","wheat",4181.47505813182
1081,"Alabama","Lee","corn",0
1081,"Alabama","Lee","cotton",0
1081,"Alabama","Lee","grain sorghum",0
1081,"Alabama","Lee","peanuts",0
1081,"Alabama","Lee","sesame",0
1081,"Alabama","Lee","soybeans",0
1081,"Alabama","Lee","wheat",0
1083,"Alabama","Limestone","barley",2.49824152427859
1083,"Alabama","Limestone","corn",4329.93683608565
1083,"Alabama","Limestone","cotton",4797.89864460335
1083,"Alabama","Limestone","grain sorghum",349.778795814245
1083,"Alabama","Limestone","oats",4.11152903168772
1083,"Alabama","Limestone","rapeseed",113.971700061839
1083,"Alabama","Limestone","soybeans",9711.9039787883
1083,"Alabama","Limestone","sunflower",7.2660393871518
1083,"Alabama","Limestone","wheat",5300.53480020073
1085,"Alabama","Lowndes","corn",0
1085,"Alabama","Lowndes","cotton",0
1085,"Alabama","Lowndes","grain sorghum",0
1085,"Alabama","Lowndes","oats",0
1085,"Alabama","Lowndes","peanuts",0
1085,"Alabama","Lowndes","sesame",0
1085,"Alabama","Lowndes","soybeans",0
1085,"Alabama","Lowndes","sunflower",0
1085,"Alabama","Lowndes","wheat",0
1087,"Alabama","Macon","corn",0
1087,"Alabama","Macon","cotton",0
1087,"Alabama","Macon","grain sorghum",0
1087,"Alabama","Macon","peanuts",0
1087,"Alabama","Macon","sesame",0
1087,"Alabama","Macon","soybeans",0
1087,"Alabama","Macon","wheat",0
1089,"Alabama","Madison","corn",3244.63850066586
1089,"Alabama","Madison","cotton",3077.1974722466
1089,"Alabama","Madison","soybeans",3633.93677659436
1089,"Alabama","Madison","wheat",1543.02221569814
1091,"Alabama","Marengo","canola",282.742478264127
1091,"Alabama","Marengo","corn",1270.69965204736
1091,"Alabama","Marengo","cotton",2451.34015694635
1091,"Alabama","Marengo","grain sorghum",113.267153473453
1091,"Alabama","Marengo","oats",10.0129686749465
1091,"Alabama","Marengo","soybeans",1779.14712442345
1091,"Alabama","Marengo","sunflower",5.13401487008719
1091,"Alabama","Marengo","wheat",238.339261791554
1093,"Alabama","Marion","corn",293.586852654726
1093,"Alabama","Marion","cotton",402.062547881767
1093,"Alabama","Marion","peanuts",42.2230989864326
1093,"Alabama","Marion","soybeans",493.055366093935
1093,"Alabama","Marion","wheat",48.0712614529546
1095,"Alabama","Marshall","corn",1150.54518409906
1095,"Alabama","Marshall","cotton",78.5215469255474
1095,"Alabama","Marshall","grain sorghum",10.0886797471518
1095,"Alabama","Marshall","soybeans",1646.03684181141
1095,"Alabama","Marshall","wheat",412.743074599141
1097,"Alabama","Mobile","corn",103.755904072109
1097,"Alabama","Mobile","cotton",1301.59733182705
1097,"Alabama","Mobile","dry peas",0.00520357939443521
1097,"Alabama","Mobile","grain sorghum",1.17947799607198
1097,"Alabama","Mobile","oats",4.9650820055236
1097,"Alabama","Mobile","peanuts",1547.19968804383
1097,"Alabama","Mobile","soybeans",16.6472911986771
1097,"Alabama","Mobile","wheat",31.3978198905338
1099,"Alabama","Monroe","corn",0
1099,"Alabama","Monroe","cotton",0
1099,"Alabama","Monroe","grain sorghum",0
1099,"Alabama","Monroe","oats",0
1099,"Alabama","Monroe","peanuts",0
1099,"Alabama","Monroe","soybeans",0
1099,"Alabama","Monroe","sunflower",0
1099,"Alabama","Monroe","wheat",0
1101,"Alabama","Montgomery","corn",0
1101,"Alabama","Montgomery","cotton",0
1101,"Alabama","Montgomery","grain sorghum",0
1101,"Alabama","Montgomery","oats",0
1101,"Alabama","Montgomery","sesame",0
1101,"Alabama","Montgomery","soybeans",0
1101,"Alabama","Montgomery","sunflower",0
1101,"Alabama","Montgomery","wheat",0
1103,"Alabama","Morgan","corn",774.900067119442
1103,"Alabama","Morgan","cotton",227.059998424866
1103,"Alabama","Morgan","grain sorghum",7.12671964028387
1103,"Alabama","Morgan","rice_long grain",2.38302015140109
1103,"Alabama","Morgan","soybeans",1409.01785699953
1103,"Alabama","Morgan","wheat",375.236310589993
1105,"Alabama","Perry","corn",0
1105,"Alabama","Perry","cotton",0
1105,"Alabama","Perry","soybeans",0
1105,"Alabama","Perry","wheat",0
1107,"Alabama","Pickens","corn",0
1107,"Alabama","Pickens","cotton",0
1107,"Alabama","Pickens","peanuts",0
1107,"Alabama","Pickens","soybeans",0
1107,"Alabama","Pickens","sunflower",0
1107,"Alabama","Pickens","wheat",0
1109,"Alabama","Pike","corn",0
1109,"Alabama","Pike","cotton",0
1109,"Alabama","Pike","oats",0
1109,"Alabama","Pike","peanuts",0
1109,"Alabama","Pike","soybeans",0
1109,"Alabama","Pike","wheat",0
1111,"Alabama","Randolph","corn",1398.88410915079
1111,"Alabama","Randolph","cotton",167.874478212289
1111,"Alabama","Randolph","grain sorghum",47.7527262274177
1111,"Alabama","Randolph","oats",10.4564370469234
1111,"Alabama","Randolph","soybeans",350.353030314458
1111,"Alabama","Randolph","wheat",93.449726913689
1113,"Alabama","Russell","corn",0
1113,"Alabama","Russell","cotton",0
1113,"Alabama","Russell","grain sorghum",0
1113,"Alabama","Russell","oats",0
1113,"Alabama","Russell","peanuts",0
1113,"Alabama","Russell","sesame",0
1113,"Alabama","Russell","soybeans",0
1113,"Alabama","Russell","wheat",0
1117,"Alabama","Shelby","corn",235.839114109183
1117,"Alabama","Shelby","cotton",936.284996879238
1117,"Alabama","Shelby","soybeans",296.493343899911
1117,"Alabama","Shelby","sunflower",1.55161857649288
1117,"Alabama","Shelby","wheat",58.6298490554224
1115,"Alabama","St. Clair","corn",342.176325849394
1115,"Alabama","St. Clair","cotton",1149.39463721562
1115,"Alabama","St. Clair","soybeans",574.287674766001
1115,"Alabama","St. Clair","wheat",607.482572390182
1119,"Alabama","Sumter","corn",0
1119,"Alabama","Sumter","cotton",0
1119,"Alabama","Sumter","soybeans",0
1119,"Alabama","Sumter","wheat",0
1121,"Alabama","Talladega","corn",84.0041860443632
1121,"Alabama","Talladega","cotton",117.71628898849
1121,"Alabama","Talladega","oats",0.653850693793583
1121,"Alabama","Talladega","soybeans",83.5683795421808
1121,"Alabama","Talladega","wheat",20.5685053670364
1123,"Alabama","Tallapoosa","corn",0
1123,"Alabama","Tallapoosa","cotton",0
1123,"Alabama","Tallapoosa","grain sorghum",0
1123,"Alabama","Tallapoosa","peanuts",0
1123,"Alabama","Tallapoosa","soybeans",0
1123,"Alabama","Tallapoosa","wheat",0
1125,"Alabama","Tuscaloosa","corn",0
1125,"Alabama","Tuscaloosa","cotton",0
1125,"Alabama","Tuscaloosa","grain sorghum",0
1125,"Alabama","Tuscaloosa","peanuts",0
1125,"Alabama","Tuscaloosa","soybeans",0
1125,"Alabama","Tuscaloosa","wheat",0
1127,"Alabama","Walker","corn",617.308176796167
1127,"Alabama","Walker","cotton",327.103739952352
1127,"Alabama","Walker","grain sorghum",130.380535765386
1127,"Alabama","Walker","soybeans",549.773757573398
1127,"Alabama","Walker","wheat",267.806642305102
1129,"Alabama","Washington","corn",81.3744013667681
1129,"Alabama","Washington","cotton",122.289196822733
1129,"Alabama","Washington","grain sorghum",1.93983415410962
1129,"Alabama","Washington","peanuts",75.3743451100952
1129,"Alabama","Washington","soybeans",45.3227328306527
1131,"Alabama","Wilcox","corn",0
1131,"Alabama","Wilcox","cotton",0
1131,"Alabama","Wilcox","soybeans",0
1131,"Alabama","Wilcox","sunflower",0
1131,"Alabama","Wilcox","wheat",0
1133,"Alabama","Winston","corn",1157.06090765161
1133,"Alabama","Winston","soybeans",848.350420354117
1133,"Alabama","Winston","wheat",50.1407324087156
2002,"Alaska","Delta","barley",4933.04018530321
2002,"Alaska","Delta","canola",50.9164302560083
2002,"Alaska","Delta","dry peas",198.664402809005
2002,"Alaska","Delta","oats",1098.55393099342
2002,"Alaska","Delta","wheat",330.15725482232
2001,"Alaska","Fairbanks","barley",68.3770370231152
2001,"Alaska","Fairbanks","corn",1.14034547367623
2003,"Alaska","Homer","oats",11.4610685630333
2005,"Alaska","Palmer","dry peas",8.16316281797779
4003,"Arizona","Cochise","barley",1498.18684472977
4003,"Arizona","Cochise","corn",18203.1501999796
4003,"Arizona","Cochise","cotton",2114.30307231025
4003,"Arizona","Cochise","dry peas",85.7875029817899
4003,"Arizona","Cochise","grain sorghum",1295.06373407891
4003,"Arizona","Cochise","oats",1918.44138012143
4003,"Arizona","Cochise","sunflower",122.802238485249
4003,"Arizona","Cochise","wheat",3719.53344126069
4009,"Arizona","Graham","barley",1.48619194741432
4009,"Arizona","Graham","corn",0.635353916099677
4009,"Arizona","Graham","cotton",288.021608258484
4009,"Arizona","Graham","grain sorghum",0.78317709988309
4009,"Arizona","Graham","oats",3.19678416411644
4009,"Arizona","Graham","sunflower",0.0389692048638173
4009,"Arizona","Graham","wheat",21.8576087805679
4011,"Arizona","Greenlee","barley",0
4011,"Arizona","Greenlee","corn",0
4011,"Arizona","Greenlee","cotton",0
4011,"Arizona","Greenlee","oats",0
4011,"Arizona","Greenlee","wheat",0
4012,"Arizona","La Paz","barley",2.90413968482364
4012,"Arizona","La Paz","chickpeas_large",8.13728358461399
4012,"Arizona","La Paz","corn",9.5956020547131
4012,"Arizona","La Paz","cotton",115.219263809266
4012,"Arizona","La Paz","dry peas",0.556651309420685
4012,"Arizona","La Paz","grain sorghum",27.7934706538284
4012,"Arizona","La Paz","oats",7.68865828892866
4012,"Arizona","La Paz","wheat",73.8293681837883
4013,"Arizona","Maricopa","barley",797.8844471178
4013,"Arizona","Maricopa","chickpeas_large",40.3655684603306
4013,"Arizona","Maricopa","corn",3437.61349147248
4013,"Arizona","Maricopa","cotton",2128.22561856375
4013,"Arizona","Maricopa","dry peas",128.799826634879
4013,"Arizona","Maricopa","oats",315.525912009029
4013,"Arizona","Maricopa","sunflower",11.12403494459
4013,"Arizona","Maricopa","wheat",2771.12245732669
4015,"Arizona","Mohave","oats",0
4015,"Arizona","Mohave","wheat",0
4017,"Arizona","Navajo","corn",349.540404577424
4019,"Arizona","Pima","barley",55.1317404547957
4019,"Arizona","Pima","corn",92.5247534547202
4019,"Arizona","Pima","cotton",722.96128324025
4019,"Arizona","Pima","grain sorghum",63.6909083513586
4019,"Arizona","Pima","oats",5.22617781575952
4019,"Arizona","Pima","sesame",3.9919513205248
4019,"Arizona","Pima","wheat",378.392437323189
4021,"Arizona","Pinal","barley",1180.03098739583
4021,"Arizona","Pinal","chickpeas_large",25.4908284555867
4021,"Arizona","Pinal","corn",6583.95299053794
4021,"Arizona","Pinal","cotton",19079.8466299248
4021,"Arizona","Pinal","dry peas",305.666010916827
4021,"Arizona","Pinal","grain sorghum",90.3169005227259
4021,"Arizona","Pinal","mustard",1.21481311146561
4021,"Arizona","Pinal","oats",1267.82188652211
4021,"Arizona","Pinal","soybeans",2.99370444435508
4021,"Arizona","Pinal","sunflower",27.0326287628884
4021,"Arizona","Pinal","wheat",2665.66036111194
4023,"Arizona","Santa Cruz","barley",334.175247366139
4025,"Arizona","Yavapai","barley",18.884970800332
4025,"Arizona","Yavapai","corn",31.9033244854497
4025,"Arizona","Yavapai","oats",155.401833080653
4025,"Arizona","Yavapai","wheat",32.6842919792461
4027,"Arizona","Yuma","barley",0
4027,"Arizona","Yuma","corn",0
4027,"Arizona","Yuma","cotton",0
4027,"Arizona","Yuma","dry peas",0
4027,"Arizona","Yuma","grain sorghum",0
4027,"Arizona","Yuma","mustard",0
4027,"Arizona","Yuma","oats",0
4027,"Arizona","Yuma","safflower",0
4027,"Arizona","Yuma","sunflower",0
4027,"Arizona","Yuma","wheat",0
5001,"Arkansas","Arkansas","corn",0
5001,"Arkansas","Arkansas","dry peas",0
5001,"Arkansas","Arkansas","grain sorghum",0
5001,"Arkansas","Arkansas","oats",0
5001,"Arkansas","Arkansas","rice_long grain",0
5001,"Arkansas","Arkansas","rice_short/medium grain",0
5001,"Arkansas","Arkansas","soybeans",0
5001,"Arkansas","Arkansas","sunflower",0
5001,"Arkansas","Arkansas","wheat",0
5003,"Arkansas","Ashley","corn",2389.64656983869
5003,"Arkansas","Ashley","cotton",1277.08330470656
5003,"Arkansas","Ashley","grain sorghum",3.66559618772574
5003,"Arkansas","Ashley","oats",43.9777508857997
5003,"Arkansas","Ashley","peanuts",14.5320054838692
5003,"Arkansas","Ashley","rice_long grain",404.696399626422
5003,"Arkansas","Ashley","rice_short/medium grain",8.45708707912153
5003,"Arkansas","Ashley","sesame",10.8688129657747
5003,"Arkansas","Ashley","soybeans",2697.953704134
5003,"Arkansas","Ashley","sunflower",0.561032340315581
5003,"Arkansas","Ashley","wheat",118.755860287501
5007,"Arkansas","Benton","corn",1665.35984328777
5007,"Arkansas","Benton","soybeans",2029.72118420264
5007,"Arkansas","Benton","wheat",2492.08918041031
5009,"Arkansas","Boone","corn",14711.2119462844
5015,"Arkansas","Carroll","corn",5404.32093219213
5015,"Arkansas","Carroll","soybeans",3579.06898066498
5015,"Arkansas","Carroll","wheat",4030.37115678276
5017,"Arkansas","Chicot","corn",2463.14117925225
5017,"Arkansas","Chicot","cotton",1071.0556700499
5017,"Arkansas","Chicot","grain sorghum",36.1456145684039
5017,"Arkansas","Chicot","oats",5.27452144082147
5017,"Arkansas","Chicot","rice_long grain",1376.99801493868
5017,"Arkansas","Chicot","rice_short/medium grain",43.0642639792136
5017,"Arkansas","Chicot","soybeans",9039.77200684584
5017,"Arkansas","Chicot","sunflower",3.67871965586761
5017,"Arkansas","Chicot","wheat",220.992264294003
5019,"Arkansas","Clark","corn",0
5019,"Arkansas","Clark","cotton",0
5019,"Arkansas","Clark","grain sorghum",0
5019,"Arkansas","Clark","rice_long grain",0
5019,"Arkansas","Clark","rice_short/medium grain",0
5019,"Arkansas","Clark","soybeans",0
5019,"Arkansas","Clark","wheat",0
5021,"Arkansas","Clay","corn",0
5021,"Arkansas","Clay","cotton",0
5021,"Arkansas","Clay","grain sorghum",0
5021,"Arkansas","Clay","oats",0
5021,"Arkansas","Clay","peanuts",0
5021,"Arkansas","Clay","rice_long grain",0
5021,"Arkansas","Clay","rice_short/medium grain",0
5021,"Arkansas","Clay","soybeans",0
5021,"Arkansas","Clay","sunflower",0
5021,"Arkansas","Clay","wheat",0
5023,"Arkansas","Cleburne","corn",4770.25931228381
5029,"Arkansas","Conway","barley",0
5029,"Arkansas","Conway","corn",0
5029,"Arkansas","Conway","oats",0
5029,"Arkansas","Conway","rice_long grain",0
5029,"Arkansas","Conway","soybeans",0
5029,"Arkansas","Conway","wheat",0
5031,"Arkansas","Craighead","corn",1814.20017385957
5031,"Arkansas","Craighead","cotton",2979.15669564352
5031,"Arkansas","Craighead","dry peas",0.594867099024114
5031,"Arkansas","Craighead","grain sorghum",14.9769850296193
5031,"Arkansas","Craighead","oats",0.664292620408993
5031,"Arkansas","Craighead","peanuts",392.656425371617
5031,"Arkansas","Craighead","rice_long grain",2097.94140280561
5031,"Arkansas","Craighead","rice_short/medium grain",598.146249097863
5031,"Arkansas","Craighead","soybeans",3327.98771254471
5031,"Arkansas","Craighead","sunflower",0.143875258133136
5031,"Arkansas","Craighead","wheat",167.378135665795
5033,"Arkansas","Crawford","corn",80.637653167612
5033,"Arkansas","Crawford","grain sorghum",5.22464281652513
5033,"Arkansas","Crawford","soybeans",927.411583093452
5033,"Arkansas","Crawford","wheat",179.967157553893
5035,"Arkansas","Crittenden","corn",0
5035,"Arkansas","Crittenden","cotton",0
5035,"Arkansas","Crittenden","grain sorghum",0
5035,"Arkansas","Crittenden","oats",0
5035,"Arkansas","Crittenden","peanuts",0
5035,"Arkansas","Crittenden","rice_long grain",0
5035,"Arkansas","Crittenden","rice_short/medium grain",0
5035,"Arkansas","Crittenden","soybeans",0
5035,"Arkansas","Crittenden","sunflower",0
5035,"Arkansas","Crittenden","wheat",0
5037,"Arkansas","Cross","corn",0
5037,"Arkansas","Cross","cotton",0
5037,"Arkansas","Cross","grain sorghum",0
5037,"Arkansas","Cross","oats",0
5037,"Arkansas","Cross","rice_long grain",0
5037,"Arkansas","Cross","rice_short/medium grain",0
5037,"Arkansas","Cross","soybeans",0
5037,"Arkansas","Cross","sunflower",0
5037,"Arkansas","Cross","wheat",0
5041,"Arkansas","Desha","corn",3338.7623681199
5041,"Arkansas","Desha","cotton",2330.49419363773
5041,"Arkansas","Desha","grain sorghum",11.6347836204769
5041,"Arkansas","Desha","oats",3.19801468365581
5041,"Arkansas","Desha","rice_long grain",1636.02218068704
5041,"Arkansas","Desha","rice_short/medium grain",139.075786027826
5041,"Arkansas","Desha","soybeans",9193.78329120248
5041,"Arkansas","Desha","sunflower",1.16618715271916
5041,"Arkansas","Desha","wheat",297.237359335865
5043,"Arkansas","Drew","corn",2566.2734795536
5043,"Arkansas","Drew","cotton",1627.81815523893
5043,"Arkansas","Drew","grain sorghum",2.54180407400265
5043,"Arkansas","Drew","oats",11.6411666309299
5043,"Arkansas","Drew","rice_long grain",1721.16305049529
5043,"Arkansas","Drew","rice_short/medium grain",140.772079732138
5043,"Arkansas","Drew","sesame",17.3647334965612
5043,"Arkansas","Drew","soybeans",3750.71111942032
5043,"Arkansas","Drew","sunflower",2.52162034657542
5043,"Arkansas","Drew","wheat",183.534670241299
5045,"Arkansas","Faulkner","corn",231.478621843249
5045,"Arkansas","Faulkner","grain sorghum",1.32996166801847
5045,"Arkansas","Faulkner","oats",65.3938035954611
5045,"Arkansas","Faulkner","rice_long grain",526.129713225984
5045,"Arkansas","Faulkner","soybeans",1219.50643532278
5045,"Arkansas","Faulkner","wheat",157.688033577923
5047,"Arkansas","Franklin","corn",1088.3374566372
5047,"Arkansas","Franklin","cotton",489.046985941627
5047,"Arkansas","Franklin","grain sorghum",124.259500737606
5047,"Arkansas","Franklin","oats",24.2009007985357
5047,"Arkansas","Franklin","rice_long grain",156.200783795579
5047,"Arkansas","Franklin","soybeans",3110.34468958289
5047,"Arkansas","Franklin","sunflower",63.7816612168537
5047,"Arkansas","Franklin","wheat",778.106971874911
5055,"Arkansas","Greene","corn",0
5055,"Arkansas","Greene","cotton",0
5055,"Arkansas","Greene","grain sorghum",0
5055,"Arkansas","Greene","oats",0
5055,"Arkansas","Greene","peanuts",0
5055,"Arkansas","Greene","rice_long grain",0
5055,"Arkansas","Greene","rice_short/medium grain",0
5055,"Arkansas","Greene","sesame",0
5055,"Arkansas","Greene","soybeans",0
5055,"Arkansas","Greene","sunflower",0
5055,"Arkansas","Greene","wheat",0
5057,"Arkansas","Hempstead","corn",0
5057,"Arkansas","Hempstead","soybeans",0
5059,"Arkansas","Hot Spring","corn",191.540678631803
5059,"Arkansas","Hot Spring","cotton",279.605917228297
5059,"Arkansas","Hot Spring","rice_long grain",562.79389029352
5059,"Arkansas","Hot Spring","rice_short/medium grain",166.100072681287
5059,"Arkansas","Hot Spring","soybeans",218.333178474503
5059,"Arkansas","Hot Spring","wheat",107.739461524013
5063,"Arkansas","Independence","corn",880.293262730629
5063,"Arkansas","Independence","cotton",49.4566427529137
5063,"Arkansas","Independence","grain sorghum",33.0016227995972
5063,"Arkansas","Independence","rice_long grain",977.079831734336
5063,"Arkansas","Independence","rice_short/medium grain",371.564584511051
5063,"Arkansas","Independence","soybeans",2082.27830101379
5063,"Arkansas","Independence","sunflower",0.462615845363579
5063,"Arkansas","Independence","wheat",169.675456545173
5067,"Arkansas","Jackson","corn",0
5067,"Arkansas","Jackson","cotton",0
5067,"Arkansas","Jackson","dry peas",0
5067,"Arkansas","Jackson","grain sorghum",0
5067,"Arkansas","Jackson","rice_long grain",0
5067,"Arkansas","Jackson","rice_short/medium grain",0
5067,"Arkansas","Jackson","sesame",0
5067,"Arkansas","Jackson","soybeans",0
5067,"Arkansas","Jackson","sunflower",0
5067,"Arkansas","Jackson","wheat",0
5069,"Arkansas","Jefferson","corn",1046.40157556532
5069,"Arkansas","Jefferson","cotton",196.042446512471
5069,"Arkansas","Jefferson","grain sorghum",2.3314825593625
5069,"Arkansas","Jefferson","oats",6.25861087774307
5069,"Arkansas","Jefferson","rice_long grain",1273.37054533916
5069,"Arkansas","Jefferson","rice_short/medium grain",58.3492229037765
5069,"Arkansas","Jefferson","soybeans",1792.78554288856
5069,"Arkansas","Jefferson","sunflower",1.29612218364763
5069,"Arkansas","Jefferson","wheat",203.086117359675
5071,"Arkansas","Johnson","corn",466.231790089678
5071,"Arkansas","Johnson","grain sorghum",84.2049526770986
5071,"Arkansas","Johnson","rice_long grain",21.4320338599384
5071,"Arkansas","Johnson","soybeans",1199.27776287449
5071,"Arkansas","Johnson","wheat",145.369449793547
5073,"Arkansas","Lafayette","corn",1230.79781981695
5073,"Arkansas","Lafayette","cotton",428.93671081187
5073,"Arkansas","Lafayette","grain sorghum",21.4900672555954
5073,"Arkansas","Lafayette","rice_long grain",437.812717474956
5073,"Arkansas","Lafayette","soybeans",898.965159015872
5073,"Arkansas","Lafayette","sunflower",1.65945372770072
5073,"Arkansas","Lafayette","wheat",732.00446089109
5075,"Arkansas","Lawrence","corn",727.881292751544
5075,"Arkansas","Lawrence","cotton",12.4064546003469
5075,"Arkansas","Lawrence","grain sorghum",42.0489111898637
5075,"Arkansas","Lawrence","oats",1.05075287783849
5075,"Arkansas","Lawrence","peanuts",146.759763938318
5075,"Arkansas","Lawrence","rice_long grain",4734.16972777314
5075,"Arkansas","Lawrence","rice_short/medium grain",1787.56230684397
5075,"Arkansas","Lawrence","soybeans",3445.01953086714
5075,"Arkansas","Lawrence","wheat",67.2916240025013
5077,"Arkansas","Lee","corn",0
5077,"Arkansas","Lee","cotton",0
5077,"Arkansas","Lee","grain sorghum",0
5077,"Arkansas","Lee","oats",0
5077,"Arkansas","Lee","peanuts",0
5077,"Arkansas","Lee","rice_long grain",0
5077,"Arkansas","Lee","rice_short/medium grain",0
5077,"Arkansas","Lee","soybeans",0
5077,"Arkansas","Lee","sunflower",0
5077,"Arkansas","Lee","wheat",0
5079,"Arkansas","Lincoln","corn",3354.91151789004
5079,"Arkansas","Lincoln","cotton",2496.74415077947
5079,"Arkansas","Lincoln","grain sorghum",3.37143831919421
5079,"Arkansas","Lincoln","rice_long grain",2184.37177085624
5079,"Arkansas","Lincoln","rice_short/medium grain",266.74839531186
5079,"Arkansas","Lincoln","soybeans",4980.55491677432
5079,"Arkansas","Lincoln","wheat",162.83958219338
5081,"Arkansas","Little River","corn",557.458532741425
5081,"Arkansas","Little River","cotton",112.863233447536
5081,"Arkansas","Little River","grain sorghum",14.3979176612237
5081,"Arkansas","Little River","rice_long grain",19.3634349598575
5081,"Arkansas","Little River","rice_short/medium grain",13.4067231642435
5081,"Arkansas","Little River","soybeans",552.512314517581
5081,"Arkansas","Little River","wheat",191.386770372275
5083,"Arkansas","Logan","corn",1278.67237405436
5083,"Arkansas","Logan","rapeseed",7.85586489095893
5083,"Arkansas","Logan","rice_long grain",164.234722771002
5083,"Arkansas","Logan","soybeans",3640.84971837241
5083,"Arkansas","Logan","wheat",1399.98328725557
5085,"Arkansas","Lonoke","barley",0
5085,"Arkansas","Lonoke","corn",0
5085,"Arkansas","Lonoke","cotton",0
5085,"Arkansas","Lonoke","dry peas",0
5085,"Arkansas","Lonoke","grain sorghum",0
5085,"Arkansas","Lonoke","oats",0
5085,"Arkansas","Lonoke","rice_long grain",0
5085,"Arkansas","Lonoke","rice_short/medium grain",0
5085,"Arkansas","Lonoke","soybeans",0
5085,"Arkansas","Lonoke","sunflower",0
5085,"Arkansas","Lonoke","wheat",0
5087,"Arkansas","Madison","corn",12997.2763793472
5091,"Arkansas","Miller","corn",5466.41385660569
5091,"Arkansas","Miller","cotton",2416.38589319865
5091,"Arkansas","Miller","grain sorghum",191.443069193723
5091,"Arkansas","Miller","rice_long grain",1502.17280553687
5091,"Arkansas","Miller","rice_short/medium grain",594.120574127612
5091,"Arkansas","Miller","soybeans",3942.82690370134
5091,"Arkansas","Miller","wheat",3685.67457101573
5093,"Arkansas","Mississippi","corn",703.340177949988
5093,"Arkansas","Mississippi","cotton",2351.36277329462
5093,"Arkansas","Mississippi","grain sorghum",12.1740092815421
5093,"Arkansas","Mississippi","oats",0.516280087440463
5093,"Arkansas","Mississippi","peanuts",203.54266049078
5093,"Arkansas","Mississippi","rice_long grain",1277.58571443086
5093,"Arkansas","Mississippi","rice_short/medium grain",48.1126556918068
5093,"Arkansas","Mississippi","soybeans",5648.02864326506
5093,"Arkansas","Mississippi","sunflower",4.54886013515904
5093,"Arkansas","Mississippi","wheat",459.76865873469
5095,"Arkansas","Monroe","corn",0
5095,"Arkansas","Monroe","cotton",0
5095,"Arkansas","Monroe","grain sorghum",0
5095,"Arkansas","Monroe","oats",0
5095,"Arkansas","Monroe","rice_long grain",0
5095,"Arkansas","Monroe","rice_short/medium grain",0
5095,"Arkansas","Monroe","soybeans",0
5095,"Arkansas","Monroe","sunflower",0
5095,"Arkansas","Monroe","wheat",0
5099,"Arkansas","Nevada","cotton",151.66156267222
5099,"Arkansas","Nevada","soybeans",846.788173876411
5099,"Arkansas","Nevada","wheat",507.717204384077
5105,"Arkansas","Perry","corn",0
5105,"Arkansas","Perry","grain sorghum",0
5105,"Arkansas","Perry","rice_long grain",0
5105,"Arkansas","Perry","rice_short/medium grain",0
5105,"Arkansas","Perry","soybeans",0
5105,"Arkansas","Perry","wheat",0
5107,"Arkansas","Phillips","canola",47.7041680750684
5107,"Arkansas","Phillips","corn",9404.02135362207
5107,"Arkansas","Phillips","cotton",4165.43912055309
5107,"Arkansas","Phillips","dry peas",13.4826113548462
5107,"Arkansas","Phillips","grain sorghum",23.1116093397467
5107,"Arkansas","Phillips","peanuts",62.3792422861081
5107,"Arkansas","Phillips","rice_long grain",3095.29491042148
5107,"Arkansas","Phillips","rice_short/medium grain",153.349394657065
5107,"Arkansas","Phillips","soybeans",21826.6324829577
5107,"Arkansas","Phillips","sunflower",8.98004461697565
5107,"Arkansas","Phillips","wheat",2577.43711942872
5111,"Arkansas","Poinsett","corn",0
5111,"Arkansas","Poinsett","cotton",0
5111,"Arkansas","Poinsett","grain sorghum",0
5111,"Arkansas","Poinsett","oats",0
5111,"Arkansas","Poinsett","peanuts",0
5111,"Arkansas","Poinsett","rice_long grain",0
5111,"Arkansas","Poinsett","rice_short/medium grain",0
5111,"Arkansas","Poinsett","soybeans",0
5111,"Arkansas","Poinsett","sunflower",0
5111,"Arkansas","Poinsett","wheat",0
5115,"Arkansas","Pope","corn",103.5007421116
5115,"Arkansas","Pope","oats",32.9399570034362
5115,"Arkansas","Pope","rice_long grain",310.070339281479
5115,"Arkansas","Pope","sesame",16.0910299849136
5115,"Arkansas","Pope","soybeans",715.194486851235
5115,"Arkansas","Pope","wheat",38.9894225722023
5117,"Arkansas","Prairie","corn",0
5117,"Arkansas","Prairie","cotton",0
5117,"Arkansas","Prairie","grain sorghum",0
5117,"Arkansas","Prairie","oats",0
5117,"Arkansas","Prairie","peanuts",0
5117,"Arkansas","Prairie","rice_long grain",0
5117,"Arkansas","Prairie","rice_short/medium grain",0
5117,"Arkansas","Prairie","soybeans",0
5117,"Arkansas","Prairie","wheat",0
5119,"Arkansas","Pulaski","corn",0
5119,"Arkansas","Pulaski","cotton",0
5119,"Arkansas","Pulaski","grain sorghum",0
5119,"Arkansas","Pulaski","rice_long grain",0
5119,"Arkansas","Pulaski","rice_short/medium grain",0
5119,"Arkansas","Pulaski","soybeans",0
5119,"Arkansas","Pulaski","sunflower",0
5119,"Arkansas","Pulaski","wheat",0
5121,"Arkansas","Randolph","corn",1225.41099049512
5121,"Arkansas","Randolph","grain sorghum",36.4617046402933
5121,"Arkansas","Randolph","peanuts",207.561125740393
5121,"Arkansas","Randolph","rice_long grain",5769.77819978466
5121,"Arkansas","Randolph","rice_short/medium grain",2815.56566717774
5121,"Arkansas","Randolph","soybeans",6321.17522763044
5121,"Arkansas","Randolph","sunflower",2.69942698685087
5121,"Arkansas","Randolph","wheat",70.5231780420726
5129,"Arkansas","Searcy","corn",9095.94405829403
5131,"Arkansas","Sebastian","corn",496.617197619706
5131,"Arkansas","Sebastian","grain sorghum",9.05628618751114
5131,"Arkansas","Sebastian","soybeans",3203.91035035934
5131,"Arkansas","Sebastian","wheat",771.733082553866
5133,"Arkansas","Sevier","soybeans",2536.42740450744
5133,"Arkansas","Sevier","wheat",2541.17411043727
5123,"Arkansas","St. Francis","corn",0
5123,"Arkansas","St. Francis","cotton",0
5123,"Arkansas","St. Francis","grain sorghum",0
5123,"Arkansas","St. Francis","oats",0
5123,"Arkansas","St. Francis","peanuts",0
5123,"Arkansas","St. Francis","rice_long grain",0
5123,"Arkansas","St. Francis","rice_short/medium grain",0
5123,"Arkansas","St. Francis","soybeans",0
5123,"Arkansas","St. Francis","sunflower",0
5123,"Arkansas","St. Francis","wheat",0
5137,"Arkansas","Stone","corn",1164.91660988565
5137,"Arkansas","Stone","soybeans",1727.14888504316
5137,"Arkansas","Stone","wheat",2408.86996166752
5139,"Arkansas","Union","corn",431.535291246338
5143,"Arkansas","Washington","corn",1778.42188650471
5143,"Arkansas","Washington","dry peas",0.186502102964804
5143,"Arkansas","Washington","soybeans",4040.35047494568
5143,"Arkansas","Washington","wheat",1875.74490056851
5145,"Arkansas","White","corn",0
5145,"Arkansas","White","cotton",0
5145,"Arkansas","White","grain sorghum",0
5145,"Arkansas","White","oats",0
5145,"Arkansas","White","rice_long grain",0
5145,"Arkansas","White","rice_short/medium grain",0
5145,"Arkansas","White","sesame",0
5145,"Arkansas","White","soybeans",0
5145,"Arkansas","White","wheat",0
5147,"Arkansas","Woodruff","corn",0
5147,"Arkansas","Woodruff","cotton",0
5147,"Arkansas","Woodruff","dry peas",0
5147,"Arkansas","Woodruff","grain sorghum",0
5147,"Arkansas","Woodruff","oats",0
5147,"Arkansas","Woodruff","rice_long grain",0
5147,"Arkansas","Woodruff","rice_short/medium grain",0
5147,"Arkansas","Woodruff","sesame",0
5147,"Arkansas","Woodruff","soybeans",0
5147,"Arkansas","Woodruff","wheat",0
5149,"Arkansas","Yell","corn",286.887619982004
5149,"Arkansas","Yell","oats",104.861427301017
5149,"Arkansas","Yell","rice_long grain",175.54374489355
5149,"Arkansas","Yell","soybeans",755.061314864281
5149,"Arkansas","Yell","wheat",47.7108584969102
6001,"California","Alameda","barley",0
6001,"California","Alameda","oats",0
6001,"California","Alameda","wheat",0
6005,"California","Amador","corn",10.9096035844426
6005,"California","Amador","oats",54.4032986909909
6005,"California","Amador","wheat",617.773001341897
6007,"California","Butte","barley",0
6007,"California","Butte","corn",0
6007,"California","Butte","cotton",0
6007,"California","Butte","oats",0
6007,"California","Butte","rice_long grain",0
6007,"California","Butte","rice_short/medium grain",0
6007,"California","Butte","rice_temperate japonica",0
6007,"California","Butte","safflower",0
6007,"California","Butte","sunflower",0
6007,"California","Butte","wheat",0
6011,"California","Colusa","barley",0
6011,"California","Colusa","corn",0
6011,"California","Colusa","cotton",0
6011,"California","Colusa","dry peas",0
6011,"California","Colusa","grain sorghum",0
6011,"California","Colusa","mustard",0
6011,"California","Colusa","oats",0
6011,"California","Colusa","rice_long grain",0
6011,"California","Colusa","rice_short/medium grain",0
6011,"California","Colusa","rice_temperate japonica",0
6011,"California","Colusa","safflower",0
6011,"California","Colusa","sunflower",0
6011,"California","Colusa","wheat",0
6013,"California","Contra Costa","corn",0
6013,"California","Contra Costa","safflower",0
6013,"California","Contra Costa","wheat",0
6019,"California","Fresno","barley",0
6019,"California","Fresno","chickpeas_large",0
6019,"California","Fresno","chickpeas_small",0
6019,"California","Fresno","corn",0
6019,"California","Fresno","cotton",0
6019,"California","Fresno","dry peas",0
6019,"California","Fresno","grain sorghum",0
6019,"California","Fresno","mustard",0
6019,"California","Fresno","oats",0
6019,"California","Fresno","rice_short/medium grain",0
6019,"California","Fresno","rice_temperate japonica",0
6019,"California","Fresno","safflower",0
6019,"California","Fresno","wheat",0
6021,"California","Glenn","barley",0
6021,"California","Glenn","corn",0
6021,"California","Glenn","cotton",0
6021,"California","Glenn","mustard",0
6021,"California","Glenn","oats",0
6021,"California","Glenn","rice_long grain",0
6021,"California","Glenn","rice_short/medium grain",0
6021,"California","Glenn","rice_temperate japonica",0
6021,"California","Glenn","safflower",0
6021,"California","Glenn","sunflower",0
6021,"California","Glenn","wheat",0
6023,"California","Humboldt","corn",148.319268411037
6025,"California","Imperial","barley",0
6025,"California","Imperial","canola",0
6025,"California","Imperial","corn",0
6025,"California","Imperial","cotton",0
6025,"California","Imperial","flaxseed",0
6025,"California","Imperial","mustard",0
6025,"California","Imperial","oats",0
6025,"California","Imperial","sunflower",0
6025,"California","Imperial","wheat",0
6029,"California","Kern","barley",0
6029,"California","Kern","corn",0
6029,"California","Kern","cotton",0
6029,"California","Kern","dry peas",0
6029,"California","Kern","grain sorghum",0
6029,"California","Kern","oats",0
6029,"California","Kern","safflower",0
6029,"California","Kern","wheat",0
6031,"California","Kings","barley",0
6031,"California","Kings","canola",0
6031,"California","Kings","chickpeas_large",0
6031,"California","Kings","chickpeas_small",0
6031,"California","Kings","corn",0
6031,"California","Kings","cotton",0
6031,"California","Kings","dry peas",0
6031,"California","Kings","grain sorghum",0
6031,"California","Kings","mustard",0
6031,"California","Kings","oats",0
6031,"California","Kings","safflower",0
6031,"California","Kings","wheat",0
6033,"California","Lake","oats",378.213006316192
6035,"California","Lassen","barley",1811.62798567973
6035,"California","Lassen","corn",77.7227805286678
6035,"California","Lassen","oats",298.283588604195
6035,"California","Lassen","wheat",14891.1946536239
6037,"California","Los Angeles","corn",0
6039,"California","Madera","barley",0
6039,"California","Madera","corn",0
6039,"California","Madera","cotton",0
6039,"California","Madera","dry peas",0
6039,"California","Madera","grain sorghum",0
6039,"California","Madera","oats",0
6039,"California","Madera","wheat",0
6041,"California","Marin","oats",0
6045,"California","Mendocino","barley",171.827106577938
6045,"California","Mendocino","oats",913.396724440619
6047,"California","Merced","barley",80.8733333597353
6047,"California","Merced","chickpeas_large",8.62707371834613
6047,"California","Merced","corn",3923.66832797107
6047,"California","Merced","cotton",2150.30741194375
6047,"California","Merced","grain sorghum",12.5502123717349
6047,"California","Merced","mustard",2.1997056265002
6047,"California","Merced","oats",2012.87676683164
6047,"California","Merced","rice_short/medium grain",52.4380425892069
6047,"California","Merced","rice_temperate japonica",53.4096452981371
6047,"California","Merced","safflower",12.3669035695266
6047,"California","Merced","wheat",3023.62908344999
6049,"California","Modoc","barley",6141.61539480816
6049,"California","Modoc","corn",173.519915039334
6049,"California","Modoc","oats",1087.02844060006
6049,"California","Modoc","wheat",18442.8683795834
6051,"California","Mono","wheat",3214.46208626189
6053,"California","Monterey","barley",0
6053,"California","Monterey","oats",0
6053,"California","Monterey","wheat",0
6061,"California","Placer","corn",0
6061,"California","Placer","oats",0
6061,"California","Placer","rice_long grain",0
6061,"California","Placer","rice_short/medium grain",0
6061,"California","Placer","rice_temperate japonica",0
6061,"California","Placer","wheat",0
6063,"California","Plumas","corn",1144.59470854984
6063,"California","Plumas","oats",416.008149525661
6063,"California","Plumas","wheat",2758.59811248242
6065,"California","Riverside","barley",0
6065,"California","Riverside","corn",0
6065,"California","Riverside","cotton",0
6065,"California","Riverside","oats",0
6065,"California","Riverside","safflower",0
6065,"California","Riverside","wheat",0
6067,"California","Sacramento","barley",0
6067,"California","Sacramento","corn",0
6067,"California","Sacramento","grain sorghum",0
6067,"California","Sacramento","oats",0
6067,"California","Sacramento","rice_long grain",0
6067,"California","Sacramento","rice_short/medium grain",0
6067,"California","Sacramento","rice_temperate japonica",0
6067,"California","Sacramento","safflower",0
6067,"California","Sacramento","sunflower",0
6067,"California","Sacramento","wheat",0
6069,"California","San Benito","barley",0
6069,"California","San Benito","oats",0
6069,"California","San Benito","wheat",0
6071,"California","San Bernardino","barley",537.64572973316
6071,"California","San Bernardino","oats",542.878488317921
6071,"California","San Bernardino","wheat",1230.35669399575
6077,"California","San Joaquin","barley",0
6077,"California","San Joaquin","canola",0
6077,"California","San Joaquin","chickpeas_large",0
6077,"California","San Joaquin","corn",0
6077,"California","San Joaquin","cotton",0
6077,"California","San Joaquin","dry peas",0
6077,"California","San Joaquin","grain sorghum",0
6077,"California","San Joaquin","oats",0
6077,"California","San Joaquin","rice_short/medium grain",0
6077,"California","San Joaquin","rice_temperate japonica",0
6077,"California","San Joaquin","safflower",0
6077,"California","San Joaquin","sunflower",0
6077,"California","San Joaquin","wheat",0
6079,"California","San Luis Obispo","barley",0
6079,"California","San Luis Obispo","chickpeas_large",0
6079,"California","San Luis Obispo","oats",0
6079,"California","San Luis Obispo","safflower",0
6079,"California","San Luis Obispo","wheat",0
6083,"California","Santa Barbara","chickpeas_large",0
6083,"California","Santa Barbara","dry peas",0
6083,"California","Santa Barbara","oats",0
6085,"California","Santa Clara","oats",0
6089,"California","Shasta","oats",111.709611219093
6089,"California","Shasta","rice_long grain",206.422457646589
6089,"California","Shasta","wheat",556.313167282363
6091,"California","Sierra","wheat",1513.63419675276
6093,"California","Siskiyou","barley",4492.24614198404
6093,"California","Siskiyou","corn",200.75905185265
6093,"California","Siskiyou","mustard",94.64822012136
6093,"California","Siskiyou","oats",634.505027281419
6093,"California","Siskiyou","wheat",12900.4823623884
6095,"California","Solano","barley",0
6095,"California","Solano","canola",0
6095,"California","Solano","corn",0
6095,"California","Solano","dry peas",0
6095,"California","Solano","grain sorghum",0
6095,"California","Solano","oats",0
6095,"California","Solano","safflower",0
6095,"California","Solano","sunflower",0
6095,"California","Solano","wheat",0
6097,"California","Sonoma","barley",0
6097,"California","Sonoma","oats",0
6097,"California","Sonoma","wheat",0
6099,"California","Stanislaus","corn",0
6099,"California","Stanislaus","dry peas",0
6099,"California","Stanislaus","oats",0
6099,"California","Stanislaus","rice_short/medium grain",0
6099,"California","Stanislaus","rice_temperate japonica",0
6099,"California","Stanislaus","wheat",0
6101,"California","Sutter","barley",2.00431516230927
6101,"California","Sutter","corn",36.7007612336538
6101,"California","Sutter","cotton",3.14383129361184
6101,"California","Sutter","dry peas",8.99912089779307
6101,"California","Sutter","grain sorghum",3.48564898755733
6101,"California","Sutter","lentils",0.132662304566286
6101,"California","Sutter","oats",2.97521750450809
6101,"California","Sutter","rice_long grain",24.994878270873
6101,"California","Sutter","rice_short/medium grain",265.539840455499
6101,"California","Sutter","rice_temperate japonica",1378.7579782019
6101,"California","Sutter","safflower",20.5734028544441
6101,"California","Sutter","soybeans",0.49323844837745
6101,"California","Sutter","sunflower",120.343229899338
6101,"California","Sutter","wheat",77.2115042570685
6103,"California","Tehama","barley",0
6103,"California","Tehama","corn",0
6103,"California","Tehama","oats",0
6103,"California","Tehama","rice_short/medium grain",0
6103,"California","Tehama","rice_temperate japonica",0
6103,"California","Tehama","safflower",0
6103,"California","Tehama","sunflower",0
6103,"California","Tehama","wheat",0
6107,"California","Tulare","barley",124.826832044125
6107,"California","Tulare","corn",5832.99605333555
6107,"California","Tulare","cotton",401.320253342097
6107,"California","Tulare","dry peas",42.8589718035024
6107,"California","Tulare","grain sorghum",0.0951289505490888
6107,"California","Tulare","oats",287.006672369708
6107,"California","Tulare","safflower",60.7058304980943
6107,"California","Tulare","wheat",4506.49783709244
6113,"California","Yolo","barley",0
6113,"California","Yolo","canola",0
6113,"California","Yolo","chickpeas_large",0
6113,"California","Yolo","chickpeas_small",0
6113,"California","Yolo","corn",0
6113,"California","Yolo","cotton",0
6113,"California","Yolo","dry peas",0
6113,"California","Yolo","grain sorghum",0
6113,"California","Yolo","mustard",0
6113,"California","Yolo","oats",0
6113,"California","Yolo","rice_long grain",0
6113,"California","Yolo","rice_short/medium grain",0
6113,"California","Yolo","rice_temperate japonica",0
6113,"California","Yolo","safflower",0
6113,"California","Yolo","sunflower",0
6113,"California","Yolo","wheat",0
6115,"California","Yuba","corn",0
6115,"California","Yuba","rice_long grain",0
6115,"California","Yuba","rice_short/medium grain",0
6115,"California","Yuba","rice_temperate japonica",0
6115,"California","Yuba","sunflower",0
6115,"California","Yuba","wheat",0
8001,"Colorado","Adams","barley",0
8001,"Colorado","Adams","corn",0
8001,"Colorado","Adams","dry peas",0
8001,"Colorado","Adams","grain sorghum",0
8001,"Colorado","Adams","oats",0
8001,"Colorado","Adams","soybeans",0
8001,"Colorado","Adams","sunflower",0
8001,"Colorado","Adams","wheat",0
8003,"Colorado","Alamosa","barley",7366.75392109506
8003,"Colorado","Alamosa","canola",92.0596405893927
8003,"Colorado","Alamosa","corn",108.339661240991
8003,"Colorado","Alamosa","mustard",2182.29800639276
8003,"Colorado","Alamosa","oats",1363.71724895576
8003,"Colorado","Alamosa","wheat",1810.59024915824
8005,"Colorado","Arapahoe","barley",0
8005,"Colorado","Arapahoe","corn",0
8005,"Colorado","Arapahoe","grain sorghum",0
8005,"Colorado","Arapahoe","oats",0
8005,"Colorado","Arapahoe","safflower",0
8005,"Colorado","Arapahoe","sunflower",0
8005,"Colorado","Arapahoe","wheat",0
8009,"Colorado","Baca","barley",147.051573389088
8009,"Colorado","Baca","canola",0.116968636676365
8009,"Colorado","Baca","corn",4804.97211894989
8009,"Colorado","Baca","cotton",0.0366618114955771
8009,"Colorado","Baca","dry peas",0.0733236229911542
8009,"Colorado","Baca","grain sorghum",5594.55032551587
8009,"Colorado","Baca","oats",171.858316771423
8009,"Colorado","Baca","soybeans",36.0815073936186
8009,"Colorado","Baca","sunflower",363.082659351204
8009,"Colorado","Baca","wheat",12265.9483998352
8011,"Colorado","Bent","barley",25.6725551664532
8011,"Colorado","Bent","corn",6540.63613471947
8011,"Colorado","Bent","grain sorghum",1562.83984497897
8011,"Colorado","Bent","oats",622.224417407144
8011,"Colorado","Bent","sunflower",37.5488445705567
8011,"Colorado","Bent","wheat",3879.48712077248
8013,"Colorado","Boulder","barley",0
8013,"Colorado","Boulder","corn",0
8013,"Colorado","Boulder","dry peas",0
8013,"Colorado","Boulder","grain sorghum",0
8013,"Colorado","Boulder","oats",0
8013,"Colorado","Boulder","sunflower",0
8013,"Colorado","Boulder","wheat",0
8014,"Colorado","Broomfield","corn",0
8014,"Colorado","Broomfield","oats",0
8014,"Colorado","Broomfield","wheat",0
8017,"Colorado","Cheyenne","barley",1.59701085315417
8017,"Colorado","Cheyenne","corn",9336.09407237259
8017,"Colorado","Cheyenne","dry peas",35.8028817367737
8017,"Colorado","Cheyenne","grain sorghum",8583.8658270512
8017,"Colorado","Cheyenne","oats",84.4458893435442
8017,"Colorado","Cheyenne","soybeans",32.2611062084378
8017,"Colorado","Cheyenne","sunflower",660.254249044646
8017,"Colorado","Cheyenne","wheat",23618.4379659415
8021,"Colorado","Conejos","barley",13173.3945754441
8021,"Colorado","Conejos","canola",665.298521311822
8021,"Colorado","Conejos","corn",76.9766884162439
8021,"Colorado","Conejos","dry peas",455.207145284345
8021,"Colorado","Conejos","oats",9176.0244704413
8021,"Colorado","Conejos","soybeans",54.9833488687456
8021,"Colorado","Conejos","wheat",1221.76666742944
8023,"Colorado","Costilla","barley",1708.01819552602
8023,"Colorado","Costilla","corn",16.9066237390081
8023,"Colorado","Costilla","dry peas",702.842491160744
8023,"Colorado","Costilla","oats",961.629013312748
8023,"Colorado","Costilla","wheat",1009.34024594031
8025,"Colorado","Crowley","corn",10838.734593613
8025,"Colorado","Crowley","grain sorghum",6892.88078885492
8025,"Colorado","Crowley","oats",2248.70162265875
8025,"Colorado","Crowley","wheat",6290.51574538524
8029,"Colorado","Delta","barley",52.5346912920454
8029,"Colorado","Delta","corn",5749.54014329633
8029,"Colorado","Delta","grain sorghum",36.3124434203376
8029,"Colorado","Delta","oats",333.426235106787
8029,"Colorado","Delta","soybeans",40.8582233744391
8029,"Colorado","Delta","wheat",129.433687213825
8031,"Colorado","Denver","corn",387.344703918222
8031,"Colorado","Denver","grain sorghum",33.0901924157958
8031,"Colorado","Denver","sunflower",179.432241258215
8031,"Colorado","Denver","wheat",846.092153052066
8033,"Colorado","Dolores","barley",0
8033,"Colorado","Dolores","corn",0
8033,"Colorado","Dolores","grain sorghum",0
8033,"Colorado","Dolores","oats",0
8033,"Colorado","Dolores","safflower",0
8033,"Colorado","Dolores","wheat",0
8035,"Colorado","Douglas","wheat",0
8037,"Colorado","Eagle","oats",4899.60643465275
8041,"Colorado","El Paso","oats",1354.57546311556
8039,"Colorado","Elbert","corn",0
8039,"Colorado","Elbert","grain sorghum",0
8039,"Colorado","Elbert","oats",0
8039,"Colorado","Elbert","sunflower",0
8039,"Colorado","Elbert","wheat",0
8043,"Colorado","Fremont","oats",1751.48158423184
8043,"Colorado","Fremont","soybeans",0.172957365131518
8043,"Colorado","Fremont","sunflower",0.345914730263036
8045,"Colorado","Garfield","barley",1460.65205206806
8045,"Colorado","Garfield","corn",1668.46840093953
8045,"Colorado","Garfield","oats",4032.5871857014
8045,"Colorado","Garfield","wheat",1187.52199355127
8055,"Colorado","Huerfano","barley",384.726749840197
8055,"Colorado","Huerfano","oats",397.649556778346
8061,"Colorado","Kiowa","barley",43.9595286225911
8061,"Colorado","Kiowa","corn",2732.2808493018
8061,"Colorado","Kiowa","grain sorghum",7880.41550251957
8061,"Colorado","Kiowa","oats",69.9412313507753
8061,"Colorado","Kiowa","soybeans",9.6449924732345
8061,"Colorado","Kiowa","sunflower",906.49286901636
8061,"Colorado","Kiowa","wheat",16307.9323845557
8063,"Colorado","Kit Carson","barley",55.1661920167098
8063,"Colorado","Kit Carson","corn",54230.5251609981
8063,"Colorado","Kit Carson","cotton",8.24506704537771
8063,"Colorado","Kit Carson","dry peas",98.0858990698925
8063,"Colorado","Kit Carson","grain sorghum",4999.46266652988
8063,"Colorado","Kit Carson","lentils",0.650169278525946
8063,"Colorado","Kit Carson","oats",1100.84859410745
8063,"Colorado","Kit Carson","safflower",39.3745583720875
8063,"Colorado","Kit Carson","soybeans",439.022681832171
8063,"Colorado","Kit Carson","sunflower",1045.9301952199
8063,"Colorado","Kit Carson","wheat",54724.2291888482
8067,"Colorado","La Plata","barley",599.835944928062
8067,"Colorado","La Plata","corn",130.080423580511
8067,"Colorado","La Plata","grain sorghum",703.471950277107
8067,"Colorado","La Plata","oats",725.651344225376
8067,"Colorado","La Plata","safflower",729.603675182658
8067,"Colorado","La Plata","soybeans",54.3551146263418
8067,"Colorado","La Plata","wheat",2786.91166337006
8069,"Colorado","Larimer","barley",57.4157167460161
8069,"Colorado","Larimer","corn",576.730760607584
8069,"Colorado","Larimer","grain sorghum",1.60914868436447
8069,"Colorado","Larimer","oats",8.88168393505438
8069,"Colorado","Larimer","wheat",145.647497463201
8071,"Colorado","Las Animas","corn",0
8071,"Colorado","Las Animas","dry peas",0
8071,"Colorado","Las Animas","grain sorghum",0
8071,"Colorado","Las Animas","oats",0
8071,"Colorado","Las Animas","wheat",0
8073,"Colorado","Lincoln","corn",862.871050705675
8073,"Colorado","Lincoln","cotton",1.88852641966666
8073,"Colorado","Lincoln","dry peas",1.08210699293312
8073,"Colorado","Lincoln","grain sorghum",210.455692791184
8073,"Colorado","Lincoln","oats",15.2285194578809
8073,"Colorado","Lincoln","sunflower",91.047949655796
8073,"Colorado","Lincoln","wheat",4077.77709838059
8075,"Colorado","Logan","barley",88.1116729000024
8075,"Colorado","Logan","corn",6407.86363001516
8075,"Colorado","Logan","dry peas",55.7350958538384
8075,"Colorado","Logan","grain sorghum",597.761865288043
8075,"Colorado","Logan","oats",248.61463217669
8075,"Colorado","Logan","soybeans",24.4576397840483
8075,"Colorado","Logan","sunflower",218.261864529764
8075,"Colorado","Logan","wheat",6789.74751196764
8077,"Colorado","Mesa","barley",145.884279586472
8077,"Colorado","Mesa","corn",4723.38428126917
8077,"Colorado","Mesa","oats",413.581187559826
8077,"Colorado","Mesa","sunflower",4.17237980431176
8077,"Colorado","Mesa","wheat",2736.10660291708
8081,"Colorado","Moffat","corn",234.232427062433
8081,"Colorado","Moffat","oats",189.583064742294
8081,"Colorado","Moffat","safflower",2423.19477649545
8081,"Colorado","Moffat","wheat",7681.71276404707
8083,"Colorado","Montezuma","barley",821.548740081153
8083,"Colorado","Montezuma","corn",2745.92084326029
8083,"Colorado","Montezuma","dry peas",556.555892620996
8083,"Colorado","Montezuma","flaxseed",17.1238668933034
8083,"Colorado","Montezuma","grain sorghum",609.156382572072
8083,"Colorado","Montezuma","oats",525.142662448374
8083,"Colorado","Montezuma","safflower",447.758900671249
8083,"Colorado","Montezuma","sunflower",122.99972860831
8083,"Colorado","Montezuma","wheat",7346.54785546002
8085,"Colorado","Montrose","barley",165.883045900404
8085,"Colorado","Montrose","corn",12698.5880662355
8085,"Colorado","Montrose","grain sorghum",30.02152705881
8085,"Colorado","Montrose","oats",855.311424718765
8085,"Colorado","Montrose","soybeans",66.5054838272937
8085,"Colorado","Montrose","sunflower",26.1573481981625
8085,"Colorado","Montrose","wheat",285.6028760134
8087,"Colorado","Morgan","barley",0
8087,"Colorado","Morgan","corn",0
8087,"Colorado","Morgan","dry peas",0
8087,"Colorado","Morgan","grain sorghum",0
8087,"Colorado","Morgan","lentils",0
8087,"Colorado","Morgan","oats",0
8087,"Colorado","Morgan","soybeans",0
8087,"Colorado","Morgan","sunflower",0
8087,"Colorado","Morgan","wheat",0
8089,"Colorado","Otero","canola",1.74345281610843
8089,"Colorado","Otero","corn",22786.8020805533
8089,"Colorado","Otero","cotton",0.714815654604457
8089,"Colorado","Otero","grain sorghum",263.536840777319
8089,"Colorado","Otero","oats",1898.57130006323
8089,"Colorado","Otero","soybeans",179.133965345754
8089,"Colorado","Otero","sunflower",39.6344940195317
8089,"Colorado","Otero","wheat",1699.7235325748
8095,"Colorado","Phillips","barley",57.4374467901624
8095,"Colorado","Phillips","corn",8150.98098450256
8095,"Colorado","Phillips","dry peas",171.687718698258
8095,"Colorado","Phillips","grain sorghum",325.852608933524
8095,"Colorado","Phillips","lentils",9.28045105792849
8095,"Colorado","Phillips","mustard",0.0300419241152258
8095,"Colorado","Phillips","oats",115.577791154832
8095,"Colorado","Phillips","soybeans",45.079409231102
8095,"Colorado","Phillips","sunflower",61.0391814173157
8095,"Colorado","Phillips","wheat",6094.24689531078
8097,"Colorado","Pitkin","oats",464.618136836646
8099,"Colorado","Prowers","barley",14.2247522555012
8099,"Colorado","Prowers","corn",5283.16911892673
8099,"Colorado","Prowers","grain sorghum",6342.97858460663
8099,"Colorado","Prowers","oats",124.982887069239
8099,"Colorado","Prowers","soybeans",16.8320449347337
8099,"Colorado","Prowers","sunflower",102.455867639422
8099,"Colorado","Prowers","wheat",17492.7201889659
8101,"Colorado","Pueblo","barley",641.615403162483
8101,"Colorado","Pueblo","corn",11570.1033803918
8101,"Colorado","Pueblo","grain sorghum",308.646428350943
8101,"Colorado","Pueblo","mustard",0.164415591216298
8101,"Colorado","Pueblo","oats",129.036644298375
8101,"Colorado","Pueblo","peanuts",1.31532472973039
8101,"Colorado","Pueblo","sunflower",103.992861444309
8101,"Colorado","Pueblo","wheat",3298.96924294861
8103,"Colorado","Rio Blanco","oats",581.235038516596
8103,"Colorado","Rio Blanco","safflower",400.762093125562
8103,"Colorado","Rio Blanco","wheat",1345.69206908091
8105,"Colorado","Rio Grande","barley",1448.46968596616
8105,"Colorado","Rio Grande","canola",181.517114026955
8105,"Colorado","Rio Grande","corn",14.4078003708253
8105,"Colorado","Rio Grande","dry peas",71.5995933464904
8105,"Colorado","Rio Grande","oats",144.872138141753
8105,"Colorado","Rio Grande","wheat",163.752119747683
8107,"Colorado","Routt","barley",0
8107,"Colorado","Routt","oats",0
8107,"Colorado","Routt","safflower",0
8107,"Colorado","Routt","wheat",0
8109,"Colorado","Saguache","barley",11948.2080419945
8109,"Colorado","Saguache","canola",1867.43581989518
8109,"Colorado","Saguache","dry peas",379.442058176367
8109,"Colorado","Saguache","flaxseed",64.7740485568916
8109,"Colorado","Saguache","oats",1700.20649960091
8109,"Colorado","Saguache","wheat",1779.77278171324
8113,"Colorado","San Miguel","oats",254.141220777229
8113,"Colorado","San Miguel","safflower",295.276834309461
8113,"Colorado","San Miguel","wheat",828.349945849475
8115,"Colorado","Sedgwick","barley",2.88175332367507
8115,"Colorado","Sedgwick","corn",6111.1999709652
8115,"Colorado","Sedgwick","dry peas",59.2136816819655
8115,"Colorado","Sedgwick","grain sorghum",375.739849651015
8115,"Colorado","Sedgwick","oats",116.815284560625
8115,"Colorado","Sedgwick","soybeans",127.788505238899
8115,"Colorado","Sedgwick","sunflower",171.323895173169
8115,"Colorado","Sedgwick","wheat",4147.01722273086
8121,"Colorado","Washington","barley",66.529989015438
8121,"Colorado","Washington","canola",0.259382657796424
8121,"Colorado","Washington","corn",13828.7150462513
8121,"Colorado","Washington","dry peas",156.351210533519
8121,"Colorado","Washington","grain sorghum",1747.09862795408
8121,"Colorado","Washington","oats",415.015178842726
8121,"Colorado","Washington","soybeans",39.0045008952028
8121,"Colorado","Washington","sunflower",219.337167834598
8121,"Colorado","Washington","wheat",31624.6532591445
8123,"Colorado","Weld","barley",0
8123,"Colorado","Weld","canola",0
8123,"Colorado","Weld","corn",0
8123,"Colorado","Weld","dry peas",0
8123,"Colorado","Weld","grain sorghum",0
8123,"Colorado","Weld","oats",0
8123,"Colorado","Weld","safflower",0
8123,"Colorado","Weld","soybeans",0
8123,"Colorado","Weld","sunflower",0
8123,"Colorado","Weld","wheat",0
8125,"Colorado","Yuma","barley",41.0266525114481
8125,"Colorado","Yuma","canola",3.83692656366957
8125,"Colorado","Yuma","corn",5898.9396199973
8125,"Colorado","Yuma","dry peas",52.3664621109594
8125,"Colorado","Yuma","grain sorghum",298.562829803459
8125,"Colorado","Yuma","oats",59.5232567445266
8125,"Colorado","Yuma","soybeans",61.2419591778244
8125,"Colorado","Yuma","sunflower",59.18213915459
8125,"Colorado","Yuma","wheat",2778.48857824094
9001,"Connecticut","Fairfield","corn",49.7174400514421
9003,"Connecticut","Hartford","barley",82.3589227549824
9003,"Connecticut","Hartford","corn",3592.88776403228
9003,"Connecticut","Hartford","oats",77.3429079253307
9003,"Connecticut","Hartford","soybeans",221.929847176144
9003,"Connecticut","Hartford","sunflower",3.94097634552446
9003,"Connecticut","Hartford","wheat",19.6549959510967
9005,"Connecticut","Litchfield","barley",47.4705165800072
9005,"Connecticut","Litchfield","corn",4249.66430708446
9005,"Connecticut","Litchfield","grain sorghum",11.5052355426782
9005,"Connecticut","Litchfield","oats",42.5858162596113
9005,"Connecticut","Litchfield","sunflower",1.86743351982817
9007,"Connecticut","Middlesex","corn",274.25917038674
9007,"Connecticut","Middlesex","soybeans",0.00247022472562049
9007,"Connecticut","Middlesex","sunflower",7.83061238021695
9009,"Connecticut","New Haven","corn",974.163028729047
9009,"Connecticut","New Haven","grain sorghum",15.8648920421506
9011,"Connecticut","New London","corn",6575.04731007127
9011,"Connecticut","New London","oats",15.9553950545865
9011,"Connecticut","New London","soybeans",14.6671788716854
9011,"Connecticut","New London","sunflower",17.7692958681782
9011,"Connecticut","New London","wheat",10.4905855970779
9013,"Connecticut","Tolland","barley",60.852247590336
9013,"Connecticut","Tolland","corn",3498.03527043598
9013,"Connecticut","Tolland","oats",75.2611218882177
9013,"Connecticut","Tolland","soybeans",60.1694886236056
9013,"Connecticut","Tolland","sunflower",2.9556665226424
9013,"Connecticut","Tolland","wheat",21.3556758482656
9015,"Connecticut","Windham","corn",6384.95963562477
9015,"Connecticut","Windham","grain sorghum",80.1749457790312
9015,"Connecticut","Windham","mustard",0.668777651333724
9015,"Connecticut","Windham","oats",5.38157016307606
9015,"Connecticut","Windham","soybeans",34.2853042816555
9015,"Connecticut","Windham","sunflower",2.34072177966804
9015,"Connecticut","Windham","wheat",24.4417332260872
10001,"Delaware","Kent","barley",107.405158357249
10001,"Delaware","Kent","canola",0.559273483143905
10001,"Delaware","Kent","corn",1008.78031953716
10001,"Delaware","Kent","grain sorghum",45.718833766078
10001,"Delaware","Kent","oats",0.828878413359017
10001,"Delaware","Kent","soybeans",1053.02027657106
10001,"Delaware","Kent","sunflower",0.903042161604237
10001,"Delaware","Kent","wheat",314.299050278986
10003,"Delaware","New Castle","barley",0
10003,"Delaware","New Castle","corn",0
10003,"Delaware","New Castle","grain sorghum",0
10003,"Delaware","New Castle","oats",0
10003,"Delaware","New Castle","soybeans",0
10003,"Delaware","New Castle","sunflower",0
10003,"Delaware","New Castle","wheat",0
10005,"Delaware","Sussex","barley",370.791198300843
10005,"Delaware","Sussex","corn",6653.0810921885
10005,"Delaware","Sussex","cotton",0.0788743572967223
10005,"Delaware","Sussex","grain sorghum",106.445341447579
10005,"Delaware","Sussex","oats",3.74187709149155
10005,"Delaware","Sussex","rapeseed",0.0607720457859991
10005,"Delaware","Sussex","soybeans",4698.7555802815
10005,"Delaware","Sussex","sunflower",0.696938993162841
10005,"Delaware","Sussex","wheat",1133.04488302107
12001,"Florida","Alachua","corn",0
12001,"Florida","Alachua","cotton",0
12001,"Florida","Alachua","grain sorghum",0
12001,"Florida","Alachua","oats",0
12001,"Florida","Alachua","peanuts",0
12001,"Florida","Alachua","soybeans",0
12001,"Florida","Alachua","sunflower",0
12003,"Florida","Baker","corn",0
12003,"Florida","Baker","oats",0
12007,"Florida","Bradford","soybeans",36.4160994699175
12009,"Florida","Brevard","corn",1178.41498635291
12009,"Florida","Brevard","soybeans",3.52535194017661
12013,"Florida","Calhoun","corn",0.799246807196891
12013,"Florida","Calhoun","cotton",3.36337258859586
12013,"Florida","Calhoun","oats",0.0211192556313117
12013,"Florida","Calhoun","peanuts",2.31332391050635
12013,"Florida","Calhoun","soybeans",0.676334341196093
12013,"Florida","Calhoun","wheat",0.0180682586099941
12015,"Florida","Charlotte","corn",1027.23183188749
12017,"Florida","Citrus","peanuts",801.504661331844
12023,"Florida","Columbia","corn",0
12023,"Florida","Columbia","grain sorghum",0
12023,"Florida","Columbia","oats",0
12023,"Florida","Columbia","peanuts",0
12023,"Florida","Columbia","sesame",0
12023,"Florida","Columbia","soybeans",0
12023,"Florida","Columbia","wheat",0
12025,"Florida","Dade, Monroe","corn",692.790300254964
12029,"Florida","Dixie","corn",1359.32000239396
12029,"Florida","Dixie","peanuts",3005.86161570099
12029,"Florida","Dixie","sesame",211.001391231801
12029,"Florida","Dixie","wheat",98.0640257873177
12031,"Florida","Duval","rice_short/medium grain",295.405112552544
12033,"Florida","Escambia","corn",0
12033,"Florida","Escambia","cotton",0
12033,"Florida","Escambia","grain sorghum",0
12033,"Florida","Escambia","oats",0
12033,"Florida","Escambia","peanuts",0
12033,"Florida","Escambia","soybeans",0
12035,"Florida","Flagler","corn",250.143932102952
12039,"Florida","Gadsden","corn",0
12039,"Florida","Gadsden","cotton",0
12039,"Florida","Gadsden","oats",0
12039,"Florida","Gadsden","peanuts",0
12039,"Florida","Gadsden","soybeans",0
12041,"Florida","Gilchrist","corn",2007.92987888187
12041,"Florida","Gilchrist","cotton",72.5407550172381
12041,"Florida","Gilchrist","oats",29.5725534831412
12041,"Florida","Gilchrist","peanuts",2535.9649427438
12041,"Florida","Gilchrist","wheat",332.961008651318
12043,"Florida","Glades","corn",8831.79206158106
12043,"Florida","Glades","peanuts",0
12043,"Florida","Glades","rice_long grain",0
12045,"Florida","Gulf","peanuts",0
12045,"Florida","Gulf","soybeans",0
12047,"Florida","Hamilton","barley",0
12047,"Florida","Hamilton","corn",0
12047,"Florida","Hamilton","cotton",0
12047,"Florida","Hamilton","dry peas",0
12047,"Florida","Hamilton","grain sorghum",0
12047,"Florida","Hamilton","oats",0
12047,"Florida","Hamilton","peanuts",0
12047,"Florida","Hamilton","soybeans",0
12047,"Florida","Hamilton","wheat",0
12051,"Florida","Hendry","corn",3154.24659917066
12051,"Florida","Hendry","rice_long grain",19485.1835873931
12055,"Florida","Highlands","corn",2723.53315460583
12057,"Florida","Hillsborough","peanuts",1102.08413911266
12059,"Florida","Holmes","corn",458.198122494396
12059,"Florida","Holmes","cotton",1034.56006417785
12059,"Florida","Holmes","grain sorghum",13.1189158260993
12059,"Florida","Holmes","oats",122.377498662839
12059,"Florida","Holmes","peanuts",1494.55431524483
12059,"Florida","Holmes","soybeans",549.447268459892
12059,"Florida","Holmes","sunflower",1.98282782482421
12059,"Florida","Holmes","wheat",41.5235490188274
12061,"Florida","Indian River","corn",1673.56549590564
12061,"Florida","Indian River","cotton",50.8523682467813
12061,"Florida","Indian River","grain sorghum",152.258220401305
12063,"Florida","Jackson","corn",0
12063,"Florida","Jackson","cotton",0
12063,"Florida","Jackson","grain sorghum",0
12063,"Florida","Jackson","oats",0
12063,"Florida","Jackson","peanuts",0
12063,"Florida","Jackson","sesame",0
12063,"Florida","Jackson","soybeans",0
12063,"Florida","Jackson","sunflower",0
12063,"Florida","Jackson","wheat",0
12065,"Florida","Jefferson","corn",0
12065,"Florida","Jefferson","cotton",0
12065,"Florida","Jefferson","dry peas",0
12065,"Florida","Jefferson","oats",0
12065,"Florida","Jefferson","peanuts",0
12065,"Florida","Jefferson","sesame",0
12065,"Florida","Jefferson","soybeans",0
12067,"Florida","Lafayette","corn",2024.16423573298
12067,"Florida","Lafayette","cotton",1069.81221288728
12067,"Florida","Lafayette","dry peas",104.550656725579
12067,"Florida","Lafayette","oats",635.378392480875
12067,"Florida","Lafayette","peanuts",1720.59024435312
12067,"Florida","Lafayette","soybeans",97.8000509419726
12067,"Florida","Lafayette","sunflower",3.4070636546861
12067,"Florida","Lafayette","wheat",102.899097055681
12073,"Florida","Leon","corn",0
12073,"Florida","Leon","grain sorghum",0
12073,"Florida","Leon","oats",0
12073,"Florida","Leon","peanuts",0
12073,"Florida","Leon","soybeans",0
12073,"Florida","Leon","sunflower",0
12075,"Florida","Levy","corn",0
12075,"Florida","Levy","cotton",0
12075,"Florida","Levy","grain sorghum",0
12075,"Florida","Levy","oats",0
12075,"Florida","Levy","peanuts",0
12075,"Florida","Levy","wheat",0
12077,"Florida","Liberty","peanuts",91.7335233648261
12079,"Florida","Madison","barley",70.419951811219
12079,"Florida","Madison","corn",4409.90121216721
12079,"Florida","Madison","cotton",1216.40811410805
12079,"Florida","Madison","dry peas",24.2190165759579
12079,"Florida","Madison","grain sorghum",53.116248519512
12079,"Florida","Madison","oats",476.30305581754
12079,"Florida","Madison","peanuts",5295.32131884153
12079,"Florida","Madison","soybeans",646.50184488786
12079,"Florida","Madison","sunflower",4.58806720128344
12079,"Florida","Madison","wheat",2.3723201661238
12081,"Florida","Manatee","corn",742.218870336914
12083,"Florida","Marion","corn",0
12083,"Florida","Marion","cotton",0
12083,"Florida","Marion","oats",0
12083,"Florida","Marion","peanuts",0
12083,"Florida","Marion","sunflower",0
12085,"Florida","Martin","corn",7230.80497811863
12089,"Florida","Nassau","corn",0
12091,"Florida","Okaloosa","corn",0
12091,"Florida","Okaloosa","cotton",0
12091,"Florida","Okaloosa","oats",0
12091,"Florida","Okaloosa","peanuts",0
12091,"Florida","Okaloosa","soybeans",0
12091,"Florida","Okaloosa","wheat",0
12093,"Florida","Okeechobee","corn",0
12097,"Florida","Osceola","corn",0
12097,"Florida","Osceola","cotton",0
12099,"Florida","Palm Beach","corn",437.669859173402
12099,"Florida","Palm Beach","rice_long grain",22039.4321944964
12099,"Florida","Palm Beach","soybeans",1.10169370748711
12101,"Florida","Pasco","peanuts",0.0639274773842065
12107,"Florida","Putnam","corn",0
12107,"Florida","Putnam","oats",0
12107,"Florida","Putnam","peanuts",0
12107,"Florida","Putnam","rapeseed",0
12113,"Florida","Santa Rosa","corn",0
12113,"Florida","Santa Rosa","cotton",0
12113,"Florida","Santa Rosa","grain sorghum",0
12113,"Florida","Santa Rosa","oats",0
12113,"Florida","Santa Rosa","peanuts",0
12113,"Florida","Santa Rosa","soybeans",0
12113,"Florida","Santa Rosa","sunflower",0
12113,"Florida","Santa Rosa","wheat",0
12109,"Florida","St. Johns","corn",0
12111,"Florida","St. Lucie","corn",3609.74053865861
12111,"Florida","St. Lucie","grain sorghum",1075.18915397034
12119,"Florida","Sumter","oats",0
12119,"Florida","Sumter","peanuts",0
12121,"Florida","Suwannee","corn",5688.26161877375
12121,"Florida","Suwannee","cotton",275.135063505943
12121,"Florida","Suwannee","dry peas",697.487393561623
12121,"Florida","Suwannee","grain sorghum",1.94891136610773
12121,"Florida","Suwannee","oats",263.956557658726
12121,"Florida","Suwannee","peanuts",6344.58800428318
12121,"Florida","Suwannee","rapeseed",63.8543318874989
12121,"Florida","Suwannee","soybeans",478.151661350796
12121,"Florida","Suwannee","wheat",26.346949639082
12125,"Florida","Union","corn",0
12129,"Florida","Wakulla","corn",0
12129,"Florida","Wakulla","peanuts",0
12131,"Florida","Walton","corn",206.31864605204
12131,"Florida","Walton","cotton",549.338152305158
12131,"Florida","Walton","grain sorghum",9.88784568476427
12131,"Florida","Walton","oats",109.616630142415
12131,"Florida","Walton","peanuts",675.182721414468
12131,"Florida","Walton","soybeans",182.94458036688
12131,"Florida","Walton","sunflower",0.903962732113144
12131,"Florida","Walton","wheat",23.2371153312451
12133,"Florida","Washington","corn",87.6035303938384
12133,"Florida","Washington","cotton",413.334926398612
12133,"Florida","Washington","oats",10.1525390647823
12133,"Florida","Washington","peanuts",397.267788962206
12133,"Florida","Washington","soybeans",139.805039560496
12133,"Florida","Washington","wheat",17.4495384674485
13001,"Georgia","Appling","corn",184.323696882533
13001,"Georgia","Appling","cotton",963.62080906152
13001,"Georgia","Appling","grain sorghum",3.93090842581667
13001,"Georgia","Appling","oats",5.19898171495866
13001,"Georgia","Appling","peanuts",563.096911218023
13001,"Georgia","Appling","sesame",26.1960266612385
13001,"Georgia","Appling","soybeans",61.5487064212124
13001,"Georgia","Appling","sunflower",0.251991460674017
13001,"Georgia","Appling","wheat",16.5293729346316
13003,"Georgia","Atkinson","corn",722.455797750193
13003,"Georgia","Atkinson","cotton",4087.10074931364
13003,"Georgia","Atkinson","grain sorghum",13.3770290214782
13003,"Georgia","Atkinson","oats",28.3435724645702
13003,"Georgia","Atkinson","peanuts",3149.17440164596
13003,"Georgia","Atkinson","soybeans",51.0530148311403
13003,"Georgia","Atkinson","sunflower",2.20744181661713
13003,"Georgia","Atkinson","wheat",1.93193900967488
13005,"Georgia","Bacon","corn",204.377780881972
13005,"Georgia","Bacon","cotton",897.881408136185
13005,"Georgia","Bacon","grain sorghum",16.0139143328844
13005,"Georgia","Bacon","peanuts",421.93630167941
13005,"Georgia","Bacon","soybeans",26.8759895029467
13005,"Georgia","Bacon","sunflower",2.58542029610758
13005,"Georgia","Bacon","wheat",18.2425981158733
13007,"Georgia","Baker","corn",0
13007,"Georgia","Baker","cotton",0
13007,"Georgia","Baker","grain sorghum",0
13007,"Georgia","Baker","oats",0
13007,"Georgia","Baker","peanuts",0
13007,"Georgia","Baker","soybeans",0
13007,"Georgia","Baker","sunflower",0
13007,"Georgia","Baker","wheat",0
13009,"Georgia","Baldwin","wheat",0
13011,"Georgia","Banks","corn",409.2251873677
13011,"Georgia","Banks","grain sorghum",74.739873083987
13011,"Georgia","Banks","oats",27.0173313304087
13011,"Georgia","Banks","soybeans",270.742736879212
13011,"Georgia","Banks","wheat",324.234478391938
13015,"Georgia","Bartow","canola",0
13015,"Georgia","Bartow","corn",0
13015,"Georgia","Bartow","cotton",0
13015,"Georgia","Bartow","oats",0
13015,"Georgia","Bartow","soybeans",0
13015,"Georgia","Bartow","sunflower",0
13015,"Georgia","Bartow","wheat",0
13017,"Georgia","Ben Hill","corn",60.0494494391994
13017,"Georgia","Ben Hill","cotton",187.973512907199
13017,"Georgia","Ben Hill","grain sorghum",3.10546981395359
13017,"Georgia","Ben Hill","oats",6.02957817431138
13017,"Georgia","Ben Hill","peanuts",160.186033552408
13017,"Georgia","Ben Hill","soybeans",6.05316356519925
13017,"Georgia","Ben Hill","sunflower",0.454063784879465
13017,"Georgia","Ben Hill","wheat",6.46577287487313
13019,"Georgia","Berrien","corn",678.19487237909
13019,"Georgia","Berrien","cotton",2474.28081185079
13019,"Georgia","Berrien","grain sorghum",14.9778507354337
13019,"Georgia","Berrien","oats",26.6247484843701
13019,"Georgia","Berrien","peanuts",2146.49950354117
13019,"Georgia","Berrien","soybeans",169.719042791213
13019,"Georgia","Berrien","sunflower",3.61043079249064
13019,"Georgia","Berrien","wheat",60.302984453335
13021,"Georgia","Bibb","corn",0
13021,"Georgia","Bibb","oats",0
13021,"Georgia","Bibb","peanuts",0
13021,"Georgia","Bibb","soybeans",0
13021,"Georgia","Bibb","sunflower",0
13021,"Georgia","Bibb","wheat",0
13023,"Georgia","Bleckley","corn",0
13023,"Georgia","Bleckley","cotton",0
13023,"Georgia","Bleckley","grain sorghum",0
13023,"Georgia","Bleckley","oats",0
13023,"Georgia","Bleckley","peanuts",0
13023,"Georgia","Bleckley","soybeans",0
13023,"Georgia","Bleckley","sunflower",0
13023,"Georgia","Bleckley","wheat",0
13025,"Georgia","Brantley","corn",0
13025,"Georgia","Brantley","cotton",0
13025,"Georgia","Brantley","dry peas",0
13025,"Georgia","Brantley","peanuts",0
13025,"Georgia","Brantley","soybeans",0
13027,"Georgia","Brooks","canola",2.45961123245028
13027,"Georgia","Brooks","corn",56.3811880023413
13027,"Georgia","Brooks","cotton",279.639328214484
13027,"Georgia","Brooks","dry peas",0.0128074431038831
13027,"Georgia","Brooks","grain sorghum",1.48182116711928
13027,"Georgia","Brooks","oats",8.02111241509795
13027,"Georgia","Brooks","peanuts",94.4500464382361
13027,"Georgia","Brooks","sesame",0.0962377471868489
13027,"Georgia","Brooks","soybeans",51.6452429590399
13027,"Georgia","Brooks","sunflower",0.127346735407929
13027,"Georgia","Brooks","wheat",13.5642465600217
13029,"Georgia","Bryan","corn",0
13029,"Georgia","Bryan","cotton",0
13029,"Georgia","Bryan","peanuts",0
13031,"Georgia","Bulloch","corn",0
13031,"Georgia","Bulloch","cotton",0
13031,"Georgia","Bulloch","grain sorghum",0
13031,"Georgia","Bulloch","oats",0
13031,"Georgia","Bulloch","peanuts",0
13031,"Georgia","Bulloch","rice_short/medium grain",0
13031,"Georgia","Bulloch","sesame",0
13031,"Georgia","Bulloch","soybeans",0
13031,"Georgia","Bulloch","sunflower",0
13031,"Georgia","Bulloch","wheat",0
13033,"Georgia","Burke","corn",0
13033,"Georgia","Burke","cotton",0
13033,"Georgia","Burke","grain sorghum",0
13033,"Georgia","Burke","oats",0
13033,"Georgia","Burke","peanuts",0
13033,"Georgia","Burke","sesame",0
13033,"Georgia","Burke","soybeans",0
13033,"Georgia","Burke","sunflower",0
13033,"Georgia","Burke","wheat",0
13035,"Georgia","Butts","oats",0
13035,"Georgia","Butts","sesame",0
13035,"Georgia","Butts","soybeans",0
13037,"Georgia","Calhoun","corn",0
13037,"Georgia","Calhoun","cotton",0
13037,"Georgia","Calhoun","grain sorghum",0
13037,"Georgia","Calhoun","oats",0
13037,"Georgia","Calhoun","peanuts",0
13037,"Georgia","Calhoun","sesame",0
13037,"Georgia","Calhoun","soybeans",0
13037,"Georgia","Calhoun","wheat",0
13043,"Georgia","Candler","corn",0
13043,"Georgia","Candler","cotton",0
13043,"Georgia","Candler","grain sorghum",0
13043,"Georgia","Candler","oats",0
13043,"Georgia","Candler","peanuts",0
13043,"Georgia","Candler","sesame",0
13043,"Georgia","Candler","soybeans",0
13043,"Georgia","Candler","sunflower",0
13043,"Georgia","Candler","wheat",0
13045,"Georgia","Carroll","corn",1101.04512575636
13045,"Georgia","Carroll","soybeans",609.126228109352
13047,"Georgia","Catoosa","corn",0
13047,"Georgia","Catoosa","soybeans",0
13047,"Georgia","Catoosa","sunflower",0
13047,"Georgia","Catoosa","wheat",0
13049,"Georgia","Charlton","corn",0
13049,"Georgia","Charlton","dry peas",0
13051,"Georgia","Chatham","corn",0
13051,"Georgia","Chatham","cotton",0
13055,"Georgia","Chattooga","corn",568.853772725241
13055,"Georgia","Chattooga","cotton",228.242326688477
13055,"Georgia","Chattooga","soybeans",242.141448655616
13055,"Georgia","Chattooga","wheat",101.439183458381
13057,"Georgia","Cherokee","corn",195.209170566785
13059,"Georgia","Clarke","corn",0
13059,"Georgia","Clarke","cotton",0
13059,"Georgia","Clarke","grain sorghum",0
13059,"Georgia","Clarke","oats",0
13059,"Georgia","Clarke","soybeans",0
13059,"Georgia","Clarke","wheat",0
13061,"Georgia","Clay","corn",0
13061,"Georgia","Clay","cotton",0
13061,"Georgia","Clay","grain sorghum",0
13061,"Georgia","Clay","oats",0
13061,"Georgia","Clay","peanuts",0
13061,"Georgia","Clay","soybeans",0
13061,"Georgia","Clay","wheat",0
13065,"Georgia","Clinch","corn",85.7914792591017
13065,"Georgia","Clinch","cotton",29.755970568382
13065,"Georgia","Clinch","peanuts",78.2884949616662
13065,"Georgia","Clinch","soybeans",23.5734916186688
13065,"Georgia","Clinch","wheat",23.6217215376119
13069,"Georgia","Coffee","corn",380.278779107142
13069,"Georgia","Coffee","cotton",1997.86648988362
13069,"Georgia","Coffee","grain sorghum",6.86057048864278
13069,"Georgia","Coffee","oats",19.7791482417562
13069,"Georgia","Coffee","peanuts",1459.35933349638
13069,"Georgia","Coffee","soybeans",77.3539802994119
13069,"Georgia","Coffee","sunflower",3.21406395110517
13069,"Georgia","Coffee","wheat",10.4419528315932
13071,"Georgia","Colquitt","corn",362.957991592575
13071,"Georgia","Colquitt","cotton",3246.86454290985
13071,"Georgia","Colquitt","grain sorghum",20.9113576737893
13071,"Georgia","Colquitt","oats",18.2210622009472
13071,"Georgia","Colquitt","peanuts",1533.55939367014
13071,"Georgia","Colquitt","soybeans",23.1227661786697
13071,"Georgia","Colquitt","sunflower",0.131759796087549
13071,"Georgia","Colquitt","wheat",56.254964721212
13075,"Georgia","Cook","corn",70.4893946845224
13075,"Georgia","Cook","cotton",312.11561558419
13075,"Georgia","Cook","grain sorghum",2.16209782298576
13075,"Georgia","Cook","oats",4.18576338874379
13075,"Georgia","Cook","peanuts",166.110112755062
13075,"Georgia","Cook","soybeans",20.941072168486
13075,"Georgia","Cook","sunflower",4.59691754923813
13075,"Georgia","Cook","wheat",1.7286771273513
13077,"Georgia","Coweta","corn",0
13077,"Georgia","Coweta","soybeans",0
13077,"Georgia","Coweta","wheat",0
13079,"Georgia","Crawford","corn",0
13079,"Georgia","Crawford","cotton",0
13079,"Georgia","Crawford","grain sorghum",0
13079,"Georgia","Crawford","oats",0
13079,"Georgia","Crawford","peanuts",0
13079,"Georgia","Crawford","soybeans",0
13079,"Georgia","Crawford","sunflower",0
13079,"Georgia","Crawford","wheat",0
13081,"Georgia","Crisp","corn",25.6076355483601
13081,"Georgia","Crisp","cotton",286.632985890681
13081,"Georgia","Crisp","grain sorghum",21.5383398247403
13081,"Georgia","Crisp","oats",4.89113632486572
13081,"Georgia","Crisp","peanuts",95.198857795369
13081,"Georgia","Crisp","sesame",2.3753352093011
13081,"Georgia","Crisp","soybeans",1.52030147983691
13081,"Georgia","Crisp","sunflower",0.444776500988464
13081,"Georgia","Crisp","wheat",7.9331005584842
13083,"Georgia","Dade","corn",265.028984244769
13083,"Georgia","Dade","grain sorghum",11.8877416169888
13083,"Georgia","Dade","soybeans",273.868162157889
13083,"Georgia","Dade","wheat",42.4493166102577
13085,"Georgia","Dawson","corn",0
13085,"Georgia","Dawson","soybeans",0
13087,"Georgia","Decatur","corn",1155.91953784336
13087,"Georgia","Decatur","cotton",1634.09912346768
13087,"Georgia","Decatur","grain sorghum",59.6049393943551
13087,"Georgia","Decatur","oats",201.792605681011
13087,"Georgia","Decatur","peanuts",1654.93230698628
13087,"Georgia","Decatur","sesame",0.696561556348891
13087,"Georgia","Decatur","soybeans",94.2669820876488
13087,"Georgia","Decatur","sunflower",8.54614222607886
13087,"Georgia","Decatur","wheat",48.7383826240412
13091,"Georgia","Dodge","corn",0
13091,"Georgia","Dodge","cotton",0
13091,"Georgia","Dodge","grain sorghum",0
13091,"Georgia","Dodge","oats",0
13091,"Georgia","Dodge","peanuts",0
13091,"Georgia","Dodge","sesame",0
13091,"Georgia","Dodge","soybeans",0
13091,"Georgia","Dodge","sunflower",0
13091,"Georgia","Dodge","wheat",0
13093,"Georgia","Dooly","corn",0
13093,"Georgia","Dooly","cotton",0
13093,"Georgia","Dooly","grain sorghum",0
13093,"Georgia","Dooly","oats",0
13093,"Georgia","Dooly","peanuts",0
13093,"Georgia","Dooly","rice_short/medium grain",0
13093,"Georgia","Dooly","soybeans",0
13093,"Georgia","Dooly","sunflower",0
13093,"Georgia","Dooly","wheat",0
13095,"Georgia","Dougherty","corn",0
13095,"Georgia","Dougherty","cotton",0
13095,"Georgia","Dougherty","grain sorghum",0
13095,"Georgia","Dougherty","oats",0
13095,"Georgia","Dougherty","peanuts",0
13095,"Georgia","Dougherty","soybeans",0
13095,"Georgia","Dougherty","sunflower",0
13095,"Georgia","Dougherty","wheat",0
13099,"Georgia","Early","corn",0
13099,"Georgia","Early","cotton",0
13099,"Georgia","Early","dry peas",0
13099,"Georgia","Early","grain sorghum",0
13099,"Georgia","Early","oats",0
13099,"Georgia","Early","peanuts",0
13099,"Georgia","Early","soybeans",0
13099,"Georgia","Early","sunflower",0
13099,"Georgia","Early","wheat",0
13101,"Georgia","Echols","corn",0
13101,"Georgia","Echols","cotton",0
13101,"Georgia","Echols","oats",0
13101,"Georgia","Echols","peanuts",0
13101,"Georgia","Echols","sesame",0
13101,"Georgia","Echols","soybeans",0
13101,"Georgia","Echols","sunflower",0
13103,"Georgia","Effingham","corn",0
13103,"Georgia","Effingham","cotton",0
13103,"Georgia","Effingham","grain sorghum",0
13103,"Georgia","Effingham","peanuts",0
13103,"Georgia","Effingham","soybeans",0
13103,"Georgia","Effingham","sunflower",0
13103,"Georgia","Effingham","wheat",0
13105,"Georgia","Elbert","corn",0
13105,"Georgia","Elbert","cotton",0
13105,"Georgia","Elbert","soybeans",0
13105,"Georgia","Elbert","sunflower",0
13105,"Georgia","Elbert","wheat",0
13107,"Georgia","Emanuel","corn",0
13107,"Georgia","Emanuel","cotton",0
13107,"Georgia","Emanuel","grain sorghum",0
13107,"Georgia","Emanuel","oats",0
13107,"Georgia","Emanuel","peanuts",0
13107,"Georgia","Emanuel","sesame",0
13107,"Georgia","Emanuel","soybeans",0
13107,"Georgia","Emanuel","sunflower",0
13107,"Georgia","Emanuel","wheat",0
13109,"Georgia","Evans","corn",0
13109,"Georgia","Evans","cotton",0
13109,"Georgia","Evans","dry peas",0
13109,"Georgia","Evans","grain sorghum",0
13109,"Georgia","Evans","peanuts",0
13109,"Georgia","Evans","soybeans",0
13109,"Georgia","Evans","wheat",0
13111,"Georgia","Fannin","corn",62.3253043833585
13115,"Georgia","Floyd","corn",563.897480400342
13115,"Georgia","Floyd","cotton",584.087412927242
13115,"Georgia","Floyd","grain sorghum",17.5294692104338
13115,"Georgia","Floyd","peanuts",44.8131931241511
13115,"Georgia","Floyd","soybeans",232.930521082694
13115,"Georgia","Floyd","sunflower",10.1867473900483
13115,"Georgia","Floyd","wheat",56.993654569348
13117,"Georgia","Forsyth","corn",0
13117,"Georgia","Forsyth","wheat",0
13119,"Georgia","Franklin","corn",110.05781752308
13119,"Georgia","Franklin","cotton",12.7017730479609
13119,"Georgia","Franklin","grain sorghum",87.5891022450509
13119,"Georgia","Franklin","oats",40.1156853763626
13119,"Georgia","Franklin","soybeans",191.807646285128
13119,"Georgia","Franklin","wheat",130.193767260209
13121,"Georgia","Fulton","corn",52.6460668431679
13123,"Georgia","Gilmer","corn",171.583140157005
13123,"Georgia","Gilmer","soybeans",161.927347177312
13123,"Georgia","Gilmer","wheat",70.750860169622
13125,"Georgia","Glascock","corn",0
13125,"Georgia","Glascock","cotton",0
13125,"Georgia","Glascock","grain sorghum",0
13125,"Georgia","Glascock","oats",0
13125,"Georgia","Glascock","peanuts",0
13125,"Georgia","Glascock","sesame",0
13125,"Georgia","Glascock","soybeans",0
13125,"Georgia","Glascock","wheat",0
13129,"Georgia","Gordon","barley",7.24217695668851
13129,"Georgia","Gordon","canola",22.7254731058805
13129,"Georgia","Gordon","corn",111.40650838917
13129,"Georgia","Gordon","cotton",19.2470686250855
13129,"Georgia","Gordon","grain sorghum",3.70939830385446
13129,"Georgia","Gordon","oats",7.94990886615404
13129,"Georgia","Gordon","soybeans",146.17127157583
13129,"Georgia","Gordon","sunflower",6.06766913181697
13129,"Georgia","Gordon","wheat",18.3056627472012
13131,"Georgia","Grady","corn",0
13131,"Georgia","Grady","cotton",0
13131,"Georgia","Grady","dry peas",0
13131,"Georgia","Grady","grain sorghum",0
13131,"Georgia","Grady","oats",0
13131,"Georgia","Grady","peanuts",0
13131,"Georgia","Grady","soybeans",0
13131,"Georgia","Grady","sunflower",0
13131,"Georgia","Grady","wheat",0
13133,"Georgia","Greene","corn",651.792822451543
13133,"Georgia","Greene","cotton",7.76724259197984
13133,"Georgia","Greene","soybeans",291.423058429788
13133,"Georgia","Greene","sunflower",3.88362129598992
13133,"Georgia","Greene","wheat",555.149683225093
13137,"Georgia","Habersham","corn",254.593470870684
13137,"Georgia","Habersham","soybeans",23.1317651603905
13137,"Georgia","Habersham","wheat",132.474372451482
13139,"Georgia","Hall","corn",59.7237339236604
13139,"Georgia","Hall","oats",1.58351052030329
13139,"Georgia","Hall","soybeans",1.57904592573112
13139,"Georgia","Hall","wheat",11.2848715895201
13141,"Georgia","Hancock","cotton",0
13141,"Georgia","Hancock","wheat",0
13143,"Georgia","Haralson","corn",0
13145,"Georgia","Harris","corn",7.99695137677887
13147,"Georgia","Hart","corn",59.4923274716495
13147,"Georgia","Hart","cotton",2.53303529477574
13147,"Georgia","Hart","grain sorghum",5.92986377603972
13147,"Georgia","Hart","oats",6.71439266348029
13147,"Georgia","Hart","soybeans",108.025979214099
13147,"Georgia","Hart","sunflower",0.633672808542721
13147,"Georgia","Hart","wheat",70.1678375642798
13149,"Georgia","Heard","corn",0
13149,"Georgia","Heard","soybeans",0
13151,"Georgia","Henry","corn",0
13151,"Georgia","Henry","oats",0
13151,"Georgia","Henry","soybeans",0
13151,"Georgia","Henry","wheat",0
13153,"Georgia","Houston","corn",0
13153,"Georgia","Houston","cotton",0
13153,"Georgia","Houston","grain sorghum",0
13153,"Georgia","Houston","oats",0
13153,"Georgia","Houston","peanuts",0
13153,"Georgia","Houston","rapeseed",0
13153,"Georgia","Houston","soybeans",0
13153,"Georgia","Houston","sunflower",0
13153,"Georgia","Houston","wheat",0
13155,"Georgia","Irwin","corn",0
13155,"Georgia","Irwin","cotton",0
13155,"Georgia","Irwin","dry peas",0
13155,"Georgia","Irwin","grain sorghum",0
13155,"Georgia","Irwin","oats",0
13155,"Georgia","Irwin","peanuts",0
13155,"Georgia","Irwin","sesame",0
13155,"Georgia","Irwin","soybeans",0
13155,"Georgia","Irwin","sunflower",0
13155,"Georgia","Irwin","wheat",0
13157,"Georgia","Jackson","corn",8.55479622201134
13157,"Georgia","Jackson","grain sorghum",5.17583088222715
13157,"Georgia","Jackson","oats",6.02260553720778
13157,"Georgia","Jackson","soybeans",10.1526910851284
13157,"Georgia","Jackson","wheat",36.611783732214
13159,"Georgia","Jasper","corn",210.98863489627
13159,"Georgia","Jasper","cotton",53.0353094508933
13159,"Georgia","Jasper","grain sorghum",64.2475991225128
13159,"Georgia","Jasper","oats",206.497822506958
13159,"Georgia","Jasper","soybeans",68.7000284999509
13159,"Georgia","Jasper","wheat",79.6697820385665
13161,"Georgia","Jeff Davis","corn",366.126012238439
13161,"Georgia","Jeff Davis","cotton",1314.69604672106
13161,"Georgia","Jeff Davis","grain sorghum",15.2962204333045
13161,"Georgia","Jeff Davis","oats",17.2882598378127
13161,"Georgia","Jeff Davis","peanuts",944.82586548575
13161,"Georgia","Jeff Davis","soybeans",63.0884009554689
13161,"Georgia","Jeff Davis","sunflower",3.59529414489811
13161,"Georgia","Jeff Davis","wheat",54.0350328454832
13163,"Georgia","Jefferson","barley",0
13163,"Georgia","Jefferson","canola",0
13163,"Georgia","Jefferson","corn",0
13163,"Georgia","Jefferson","cotton",0
13163,"Georgia","Jefferson","grain sorghum",0
13163,"Georgia","Jefferson","oats",0
13163,"Georgia","Jefferson","peanuts",0
13163,"Georgia","Jefferson","sesame",0
13163,"Georgia","Jefferson","soybeans",0
13163,"Georgia","Jefferson","sunflower",0
13163,"Georgia","Jefferson","wheat",0
13165,"Georgia","Jenkins","corn",0
13165,"Georgia","Jenkins","cotton",0
13165,"Georgia","Jenkins","grain sorghum",0
13165,"Georgia","Jenkins","oats",0
13165,"Georgia","Jenkins","peanuts",0
13165,"Georgia","Jenkins","sesame",0
13165,"Georgia","Jenkins","soybeans",0
13165,"Georgia","Jenkins","sunflower",0
13165,"Georgia","Jenkins","wheat",0
13167,"Georgia","Johnson","corn",0
13167,"Georgia","Johnson","cotton",0
13167,"Georgia","Johnson","dry peas",0
13167,"Georgia","Johnson","grain sorghum",0
13167,"Georgia","Johnson","oats",0
13167,"Georgia","Johnson","peanuts",0
13167,"Georgia","Johnson","sesame",0
13167,"Georgia","Johnson","soybeans",0
13167,"Georgia","Johnson","sunflower",0
13167,"Georgia","Johnson","wheat",0
13169,"Georgia","Jones","grain sorghum",369.93018630231
13171,"Georgia","Lamar","corn",0
13171,"Georgia","Lamar","cotton",0
13171,"Georgia","Lamar","oats",0
13171,"Georgia","Lamar","soybeans",0
13171,"Georgia","Lamar","wheat",0
13173,"Georgia","Lanier","corn",653.334655543013
13173,"Georgia","Lanier","cotton",1745.60425281445
13173,"Georgia","Lanier","oats",14.3572379032263
13173,"Georgia","Lanier","peanuts",1502.38031167772
13173,"Georgia","Lanier","soybeans",82.1857212475313
13173,"Georgia","Lanier","sunflower",5.14859965791928
13175,"Georgia","Laurens","barley",0
13175,"Georgia","Laurens","canola",0
13175,"Georgia","Laurens","corn",0
13175,"Georgia","Laurens","cotton",0
13175,"Georgia","Laurens","dry peas",0
13175,"Georgia","Laurens","grain sorghum",0
13175,"Georgia","Laurens","oats",0
13175,"Georgia","Laurens","peanuts",0
13175,"Georgia","Laurens","rapeseed",0
13175,"Georgia","Laurens","sesame",0
13175,"Georgia","Laurens","soybeans",0
13175,"Georgia","Laurens","sunflower",0
13175,"Georgia","Laurens","wheat",0
13177,"Georgia","Lee","corn",0
13177,"Georgia","Lee","cotton",0
13177,"Georgia","Lee","grain sorghum",0
13177,"Georgia","Lee","oats",0
13177,"Georgia","Lee","peanuts",0
13177,"Georgia","Lee","sesame",0
13177,"Georgia","Lee","soybeans",0
13177,"Georgia","Lee","sunflower",0
13177,"Georgia","Lee","wheat",0
13179,"Georgia","Liberty","corn",48.5157089796874
13179,"Georgia","Liberty","cotton",49.829342759394
13179,"Georgia","Liberty","peanuts",28.6337205451715
13181,"Georgia","Lincoln","oats",0
13183,"Georgia","Long","corn",0
13183,"Georgia","Long","cotton",0
13183,"Georgia","Long","peanuts",0
13183,"Georgia","Long","soybeans",0
13183,"Georgia","Long","wheat",0
13185,"Georgia","Lowndes","corn",183.628496650107
13185,"Georgia","Lowndes","cotton",949.79082301979
13185,"Georgia","Lowndes","oats",1.44789175658941
13185,"Georgia","Lowndes","peanuts",581.383023901191
13185,"Georgia","Lowndes","soybeans",148.232798512316
13185,"Georgia","Lowndes","wheat",24.7013014955183
13187,"Georgia","Lumpkin","corn",0
13193,"Georgia","Macon","corn",0
13193,"Georgia","Macon","cotton",0
13193,"Georgia","Macon","grain sorghum",0
13193,"Georgia","Macon","oats",0
13193,"Georgia","Macon","peanuts",0
13193,"Georgia","Macon","rapeseed",0
13193,"Georgia","Macon","sesame",0
13193,"Georgia","Macon","soybeans",0
13193,"Georgia","Macon","sunflower",0
13193,"Georgia","Macon","wheat",0
13195,"Georgia","Madison","canola",15.1581775187952
13195,"Georgia","Madison","corn",32.6126687453449
13195,"Georgia","Madison","cotton",0.591284815056764
13195,"Georgia","Madison","grain sorghum",17.3837735626689
13195,"Georgia","Madison","oats",18.8428279723029
13195,"Georgia","Madison","soybeans",140.508666199421
13195,"Georgia","Madison","sunflower",0.266078166775544
13195,"Georgia","Madison","wheat",132.509765221333
13197,"Georgia","Marion","corn",0
13197,"Georgia","Marion","cotton",0
13197,"Georgia","Marion","grain sorghum",0
13197,"Georgia","Marion","oats",0
13197,"Georgia","Marion","peanuts",0
13197,"Georgia","Marion","soybeans",0
13197,"Georgia","Marion","sunflower",0
13197,"Georgia","Marion","wheat",0
13189,"Georgia","McDuffie","corn",75.0342207220022
13189,"Georgia","McDuffie","cotton",41.5746041066471
13189,"Georgia","McDuffie","grain sorghum",40.1248505760436
13189,"Georgia","McDuffie","sesame",38.6087684525367
13189,"Georgia","McDuffie","soybeans",75.9691380314982
13189,"Georgia","McDuffie","wheat",42.4868196655957
13199,"Georgia","Meriwether","corn",0
13199,"Georgia","Meriwether","soybeans",0
13199,"Georgia","Meriwether","wheat",0
13201,"Georgia","Miller","canola",0
13201,"Georgia","Miller","corn",0
13201,"Georgia","Miller","cotton",0
13201,"Georgia","Miller","grain sorghum",0
13201,"Georgia","Miller","oats",0
13201,"Georgia","Miller","peanuts",0
13201,"Georgia","Miller","soybeans",0
13201,"Georgia","Miller","sunflower",0
13201,"Georgia","Miller","wheat",0
13205,"Georgia","Mitchell","barley",0.522414958913462
13205,"Georgia","Mitchell","canola",0.835863934261538
13205,"Georgia","Mitchell","corn",872.364858474838
13205,"Georgia","Mitchell","cotton",2291.96181041694
13205,"Georgia","Mitchell","grain sorghum",12.6640699850048
13205,"Georgia","Mitchell","oats",47.7529901507551
13205,"Georgia","Mitchell","peanuts",1711.58629098752
13205,"Georgia","Mitchell","soybeans",51.7650534488171
13205,"Georgia","Mitchell","sunflower",2.8757062794334
13205,"Georgia","Mitchell","wheat",56.0837116379662
13207,"Georgia","Monroe","barley",0
13207,"Georgia","Monroe","corn",0
13207,"Georgia","Monroe","cotton",0
13207,"Georgia","Monroe","soybeans",0
13207,"Georgia","Monroe","wheat",0
13209,"Georgia","Montgomery","corn",0
13209,"Georgia","Montgomery","cotton",0
13209,"Georgia","Montgomery","grain sorghum",0
13209,"Georgia","Montgomery","oats",0
13209,"Georgia","Montgomery","peanuts",0
13209,"Georgia","Montgomery","soybeans",0
13209,"Georgia","Montgomery","sunflower",0
13209,"Georgia","Montgomery","wheat",0
13211,"Georgia","Morgan","corn",1412.1110105373
13211,"Georgia","Morgan","cotton",847.636892458618
13211,"Georgia","Morgan","grain sorghum",278.14423300646
13211,"Georgia","Morgan","oats",46.4325833195118
13211,"Georgia","Morgan","soybeans",462.609370471197
13211,"Georgia","Morgan","sunflower",8.38655856705666
13211,"Georgia","Morgan","wheat",1254.88879464874
13213,"Georgia","Murray","corn",605.187278393075
13213,"Georgia","Murray","grain sorghum",92.1813546617044
13213,"Georgia","Murray","oats",113.049272501326
13213,"Georgia","Murray","soybeans",761.279768597761
13213,"Georgia","Murray","sunflower",63.9957226487012
13213,"Georgia","Murray","wheat",61.8630353884214
13217,"Georgia","Newton","corn",0
13217,"Georgia","Newton","cotton",0
13217,"Georgia","Newton","dry peas",0
13217,"Georgia","Newton","grain sorghum",0
13217,"Georgia","Newton","mustard",0
13217,"Georgia","Newton","oats",0
13217,"Georgia","Newton","soybeans",0
13217,"Georgia","Newton","wheat",0
13219,"Georgia","Oconee","corn",0
13219,"Georgia","Oconee","cotton",0
13219,"Georgia","Oconee","grain sorghum",0
13219,"Georgia","Oconee","oats",0
13219,"Georgia","Oconee","soybeans",0
13219,"Georgia","Oconee","sunflower",0
13219,"Georgia","Oconee","wheat",0
13221,"Georgia","Oglethorpe","corn",930.405653721761
13221,"Georgia","Oglethorpe","cotton",115.510374294527
13221,"Georgia","Oglethorpe","grain sorghum",257.574872640721
13221,"Georgia","Oglethorpe","oats",23.8977970233233
13221,"Georgia","Oglethorpe","soybeans",245.977450750124
13221,"Georgia","Oglethorpe","sunflower",3.2338462347034
13221,"Georgia","Oglethorpe","wheat",811.073461149858
13225,"Georgia","Peach","canola",0
13225,"Georgia","Peach","corn",0
13225,"Georgia","Peach","cotton",0
13225,"Georgia","Peach","grain sorghum",0
13225,"Georgia","Peach","oats",0
13225,"Georgia","Peach","peanuts",0
13225,"Georgia","Peach","soybeans",0
13225,"Georgia","Peach","sunflower",0
13225,"Georgia","Peach","wheat",0
13229,"Georgia","Pierce","corn",685.237171827736
13229,"Georgia","Pierce","cotton",1230.60701681998
13229,"Georgia","Pierce","grain sorghum",11.5077103247593
13229,"Georgia","Pierce","oats",22.9790529364284
13229,"Georgia","Pierce","peanuts",917.27340118233
13229,"Georgia","Pierce","soybeans",276.276878830881
13229,"Georgia","Pierce","sunflower",2.08722866837568
13229,"Georgia","Pierce","wheat",75.4278955498542
13231,"Georgia","Pike","canola",0
13231,"Georgia","Pike","corn",0
13231,"Georgia","Pike","cotton",0
13231,"Georgia","Pike","grain sorghum",0
13231,"Georgia","Pike","oats",0
13231,"Georgia","Pike","soybeans",0
13231,"Georgia","Pike","wheat",0
13233,"Georgia","Polk","corn",290.12210075506
13233,"Georgia","Polk","cotton",269.446604898492
13233,"Georgia","Polk","soybeans",100.751252770982
13233,"Georgia","Polk","sunflower",8.76930108217037
13233,"Georgia","Polk","wheat",78.827217697649
13235,"Georgia","Pulaski","corn",0
13235,"Georgia","Pulaski","cotton",0
13235,"Georgia","Pulaski","grain sorghum",0
13235,"Georgia","Pulaski","oats",0
13235,"Georgia","Pulaski","peanuts",0
13235,"Georgia","Pulaski","soybeans",0
13235,"Georgia","Pulaski","wheat",0
13237,"Georgia","Putnam","corn",938.57047218073
13237,"Georgia","Putnam","cotton",100.608225020644
13237,"Georgia","Putnam","grain sorghum",184.615736182268
13237,"Georgia","Putnam","oats",897.019509670178
13237,"Georgia","Putnam","soybeans",119.186245703085
13237,"Georgia","Putnam","wheat",397.399940755739
13239,"Georgia","Quitman","corn",0
13239,"Georgia","Quitman","cotton",0
13239,"Georgia","Quitman","grain sorghum",0
13239,"Georgia","Quitman","peanuts",0
13239,"Georgia","Quitman","sesame",0
13239,"Georgia","Quitman","wheat",0
13241,"Georgia","Rabun","corn",26.8585438799166
13241,"Georgia","Rabun","grain sorghum",2.92233021330494
13241,"Georgia","Rabun","soybeans",1.83456062692274
13243,"Georgia","Randolph","corn",0
13243,"Georgia","Randolph","cotton",0
13243,"Georgia","Randolph","grain sorghum",0
13243,"Georgia","Randolph","oats",0
13243,"Georgia","Randolph","peanuts",0
13243,"Georgia","Randolph","sesame",0
13243,"Georgia","Randolph","soybeans",0
13243,"Georgia","Randolph","wheat",0
13245,"Georgia","Richmond","corn",0
13245,"Georgia","Richmond","oats",0
13245,"Georgia","Richmond","soybeans",0
13245,"Georgia","Richmond","wheat",0
13249,"Georgia","Schley","corn",0
13249,"Georgia","Schley","cotton",0
13249,"Georgia","Schley","grain sorghum",0
13249,"Georgia","Schley","oats",0
13249,"Georgia","Schley","peanuts",0
13249,"Georgia","Schley","soybeans",0
13249,"Georgia","Schley","wheat",0
13251,"Georgia","Screven","corn",0
13251,"Georgia","Screven","cotton",0
13251,"Georgia","Screven","dry peas",0
13251,"Georgia","Screven","grain sorghum",0
13251,"Georgia","Screven","oats",0
13251,"Georgia","Screven","peanuts",0
13251,"Georgia","Screven","soybeans",0
13251,"Georgia","Screven","sunflower",0
13251,"Georgia","Screven","wheat",0
13253,"Georgia","Seminole","corn",354.628921562078
13253,"Georgia","Seminole","cotton",703.573566285489
13253,"Georgia","Seminole","grain sorghum",16.8259338936221
13253,"Georgia","Seminole","oats",36.1365503846513
13253,"Georgia","Seminole","peanuts",619.32165186375
13253,"Georgia","Seminole","soybeans",49.9894461442022
13253,"Georgia","Seminole","sunflower",0.766442942783017
13253,"Georgia","Seminole","wheat",22.0797995306556
13255,"Georgia","Spalding","oats",0
13255,"Georgia","Spalding","soybeans",0
13255,"Georgia","Spalding","wheat",0
13257,"Georgia","Stephens","corn",0
13257,"Georgia","Stephens","wheat",0
13259,"Georgia","Stewart","corn",0
13259,"Georgia","Stewart","cotton",0
13259,"Georgia","Stewart","grain sorghum",0
13259,"Georgia","Stewart","oats",0
13259,"Georgia","Stewart","peanuts",0
13259,"Georgia","Stewart","soybeans",0
13259,"Georgia","Stewart","wheat",0
13261,"Georgia","Sumter","corn",0
13261,"Georgia","Sumter","cotton",0
13261,"Georgia","Sumter","grain sorghum",0
13261,"Georgia","Sumter","oats",0
13261,"Georgia","Sumter","peanuts",0
13261,"Georgia","Sumter","soybeans",0
13261,"Georgia","Sumter","sunflower",0
13261,"Georgia","Sumter","wheat",0
13263,"Georgia","Talbot","corn",0
13263,"Georgia","Talbot","cotton",0
13263,"Georgia","Talbot","grain sorghum",0
13263,"Georgia","Talbot","soybeans",0
13263,"Georgia","Talbot","wheat",0
13265,"Georgia","Taliaferro","wheat",287.847982220169
13267,"Georgia","Tattnall","corn",177.952569470067
13267,"Georgia","Tattnall","cotton",338.023847673194
13267,"Georgia","Tattnall","grain sorghum",1.94487549050282
13267,"Georgia","Tattnall","oats",0.148063307140771
13267,"Georgia","Tattnall","peanuts",215.338929559014
13267,"Georgia","Tattnall","soybeans",67.9778370405314
13267,"Georgia","Tattnall","sunflower",0.198779867471054
13267,"Georgia","Tattnall","wheat",9.69023401053069
13269,"Georgia","Taylor","corn",0
13269,"Georgia","Taylor","cotton",0
13269,"Georgia","Taylor","grain sorghum",0
13269,"Georgia","Taylor","oats",0
13269,"Georgia","Taylor","sesame",0
13269,"Georgia","Taylor","soybeans",0
13269,"Georgia","Taylor","wheat",0
13271,"Georgia","Telfair","corn",42.527486808238
13271,"Georgia","Telfair","cotton",156.371721340523
13271,"Georgia","Telfair","grain sorghum",6.97390084790277
13271,"Georgia","Telfair","oats",16.2019875843098
13271,"Georgia","Telfair","peanuts",86.1625900440035
13271,"Georgia","Telfair","soybeans",10.6302192026822
13271,"Georgia","Telfair","sunflower",1.53814995512552
13271,"Georgia","Telfair","wheat",10.7503656279947
13273,"Georgia","Terrell","corn",0
13273,"Georgia","Terrell","cotton",0
13273,"Georgia","Terrell","grain sorghum",0
13273,"Georgia","Terrell","lentils",0
13273,"Georgia","Terrell","oats",0
13273,"Georgia","Terrell","peanuts",0
13273,"Georgia","Terrell","sesame",0
13273,"Georgia","Terrell","soybeans",0
13273,"Georgia","Terrell","sunflower",0
13273,"Georgia","Terrell","wheat",0
13275,"Georgia","Thomas","corn",0
13275,"Georgia","Thomas","cotton",0
13275,"Georgia","Thomas","grain sorghum",0
13275,"Georgia","Thomas","oats",0
13275,"Georgia","Thomas","peanuts",0
13275,"Georgia","Thomas","soybeans",0
13275,"Georgia","Thomas","wheat",0
13277,"Georgia","Tift","corn",424.87433971315
13277,"Georgia","Tift","cotton",2500.50329707114
13277,"Georgia","Tift","dry peas",0.306157994605089
13277,"Georgia","Tift","grain sorghum",63.3551628835979
13277,"Georgia","Tift","oats",39.018587895774
13277,"Georgia","Tift","peanuts",1537.29941311074
13277,"Georgia","Tift","sesame",0.379983326637522
13277,"Georgia","Tift","soybeans",31.8135069060704
13277,"Georgia","Tift","sunflower",0.868533318028622
13277,"Georgia","Tift","wheat",93.8495848129123
13279,"Georgia","Toombs","corn",0
13279,"Georgia","Toombs","cotton",0
13279,"Georgia","Toombs","grain sorghum",0
13279,"Georgia","Toombs","oats",0
13279,"Georgia","Toombs","peanuts",0
13279,"Georgia","Toombs","soybeans",0
13279,"Georgia","Toombs","sunflower",0
13279,"Georgia","Toombs","wheat",0
13281,"Georgia","Towns","corn",81.0950088681486
13281,"Georgia","Towns","soybeans",91.4909043315406
13283,"Georgia","Treutlen","corn",0
13283,"Georgia","Treutlen","cotton",0
13283,"Georgia","Treutlen","grain sorghum",0
13283,"Georgia","Treutlen","oats",0
13283,"Georgia","Treutlen","peanuts",0
13283,"Georgia","Treutlen","soybeans",0
13283,"Georgia","Treutlen","wheat",0
13287,"Georgia","Turner","corn",75.2832895213298
13287,"Georgia","Turner","cotton",529.167830950003
13287,"Georgia","Turner","grain sorghum",25.9904577785343
13287,"Georgia","Turner","oats",20.4775785219406
13287,"Georgia","Turner","peanuts",333.2058915884
13287,"Georgia","Turner","sesame",1.34114752551591
13287,"Georgia","Turner","soybeans",3.44421327904797
13287,"Georgia","Turner","sunflower",0.806473552058176
13287,"Georgia","Turner","wheat",6.31806193461903
13289,"Georgia","Twiggs","corn",0
13289,"Georgia","Twiggs","cotton",0
13289,"Georgia","Twiggs","grain sorghum",0
13289,"Georgia","Twiggs","oats",0
13289,"Georgia","Twiggs","peanuts",0
13289,"Georgia","Twiggs","soybeans",0
13289,"Georgia","Twiggs","sunflower",0
13289,"Georgia","Twiggs","wheat",0
13291,"Georgia","Union","corn",325.570325930284
13291,"Georgia","Union","grain sorghum",0.21463322809127
13291,"Georgia","Union","soybeans",105.786405384184
13291,"Georgia","Union","wheat",107.708004049801
13293,"Georgia","Upson","barley",0
13293,"Georgia","Upson","corn",0
13293,"Georgia","Upson","oats",0
13293,"Georgia","Upson","soybeans",0
13293,"Georgia","Upson","wheat",0
13295,"Georgia","Walker","corn",906.049503885111
13295,"Georgia","Walker","cotton",107.450122751485
13295,"Georgia","Walker","grain sorghum",1.9791833626336
13295,"Georgia","Walker","soybeans",411.03547392491
13295,"Georgia","Walker","sunflower",2.28631920413477
13295,"Georgia","Walker","wheat",141.135676158305
13297,"Georgia","Walton","corn",0
13297,"Georgia","Walton","cotton",0
13297,"Georgia","Walton","grain sorghum",0
13297,"Georgia","Walton","oats",0
13297,"Georgia","Walton","soybeans",0
13297,"Georgia","Walton","wheat",0
13299,"Georgia","Ware","corn",33.7108450219447
13299,"Georgia","Ware","cotton",311.779592696333
13299,"Georgia","Ware","oats",3.87661972023175
13299,"Georgia","Ware","peanuts",253.54348981493
13299,"Georgia","Ware","soybeans",10.3836857062991
13299,"Georgia","Ware","sunflower",1.38594336817798
13299,"Georgia","Ware","wheat",25.3169780085297
13301,"Georgia","Warren","corn",0
13301,"Georgia","Warren","cotton",0
13301,"Georgia","Warren","grain sorghum",0
13301,"Georgia","Warren","oats",0
13301,"Georgia","Warren","peanuts",0
13301,"Georgia","Warren","sesame",0
13301,"Georgia","Warren","soybeans",0
13301,"Georgia","Warren","sunflower",0
13301,"Georgia","Warren","wheat",0
13303,"Georgia","Washington","canola",0
13303,"Georgia","Washington","corn",0
13303,"Georgia","Washington","cotton",0
13303,"Georgia","Washington","grain sorghum",0
13303,"Georgia","Washington","oats",0
13303,"Georgia","Washington","peanuts",0
13303,"Georgia","Washington","sesame",0
13303,"Georgia","Washington","soybeans",0
13303,"Georgia","Washington","sunflower",0
13303,"Georgia","Washington","wheat",0
13305,"Georgia","Wayne","corn",799.378174161859
13305,"Georgia","Wayne","cotton",1670.71611299334
13305,"Georgia","Wayne","grain sorghum",7.10766952764241
13305,"Georgia","Wayne","oats",11.1589481057755
13305,"Georgia","Wayne","peanuts",921.577980568374
13305,"Georgia","Wayne","soybeans",52.296194531947
13305,"Georgia","Wayne","sunflower",1.42603144897822
13305,"Georgia","Wayne","wheat",67.5897033135284
13307,"Georgia","Webster","corn",0
13307,"Georgia","Webster","cotton",0
13307,"Georgia","Webster","grain sorghum",0
13307,"Georgia","Webster","oats",0
13307,"Georgia","Webster","peanuts",0
13307,"Georgia","Webster","soybeans",0
13307,"Georgia","Webster","sunflower",0
13307,"Georgia","Webster","wheat",0
13309,"Georgia","Wheeler","corn",0
13309,"Georgia","Wheeler","cotton",0
13309,"Georgia","Wheeler","grain sorghum",0
13309,"Georgia","Wheeler","oats",0
13309,"Georgia","Wheeler","peanuts",0
13309,"Georgia","Wheeler","soybeans",0
13309,"Georgia","Wheeler","sunflower",0
13309,"Georgia","Wheeler","wheat",0
13311,"Georgia","White","corn",397.194018274674
13311,"Georgia","White","oats",9.91155403108576
13311,"Georgia","White","soybeans",36.6510674623871
13311,"Georgia","White","wheat",29.7079303023433
13313,"Georgia","Whitfield","corn",406.791578945798
13313,"Georgia","Whitfield","soybeans",201.358485542576
13315,"Georgia","Wilcox","corn",271.052178924579
13315,"Georgia","Wilcox","cotton",2419.18328192724
13315,"Georgia","Wilcox","grain sorghum",77.7835619266822
13315,"Georgia","Wilcox","oats",140.423056994008
13315,"Georgia","Wilcox","peanuts",1366.87697570131
13315,"Georgia","Wilcox","soybeans",77.8960105151377
13315,"Georgia","Wilcox","sunflower",12.2334841326974
13315,"Georgia","Wilcox","wheat",195.882248542818
13317,"Georgia","Wilkes","corn",1314.74976105265
13317,"Georgia","Wilkes","cotton",48.1446671912948
13317,"Georgia","Wilkes","grain sorghum",50.1860391329642
13317,"Georgia","Wilkes","oats",215.424197281318
13317,"Georgia","Wilkes","soybeans",41.3744472371756
13317,"Georgia","Wilkes","sunflower",8.18134308272949
13317,"Georgia","Wilkes","wheat",837.539629588748
13319,"Georgia","Wilkinson","corn",0
13319,"Georgia","Wilkinson","cotton",0
13319,"Georgia","Wilkinson","oats",0
13319,"Georgia","Wilkinson","peanuts",0
13319,"Georgia","Wilkinson","soybeans",0
13319,"Georgia","Wilkinson","wheat",0
13321,"Georgia","Worth","corn",0
13321,"Georgia","Worth","cotton",0
13321,"Georgia","Worth","dry peas",0
13321,"Georgia","Worth","grain sorghum",0
13321,"Georgia","Worth","oats",0
13321,"Georgia","Worth","peanuts",0
13321,"Georgia","Worth","sesame",0
13321,"Georgia","Worth","soybeans",0
13321,"Georgia","Worth","sunflower",0
13321,"Georgia","Worth","wheat",0
14001,"Guam","Guam","corn",3.54714769805698
15009,"Hawaii","Maui","corn",4853.97071740284
16001,"Idaho","Ada","barley",87.0192082568848
16001,"Idaho","Ada","corn",3556.70039448088
16001,"Idaho","Ada","dry peas",8.06264817051536
16001,"Idaho","Ada","grain sorghum",3.43117671856605
16001,"Idaho","Ada","mustard",14.5084468801237
16001,"Idaho","Ada","oats",79.7705388798566
16001,"Idaho","Ada","sunflower",5.8579937052137
16001,"Idaho","Ada","wheat",1537.87500439532
16003,"Idaho","Adams","barley",0
16003,"Idaho","Adams","corn",0
16003,"Idaho","Adams","oats",0
16003,"Idaho","Adams","wheat",0
16005,"Idaho","Bannock","barley",0
16005,"Idaho","Bannock","canola",0
16005,"Idaho","Bannock","corn",0
16005,"Idaho","Bannock","dry peas",0
16005,"Idaho","Bannock","mustard",0
16005,"Idaho","Bannock","oats",0
16005,"Idaho","Bannock","safflower",0
16005,"Idaho","Bannock","wheat",0
16007,"Idaho","Bear Lake","barley",0
16007,"Idaho","Bear Lake","mustard",0
16007,"Idaho","Bear Lake","oats",0
16007,"Idaho","Bear Lake","safflower",0
16007,"Idaho","Bear Lake","wheat",0
16009,"Idaho","Benewah, South Shoshone","barley",1700.91803028143
16009,"Idaho","Benewah, South Shoshone","canola",1315.02166880983
16009,"Idaho","Benewah, South Shoshone","dry peas",7747.57652582581
16009,"Idaho","Benewah, South Shoshone","lentils",5441.02318670731
16009,"Idaho","Benewah, South Shoshone","oats",487.985236851418
16009,"Idaho","Benewah, South Shoshone","sunflower",15.727929851249
16009,"Idaho","Benewah, South Shoshone","wheat",31882.1450440477
16011,"Idaho","Bingham","barley",3428.95123454001
16011,"Idaho","Bingham","canola",130.834617283006
16011,"Idaho","Bingham","corn",1760.95329511457
16011,"Idaho","Bingham","flaxseed",0.27509672291308
16011,"Idaho","Bingham","mustard",20.0768702684489
16011,"Idaho","Bingham","oats",112.818723217916
16011,"Idaho","Bingham","soybeans",0.69206722745429
16011,"Idaho","Bingham","wheat",19443.2830677482
16013,"Idaho","Blaine","barley",0
16013,"Idaho","Blaine","mustard",0
16013,"Idaho","Blaine","wheat",0
16015,"Idaho","Boise","wheat",777.908653385351
16017,"Idaho","Bonner","barley",365.440980173353
16017,"Idaho","Bonner","canola",145.315318038894
16017,"Idaho","Bonner","dry peas",44.6836435108853
16017,"Idaho","Bonner","oats",631.4083069642
16017,"Idaho","Bonner","wheat",313.44982391672
16019,"Idaho","Bonneville","barley",5408.21028880978
16019,"Idaho","Bonneville","canola",79.8236189424903
16019,"Idaho","Bonneville","corn",408.517759486061
16019,"Idaho","Bonneville","dry peas",35.6024687575534
16019,"Idaho","Bonneville","flaxseed",18.3883264185316
16019,"Idaho","Bonneville","mustard",202.593891362389
16019,"Idaho","Bonneville","oats",66.0269173073916
16019,"Idaho","Bonneville","safflower",8.53353953631816
16019,"Idaho","Bonneville","wheat",4369.53107696488
16021,"Idaho","Boundary","barley",0
16021,"Idaho","Boundary","canola",0
16021,"Idaho","Boundary","corn",0
16021,"Idaho","Boundary","dry peas",0
16021,"Idaho","Boundary","mustard",0
16021,"Idaho","Boundary","oats",0
16021,"Idaho","Boundary","wheat",0
16023,"Idaho","Butte","barley",0
16023,"Idaho","Butte","corn",0
16023,"Idaho","Butte","oats",0
16023,"Idaho","Butte","wheat",0
16025,"Idaho","Camas","barley",0
16025,"Idaho","Camas","canola",0
16025,"Idaho","Camas","corn",0
16025,"Idaho","Camas","mustard",0
16025,"Idaho","Camas","oats",0
16025,"Idaho","Camas","wheat",0
16027,"Idaho","Canyon","barley",157.105895083823
16027,"Idaho","Canyon","corn",8150.26636843636
16027,"Idaho","Canyon","dry peas",8.00848688957753
16027,"Idaho","Canyon","grain sorghum",17.9526957367258
16027,"Idaho","Canyon","mustard",5.54494307264594
16027,"Idaho","Canyon","oats",79.031025848642
16027,"Idaho","Canyon","safflower",0.168812961416052
16027,"Idaho","Canyon","soybeans",1.35050369132842
16027,"Idaho","Canyon","sunflower",3.37682193819244
16027,"Idaho","Canyon","wheat",5948.56811087326
16029,"Idaho","Caribou","barley",0
16029,"Idaho","Caribou","canola",0
16029,"Idaho","Caribou","corn",0
16029,"Idaho","Caribou","dry peas",0
16029,"Idaho","Caribou","flaxseed",0
16029,"Idaho","Caribou","grain sorghum",0
16029,"Idaho","Caribou","mustard",0
16029,"Idaho","Caribou","oats",0
16029,"Idaho","Caribou","safflower",0
16029,"Idaho","Caribou","sunflower",0
16029,"Idaho","Caribou","wheat",0
16031,"Idaho","Cassia","barley",2831.72302250319
16031,"Idaho","Cassia","canola",69.6635410860181
16031,"Idaho","Cassia","corn",3402.04636836528
16031,"Idaho","Cassia","mustard",95.1857901045642
16031,"Idaho","Cassia","oats",222.586046121168
16031,"Idaho","Cassia","safflower",183.568482612776
16031,"Idaho","Cassia","wheat",5140.69126359008
16033,"Idaho","Clark","barley",380.148636489663
16033,"Idaho","Clark","corn",625.745695150505
16033,"Idaho","Clark","oats",17.5755193717397
16033,"Idaho","Clark","wheat",892.543818728201
16035,"Idaho","Clearwater","barley",79.6449631268247
16035,"Idaho","Clearwater","canola",81.3229880657836
16035,"Idaho","Clearwater","dry peas",64.7860592493286
16035,"Idaho","Clearwater","lentils",25.7124392163382
16035,"Idaho","Clearwater","mustard",38.7034504214905
16035,"Idaho","Clearwater","oats",8.57831115664744
16035,"Idaho","Clearwater","wheat",1147.70261903497
16039,"Idaho","Elmore","barley",3334.12337889119
16039,"Idaho","Elmore","corn",26370.9204439299
16039,"Idaho","Elmore","dry peas",382.159237991809
16039,"Idaho","Elmore","oats",637.871768146702
16039,"Idaho","Elmore","safflower",662.200814924807
16039,"Idaho","Elmore","sunflower",1282.5401973174
16039,"Idaho","Elmore","wheat",18427.5064056668
16041,"Idaho","Franklin","barley",0
16041,"Idaho","Franklin","canola",0
16041,"Idaho","Franklin","chickpeas_large",0
16041,"Idaho","Franklin","corn",0
16041,"Idaho","Franklin","dry peas",0
16041,"Idaho","Franklin","flaxseed",0
16041,"Idaho","Franklin","mustard",0
16041,"Idaho","Franklin","oats",0
16041,"Idaho","Franklin","rapeseed",0
16041,"Idaho","Franklin","safflower",0
16041,"Idaho","Franklin","wheat",0
16043,"Idaho","Fremont","barley",8886.54339806784
16043,"Idaho","Fremont","canola",52.1276919841779
16043,"Idaho","Fremont","corn",101.640980343655
16043,"Idaho","Fremont","flaxseed",31.9237740343623
16043,"Idaho","Fremont","lentils",5.34288543631035
16043,"Idaho","Fremont","mustard",82.8412306650629
16043,"Idaho","Fremont","oats",45.9555252338519
16043,"Idaho","Fremont","wheat",5322.01557016825
16045,"Idaho","Gem","barley",400.956358129841
16045,"Idaho","Gem","canola",6.05560828681396
16045,"Idaho","Gem","corn",3036.3449733347
16045,"Idaho","Gem","oats",251.644435723526
16045,"Idaho","Gem","wheat",927.851201800551
16047,"Idaho","Gooding","barley",588.835768562032
16047,"Idaho","Gooding","corn",11335.0922800845
16047,"Idaho","Gooding","oats",142.228766201502
16047,"Idaho","Gooding","wheat",874.968300672798
16049,"Idaho","Idaho","barley",1407.79349949387
16049,"Idaho","Idaho","canola",2136.95337246975
16049,"Idaho","Idaho","corn",6.82898872898404
16049,"Idaho","Idaho","dry peas",570.848936101722
16049,"Idaho","Idaho","grain sorghum",2.75058617565717
16049,"Idaho","Idaho","lentils",206.460284810522
16049,"Idaho","Idaho","mustard",46.343778018892
16049,"Idaho","Idaho","oats",433.706792232675
16049,"Idaho","Idaho","sunflower",9.56303463142456
16049,"Idaho","Idaho","wheat",12118.8253968066
16051,"Idaho","Jefferson","barley",0
16051,"Idaho","Jefferson","canola",0
16051,"Idaho","Jefferson","corn",0
16051,"Idaho","Jefferson","dry peas",0
16051,"Idaho","Jefferson","grain sorghum",0
16051,"Idaho","Jefferson","mustard",0
16051,"Idaho","Jefferson","oats",0
16051,"Idaho","Jefferson","soybeans",0
16051,"Idaho","Jefferson","sunflower",0
16051,"Idaho","Jefferson","wheat",0
16053,"Idaho","Jerome","barley",6343.93959181218
16053,"Idaho","Jerome","canola",7.32243701587556
16053,"Idaho","Jerome","corn",11362.2208497252
16053,"Idaho","Jerome","oats",184.887393852628
16053,"Idaho","Jerome","wheat",2311.81156687958
16055,"Idaho","Kootenai, North Shoshone","barley",544.698775065955
16055,"Idaho","Kootenai, North Shoshone","canola",1722.91996721872
16055,"Idaho","Kootenai, North Shoshone","corn",3.34510326465672
16055,"Idaho","Kootenai, North Shoshone","dry peas",993.493439534201
16055,"Idaho","Kootenai, North Shoshone","lentils",1135.21877465118
16055,"Idaho","Kootenai, North Shoshone","oats",628.549363566683
16055,"Idaho","Kootenai, North Shoshone","rapeseed",219.405323128834
16055,"Idaho","Kootenai, North Shoshone","wheat",11743.5291473751
16057,"Idaho","Latah","barley",0
16057,"Idaho","Latah","canola",0
16057,"Idaho","Latah","corn",0
16057,"Idaho","Latah","dry peas",0
16057,"Idaho","Latah","flaxseed",0
16057,"Idaho","Latah","lentils",0
16057,"Idaho","Latah","mustard",0
16057,"Idaho","Latah","oats",0
16057,"Idaho","Latah","rapeseed",0
16057,"Idaho","Latah","soybeans",0
16057,"Idaho","Latah","wheat",0
16059,"Idaho","Lemhi, North Custer","barley",3383.99998060544
16059,"Idaho","Lemhi, North Custer","corn",907.708899879549
16059,"Idaho","Lemhi, North Custer","oats",650.803440956368
16059,"Idaho","Lemhi, North Custer","wheat",7846.72712451834
16061,"Idaho","Lewis","barley",900.080235776359
16061,"Idaho","Lewis","canola",2089.46166562385
16061,"Idaho","Lewis","corn",2.6984015798315
16061,"Idaho","Lewis","dry peas",1447.69373532005
16061,"Idaho","Lewis","flaxseed",25.487427260503
16061,"Idaho","Lewis","lentils",317.599173397953
16061,"Idaho","Lewis","mustard",37.5973384546067
16061,"Idaho","Lewis","oats",330.535111557232
16061,"Idaho","Lewis","wheat",10062.2753383038
16063,"Idaho","Lincoln","barley",422.36804570176
16063,"Idaho","Lincoln","corn",1374.82943856907
16063,"Idaho","Lincoln","oats",99.7426413068121
16063,"Idaho","Lincoln","wheat",483.286079957297
16065,"Idaho","Madison","barley",6961.34361856667
16065,"Idaho","Madison","chickpeas_large",8.06557835436902
16065,"Idaho","Madison","chickpeas_small",25.9858136026887
16065,"Idaho","Madison","corn",129.501308905832
16065,"Idaho","Madison","dry peas",0.909264196042514
16065,"Idaho","Madison","lentils",62.7668387636554
16065,"Idaho","Madison","mustard",80.8100271461768
16065,"Idaho","Madison","oats",25.9637262133111
16065,"Idaho","Madison","wheat",7551.02353708962
16067,"Idaho","Minidoka","barley",1245.72954736617
16067,"Idaho","Minidoka","canola",11.6405323868681
16067,"Idaho","Minidoka","chickpeas_large",0.681926339263206
16067,"Idaho","Minidoka","corn",307.449725473754
16067,"Idaho","Minidoka","dry peas",0.681677461037197
16067,"Idaho","Minidoka","oats",26.1290778652416
16067,"Idaho","Minidoka","wheat",646.842622826179
16069,"Idaho","Nez Perce","barley",211.718423658202
16069,"Idaho","Nez Perce","canola",448.130390509688
16069,"Idaho","Nez Perce","chickpeas_large",43.3388658549801
16069,"Idaho","Nez Perce","chickpeas_small",2.80866877014989
16069,"Idaho","Nez Perce","dry peas",1211.5984997883
16069,"Idaho","Nez Perce","flaxseed",5.67368637314638
16069,"Idaho","Nez Perce","lentils",210.525380525394
16069,"Idaho","Nez Perce","mustard",26.9064664587995
16069,"Idaho","Nez Perce","oats",27.3831708363184
16069,"Idaho","Nez Perce","wheat",3542.42039452691
16071,"Idaho","Oneida","barley",0
16071,"Idaho","Oneida","canola",0
16071,"Idaho","Oneida","corn",0
16071,"Idaho","Oneida","mustard",0
16071,"Idaho","Oneida","oats",0
16071,"Idaho","Oneida","safflower",0
16071,"Idaho","Oneida","sunflower",0
16071,"Idaho","Oneida","wheat",0
16073,"Idaho","Owyhee","barley",196.940567633577
16073,"Idaho","Owyhee","corn",14473.6536110178
16073,"Idaho","Owyhee","grain sorghum",69.0241743267984
16073,"Idaho","Owyhee","oats",284.835554499144
16073,"Idaho","Owyhee","sunflower",1199.2765182735
16073,"Idaho","Owyhee","wheat",5269.43216325494
16075,"Idaho","Payette","barley",0
16075,"Idaho","Payette","corn",0
16075,"Idaho","Payette","mustard",0
16075,"Idaho","Payette","oats",0
16075,"Idaho","Payette","sunflower",0
16075,"Idaho","Payette","wheat",0
16077,"Idaho","Power","barley",0
16077,"Idaho","Power","canola",0
16077,"Idaho","Power","chickpeas_small",0
16077,"Idaho","Power","corn",0
16077,"Idaho","Power","dry peas",0
16077,"Idaho","Power","flaxseed",0
16077,"Idaho","Power","grain sorghum",0
16077,"Idaho","Power","lentils",0
16077,"Idaho","Power","mustard",0
16077,"Idaho","Power","oats",0
16077,"Idaho","Power","rapeseed",0
16077,"Idaho","Power","safflower",0
16077,"Idaho","Power","sunflower",0
16077,"Idaho","Power","wheat",0
16037,"Idaho","South Custer","barley",2919.44516171979
16037,"Idaho","South Custer","corn",176.473330244506
16037,"Idaho","South Custer","oats",678.115787204647
16037,"Idaho","South Custer","wheat",319.672307101573
16081,"Idaho","Teton","barley",0
16081,"Idaho","Teton","dry peas",0
16081,"Idaho","Teton","mustard",0
16081,"Idaho","Teton","oats",0
16081,"Idaho","Teton","wheat",0
16083,"Idaho","Twin Falls","barley",9619.04775238379
16083,"Idaho","Twin Falls","chickpeas_small",5.66998175170173
16083,"Idaho","Twin Falls","corn",17407.1387909146
16083,"Idaho","Twin Falls","dry peas",5.63765574399533
16083,"Idaho","Twin Falls","grain sorghum",4.19268319951946
16083,"Idaho","Twin Falls","oats",449.609510785169
16083,"Idaho","Twin Falls","wheat",7165.13137185961
16085,"Idaho","Valley","corn",2.15732198041656
16085,"Idaho","Valley","oats",679.375208784861
16085,"Idaho","Valley","wheat",86.2928792166624
16087,"Idaho","Washington","barley",0
16087,"Idaho","Washington","corn",0
16087,"Idaho","Washington","dry peas",0
16087,"Idaho","Washington","oats",0
16087,"Idaho","Washington","wheat",0
17001,"Illinois","Adams","barley",1.11123231693999
17001,"Illinois","Adams","corn",15994.3454456909
17001,"Illinois","Adams","grain sorghum",1.81597585234334
17001,"Illinois","Adams","oats",69.0613105261135
17001,"Illinois","Adams","soybeans",14892.1254450878
17001,"Illinois","Adams","sunflower",0.930323695742163
17001,"Illinois","Adams","wheat",556.980085015809
17003,"Illinois","Alexander","corn",173.468712900634
17003,"Illinois","Alexander","rice_long grain",43.6372736952107
17003,"Illinois","Alexander","rice_short/medium grain",10.5107447277231
17003,"Illinois","Alexander","soybeans",830.198679994017
17003,"Illinois","Alexander","wheat",37.8097963153592
17005,"Illinois","Bond","barley",2.13865376460654
17005,"Illinois","Bond","corn",5351.5471243351
17005,"Illinois","Bond","grain sorghum",8.99782291095974
17005,"Illinois","Bond","oats",1.47384198580615
17005,"Illinois","Bond","soybeans",6140.93041969121
17005,"Illinois","Bond","sunflower",0.927453469190664
17005,"Illinois","Bond","wheat",1138.30221823598
17007,"Illinois","Boone","barley",0.236856917202997
17007,"Illinois","Boone","corn",896.968523855965
17007,"Illinois","Boone","dry peas",2.98621913304394
17007,"Illinois","Boone","oats",2.47169302982759
17007,"Illinois","Boone","soybeans",621.471355856835
17007,"Illinois","Boone","sunflower",0.0257354150422488
17007,"Illinois","Boone","wheat",29.0744781028737
17009,"Illinois","Brown","corn",1121.50878069543
17009,"Illinois","Brown","oats",0.528264947236516
17009,"Illinois","Brown","soybeans",1100.50800355121
17009,"Illinois","Brown","sunflower",0.236821029628074
17009,"Illinois","Brown","wheat",24.6262016165331
17011,"Illinois","Bureau","barley",0.140021440424527
17011,"Illinois","Bureau","corn",501.384751338398
17011,"Illinois","Bureau","dry peas",1.02670211219741
17011,"Illinois","Bureau","grain sorghum",0.0253717185664505
17011,"Illinois","Bureau","oats",0.986700045836804
17011,"Illinois","Bureau","soybeans",317.232821835939
17011,"Illinois","Bureau","sunflower",0.0167778100536224
17011,"Illinois","Bureau","wheat",3.6126493725096
17013,"Illinois","Calhoun","corn",318.676396080505
17013,"Illinois","Calhoun","grain sorghum",1.14399738934044
17013,"Illinois","Calhoun","oats",0.283754102027095
17013,"Illinois","Calhoun","soybeans",375.424989202579
17013,"Illinois","Calhoun","sunflower",0.0206562568337496
17013,"Illinois","Calhoun","wheat",36.5145861019306
17015,"Illinois","Carroll","barley",0.12030705513287
17015,"Illinois","Carroll","corn",7229.41879533746
17015,"Illinois","Carroll","grain sorghum",0.262269380189656
17015,"Illinois","Carroll","oats",35.4101199057237
17015,"Illinois","Carroll","soybeans",2640.38432875716
17015,"Illinois","Carroll","wheat",75.0535082218187
17017,"Illinois","Cass","barley",1.42632101237647
17017,"Illinois","Cass","corn",2231.99655639881
17017,"Illinois","Cass","oats",0.399402386033107
17017,"Illinois","Cass","soybeans",1655.6783607227
17017,"Illinois","Cass","sunflower",4.75041278155448
17017,"Illinois","Cass","wheat",25.923127087948
17019,"Illinois","Champaign","barley",0.340125829370792
17019,"Illinois","Champaign","corn",3165.57908742144
17019,"Illinois","Champaign","flaxseed",0.0497672648347741
17019,"Illinois","Champaign","grain sorghum",0.152718651492979
17019,"Illinois","Champaign","oats",2.17564654777692
17019,"Illinois","Champaign","soybeans",3040.12413455293
17019,"Illinois","Champaign","sunflower",0.557442885815972
17019,"Illinois","Champaign","wheat",41.961826441688
17021,"Illinois","Christian","barley",0.0087079657645497
17021,"Illinois","Christian","corn",547.973958197834
17021,"Illinois","Christian","grain sorghum",0.111926386627012
17021,"Illinois","Christian","oats",0.604994629457855
17021,"Illinois","Christian","soybeans",512.742782661535
17021,"Illinois","Christian","sunflower",0.0860056752012025
17021,"Illinois","Christian","wheat",7.00123350125051
17023,"Illinois","Clark","barley",0.0971894835169779
17023,"Illinois","Clark","corn",708.066708137535
17023,"Illinois","Clark","grain sorghum",2.80608817698714
17023,"Illinois","Clark","oats",0.0353071170589021
17023,"Illinois","Clark","soybeans",753.21113211603
17023,"Illinois","Clark","sunflower",0.184508160114263
17023,"Illinois","Clark","wheat",32.0854071671687
17025,"Illinois","Clay","barley",2.08179083657459
17025,"Illinois","Clay","corn",3810.03999844362
17025,"Illinois","Clay","grain sorghum",5.95113920089108
17025,"Illinois","Clay","oats",0.698997344013227
17025,"Illinois","Clay","soybeans",5765.68945998778
17025,"Illinois","Clay","wheat",857.449761770533
17027,"Illinois","Clinton","barley",5.10930979929516
17027,"Illinois","Clinton","corn",7454.96017323063
17027,"Illinois","Clinton","grain sorghum",12.2893920405342
17027,"Illinois","Clinton","oats",2.94873477737891
17027,"Illinois","Clinton","soybeans",8162.88613500398
17027,"Illinois","Clinton","sunflower",0.678690026545891
17027,"Illinois","Clinton","wheat",2511.06709779016
17029,"Illinois","Coles","barley",0.452469242195068
17029,"Illinois","Coles","corn",684.610010775311
17029,"Illinois","Coles","oats",0.0281655515391663
17029,"Illinois","Coles","soybeans",692.610147669399
17029,"Illinois","Coles","wheat",7.09246141824927
17031,"Illinois","Cook","corn",0
17031,"Illinois","Cook","oats",0
17031,"Illinois","Cook","soybeans",0
17031,"Illinois","Cook","sunflower",0
17031,"Illinois","Cook","wheat",0
17033,"Illinois","Crawford","corn",1763.26716892481
17033,"Illinois","Crawford","grain sorghum",7.51035967486976
17033,"Illinois","Crawford","oats",0.328530755417898
17033,"Illinois","Crawford","soybeans",2014.89933683783
17033,"Illinois","Crawford","sunflower",0.0984037353956246
17033,"Illinois","Crawford","wheat",135.182342523551
17035,"Illinois","Cumberland","barley",0.132504969408748
17035,"Illinois","Cumberland","corn",836.100712257505
17035,"Illinois","Cumberland","grain sorghum",0.674821308204873
17035,"Illinois","Cumberland","oats",0.241874571158729
17035,"Illinois","Cumberland","soybeans",959.112893152841
17035,"Illinois","Cumberland","sunflower",0.0551220672740393
17035,"Illinois","Cumberland","wheat",29.52102064352
17037,"Illinois","DeKalb","barley",0.218273470443857
17037,"Illinois","DeKalb","corn",2729.47278194871
17037,"Illinois","DeKalb","dry peas",1.88409092193993
17037,"Illinois","DeKalb","mustard",0.417486440651772
17037,"Illinois","DeKalb","oats",53.5672082483409
17037,"Illinois","DeKalb","soybeans",1731.4488189123
17037,"Illinois","DeKalb","sunflower",0.00935457730473674
17037,"Illinois","DeKalb","wheat",75.0709308361861
17039,"Illinois","DeWitt","corn",73398.2195105828
17039,"Illinois","DeWitt","oats",22.6301913905882
17039,"Illinois","DeWitt","soybeans",71594.566775419
17039,"Illinois","DeWitt","wheat",515.446303121676
17041,"Illinois","Douglas","barley",0.368925390621541
17041,"Illinois","Douglas","corn",1297.05850941625
17041,"Illinois","Douglas","oats",0.350520666742561
17041,"Illinois","Douglas","soybeans",1293.62532213674
17041,"Illinois","Douglas","wheat",15.4258798507976
17043,"Illinois","DuPage","corn",0
17043,"Illinois","DuPage","soybeans",0
17043,"Illinois","DuPage","wheat",0
17045,"Illinois","Edgar","barley",0.400830575100968
17045,"Illinois","Edgar","corn",1275.80384634614
17045,"Illinois","Edgar","grain sorghum",1.85136820499879
17045,"Illinois","Edgar","oats",0.38664103562999
17045,"Illinois","Edgar","soybeans",1298.95087538918
17045,"Illinois","Edgar","sunflower",0.223349728594307
17045,"Illinois","Edgar","wheat",9.89887782779879
17047,"Illinois","Edwards","canola",29.0125732194675
17047,"Illinois","Edwards","corn",3202.52661194003
17047,"Illinois","Edwards","grain sorghum",10.1059963762287
17047,"Illinois","Edwards","oats",3.28161421998596
17047,"Illinois","Edwards","soybeans",3801.33480241429
17047,"Illinois","Edwards","wheat",519.351158366488
17049,"Illinois","Effingham","barley",0.48844949629505
17049,"Illinois","Effingham","corn",2358.09265404961
17049,"Illinois","Effingham","grain sorghum",0.515180125795265
17049,"Illinois","Effingham","oats",0.564244899680528
17049,"Illinois","Effingham","soybeans",2727.36432456963
17049,"Illinois","Effingham","sunflower",0.145242282264656
17049,"Illinois","Effingham","wheat",196.117651821928
17051,"Illinois","Fayette","corn",3346.52983600934
17051,"Illinois","Fayette","grain sorghum",7.66348491866753
17051,"Illinois","Fayette","oats",0.818856655447697
17051,"Illinois","Fayette","rice_short/medium grain",0.108741294924184
17051,"Illinois","Fayette","soybeans",4285.69080354521
17051,"Illinois","Fayette","sunflower",0.422413657888997
17051,"Illinois","Fayette","wheat",357.048687098927
17053,"Illinois","Ford","barley",0.178254640032273
17053,"Illinois","Ford","corn",1480.63104033872
17053,"Illinois","Ford","dry peas",0.863557118200236
17053,"Illinois","Ford","oats",1.11950619443968
17053,"Illinois","Ford","soybeans",1447.94504020005
17053,"Illinois","Ford","sunflower",0.471229272536728
17053,"Illinois","Ford","wheat",21.3376950830356
17055,"Illinois","Franklin","corn",4724.47861142061
17055,"Illinois","Franklin","grain sorghum",70.9613934157096
17055,"Illinois","Franklin","soybeans",10843.5691035652
17055,"Illinois","Franklin","sunflower",1.60729711537049
17055,"Illinois","Franklin","wheat",2590.91836931551
17057,"Illinois","Fulton","barley",0.485789035483633
17057,"Illinois","Fulton","corn",4149.95513538252
17057,"Illinois","Fulton","oats",2.89689917503356
17057,"Illinois","Fulton","soybeans",3894.22708533142
17057,"Illinois","Fulton","sunflower",0.664427076067104
17057,"Illinois","Fulton","wheat",38.0633076888706
17059,"Illinois","Gallatin","canola",14.0778525908809
17059,"Illinois","Gallatin","corn",2216.22417293946
17059,"Illinois","Gallatin","grain sorghum",4.95112536167752
17059,"Illinois","Gallatin","soybeans",2749.73869076483
17059,"Illinois","Gallatin","sunflower",0.0866157121462051
17059,"Illinois","Gallatin","wheat",229.493895131885
17061,"Illinois","Greene","corn",3826.80403167533
17061,"Illinois","Greene","grain sorghum",4.90472217897419
17061,"Illinois","Greene","oats",2.24561640853952
17061,"Illinois","Greene","soybeans",3842.52712131475
17061,"Illinois","Greene","sunflower",0.260648534223658
17061,"Illinois","Greene","wheat",87.6745418579633
17063,"Illinois","Grundy","canola",0
17063,"Illinois","Grundy","corn",0
17063,"Illinois","Grundy","dry peas",0
17063,"Illinois","Grundy","grain sorghum",0
17063,"Illinois","Grundy","oats",0
17063,"Illinois","Grundy","soybeans",0
17063,"Illinois","Grundy","sunflower",0
17063,"Illinois","Grundy","wheat",0
17065,"Illinois","Hamilton","barley",1.81528017864367
17065,"Illinois","Hamilton","corn",4785.80439651303
17065,"Illinois","Hamilton","grain sorghum",23.8737655200851
17065,"Illinois","Hamilton","oats",12.5570757311682
17065,"Illinois","Hamilton","soybeans",6308.42317289797
17065,"Illinois","Hamilton","sunflower",0.20134621431011
17065,"Illinois","Hamilton","wheat",1270.79271794081
17067,"Illinois","Hancock","corn",12205.896115765
17067,"Illinois","Hancock","oats",7.6160113455633
17067,"Illinois","Hancock","soybeans",11627.2622143847
17067,"Illinois","Hancock","sunflower",0.145159047247077
17067,"Illinois","Hancock","wheat",157.830676035042
17069,"Illinois","Hardin","corn",150.307849940294
17069,"Illinois","Hardin","grain sorghum",20.5618054008136
17069,"Illinois","Hardin","soybeans",448.432141164098
17069,"Illinois","Hardin","wheat",11.4992021875305
17071,"Illinois","Henderson","corn",4286.84010182278
17071,"Illinois","Henderson","dry peas",6.63325261027129
17071,"Illinois","Henderson","oats",6.06017599367756
17071,"Illinois","Henderson","soybeans",2628.42391197256
17071,"Illinois","Henderson","wheat",23.7404452255363
17073,"Illinois","Henry","barley",0.529296680583301
17073,"Illinois","Henry","corn",6365.22749873931
17073,"Illinois","Henry","dry peas",5.1093844308307
17073,"Illinois","Henry","grain sorghum",0.954591206385321
17073,"Illinois","Henry","oats",14.0317107177034
17073,"Illinois","Henry","soybeans",4954.59222946395
17073,"Illinois","Henry","sunflower",0.854563419661755
17073,"Illinois","Henry","wheat",33.1867904416928
17075,"Illinois","Iroquois","barley",0.0851422173426192
17075,"Illinois","Iroquois","corn",6680.53629392775
17075,"Illinois","Iroquois","grain sorghum",0.424646808996313
17075,"Illinois","Iroquois","oats",7.27169878547241
17075,"Illinois","Iroquois","soybeans",6122.31205681181
17075,"Illinois","Iroquois","sunflower",1.00569987125102
17075,"Illinois","Iroquois","wheat",140.027232052648
17077,"Illinois","Jackson","corn",3924.64012209642
17077,"Illinois","Jackson","grain sorghum",35.3289655606613
17077,"Illinois","Jackson","soybeans",10652.8925837271
17077,"Illinois","Jackson","sunflower",4.81396859891381
17077,"Illinois","Jackson","wheat",2216.03762074708
17079,"Illinois","Jasper","barley",2.62623185517978
17079,"Illinois","Jasper","corn",1366.13388613955
17079,"Illinois","Jasper","grain sorghum",0.330961601361784
17079,"Illinois","Jasper","oats",0.0647101584071073
17079,"Illinois","Jasper","soybeans",1664.32020372001
17079,"Illinois","Jasper","sunflower",0.014026768440847
17079,"Illinois","Jasper","wheat",88.7668330798346
17081,"Illinois","Jefferson","barley",16.985803203592
17081,"Illinois","Jefferson","corn",9156.6826168513
17081,"Illinois","Jefferson","grain sorghum",158.562646360471
17081,"Illinois","Jefferson","oats",4.00954787005138
17081,"Illinois","Jefferson","soybeans",18924.7435030388
17081,"Illinois","Jefferson","sunflower",2.95192919804443
17081,"Illinois","Jefferson","wheat",4372.66830043354
17083,"Illinois","Jersey","corn",228.060345879898
17083,"Illinois","Jersey","grain sorghum",0.0357432878331112
17083,"Illinois","Jersey","oats",0.503239339064962
17083,"Illinois","Jersey","soybeans",229.159270358369
17083,"Illinois","Jersey","wheat",12.3091673964867
17085,"Illinois","Jo Daviess","barley",15.799845736372
17085,"Illinois","Jo Daviess","corn",22647.3699375086
17085,"Illinois","Jo Daviess","dry peas",4.77356068550784
17085,"Illinois","Jo Daviess","grain sorghum",4.96902976530234
17085,"Illinois","Jo Daviess","oats",769.277593974131
17085,"Illinois","Jo Daviess","soybeans",10337.7853398886
17085,"Illinois","Jo Daviess","sunflower",0.157746976676265
17085,"Illinois","Jo Daviess","wheat",191.102460585058
17087,"Illinois","Johnson","corn",2192.63660693987
17087,"Illinois","Johnson","grain sorghum",92.2137285262002
17087,"Illinois","Johnson","soybeans",6851.83889356525
17087,"Illinois","Johnson","sunflower",5.12933270184488
17087,"Illinois","Johnson","wheat",554.094272911199
17089,"Illinois","Kane","barley",0
17089,"Illinois","Kane","corn",0
17089,"Illinois","Kane","dry peas",0
17089,"Illinois","Kane","grain sorghum",0
17089,"Illinois","Kane","mustard",0
17089,"Illinois","Kane","oats",0
17089,"Illinois","Kane","soybeans",0
17089,"Illinois","Kane","sunflower",0
17089,"Illinois","Kane","wheat",0
17091,"Illinois","Kankakee","barley",0.276435468837699
17091,"Illinois","Kankakee","corn",3050.4473573964
17091,"Illinois","Kankakee","oats",2.46482651506768
17091,"Illinois","Kankakee","soybeans",2303.07678824851
17091,"Illinois","Kankakee","sunflower",0.116809134164042
17091,"Illinois","Kankakee","wheat",80.0268605210234
17093,"Illinois","Kendall","corn",1152.3633615758
17093,"Illinois","Kendall","grain sorghum",0.0162599631643938
17093,"Illinois","Kendall","oats",0.872607183180357
17093,"Illinois","Kendall","soybeans",929.441055187905
17093,"Illinois","Kendall","sunflower",0.184713181547513
17093,"Illinois","Kendall","wheat",17.245804731051
17095,"Illinois","Knox","corn",6384.89861722776
17095,"Illinois","Knox","grain sorghum",10.2377433749593
17095,"Illinois","Knox","oats",7.57287788643301
17095,"Illinois","Knox","soybeans",5486.32581957352
17095,"Illinois","Knox","sunflower",1.20653617032781
17095,"Illinois","Knox","wheat",23.7933827736438
17099,"Illinois","La Salle","barley",0.278747699056651
17099,"Illinois","La Salle","canola",0.602463621961119
17099,"Illinois","La Salle","corn",5071.33931716634
17099,"Illinois","La Salle","grain sorghum",0.597072963979363
17099,"Illinois","La Salle","oats",5.77159781246754
17099,"Illinois","La Salle","soybeans",4590.27148473807
17099,"Illinois","La Salle","sunflower",2.45740285568356
17099,"Illinois","La Salle","wheat",61.8608320098482
17097,"Illinois","Lake","barley",0
17097,"Illinois","Lake","corn",0
17097,"Illinois","Lake","oats",0
17097,"Illinois","Lake","soybeans",0
17097,"Illinois","Lake","sunflower",0
17097,"Illinois","Lake","wheat",0
17101,"Illinois","Lawrence","barley",0.368339566051293
17101,"Illinois","Lawrence","canola",2.61202191039988
17101,"Illinois","Lawrence","corn",1332.88960162727
17101,"Illinois","Lawrence","grain sorghum",3.52214498552768
17101,"Illinois","Lawrence","soybeans",1551.2822512401
17101,"Illinois","Lawrence","wheat",162.115011279913
17103,"Illinois","Lee","corn",3403.68688944735
17103,"Illinois","Lee","dry peas",0.520536621246007
17103,"Illinois","Lee","oats",6.97541463330276
17103,"Illinois","Lee","soybeans",1952.05673990905
17103,"Illinois","Lee","sunflower",0.147474350217121
17103,"Illinois","Lee","wheat",19.2204267160718
17105,"Illinois","Livingston","corn",3166.41480658284
17105,"Illinois","Livingston","cotton",0.855927258593172
17105,"Illinois","Livingston","oats",8.88113597102444
17105,"Illinois","Livingston","soybeans",3066.39003158809
17105,"Illinois","Livingston","sunflower",0.126507562947375
17105,"Illinois","Livingston","wheat",59.0523676692607
17107,"Illinois","Logan","barley",0.200011965121211
17107,"Illinois","Logan","canola",0.00916085336433026
17107,"Illinois","Logan","corn",1906.7241404392
17107,"Illinois","Logan","oats",2.96119495638996
17107,"Illinois","Logan","soybeans",1594.93298973278
17107,"Illinois","Logan","wheat",15.1861196603916
17115,"Illinois","Macon","corn",725.115276606416
17115,"Illinois","Macon","grain sorghum",0.0844010818826304
17115,"Illinois","Macon","oats",0.0819778878042483
17115,"Illinois","Macon","soybeans",682.844575982314
17115,"Illinois","Macon","sunflower",1.11124668554957
17115,"Illinois","Macon","wheat",11.2246764852411
17117,"Illinois","Macoupin","corn",5703.39503010374
17117,"Illinois","Macoupin","grain sorghum",1.23681933187903
17117,"Illinois","Macoupin","oats",1.90030548572787
17117,"Illinois","Macoupin","soybeans",5689.23707234825
17117,"Illinois","Macoupin","sunflower",0.411302249997359
17117,"Illinois","Macoupin","wheat",314.308156155077
17119,"Illinois","Madison","corn",85.3200889852648
17119,"Illinois","Madison","grain sorghum",0.0120281652151752
17119,"Illinois","Madison","oats",0.0291087903929501
17119,"Illinois","Madison","soybeans",95.4400543637821
17119,"Illinois","Madison","sunflower",0.0567972168463363
17119,"Illinois","Madison","wheat",13.0046299539376
17121,"Illinois","Marion","corn",5445.51323076384
17121,"Illinois","Marion","grain sorghum",8.30504144132938
17121,"Illinois","Marion","oats",1.59008350194558
17121,"Illinois","Marion","soybeans",6842.95773023829
17121,"Illinois","Marion","wheat",1430.02659044101
17123,"Illinois","Marshall","corn",1730.3108138259
17123,"Illinois","Marshall","oats",6.9165926773476
17123,"Illinois","Marshall","soybeans",1504.34434873375
17123,"Illinois","Marshall","sunflower",0.147034324611076
17123,"Illinois","Marshall","wheat",13.2027464407591
17125,"Illinois","Mason","corn",8163.10273436472
17125,"Illinois","Mason","grain sorghum",3.23885885339051
17125,"Illinois","Mason","oats",11.7960194082196
17125,"Illinois","Mason","soybeans",5313.51926223619
17125,"Illinois","Mason","sunflower",1.36431175235818
17125,"Illinois","Mason","wheat",141.054143118842
17127,"Illinois","Massac","corn",4078.49328486282
17127,"Illinois","Massac","grain sorghum",11.6291340534961
17127,"Illinois","Massac","oats",2.88912023740319
17127,"Illinois","Massac","soybeans",6178.81815508037
17127,"Illinois","Massac","sunflower",0.672118501456879
17127,"Illinois","Massac","wheat",651.122681921028
17109,"Illinois","McDonough","corn",8081.16701804592
17109,"Illinois","McDonough","grain sorghum",1.1852966366363
17109,"Illinois","McDonough","oats",12.2436285703116
17109,"Illinois","McDonough","soybeans",7267.84935175764
17109,"Illinois","McDonough","sunflower",0.843508917868992
17109,"Illinois","McDonough","wheat",22.3374842229279
17111,"Illinois","McHenry","barley",0.320039549282033
17111,"Illinois","McHenry","corn",1432.83188896021
17111,"Illinois","McHenry","dry peas",0.00315212852478456
17111,"Illinois","McHenry","grain sorghum",0.798906974606647
17111,"Illinois","McHenry","mustard",0.315212852478456
17111,"Illinois","McHenry","oats",3.0842947189312
17111,"Illinois","McHenry","soybeans",951.702039147572
17111,"Illinois","McHenry","sunflower",0.570976560979476
17111,"Illinois","McHenry","wheat",64.8582910898229
17113,"Illinois","McLean","barley",0.098493669000914
17113,"Illinois","McLean","corn",1768.651953749
17113,"Illinois","McLean","grain sorghum",0.111963138419313
17113,"Illinois","McLean","oats",1.53562469827423
17113,"Illinois","McLean","soybeans",1706.82036899281
17113,"Illinois","McLean","sunflower",0.0789118069527347
17113,"Illinois","McLean","wheat",8.94527040094305
17129,"Illinois","Menard","barley",0
17129,"Illinois","Menard","corn",0
17129,"Illinois","Menard","grain sorghum",0
17129,"Illinois","Menard","oats",0
17129,"Illinois","Menard","soybeans",0
17129,"Illinois","Menard","sunflower",0
17129,"Illinois","Menard","wheat",0
17131,"Illinois","Mercer","barley",0.0762996522968476
17131,"Illinois","Mercer","corn",6981.03709383155
17131,"Illinois","Mercer","oats",17.7342773169214
17131,"Illinois","Mercer","soybeans",5235.59124229058
17131,"Illinois","Mercer","sunflower",0.0513750992132108
17131,"Illinois","Mercer","wheat",14.1749494037084
17133,"Illinois","Monroe","barley",2.05338219996059
17133,"Illinois","Monroe","corn",2218.31464655767
17133,"Illinois","Monroe","grain sorghum",21.4037886140027
17133,"Illinois","Monroe","oats",0.514476506588864
17133,"Illinois","Monroe","soybeans",3707.92190351285
17133,"Illinois","Monroe","sunflower",0.230976136122331
17133,"Illinois","Monroe","wheat",1081.10359686105
17135,"Illinois","Montgomery","corn",2349.23181360069
17135,"Illinois","Montgomery","grain sorghum",3.27838238970258
17135,"Illinois","Montgomery","oats",0.961492045771995
17135,"Illinois","Montgomery","soybeans",2350.33800085042
17135,"Illinois","Montgomery","sunflower",0.230607103464168
17135,"Illinois","Montgomery","wheat",131.317329186714
17137,"Illinois","Morgan","corn",3240.62442087501
17137,"Illinois","Morgan","grain sorghum",0.180056790136416
17137,"Illinois","Morgan","oats",0.619264142594677
17137,"Illinois","Morgan","soybeans",3022.62405195044
17137,"Illinois","Morgan","sunflower",0.0986059992406984
17137,"Illinois","Morgan","wheat",41.1000399269846
17139,"Illinois","Moultrie","barley",0.308598157955254
17139,"Illinois","Moultrie","corn",542.964419915925
17139,"Illinois","Moultrie","grain sorghum",0.0142989879423243
17139,"Illinois","Moultrie","oats",0.370057807947353
17139,"Illinois","Moultrie","soybeans",519.722610931032
17139,"Illinois","Moultrie","sunflower",0.28430287753325
17139,"Illinois","Moultrie","wheat",6.80395242799591
17141,"Illinois","Ogle","corn",4646.15165486406
17141,"Illinois","Ogle","dry peas",2.91601865420472
17141,"Illinois","Ogle","oats",21.9430432755569
17141,"Illinois","Ogle","soybeans",2567.988907743
17141,"Illinois","Ogle","sunflower",1.71644339125329
17141,"Illinois","Ogle","wheat",75.2259201165198
17143,"Illinois","Peoria","corn",915.42547070925
17143,"Illinois","Peoria","dry peas",0.726361649718138
17143,"Illinois","Peoria","oats",1.05561848304672
17143,"Illinois","Peoria","soybeans",773.040821730631
17143,"Illinois","Peoria","sunflower",0.335487015969332
17143,"Illinois","Peoria","wheat",9.23688357292495
17145,"Illinois","Perry","barley",1.65501205258752
17145,"Illinois","Perry","corn",5251.76873268354
17145,"Illinois","Perry","grain sorghum",26.2397286663933
17145,"Illinois","Perry","oats",0.504235222521586
17145,"Illinois","Perry","soybeans",10621.8265664798
17145,"Illinois","Perry","sunflower",3.2414481149121
17145,"Illinois","Perry","wheat",3703.20857922935
17147,"Illinois","Piatt","corn",605.952256490615
17147,"Illinois","Piatt","oats",0.494539751330339
17147,"Illinois","Piatt","soybeans",572.981490083609
17147,"Illinois","Piatt","sunflower",0.769540749205852
17147,"Illinois","Piatt","wheat",7.10840818275961
17149,"Illinois","Pike","corn",10362.246732709
17149,"Illinois","Pike","grain sorghum",2.93966579896993
17149,"Illinois","Pike","oats",5.79922689492837
17149,"Illinois","Pike","soybeans",8913.51455440724
17149,"Illinois","Pike","sunflower",0.192441688898563
17149,"Illinois","Pike","wheat",203.522522145701
17151,"Illinois","Pope","corn",825.204449070742
17151,"Illinois","Pope","grain sorghum",12.9420333040391
17151,"Illinois","Pope","soybeans",2039.94569118836
17151,"Illinois","Pope","wheat",83.633408017875
17153,"Illinois","Pulaski","corn",1904.55369378627
17153,"Illinois","Pulaski","soybeans",5241.34207248165
17153,"Illinois","Pulaski","wheat",684.534183720729
17155,"Illinois","Putnam","corn",0
17155,"Illinois","Putnam","dry peas",0
17155,"Illinois","Putnam","oats",0
17155,"Illinois","Putnam","soybeans",0
17155,"Illinois","Putnam","sunflower",0
17155,"Illinois","Putnam","wheat",0
17157,"Illinois","Randolph","barley",2.38506964431748
17157,"Illinois","Randolph","corn",3876.57921898355
17157,"Illinois","Randolph","grain sorghum",15.2916393281459
17157,"Illinois","Randolph","oats",0.481269888805634
17157,"Illinois","Randolph","soybeans",7054.16304122391
17157,"Illinois","Randolph","sunflower",0.455134088288876
17157,"Illinois","Randolph","wheat",2089.9508657496
17159,"Illinois","Richland","barley",1.01694384354808
17159,"Illinois","Richland","corn",1685.03833268381
17159,"Illinois","Richland","grain sorghum",3.09495571914675
17159,"Illinois","Richland","soybeans",2012.13657013818
17159,"Illinois","Richland","wheat",247.023866369438
17161,"Illinois","Rock Island","barley",1.05173573781748
17161,"Illinois","Rock Island","corn",1862.88661184557
17161,"Illinois","Rock Island","oats",8.52784485837974
17161,"Illinois","Rock Island","soybeans",1334.4344600517
17161,"Illinois","Rock Island","sunflower",0.816099240472336
17161,"Illinois","Rock Island","wheat",10.077084231604
17165,"Illinois","Saline","corn",3938.63308846225
17165,"Illinois","Saline","grain sorghum",25.3205289120644
17165,"Illinois","Saline","oats",0.861554023482554
17165,"Illinois","Saline","soybeans",4920.97727226763
17165,"Illinois","Saline","sunflower",0.148553667171909
17165,"Illinois","Saline","wheat",228.433979431256
17167,"Illinois","Sangamon","barley",0.408950028560488
17167,"Illinois","Sangamon","corn",2407.15128305917
17167,"Illinois","Sangamon","oats",2.72441496224148
17167,"Illinois","Sangamon","soybeans",2062.1023705078
17167,"Illinois","Sangamon","sunflower",0.0631149092704348
17167,"Illinois","Sangamon","wheat",20.6064126653382
17169,"Illinois","Schuyler","corn",247.297058845294
17169,"Illinois","Schuyler","grain sorghum",0.0905158158822942
17169,"Illinois","Schuyler","oats",0.13491432874947
17169,"Illinois","Schuyler","soybeans",232.988494591051
17169,"Illinois","Schuyler","sunflower",0.0111792678709518
17169,"Illinois","Schuyler","wheat",3.27246233113268
17171,"Illinois","Scott","corn",1766.15731947667
17171,"Illinois","Scott","oats",0.721564161627975
17171,"Illinois","Scott","soybeans",1716.39035750378
17171,"Illinois","Scott","sunflower",0.121794118000541
17171,"Illinois","Scott","wheat",16.5069868262727
17173,"Illinois","Shelby","corn",3768.76203313826
17173,"Illinois","Shelby","grain sorghum",0.028930006163061
17173,"Illinois","Shelby","oats",1.67784995118828
17173,"Illinois","Shelby","soybeans",3866.73092243079
17173,"Illinois","Shelby","sunflower",0.256226434793152
17173,"Illinois","Shelby","wheat",170.257923005019
17163,"Illinois","St. Clair","barley",0.0402224150551939
17163,"Illinois","St. Clair","corn",131.824724793717
17163,"Illinois","St. Clair","grain sorghum",0.346734601574941
17163,"Illinois","St. Clair","oats",0.027877607505409
17163,"Illinois","St. Clair","soybeans",157.736140870499
17163,"Illinois","St. Clair","sunflower",0.0266561212846934
17163,"Illinois","St. Clair","wheat",29.3696688062216
17175,"Illinois","Stark","corn",412.838605491622
17175,"Illinois","Stark","oats",0.805158265870518
17175,"Illinois","Stark","soybeans",309.366864723115
17175,"Illinois","Stark","wheat",3.48779828838244
17177,"Illinois","Stephenson","barley",2.56625987793362
17177,"Illinois","Stephenson","corn",18366.2999831788
17177,"Illinois","Stephenson","dry peas",5.50520956645544
17177,"Illinois","Stephenson","oats",146.895018384794
17177,"Illinois","Stephenson","soybeans",9411.66445096997
17177,"Illinois","Stephenson","wheat",325.618938520113
17179,"Illinois","Tazewell","corn",3060.08749873383
17179,"Illinois","Tazewell","dry peas",1.87698575275751
17179,"Illinois","Tazewell","grain sorghum",6.61826255149744
17179,"Illinois","Tazewell","oats",3.3744751906759
17179,"Illinois","Tazewell","soybeans",2624.7191863124
17179,"Illinois","Tazewell","sunflower",2.0518690459972
17179,"Illinois","Tazewell","wheat",66.9796540743321
17181,"Illinois","Union","corn",3379.47091980837
17181,"Illinois","Union","cotton",185.926559443015
17181,"Illinois","Union","oats",0.627564894609637
17181,"Illinois","Union","rice_long grain",133.19535764747
17181,"Illinois","Union","soybeans",8265.8132567636
17181,"Illinois","Union","wheat",793.123896924066
17183,"Illinois","Vermilion","barley",0.0741912246755834
17183,"Illinois","Vermilion","corn",1690.27775112398
17183,"Illinois","Vermilion","dry peas",0.885865369260697
17183,"Illinois","Vermilion","grain sorghum",0.923941761114456
17183,"Illinois","Vermilion","oats",1.56195465527557
17183,"Illinois","Vermilion","soybeans",1647.23329972721
17183,"Illinois","Vermilion","sunflower",0.0757731271206918
17183,"Illinois","Vermilion","wheat",31.6018075171503
17185,"Illinois","Wabash","corn",517.80808648187
17185,"Illinois","Wabash","grain sorghum",0.579006612136234
17185,"Illinois","Wabash","oats",0.565377375520917
17185,"Illinois","Wabash","soybeans",575.316270093963
17185,"Illinois","Wabash","wheat",48.946713542142
17187,"Illinois","Warren","corn",5444.57339963668
17187,"Illinois","Warren","grain sorghum",2.34413833089444
17187,"Illinois","Warren","oats",8.39854475100991
17187,"Illinois","Warren","soybeans",4337.17438950451
17187,"Illinois","Warren","sunflower",0.843710830158026
17187,"Illinois","Warren","wheat",7.0103279499073
17189,"Illinois","Washington","barley",6.4329592148302
17189,"Illinois","Washington","corn",6859.26329907848
17189,"Illinois","Washington","grain sorghum",6.92600021156304
17189,"Illinois","Washington","oats",9.0312307879441
17189,"Illinois","Washington","soybeans",10113.3735114738
17189,"Illinois","Washington","sunflower",1.76616274174946
17189,"Illinois","Washington","wheat",3806.03828242852
17191,"Illinois","Wayne","barley",0.98459746891924
17191,"Illinois","Wayne","canola",8.0277332307048
17191,"Illinois","Wayne","corn",15443.3956606738
17191,"Illinois","Wayne","grain sorghum",170.737360758129
17191,"Illinois","Wayne","oats",1.50511498442869
17191,"Illinois","Wayne","soybeans",20033.0599076329
17191,"Illinois","Wayne","sunflower",0.764830962044449
17191,"Illinois","Wayne","wheat",3331.0583342222
17193,"Illinois","White","barley",0.00901085254334307
17193,"Illinois","White","corn",163.920347347663
17193,"Illinois","White","cotton",0.0649862685425902
17193,"Illinois","White","grain sorghum",1.48840361225687
17193,"Illinois","White","oats",0.124028978747591
17193,"Illinois","White","soybeans",221.103653712981
17193,"Illinois","White","sunflower",0.00496197613386758
17193,"Illinois","White","wheat",16.5851373047701
17195,"Illinois","Whiteside","corn",7091.53888741073
17195,"Illinois","Whiteside","dry peas",4.48381775730205
17195,"Illinois","Whiteside","grain sorghum",0.037736798263445
17195,"Illinois","Whiteside","oats",15.0593527522947
17195,"Illinois","Whiteside","soybeans",3019.40094414613
17195,"Illinois","Whiteside","sunflower",1.22853550181291
17195,"Illinois","Whiteside","wheat",42.4159990734419
17197,"Illinois","Will","corn",0
17197,"Illinois","Will","oats",0
17197,"Illinois","Will","soybeans",0
17197,"Illinois","Will","sunflower",0
17197,"Illinois","Will","wheat",0
17199,"Illinois","Williamson","corn",1895.90712311832
17199,"Illinois","Williamson","grain sorghum",58.046862355881
17199,"Illinois","Williamson","soybeans",3063.04341032595
17199,"Illinois","Williamson","sunflower",0.148805977759423
17199,"Illinois","Williamson","wheat",380.489993064506
17201,"Illinois","Winnebago","barley",0.104437762679394
17201,"Illinois","Winnebago","corn",2514.99107879616
17201,"Illinois","Winnebago","oats",10.9124233216694
17201,"Illinois","Winnebago","soybeans",1546.29688070939
17201,"Illinois","Winnebago","sunflower",2.17592597283761
17201,"Illinois","Winnebago","wheat",76.411610563678
17203,"Illinois","Woodford","barley",0.208209130644354
17203,"Illinois","Woodford","corn",1634.05350569333
17203,"Illinois","Woodford","dry peas",1.79014329068963
17203,"Illinois","Woodford","oats",4.94207971813797
17203,"Illinois","Woodford","soybeans",1506.87656541977
17203,"Illinois","Woodford","sunflower",0.921247534323984
17203,"Illinois","Woodford","wheat",45.7139319075731
18001,"Indiana","Adams","barley",2.47133109879345
18001,"Indiana","Adams","corn",2255.26088110268
18001,"Indiana","Adams","oats",11.3287793638428
18001,"Indiana","Adams","soybeans",3095.87710838919
18001,"Indiana","Adams","sunflower",0.0298542909755735
18001,"Indiana","Adams","wheat",203.553166464462
18003,"Indiana","Allen","barley",0.483493767532771
18003,"Indiana","Allen","corn",646.776908971444
18003,"Indiana","Allen","grain sorghum",0.0732008274973439
18003,"Indiana","Allen","oats",0.454563327281619
18003,"Indiana","Allen","soybeans",910.012697636099
18003,"Indiana","Allen","sunflower",0.0176479982435944
18003,"Indiana","Allen","wheat",86.4855162398895
18005,"Indiana","Bartholomew","barley",6.19500616963415
18005,"Indiana","Bartholomew","corn",3746.45033674074
18005,"Indiana","Bartholomew","grain sorghum",7.33511479863346
18005,"Indiana","Bartholomew","oats",1.19986174384268
18005,"Indiana","Bartholomew","soybeans",4478.53010557548
18005,"Indiana","Bartholomew","wheat",401.355913066516
18007,"Indiana","Benton","corn",1065.58210019019
18007,"Indiana","Benton","grain sorghum",1.22707680629525
18007,"Indiana","Benton","oats",0.488917704905977
18007,"Indiana","Benton","soybeans",937.895100413199
18007,"Indiana","Benton","sunflower",0.0451684713973713
18007,"Indiana","Benton","wheat",16.7625511293456
18009,"Indiana","Blackford","barley",4.30485859899286
18009,"Indiana","Blackford","corn",1361.87735117625
18009,"Indiana","Blackford","dry peas",6.83745722930943
18009,"Indiana","Blackford","grain sorghum",0.822954786716557
18009,"Indiana","Blackford","oats",10.5093059388595
18009,"Indiana","Blackford","soybeans",2145.32807184024
18009,"Indiana","Blackford","wheat",61.8452758507673
18011,"Indiana","Boone","barley",1.61032713242848
18011,"Indiana","Boone","corn",1870.01637614581
18011,"Indiana","Boone","oats",1.1458140285676
18011,"Indiana","Boone","soybeans",1997.21496294907
18011,"Indiana","Boone","wheat",62.2201026271913
18013,"Indiana","Brown","corn",287.126718229816
18013,"Indiana","Brown","soybeans",184.877216937566
18013,"Indiana","Brown","wheat",13.1469553170999
18015,"Indiana","Carroll","barley",0.796968673033612
18015,"Indiana","Carroll","corn",1111.532783017
18015,"Indiana","Carroll","oats",0.422192238749476
18015,"Indiana","Carroll","soybeans",983.578516640104
18015,"Indiana","Carroll","sunflower",0.056204491454624
18015,"Indiana","Carroll","wheat",54.0005545735854
18017,"Indiana","Cass","corn",2920.44170782982
18017,"Indiana","Cass","grain sorghum",3.25518176184262
18017,"Indiana","Cass","oats",0.818447472323046
18017,"Indiana","Cass","soybeans",2377.50027795123
18017,"Indiana","Cass","wheat",88.8302382768685
18019,"Indiana","Clark","barley",3.14989464679562
18019,"Indiana","Clark","corn",2694.56051836697
18019,"Indiana","Clark","grain sorghum",2.81274995982973
18019,"Indiana","Clark","oats",9.57137711787265
18019,"Indiana","Clark","soybeans",5175.54501498389
18019,"Indiana","Clark","sunflower",0.315738675095042
18019,"Indiana","Clark","wheat",481.175787049324
18021,"Indiana","Clay","corn",3392.86446521725
18021,"Indiana","Clay","grain sorghum",4.50191089241405
18021,"Indiana","Clay","soybeans",4067.18192670679
18021,"Indiana","Clay","sunflower",0.678850599509533
18021,"Indiana","Clay","wheat",69.6725867212285
18023,"Indiana","Clinton","corn",1228.20449712276
18023,"Indiana","Clinton","oats",0.353862146442585
18023,"Indiana","Clinton","soybeans",1220.99972527284
18023,"Indiana","Clinton","sunflower",0.0211447333123557
18023,"Indiana","Clinton","wheat",22.3069203514313
18025,"Indiana","Crawford","barley",5.06440306831726
18025,"Indiana","Crawford","corn",2205.83349681822
18025,"Indiana","Crawford","grain sorghum",49.8317369013475
18025,"Indiana","Crawford","oats",83.0777609717576
18025,"Indiana","Crawford","soybeans",2355.45801143039
18025,"Indiana","Crawford","wheat",47.1275445919556
18027,"Indiana","Daviess","corn",3222.37921393812
18027,"Indiana","Daviess","grain sorghum",8.87844251777879
18027,"Indiana","Daviess","oats",0.604390925728526
18027,"Indiana","Daviess","soybeans",2300.18455148363
18027,"Indiana","Daviess","sunflower",2.42730732144173
18027,"Indiana","Daviess","wheat",79.9514051169688
18033,"Indiana","DeKalb","corn",3264.82624597118
18033,"Indiana","DeKalb","grain sorghum",0.56158367453267
18033,"Indiana","DeKalb","oats",9.36742976845188
18033,"Indiana","DeKalb","soybeans",5419.49875107942
18033,"Indiana","DeKalb","wheat",536.640752001697
18029,"Indiana","Dearborn","corn",1830.02288277185
18029,"Indiana","Dearborn","oats",2.23323312315804
18029,"Indiana","Dearborn","soybeans",3062.38353414326
18029,"Indiana","Dearborn","wheat",215.493430015311
18031,"Indiana","Decatur","barley",13.3911392270781
18031,"Indiana","Decatur","corn",2990.30751632053
18031,"Indiana","Decatur","oats",1.54737936881856
18031,"Indiana","Decatur","soybeans",3133.71788568775
18031,"Indiana","Decatur","sunflower",0.0881479268924503
18031,"Indiana","Decatur","wheat",233.237498298143
18035,"Indiana","Delaware","barley",4.78076005571594
18035,"Indiana","Delaware","corn",3262.59903781661
18035,"Indiana","Delaware","oats",0.619914890568222
18035,"Indiana","Delaware","soybeans",4052.35557592983
18035,"Indiana","Delaware","wheat",106.135107164428
18037,"Indiana","Dubois","barley",5.0453139953694
18037,"Indiana","Dubois","corn",5808.02506318018
18037,"Indiana","Dubois","grain sorghum",27.2859710788345
18037,"Indiana","Dubois","oats",0.666651080803657
18037,"Indiana","Dubois","soybeans",5081.69433579427
18037,"Indiana","Dubois","sunflower",0.0904641341382833
18037,"Indiana","Dubois","wheat",483.203336685771
18039,"Indiana","Elkhart","barley",0
18039,"Indiana","Elkhart","corn",0
18039,"Indiana","Elkhart","grain sorghum",0
18039,"Indiana","Elkhart","oats",0
18039,"Indiana","Elkhart","soybeans",0
18039,"Indiana","Elkhart","sunflower",0
18039,"Indiana","Elkhart","wheat",0
18041,"Indiana","Fayette","corn",1952.50897704053
18041,"Indiana","Fayette","oats",1.00221414354157
18041,"Indiana","Fayette","soybeans",2110.73177382571
18041,"Indiana","Fayette","wheat",99.4593053828664
18043,"Indiana","Floyd","corn",435.744515565241
18043,"Indiana","Floyd","soybeans",594.463852893646
18043,"Indiana","Floyd","wheat",18.4560151228182
18045,"Indiana","Fountain","barley",0.0526071585761109
18045,"Indiana","Fountain","corn",2389.92837384004
18045,"Indiana","Fountain","grain sorghum",6.81021491698169
18045,"Indiana","Fountain","oats",1.07125634005293
18045,"Indiana","Fountain","soybeans",2201.75527837517
18045,"Indiana","Fountain","sunflower",4.44656839038953
18045,"Indiana","Fountain","wheat",34.1674995105258
18047,"Indiana","Franklin","barley",3.48841955205817
18047,"Indiana","Franklin","corn",4892.87803957674
18047,"Indiana","Franklin","dry peas",2.3895557772637
18047,"Indiana","Franklin","oats",3.68549152713305
18047,"Indiana","Franklin","soybeans",5386.03482639462
18047,"Indiana","Franklin","sunflower",0.265506197473745
18047,"Indiana","Franklin","wheat",344.414373856745
18049,"Indiana","Fulton","corn",3749.50085644739
18049,"Indiana","Fulton","grain sorghum",5.23906281152444
18049,"Indiana","Fulton","oats",0.255194931979526
18049,"Indiana","Fulton","soybeans",2828.98960133468
18049,"Indiana","Fulton","wheat",66.8299761268106
18051,"Indiana","Gibson","corn",1495.08415419911
18051,"Indiana","Gibson","grain sorghum",10.7929609458568
18051,"Indiana","Gibson","oats",0.596854542763029
18051,"Indiana","Gibson","rapeseed",1.72966990164441
18051,"Indiana","Gibson","soybeans",1544.18170495354
18051,"Indiana","Gibson","wheat",251.90763293927
18053,"Indiana","Grant","corn",3535.53114952799
18053,"Indiana","Grant","oats",2.45368818524037
18053,"Indiana","Grant","soybeans",5126.58480416394
18053,"Indiana","Grant","sunflower",4.36152864846249
18053,"Indiana","Grant","wheat",73.6479905194698
18055,"Indiana","Greene","corn",4629.79297863537
18055,"Indiana","Greene","grain sorghum",27.411533410455
18055,"Indiana","Greene","soybeans",5099.37788829933
18055,"Indiana","Greene","wheat",79.9062049791038
18057,"Indiana","Hamilton","corn",1981.79461612273
18057,"Indiana","Hamilton","soybeans",2286.0636556973
18057,"Indiana","Hamilton","wheat",58.5713922541188
18059,"Indiana","Hancock","canola",5.08974046721948
18059,"Indiana","Hancock","corn",1515.44429615439
18059,"Indiana","Hancock","dry peas",0.777947976693535
18059,"Indiana","Hancock","oats",0.322358235416878
18059,"Indiana","Hancock","soybeans",1878.92849044201
18059,"Indiana","Hancock","sunflower",1.08720576905635
18059,"Indiana","Hancock","wheat",92.930525556291
18061,"Indiana","Harrison","barley",6.19656076269037
18061,"Indiana","Harrison","corn",6425.6948733947
18061,"Indiana","Harrison","grain sorghum",2.75283552300484
18061,"Indiana","Harrison","oats",23.7580275788411
18061,"Indiana","Harrison","soybeans",7740.59112689077
18061,"Indiana","Harrison","sunflower",1.50509788611701
18061,"Indiana","Harrison","wheat",606.775502176366
18063,"Indiana","Hendricks","barley",0.641884042296085
18063,"Indiana","Hendricks","corn",905.094121174403
18063,"Indiana","Hendricks","grain sorghum",7.6055458337961
18063,"Indiana","Hendricks","soybeans",1028.75883213396
18063,"Indiana","Hendricks","wheat",29.1214320686398
18065,"Indiana","Henry","barley",2.19890178741019
18065,"Indiana","Henry","corn",3675.67049432487
18065,"Indiana","Henry","oats",3.41813067834935
18065,"Indiana","Henry","soybeans",4526.11813828838
18065,"Indiana","Henry","sunflower",2.46223455419657
18065,"Indiana","Henry","wheat",191.779381078186
18067,"Indiana","Howard","corn",967.58143266504
18067,"Indiana","Howard","oats",0.550839004167252
18067,"Indiana","Howard","soybeans",1052.6283310628
18067,"Indiana","Howard","sunflower",0.784303058359057
18067,"Indiana","Howard","wheat",29.6236098954468
18069,"Indiana","Huntington","barley",5.20697258620807
18069,"Indiana","Huntington","corn",2565.72257717032
18069,"Indiana","Huntington","grain sorghum",0.549995459664163
18069,"Indiana","Huntington","oats",1.32980909133194
18069,"Indiana","Huntington","soybeans",3612.44723324781
18069,"Indiana","Huntington","sunflower",4.12370990248683
18069,"Indiana","Huntington","wheat",201.697760545299
18071,"Indiana","Jackson","barley",1.20390303965517
18071,"Indiana","Jackson","corn",4141.4772425307
18071,"Indiana","Jackson","grain sorghum",27.7992450875876
18071,"Indiana","Jackson","oats",2.0594288639611
18071,"Indiana","Jackson","soybeans",4889.13516827342
18071,"Indiana","Jackson","sunflower",0.0647782103661644
18071,"Indiana","Jackson","wheat",279.407206990273
18073,"Indiana","Jasper","canola",1.03283162112814
18073,"Indiana","Jasper","corn",3732.81187191086
18073,"Indiana","Jasper","grain sorghum",44.370081094802
18073,"Indiana","Jasper","oats",4.56513018705203
18073,"Indiana","Jasper","soybeans",2260.10866126732
18073,"Indiana","Jasper","sunflower",0.0286029701918196
18073,"Indiana","Jasper","wheat",57.8466949881548
18075,"Indiana","Jay","barley",2.70942238779576
18075,"Indiana","Jay","corn",4610.52448466985
18075,"Indiana","Jay","grain sorghum",2.50274856441539
18075,"Indiana","Jay","oats",3.02263545862786
18075,"Indiana","Jay","soybeans",6069.44522675294
18075,"Indiana","Jay","sunflower",1.16536282809926
18075,"Indiana","Jay","wheat",416.409818749338
18077,"Indiana","Jefferson","barley",5.36546417097635
18077,"Indiana","Jefferson","corn",3155.40542090217
18077,"Indiana","Jefferson","oats",25.0238325754761
18077,"Indiana","Jefferson","peanuts",0.120578710939146
18077,"Indiana","Jefferson","soybeans",6882.93201715043
18077,"Indiana","Jefferson","wheat",453.456146627937
18079,"Indiana","Jennings","barley",1.48727866351181
18079,"Indiana","Jennings","corn",3258.15986652507
18079,"Indiana","Jennings","soybeans",5393.82266723046
18079,"Indiana","Jennings","sunflower",0.557357926865684
18079,"Indiana","Jennings","wheat",423.892849069647
18081,"Indiana","Johnson","barley",6.88712013251738
18081,"Indiana","Johnson","canola",2.26738378100668
18081,"Indiana","Johnson","corn",2795.83324132842
18081,"Indiana","Johnson","oats",0.360884946202047
18081,"Indiana","Johnson","soybeans",3006.96186738358
18081,"Indiana","Johnson","sunflower",2.26738378100668
18081,"Indiana","Johnson","wheat",200.503994748737
18083,"Indiana","Knox","corn",2838.20595611892
18083,"Indiana","Knox","grain sorghum",27.8287623825596
18083,"Indiana","Knox","oats",0.500660296189212
18083,"Indiana","Knox","rapeseed",2.84264332319997
18083,"Indiana","Knox","soybeans",2990.1609163375
18083,"Indiana","Knox","sunflower",0.0364988590662374
18083,"Indiana","Knox","wheat",324.436051251766
18085,"Indiana","Kosciusko","barley",2.19847292819581
18085,"Indiana","Kosciusko","corn",6234.74035529817
18085,"Indiana","Kosciusko","grain sorghum",0.738713332661117
18085,"Indiana","Kosciusko","oats",4.00913212934807
18085,"Indiana","Kosciusko","soybeans",5001.32528267735
18085,"Indiana","Kosciusko","wheat",221.474846487683
18087,"Indiana","LaGrange","barley",1.63408343141676
18087,"Indiana","LaGrange","corn",679.765476024584
18087,"Indiana","LaGrange","grain sorghum",0.117578004639808
18087,"Indiana","LaGrange","oats",1.07162161135449
18087,"Indiana","LaGrange","soybeans",527.31233021015
18087,"Indiana","LaGrange","wheat",23.2785009623386
18091,"Indiana","LaPorte","barley",1.76431726125027
18091,"Indiana","LaPorte","corn",6665.72976324344
18091,"Indiana","LaPorte","grain sorghum",7.6212216654674
18091,"Indiana","LaPorte","oats",7.86703604550916
18091,"Indiana","LaPorte","soybeans",5198.9237388871
18091,"Indiana","LaPorte","sunflower",0.0379510511753918
18091,"Indiana","LaPorte","wheat",325.918205915526
18089,"Indiana","Lake","corn",0
18089,"Indiana","Lake","grain sorghum",0
18089,"Indiana","Lake","oats",0
18089,"Indiana","Lake","soybeans",0
18089,"Indiana","Lake","sunflower",0
18089,"Indiana","Lake","wheat",0
18093,"Indiana","Lawrence","barley",5.78856704643038
18093,"Indiana","Lawrence","corn",4773.19806301113
18093,"Indiana","Lawrence","oats",18.9835314163704
18093,"Indiana","Lawrence","soybeans",5956.19326150968
18093,"Indiana","Lawrence","sunflower",0.222637194093476
18093,"Indiana","Lawrence","wheat",232.061871793841
18095,"Indiana","Madison","corn",1147.18485323053
18095,"Indiana","Madison","grain sorghum",0.288809488547063
18095,"Indiana","Madison","oats",2.59372602274557
18095,"Indiana","Madison","soybeans",1340.91546456238
18095,"Indiana","Madison","sunflower",2.57972334903473
18095,"Indiana","Madison","wheat",19.5826175732936
18097,"Indiana","Marion","corn",43.3626168207743
18097,"Indiana","Marion","oats",0.173771494515915
18097,"Indiana","Marion","soybeans",73.996724605972
18097,"Indiana","Marion","wheat",2.58887334756005
18099,"Indiana","Marshall","barley",0.80957771369545
18099,"Indiana","Marshall","corn",2476.81859657625
18099,"Indiana","Marshall","grain sorghum",1.01160337861973
18099,"Indiana","Marshall","oats",0.452444447562804
18099,"Indiana","Marshall","soybeans",1879.08569860769
18099,"Indiana","Marshall","sunflower",0.014183211522345
18099,"Indiana","Marshall","wheat",54.7869662013602
18101,"Indiana","Martin","corn",1294.05174573364
18101,"Indiana","Martin","grain sorghum",20.3015252868618
18101,"Indiana","Martin","soybeans",1277.93292269455
18101,"Indiana","Martin","wheat",66.2161704557241
18103,"Indiana","Miami","barley",5.68664466718757
18103,"Indiana","Miami","canola",2.68188784777456
18103,"Indiana","Miami","corn",3149.47328823967
18103,"Indiana","Miami","grain sorghum",1.10011892412908
18103,"Indiana","Miami","oats",3.29966971631316
18103,"Indiana","Miami","soybeans",3809.72687841787
18103,"Indiana","Miami","sunflower",5.63149064855136
18103,"Indiana","Miami","wheat",172.42463478015
18105,"Indiana","Monroe","corn",418.191035828134
18105,"Indiana","Monroe","oats",3.93569550836013
18105,"Indiana","Monroe","soybeans",529.469611351332
18105,"Indiana","Monroe","wheat",8.43793332526661
18107,"Indiana","Montgomery","corn",3837.37900805578
18107,"Indiana","Montgomery","oats",0.0554446249297754
18107,"Indiana","Montgomery","soybeans",3849.97153766777
18107,"Indiana","Montgomery","sunflower",3.04024151805264
18107,"Indiana","Montgomery","wheat",105.414872052587
18109,"Indiana","Morgan","barley",0.82533677801667
18109,"Indiana","Morgan","corn",791.00088533255
18109,"Indiana","Morgan","grain sorghum",0.19603807701394
18109,"Indiana","Morgan","soybeans",805.304557691751
18109,"Indiana","Morgan","wheat",9.78288839256646
18111,"Indiana","Newton","barley",0.193797741625858
18111,"Indiana","Newton","corn",2274.00892649028
18111,"Indiana","Newton","grain sorghum",7.89020403046656
18111,"Indiana","Newton","oats",1.9887286639219
18111,"Indiana","Newton","soybeans",1563.2911644114
18111,"Indiana","Newton","sunflower",0.612838950386597
18111,"Indiana","Newton","wheat",43.4675340365349
18113,"Indiana","Noble","barley",0.672662503985505
18113,"Indiana","Noble","corn",4769.79807375602
18113,"Indiana","Noble","grain sorghum",5.29480311246501
18113,"Indiana","Noble","oats",11.5642066690063
18113,"Indiana","Noble","soybeans",4822.12460910546
18113,"Indiana","Noble","sunflower",0.695262649201878
18113,"Indiana","Noble","wheat",241.073694464396
18115,"Indiana","Ohio","corn",715.487282774522
18115,"Indiana","Ohio","soybeans",873.842925307866
18115,"Indiana","Ohio","sunflower",0.83535138621605
18115,"Indiana","Ohio","wheat",84.4270448532233
18117,"Indiana","Orange","barley",13.6334278204889
18117,"Indiana","Orange","corn",3136.95664170057
18117,"Indiana","Orange","oats",5.67256755241827
18117,"Indiana","Orange","soybeans",3079.22738075428
18117,"Indiana","Orange","wheat",135.323074969826
18119,"Indiana","Owen","corn",1453.56097266582
18119,"Indiana","Owen","oats",1.93367849595401
18119,"Indiana","Owen","soybeans",1854.13290153334
18119,"Indiana","Owen","wheat",57.5454943261194
18121,"Indiana","Parke","corn",2553.56292178487
18121,"Indiana","Parke","grain sorghum",12.4344413327985
18121,"Indiana","Parke","oats",1.18034801923158
18121,"Indiana","Parke","soybeans",2772.13029455534
18121,"Indiana","Parke","sunflower",3.58169598260298
18121,"Indiana","Parke","wheat",94.5945054169196
18123,"Indiana","Perry","corn",3354.53974997812
18123,"Indiana","Perry","grain sorghum",9.58386297818842
18123,"Indiana","Perry","soybeans",3640.64301194634
18123,"Indiana","Perry","sunflower",3.34868111752678
18123,"Indiana","Perry","wheat",93.3371848353286
18125,"Indiana","Pike","corn",2177.64544033601
18125,"Indiana","Pike","grain sorghum",23.5107370584488
18125,"Indiana","Pike","oats",3.08713486042284
18125,"Indiana","Pike","soybeans",2805.45429046547
18125,"Indiana","Pike","wheat",169.004415480312
18127,"Indiana","Porter","barley",0.900584979289983
18127,"Indiana","Porter","corn",2354.8252254746
18127,"Indiana","Porter","grain sorghum",9.35032257576377
18127,"Indiana","Porter","oats",0.789129328529775
18127,"Indiana","Porter","soybeans",2123.11760689785
18127,"Indiana","Porter","sunflower",0.0979488194998169
18127,"Indiana","Porter","wheat",62.761017043141
18129,"Indiana","Posey","barley",0
18129,"Indiana","Posey","canola",0
18129,"Indiana","Posey","corn",0
18129,"Indiana","Posey","grain sorghum",0
18129,"Indiana","Posey","oats",0
18129,"Indiana","Posey","rapeseed",0
18129,"Indiana","Posey","soybeans",0
18129,"Indiana","Posey","sunflower",0
18129,"Indiana","Posey","wheat",0
18131,"Indiana","Pulaski","corn",4242.71418740164
18131,"Indiana","Pulaski","grain sorghum",6.62543809929301
18131,"Indiana","Pulaski","oats",0.589436314021624
18131,"Indiana","Pulaski","soybeans",2612.85541701832
18131,"Indiana","Pulaski","sunflower",0.231668644403226
18131,"Indiana","Pulaski","wheat",50.3328999443235
18133,"Indiana","Putnam","barley",0.487634776866432
18133,"Indiana","Putnam","corn",3342.45695923632
18133,"Indiana","Putnam","grain sorghum",0.390107821493146
18133,"Indiana","Putnam","oats",2.03538755864049
18133,"Indiana","Putnam","soybeans",3541.79968806484
18133,"Indiana","Putnam","sunflower",0.541762237098606
18133,"Indiana","Putnam","wheat",182.432752397805
18135,"Indiana","Randolph","barley",9.60445940868331
18135,"Indiana","Randolph","canola",8.91173350634023
18135,"Indiana","Randolph","corn",4701.71026072963
18135,"Indiana","Randolph","grain sorghum",0.387403510572851
18135,"Indiana","Randolph","oats",4.74753317119265
18135,"Indiana","Randolph","soybeans",5216.72085577727
18135,"Indiana","Randolph","sunflower",1.79174123639944
18135,"Indiana","Randolph","wheat",147.268345316185
18137,"Indiana","Ripley","barley",13.1732925329005
18137,"Indiana","Ripley","corn",4702.06609850528
18137,"Indiana","Ripley","grain sorghum",4.38370446860473
18137,"Indiana","Ripley","oats",9.70115018754217
18137,"Indiana","Ripley","soybeans",7127.429941588
18137,"Indiana","Ripley","wheat",394.981198750298
18139,"Indiana","Rush","barley",3.90610279304586
18139,"Indiana","Rush","corn",5022.01520692277
18139,"Indiana","Rush","oats",1.054811294658
18139,"Indiana","Rush","soybeans",4954.87883809755
18139,"Indiana","Rush","sunflower",0.00201280659222975
18139,"Indiana","Rush","wheat",311.031354032213
18143,"Indiana","Scott","barley",1.61554393321965
18143,"Indiana","Scott","corn",1311.63083627749
18143,"Indiana","Scott","oats",0.800775715620716
18143,"Indiana","Scott","soybeans",1810.44043574336
18143,"Indiana","Scott","sunflower",0.235737131721327
18143,"Indiana","Scott","wheat",31.4323855582667
18145,"Indiana","Shelby","barley",0.355189267571441
18145,"Indiana","Shelby","corn",3051.97106298759
18145,"Indiana","Shelby","grain sorghum",1.33302532119562
18145,"Indiana","Shelby","oats",0.516090005781304
18145,"Indiana","Shelby","soybeans",3184.10200330807
18145,"Indiana","Shelby","sunflower",0.378276569963585
18145,"Indiana","Shelby","wheat",175.27840905296
18147,"Indiana","Spencer","barley",1.48820346622198
18147,"Indiana","Spencer","corn",2827.81227868507
18147,"Indiana","Spencer","grain sorghum",1.67413014241251
18147,"Indiana","Spencer","oats",0.659960694806632
18147,"Indiana","Spencer","soybeans",3174.59123295831
18147,"Indiana","Spencer","wheat",89.2952628592164
18141,"Indiana","St. Joseph","barley",1.42852675976142
18141,"Indiana","St. Joseph","corn",664.554819522063
18141,"Indiana","St. Joseph","grain sorghum",16.5677127377605
18141,"Indiana","St. Joseph","oats",0.661029034740793
18141,"Indiana","St. Joseph","soybeans",590.098503286119
18141,"Indiana","St. Joseph","wheat",26.1869878984204
18149,"Indiana","Starke","corn",2801.57949269899
18149,"Indiana","Starke","grain sorghum",1.48906863362482
18149,"Indiana","Starke","oats",3.63017323359127
18149,"Indiana","Starke","soybeans",1931.61905749335
18149,"Indiana","Starke","sunflower",2.06512726763676
18149,"Indiana","Starke","wheat",46.1500975043426
18151,"Indiana","Steuben","corn",3336.17242627262
18151,"Indiana","Steuben","grain sorghum",0.730455755543846
18151,"Indiana","Steuben","oats",1.88457584930312
18151,"Indiana","Steuben","soybeans",3060.72259288557
18151,"Indiana","Steuben","sunflower",0.351430380167206
18151,"Indiana","Steuben","wheat",305.29658020557
18153,"Indiana","Sullivan","canola",5.22061061081517
18153,"Indiana","Sullivan","corn",3895.39831265202
18153,"Indiana","Sullivan","grain sorghum",21.5668565251335
18153,"Indiana","Sullivan","rapeseed",4.93444843685709
18153,"Indiana","Sullivan","soybeans",4617.2589078208
18153,"Indiana","Sullivan","wheat",164.887040490585
18155,"Indiana","Switzerland","corn",1472.137617512
18155,"Indiana","Switzerland","oats",4.07412261524219
18155,"Indiana","Switzerland","soybeans",2066.85668261639
18155,"Indiana","Switzerland","wheat",159.633441966342
18157,"Indiana","Tippecanoe","canola",0.0229222290215147
18157,"Indiana","Tippecanoe","corn",1377.00668828422
18157,"Indiana","Tippecanoe","cotton",0.00822210388815202
18157,"Indiana","Tippecanoe","grain sorghum",0.941625235830762
18157,"Indiana","Tippecanoe","oats",1.44063219544261
18157,"Indiana","Tippecanoe","soybeans",1325.05394355348
18157,"Indiana","Tippecanoe","sunflower",0.12150774618709
18157,"Indiana","Tippecanoe","wheat",37.2313308263299
18159,"Indiana","Tipton","corn",1980.54559807924
18159,"Indiana","Tipton","dry peas",0.00191444438968119
18159,"Indiana","Tipton","oats",0.15424951939717
18159,"Indiana","Tipton","soybeans",2149.1341309202
18159,"Indiana","Tipton","sunflower",0.0730223788635541
18159,"Indiana","Tipton","wheat",45.7476178342329
18161,"Indiana","Union","corn",1379.30180625108
18161,"Indiana","Union","oats",1.19050441662344
18161,"Indiana","Union","soybeans",1449.54626631032
18161,"Indiana","Union","wheat",29.1186011183221
18163,"Indiana","Vanderburgh","corn",0
18163,"Indiana","Vanderburgh","grain sorghum",0
18163,"Indiana","Vanderburgh","oats",0
18163,"Indiana","Vanderburgh","soybeans",0
18163,"Indiana","Vanderburgh","sunflower",0
18163,"Indiana","Vanderburgh","wheat",0
18165,"Indiana","Vermillion","corn",1124.45379258216
18165,"Indiana","Vermillion","grain sorghum",20.5459985882675
18165,"Indiana","Vermillion","oats",0.669363990685185
18165,"Indiana","Vermillion","soybeans",1104.45569920704
18165,"Indiana","Vermillion","wheat",15.7582584359022
18167,"Indiana","Vigo","corn",1677.4627852072
18167,"Indiana","Vigo","grain sorghum",22.8983584520172
18167,"Indiana","Vigo","soybeans",2116.372236645
18167,"Indiana","Vigo","sunflower",0.499095918910923
18167,"Indiana","Vigo","wheat",36.4643978703852
18169,"Indiana","Wabash","barley",1.02743964813003
18169,"Indiana","Wabash","corn",3356.36198007998
18169,"Indiana","Wabash","grain sorghum",0.951752651554066
18169,"Indiana","Wabash","oats",1.52171652517044
18169,"Indiana","Wabash","soybeans",3888.09877189687
18169,"Indiana","Wabash","wheat",189.252932895797
18171,"Indiana","Warren","barley",0.912109550405432
18171,"Indiana","Warren","corn",4478.00410134501
18171,"Indiana","Warren","grain sorghum",15.3901509409358
18171,"Indiana","Warren","oats",1.11863245736584
18171,"Indiana","Warren","soybeans",4377.08510497586
18171,"Indiana","Warren","sunflower",0.58002178125052
18171,"Indiana","Warren","wheat",167.146405318676
18173,"Indiana","Warrick","barley",5.23070257858212
18173,"Indiana","Warrick","corn",4747.32520336443
18173,"Indiana","Warrick","grain sorghum",19.3288337452827
18173,"Indiana","Warrick","soybeans",5828.91118206091
18173,"Indiana","Warrick","wheat",630.678986478661
18175,"Indiana","Washington","barley",10.139416291482
18175,"Indiana","Washington","corn",8663.77026690666
18175,"Indiana","Washington","grain sorghum",41.8129695644281
18175,"Indiana","Washington","oats",47.1483276780584
18175,"Indiana","Washington","soybeans",10497.7385511151
18175,"Indiana","Washington","wheat",467.06295074993
18177,"Indiana","Wayne","barley",2.7401740840655
18177,"Indiana","Wayne","canola",5.5266159016003
18177,"Indiana","Wayne","corn",2636.1457121331
18177,"Indiana","Wayne","oats",4.03757321959179
18177,"Indiana","Wayne","soybeans",2973.48535677011
18177,"Indiana","Wayne","wheat",144.57084093229
18179,"Indiana","Wells","barley",1.26164372813441
18179,"Indiana","Wells","corn",1643.76359327744
18179,"Indiana","Wells","grain sorghum",2.21748898664253
18179,"Indiana","Wells","oats",0.408622883551107
18179,"Indiana","Wells","soybeans",2076.54877383895
18179,"Indiana","Wells","wheat",66.3243703157225
18181,"Indiana","White","barley",7.10906606343173
18181,"Indiana","White","canola",1.79085551265687
18181,"Indiana","White","corn",3187.497428135
18181,"Indiana","White","dry peas",2.37705480158245
18181,"Indiana","White","grain sorghum",8.80366772700254
18181,"Indiana","White","oats",9.03877034883804
18181,"Indiana","White","soybeans",2342.42389173027
18181,"Indiana","White","sunflower",13.0695967914129
18181,"Indiana","White","wheat",85.5430500102277
18183,"Indiana","Whitley","barley",0.062675974877572
18183,"Indiana","Whitley","corn",3654.59009094566
18183,"Indiana","Whitley","grain sorghum",2.24881397860728
18183,"Indiana","Whitley","oats",1.38482566491995
18183,"Indiana","Whitley","soybeans",4169.93614931536
18183,"Indiana","Whitley","wheat",346.152514891594
19001,"Iowa","Adair","corn",22143.2504311677
19001,"Iowa","Adair","grain sorghum",0.73878065171374
19001,"Iowa","Adair","oats",402.072594446303
19001,"Iowa","Adair","soybeans",21419.3851351664
19001,"Iowa","Adair","sunflower",1.56087268012359
19001,"Iowa","Adair","wheat",94.0934896844894
19003,"Iowa","Adams","corn",15304.4078721464
19003,"Iowa","Adams","grain sorghum",8.03261695162327
19003,"Iowa","Adams","oats",290.332643881515
19003,"Iowa","Adams","soybeans",15295.1972827737
19003,"Iowa","Adams","wheat",2.18545073818939
19005,"Iowa","Allamakee","barley",89.0453544522968
19005,"Iowa","Allamakee","corn",19413.9935852374
19005,"Iowa","Allamakee","flaxseed",1.08802451316678
19005,"Iowa","Allamakee","grain sorghum",6.46023306498704
19005,"Iowa","Allamakee","oats",1196.91392242717
19005,"Iowa","Allamakee","soybeans",6970.6466485056
19005,"Iowa","Allamakee","sunflower",1.93912013620766
19005,"Iowa","Allamakee","wheat",40.2459847333707
19007,"Iowa","Appanoose","corn",5331.7456038245
19007,"Iowa","Appanoose","grain sorghum",22.3485539142389
19007,"Iowa","Appanoose","oats",89.2352174304321
19007,"Iowa","Appanoose","soybeans",7234.36912651656
19007,"Iowa","Appanoose","wheat",169.152687727803
19009,"Iowa","Audubon","barley",7.56301547047614
19009,"Iowa","Audubon","corn",4932.03915557866
19009,"Iowa","Audubon","grain sorghum",0.13024033601504
19009,"Iowa","Audubon","oats",38.2484554739638
19009,"Iowa","Audubon","soybeans",4296.00017341009
19009,"Iowa","Audubon","wheat",5.16525458051284
19011,"Iowa","Benton","barley",1.04814531600463
19011,"Iowa","Benton","corn",4878.99576283007
19011,"Iowa","Benton","oats",25.8701622202341
19011,"Iowa","Benton","soybeans",3878.50094135559
19011,"Iowa","Benton","sunflower",0.429637694233491
19011,"Iowa","Benton","wheat",3.84026179838121
19013,"Iowa","Black Hawk","corn",2419.55820782629
19013,"Iowa","Black Hawk","grain sorghum",2.15443188503845
19013,"Iowa","Black Hawk","oats",8.4799959364046
19013,"Iowa","Black Hawk","soybeans",1571.73104613723
19013,"Iowa","Black Hawk","wheat",3.35766567975872
19015,"Iowa","Boone","corn",2228.89177190955
19015,"Iowa","Boone","grain sorghum",0.253318250730584
19015,"Iowa","Boone","oats",8.77460336661205
19015,"Iowa","Boone","soybeans",1538.92579062333
19015,"Iowa","Boone","sunflower",0.00730059154756616
19015,"Iowa","Boone","wheat",0.0915065243232031
19017,"Iowa","Bremer","barley",1.23739015337815
19017,"Iowa","Bremer","corn",4839.59855816395
19017,"Iowa","Bremer","oats",34.8500480388009
19017,"Iowa","Bremer","soybeans",2771.6698288881
19017,"Iowa","Bremer","wheat",0.295188367443442
19019,"Iowa","Buchanan","barley",0.205015635812704
19019,"Iowa","Buchanan","corn",3674.79146444938
19019,"Iowa","Buchanan","grain sorghum",0.037496680796194
19019,"Iowa","Buchanan","oats",20.6434023770606
19019,"Iowa","Buchanan","soybeans",1627.90246574454
19019,"Iowa","Buchanan","wheat",1.22328360690459
19021,"Iowa","Buena Vista","corn",2238.29682450229
19021,"Iowa","Buena Vista","grain sorghum",0.0260680191692427
19021,"Iowa","Buena Vista","oats",5.72107956702326
19021,"Iowa","Buena Vista","soybeans",1941.08943834941
19021,"Iowa","Buena Vista","wheat",0.734020539765519
19023,"Iowa","Butler","barley",2.01490800489816
19023,"Iowa","Butler","corn",3998.49586650504
19023,"Iowa","Butler","grain sorghum",0.163770948812051
19023,"Iowa","Butler","oats",21.7902250580243
19023,"Iowa","Butler","soybeans",2427.80286820774
19023,"Iowa","Butler","sunflower",0.332711856293322
19025,"Iowa","Calhoun","corn",2772.52961181793
19025,"Iowa","Calhoun","oats",3.27769223483056
19025,"Iowa","Calhoun","soybeans",2121.10740775809
19027,"Iowa","Carroll","barley",2.63949911438645
19027,"Iowa","Carroll","corn",6577.96495458419
19027,"Iowa","Carroll","oats",10.21423107343
19027,"Iowa","Carroll","soybeans",4213.48875134133
19027,"Iowa","Carroll","wheat",1.47164255726106
19029,"Iowa","Cass","barley",13.0100593942403
19029,"Iowa","Cass","canola",19.3894386183377
19029,"Iowa","Cass","corn",20488.2862446764
19029,"Iowa","Cass","oats",127.912809789621
19029,"Iowa","Cass","soybeans",18735.0258247401
19029,"Iowa","Cass","wheat",10.7782975758996
19031,"Iowa","Cedar","barley",1.74751456405065
19031,"Iowa","Cedar","corn",8332.97149443509
19031,"Iowa","Cedar","dry peas",1.05405640371309
19031,"Iowa","Cedar","oats",49.2492875938678
19031,"Iowa","Cedar","soybeans",6383.72673389638
19031,"Iowa","Cedar","wheat",13.371204770976
19033,"Iowa","Cerro Gordo","barley",0.0779147461328197
19033,"Iowa","Cerro Gordo","corn",1235.47470976791
19033,"Iowa","Cerro Gordo","oats",4.17358896477259
19033,"Iowa","Cerro Gordo","soybeans",764.549868021761
19035,"Iowa","Cherokee","barley",1.03389512213119
19035,"Iowa","Cherokee","corn",3884.23791083671
19035,"Iowa","Cherokee","grain sorghum",1.18435958601602
19035,"Iowa","Cherokee","oats",9.54893258097837
19035,"Iowa","Cherokee","soybeans",3455.67673695633
19037,"Iowa","Chickasaw","barley",0.506564141342971
19037,"Iowa","Chickasaw","corn",5309.53067518429
19037,"Iowa","Chickasaw","oats",37.940558815705
19037,"Iowa","Chickasaw","soybeans",2982.52173927374
19037,"Iowa","Chickasaw","wheat",1.89014326542932
19039,"Iowa","Clarke","corn",8558.62599243482
19039,"Iowa","Clarke","grain sorghum",6.12628387368483
19039,"Iowa","Clarke","oats",284.940876742303
19039,"Iowa","Clarke","soybeans",8748.44053393341
19039,"Iowa","Clarke","wheat",7.82284873753515
19041,"Iowa","Clay","barley",0.675305279157449
19041,"Iowa","Clay","corn",2114.34809646673
19041,"Iowa","Clay","grain sorghum",0.734368804475681
19041,"Iowa","Clay","oats",5.71679755470801
19041,"Iowa","Clay","soybeans",1700.95206323132
19041,"Iowa","Clay","sunflower",0.152970281399738
19041,"Iowa","Clay","wheat",0.607144340929014
19043,"Iowa","Clayton","barley",1.57972407176543
19043,"Iowa","Clayton","corn",18774.469214596
19043,"Iowa","Clayton","dry peas",13.1687246618969
19043,"Iowa","Clayton","grain sorghum",1.76642178192315
19043,"Iowa","Clayton","oats",615.336346058479
19043,"Iowa","Clayton","soybeans",8147.98146271811
19043,"Iowa","Clayton","sunflower",0.311721490927615
19043,"Iowa","Clayton","wheat",36.8767194136167
19045,"Iowa","Clinton","barley",0
19045,"Iowa","Clinton","corn",0
19045,"Iowa","Clinton","oats",0
19045,"Iowa","Clinton","soybeans",0
19045,"Iowa","Clinton","wheat",0
19047,"Iowa","Crawford","barley",3.40849436739194
19047,"Iowa","Crawford","canola",3.27115707148082
19047,"Iowa","Crawford","corn",14693.5972307267
19047,"Iowa","Crawford","oats",39.7016293804705
19047,"Iowa","Crawford","soybeans",10380.1316662657
19047,"Iowa","Crawford","wheat",38.3146473819201
19049,"Iowa","Dallas","barley",0.0474472777888305
19049,"Iowa","Dallas","canola",0.149023491156374
19049,"Iowa","Dallas","corn",321.860180446484
19049,"Iowa","Dallas","dry peas",0.142642132593003
19049,"Iowa","Dallas","grain sorghum",0.328496072634246
19049,"Iowa","Dallas","oats",0.888850675564534
19049,"Iowa","Dallas","soybeans",252.618526133988
19049,"Iowa","Dallas","sunflower",0.0300299226511586
19049,"Iowa","Dallas","wheat",0.467265596452027
19051,"Iowa","Davis","corn",11895.9586221692
19051,"Iowa","Davis","grain sorghum",20.0197688710885
19051,"Iowa","Davis","oats",278.373088805579
19051,"Iowa","Davis","soybeans",13782.6796210141
19051,"Iowa","Davis","sunflower",0.144253085014526
19051,"Iowa","Davis","wheat",418.383271790549
19053,"Iowa","Decatur","corn",7339.0778458928
19053,"Iowa","Decatur","oats",184.55215674327
19053,"Iowa","Decatur","soybeans",8725.95465911123
19053,"Iowa","Decatur","wheat",126.120513168566
19055,"Iowa","Delaware","barley",0.56750833768223
19055,"Iowa","Delaware","corn",10628.4019683544
19055,"Iowa","Delaware","grain sorghum",0.31986833578453
19055,"Iowa","Delaware","oats",176.564604191928
19055,"Iowa","Delaware","soybeans",3582.19425693234
19055,"Iowa","Delaware","wheat",5.2888337627513
19057,"Iowa","Des Moines","corn",5091.64431443649
19057,"Iowa","Des Moines","grain sorghum",4.58659757242081
19057,"Iowa","Des Moines","oats",41.6352578407291
19057,"Iowa","Des Moines","soybeans",4791.07762971575
19057,"Iowa","Des Moines","wheat",31.2396611342871
19059,"Iowa","Dickinson","corn",783.506538991332
19059,"Iowa","Dickinson","oats",5.92143175051751
19059,"Iowa","Dickinson","soybeans",657.486051039972
19059,"Iowa","Dickinson","sunflower",0.412088468146638
19061,"Iowa","Dubuque","barley",44.7791751166463
19061,"Iowa","Dubuque","corn",31272.1434051028
19061,"Iowa","Dubuque","grain sorghum",15.4127685523773
19061,"Iowa","Dubuque","oats",1045.26956311687
19061,"Iowa","Dubuque","soybeans",8389.80133673251
19061,"Iowa","Dubuque","sunflower",2.1252046590686
19061,"Iowa","Dubuque","wheat",78.8642779907615
19155,"Iowa","East Pottawattamie","corn",92689.5069015109
19155,"Iowa","East Pottawattamie","grain sorghum",51.4196890071713
19155,"Iowa","East Pottawattamie","oats",226.699192778989
19155,"Iowa","East Pottawattamie","soybeans",83035.4472278541
19155,"Iowa","East Pottawattamie","wheat",22.4218334852594
19063,"Iowa","Emmet","barley",0.0370014047120474
19063,"Iowa","Emmet","corn",733.960998577917
19063,"Iowa","Emmet","dry peas",2.70202757909726
19063,"Iowa","Emmet","oats",1.94272175300134
19063,"Iowa","Emmet","soybeans",556.81127264349
19063,"Iowa","Emmet","sunflower",0.0719060631570789
19065,"Iowa","Fayette","barley",11.7783156576535
19065,"Iowa","Fayette","corn",10465.1418887277
19065,"Iowa","Fayette","grain sorghum",1.6468665926076
19065,"Iowa","Fayette","oats",156.754197271556
19065,"Iowa","Fayette","soybeans",5998.13379606218
19065,"Iowa","Fayette","sunflower",0.205176222273181
19065,"Iowa","Fayette","wheat",4.53897823635191
19067,"Iowa","Floyd","corn",2216.18781729394
19067,"Iowa","Floyd","grain sorghum",1.20866814831711
19067,"Iowa","Floyd","oats",9.8940208453709
19067,"Iowa","Floyd","soybeans",1452.2576546095
19067,"Iowa","Floyd","wheat",0.245542988171502
19069,"Iowa","Franklin","barley",0.345858148047015
19069,"Iowa","Franklin","corn",3289.84005215845
19069,"Iowa","Franklin","dry peas",0.676634779594185
19069,"Iowa","Franklin","oats",15.5427058853058
19069,"Iowa","Franklin","soybeans",1847.52766056677
19069,"Iowa","Franklin","sunflower",0.16765901601064
19069,"Iowa","Franklin","wheat",0.129633259802041
19071,"Iowa","Fremont","corn",1998.83999261035
19071,"Iowa","Fremont","grain sorghum",1.35408623217667
19071,"Iowa","Fremont","oats",1.67638684757004
19071,"Iowa","Fremont","soybeans",1777.09130090858
19071,"Iowa","Fremont","sunflower",0.574982576085729
19071,"Iowa","Fremont","wheat",0.493288834187969
19073,"Iowa","Greene","barley",8.42599834148354
19073,"Iowa","Greene","corn",5295.04414201469
19073,"Iowa","Greene","dry peas",1.62026436214337
19073,"Iowa","Greene","oats",15.7137578502697
19073,"Iowa","Greene","soybeans",3980.30494802863
19073,"Iowa","Greene","sunflower",0.893702398364685
19073,"Iowa","Greene","wheat",6.87988695572925
19075,"Iowa","Grundy","corn",2423.20326567237
19075,"Iowa","Grundy","oats",3.6468952269978
19075,"Iowa","Grundy","soybeans",1842.7310508326
19075,"Iowa","Grundy","wheat",0.56256476934795
19077,"Iowa","Guthrie","barley",10.2156894012395
19077,"Iowa","Guthrie","corn",17146.4005371611
19077,"Iowa","Guthrie","dry peas",5.23532568147211
19077,"Iowa","Guthrie","grain sorghum",0.858145126993594
19077,"Iowa","Guthrie","oats",228.426385279688
19077,"Iowa","Guthrie","soybeans",14611.4138955462
19077,"Iowa","Guthrie","wheat",60.8559380468808
19079,"Iowa","Hamilton","corn",2166.47076637126
19079,"Iowa","Hamilton","oats",6.28356872078724
19079,"Iowa","Hamilton","soybeans",1398.24023658884
19079,"Iowa","Hamilton","sunflower",0.145694231908023
19079,"Iowa","Hamilton","wheat",0.0248600494149867
19081,"Iowa","Hancock","barley",0.260284450314739
19081,"Iowa","Hancock","corn",1442.46860635909
19081,"Iowa","Hancock","dry peas",0.265536091178593
19081,"Iowa","Hancock","grain sorghum",0.0143599554870994
19081,"Iowa","Hancock","oats",7.22092413091007
19081,"Iowa","Hancock","soybeans",965.525545904213
19081,"Iowa","Hancock","sunflower",0.0103391679507116
19081,"Iowa","Hancock","wheat",0
19083,"Iowa","Hardin","corn",3436.66473599598
19083,"Iowa","Hardin","oats",6.67780374421976
19083,"Iowa","Hardin","soybeans",1830.79223468016
19083,"Iowa","Hardin","sunflower",0.047945173350228
19085,"Iowa","Harrison","barley",0.333714611582954
19085,"Iowa","Harrison","corn",6920.50286750965
19085,"Iowa","Harrison","grain sorghum",0.950987910877815
19085,"Iowa","Harrison","oats",18.5542164611847
19085,"Iowa","Harrison","soybeans",4940.98920216765
19085,"Iowa","Harrison","sunflower",0.254070690475385
19085,"Iowa","Harrison","wheat",4.4386017983205
19087,"Iowa","Henry","barley",0.795243888417035
19087,"Iowa","Henry","corn",3506.73798053352
19087,"Iowa","Henry","grain sorghum",1.63639334060206
19087,"Iowa","Henry","oats",26.4543327055298
19087,"Iowa","Henry","soybeans",3155.04230426593
19087,"Iowa","Henry","wheat",7.41591230430896
19089,"Iowa","Howard","barley",0.869839005710986
19089,"Iowa","Howard","corn",5661.541445874
19089,"Iowa","Howard","oats",50.6905150636239
19089,"Iowa","Howard","soybeans",3550.01958551969
19089,"Iowa","Howard","sunflower",0.52857085319301
19089,"Iowa","Howard","wheat",1.62106758926148
19091,"Iowa","Humboldt","canola",0.523458148150819
19091,"Iowa","Humboldt","corn",1017.72414526797
19091,"Iowa","Humboldt","oats",5.88577916091001
19091,"Iowa","Humboldt","soybeans",796.938582147926
19093,"Iowa","Ida","barley",4.58031772668117
19093,"Iowa","Ida","corn",6297.74374814057
19093,"Iowa","Ida","oats",32.4171719569778
19093,"Iowa","Ida","soybeans",4778.30822876234
19093,"Iowa","Ida","wheat",3.15542555793591
19095,"Iowa","Iowa","barley",5.40088567149625
19095,"Iowa","Iowa","corn",15890.6571556572
19095,"Iowa","Iowa","grain sorghum",18.5162148923813
19095,"Iowa","Iowa","oats",183.266191743725
19095,"Iowa","Iowa","soybeans",12376.0267831279
19095,"Iowa","Iowa","sunflower",0.696417930169785
19095,"Iowa","Iowa","wheat",16.8473124629547
19097,"Iowa","Jackson","corn",21368.8379763104
19097,"Iowa","Jackson","grain sorghum",0.981549197235694
19097,"Iowa","Jackson","oats",662.833727448254
19097,"Iowa","Jackson","soybeans",9958.17386776524
19097,"Iowa","Jackson","wheat",34.6227207268083
19099,"Iowa","Jasper","corn",12076.2097632777
19099,"Iowa","Jasper","grain sorghum",2.05294036747519
19099,"Iowa","Jasper","oats",99.1837787648762
19099,"Iowa","Jasper","soybeans",9513.23142583808
19099,"Iowa","Jasper","wheat",0.373540758817613
19101,"Iowa","Jefferson","barley",3.13861206891231
19101,"Iowa","Jefferson","corn",6906.53329877958
19101,"Iowa","Jefferson","dry peas",3.67552164801583
19101,"Iowa","Jefferson","oats",91.1630448030681
19101,"Iowa","Jefferson","soybeans",6663.30909735592
19101,"Iowa","Jefferson","sunflower",0.198194750499641
19101,"Iowa","Jefferson","wheat",27.6959326295703
19103,"Iowa","Johnson","barley",0.801357249551522
19103,"Iowa","Johnson","corn",5794.30596771934
19103,"Iowa","Johnson","grain sorghum",1.0481701135576
19103,"Iowa","Johnson","mustard",0.00830708966363015
19103,"Iowa","Johnson","oats",55.7763475091097
19103,"Iowa","Johnson","soybeans",5064.8127970419
19103,"Iowa","Johnson","sunflower",0.30680851157674
19103,"Iowa","Johnson","wheat",22.1778249391777
19105,"Iowa","Jones","barley",2.28152949131526
19105,"Iowa","Jones","corn",7345.12851276725
19105,"Iowa","Jones","grain sorghum",1.82235073325202
19105,"Iowa","Jones","oats",94.1823034974405
19105,"Iowa","Jones","soybeans",3613.07041824603
19105,"Iowa","Jones","wheat",31.0516881982956
19107,"Iowa","Keokuk","corn",11167.4198088878
19107,"Iowa","Keokuk","dry peas",3.51853091291577
19107,"Iowa","Keokuk","grain sorghum",2.31462276811811
19107,"Iowa","Keokuk","oats",90.1869843598571
19107,"Iowa","Keokuk","soybeans",9613.06085001049
19107,"Iowa","Keokuk","wheat",29.9021874156997
19109,"Iowa","Kossuth","barley",2.12654814235584
19109,"Iowa","Kossuth","corn",5298.81963338843
19109,"Iowa","Kossuth","dry peas",0.0384018726093729
19109,"Iowa","Kossuth","grain sorghum",0.177786447265615
19109,"Iowa","Kossuth","oats",63.3342172864293
19109,"Iowa","Kossuth","soybeans",3844.01510981879
19111,"Iowa","Lee","corn",5627.15869972357
19111,"Iowa","Lee","grain sorghum",0.619060167425049
19111,"Iowa","Lee","oats",38.3572131459996
19111,"Iowa","Lee","soybeans",5289.95111014941
19111,"Iowa","Lee","wheat",77.9375298208078
19113,"Iowa","Linn","barley",0.0439397611483378
19113,"Iowa","Linn","corn",5767.71047080924
19113,"Iowa","Linn","oats",46.637740946705
19113,"Iowa","Linn","soybeans",3940.90962829575
19113,"Iowa","Linn","sunflower",0.0369760936449182
19113,"Iowa","Linn","wheat",4.90053878978677
19115,"Iowa","Louisa","corn",1515.20805361106
19115,"Iowa","Louisa","grain sorghum",0.100263577835082
19115,"Iowa","Louisa","oats",6.14740058965569
19115,"Iowa","Louisa","soybeans",1343.23099183487
19115,"Iowa","Louisa","sunflower",0.174926522129607
19115,"Iowa","Louisa","wheat",2.28083597402358
19117,"Iowa","Lucas","barley",25.7892027841105
19117,"Iowa","Lucas","corn",9663.28707767798
19117,"Iowa","Lucas","grain sorghum",0.8805782876432
19117,"Iowa","Lucas","oats",402.32682678911
19117,"Iowa","Lucas","soybeans",11096.3513369802
19117,"Iowa","Lucas","wheat",123.599142557983
19119,"Iowa","Lyon","barley",0.90595651212323
19119,"Iowa","Lyon","corn",11032.1210174713
19119,"Iowa","Lyon","oats",33.942390077793
19119,"Iowa","Lyon","soybeans",7000.29511201443
19119,"Iowa","Lyon","wheat",0.0304912665631135
19121,"Iowa","Madison","corn",9401.89716989759
19121,"Iowa","Madison","dry peas",7.33923862383083
19121,"Iowa","Madison","oats",217.49789284931
19121,"Iowa","Madison","soybeans",9655.35991814655
19121,"Iowa","Madison","sunflower",0.961269579753843
19121,"Iowa","Madison","wheat",6.3602183274054
19123,"Iowa","Mahaska","barley",1.08842038582634
19123,"Iowa","Mahaska","corn",17169.735292908
19123,"Iowa","Mahaska","cotton",0.237761734767891
19123,"Iowa","Mahaska","grain sorghum",2.20722143776192
19123,"Iowa","Mahaska","oats",93.2160731939833
19123,"Iowa","Mahaska","soybeans",13927.8441326089
19123,"Iowa","Mahaska","sunflower",1.10955476225016
19123,"Iowa","Mahaska","wheat",1.46619736440199
19125,"Iowa","Marion","corn",13232.9200555888
19125,"Iowa","Marion","grain sorghum",3.68373999810641
19125,"Iowa","Marion","oats",273.027242434665
19125,"Iowa","Marion","soybeans",12921.9770029939
19125,"Iowa","Marion","wheat",6.69420935559282
19127,"Iowa","Marshall","corn",8712.02246883504
19127,"Iowa","Marshall","grain sorghum",1.66803124670736
19127,"Iowa","Marshall","oats",29.7281155962485
19127,"Iowa","Marshall","soybeans",6803.81921940693
19127,"Iowa","Marshall","wheat",0.472184794208044
19129,"Iowa","Mills","corn",1115.06301946737
19129,"Iowa","Mills","grain sorghum",1.01684360545875
19129,"Iowa","Mills","oats",1.4294747722692
19129,"Iowa","Mills","soybeans",1068.30753845837
19129,"Iowa","Mills","sunflower",0.924035053315215
19129,"Iowa","Mills","wheat",3.83538239269442
19131,"Iowa","Mitchell","barley",0.449056237122227
19131,"Iowa","Mitchell","corn",2608.99231918815
19131,"Iowa","Mitchell","dry peas",1.29141795589
19131,"Iowa","Mitchell","oats",21.5413463133819
19131,"Iowa","Mitchell","soybeans",1400.56944540863
19131,"Iowa","Mitchell","sunflower",0.0338910367639416
19131,"Iowa","Mitchell","wheat",0.582586921972157
19133,"Iowa","Monona","corn",8494.058155186
19133,"Iowa","Monona","dry peas",4.45540216088015
19133,"Iowa","Monona","oats",13.0410240404386
19133,"Iowa","Monona","soybeans",6874.04855921894
19133,"Iowa","Monona","sunflower",0.642008803071579
19133,"Iowa","Monona","wheat",2.46031223607703
19135,"Iowa","Monroe","corn",1746.82806621446
19135,"Iowa","Monroe","grain sorghum",1.14946196980477
19135,"Iowa","Monroe","oats",47.0868125730697
19135,"Iowa","Monroe","soybeans",2013.39701902467
19135,"Iowa","Monroe","wheat",8.01092027469365
19137,"Iowa","Montgomery","corn",8243.73612467533
19137,"Iowa","Montgomery","grain sorghum",2.02906729420067
19137,"Iowa","Montgomery","oats",44.8371526163361
19137,"Iowa","Montgomery","soybeans",7808.05483075328
19137,"Iowa","Montgomery","wheat",3.65178879883252
19139,"Iowa","Muscatine","corn",3282.17419706457
19139,"Iowa","Muscatine","grain sorghum",0.257943498673132
19139,"Iowa","Muscatine","oats",27.8635367987668
19139,"Iowa","Muscatine","soybeans",2783.40321774222
19139,"Iowa","Muscatine","sunflower",0.0190504799610881
19139,"Iowa","Muscatine","wheat",1.98262155051036
19141,"Iowa","O&#39;Brien","barley",1.11921068050984
19141,"Iowa","O&#39;Brien","canola",3.50894538789439
19141,"Iowa","O&#39;Brien","corn",2685.68590937146
19141,"Iowa","O&#39;Brien","oats",10.0553672752301
19141,"Iowa","O&#39;Brien","soybeans",2147.41562393333
19141,"Iowa","O&#39;Brien","sunflower",0.239751472204549
19141,"Iowa","O&#39;Brien","wheat",0.227430469394567
19143,"Iowa","Osceola","corn",2556.70241958791
19143,"Iowa","Osceola","oats",20.9263424499198
19143,"Iowa","Osceola","soybeans",2040.17364372078
19143,"Iowa","Osceola","wheat",1.13821101447026
19145,"Iowa","Page","corn",10475.3602404476
19145,"Iowa","Page","grain sorghum",11.1930769339104
19145,"Iowa","Page","oats",57.9546167212505
19145,"Iowa","Page","soybeans",10124.3985746735
19145,"Iowa","Page","wheat",12.524501622501
19147,"Iowa","Palo Alto","barley",1.70465211940276
19147,"Iowa","Palo Alto","canola",1.53700176154264
19147,"Iowa","Palo Alto","corn",2099.03370944671
19147,"Iowa","Palo Alto","dry peas",1.52374386413493
19147,"Iowa","Palo Alto","oats",71.0801205056158
19147,"Iowa","Palo Alto","soybeans",1449.79614532281
19147,"Iowa","Palo Alto","sunflower",0.0391859036681221
19147,"Iowa","Palo Alto","wheat",2.78471358925537
19149,"Iowa","Plymouth","barley",0.112111155591365
19149,"Iowa","Plymouth","corn",8017.22610463542
19149,"Iowa","Plymouth","grain sorghum",0.275119400224208
19149,"Iowa","Plymouth","oats",38.6596405598056
19149,"Iowa","Plymouth","soybeans",6590.90850356815
19149,"Iowa","Plymouth","sunflower",0.216197995342857
19149,"Iowa","Plymouth","wheat",2.26829067499854
19151,"Iowa","Pocahontas","barley",0.721325011854734
19151,"Iowa","Pocahontas","canola",0.221670664125215
19151,"Iowa","Pocahontas","corn",822.139614103148
19151,"Iowa","Pocahontas","oats",3.63219446878777
19151,"Iowa","Pocahontas","soybeans",662.066100461745
19151,"Iowa","Pocahontas","sunflower",0.0298765308366043
19153,"Iowa","Polk","corn",0
19153,"Iowa","Polk","cotton",0
19153,"Iowa","Polk","dry peas",0
19153,"Iowa","Polk","oats",0
19153,"Iowa","Polk","soybeans",0
19153,"Iowa","Polk","sunflower",0
19153,"Iowa","Polk","wheat",0
19157,"Iowa","Poweshiek","barley",3.26277823752729
19157,"Iowa","Poweshiek","corn",14433.2409834445
19157,"Iowa","Poweshiek","oats",173.075091227835
19157,"Iowa","Poweshiek","soybeans",11957.9662079865
19159,"Iowa","Ringgold","corn",19518.9991543287
19159,"Iowa","Ringgold","grain sorghum",27.6385425387914
19159,"Iowa","Ringgold","oats",577.220400169779
19159,"Iowa","Ringgold","soybeans",20987.5527650537
19159,"Iowa","Ringgold","sunflower",2.15035126027437
19159,"Iowa","Ringgold","wheat",75.9474060227602
19161,"Iowa","Sac","barley",2.6294498144079
19161,"Iowa","Sac","canola",2.67876250817146
19161,"Iowa","Sac","corn",3171.46827394999
19161,"Iowa","Sac","grain sorghum",0.156326323013364
19161,"Iowa","Sac","oats",11.6755330394479
19161,"Iowa","Sac","soybeans",2575.33432628211
19161,"Iowa","Sac","sunflower",0.476702408388469
19161,"Iowa","Sac","wheat",1.07541560547029
19163,"Iowa","Scott","barley",0.0633313663526997
19163,"Iowa","Scott","corn",574.703810882272
19163,"Iowa","Scott","grain sorghum",0.0414500847640818
19163,"Iowa","Scott","oats",3.23617173628751
19163,"Iowa","Scott","soybeans",369.061377652783
19163,"Iowa","Scott","sunflower",0.0436862077579336
19163,"Iowa","Scott","wheat",1.01925758434877
19165,"Iowa","Shelby","barley",3.53450212165558
19165,"Iowa","Shelby","corn",6247.55212373313
19165,"Iowa","Shelby","grain sorghum",0.110303821543397
19165,"Iowa","Shelby","oats",17.6850852439339
19165,"Iowa","Shelby","soybeans",5088.86761579931
19165,"Iowa","Shelby","sunflower",0.259213980626983
19165,"Iowa","Shelby","wheat",4.03430099304888
19167,"Iowa","Sioux","barley",1.10679331122341
19167,"Iowa","Sioux","corn",6221.45147526356
19167,"Iowa","Sioux","dry peas",0.0990751537404866
19167,"Iowa","Sioux","grain sorghum",2.85826864783617
19167,"Iowa","Sioux","oats",18.4736522416049
19167,"Iowa","Sioux","soybeans",3799.02973584304
19167,"Iowa","Sioux","wheat",2.57362573113975
19169,"Iowa","Story","barley",0.0546270794966946
19169,"Iowa","Story","canola",0.439788454451722
19169,"Iowa","Story","corn",488.775258451296
19169,"Iowa","Story","dry peas",0.438736377365119
19169,"Iowa","Story","grain sorghum",0.324290622594378
19169,"Iowa","Story","oats",1.60274273127672
19169,"Iowa","Story","soybeans",336.4417172018
19169,"Iowa","Story","sunflower",0.19278048096271
19169,"Iowa","Story","wheat",0.667755350092095
19171,"Iowa","Tama","barley",0.409100821331856
19171,"Iowa","Tama","corn",7981.54680147692
19171,"Iowa","Tama","grain sorghum",3.00106736627371
19171,"Iowa","Tama","oats",75.3326049380839
19171,"Iowa","Tama","soybeans",6641.05381206247
19171,"Iowa","Tama","wheat",3.69177394120706
19173,"Iowa","Taylor","barley",0.888702684147964
19173,"Iowa","Taylor","corn",12682.8430175296
19173,"Iowa","Taylor","grain sorghum",6.21419347142598
19173,"Iowa","Taylor","oats",194.426690325867
19173,"Iowa","Taylor","soybeans",12933.7465232431
19173,"Iowa","Taylor","sunflower",1.70801717073483
19173,"Iowa","Taylor","wheat",21.3741001868073
19175,"Iowa","Union","corn",6748.96763424372
19175,"Iowa","Union","oats",131.139501099951
19175,"Iowa","Union","soybeans",6595.76507652948
19175,"Iowa","Union","sunflower",1.39411404687752
19175,"Iowa","Union","wheat",11.1000321870351
19177,"Iowa","Van Buren","corn",10672.245130519
19177,"Iowa","Van Buren","grain sorghum",4.72838741865458
19177,"Iowa","Van Buren","oats",151.145983029983
19177,"Iowa","Van Buren","soybeans",10449.2476995728
19177,"Iowa","Van Buren","wheat",166.076831813958
19179,"Iowa","Wapello","corn",6157.94864021801
19179,"Iowa","Wapello","grain sorghum",3.40863021809111
19179,"Iowa","Wapello","oats",106.642415772962
19179,"Iowa","Wapello","soybeans",6063.00218784741
19179,"Iowa","Wapello","sunflower",0.381518879860593
19179,"Iowa","Wapello","wheat",39.8894816650066
19181,"Iowa","Warren","corn",9151.01285120972
19181,"Iowa","Warren","dry peas",30.7264163229281
19181,"Iowa","Warren","flaxseed",2.00471996807272
19181,"Iowa","Warren","grain sorghum",10.6516034195001
19181,"Iowa","Warren","oats",126.17791107667
19181,"Iowa","Warren","soybeans",9876.96321369306
19181,"Iowa","Warren","sunflower",0.167257234644399
19181,"Iowa","Warren","wheat",22.9792505620124
19183,"Iowa","Washington","barley",0.701994557047859
19183,"Iowa","Washington","corn",3000.00991672831
19183,"Iowa","Washington","dry peas",1.91922455581003
19183,"Iowa","Washington","flaxseed",1.66207162008153
19183,"Iowa","Washington","grain sorghum",1.15239669863371
19183,"Iowa","Washington","mustard",0.430982573846645
19183,"Iowa","Washington","oats",22.4046037495017
19183,"Iowa","Washington","soybeans",2436.96627104956
19183,"Iowa","Washington","wheat",4.5900658191312
19185,"Iowa","Wayne","barley",0.993345832858944
19185,"Iowa","Wayne","corn",16508.9080891617
19185,"Iowa","Wayne","dry peas",19.3901106574066
19185,"Iowa","Wayne","grain sorghum",17.873271570631
19185,"Iowa","Wayne","oats",106.93020219685
19185,"Iowa","Wayne","soybeans",18967.7017654604
19185,"Iowa","Wayne","wheat",131.631733022554
19187,"Iowa","Webster","corn",1239.82095360139
19187,"Iowa","Webster","oats",2.5178040897066
19187,"Iowa","Webster","soybeans",951.368891476208
19187,"Iowa","Webster","sunflower",0.190355850536076
19187,"Iowa","Webster","wheat",0.081737488379731
19156,"Iowa","West Pottawattamie","corn",88001.991301901
19156,"Iowa","West Pottawattamie","oats",359.332130815354
19156,"Iowa","West Pottawattamie","soybeans",64465.7213974761
19156,"Iowa","West Pottawattamie","sunflower",2.63012728802648
19156,"Iowa","West Pottawattamie","wheat",229.567938191988
19189,"Iowa","Winnebago","corn",916.362798967108
19189,"Iowa","Winnebago","dry peas",1.0403511569125
19189,"Iowa","Winnebago","oats",2.2968395013784
19189,"Iowa","Winnebago","soybeans",636.078592578996
19189,"Iowa","Winnebago","sunflower",0.00143094566224232
19189,"Iowa","Winnebago","wheat",0.101597142019205
19191,"Iowa","Winneshiek","barley",34.9947420472996
19191,"Iowa","Winneshiek","corn",23785.800481545
19191,"Iowa","Winneshiek","grain sorghum",2.28097195170944
19191,"Iowa","Winneshiek","oats",776.134129551464
19191,"Iowa","Winneshiek","soybeans",9813.36523192411
19191,"Iowa","Winneshiek","sunflower",2.55187401898188
19191,"Iowa","Winneshiek","wheat",34.8557728049975
19193,"Iowa","Woodbury","corn",10769.6027937573
19193,"Iowa","Woodbury","oats",20.3096639465936
19193,"Iowa","Woodbury","soybeans",8577.28448598181
19193,"Iowa","Woodbury","sunflower",0.797753355371432
19193,"Iowa","Woodbury","wheat",7.46027342155001
19195,"Iowa","Worth","barley",0.244622521942336
19195,"Iowa","Worth","corn",1317.3772406032
19195,"Iowa","Worth","oats",6.11638036403433
19195,"Iowa","Worth","soybeans",1029.4055751091
19197,"Iowa","Wright","barley",0.118435735438466
19197,"Iowa","Wright","corn",1425.92135085579
19197,"Iowa","Wright","oats",2.4113998290084
19197,"Iowa","Wright","soybeans",1064.90767162763
19197,"Iowa","Wright","wheat",0.636421610249173
20001,"Kansas","Allen","barley",0
20001,"Kansas","Allen","corn",0
20001,"Kansas","Allen","grain sorghum",0
20001,"Kansas","Allen","oats",0
20001,"Kansas","Allen","soybeans",0
20001,"Kansas","Allen","wheat",0
20003,"Kansas","Anderson","barley",0.0472426338185557
20003,"Kansas","Anderson","corn",135.190270911991
20003,"Kansas","Anderson","grain sorghum",4.29358772130716
20003,"Kansas","Anderson","oats",2.00888080187876
20003,"Kansas","Anderson","soybeans",241.555177154445
20003,"Kansas","Anderson","sunflower",0.350758840115094
20003,"Kansas","Anderson","wheat",20.5385106501064
20005,"Kansas","Atchison","corn",4660.84405582599
20005,"Kansas","Atchison","grain sorghum",7.10499604309957
20005,"Kansas","Atchison","oats",15.8139977332476
20005,"Kansas","Atchison","soybeans",4972.65477185269
20005,"Kansas","Atchison","wheat",126.563234602658
20007,"Kansas","Barber","barley",15.3166987774678
20007,"Kansas","Barber","canola",288.93961567404
20007,"Kansas","Barber","corn",556.698645172428
20007,"Kansas","Barber","cotton",790.863909388739
20007,"Kansas","Barber","grain sorghum",1223.00034250076
20007,"Kansas","Barber","oats",171.489345312991
20007,"Kansas","Barber","sesame",358.035929044851
20007,"Kansas","Barber","soybeans",1960.05413092173
20007,"Kansas","Barber","sunflower",13.9866000290336
20007,"Kansas","Barber","wheat",22879.1820407442
20009,"Kansas","Barton","barley",7.14013338610381
20009,"Kansas","Barton","corn",2699.89740835566
20009,"Kansas","Barton","cotton",20.9572638953962
20009,"Kansas","Barton","grain sorghum",5614.29598911079
20009,"Kansas","Barton","oats",321.901696230055
20009,"Kansas","Barton","soybeans",3329.27115321028
20009,"Kansas","Barton","sunflower",15.7374855505001
20009,"Kansas","Barton","wheat",10584.2957403712
20011,"Kansas","Bourbon","barley",0
20011,"Kansas","Bourbon","corn",0
20011,"Kansas","Bourbon","grain sorghum",0
20011,"Kansas","Bourbon","oats",0
20011,"Kansas","Bourbon","soybeans",0
20011,"Kansas","Bourbon","sunflower",0
20011,"Kansas","Bourbon","wheat",0
20013,"Kansas","Brown","barley",7.0169985528868
20013,"Kansas","Brown","corn",7375.54182957281
20013,"Kansas","Brown","grain sorghum",5.83754886156933
20013,"Kansas","Brown","oats",9.57593750159748
20013,"Kansas","Brown","rice_long grain",0.170832687282322
20013,"Kansas","Brown","soybeans",7237.91580822763
20013,"Kansas","Brown","sunflower",3.12703417186674
20013,"Kansas","Brown","wheat",116.294443712972
20015,"Kansas","Butler","barley",7.7103769625969
20015,"Kansas","Butler","canola",31.4636661084193
20015,"Kansas","Butler","corn",6210.96916701918
20015,"Kansas","Butler","cotton",539.205463043207
20015,"Kansas","Butler","grain sorghum",303.844715416285
20015,"Kansas","Butler","oats",21.5922523558857
20015,"Kansas","Butler","soybeans",7678.51573818131
20015,"Kansas","Butler","sunflower",24.7609150202434
20015,"Kansas","Butler","wheat",3142.97121698631
20017,"Kansas","Chase","corn",71.6499285703484
20017,"Kansas","Chase","grain sorghum",0.761313001225423
20017,"Kansas","Chase","oats",1.17839142388421
20017,"Kansas","Chase","soybeans",205.220162706064
20017,"Kansas","Chase","sunflower",0.0790253853458757
20017,"Kansas","Chase","wheat",67.4251261025774
20019,"Kansas","Chautauqua","corn",0
20019,"Kansas","Chautauqua","grain sorghum",0
20019,"Kansas","Chautauqua","oats",0
20019,"Kansas","Chautauqua","soybeans",0
20019,"Kansas","Chautauqua","sunflower",0
20019,"Kansas","Chautauqua","wheat",0
20021,"Kansas","Cherokee","barley",0.701982682425655
20021,"Kansas","Cherokee","canola",13.4026806666773
20021,"Kansas","Cherokee","corn",3473.19092779339
20021,"Kansas","Cherokee","grain sorghum",100.888218614546
20021,"Kansas","Cherokee","oats",3.89740785282723
20021,"Kansas","Cherokee","soybeans",6098.07217709931
20021,"Kansas","Cherokee","sunflower",7.22431743174576
20021,"Kansas","Cherokee","wheat",3557.11546019824
20023,"Kansas","Cheyenne","barley",0
20023,"Kansas","Cheyenne","corn",0
20023,"Kansas","Cheyenne","dry peas",0
20023,"Kansas","Cheyenne","grain sorghum",0
20023,"Kansas","Cheyenne","oats",0
20023,"Kansas","Cheyenne","soybeans",0
20023,"Kansas","Cheyenne","sunflower",0
20023,"Kansas","Cheyenne","wheat",0
20025,"Kansas","Clark","barley",33.425068574065
20025,"Kansas","Clark","canola",25.4715706413146
20025,"Kansas","Clark","corn",618.715913084319
20025,"Kansas","Clark","cotton",152.500076439495
20025,"Kansas","Clark","grain sorghum",4833.83216768799
20025,"Kansas","Clark","oats",118.611934711171
20025,"Kansas","Clark","sesame",6.74996621994836
20025,"Kansas","Clark","soybeans",118.731396377479
20025,"Kansas","Clark","sunflower",56.6080185932575
20025,"Kansas","Clark","wheat",19857.6293399291
20027,"Kansas","Clay","barley",0.0905976321088635
20027,"Kansas","Clay","corn",4180.30639518712
20027,"Kansas","Clay","grain sorghum",1360.86165267283
20027,"Kansas","Clay","oats",58.8801089015513
20027,"Kansas","Clay","soybeans",8127.90611903902
20027,"Kansas","Clay","sunflower",5.49290612300036
20027,"Kansas","Clay","wheat",3483.19909283787
20029,"Kansas","Cloud","canola",7.15281711861571
20029,"Kansas","Cloud","corn",2205.96825798858
20029,"Kansas","Cloud","cotton",0.256906474959732
20029,"Kansas","Cloud","dry peas",5.62191700196325
20029,"Kansas","Cloud","grain sorghum",1071.80204196597
20029,"Kansas","Cloud","oats",31.3213534036588
20029,"Kansas","Cloud","sesame",15.2489502722229
20029,"Kansas","Cloud","soybeans",3857.69529966605
20029,"Kansas","Cloud","sunflower",4.50481129273432
20029,"Kansas","Cloud","wheat",2235.4372520777
20031,"Kansas","Coffey","barley",0
20031,"Kansas","Coffey","canola",0
20031,"Kansas","Coffey","corn",0
20031,"Kansas","Coffey","grain sorghum",0
20031,"Kansas","Coffey","oats",0
20031,"Kansas","Coffey","soybeans",0
20031,"Kansas","Coffey","sunflower",0
20031,"Kansas","Coffey","wheat",0
20033,"Kansas","Comanche","grain sorghum",0
20033,"Kansas","Comanche","wheat",0
20035,"Kansas","Cowley","barley",0.13454027266625
20035,"Kansas","Cowley","corn",733.893642846675
20035,"Kansas","Cowley","cotton",209.977108659804
20035,"Kansas","Cowley","grain sorghum",298.19379902242
20035,"Kansas","Cowley","oats",16.8416041789379
20035,"Kansas","Cowley","soybeans",2431.04529049104
20035,"Kansas","Cowley","sunflower",4.35092380478556
20035,"Kansas","Cowley","wheat",1870.24969092253
20037,"Kansas","Crawford","barley",0.774989966716476
20037,"Kansas","Crawford","corn",291.55436035348
20037,"Kansas","Crawford","grain sorghum",4.7431028040294
20037,"Kansas","Crawford","oats",2.27723770021431
20037,"Kansas","Crawford","soybeans",538.714154733375
20037,"Kansas","Crawford","sunflower",1.38029032473303
20037,"Kansas","Crawford","wheat",165.038789807763
20039,"Kansas","Decatur","barley",12.3015258248316
20039,"Kansas","Decatur","corn",8070.22214926929
20039,"Kansas","Decatur","dry peas",3.0992306409449
20039,"Kansas","Decatur","grain sorghum",840.525842151148
20039,"Kansas","Decatur","oats",162.652702999057
20039,"Kansas","Decatur","soybeans",234.004677275575
20039,"Kansas","Decatur","sunflower",18.4522887372474
20039,"Kansas","Decatur","wheat",5352.16390379301
20041,"Kansas","Dickinson","corn",1648.54280949587
20041,"Kansas","Dickinson","grain sorghum",1780.74423253281
20041,"Kansas","Dickinson","oats",109.798006036625
20041,"Kansas","Dickinson","soybeans",7228.57220453163
20041,"Kansas","Dickinson","sunflower",9.1320395307604
20041,"Kansas","Dickinson","wheat",6655.22264336658
20043,"Kansas","Doniphan","corn",5461.68331376399
20043,"Kansas","Doniphan","oats",3.4881416837677
20043,"Kansas","Doniphan","soybeans",4008.42014250312
20043,"Kansas","Doniphan","wheat",22.6200703129178
20045,"Kansas","Douglas","barley",0
20045,"Kansas","Douglas","corn",0
20045,"Kansas","Douglas","grain sorghum",0
20045,"Kansas","Douglas","oats",0
20045,"Kansas","Douglas","soybeans",0
20045,"Kansas","Douglas","sunflower",0
20045,"Kansas","Douglas","wheat",0
20047,"Kansas","Edwards","barley",6.84850341257056
20047,"Kansas","Edwards","canola",1.89915542407209
20047,"Kansas","Edwards","corn",1935.45183428135
20047,"Kansas","Edwards","cotton",48.4788592028693
20047,"Kansas","Edwards","grain sorghum",967.829365253772
20047,"Kansas","Edwards","oats",12.6421190829232
20047,"Kansas","Edwards","soybeans",620.601342272791
20047,"Kansas","Edwards","sunflower",7.96647290554099
20047,"Kansas","Edwards","wheat",2613.42087755962
20049,"Kansas","Elk","corn",0
20049,"Kansas","Elk","grain sorghum",0
20049,"Kansas","Elk","oats",0
20049,"Kansas","Elk","soybeans",0
20049,"Kansas","Elk","wheat",0
20051,"Kansas","Ellis","barley",1.55601712394303
20051,"Kansas","Ellis","corn",253.59502287518
20051,"Kansas","Ellis","cotton",1.13258464175299
20051,"Kansas","Ellis","grain sorghum",1438.92969351186
20051,"Kansas","Ellis","oats",34.2797199507245
20051,"Kansas","Ellis","soybeans",24.6141596013292
20051,"Kansas","Ellis","sunflower",43.320567958874
20051,"Kansas","Ellis","wheat",1961.74293201773
20053,"Kansas","Ellsworth","barley",1.04244377868739
20053,"Kansas","Ellsworth","corn",51.36285356071
20053,"Kansas","Ellsworth","grain sorghum",341.164426617854
20053,"Kansas","Ellsworth","oats",36.5438432197324
20053,"Kansas","Ellsworth","soybeans",268.266392069374
20053,"Kansas","Ellsworth","sunflower",1.10071643858645
20053,"Kansas","Ellsworth","wheat",860.84690263718
20055,"Kansas","Finney","barley",1.53442722967146
20055,"Kansas","Finney","canola",8.43513761001352
20055,"Kansas","Finney","corn",5987.91122760276
20055,"Kansas","Finney","cotton",8.95112637450108
20055,"Kansas","Finney","grain sorghum",4299.0968350043
20055,"Kansas","Finney","oats",40.6047354349683
20055,"Kansas","Finney","soybeans",259.818244570499
20055,"Kansas","Finney","sunflower",65.369217536337
20055,"Kansas","Finney","wheat",5283.20923036939
20057,"Kansas","Ford","barley",23.9577797532614
20057,"Kansas","Ford","corn",2459.20324379959
20057,"Kansas","Ford","cotton",84.0791154430702
20057,"Kansas","Ford","grain sorghum",6331.69933537278
20057,"Kansas","Ford","oats",61.3407429112842
20057,"Kansas","Ford","soybeans",610.412798080938
20057,"Kansas","Ford","sunflower",7.69855961398598
20057,"Kansas","Ford","wheat",12202.9424818214
20059,"Kansas","Franklin","barley",0.108011850277521
20059,"Kansas","Franklin","corn",176.395252007891
20059,"Kansas","Franklin","grain sorghum",7.55498476800492
20059,"Kansas","Franklin","oats",1.89289765352538
20059,"Kansas","Franklin","soybeans",462.431130373113
20059,"Kansas","Franklin","sunflower",0.324081267901443
20059,"Kansas","Franklin","wheat",33.7529436050423
20061,"Kansas","Geary","corn",0
20061,"Kansas","Geary","dry peas",0
20061,"Kansas","Geary","grain sorghum",0
20061,"Kansas","Geary","oats",0
20061,"Kansas","Geary","soybeans",0
20061,"Kansas","Geary","sunflower",0
20061,"Kansas","Geary","wheat",0
20063,"Kansas","Gove","barley",23.9075500584908
20063,"Kansas","Gove","corn",3622.93915559971
20063,"Kansas","Gove","grain sorghum",809.5977463737
20063,"Kansas","Gove","oats",84.3942727757696
20063,"Kansas","Gove","soybeans",47.860172864513
20063,"Kansas","Gove","sunflower",70.796623793916
20063,"Kansas","Gove","wheat",2542.17773027816
20065,"Kansas","Graham","barley",0
20065,"Kansas","Graham","corn",0
20065,"Kansas","Graham","dry peas",0
20065,"Kansas","Graham","grain sorghum",0
20065,"Kansas","Graham","oats",0
20065,"Kansas","Graham","soybeans",0
20065,"Kansas","Graham","sunflower",0
20065,"Kansas","Graham","wheat",0
20067,"Kansas","Grant","barley",0
20067,"Kansas","Grant","corn",0
20067,"Kansas","Grant","cotton",0
20067,"Kansas","Grant","grain sorghum",0
20067,"Kansas","Grant","oats",0
20067,"Kansas","Grant","soybeans",0
20067,"Kansas","Grant","sunflower",0
20067,"Kansas","Grant","wheat",0
20069,"Kansas","Gray","barley",0
20069,"Kansas","Gray","canola",0
20069,"Kansas","Gray","corn",0
20069,"Kansas","Gray","cotton",0
20069,"Kansas","Gray","grain sorghum",0
20069,"Kansas","Gray","oats",0
20069,"Kansas","Gray","soybeans",0
20069,"Kansas","Gray","sunflower",0
20069,"Kansas","Gray","wheat",0
20071,"Kansas","Greeley","barley",2.21055418486008
20071,"Kansas","Greeley","corn",3068.74530795766
20071,"Kansas","Greeley","dry peas",5.18630020294096
20071,"Kansas","Greeley","grain sorghum",3294.72337554941
20071,"Kansas","Greeley","oats",17.6047685069109
20071,"Kansas","Greeley","sunflower",52.4391914798248
20071,"Kansas","Greeley","wheat",6965.61021009522
20073,"Kansas","Greenwood","barley",0
20073,"Kansas","Greenwood","corn",0
20073,"Kansas","Greenwood","grain sorghum",0
20073,"Kansas","Greenwood","oats",0
20073,"Kansas","Greenwood","soybeans",0
20073,"Kansas","Greenwood","sunflower",0
20073,"Kansas","Greenwood","wheat",0
20075,"Kansas","Hamilton","barley",145.778815464693
20075,"Kansas","Hamilton","corn",1716.91113382049
20075,"Kansas","Hamilton","grain sorghum",3270.28728990229
20075,"Kansas","Hamilton","oats",45.7605449684436
20075,"Kansas","Hamilton","soybeans",42.1875181642381
20075,"Kansas","Hamilton","sunflower",24.7332765744701
20075,"Kansas","Hamilton","wheat",7007.99701307145
20077,"Kansas","Harper","barley",121.052368365937
20077,"Kansas","Harper","canola",836.137537023138
20077,"Kansas","Harper","corn",552.815768654027
20077,"Kansas","Harper","cotton",1875.79896365107
20077,"Kansas","Harper","grain sorghum",4144.89970381262
20077,"Kansas","Harper","oats",326.613757187368
20077,"Kansas","Harper","sesame",212.501529112845
20077,"Kansas","Harper","soybeans",4800.50012671931
20077,"Kansas","Harper","sunflower",13.5205414277939
20077,"Kansas","Harper","wheat",75549.153288892
20079,"Kansas","Harvey","barley",38.0744001009197
20079,"Kansas","Harvey","canola",6.94726780069374
20079,"Kansas","Harvey","corn",7580.02506695433
20079,"Kansas","Harvey","cotton",234.253515505533
20079,"Kansas","Harvey","dry peas",6.12361112538509
20079,"Kansas","Harvey","grain sorghum",1086.11808456989
20079,"Kansas","Harvey","oats",65.8770764895683
20079,"Kansas","Harvey","soybeans",11005.4726565164
20079,"Kansas","Harvey","sunflower",30.6515256616569
20079,"Kansas","Harvey","wheat",8218.93858401158
20081,"Kansas","Haskell","barley",0
20081,"Kansas","Haskell","corn",0
20081,"Kansas","Haskell","cotton",0
20081,"Kansas","Haskell","grain sorghum",0
20081,"Kansas","Haskell","oats",0
20081,"Kansas","Haskell","soybeans",0
20081,"Kansas","Haskell","sunflower",0
20081,"Kansas","Haskell","wheat",0
20083,"Kansas","Hodgeman","corn",0
20083,"Kansas","Hodgeman","cotton",0
20083,"Kansas","Hodgeman","grain sorghum",0
20083,"Kansas","Hodgeman","oats",0
20083,"Kansas","Hodgeman","soybeans",0
20083,"Kansas","Hodgeman","sunflower",0
20083,"Kansas","Hodgeman","wheat",0
20085,"Kansas","Jackson","barley",0.431605957791865
20085,"Kansas","Jackson","corn",789.170032639885
20085,"Kansas","Jackson","grain sorghum",21.7871638140407
20085,"Kansas","Jackson","oats",4.07733880593196
20085,"Kansas","Jackson","soybeans",988.962901294401
20085,"Kansas","Jackson","sunflower",1.35818723888643
20085,"Kansas","Jackson","wheat",50.5171733283643
20087,"Kansas","Jefferson","corn",2602.67180428579
20087,"Kansas","Jefferson","grain sorghum",18.6370032672781
20087,"Kansas","Jefferson","oats",17.3414440507952
20087,"Kansas","Jefferson","soybeans",2673.12871857118
20087,"Kansas","Jefferson","sunflower",1.12396124589912
20087,"Kansas","Jefferson","wheat",123.952718150516
20089,"Kansas","Jewell","barley",4.38109728284397
20089,"Kansas","Jewell","canola",4.82316428999573
20089,"Kansas","Jewell","corn",4920.14599983131
20089,"Kansas","Jewell","grain sorghum",1409.95898160669
20089,"Kansas","Jewell","oats",119.138985806743
20089,"Kansas","Jewell","soybeans",6518.69101273736
20089,"Kansas","Jewell","sunflower",23.9020053669277
20089,"Kansas","Jewell","wheat",4038.74135972028
20091,"Kansas","Johnson","corn",885.52338092593
20091,"Kansas","Johnson","grain sorghum",1.70090909867025
20091,"Kansas","Johnson","mustard",0.000724819218183347
20091,"Kansas","Johnson","oats",3.31949081447518
20091,"Kansas","Johnson","soybeans",2157.98628278067
20091,"Kansas","Johnson","sunflower",0.746322188322786
20091,"Kansas","Johnson","wheat",164.542805322082
20093,"Kansas","Kearny","barley",19.9048925672579
20093,"Kansas","Kearny","corn",2924.60960165914
20093,"Kansas","Kearny","grain sorghum",3366.00300517477
20093,"Kansas","Kearny","oats",55.598412816671
20093,"Kansas","Kearny","soybeans",40.0396415249172
20093,"Kansas","Kearny","sunflower",35.0255670824945
20093,"Kansas","Kearny","wheat",4753.63438747461
20095,"Kansas","Kingman","barley",2.48535229095928
20095,"Kansas","Kingman","canola",58.6590034684516
20095,"Kansas","Kingman","corn",420.137585799203
20095,"Kansas","Kingman","cotton",256.103537182895
20095,"Kansas","Kingman","grain sorghum",780.257207700809
20095,"Kansas","Kingman","oats",131.150515494914
20095,"Kansas","Kingman","soybeans",728.018252939575
20095,"Kansas","Kingman","sunflower",42.6993190685897
20095,"Kansas","Kingman","wheat",6674.33119847468
20097,"Kansas","Kiowa","corn",0
20097,"Kansas","Kiowa","cotton",0
20097,"Kansas","Kiowa","grain sorghum",0
20097,"Kansas","Kiowa","oats",0
20097,"Kansas","Kiowa","soybeans",0
20097,"Kansas","Kiowa","sunflower",0
20097,"Kansas","Kiowa","wheat",0
20099,"Kansas","Labette","barley",4.48653820541451
20099,"Kansas","Labette","corn",567.876132437647
20099,"Kansas","Labette","grain sorghum",20.0384962390659
20099,"Kansas","Labette","oats",18.9110204376235
20099,"Kansas","Labette","soybeans",1134.69977087238
20099,"Kansas","Labette","sunflower",0.860015267967336
20099,"Kansas","Labette","wheat",607.861558548375
20101,"Kansas","Lane","barley",0
20101,"Kansas","Lane","corn",0
20101,"Kansas","Lane","grain sorghum",0
20101,"Kansas","Lane","oats",0
20101,"Kansas","Lane","soybeans",0
20101,"Kansas","Lane","sunflower",0
20101,"Kansas","Lane","wheat",0
20103,"Kansas","Leavenworth","corn",0
20103,"Kansas","Leavenworth","grain sorghum",0
20103,"Kansas","Leavenworth","oats",0
20103,"Kansas","Leavenworth","soybeans",0
20103,"Kansas","Leavenworth","sunflower",0
20103,"Kansas","Leavenworth","wheat",0
20105,"Kansas","Lincoln","barley",5.69899471504204
20105,"Kansas","Lincoln","corn",513.517939624541
20105,"Kansas","Lincoln","grain sorghum",2160.5507008945
20105,"Kansas","Lincoln","oats",161.986815027243
20105,"Kansas","Lincoln","soybeans",2458.86844202975
20105,"Kansas","Lincoln","sunflower",42.6887173871136
20105,"Kansas","Lincoln","wheat",4611.49384544076
20107,"Kansas","Linn","corn",113.837086451512
20107,"Kansas","Linn","grain sorghum",3.0530086400776
20107,"Kansas","Linn","oats",1.12040057211261
20107,"Kansas","Linn","soybeans",371.081455819428
20107,"Kansas","Linn","sunflower",0.0992645889518784
20107,"Kansas","Linn","wheat",32.6171941204349
20109,"Kansas","Logan","barley",15.7518950981351
20109,"Kansas","Logan","corn",12161.2696117488
20109,"Kansas","Logan","grain sorghum",2608.64285172806
20109,"Kansas","Logan","oats",78.3429467717289
20109,"Kansas","Logan","soybeans",98.1228802162328
20109,"Kansas","Logan","sunflower",68.4025279486172
20109,"Kansas","Logan","wheat",8055.2463452071
20111,"Kansas","Lyon","corn",0
20111,"Kansas","Lyon","grain sorghum",0
20111,"Kansas","Lyon","oats",0
20111,"Kansas","Lyon","soybeans",0
20111,"Kansas","Lyon","sunflower",0
20111,"Kansas","Lyon","wheat",0
20115,"Kansas","Marion","barley",35.655335294033
20115,"Kansas","Marion","corn",6777.350674846
20115,"Kansas","Marion","cotton",20.4134466649931
20115,"Kansas","Marion","grain sorghum",1367.60400504729
20115,"Kansas","Marion","oats",377.84343293953
20115,"Kansas","Marion","soybeans",11688.3769044803
20115,"Kansas","Marion","sunflower",142.635393761405
20115,"Kansas","Marion","wheat",10477.9126029536
20117,"Kansas","Marshall","barley",2.30798117955302
20117,"Kansas","Marshall","corn",7421.55364631228
20117,"Kansas","Marshall","grain sorghum",238.166287375627
20117,"Kansas","Marshall","oats",46.8980729278291
20117,"Kansas","Marshall","soybeans",8236.81971230335
20117,"Kansas","Marshall","sunflower",3.20252826297399
20117,"Kansas","Marshall","wheat",534.215827128422
20113,"Kansas","McPherson","barley",13.9609129871091
20113,"Kansas","McPherson","canola",6.91174892071417
20113,"Kansas","McPherson","corn",4473.37725062247
20113,"Kansas","McPherson","cotton",12.5812649244745
20113,"Kansas","McPherson","grain sorghum",3517.09528340952
20113,"Kansas","McPherson","oats",145.549563328166
20113,"Kansas","McPherson","soybeans",10018.0627274878
20113,"Kansas","McPherson","sunflower",113.710800143778
20113,"Kansas","McPherson","wheat",15682.2341671279
20119,"Kansas","Meade","corn",0
20119,"Kansas","Meade","cotton",0
20119,"Kansas","Meade","dry peas",0
20119,"Kansas","Meade","grain sorghum",0
20119,"Kansas","Meade","oats",0
20119,"Kansas","Meade","soybeans",0
20119,"Kansas","Meade","sunflower",0
20119,"Kansas","Meade","wheat",0
20121,"Kansas","Miami","corn",1242.83356972111
20121,"Kansas","Miami","grain sorghum",15.3461308339012
20121,"Kansas","Miami","oats",8.71633283202828
20121,"Kansas","Miami","soybeans",3213.64700813565
20121,"Kansas","Miami","sunflower",2.52192181354945
20121,"Kansas","Miami","wheat",223.236311722232
20123,"Kansas","Mitchell","barley",1.57427492457536
20123,"Kansas","Mitchell","corn",1515.13628634012
20123,"Kansas","Mitchell","grain sorghum",2228.59405214297
20123,"Kansas","Mitchell","oats",135.104385269444
20123,"Kansas","Mitchell","soybeans",3396.10701568716
20123,"Kansas","Mitchell","sunflower",4.19200343022487
20123,"Kansas","Mitchell","wheat",4632.66098531547
20125,"Kansas","Montgomery","canola",10.5543377331859
20125,"Kansas","Montgomery","corn",2231.04055567424
20125,"Kansas","Montgomery","grain sorghum",34.9173302923063
20125,"Kansas","Montgomery","oats",7.38476257904898
20125,"Kansas","Montgomery","soybeans",5378.73541681161
20125,"Kansas","Montgomery","sunflower",1.74885703622308
20125,"Kansas","Montgomery","wheat",2670.49172489262
20127,"Kansas","Morris","barley",0
20127,"Kansas","Morris","corn",0
20127,"Kansas","Morris","grain sorghum",0
20127,"Kansas","Morris","oats",0
20127,"Kansas","Morris","soybeans",0
20127,"Kansas","Morris","sunflower",0
20127,"Kansas","Morris","wheat",0
20129,"Kansas","Morton","barley",50.1079089878219
20129,"Kansas","Morton","corn",3506.54817168159
20129,"Kansas","Morton","cotton",244.685167803006
20129,"Kansas","Morton","grain sorghum",7468.43227367558
20129,"Kansas","Morton","oats",68.9367290601965
20129,"Kansas","Morton","soybeans",21.5059846089543
20129,"Kansas","Morton","sunflower",122.978143271127
20129,"Kansas","Morton","wheat",10614.8177864921
20131,"Kansas","Nemaha","barley",5.62644646424619
20131,"Kansas","Nemaha","corn",16830.8663114302
20131,"Kansas","Nemaha","grain sorghum",114.885602308596
20131,"Kansas","Nemaha","oats",68.3842932721904
20131,"Kansas","Nemaha","soybeans",16761.9129779778
20131,"Kansas","Nemaha","sunflower",17.086788431493
20131,"Kansas","Nemaha","wheat",548.310080169878
20133,"Kansas","Neosho","barley",0
20133,"Kansas","Neosho","corn",0
20133,"Kansas","Neosho","grain sorghum",0
20133,"Kansas","Neosho","oats",0
20133,"Kansas","Neosho","soybeans",0
20133,"Kansas","Neosho","sunflower",0
20133,"Kansas","Neosho","wheat",0
20135,"Kansas","Ness","barley",0
20135,"Kansas","Ness","corn",0
20135,"Kansas","Ness","grain sorghum",0
20135,"Kansas","Ness","oats",0
20135,"Kansas","Ness","soybeans",0
20135,"Kansas","Ness","sunflower",0
20135,"Kansas","Ness","wheat",0
20137,"Kansas","Norton","barley",7.03927083109319
20137,"Kansas","Norton","corn",12081.224671028
20137,"Kansas","Norton","grain sorghum",1463.45806046407
20137,"Kansas","Norton","oats",376.830227910205
20137,"Kansas","Norton","soybeans",2312.30528821104
20137,"Kansas","Norton","wheat",5366.25416947471
20139,"Kansas","Osage","barley",1.26230243498085
20139,"Kansas","Osage","corn",1396.46451391207
20139,"Kansas","Osage","grain sorghum",76.750306167274
20139,"Kansas","Osage","oats",8.01503019997975
20139,"Kansas","Osage","soybeans",3679.92896582845
20139,"Kansas","Osage","sunflower",6.97359312898382
20139,"Kansas","Osage","wheat",267.703674291787
20141,"Kansas","Osborne","barley",6.14508805886613
20141,"Kansas","Osborne","corn",1150.8353289886
20141,"Kansas","Osborne","dry peas",8.2716961884462
20141,"Kansas","Osborne","grain sorghum",1744.52390543607
20141,"Kansas","Osborne","oats",88.6850778827177
20141,"Kansas","Osborne","soybeans",1870.1079890888
20141,"Kansas","Osborne","sunflower",17.2549598721533
20141,"Kansas","Osborne","wheat",2667.9054704111
20143,"Kansas","Ottawa","barley",5.68778400287148
20143,"Kansas","Ottawa","corn",902.302780718912
20143,"Kansas","Ottawa","grain sorghum",1487.18745831967
20143,"Kansas","Ottawa","oats",57.504332043487
20143,"Kansas","Ottawa","soybeans",3424.46871348405
20143,"Kansas","Ottawa","sunflower",20.9510585405216
20143,"Kansas","Ottawa","wheat",3450.05538375241
20145,"Kansas","Pawnee","barley",9.54899211569914
20145,"Kansas","Pawnee","canola",2.76580696852009
20145,"Kansas","Pawnee","corn",1209.48463056906
20145,"Kansas","Pawnee","cotton",7.78565509179336
20145,"Kansas","Pawnee","grain sorghum",1341.66762024724
20145,"Kansas","Pawnee","oats",30.8258791210058
20145,"Kansas","Pawnee","soybeans",402.172592752886
20145,"Kansas","Pawnee","sunflower",9.6533522032124
20145,"Kansas","Pawnee","wheat",2601.61344070551
20147,"Kansas","Phillips","barley",30.3320107372632
20147,"Kansas","Phillips","corn",11574.8880897861
20147,"Kansas","Phillips","grain sorghum",3150.36004907319
20147,"Kansas","Phillips","oats",590.155355748239
20147,"Kansas","Phillips","soybeans",5254.34931483702
20147,"Kansas","Phillips","sunflower",24.7163783212776
20147,"Kansas","Phillips","wheat",8935.91414795669
20149,"Kansas","Pottawatomie","corn",0
20149,"Kansas","Pottawatomie","grain sorghum",0
20149,"Kansas","Pottawatomie","oats",0
20149,"Kansas","Pottawatomie","soybeans",0
20149,"Kansas","Pottawatomie","wheat",0
20151,"Kansas","Pratt","canola",21.0087517938636
20151,"Kansas","Pratt","corn",4658.86142930884
20151,"Kansas","Pratt","cotton",1819.63258134627
20151,"Kansas","Pratt","grain sorghum",2668.99815771291
20151,"Kansas","Pratt","oats",74.1014967215421
20151,"Kansas","Pratt","sesame",5.61126997698519
20151,"Kansas","Pratt","soybeans",2909.27722595849
20151,"Kansas","Pratt","sunflower",26.8667043667751
20151,"Kansas","Pratt","wheat",11187.4664432646
20153,"Kansas","Rawlins","barley",1.90572009785637
20153,"Kansas","Rawlins","corn",7939.12700944051
20153,"Kansas","Rawlins","dry peas",42.5998733084671
20153,"Kansas","Rawlins","grain sorghum",1830.06046164952
20153,"Kansas","Rawlins","oats",113.73848907278
20153,"Kansas","Rawlins","soybeans",142.539878577548
20153,"Kansas","Rawlins","sunflower",67.4263052924335
20153,"Kansas","Rawlins","wheat",7282.88539118895
20155,"Kansas","Reno","barley",13.1438336197768
20155,"Kansas","Reno","canola",8.3524919154347
20155,"Kansas","Reno","corn",947.09413333495
20155,"Kansas","Reno","cotton",63.7573640583557
20155,"Kansas","Reno","dry peas",3.98334403961233
20155,"Kansas","Reno","grain sorghum",948.106423171097
20155,"Kansas","Reno","oats",44.9611191443673
20155,"Kansas","Reno","soybeans",1922.40124963587
20155,"Kansas","Reno","sunflower",69.2954598678695
20155,"Kansas","Reno","wheat",4648.94781082463
20157,"Kansas","Republic","corn",6100.26914824592
20157,"Kansas","Republic","grain sorghum",356.626078017248
20157,"Kansas","Republic","oats",74.1722383390007
20157,"Kansas","Republic","soybeans",5675.62416805144
20157,"Kansas","Republic","sunflower",17.0430170169404
20157,"Kansas","Republic","wheat",1668.20557232782
20159,"Kansas","Rice","barley",20.1001673051088
20159,"Kansas","Rice","canola",1.03059076650464
20159,"Kansas","Rice","corn",3093.24668047717
20159,"Kansas","Rice","cotton",149.664850958078
20159,"Kansas","Rice","grain sorghum",3617.915774479
20159,"Kansas","Rice","oats",139.683134067483
20159,"Kansas","Rice","soybeans",5175.23440756557
20159,"Kansas","Rice","sunflower",85.7278480269834
20159,"Kansas","Rice","wheat",12544.7330191121
20161,"Kansas","Riley","corn",391.342053534253
20161,"Kansas","Riley","grain sorghum",72.6421749676537
20161,"Kansas","Riley","oats",8.89888645995093
20161,"Kansas","Riley","soybeans",606.423443500946
20161,"Kansas","Riley","sunflower",0.668675313299973
20161,"Kansas","Riley","wheat",116.777126096505
20163,"Kansas","Rooks","barley",57.7213030774988
20163,"Kansas","Rooks","canola",4.85571421942103
20163,"Kansas","Rooks","corn",2538.5702502158
20163,"Kansas","Rooks","dry peas",27.3405273578224
20163,"Kansas","Rooks","grain sorghum",5279.1294526319
20163,"Kansas","Rooks","oats",289.349534873148
20163,"Kansas","Rooks","soybeans",2285.21241165799
20163,"Kansas","Rooks","sunflower",37.1913433577867
20163,"Kansas","Rooks","wheat",6931.23423108473
20165,"Kansas","Rush","barley",0
20165,"Kansas","Rush","corn",0
20165,"Kansas","Rush","cotton",0
20165,"Kansas","Rush","grain sorghum",0
20165,"Kansas","Rush","oats",0
20165,"Kansas","Rush","soybeans",0
20165,"Kansas","Rush","sunflower",0
20165,"Kansas","Rush","wheat",0
20167,"Kansas","Russell","barley",0
20167,"Kansas","Russell","corn",0
20167,"Kansas","Russell","dry peas",0
20167,"Kansas","Russell","grain sorghum",0
20167,"Kansas","Russell","oats",0
20167,"Kansas","Russell","soybeans",0
20167,"Kansas","Russell","sunflower",0
20167,"Kansas","Russell","wheat",0
20169,"Kansas","Saline","barley",0.568586692931324
20169,"Kansas","Saline","canola",4.81079814092381
20169,"Kansas","Saline","corn",811.209152750137
20169,"Kansas","Saline","grain sorghum",2266.79815931807
20169,"Kansas","Saline","oats",58.4142392771838
20169,"Kansas","Saline","soybeans",5472.53833327361
20169,"Kansas","Saline","sunflower",49.5721614833769
20169,"Kansas","Saline","wheat",7607.48734040688
20171,"Kansas","Scott","barley",34.1594010598054
20171,"Kansas","Scott","corn",10719.8482073853
20171,"Kansas","Scott","cotton",46.0816603766508
20171,"Kansas","Scott","dry peas",9.1830892538004
20171,"Kansas","Scott","grain sorghum",9377.86932151534
20171,"Kansas","Scott","oats",43.8860969153844
20171,"Kansas","Scott","soybeans",54.8857238185006
20171,"Kansas","Scott","sunflower",238.710360288997
20171,"Kansas","Scott","wheat",13560.917318326
20173,"Kansas","Sedgwick","barley",9.88342711127822
20173,"Kansas","Sedgwick","canola",10.1264727503795
20173,"Kansas","Sedgwick","corn",3320.45594018856
20173,"Kansas","Sedgwick","cotton",346.105996535892
20173,"Kansas","Sedgwick","grain sorghum",1660.33263797539
20173,"Kansas","Sedgwick","oats",84.6294179133647
20173,"Kansas","Sedgwick","soybeans",7190.04616090038
20173,"Kansas","Sedgwick","sunflower",6.87758686740088
20173,"Kansas","Sedgwick","wheat",9106.94428589189
20175,"Kansas","Seward","barley",0
20175,"Kansas","Seward","corn",0
20175,"Kansas","Seward","cotton",0
20175,"Kansas","Seward","grain sorghum",0
20175,"Kansas","Seward","oats",0
20175,"Kansas","Seward","soybeans",0
20175,"Kansas","Seward","wheat",0
20177,"Kansas","Shawnee","corn",496.799647650944
20177,"Kansas","Shawnee","grain sorghum",9.70725405641395
20177,"Kansas","Shawnee","oats",1.14470072294154
20177,"Kansas","Shawnee","soybeans",596.306411438657
20177,"Kansas","Shawnee","sunflower",0.752692134049163
20177,"Kansas","Shawnee","wheat",21.2577915835497
20179,"Kansas","Sheridan","barley",64.1475026665716
20179,"Kansas","Sheridan","corn",16932.2563437742
20179,"Kansas","Sheridan","dry peas",14.7170814884622
20179,"Kansas","Sheridan","grain sorghum",1675.64948497276
20179,"Kansas","Sheridan","oats",421.988374259956
20179,"Kansas","Sheridan","soybeans",1225.49350331507
20179,"Kansas","Sheridan","sunflower",117.70828163013
20179,"Kansas","Sheridan","wheat",7867.17035035599
20181,"Kansas","Sherman","barley",6.59034633179918
20181,"Kansas","Sherman","canola",0.132216798711991
20181,"Kansas","Sherman","corn",13755.5026838796
20181,"Kansas","Sherman","dry peas",48.9272230137683
20181,"Kansas","Sherman","grain sorghum",2267.11999312972
20181,"Kansas","Sherman","oats",72.384995224451
20181,"Kansas","Sherman","soybeans",256.465287616006
20181,"Kansas","Sherman","sunflower",266.901258700943
20181,"Kansas","Sherman","wheat",8425.80201172443
20183,"Kansas","Smith","barley",5.77067661159663
20183,"Kansas","Smith","canola",17.2832402776369
20183,"Kansas","Smith","corn",13101.2757239862
20183,"Kansas","Smith","grain sorghum",3186.40672932312
20183,"Kansas","Smith","oats",240.452282538811
20183,"Kansas","Smith","soybeans",12194.243071908
20183,"Kansas","Smith","sunflower",10.8300338818382
20183,"Kansas","Smith","wheat",10437.5985394933
20185,"Kansas","Stafford","barley",3.31368229139213
20185,"Kansas","Stafford","canola",7.40344314319107
20185,"Kansas","Stafford","corn",2413.95733628741
20185,"Kansas","Stafford","cotton",138.584883758436
20185,"Kansas","Stafford","grain sorghum",1017.43183010214
20185,"Kansas","Stafford","oats",86.3408650096718
20185,"Kansas","Stafford","soybeans",963.044150137083
20185,"Kansas","Stafford","sunflower",16.2463900157574
20185,"Kansas","Stafford","wheat",4992.43427575485
20187,"Kansas","Stanton","corn",2543.40569313108
20187,"Kansas","Stanton","cotton",9.50115353923433
20187,"Kansas","Stanton","grain sorghum",1153.68156076419
20187,"Kansas","Stanton","oats",3.04505338741156
20187,"Kansas","Stanton","soybeans",4.2742962374257
20187,"Kansas","Stanton","sunflower",9.01425574634217
20187,"Kansas","Stanton","wheat",2447.52569458648
20189,"Kansas","Stevens","barley",0
20189,"Kansas","Stevens","canola",0
20189,"Kansas","Stevens","corn",0
20189,"Kansas","Stevens","cotton",0
20189,"Kansas","Stevens","grain sorghum",0
20189,"Kansas","Stevens","oats",0
20189,"Kansas","Stevens","soybeans",0
20189,"Kansas","Stevens","sunflower",0
20189,"Kansas","Stevens","wheat",0
20191,"Kansas","Sumner","barley",6.0935647980476
20191,"Kansas","Sumner","canola",266.698622047132
20191,"Kansas","Sumner","corn",5110.82920383059
20191,"Kansas","Sumner","cotton",5646.51653504997
20191,"Kansas","Sumner","grain sorghum",4401.96859994051
20191,"Kansas","Sumner","oats",218.462683649637
20191,"Kansas","Sumner","sesame",32.1232113691164
20191,"Kansas","Sumner","soybeans",21565.5445208676
20191,"Kansas","Sumner","sunflower",47.3320285611934
20191,"Kansas","Sumner","wheat",41176.7022228356
20193,"Kansas","Thomas","barley",31.6854454536408
20193,"Kansas","Thomas","corn",22038.1306039969
20193,"Kansas","Thomas","dry peas",13.9981962307279
20193,"Kansas","Thomas","grain sorghum",2599.54008628765
20193,"Kansas","Thomas","oats",149.566234982666
20193,"Kansas","Thomas","soybeans",1226.44282870037
20193,"Kansas","Thomas","sunflower",93.8909877918835
20193,"Kansas","Thomas","wheat",10710.2067854689
20195,"Kansas","Trego","barley",19.487676459254
20195,"Kansas","Trego","corn",2100.65395802054
20195,"Kansas","Trego","flaxseed",4.11979073160178
20195,"Kansas","Trego","grain sorghum",4039.74219601215
20195,"Kansas","Trego","oats",82.8506395288045
20195,"Kansas","Trego","soybeans",90.8527917975311
20195,"Kansas","Trego","sunflower",41.3229550817535
20195,"Kansas","Trego","wheat",4777.11326263869
20197,"Kansas","Wabaunsee","barley",0
20197,"Kansas","Wabaunsee","corn",0
20197,"Kansas","Wabaunsee","grain sorghum",0
20197,"Kansas","Wabaunsee","oats",0
20197,"Kansas","Wabaunsee","rice_short/medium grain",0
20197,"Kansas","Wabaunsee","safflower",0
20197,"Kansas","Wabaunsee","soybeans",0
20197,"Kansas","Wabaunsee","wheat",0
20199,"Kansas","Wallace","barley",10.76838565853
20199,"Kansas","Wallace","corn",9264.25179423007
20199,"Kansas","Wallace","grain sorghum",2379.78445295277
20199,"Kansas","Wallace","oats",58.2940987769871
20199,"Kansas","Wallace","soybeans",21.0027615023989
20199,"Kansas","Wallace","sunflower",73.6267946601603
20199,"Kansas","Wallace","wheat",6594.45039379444
20201,"Kansas","Washington","barley",0.503839544887706
20201,"Kansas","Washington","canola",1.25078167018373
20201,"Kansas","Washington","corn",2913.43896771708
20201,"Kansas","Washington","grain sorghum",157.604032678144
20201,"Kansas","Washington","oats",46.6210792317313
20201,"Kansas","Washington","soybeans",3338.92128581594
20201,"Kansas","Washington","sunflower",5.72525470844522
20201,"Kansas","Washington","wheat",638.64539238318
20203,"Kansas","Wichita","barley",0
20203,"Kansas","Wichita","corn",0
20203,"Kansas","Wichita","dry peas",0
20203,"Kansas","Wichita","grain sorghum",0
20203,"Kansas","Wichita","oats",0
20203,"Kansas","Wichita","soybeans",0
20203,"Kansas","Wichita","sunflower",0
20203,"Kansas","Wichita","wheat",0
20205,"Kansas","Wilson","canola",4.49905454570337
20205,"Kansas","Wilson","corn",2465.46455364835
20205,"Kansas","Wilson","grain sorghum",42.8919773774441
20205,"Kansas","Wilson","oats",5.88877076127957
20205,"Kansas","Wilson","soybeans",4738.03075046598
20205,"Kansas","Wilson","wheat",1747.98500889309
20207,"Kansas","Woodson","barley",0
20207,"Kansas","Woodson","corn",0
20207,"Kansas","Woodson","grain sorghum",0
20207,"Kansas","Woodson","oats",0
20207,"Kansas","Woodson","soybeans",0
20207,"Kansas","Woodson","sunflower",0
20207,"Kansas","Woodson","wheat",0
20209,"Kansas","Wyandotte","corn",0
20209,"Kansas","Wyandotte","soybeans",0
20209,"Kansas","Wyandotte","wheat",0
21001,"Kentucky","Adair","corn",7160.92553388333
21001,"Kentucky","Adair","oats",7.73236648362317
21001,"Kentucky","Adair","soybeans",6923.0158310389
21001,"Kentucky","Adair","wheat",1687.61989659696
21003,"Kentucky","Allen","corn",4898.55795191809
21003,"Kentucky","Allen","cotton",0.487018716361516
21003,"Kentucky","Allen","oats",10.7582434444259
21003,"Kentucky","Allen","soybeans",4262.25436246771
21003,"Kentucky","Allen","sunflower",33.2925994504733
21003,"Kentucky","Allen","wheat",1462.38960632995
21005,"Kentucky","Anderson","corn",403.589359699061
21005,"Kentucky","Anderson","soybeans",446.985346584703
21005,"Kentucky","Anderson","wheat",30.7513325555304
21007,"Kentucky","Ballard","corn",3652.29279900145
21007,"Kentucky","Ballard","oats",1.64944709974621
21007,"Kentucky","Ballard","soybeans",5039.67508468048
21007,"Kentucky","Ballard","wheat",1510.37028634517
21009,"Kentucky","Barren","corn",16839.0176946346
21009,"Kentucky","Barren","grain sorghum",192.6306855129
21009,"Kentucky","Barren","oats",17.5987687311239
21009,"Kentucky","Barren","soybeans",16215.2600990354
21009,"Kentucky","Barren","sunflower",1.43079420578243
21009,"Kentucky","Barren","wheat",3594.27523163875
21011,"Kentucky","Bath","corn",570.995266937068
21011,"Kentucky","Bath","oats",0.576989028970008
21011,"Kentucky","Bath","soybeans",2447.93442362686
21011,"Kentucky","Bath","sunflower",12.9130144683488
21011,"Kentucky","Bath","wheat",34.7321751483102
21013,"Kentucky","Bell","corn",9.08740372335948
21015,"Kentucky","Boone","corn",172.843013375195
21015,"Kentucky","Boone","oats",1.57598413747765
21015,"Kentucky","Boone","soybeans",257.317444193744
21015,"Kentucky","Boone","wheat",10.1121446197116
21017,"Kentucky","Bourbon","corn",2657.79184956335
21017,"Kentucky","Bourbon","oats",19.1941071523492
21017,"Kentucky","Bourbon","soybeans",3573.02491692432
21017,"Kentucky","Bourbon","sunflower",4.35287527213102
21017,"Kentucky","Bourbon","wheat",369.022670546577
21019,"Kentucky","Boyd","corn",209.732379576673
21019,"Kentucky","Boyd","sunflower",2.50976122349429
21019,"Kentucky","Boyd","wheat",27.8862358166033
21021,"Kentucky","Boyle","canola",69.6786800875082
21021,"Kentucky","Boyle","corn",3983.00223362348
21021,"Kentucky","Boyle","oats",15.7537146930835
21021,"Kentucky","Boyle","soybeans",3943.79990229547
21021,"Kentucky","Boyle","sunflower",5.83675129378743
21021,"Kentucky","Boyle","wheat",1890.31185659513
21023,"Kentucky","Bracken","corn",536.867393763209
21023,"Kentucky","Bracken","oats",6.35975925078432
21023,"Kentucky","Bracken","soybeans",637.214610495584
21023,"Kentucky","Bracken","wheat",14.9777222478471
21025,"Kentucky","Breathitt","corn",0
21025,"Kentucky","Breathitt","soybeans",0
21027,"Kentucky","Breckinridge","corn",5869.6454240708
21027,"Kentucky","Breckinridge","grain sorghum",4.91334489342529
21027,"Kentucky","Breckinridge","soybeans",8720.60053244961
21027,"Kentucky","Breckinridge","sunflower",4.46131716323016
21027,"Kentucky","Breckinridge","wheat",921.502256772317
21029,"Kentucky","Bullitt","corn",348.344589402168
21029,"Kentucky","Bullitt","oats",8.90292028436522
21029,"Kentucky","Bullitt","soybeans",788.700311227054
21029,"Kentucky","Bullitt","wheat",65.5544380722809
21031,"Kentucky","Butler","corn",7341.20370745729
21031,"Kentucky","Butler","grain sorghum",9.07073427208881
21031,"Kentucky","Butler","soybeans",10370.0153507186
21031,"Kentucky","Butler","sunflower",5.34783549157944
21031,"Kentucky","Butler","wheat",463.386236826549
21033,"Kentucky","Caldwell","barley",74.9261798439672
21033,"Kentucky","Caldwell","corn",12090.407437634
21033,"Kentucky","Caldwell","soybeans",15521.6506227032
21033,"Kentucky","Caldwell","wheat",6984.93663870663
21035,"Kentucky","Calloway","canola",25.2716755844681
21035,"Kentucky","Calloway","corn",1846.73354711526
21035,"Kentucky","Calloway","grain sorghum",0.1116871880841
21035,"Kentucky","Calloway","oats",7.20382363142445
21035,"Kentucky","Calloway","rapeseed",15.7827957661344
21035,"Kentucky","Calloway","soybeans",2138.54222957491
21035,"Kentucky","Calloway","sunflower",0.118545173317334
21035,"Kentucky","Calloway","wheat",695.440556647696
21037,"Kentucky","Campbell","corn",109.923621838324
21037,"Kentucky","Campbell","soybeans",115.500983727299
21039,"Kentucky","Carlisle","corn",3560.83229961133
21039,"Kentucky","Carlisle","grain sorghum",4.78670829360307
21039,"Kentucky","Carlisle","soybeans",4973.12365809594
21039,"Kentucky","Carlisle","sunflower",0.87941220769983
21039,"Kentucky","Carlisle","wheat",1211.21686896032
21041,"Kentucky","Carroll","corn",794.808577479317
21041,"Kentucky","Carroll","soybeans",1320.17177199145
21041,"Kentucky","Carroll","wheat",29.426041005514
21043,"Kentucky","Carter","corn",536.616652247875
21043,"Kentucky","Carter","soybeans",790.733037947483
21043,"Kentucky","Carter","wheat",4.24484758454527
21045,"Kentucky","Casey","corn",5734.83742381992
21045,"Kentucky","Casey","oats",9.8830940705634
21045,"Kentucky","Casey","soybeans",4741.66269309131
21045,"Kentucky","Casey","sunflower",1.78636925325433
21045,"Kentucky","Casey","wheat",974.15002172012
21047,"Kentucky","Christian","canola",89.3005038032911
21047,"Kentucky","Christian","corn",16796.0043319256
21047,"Kentucky","Christian","oats",4.60409726469724
21047,"Kentucky","Christian","soybeans",17612.7743945571
21047,"Kentucky","Christian","sunflower",43.8020291720836
21047,"Kentucky","Christian","wheat",13812.94671214
21049,"Kentucky","Clark","corn",1681.29336585793
21049,"Kentucky","Clark","grain sorghum",7.5352801269611
21049,"Kentucky","Clark","soybeans",2221.28661031621
21049,"Kentucky","Clark","sunflower",38.9121865756272
21049,"Kentucky","Clark","wheat",52.3626616022527
21051,"Kentucky","Clay","corn",7.92256645157989
21051,"Kentucky","Clay","soybeans",219.919999405186
21051,"Kentucky","Clay","wheat",28.0550648371552
21053,"Kentucky","Clinton","corn",1432.64534725178
21053,"Kentucky","Clinton","oats",3.7626564010745
21053,"Kentucky","Clinton","soybeans",1593.07302138761
21053,"Kentucky","Clinton","wheat",528.671073764635
21055,"Kentucky","Crittenden","canola",151.555700881339
21055,"Kentucky","Crittenden","corn",8158.93864718512
21055,"Kentucky","Crittenden","grain sorghum",56.5134388411069
21055,"Kentucky","Crittenden","soybeans",8963.56116607724
21055,"Kentucky","Crittenden","sunflower",6.52957121214407
21055,"Kentucky","Crittenden","wheat",1809.52352844108
21057,"Kentucky","Cumberland","corn",746.371487291699
21057,"Kentucky","Cumberland","soybeans",841.602165660667
21057,"Kentucky","Cumberland","wheat",81.6584047508381
21059,"Kentucky","Daviess","corn",8965.96054876356
21059,"Kentucky","Daviess","cotton",0.104971664770162
21059,"Kentucky","Daviess","grain sorghum",12.5913511891809
21059,"Kentucky","Daviess","oats",1.76352396813872
21059,"Kentucky","Daviess","soybeans",11360.2495406272
21059,"Kentucky","Daviess","sunflower",1.24883477431252
21059,"Kentucky","Daviess","wheat",596.248503344349
21061,"Kentucky","Edmonson","barley",34.2067022795946
21061,"Kentucky","Edmonson","corn",2216.8645359082
21061,"Kentucky","Edmonson","grain sorghum",548.915284508355
21061,"Kentucky","Edmonson","oats",26.1664621053923
21061,"Kentucky","Edmonson","soybeans",5384.16633856272
21061,"Kentucky","Edmonson","wheat",427.076624883945
21063,"Kentucky","Elliott","corn",360.895676368877
21063,"Kentucky","Elliott","soybeans",422.240489794574
21065,"Kentucky","Estill","corn",43.6662545373983
21065,"Kentucky","Estill","grain sorghum",0.173092644566353
21065,"Kentucky","Estill","soybeans",122.871544671871
21065,"Kentucky","Estill","wheat",17.3590285919481
21067,"Kentucky","Fayette","corn",1819.93881303598
21067,"Kentucky","Fayette","grain sorghum",4.61234614592899
21067,"Kentucky","Fayette","oats",16.1796727451066
21067,"Kentucky","Fayette","soybeans",2529.20188586078
21067,"Kentucky","Fayette","sunflower",8.70511970229682
21067,"Kentucky","Fayette","wheat",211.16250417539
21069,"Kentucky","Fleming","corn",2285.71025621758
21069,"Kentucky","Fleming","grain sorghum",1.52806232125839
21069,"Kentucky","Fleming","oats",13.9216664548781
21069,"Kentucky","Fleming","soybeans",6441.94706759291
21069,"Kentucky","Fleming","sunflower",0.50935410708613
21069,"Kentucky","Fleming","wheat",437.294762848441
21073,"Kentucky","Franklin","corn",1287.85329831061
21073,"Kentucky","Franklin","soybeans",1215.29591456135
21073,"Kentucky","Franklin","wheat",31.1358956199705
21075,"Kentucky","Fulton","canola",0.827342862748885
21075,"Kentucky","Fulton","corn",459.078974928429
21075,"Kentucky","Fulton","rice_long grain",2.29505558704973
21075,"Kentucky","Fulton","soybeans",1027.22139920089
21075,"Kentucky","Fulton","sunflower",0.0608042280315202
21075,"Kentucky","Fulton","wheat",210.427016075523
21077,"Kentucky","Gallatin","corn",237.049498585901
21077,"Kentucky","Gallatin","soybeans",687.013892205946
21077,"Kentucky","Gallatin","wheat",50.1619579037713
21079,"Kentucky","Garrard","corn",2334.17448293822
21079,"Kentucky","Garrard","soybeans",1671.54701356052
21079,"Kentucky","Garrard","sunflower",3.72327250370332
21079,"Kentucky","Garrard","wheat",341.918641889052
21081,"Kentucky","Grant","corn",269.32162105255
21081,"Kentucky","Grant","soybeans",721.40558748989
21081,"Kentucky","Grant","wheat",86.7964951511928
21083,"Kentucky","Graves","canola",146.513602439075
21083,"Kentucky","Graves","corn",12712.7337467785
21083,"Kentucky","Graves","grain sorghum",20.2868086967764
21083,"Kentucky","Graves","rapeseed",41.0145783747698
21083,"Kentucky","Graves","soybeans",15719.6327664605
21083,"Kentucky","Graves","sunflower",0.915905282303955
21083,"Kentucky","Graves","wheat",4307.85476334241
21085,"Kentucky","Grayson","corn",5042.81935151951
21085,"Kentucky","Grayson","oats",2.77169665544291
21085,"Kentucky","Grayson","rapeseed",26.1625066801682
21085,"Kentucky","Grayson","soybeans",9273.96466059667
21085,"Kentucky","Grayson","sunflower",1.48025924504748
21085,"Kentucky","Grayson","wheat",562.665507841532
21087,"Kentucky","Green","corn",6335.26504861783
21087,"Kentucky","Green","oats",7.89200850038799
21087,"Kentucky","Green","soybeans",6973.24341936854
21087,"Kentucky","Green","sunflower",6.27065709418583
21087,"Kentucky","Green","wheat",1107.64242666107
21089,"Kentucky","Greenup","barley",1.22453534913437
21089,"Kentucky","Greenup","corn",302.660442765773
21089,"Kentucky","Greenup","soybeans",762.886747046061
21089,"Kentucky","Greenup","wheat",4.27158747623039
21091,"Kentucky","Hancock","corn",2110.91374497237
21091,"Kentucky","Hancock","grain sorghum",10.8280061600627
21091,"Kentucky","Hancock","soybeans",3881.76710241536
21091,"Kentucky","Hancock","sunflower",0.847209338744082
21091,"Kentucky","Hancock","wheat",367.680902663365
21093,"Kentucky","Hardin","barley",94.187803174551
21093,"Kentucky","Hardin","corn",10690.2662284148
21093,"Kentucky","Hardin","grain sorghum",5.90009767049094
21093,"Kentucky","Hardin","oats",33.2235785722657
21093,"Kentucky","Hardin","soybeans",13047.5317664071
21093,"Kentucky","Hardin","sunflower",2.0540957075301
21093,"Kentucky","Hardin","wheat",1538.04674592417
21097,"Kentucky","Harrison","barley",27.8733729582666
21097,"Kentucky","Harrison","corn",1674.15222445464
21097,"Kentucky","Harrison","grain sorghum",0.1669064248998
21097,"Kentucky","Harrison","oats",2.6705027983968
21097,"Kentucky","Harrison","rapeseed",17.8923687492585
21097,"Kentucky","Harrison","soybeans",1865.59990244601
21097,"Kentucky","Harrison","sunflower",3.23798464305612
21097,"Kentucky","Harrison","wheat",176.219803409209
21099,"Kentucky","Hart","corn",5531.6585707983
21099,"Kentucky","Hart","grain sorghum",1.76675027922464
21099,"Kentucky","Hart","soybeans",8985.26424472411
21099,"Kentucky","Hart","wheat",855.381286050124
21101,"Kentucky","Henderson","canola",22.5712643434276
21101,"Kentucky","Henderson","corn",6310.70062460736
21101,"Kentucky","Henderson","grain sorghum",42.3698012493414
21101,"Kentucky","Henderson","soybeans",7210.58050455206
21101,"Kentucky","Henderson","sunflower",3.96099804022854
21101,"Kentucky","Henderson","wheat",328.07331426751
21103,"Kentucky","Henry","corn",4285.08734393706
21103,"Kentucky","Henry","grain sorghum",46.5162999296469
21103,"Kentucky","Henry","oats",33.8758844008986
21103,"Kentucky","Henry","soybeans",5591.86444631081
21103,"Kentucky","Henry","sunflower",2.94817840961257
21103,"Kentucky","Henry","wheat",247.525732845932
21105,"Kentucky","Hickman","canola",7.4868797555482
21105,"Kentucky","Hickman","corn",1359.70681551602
21105,"Kentucky","Hickman","oats",2.17425741687103
21105,"Kentucky","Hickman","rapeseed",9.19734679381184
21105,"Kentucky","Hickman","soybeans",1669.03111772023
21105,"Kentucky","Hickman","wheat",438.522851895677
21107,"Kentucky","Hopkins","corn",5318.3975450222
21107,"Kentucky","Hopkins","grain sorghum",75.5799719854233
21107,"Kentucky","Hopkins","soybeans",7333.59626298849
21107,"Kentucky","Hopkins","wheat",242.527705594243
21109,"Kentucky","Jackson","corn",189.791783578278
21109,"Kentucky","Jackson","soybeans",76.0676245515846
21111,"Kentucky","Jefferson","corn",51.2798444247501
21111,"Kentucky","Jefferson","soybeans",93.6873434728157
21111,"Kentucky","Jefferson","wheat",6.68352938195463
21113,"Kentucky","Jessamine","corn",335.346885387544
21113,"Kentucky","Jessamine","grain sorghum",11.9947210898505
21113,"Kentucky","Jessamine","oats",17.4228381311272
21113,"Kentucky","Jessamine","soybeans",1196.71552332329
21113,"Kentucky","Jessamine","sunflower",2.52504900451119
21113,"Kentucky","Jessamine","wheat",144.884653932532
21115,"Kentucky","Johnson","corn",34.3717739519677
21117,"Kentucky","Kenton","corn",210.190755244131
21117,"Kentucky","Kenton","soybeans",182.071088125256
21117,"Kentucky","Kenton","wheat",9.2322716605829
21121,"Kentucky","Knox","corn",240.918451352987
21121,"Kentucky","Knox","soybeans",139.3852418259
21121,"Kentucky","Knox","wheat",4.72262846811523
21123,"Kentucky","Larue","corn",8581.81212219584
21123,"Kentucky","Larue","oats",17.4869919208895
21123,"Kentucky","Larue","soybeans",11856.7934492017
21123,"Kentucky","Larue","sunflower",0.435615492565895
21123,"Kentucky","Larue","wheat",2118.39893237611
21125,"Kentucky","Laurel","corn",0
21125,"Kentucky","Laurel","soybeans",0
21125,"Kentucky","Laurel","wheat",0
21127,"Kentucky","Lawrence","corn",148.419145693351
21129,"Kentucky","Lee","corn",0
21133,"Kentucky","Letcher","corn",0
21135,"Kentucky","Lewis","corn",704.444876833035
21135,"Kentucky","Lewis","oats",7.73357754482084
21135,"Kentucky","Lewis","soybeans",5019.50244019702
21135,"Kentucky","Lewis","wheat",9.58320037233902
21137,"Kentucky","Lincoln","corn",5137.92142604934
21137,"Kentucky","Lincoln","oats",51.7519257931365
21137,"Kentucky","Lincoln","soybeans",6059.596019565
21137,"Kentucky","Lincoln","sunflower",0.98986755956141
21137,"Kentucky","Lincoln","wheat",356.447348727826
21139,"Kentucky","Livingston","corn",6860.56565069998
21139,"Kentucky","Livingston","grain sorghum",37.7331470323011
21139,"Kentucky","Livingston","oats",12.6425408394422
21139,"Kentucky","Livingston","soybeans",7421.53166096367
21139,"Kentucky","Livingston","sunflower",1.55580388820437
21139,"Kentucky","Livingston","wheat",958.855010282605
21141,"Kentucky","Logan","barley",215.456018359098
21141,"Kentucky","Logan","corn",16347.4147200027
21141,"Kentucky","Logan","grain sorghum",24.0853550844266
21141,"Kentucky","Logan","oats",35.5448426707551
21141,"Kentucky","Logan","rapeseed",66.0672300358132
21141,"Kentucky","Logan","soybeans",18599.5890043536
21141,"Kentucky","Logan","sunflower",1.41408935791467
21141,"Kentucky","Logan","wheat",13478.4419642827
21143,"Kentucky","Lyon","corn",3519.4865467724
21143,"Kentucky","Lyon","soybeans",4161.96342824645
21143,"Kentucky","Lyon","wheat",1669.05516189306
21151,"Kentucky","Madison","corn",1818.67732436259
21151,"Kentucky","Madison","soybeans",1239.91391158985
21151,"Kentucky","Madison","sunflower",14.0800534426968
21151,"Kentucky","Madison","wheat",74.7181502692445
21153,"Kentucky","Magoffin","corn",0
21155,"Kentucky","Marion","barley",1.32793207398783
21155,"Kentucky","Marion","corn",6889.72502936788
21155,"Kentucky","Marion","dry peas",0.00885288049325218
21155,"Kentucky","Marion","oats",41.2618004989662
21155,"Kentucky","Marion","soybeans",8254.2062204721
21155,"Kentucky","Marion","sunflower",5.63043199370839
21155,"Kentucky","Marion","wheat",2732.87535538645
21157,"Kentucky","Marshall","corn",5373.28812070348
21157,"Kentucky","Marshall","soybeans",6925.64689066569
21157,"Kentucky","Marshall","wheat",2380.67085165687
21161,"Kentucky","Mason","corn",3577.09847294812
21161,"Kentucky","Mason","cotton",0.0747779607859892
21161,"Kentucky","Mason","grain sorghum",0.498519738573261
21161,"Kentucky","Mason","oats",18.0015477598805
21161,"Kentucky","Mason","soybeans",5635.63326763934
21161,"Kentucky","Mason","sunflower",1.99407895429305
21161,"Kentucky","Mason","wheat",276.200872998607
21145,"Kentucky","McCracken","corn",894.183317608611
21145,"Kentucky","McCracken","soybeans",1459.4873608688
21145,"Kentucky","McCracken","wheat",414.957921459186
21147,"Kentucky","McCreary","corn",40.423409264518
21147,"Kentucky","McCreary","soybeans",245.716355551148
21149,"Kentucky","McLean","canola",15.5638061713547
21149,"Kentucky","McLean","corn",3596.17343955132
21149,"Kentucky","McLean","grain sorghum",8.49398793143402
21149,"Kentucky","McLean","oats",1.90132683915102
21149,"Kentucky","McLean","soybeans",4310.4610350083
21149,"Kentucky","McLean","sunflower",0.813201796317796
21149,"Kentucky","McLean","wheat",576.159215641697
21163,"Kentucky","Meade","barley",25.5988833750604
21163,"Kentucky","Meade","corn",5343.56595508319
21163,"Kentucky","Meade","soybeans",7073.87369652887
21163,"Kentucky","Meade","sunflower",0.0912254802516506
21163,"Kentucky","Meade","wheat",1194.94432072032
21165,"Kentucky","Menifee","corn",28.0028033418239
21165,"Kentucky","Menifee","soybeans",41.2308050828591
21167,"Kentucky","Mercer","barley",483.24301051568
21167,"Kentucky","Mercer","corn",4676.02731790325
21167,"Kentucky","Mercer","soybeans",6163.45343881759
21167,"Kentucky","Mercer","sunflower",9.46811279785995
21167,"Kentucky","Mercer","wheat",2127.079047213
21169,"Kentucky","Metcalfe","corn",4494.30478454752
21169,"Kentucky","Metcalfe","soybeans",3679.65238161128
21169,"Kentucky","Metcalfe","wheat",430.828389888395
21171,"Kentucky","Monroe","barley",49.639239153101
21171,"Kentucky","Monroe","canola",23.7584105710439
21171,"Kentucky","Monroe","corn",7270.43133080969
21171,"Kentucky","Monroe","grain sorghum",75.5484458366735
21171,"Kentucky","Monroe","oats",26.0814551602126
21171,"Kentucky","Monroe","soybeans",3874.28929146692
21171,"Kentucky","Monroe","wheat",2162.04571993406
21173,"Kentucky","Montgomery","corn",658.130234029794
21173,"Kentucky","Montgomery","oats",2.51370899391948
21173,"Kentucky","Montgomery","soybeans",967.771881104981
21173,"Kentucky","Montgomery","sunflower",2.02718467251571
21173,"Kentucky","Montgomery","wheat",14.8356131616941
21175,"Kentucky","Morgan","corn",593.115297911372
21175,"Kentucky","Morgan","oats",11.949581698908
21175,"Kentucky","Morgan","soybeans",18.4874418430749
21175,"Kentucky","Morgan","wheat",18.7689764904313
21177,"Kentucky","Muhlenberg","corn",6134.79108078585
21177,"Kentucky","Muhlenberg","soybeans",9728.33155512246
21177,"Kentucky","Muhlenberg","wheat",986.698794807548
21179,"Kentucky","Nelson","barley",45.183691874021
21179,"Kentucky","Nelson","corn",8363.68189490467
21179,"Kentucky","Nelson","grain sorghum",3.05949106795167
21179,"Kentucky","Nelson","oats",26.7276834890174
21179,"Kentucky","Nelson","soybeans",9287.10318128746
21179,"Kentucky","Nelson","sunflower",3.75521095463657
21179,"Kentucky","Nelson","wheat",2136.59920687629
21181,"Kentucky","Nicholas","corn",1196.30739282538
21181,"Kentucky","Nicholas","oats",14.5690377020128
21181,"Kentucky","Nicholas","soybeans",1637.8967467031
21181,"Kentucky","Nicholas","wheat",91.2440619979936
21183,"Kentucky","Ohio","canola",42.8496346877767
21183,"Kentucky","Ohio","corn",8161.02989208249
21183,"Kentucky","Ohio","grain sorghum",34.6687298007913
21183,"Kentucky","Ohio","rapeseed",123.602584946957
21183,"Kentucky","Ohio","soybeans",10263.6357765903
21183,"Kentucky","Ohio","wheat",328.132471772396
21185,"Kentucky","Oldham","corn",0
21185,"Kentucky","Oldham","oats",0
21185,"Kentucky","Oldham","soybeans",0
21185,"Kentucky","Oldham","sunflower",0
21185,"Kentucky","Oldham","wheat",0
21187,"Kentucky","Owen","corn",1124.141225912
21187,"Kentucky","Owen","soybeans",1779.33542201375
21187,"Kentucky","Owen","sunflower",2.16063998017996
21187,"Kentucky","Owen","wheat",65.3118253208798
21189,"Kentucky","Owsley","corn",0
21191,"Kentucky","Pendleton","corn",761.808935472606
21191,"Kentucky","Pendleton","oats",14.1871864106305
21191,"Kentucky","Pendleton","soybeans",1409.52754810375
21191,"Kentucky","Pendleton","sunflower",0.016528760866754
21191,"Kentucky","Pendleton","wheat",96.5433903053191
21197,"Kentucky","Powell","corn",245.733996867326
21197,"Kentucky","Powell","soybeans",670.715427570782
21199,"Kentucky","Pulaski","corn",6661.7596378619
21199,"Kentucky","Pulaski","grain sorghum",38.6478780903725
21199,"Kentucky","Pulaski","oats",69.8808851651268
21199,"Kentucky","Pulaski","rapeseed",170.402727498978
21199,"Kentucky","Pulaski","soybeans",13859.8430384055
21199,"Kentucky","Pulaski","sunflower",0.00436913834395954
21199,"Kentucky","Pulaski","wheat",2486.65266349804
21201,"Kentucky","Robertson","corn",138.551715107139
21201,"Kentucky","Robertson","soybeans",319.000269204699
21201,"Kentucky","Robertson","wheat",57.9086028636249
21203,"Kentucky","Rockcastle","corn",1402.3473976582
21203,"Kentucky","Rockcastle","oats",6.69538619267119
21203,"Kentucky","Rockcastle","soybeans",1606.4229893258
21203,"Kentucky","Rockcastle","wheat",11.7681496302638
21205,"Kentucky","Rowan","corn",154.880412340334
21205,"Kentucky","Rowan","soybeans",805.431057103491
21205,"Kentucky","Rowan","wheat",39.7032013429401
21207,"Kentucky","Russell","corn",2799.55380997378
21207,"Kentucky","Russell","oats",96.907729143857
21207,"Kentucky","Russell","soybeans",4815.72515635847
21207,"Kentucky","Russell","wheat",666.349072358597
21209,"Kentucky","Scott","corn",1082.34585223297
21209,"Kentucky","Scott","oats",5.40702280044897
21209,"Kentucky","Scott","soybeans",1625.77421212108
21209,"Kentucky","Scott","sunflower",18.061807032978
21209,"Kentucky","Scott","wheat",169.425062956955
21211,"Kentucky","Shelby","barley",31.2005427102436
21211,"Kentucky","Shelby","corn",6912.27134129491
21211,"Kentucky","Shelby","oats",24.6878636008509
21211,"Kentucky","Shelby","soybeans",9519.36411902049
21211,"Kentucky","Shelby","sunflower",1.39601227313681
21211,"Kentucky","Shelby","wheat",765.633480762507
21213,"Kentucky","Simpson","barley",58.128866004139
21213,"Kentucky","Simpson","corn",5411.50020420281
21213,"Kentucky","Simpson","oats",54.5615355395457
21213,"Kentucky","Simpson","rapeseed",40.0716818539865
21213,"Kentucky","Simpson","soybeans",5803.99367832022
21213,"Kentucky","Simpson","wheat",4194.56330070339
21215,"Kentucky","Spencer","corn",779.379657824552
21215,"Kentucky","Spencer","soybeans",1924.91635203839
21215,"Kentucky","Spencer","wheat",116.753622920686
21217,"Kentucky","Taylor","corn",5227.22430801462
21217,"Kentucky","Taylor","oats",21.2146944393175
21217,"Kentucky","Taylor","soybeans",5808.4440962743
21217,"Kentucky","Taylor","wheat",751.70889680398
21219,"Kentucky","Todd","barley",9.23244066639309
21219,"Kentucky","Todd","canola",38.6005080954443
21219,"Kentucky","Todd","corn",8218.87980702857
21219,"Kentucky","Todd","oats",0.594873754277905
21219,"Kentucky","Todd","soybeans",8651.57686888415
21219,"Kentucky","Todd","wheat",6159.9768050097
21221,"Kentucky","Trigg","barley",142.758666824392
21221,"Kentucky","Trigg","canola",105.615352063986
21221,"Kentucky","Trigg","corn",6558.28206558728
21221,"Kentucky","Trigg","soybeans",6532.35348914749
21221,"Kentucky","Trigg","wheat",4444.12970465411
21223,"Kentucky","Trimble","corn",690.956326583714
21223,"Kentucky","Trimble","oats",3.32072856466115
21223,"Kentucky","Trimble","soybeans",1580.10001482729
21223,"Kentucky","Trimble","sunflower",0.790649658252655
21223,"Kentucky","Trimble","wheat",70.2084246133825
21225,"Kentucky","Union","corn",8518.80173921214
21225,"Kentucky","Union","grain sorghum",20.3807869824753
21225,"Kentucky","Union","soybeans",6587.11969985402
21225,"Kentucky","Union","sunflower",3.28660350846792
21225,"Kentucky","Union","wheat",696.06545253709
21227,"Kentucky","Warren","barley",77.1587845580482
21227,"Kentucky","Warren","canola",51.1809358494772
21227,"Kentucky","Warren","corn",11268.7844088916
21227,"Kentucky","Warren","grain sorghum",52.5748843728261
21227,"Kentucky","Warren","oats",28.8847603334342
21227,"Kentucky","Warren","rapeseed",79.571746789872
21227,"Kentucky","Warren","soybeans",11582.4458516877
21227,"Kentucky","Warren","sunflower",0.980120055479684
21227,"Kentucky","Warren","wheat",5124.20082191564
21229,"Kentucky","Washington","barley",106.276621895687
21229,"Kentucky","Washington","corn",5391.35971444617
21229,"Kentucky","Washington","grain sorghum",4.40737406488551
21229,"Kentucky","Washington","oats",11.7405773701077
21229,"Kentucky","Washington","soybeans",5969.87262781395
21229,"Kentucky","Washington","sunflower",1.56138855760839
21229,"Kentucky","Washington","wheat",2139.04696560191
21231,"Kentucky","Wayne","barley",49.4397111510911
21231,"Kentucky","Wayne","corn",3027.41568145866
21231,"Kentucky","Wayne","soybeans",5244.31283909368
21231,"Kentucky","Wayne","sunflower",0.714209759815225
21231,"Kentucky","Wayne","wheat",994.135269921309
21233,"Kentucky","Webster","corn",6202.14467719317
21233,"Kentucky","Webster","grain sorghum",16.9394627054596
21233,"Kentucky","Webster","rapeseed",24.9403023381837
21233,"Kentucky","Webster","soybeans",6435.21909836415
21233,"Kentucky","Webster","sunflower",0.182761038355784
21233,"Kentucky","Webster","wheat",150.464677328195
21235,"Kentucky","Whitley","corn",287.499983146002
21235,"Kentucky","Whitley","soybeans",85.3041795674293
21235,"Kentucky","Whitley","wheat",40.2478394201139
21237,"Kentucky","Wolfe","corn",2.05088475992458
21237,"Kentucky","Wolfe","soybeans",52.8957838329707
21239,"Kentucky","Woodford","corn",1348.88981545301
21239,"Kentucky","Woodford","soybeans",1959.07533642164
21239,"Kentucky","Woodford","sunflower",5.52246611131885
21239,"Kentucky","Woodford","wheat",149.130438589597
22001,"Louisiana","Acadia","corn",0
22001,"Louisiana","Acadia","grain sorghum",0
22001,"Louisiana","Acadia","rice_long grain",0
22001,"Louisiana","Acadia","rice_short/medium grain",0
22001,"Louisiana","Acadia","soybeans",0
22001,"Louisiana","Acadia","wheat",0
22003,"Louisiana","Allen","corn",0
22003,"Louisiana","Allen","grain sorghum",0
22003,"Louisiana","Allen","rice_long grain",0
22003,"Louisiana","Allen","rice_short/medium grain",0
22003,"Louisiana","Allen","soybeans",0
22003,"Louisiana","Allen","wheat",0
22005,"Louisiana","Ascension","soybeans",1963.12257991249
22007,"Louisiana","Assumption","soybeans",5211.02192068538
22009,"Louisiana","Avoyelles","corn",304.968987164813
22009,"Louisiana","Avoyelles","cotton",31.5802389447737
22009,"Louisiana","Avoyelles","grain sorghum",63.1734089156341
22009,"Louisiana","Avoyelles","oats",0.967223654979157
22009,"Louisiana","Avoyelles","rice_long grain",234.110321302823
22009,"Louisiana","Avoyelles","rice_short/medium grain",15.1005476389539
22009,"Louisiana","Avoyelles","soybeans",1122.369981631
22009,"Louisiana","Avoyelles","sunflower",0.281871501332937
22009,"Louisiana","Avoyelles","wheat",77.0754120741739
22011,"Louisiana","Beauregard","corn",0
22011,"Louisiana","Beauregard","grain sorghum",0
22011,"Louisiana","Beauregard","rice_long grain",0
22011,"Louisiana","Beauregard","soybeans",0
22011,"Louisiana","Beauregard","wheat",0
22015,"Louisiana","Bossier","corn",0
22015,"Louisiana","Bossier","cotton",0
22015,"Louisiana","Bossier","grain sorghum",0
22015,"Louisiana","Bossier","rice_long grain",0
22015,"Louisiana","Bossier","soybeans",0
22015,"Louisiana","Bossier","wheat",0
22017,"Louisiana","Caddo","corn",734.958638345
22017,"Louisiana","Caddo","cotton",641.824668165967
22017,"Louisiana","Caddo","grain sorghum",8.79429006585657
22017,"Louisiana","Caddo","rice_long grain",5.3638932316572
22017,"Louisiana","Caddo","soybeans",527.291646709643
22017,"Louisiana","Caddo","wheat",88.2015803508274
22019,"Louisiana","Calcasieu","oats",0
22019,"Louisiana","Calcasieu","rice_long grain",0
22019,"Louisiana","Calcasieu","rice_short/medium grain",0
22019,"Louisiana","Calcasieu","soybeans",0
22019,"Louisiana","Calcasieu","wheat",0
22021,"Louisiana","Caldwell","corn",972.548653686692
22021,"Louisiana","Caldwell","cotton",266.687433275178
22021,"Louisiana","Caldwell","grain sorghum",9.08052259672924
22021,"Louisiana","Caldwell","oats",45.3951665414256
22021,"Louisiana","Caldwell","rice_long grain",70.0268942303879
22021,"Louisiana","Caldwell","rice_short/medium grain",34.6824941276138
22021,"Louisiana","Caldwell","soybeans",782.023431443324
22021,"Louisiana","Caldwell","wheat",138.630690614181
22023,"Louisiana","Cameron","rice_long grain",0
22023,"Louisiana","Cameron","rice_short/medium grain",0
22023,"Louisiana","Cameron","soybeans",0
22023,"Louisiana","Cameron","wheat",0
22025,"Louisiana","Catahoula","corn",1208.21054794479
22025,"Louisiana","Catahoula","cotton",788.937531626394
22025,"Louisiana","Catahoula","grain sorghum",68.079947921855
22025,"Louisiana","Catahoula","oats",21.508631063307
22025,"Louisiana","Catahoula","rice_long grain",108.881517548283
22025,"Louisiana","Catahoula","rice_short/medium grain",8.61478495206187
22025,"Louisiana","Catahoula","sesame",1.28592062015772
22025,"Louisiana","Catahoula","soybeans",2663.22900703262
22025,"Louisiana","Catahoula","sunflower",1.24173753007791
22025,"Louisiana","Catahoula","wheat",99.9296931572529
22027,"Louisiana","Claiborne","wheat",0
22029,"Louisiana","Concordia","corn",1625.99947120146
22029,"Louisiana","Concordia","cotton",830.791977815726
22029,"Louisiana","Concordia","grain sorghum",16.7315692203025
22029,"Louisiana","Concordia","oats",10.2066935625826
22029,"Louisiana","Concordia","rice_long grain",466.13480001262
22029,"Louisiana","Concordia","rice_short/medium grain",22.2033264409175
22029,"Louisiana","Concordia","sesame",15.9513050625416
22029,"Louisiana","Concordia","soybeans",9093.63330841755
22029,"Louisiana","Concordia","sunflower",0.904077503234118
22029,"Louisiana","Concordia","wheat",452.027700256582
22031,"Louisiana","De Soto","corn",79.4725631968186
22031,"Louisiana","De Soto","cotton",301.097653201371
22031,"Louisiana","De Soto","soybeans",120.601150614763
22033,"Louisiana","East Baton Rouge","corn",0
22033,"Louisiana","East Baton Rouge","soybeans",0
22035,"Louisiana","East Carroll","canola",84.5746116603223
22035,"Louisiana","East Carroll","corn",5572.72745387906
22035,"Louisiana","East Carroll","cotton",1141.03627695023
22035,"Louisiana","East Carroll","grain sorghum",33.5204093826765
22035,"Louisiana","East Carroll","oats",12.4586052799511
22035,"Louisiana","East Carroll","peanuts",25.495970527678
22035,"Louisiana","East Carroll","rice_long grain",134.434850234081
22035,"Louisiana","East Carroll","soybeans",12348.8585137406
22035,"Louisiana","East Carroll","sunflower",3.42923138393105
22035,"Louisiana","East Carroll","wheat",47.9654619531121
22037,"Louisiana","East Feliciana","corn",57.3411158365561
22037,"Louisiana","East Feliciana","grain sorghum",3.36010472689103
22037,"Louisiana","East Feliciana","soybeans",157.2331458289
22037,"Louisiana","East Feliciana","wheat",44.5517805383835
22039,"Louisiana","Evangeline","corn",0
22039,"Louisiana","Evangeline","cotton",0
22039,"Louisiana","Evangeline","grain sorghum",0
22039,"Louisiana","Evangeline","oats",0
22039,"Louisiana","Evangeline","rice_long grain",0
22039,"Louisiana","Evangeline","rice_short/medium grain",0
22039,"Louisiana","Evangeline","soybeans",0
22039,"Louisiana","Evangeline","wheat",0
22041,"Louisiana","Franklin","corn",12082.8326380727
22041,"Louisiana","Franklin","cotton",1926.17524940707
22041,"Louisiana","Franklin","grain sorghum",16.8155153402105
22041,"Louisiana","Franklin","oats",12.382043997937
22041,"Louisiana","Franklin","peanuts",0.000860299792865275
22041,"Louisiana","Franklin","rice_long grain",366.247544735099
22041,"Louisiana","Franklin","rice_short/medium grain",152.102795669816
22041,"Louisiana","Franklin","soybeans",6977.15152313622
22041,"Louisiana","Franklin","sunflower",2.9790270049607
22041,"Louisiana","Franklin","wheat",629.264849658318
22043,"Louisiana","Grant","corn",12.1166154934384
22043,"Louisiana","Grant","cotton",5.77379228974746
22043,"Louisiana","Grant","grain sorghum",1.48300899449652
22043,"Louisiana","Grant","soybeans",29.644097745101
22043,"Louisiana","Grant","wheat",4.32532747852278
22045,"Louisiana","Iberia","corn",8.87755638554801
22045,"Louisiana","Iberia","rice_long grain",924.02184350795
22045,"Louisiana","Iberia","rice_short/medium grain",71.1765018802238
22045,"Louisiana","Iberia","soybeans",5389.56794946166
22047,"Louisiana","Iberville","corn",340.868814627974
22047,"Louisiana","Iberville","grain sorghum",0.917431520929826
22047,"Louisiana","Iberville","rice_long grain",65.2433576339373
22047,"Louisiana","Iberville","soybeans",2878.10261621507
22047,"Louisiana","Iberville","wheat",334.614034102468
22053,"Louisiana","Jefferson Davis","corn",0
22053,"Louisiana","Jefferson Davis","grain sorghum",0
22053,"Louisiana","Jefferson Davis","rice_long grain",0
22053,"Louisiana","Jefferson Davis","rice_short/medium grain",0
22053,"Louisiana","Jefferson Davis","soybeans",0
22053,"Louisiana","Jefferson Davis","sunflower",0
22053,"Louisiana","Jefferson Davis","wheat",0
22059,"Louisiana","La Salle","corn",228.750564191931
22059,"Louisiana","La Salle","soybeans",928.100620839761
22055,"Louisiana","Lafayette","corn",0
22055,"Louisiana","Lafayette","rice_long grain",0
22055,"Louisiana","Lafayette","rice_short/medium grain",0
22055,"Louisiana","Lafayette","soybeans",0
22055,"Louisiana","Lafayette","wheat",0
22057,"Louisiana","Lafourche","soybeans",6135.68316126429
22061,"Louisiana","Lincoln","dry peas",275.760574796364
22065,"Louisiana","Madison","corn",9521.51333650031
22065,"Louisiana","Madison","cotton",3232.16636936917
22065,"Louisiana","Madison","grain sorghum",62.1665185199426
22065,"Louisiana","Madison","peanuts",23.4510900743436
22065,"Louisiana","Madison","rice_long grain",627.788615117275
22065,"Louisiana","Madison","rice_short/medium grain",295.002220865712
22065,"Louisiana","Madison","soybeans",11788.3730529436
22065,"Louisiana","Madison","sunflower",5.85945780021376
22065,"Louisiana","Madison","wheat",176.046018631058
22067,"Louisiana","Morehouse","corn",12220.2087003089
22067,"Louisiana","Morehouse","cotton",2057.79303021618
22067,"Louisiana","Morehouse","grain sorghum",28.9387516552195
22067,"Louisiana","Morehouse","oats",44.4148528193035
22067,"Louisiana","Morehouse","peanuts",153.341967854322
22067,"Louisiana","Morehouse","rice_long grain",3375.18134535347
22067,"Louisiana","Morehouse","rice_short/medium grain",1676.0507118261
22067,"Louisiana","Morehouse","soybeans",11717.7624211544
22067,"Louisiana","Morehouse","wheat",385.702104713545
22069,"Louisiana","Natchitoches","corn",0
22069,"Louisiana","Natchitoches","cotton",0
22069,"Louisiana","Natchitoches","grain sorghum",0
22069,"Louisiana","Natchitoches","rice_long grain",0
22069,"Louisiana","Natchitoches","rice_short/medium grain",0
22069,"Louisiana","Natchitoches","soybeans",0
22069,"Louisiana","Natchitoches","wheat",0
22073,"Louisiana","Ouachita","corn",0
22073,"Louisiana","Ouachita","cotton",0
22073,"Louisiana","Ouachita","grain sorghum",0
22073,"Louisiana","Ouachita","peanuts",0
22073,"Louisiana","Ouachita","rice_long grain",0
22073,"Louisiana","Ouachita","rice_short/medium grain",0
22073,"Louisiana","Ouachita","soybeans",0
22073,"Louisiana","Ouachita","sunflower",0
22073,"Louisiana","Ouachita","wheat",0
22077,"Louisiana","Pointe Coupee","corn",0
22077,"Louisiana","Pointe Coupee","cotton",0
22077,"Louisiana","Pointe Coupee","grain sorghum",0
22077,"Louisiana","Pointe Coupee","oats",0
22077,"Louisiana","Pointe Coupee","rice_long grain",0
22077,"Louisiana","Pointe Coupee","soybeans",0
22077,"Louisiana","Pointe Coupee","sunflower",0
22077,"Louisiana","Pointe Coupee","wheat",0
22079,"Louisiana","Rapides","corn",1397.27157632064
22079,"Louisiana","Rapides","cotton",1130.70481407169
22079,"Louisiana","Rapides","grain sorghum",333.585863588134
22079,"Louisiana","Rapides","peanuts",0.80425080859595
22079,"Louisiana","Rapides","rice_long grain",1623.57327734499
22079,"Louisiana","Rapides","rice_short/medium grain",201.331858086264
22079,"Louisiana","Rapides","soybeans",5821.23490968541
22079,"Louisiana","Rapides","sunflower",4.8255048515757
22079,"Louisiana","Rapides","wheat",450.984284320826
22081,"Louisiana","Red River","corn",0
22081,"Louisiana","Red River","cotton",0
22081,"Louisiana","Red River","grain sorghum",0
22081,"Louisiana","Red River","rice_long grain",0
22081,"Louisiana","Red River","soybeans",0
22081,"Louisiana","Red River","wheat",0
22083,"Louisiana","Richland","canola",64.2796854762219
22083,"Louisiana","Richland","corn",8195.46402772433
22083,"Louisiana","Richland","cotton",1983.97627596874
22083,"Louisiana","Richland","grain sorghum",111.418197410914
22083,"Louisiana","Richland","oats",2.8469548540296
22083,"Louisiana","Richland","peanuts",59.8903643604732
22083,"Louisiana","Richland","rice_long grain",650.833922193339
22083,"Louisiana","Richland","rice_short/medium grain",10.3303465051376
22083,"Louisiana","Richland","soybeans",5217.61848835142
22083,"Louisiana","Richland","wheat",567.139143394577
22089,"Louisiana","St. Charles","soybeans",576.3518603583
22091,"Louisiana","St. Helena","corn",0
22091,"Louisiana","St. Helena","soybeans",0
22093,"Louisiana","St. James","corn",40.0836891841397
22093,"Louisiana","St. James","soybeans",3518.14233986834
22095,"Louisiana","St. John the Baptist","soybeans",1015.61177192776
22097,"Louisiana","St. Landry","corn",0
22097,"Louisiana","St. Landry","cotton",0
22097,"Louisiana","St. Landry","grain sorghum",0
22097,"Louisiana","St. Landry","rice_long grain",0
22097,"Louisiana","St. Landry","rice_short/medium grain",0
22097,"Louisiana","St. Landry","soybeans",0
22097,"Louisiana","St. Landry","wheat",0
22099,"Louisiana","St. Martin","corn",0
22099,"Louisiana","St. Martin","rice_long grain",0
22099,"Louisiana","St. Martin","rice_short/medium grain",0
22099,"Louisiana","St. Martin","soybeans",0
22099,"Louisiana","St. Martin","wheat",0
22101,"Louisiana","St. Mary","soybeans",7871.60260475032
22103,"Louisiana","St. Tammany","corn",0
22105,"Louisiana","Tangipahoa","corn",7.19449358102391
22105,"Louisiana","Tangipahoa","oats",1.25039893842955
22105,"Louisiana","Tangipahoa","soybeans",6.60790028810493
22105,"Louisiana","Tangipahoa","wheat",3.18433766221023
22107,"Louisiana","Tensas","corn",6771.39446449313
22107,"Louisiana","Tensas","cotton",3953.47807437546
22107,"Louisiana","Tensas","grain sorghum",63.2502927703608
22107,"Louisiana","Tensas","oats",2.21266350421812
22107,"Louisiana","Tensas","rice_long grain",211.900766696699
22107,"Louisiana","Tensas","soybeans",7281.94918801518
22107,"Louisiana","Tensas","sunflower",7.43148089174016
22107,"Louisiana","Tensas","wheat",204.690072705
22109,"Louisiana","Terrebonne","soybeans",1217.0652431096
22113,"Louisiana","Vermilion","corn",0
22113,"Louisiana","Vermilion","rice_long grain",0
22113,"Louisiana","Vermilion","rice_short/medium grain",0
22113,"Louisiana","Vermilion","soybeans",0
22113,"Louisiana","Vermilion","wheat",0
22117,"Louisiana","Washington","corn",11.4211540137323
22117,"Louisiana","Washington","oats",0.344998943882921
22117,"Louisiana","Washington","soybeans",12.48085943116
22117,"Louisiana","Washington","wheat",1.39486285600456
22121,"Louisiana","West Baton Rouge","corn",0
22121,"Louisiana","West Baton Rouge","rice_long grain",0
22121,"Louisiana","West Baton Rouge","soybeans",0
22121,"Louisiana","West Baton Rouge","wheat",0
22123,"Louisiana","West Carroll","corn",7925.60112484125
22123,"Louisiana","West Carroll","cotton",896.398944068982
22123,"Louisiana","West Carroll","grain sorghum",28.2558203355742
22123,"Louisiana","West Carroll","oats",36.5906118733382
22123,"Louisiana","West Carroll","peanuts",7.25436129633555
22123,"Louisiana","West Carroll","rice_long grain",119.84263945171
22123,"Louisiana","West Carroll","rice_short/medium grain",182.119734076521
22123,"Louisiana","West Carroll","soybeans",7529.39765205499
22123,"Louisiana","West Carroll","sunflower",0.328652662445337
22123,"Louisiana","West Carroll","wheat",631.645306679436
22125,"Louisiana","West Feliciana","corn",0
22125,"Louisiana","West Feliciana","cotton",0
22125,"Louisiana","West Feliciana","soybeans",0
22127,"Louisiana","Winn","corn",80.8904789857656
22127,"Louisiana","Winn","soybeans",90.9977222048728
23001,"Maine","Androscoggin","barley",5.82566521106536
23001,"Maine","Androscoggin","corn",722.653392797923
23001,"Maine","Androscoggin","oats",6.5615695734093
23001,"Maine","Androscoggin","wheat",9.81987653762535
23003,"Maine","Aroostook","barley",0
23003,"Maine","Aroostook","canola",0
23003,"Maine","Aroostook","corn",0
23003,"Maine","Aroostook","dry peas",0
23003,"Maine","Aroostook","mustard",0
23003,"Maine","Aroostook","oats",0
23003,"Maine","Aroostook","soybeans",0
23003,"Maine","Aroostook","sunflower",0
23003,"Maine","Aroostook","wheat",0
23005,"Maine","Cumberland","corn",360.121367856259
23005,"Maine","Cumberland","soybeans",3.31154794255394
23005,"Maine","Cumberland","sunflower",5.2645121138037
23005,"Maine","Cumberland","wheat",0.326582637332736
23004,"Maine","Fort Kent","barley",704.31560257363
23004,"Maine","Fort Kent","corn",10.8579084239598
23004,"Maine","Fort Kent","mustard",60.3699708372164
23004,"Maine","Fort Kent","oats",6340.96857321376
23004,"Maine","Fort Kent","sunflower",2.50817684593471
23004,"Maine","Fort Kent","wheat",42.3458428534432
23007,"Maine","Franklin","barley",1.61336296645096
23007,"Maine","Franklin","corn",91.2481673793487
23007,"Maine","Franklin","oats",9.13998434847976
23007,"Maine","Franklin","soybeans",11.7916513135049
23002,"Maine","Houlton","barley",429.106966667223
23002,"Maine","Houlton","corn",826.193650388672
23002,"Maine","Houlton","dry peas",128.809243820425
23002,"Maine","Houlton","oats",7415.32169929007
23002,"Maine","Houlton","soybeans",275.512962800798
23002,"Maine","Houlton","sunflower",28.0315896677251
23002,"Maine","Houlton","wheat",292.659784149057
23011,"Maine","Kennebec","corn",627.930762300447
23011,"Maine","Kennebec","oats",6.04440515764169
23011,"Maine","Kennebec","soybeans",3.80354354367693
23011,"Maine","Kennebec","wheat",1.50175363920719
23013,"Maine","Knox","corn",3.91845352846379
23015,"Maine","Lincoln","corn",0
23017,"Maine","Oxford","corn",2618.31488728253
23017,"Maine","Oxford","oats",40.0486406346058
23017,"Maine","Oxford","sunflower",30.5687166021011
23019,"Maine","Penobscot","corn",1152.29277985021
23021,"Maine","Piscataquis","barley",1.25459221527435
23021,"Maine","Piscataquis","corn",72.4056959063946
23021,"Maine","Piscataquis","dry peas",0.371219836681091
23021,"Maine","Piscataquis","oats",8.50714521930938
23021,"Maine","Piscataquis","soybeans",0.107829154729209
23021,"Maine","Piscataquis","sunflower",0.297069321278971
23021,"Maine","Piscataquis","wheat",2.9870113582054
23023,"Maine","Sagadahoc","corn",185.559881921617
23025,"Maine","Somerset","corn",5635.86969175864
23025,"Maine","Somerset","oats",42.2624325902801
23025,"Maine","Somerset","soybeans",12.3470797323933
23025,"Maine","Somerset","wheat",11.4341441400588
23027,"Maine","Waldo","corn",715.87194874148
23027,"Maine","Waldo","oats",25.7313125230236
23031,"Maine","York","corn",336.646704786479
23031,"Maine","York","oats",2.59265585093418
23031,"Maine","York","wheat",2.46822322771599
24001,"Maryland","Allegany","corn",0
24001,"Maryland","Allegany","grain sorghum",0
24001,"Maryland","Allegany","oats",0
24001,"Maryland","Allegany","soybeans",0
24001,"Maryland","Allegany","wheat",0
24003,"Maryland","Anne Arundel","barley",9.45381449756413
24003,"Maryland","Anne Arundel","corn",446.591152727772
24003,"Maryland","Anne Arundel","grain sorghum",29.6130553434749
24003,"Maryland","Anne Arundel","oats",6.1608726891946
24003,"Maryland","Anne Arundel","soybeans",600.175321342525
24003,"Maryland","Anne Arundel","wheat",109.176158699297
24005,"Maryland","Baltimore","barley",126.744893761304
24005,"Maryland","Baltimore","canola",0.400494074538516
24005,"Maryland","Baltimore","corn",2276.63660129941
24005,"Maryland","Baltimore","grain sorghum",57.2161854648706
24005,"Maryland","Baltimore","oats",8.57244216747209
24005,"Maryland","Baltimore","soybeans",1774.11584960422
24005,"Maryland","Baltimore","sunflower",3.30194014654522
24005,"Maryland","Baltimore","wheat",446.620312083366
24009,"Maryland","Calvert","barley",11.2487331763072
24009,"Maryland","Calvert","corn",410.183883491047
24009,"Maryland","Calvert","grain sorghum",85.9824059285445
24009,"Maryland","Calvert","oats",2.92044376869106
24009,"Maryland","Calvert","soybeans",484.432349864588
24009,"Maryland","Calvert","sunflower",1.57145496720873
24009,"Maryland","Calvert","wheat",214.440507016643
24011,"Maryland","Caroline","barley",0
24011,"Maryland","Caroline","canola",0
24011,"Maryland","Caroline","corn",0
24011,"Maryland","Caroline","grain sorghum",0
24011,"Maryland","Caroline","oats",0
24011,"Maryland","Caroline","rapeseed",0
24011,"Maryland","Caroline","soybeans",0
24011,"Maryland","Caroline","sunflower",0
24011,"Maryland","Caroline","wheat",0
24013,"Maryland","Carroll","barley",257.544346515388
24013,"Maryland","Carroll","corn",5414.53253396564
24013,"Maryland","Carroll","grain sorghum",31.9874468763506
24013,"Maryland","Carroll","oats",19.8982499079098
24013,"Maryland","Carroll","soybeans",5082.67438426247
24013,"Maryland","Carroll","sunflower",3.54308486165119
24013,"Maryland","Carroll","wheat",1022.11461068423
24015,"Maryland","Cecil","barley",120.306808803417
24015,"Maryland","Cecil","corn",2885.43448807179
24015,"Maryland","Cecil","grain sorghum",13.3699130784793
24015,"Maryland","Cecil","oats",5.3673960447975
24015,"Maryland","Cecil","soybeans",2835.42133192637
24015,"Maryland","Cecil","sunflower",0.911002457667103
24015,"Maryland","Cecil","wheat",933.071565435798
24017,"Maryland","Charles","barley",2.71293167221756
24017,"Maryland","Charles","corn",540.56628552038
24017,"Maryland","Charles","grain sorghum",116.535065152774
24017,"Maryland","Charles","oats",10.3728942487239
24017,"Maryland","Charles","soybeans",1396.65330684884
24017,"Maryland","Charles","wheat",434.701723220771
24019,"Maryland","Dorchester","barley",44.6187745893907
24019,"Maryland","Dorchester","corn",879.510243457506
24019,"Maryland","Dorchester","grain sorghum",79.478167961319
24019,"Maryland","Dorchester","oats",3.48420747564694
24019,"Maryland","Dorchester","soybeans",1347.03955778924
24019,"Maryland","Dorchester","sunflower",0.288643590980907
24019,"Maryland","Dorchester","wheat",389.216018792782
24021,"Maryland","Frederick","barley",375.407062192606
24021,"Maryland","Frederick","corn",7748.55162175578
24021,"Maryland","Frederick","dry peas",0.508145142950161
24021,"Maryland","Frederick","grain sorghum",64.4015023852747
24021,"Maryland","Frederick","oats",50.6177604956658
24021,"Maryland","Frederick","soybeans",7591.88683993018
24021,"Maryland","Frederick","sunflower",1.96144025178762
24021,"Maryland","Frederick","wheat",2100.17688432867
24023,"Maryland","Garrett","barley",37.0252225742156
24023,"Maryland","Garrett","corn",3127.5259792897
24023,"Maryland","Garrett","grain sorghum",7.14560710943231
24023,"Maryland","Garrett","oats",308.389094424767
24023,"Maryland","Garrett","soybeans",1103.73796884794
24023,"Maryland","Garrett","sunflower",6.59504118697663
24023,"Maryland","Garrett","wheat",59.2278005300256
24025,"Maryland","Harford","barley",117.336053768109
24025,"Maryland","Harford","corn",4224.02009228542
24025,"Maryland","Harford","grain sorghum",41.6965703252098
24025,"Maryland","Harford","oats",13.6743320845787
24025,"Maryland","Harford","soybeans",3159.3096623753
24025,"Maryland","Harford","sunflower",5.39225578903658
24025,"Maryland","Harford","wheat",766.857898693558
24027,"Maryland","Howard","barley",0
24027,"Maryland","Howard","corn",0
24027,"Maryland","Howard","grain sorghum",0
24027,"Maryland","Howard","soybeans",0
24027,"Maryland","Howard","sunflower",0
24027,"Maryland","Howard","wheat",0
24029,"Maryland","Kent","barley",17.9725402174685
24029,"Maryland","Kent","corn",282.03947556082
24029,"Maryland","Kent","grain sorghum",1.54841540341278
24029,"Maryland","Kent","oats",0.210527013085822
24029,"Maryland","Kent","soybeans",323.538589121186
24029,"Maryland","Kent","sunflower",0.0287408891584739
24029,"Maryland","Kent","wheat",106.958486110587
24031,"Maryland","Montgomery","barley",4.64905976272035
24031,"Maryland","Montgomery","corn",386.473810417129
24031,"Maryland","Montgomery","grain sorghum",20.2773779264603
24031,"Maryland","Montgomery","oats",2.37142180627267
24031,"Maryland","Montgomery","soybeans",544.214584591372
24031,"Maryland","Montgomery","wheat",142.855685979537
24033,"Maryland","Prince George&#39;s","corn",0
24033,"Maryland","Prince George&#39;s","grain sorghum",0
24033,"Maryland","Prince George&#39;s","oats",0
24033,"Maryland","Prince George&#39;s","soybeans",0
24033,"Maryland","Prince George&#39;s","sunflower",0
24033,"Maryland","Prince George&#39;s","wheat",0
24035,"Maryland","Queen Anne&#39;s","barley",0
24035,"Maryland","Queen Anne&#39;s","corn",0
24035,"Maryland","Queen Anne&#39;s","grain sorghum",0
24035,"Maryland","Queen Anne&#39;s","oats",0
24035,"Maryland","Queen Anne&#39;s","soybeans",0
24035,"Maryland","Queen Anne&#39;s","wheat",0
24039,"Maryland","Somerset","barley",21.2456230436862
24039,"Maryland","Somerset","corn",917.187584808527
24039,"Maryland","Somerset","grain sorghum",15.7962022649841
24039,"Maryland","Somerset","oats",0.186639525824264
24039,"Maryland","Somerset","soybeans",1351.87602758227
24039,"Maryland","Somerset","sunflower",0.25086770272735
24039,"Maryland","Somerset","wheat",474.940467926588
24037,"Maryland","St. Mary&#39;s","barley",49.337934961354
24037,"Maryland","St. Mary&#39;s","corn",792.15857866289
24037,"Maryland","St. Mary&#39;s","grain sorghum",40.7479867732606
24037,"Maryland","St. Mary&#39;s","oats",18.1976785610658
24037,"Maryland","St. Mary&#39;s","rapeseed",3.02457090589381
24037,"Maryland","St. Mary&#39;s","soybeans",1548.70364292076
24037,"Maryland","St. Mary&#39;s","sunflower",3.3769683433954
24037,"Maryland","St. Mary&#39;s","wheat",455.378394699242
24041,"Maryland","Talbot","barley",0
24041,"Maryland","Talbot","corn",0
24041,"Maryland","Talbot","grain sorghum",0
24041,"Maryland","Talbot","oats",0
24041,"Maryland","Talbot","soybeans",0
24041,"Maryland","Talbot","sunflower",0
24041,"Maryland","Talbot","wheat",0
24043,"Maryland","Washington","barley",683.685000694032
24043,"Maryland","Washington","corn",6255.74408270435
24043,"Maryland","Washington","grain sorghum",152.026513592462
24043,"Maryland","Washington","oats",113.442044035474
24043,"Maryland","Washington","soybeans",5396.20349967578
24043,"Maryland","Washington","sunflower",3.53249099696805
24043,"Maryland","Washington","wheat",2119.05210720331
24045,"Maryland","Wicomico","barley",4.27999932276741
24045,"Maryland","Wicomico","corn",279.399909453829
24045,"Maryland","Wicomico","dry peas",0.231361583527655
24045,"Maryland","Wicomico","grain sorghum",10.4263631719734
24045,"Maryland","Wicomico","oats",1.23884489210705
24045,"Maryland","Wicomico","soybeans",261.530859960981
24045,"Maryland","Wicomico","sunflower",0.169517750902912
24045,"Maryland","Wicomico","wheat",26.0510713895657
24047,"Maryland","Worcester","barley",1.28224804896244
24047,"Maryland","Worcester","corn",320.119602421473
24047,"Maryland","Worcester","grain sorghum",2.78876792170657
24047,"Maryland","Worcester","soybeans",335.901714678015
24047,"Maryland","Worcester","sunflower",0.104711795932764
24047,"Maryland","Worcester","wheat",55.137638783679
25001,"Massachusetts","Barnstable","corn",105.209786571801
25003,"Massachusetts","Berkshire","corn",644.598284855667
25003,"Massachusetts","Berkshire","oats",12.7221370708977
25003,"Massachusetts","Berkshire","soybeans",21.4895836781417
25003,"Massachusetts","Berkshire","sunflower",0.0229317844492306
25003,"Massachusetts","Berkshire","wheat",9.15186670292021
25005,"Massachusetts","Bristol","corn",0
25005,"Massachusetts","Bristol","oats",0
25005,"Massachusetts","Bristol","soybeans",0
25005,"Massachusetts","Bristol","sunflower",0
25005,"Massachusetts","Bristol","wheat",0
25007,"Massachusetts","Dukes","corn",0
25009,"Massachusetts","Essex","corn",205.38150226563
25009,"Massachusetts","Essex","dry peas",0.337526084231131
25011,"Massachusetts","Franklin","barley",3.85305402706939
25011,"Massachusetts","Franklin","corn",837.605047289201
25011,"Massachusetts","Franklin","oats",5.83606155144266
25011,"Massachusetts","Franklin","soybeans",0.114508432932986
25011,"Massachusetts","Franklin","wheat",5.31690507510459
25013,"Massachusetts","Hampden","barley",36.2902484219271
25013,"Massachusetts","Hampden","corn",306.146534117853
25013,"Massachusetts","Hampden","soybeans",39.1904706499675
25013,"Massachusetts","Hampden","sunflower",0.0936764285542774
25015,"Massachusetts","Hampshire","barley",0
25015,"Massachusetts","Hampshire","corn",0
25015,"Massachusetts","Hampshire","grain sorghum",0
25015,"Massachusetts","Hampshire","oats",0
25015,"Massachusetts","Hampshire","soybeans",0
25015,"Massachusetts","Hampshire","sunflower",0
25015,"Massachusetts","Hampshire","wheat",0
25017,"Massachusetts","Middlesex","corn",260.52632782788
25017,"Massachusetts","Middlesex","mustard",1.04568495842501
25017,"Massachusetts","Middlesex","soybeans",0.0121591274235466
25017,"Massachusetts","Middlesex","sunflower",0.10943214681192
25017,"Massachusetts","Middlesex","wheat",1.21591274235466
25021,"Massachusetts","Norfolk","corn",0
25021,"Massachusetts","Norfolk","soybeans",0
25021,"Massachusetts","Norfolk","sunflower",0
25023,"Massachusetts","Plymouth","chickpeas_large",0.965708465551737
25023,"Massachusetts","Plymouth","chickpeas_small",3.30305031098882
25023,"Massachusetts","Plymouth","corn",806.664465245413
25023,"Massachusetts","Plymouth","dry peas",0.0818397004704862
25023,"Massachusetts","Plymouth","oats",18.3116329802713
25027,"Massachusetts","Worcester","barley",0
25027,"Massachusetts","Worcester","corn",0
25027,"Massachusetts","Worcester","dry peas",0
25027,"Massachusetts","Worcester","oats",0
25027,"Massachusetts","Worcester","peanuts",0
25027,"Massachusetts","Worcester","soybeans",0
25027,"Massachusetts","Worcester","sunflower",0
25027,"Massachusetts","Worcester","wheat",0
26001,"Michigan","Alcona","barley",2.98178989142334
26001,"Michigan","Alcona","corn",537.147085515728
26001,"Michigan","Alcona","oats",40.9220844698939
26001,"Michigan","Alcona","soybeans",435.413259828938
26001,"Michigan","Alcona","wheat",171.054104358864
26003,"Michigan","Alger","barley",0.218196392824473
26003,"Michigan","Alger","corn",3.19305642390131
26003,"Michigan","Alger","oats",1.05004285581325
26003,"Michigan","Alger","soybeans",0.454501711915223
26005,"Michigan","Allegan","barley",4.25342400154239
26005,"Michigan","Allegan","corn",4259.15798197659
26005,"Michigan","Allegan","dry peas",0.66246092540915
26005,"Michigan","Allegan","grain sorghum",9.48534795364735
26005,"Michigan","Allegan","oats",22.2624358621208
26005,"Michigan","Allegan","soybeans",2156.20170503162
26005,"Michigan","Allegan","sunflower",0.390407449169984
26005,"Michigan","Allegan","wheat",292.450632066363
26007,"Michigan","Alpena","barley",15.992553621872
26007,"Michigan","Alpena","corn",2654.18103827356
26007,"Michigan","Alpena","dry peas",5.95089680140244
26007,"Michigan","Alpena","oats",394.832707113821
26007,"Michigan","Alpena","soybeans",3714.929314315
26007,"Michigan","Alpena","wheat",1025.74836039845
26009,"Michigan","Antrim","barley",0
26009,"Michigan","Antrim","canola",0
26009,"Michigan","Antrim","corn",0
26009,"Michigan","Antrim","grain sorghum",0
26009,"Michigan","Antrim","oats",0
26009,"Michigan","Antrim","soybeans",0
26009,"Michigan","Antrim","sunflower",0
26009,"Michigan","Antrim","wheat",0
26011,"Michigan","Arenac","barley",5.50170197953209
26011,"Michigan","Arenac","corn",5985.45873462558
26011,"Michigan","Arenac","oats",202.424631575013
26011,"Michigan","Arenac","soybeans",6496.82522324242
26011,"Michigan","Arenac","wheat",2047.42765702333
26013,"Michigan","Baraga","barley",15.2745469840561
26013,"Michigan","Baraga","corn",18.0796995910824
26013,"Michigan","Baraga","grain sorghum",23.480129339068
26013,"Michigan","Baraga","oats",122.919224864841
26013,"Michigan","Baraga","soybeans",94.4439597300728
26015,"Michigan","Barry","barley",1.45187228764053
26015,"Michigan","Barry","corn",4748.07562639682
26015,"Michigan","Barry","grain sorghum",1.52338489745559
26015,"Michigan","Barry","oats",18.7079204721449
26015,"Michigan","Barry","soybeans",3782.7933189891
26015,"Michigan","Barry","wheat",717.819185425599
26017,"Michigan","Bay","barley",25.2132220664639
26017,"Michigan","Bay","corn",14561.8934409416
26017,"Michigan","Bay","grain sorghum",6.41870414913408
26017,"Michigan","Bay","oats",88.8767809784529
26017,"Michigan","Bay","soybeans",16948.7239873825
26017,"Michigan","Bay","wheat",4454.8323370394
26019,"Michigan","Benzie","corn",292.473146530084
26019,"Michigan","Benzie","oats",14.0141679010594
26019,"Michigan","Benzie","soybeans",4.25559833204801
26019,"Michigan","Benzie","wheat",7.05464135869403
26021,"Michigan","Berrien","barley",2.62845415553852
26021,"Michigan","Berrien","corn",5918.14034221953
26021,"Michigan","Berrien","grain sorghum",7.83094596617904
26021,"Michigan","Berrien","oats",4.79093844599461
26021,"Michigan","Berrien","soybeans",5092.69584348645
26021,"Michigan","Berrien","sunflower",0.181083480444198
26021,"Michigan","Berrien","wheat",211.870644449568
26023,"Michigan","Branch","barley",0.454209234594104
26023,"Michigan","Branch","corn",1807.14284935506
26023,"Michigan","Branch","grain sorghum",4.4902377770702
26023,"Michigan","Branch","oats",3.01006137155705
26023,"Michigan","Branch","soybeans",1591.08094498382
26023,"Michigan","Branch","wheat",63.4971896689048
26025,"Michigan","Calhoun","barley",0.743674389847284
26025,"Michigan","Calhoun","corn",3978.19572523324
26025,"Michigan","Calhoun","grain sorghum",3.3137475066642
26025,"Michigan","Calhoun","oats",14.9696637233815
26025,"Michigan","Calhoun","soybeans",3724.60486462759
26025,"Michigan","Calhoun","sunflower",0.0662368639365205
26025,"Michigan","Calhoun","wheat",238.222702661454
26027,"Michigan","Cass","barley",5.77584414313189
26027,"Michigan","Cass","corn",7288.37014253571
26027,"Michigan","Cass","grain sorghum",21.3292196096761
26027,"Michigan","Cass","oats",11.7550254344792
26027,"Michigan","Cass","soybeans",5201.04088880128
26027,"Michigan","Cass","sunflower",0.0847238117564094
26027,"Michigan","Cass","wheat",170.528053836074
26029,"Michigan","Charlevoix","barley",0
26029,"Michigan","Charlevoix","corn",0
26029,"Michigan","Charlevoix","oats",0
26029,"Michigan","Charlevoix","sunflower",0
26029,"Michigan","Charlevoix","wheat",0
26031,"Michigan","Cheboygan","barley",0
26031,"Michigan","Cheboygan","corn",0
26031,"Michigan","Cheboygan","oats",0
26031,"Michigan","Cheboygan","rapeseed",0
26031,"Michigan","Cheboygan","soybeans",0
26031,"Michigan","Cheboygan","sunflower",0
26031,"Michigan","Cheboygan","wheat",0
26033,"Michigan","Chippewa","barley",322.387063831445
26033,"Michigan","Chippewa","corn",1357.83205239299
26033,"Michigan","Chippewa","oats",3003.72527762694
26033,"Michigan","Chippewa","rapeseed",67.9158121534495
26033,"Michigan","Chippewa","soybeans",265.078255420213
26033,"Michigan","Chippewa","wheat",101.454086310975
26035,"Michigan","Clare","barley",11.7609829126866
26035,"Michigan","Clare","canola",16.9496353484376
26035,"Michigan","Clare","corn",1357.59556988948
26035,"Michigan","Clare","oats",123.8249945545
26035,"Michigan","Clare","soybeans",1301.65257489352
26035,"Michigan","Clare","wheat",261.314244443638
26037,"Michigan","Clinton","barley",2.18845975782395
26037,"Michigan","Clinton","canola",15.1037866520413
26037,"Michigan","Clinton","corn",7834.87498598384
26037,"Michigan","Clinton","grain sorghum",0.451314580610879
26037,"Michigan","Clinton","oats",65.9002479319646
26037,"Michigan","Clinton","soybeans",7129.45740178673
26037,"Michigan","Clinton","sunflower",0.0176782208995045
26037,"Michigan","Clinton","wheat",2176.80440279537
26041,"Michigan","Delta","barley",37.6347089719929
26041,"Michigan","Delta","corn",152.521603505291
26041,"Michigan","Delta","dry peas",0.810277390134475
26041,"Michigan","Delta","oats",55.1573909378363
26041,"Michigan","Delta","soybeans",38.6017279279678
26041,"Michigan","Delta","sunflower",0.758532699127282
26041,"Michigan","Delta","wheat",12.8653205893119
26043,"Michigan","Dickinson","barley",0
26043,"Michigan","Dickinson","corn",0
26043,"Michigan","Dickinson","oats",0
26043,"Michigan","Dickinson","soybeans",0
26043,"Michigan","Dickinson","sunflower",0
26043,"Michigan","Dickinson","wheat",0
26045,"Michigan","Eaton","barley",0.748533832586044
26045,"Michigan","Eaton","corn",3609.43132063822
26045,"Michigan","Eaton","grain sorghum",0.891302738233761
26045,"Michigan","Eaton","oats",18.9007152544598
26045,"Michigan","Eaton","soybeans",5336.18999047527
26045,"Michigan","Eaton","wheat",1117.49130306794
26047,"Michigan","Emmet","barley",0
26047,"Michigan","Emmet","corn",0
26047,"Michigan","Emmet","oats",0
26047,"Michigan","Emmet","soybeans",0
26049,"Michigan","Genesee","barley",3.58530234190058
26049,"Michigan","Genesee","corn",1937.68502459296
26049,"Michigan","Genesee","grain sorghum",1.21769124891503
26049,"Michigan","Genesee","oats",12.049658268543
26049,"Michigan","Genesee","soybeans",2820.3773437209
26049,"Michigan","Genesee","wheat",356.174690307648
26051,"Michigan","Gladwin","barley",12.6958082890828
26051,"Michigan","Gladwin","corn",1820.29159259881
26051,"Michigan","Gladwin","oats",95.2676513434619
26051,"Michigan","Gladwin","soybeans",2718.50125966085
26051,"Michigan","Gladwin","sunflower",0.322448504688609
26051,"Michigan","Gladwin","wheat",440.408349232925
26053,"Michigan","Gogebic","oats",26.2613826398306
26055,"Michigan","Grand Traverse","barley",37.0548900767509
26055,"Michigan","Grand Traverse","corn",546.457310458469
26055,"Michigan","Grand Traverse","grain sorghum",4.33473845645788
26055,"Michigan","Grand Traverse","mustard",0.264456128253058
26055,"Michigan","Grand Traverse","oats",121.712468750775
26055,"Michigan","Grand Traverse","soybeans",110.800481938503
26055,"Michigan","Grand Traverse","sunflower",25.4705406358208
26055,"Michigan","Grand Traverse","wheat",96.2081636055909
26057,"Michigan","Gratiot","barley",18.4388219353009
26057,"Michigan","Gratiot","corn",18679.2665591897
26057,"Michigan","Gratiot","flaxseed",1.90868194558262
26057,"Michigan","Gratiot","oats",40.5037578308198
26057,"Michigan","Gratiot","soybeans",16335.2487707892
26057,"Michigan","Gratiot","sunflower",2.4163913431076
26057,"Michigan","Gratiot","wheat",3854.32818919618
26059,"Michigan","Hillsdale","barley",1.32966916108412
26059,"Michigan","Hillsdale","canola",2.61029416850159
26059,"Michigan","Hillsdale","corn",5406.96393812642
26059,"Michigan","Hillsdale","dry peas",3.38852779470435
26059,"Michigan","Hillsdale","oats",15.4336723531954
26059,"Michigan","Hillsdale","soybeans",6187.75079798997
26059,"Michigan","Hillsdale","sunflower",3.54208329714897
26059,"Michigan","Hillsdale","wheat",693.666667557813
26061,"Michigan","Houghton","barley",0
26061,"Michigan","Houghton","corn",0
26061,"Michigan","Houghton","dry peas",0
26061,"Michigan","Houghton","grain sorghum",0
26061,"Michigan","Houghton","oats",0
26061,"Michigan","Houghton","sunflower",0
26061,"Michigan","Houghton","wheat",0
26063,"Michigan","Huron","barley",29.268071647698
26063,"Michigan","Huron","corn",14442.3300501708
26063,"Michigan","Huron","grain sorghum",2.92306454941214
26063,"Michigan","Huron","oats",142.940315118678
26063,"Michigan","Huron","soybeans",7715.51875557864
26063,"Michigan","Huron","sunflower",29.1077128728844
26063,"Michigan","Huron","wheat",9390.35032865855
26065,"Michigan","Ingham","barley",0.489212562294066
26065,"Michigan","Ingham","canola",20.8978828394756
26065,"Michigan","Ingham","corn",2359.38465121263
26065,"Michigan","Ingham","grain sorghum",0.445751765188215
26065,"Michigan","Ingham","oats",2.91289863515194
26065,"Michigan","Ingham","soybeans",2351.68628643691
26065,"Michigan","Ingham","sunflower",1.32896431273214
26065,"Michigan","Ingham","wheat",598.957627537287
26067,"Michigan","Ionia","barley",5.39352112967954
26067,"Michigan","Ionia","corn",4589.96468795993
26067,"Michigan","Ionia","oats",33.611296186554
26067,"Michigan","Ionia","soybeans",3733.71811002873
26067,"Michigan","Ionia","sunflower",0.253467555476447
26067,"Michigan","Ionia","wheat",800.627842622587
26069,"Michigan","Iosco","barley",2.37425770956266
26069,"Michigan","Iosco","corn",789.059100934096
26069,"Michigan","Iosco","oats",70.4298506955556
26069,"Michigan","Iosco","rapeseed",0.374526434100326
26069,"Michigan","Iosco","soybeans",615.331222783422
26069,"Michigan","Iosco","sunflower",2.72479588032185
26069,"Michigan","Iosco","wheat",266.3075626375
26071,"Michigan","Iron","corn",68.4583815514153
26071,"Michigan","Iron","oats",393.885660428405
26071,"Michigan","Iron","soybeans",104.129142902697
26073,"Michigan","Isabella","barley",17.6784034276516
26073,"Michigan","Isabella","corn",8463.45363422723
26073,"Michigan","Isabella","grain sorghum",3.02603850990451
26073,"Michigan","Isabella","oats",245.032528733737
26073,"Michigan","Isabella","soybeans",11968.5825248137
26073,"Michigan","Isabella","sunflower",6.86470904663803
26073,"Michigan","Isabella","wheat",2623.35902481007
26075,"Michigan","Jackson","barley",2.3032274580312
26075,"Michigan","Jackson","canola",17.6942617626209
26075,"Michigan","Jackson","corn",2395.73778168711
26075,"Michigan","Jackson","oats",14.1780641064052
26075,"Michigan","Jackson","soybeans",1838.82205915694
26075,"Michigan","Jackson","sunflower",0.315792736421566
26075,"Michigan","Jackson","wheat",295.710892782462
26077,"Michigan","Kalamazoo","corn",3611.48761455237
26077,"Michigan","Kalamazoo","grain sorghum",14.2547318619915
26077,"Michigan","Kalamazoo","oats",18.4181870951261
26077,"Michigan","Kalamazoo","soybeans",1921.70901721473
26077,"Michigan","Kalamazoo","sunflower",0.123579121591195
26077,"Michigan","Kalamazoo","wheat",171.142226523259
26079,"Michigan","Kalkaska","barley",0
26079,"Michigan","Kalkaska","corn",0
26079,"Michigan","Kalkaska","grain sorghum",0
26079,"Michigan","Kalkaska","oats",0
26079,"Michigan","Kalkaska","soybeans",0
26079,"Michigan","Kalkaska","wheat",0
26081,"Michigan","Kent","barley",1.94874461149005
26081,"Michigan","Kent","corn",2299.62833077213
26081,"Michigan","Kent","dry peas",0.0106921825443232
26081,"Michigan","Kent","oats",41.5938480012459
26081,"Michigan","Kent","soybeans",1479.37402475366
26081,"Michigan","Kent","sunflower",0.341835365461156
26081,"Michigan","Kent","wheat",259.164667932277
26085,"Michigan","Lake","corn",452.956556106494
26085,"Michigan","Lake","oats",40.3546634210149
26085,"Michigan","Lake","soybeans",80.9206386565806
26085,"Michigan","Lake","wheat",86.2253228935693
26087,"Michigan","Lapeer","barley",1.15004041117934
26087,"Michigan","Lapeer","corn",827.836584040228
26087,"Michigan","Lapeer","dry peas",0.804143729722842
26087,"Michigan","Lapeer","oats",10.9143901126416
26087,"Michigan","Lapeer","soybeans",978.878808891929
26087,"Michigan","Lapeer","sunflower",0.344127565251106
26087,"Michigan","Lapeer","wheat",128.566499508088
26089,"Michigan","Leelanau","barley",9.73154970292638
26089,"Michigan","Leelanau","corn",200.383868784133
26089,"Michigan","Leelanau","grain sorghum",1.35491002449022
26089,"Michigan","Leelanau","oats",19.5411648605808
26089,"Michigan","Leelanau","soybeans",4.28715003910027
26089,"Michigan","Leelanau","sunflower",0.12206396617029
26089,"Michigan","Leelanau","wheat",5.00900581903983
26091,"Michigan","Lenawee","barley",0.573943501631715
26091,"Michigan","Lenawee","corn",5873.86990994639
26091,"Michigan","Lenawee","grain sorghum",8.40956317529239
26091,"Michigan","Lenawee","oats",8.9750861909486
26091,"Michigan","Lenawee","soybeans",7586.53709504169
26091,"Michigan","Lenawee","sunflower",0.357473461223906
26091,"Michigan","Lenawee","wheat",1695.93476989063
26093,"Michigan","Livingston","barley",0
26093,"Michigan","Livingston","corn",0
26093,"Michigan","Livingston","oats",0
26093,"Michigan","Livingston","soybeans",0
26093,"Michigan","Livingston","sunflower",0
26093,"Michigan","Livingston","wheat",0
26095,"Michigan","Luce","barley",28.7382473676802
26095,"Michigan","Luce","wheat",181.790804714643
26097,"Michigan","Mackinac","corn",1328.23133530044
26097,"Michigan","Mackinac","oats",1557.09523761944
26097,"Michigan","Mackinac","soybeans",359.194208838795
26097,"Michigan","Mackinac","sunflower",14.8121323232493
26097,"Michigan","Mackinac","wheat",172.72592081389
26099,"Michigan","Macomb","barley",3.37018434006941
26099,"Michigan","Macomb","corn",454.580138415392
26099,"Michigan","Macomb","oats",2.82731976082167
26099,"Michigan","Macomb","soybeans",1187.26916337737
26099,"Michigan","Macomb","wheat",114.751013898575
26101,"Michigan","Manistee","corn",1055.26882118244
26101,"Michigan","Manistee","oats",49.3110516663952
26101,"Michigan","Manistee","soybeans",42.4662925011955
26101,"Michigan","Manistee","wheat",53.6904808179424
26103,"Michigan","Marquette","corn",0
26103,"Michigan","Marquette","oats",0
26105,"Michigan","Mason","barley",7.61407406211645
26105,"Michigan","Mason","corn",4931.49819737502
26105,"Michigan","Mason","grain sorghum",7.59633315665504
26105,"Michigan","Mason","oats",411.679324041431
26105,"Michigan","Mason","soybeans",2428.7209259323
26105,"Michigan","Mason","sunflower",6.4428517397464
26105,"Michigan","Mason","wheat",1438.96806759353
26107,"Michigan","Mecosta","barley",6.09826069362705
26107,"Michigan","Mecosta","corn",6496.3010273264
26107,"Michigan","Mecosta","oats",295.975097579629
26107,"Michigan","Mecosta","soybeans",1737.21560165783
26107,"Michigan","Mecosta","sunflower",8.56119804823403
26107,"Michigan","Mecosta","wheat",700.315731612608
26109,"Michigan","Menominee","barley",200.939675814932
26109,"Michigan","Menominee","corn",6370.35132299645
26109,"Michigan","Menominee","dry peas",202.897494077115
26109,"Michigan","Menominee","oats",534.870456998877
26109,"Michigan","Menominee","soybeans",1762.19554908231
26109,"Michigan","Menominee","sunflower",1.48344040492669
26109,"Michigan","Menominee","wheat",913.877903699496
26111,"Michigan","Midland","corn",4903.47159604434
26111,"Michigan","Midland","oats",27.2645618144586
26111,"Michigan","Midland","soybeans",5785.92613189897
26111,"Michigan","Midland","sunflower",12.1770266747014
26111,"Michigan","Midland","wheat",860.646011082245
26113,"Michigan","Missaukee","barley",9.93728224302547
26113,"Michigan","Missaukee","corn",7686.38090322581
26113,"Michigan","Missaukee","oats",151.17674769211
26113,"Michigan","Missaukee","soybeans",17.9909336793373
26113,"Michigan","Missaukee","wheat",237.635071065358
26115,"Michigan","Monroe","barley",0.17004686009288
26115,"Michigan","Monroe","corn",771.162866547088
26115,"Michigan","Monroe","grain sorghum",0.0160211645206587
26115,"Michigan","Monroe","oats",1.10923200107302
26115,"Michigan","Monroe","soybeans",1075.85898080856
26115,"Michigan","Monroe","wheat",237.814935209812
26117,"Michigan","Montcalm","barley",3.41252536133473
26117,"Michigan","Montcalm","corn",11208.5962954785
26117,"Michigan","Montcalm","dry peas",28.9498220939302
26117,"Michigan","Montcalm","oats",241.373727205169
26117,"Michigan","Montcalm","soybeans",5305.03728918336
26117,"Michigan","Montcalm","sunflower",2.57215101106542
26117,"Michigan","Montcalm","wheat",2668.8555878822
26119,"Michigan","Montmorency","barley",5.8340600458779
26119,"Michigan","Montmorency","corn",347.357503310044
26119,"Michigan","Montmorency","oats",53.1140334710106
26119,"Michigan","Montmorency","soybeans",869.810317430397
26119,"Michigan","Montmorency","sunflower",0.751275661665076
26119,"Michigan","Montmorency","wheat",119.944280068347
26121,"Michigan","Muskegon","barley",0
26121,"Michigan","Muskegon","corn",0
26121,"Michigan","Muskegon","oats",0
26121,"Michigan","Muskegon","soybeans",0
26121,"Michigan","Muskegon","wheat",0
26123,"Michigan","Newaygo","barley",0
26123,"Michigan","Newaygo","corn",0
26123,"Michigan","Newaygo","oats",0
26123,"Michigan","Newaygo","safflower",0
26123,"Michigan","Newaygo","soybeans",0
26123,"Michigan","Newaygo","sunflower",0
26123,"Michigan","Newaygo","wheat",0
26125,"Michigan","Oakland","corn",0
26125,"Michigan","Oakland","oats",0
26125,"Michigan","Oakland","soybeans",0
26125,"Michigan","Oakland","wheat",0
26127,"Michigan","Oceana","corn",6919.6018410657
26127,"Michigan","Oceana","oats",234.93939906655
26127,"Michigan","Oceana","soybeans",2210.96035369958
26127,"Michigan","Oceana","sunflower",22.9007387475607
26127,"Michigan","Oceana","wheat",1215.203140651
26129,"Michigan","Ogemaw","barley",45.5168516056135
26129,"Michigan","Ogemaw","corn",2488.62078905285
26129,"Michigan","Ogemaw","oats",241.821474800504
26129,"Michigan","Ogemaw","soybeans",902.685886610137
26129,"Michigan","Ogemaw","wheat",567.586137450615
26131,"Michigan","Ontonagon","barley",0
26131,"Michigan","Ontonagon","oats",0
26131,"Michigan","Ontonagon","wheat",0
26133,"Michigan","Osceola","corn",2970.98521752491
26133,"Michigan","Osceola","oats",83.7302890925593
26133,"Michigan","Osceola","soybeans",136.680064147139
26133,"Michigan","Osceola","wheat",310.523361834256
26135,"Michigan","Oscoda","barley",0
26135,"Michigan","Oscoda","corn",0
26137,"Michigan","Otsego","barley",0
26137,"Michigan","Otsego","corn",0
26137,"Michigan","Otsego","grain sorghum",0
26137,"Michigan","Otsego","oats",0
26137,"Michigan","Otsego","soybeans",0
26137,"Michigan","Otsego","sunflower",0
26137,"Michigan","Otsego","wheat",0
26139,"Michigan","Ottawa","barley",1.35689787507589
26139,"Michigan","Ottawa","corn",1958.82018088231
26139,"Michigan","Ottawa","grain sorghum",3.58325710119649
26139,"Michigan","Ottawa","oats",11.1714674648202
26139,"Michigan","Ottawa","soybeans",1009.3602992053
26139,"Michigan","Ottawa","sunflower",0.555448052200628
26139,"Michigan","Ottawa","wheat",163.672717272694
26141,"Michigan","Presque Isle","barley",35.3781378390828
26141,"Michigan","Presque Isle","corn",2309.22704528537
26141,"Michigan","Presque Isle","dry peas",1.17221194050549
26141,"Michigan","Presque Isle","oats",722.048170467796
26141,"Michigan","Presque Isle","soybeans",3294.08356986524
26141,"Michigan","Presque Isle","sunflower",41.1688648251799
26141,"Michigan","Presque Isle","wheat",1298.86709625323
26143,"Michigan","Roscommon","corn",0
26143,"Michigan","Roscommon","oats",0
26143,"Michigan","Roscommon","wheat",0
26145,"Michigan","Saginaw","barley",1.21505230957411
26145,"Michigan","Saginaw","corn",13506.2451399543
26145,"Michigan","Saginaw","oats",64.2401193702608
26145,"Michigan","Saginaw","soybeans",17446.6733277364
26145,"Michigan","Saginaw","sunflower",19.8387665845713
26145,"Michigan","Saginaw","wheat",2930.73411689588
26151,"Michigan","Sanilac","barley",10.5877044922908
26151,"Michigan","Sanilac","corn",15702.90891153
26151,"Michigan","Sanilac","grain sorghum",20.3748286696923
26151,"Michigan","Sanilac","oats",202.209168058761
26151,"Michigan","Sanilac","soybeans",18712.8325860676
26151,"Michigan","Sanilac","sunflower",3.41491947842332
26151,"Michigan","Sanilac","wheat",6950.60100901765
26153,"Michigan","Schoolcraft","barley",8.5777093119639
26153,"Michigan","Schoolcraft","corn",24.2936718201501
26153,"Michigan","Schoolcraft","dry peas",11.8301493183281
26153,"Michigan","Schoolcraft","oats",26.2937319124063
26153,"Michigan","Schoolcraft","soybeans",28.0876646372533
26155,"Michigan","Shiawassee","barley",0.901232509303068
26155,"Michigan","Shiawassee","canola",7.45519158216116
26155,"Michigan","Shiawassee","corn",3927.54515495283
26155,"Michigan","Shiawassee","oats",51.3734279086103
26155,"Michigan","Shiawassee","soybeans",6737.18635253771
26155,"Michigan","Shiawassee","sunflower",23.6600592314232
26155,"Michigan","Shiawassee","wheat",1418.409294537
26147,"Michigan","St. Clair","barley",0.33787656027895
26147,"Michigan","St. Clair","corn",1035.98546091624
26147,"Michigan","St. Clair","grain sorghum",1.07343951884328
26147,"Michigan","St. Clair","oats",11.6161294691283
26147,"Michigan","St. Clair","soybeans",2534.22213829472
26147,"Michigan","St. Clair","wheat",396.499614221069
26149,"Michigan","St. Joseph","barley",9.03719904322787
26149,"Michigan","St. Joseph","corn",6241.68255767582
26149,"Michigan","St. Joseph","grain sorghum",60.0245189082871
26149,"Michigan","St. Joseph","oats",24.5449632763382
26149,"Michigan","St. Joseph","soybeans",4392.52765709976
26149,"Michigan","St. Joseph","sunflower",9.20434009293516
26149,"Michigan","St. Joseph","wheat",299.900247065093
26157,"Michigan","Tuscola","barley",10.6251531588469
26157,"Michigan","Tuscola","canola",13.7314824117485
26157,"Michigan","Tuscola","corn",13302.7676129438
26157,"Michigan","Tuscola","dry peas",10.5207715649039
26157,"Michigan","Tuscola","grain sorghum",37.2766208632302
26157,"Michigan","Tuscola","oats",67.4547351479967
26157,"Michigan","Tuscola","rice_long grain",7.60087788621057
26157,"Michigan","Tuscola","soybeans",12047.6625626928
26157,"Michigan","Tuscola","sunflower",2.53530053309601
26157,"Michigan","Tuscola","wheat",5222.2468691485
26159,"Michigan","Van Buren","barley",1.10997587447867
26159,"Michigan","Van Buren","corn",5869.74980489035
26159,"Michigan","Van Buren","grain sorghum",22.0618154616308
26159,"Michigan","Van Buren","oats",6.62307278274705
26159,"Michigan","Van Buren","soybeans",2981.65118993842
26159,"Michigan","Van Buren","sunflower",0.761076554101223
26159,"Michigan","Van Buren","wheat",206.364671112845
26161,"Michigan","Washtenaw","barley",0.136414046429613
26161,"Michigan","Washtenaw","corn",296.555031924838
26161,"Michigan","Washtenaw","grain sorghum",0.235400848578921
26161,"Michigan","Washtenaw","oats",2.30590500928686
26161,"Michigan","Washtenaw","soybeans",385.334421395955
26161,"Michigan","Washtenaw","sunflower",0.119412650211864
26161,"Michigan","Washtenaw","wheat",87.5835386567757
26163,"Michigan","Wayne","corn",0
26163,"Michigan","Wayne","oats",0
26163,"Michigan","Wayne","soybeans",0
26163,"Michigan","Wayne","wheat",0
26165,"Michigan","Wexford","corn",2509.72876804189
26165,"Michigan","Wexford","oats",95.9465615941792
26165,"Michigan","Wexford","soybeans",114.859418973887
26165,"Michigan","Wexford","wheat",176.719746402702
27001,"Minnesota","Aitkin","barley",27.6857768783666
27001,"Minnesota","Aitkin","canola",15.1019178741799
27001,"Minnesota","Aitkin","corn",1332.65530672435
27001,"Minnesota","Aitkin","oats",221.505521064271
27001,"Minnesota","Aitkin","soybeans",3548.38347066857
27001,"Minnesota","Aitkin","sunflower",0.919335111352036
27001,"Minnesota","Aitkin","wheat",23.7510226017798
27003,"Minnesota","Anoka","corn",0
27003,"Minnesota","Anoka","dry peas",0
27003,"Minnesota","Anoka","oats",0
27003,"Minnesota","Anoka","soybeans",0
27003,"Minnesota","Anoka","wheat",0
27005,"Minnesota","Becker","barley",157.267638415026
27005,"Minnesota","Becker","canola",8.48794669476248
27005,"Minnesota","Becker","corn",11864.6054151877
27005,"Minnesota","Becker","dry peas",55.9743567200506
27005,"Minnesota","Becker","flaxseed",4.86163287428101
27005,"Minnesota","Becker","grain sorghum",1.73181903015517
27005,"Minnesota","Becker","oats",338.226290036307
27005,"Minnesota","Becker","soybeans",12490.2879072344
27005,"Minnesota","Becker","sunflower",87.049493806741
27005,"Minnesota","Becker","wheat",4233.3218130762
27007,"Minnesota","Beltrami","barley",222.817677532908
27007,"Minnesota","Beltrami","canola",881.091738664383
27007,"Minnesota","Beltrami","corn",3381.50967534353
27007,"Minnesota","Beltrami","dry peas",5.90599552945198
27007,"Minnesota","Beltrami","oats",1444.01511843358
27007,"Minnesota","Beltrami","soybeans",12337.2800789095
27007,"Minnesota","Beltrami","sunflower",11.8947853887561
27007,"Minnesota","Beltrami","wheat",7765.48126877524
27009,"Minnesota","Benton","barley",77.512874127997
27009,"Minnesota","Benton","corn",8552.18449654237
27009,"Minnesota","Benton","dry peas",36.4870298613757
27009,"Minnesota","Benton","grain sorghum",0.19854016945918
27009,"Minnesota","Benton","oats",184.536262693983
27009,"Minnesota","Benton","soybeans",5218.56475933653
27009,"Minnesota","Benton","sunflower",0.576490335799443
27009,"Minnesota","Benton","wheat",137.363428649497
27011,"Minnesota","Big Stone","barley",1.7868747835833
27011,"Minnesota","Big Stone","corn",2226.64734248826
27011,"Minnesota","Big Stone","dry peas",1.36650177876105
27011,"Minnesota","Big Stone","grain sorghum",1.39321418641366
27011,"Minnesota","Big Stone","oats",5.75033212921487
27011,"Minnesota","Big Stone","soybeans",2368.60649558008
27011,"Minnesota","Big Stone","wheat",80.3983869249242
27013,"Minnesota","Blue Earth","barley",0.99297186070441
27013,"Minnesota","Blue Earth","corn",3634.91174700943
27013,"Minnesota","Blue Earth","grain sorghum",0.0099983867728045
27013,"Minnesota","Blue Earth","oats",9.92654930708593
27013,"Minnesota","Blue Earth","soybeans",3171.12270181044
27013,"Minnesota","Blue Earth","sunflower",0.04024507883393
27013,"Minnesota","Blue Earth","wheat",6.12387984417783
27015,"Minnesota","Brown","barley",10.3356546010865
27015,"Minnesota","Brown","canola",2.40026202310877
27015,"Minnesota","Brown","corn",10700.8725961973
27015,"Minnesota","Brown","grain sorghum",0.23661530364646
27015,"Minnesota","Brown","oats",85.3122604281948
27015,"Minnesota","Brown","soybeans",8297.49515931211
27015,"Minnesota","Brown","sunflower",0.0757977480981718
27015,"Minnesota","Brown","wheat",64.924561133489
27017,"Minnesota","Carlton","barley",0
27017,"Minnesota","Carlton","corn",0
27017,"Minnesota","Carlton","oats",0
27017,"Minnesota","Carlton","soybeans",0
27017,"Minnesota","Carlton","wheat",0
27019,"Minnesota","Carver","barley",7.23180500620249
27019,"Minnesota","Carver","corn",4332.57299611288
27019,"Minnesota","Carver","grain sorghum",5.31202759435021
27019,"Minnesota","Carver","oats",52.9105306479311
27019,"Minnesota","Carver","soybeans",3447.64148322868
27019,"Minnesota","Carver","wheat",59.5748074413353
27021,"Minnesota","Cass","barley",46.1896895814054
27021,"Minnesota","Cass","corn",2908.57184317527
27021,"Minnesota","Cass","dry peas",76.8951573439539
27021,"Minnesota","Cass","grain sorghum",6.00293007348065
27021,"Minnesota","Cass","oats",309.304132803821
27021,"Minnesota","Cass","soybeans",870.835507598221
27021,"Minnesota","Cass","wheat",275.001964225553
27023,"Minnesota","Chippewa","barley",1.5170986325698
27023,"Minnesota","Chippewa","corn",15115.1364563059
27023,"Minnesota","Chippewa","dry peas",8.34354441654933
27023,"Minnesota","Chippewa","flaxseed",0.0119535020294403
27023,"Minnesota","Chippewa","oats",20.2894758947043
27023,"Minnesota","Chippewa","soybeans",9578.74361075884
27023,"Minnesota","Chippewa","sunflower",4.44072600393707
27023,"Minnesota","Chippewa","wheat",114.055335739074
27025,"Minnesota","Chisago","barley",1.59342546053296
27025,"Minnesota","Chisago","corn",3227.77906069645
27025,"Minnesota","Chisago","grain sorghum",2.99778744283662
27025,"Minnesota","Chisago","oats",95.7638347391036
27025,"Minnesota","Chisago","soybeans",2789.13123582428
27025,"Minnesota","Chisago","sunflower",2.08836526784075
27025,"Minnesota","Chisago","wheat",36.1071359844466
27027,"Minnesota","Clay","barley",158.025672199972
27027,"Minnesota","Clay","canola",87.0828081581686
27027,"Minnesota","Clay","corn",21853.4931232433
27027,"Minnesota","Clay","dry peas",0.682272495355452
27027,"Minnesota","Clay","flaxseed",15.815818103908
27027,"Minnesota","Clay","grain sorghum",0.191412999482508
27027,"Minnesota","Clay","oats",181.968835218441
27027,"Minnesota","Clay","soybeans",24860.3984926882
27027,"Minnesota","Clay","sunflower",1050.00443083328
27027,"Minnesota","Clay","wheat",9526.87121792697
27029,"Minnesota","Clearwater","barley",107.418757379249
27029,"Minnesota","Clearwater","canola",129.01578817916
27029,"Minnesota","Clearwater","corn",4249.6906936606
27029,"Minnesota","Clearwater","grain sorghum",33.1224998786632
27029,"Minnesota","Clearwater","oats",947.947597149228
27029,"Minnesota","Clearwater","soybeans",9134.95235453786
27029,"Minnesota","Clearwater","sunflower",87.5995566321797
27029,"Minnesota","Clearwater","wheat",3972.87160097766
27033,"Minnesota","Cottonwood","barley",0.140668696010818
27033,"Minnesota","Cottonwood","corn",1855.17637542979
27033,"Minnesota","Cottonwood","grain sorghum",0.0328741037994121
27033,"Minnesota","Cottonwood","oats",3.23552205684547
27033,"Minnesota","Cottonwood","soybeans",1606.45842451274
27033,"Minnesota","Cottonwood","wheat",9.10767914067211
27035,"Minnesota","Crow Wing","barley",10.5008527646017
27035,"Minnesota","Crow Wing","corn",2031.19809670822
27035,"Minnesota","Crow Wing","dry peas",77.711801331557
27035,"Minnesota","Crow Wing","grain sorghum",40.4060761028907
27035,"Minnesota","Crow Wing","oats",366.229749615202
27035,"Minnesota","Crow Wing","soybeans",683.848884659278
27035,"Minnesota","Crow Wing","sunflower",70.7862157180641
27035,"Minnesota","Crow Wing","wheat",34.3250443999691
27037,"Minnesota","Dakota","barley",15.418008411657
27037,"Minnesota","Dakota","canola",0.358672502704719
27037,"Minnesota","Dakota","corn",7317.34556988155
27037,"Minnesota","Dakota","oats",71.6497666668761
27037,"Minnesota","Dakota","peanuts",0.0419286151904818
27037,"Minnesota","Dakota","soybeans",3659.41542487359
27037,"Minnesota","Dakota","sunflower",1.92886658053704
27037,"Minnesota","Dakota","wheat",63.2856842043619
27039,"Minnesota","Dodge","barley",9.80563027986455
27039,"Minnesota","Dodge","corn",6432.07883130498
27039,"Minnesota","Dodge","oats",49.5817481099889
27039,"Minnesota","Dodge","soybeans",4620.26814660652
27039,"Minnesota","Dodge","sunflower",0.606957162642558
27039,"Minnesota","Dodge","wheat",4.8391169993149
27041,"Minnesota","Douglas","barley",7.43081212126385
27041,"Minnesota","Douglas","corn",8371.77608820696
27041,"Minnesota","Douglas","grain sorghum",3.51476810504562
27041,"Minnesota","Douglas","oats",295.323868792318
27041,"Minnesota","Douglas","soybeans",8464.0619468613
27041,"Minnesota","Douglas","sunflower",26.5907540027696
27041,"Minnesota","Douglas","wheat",897.228824133235
27111,"Minnesota","East Otter Tail","barley",1776.9123830771
27111,"Minnesota","East Otter Tail","corn",73665.7526153049
27111,"Minnesota","East Otter Tail","dry peas",159.907086708865
27111,"Minnesota","East Otter Tail","grain sorghum",11.5956197526133
27111,"Minnesota","East Otter Tail","oats",6411.07467027313
27111,"Minnesota","East Otter Tail","soybeans",37737.8320190029
27111,"Minnesota","East Otter Tail","sunflower",404.153885982933
27111,"Minnesota","East Otter Tail","wheat",5627.17005459266
27119,"Minnesota","East Polk","barley",334.396648147948
27119,"Minnesota","East Polk","canola",353.934575626314
27119,"Minnesota","East Polk","corn",33197.1479851634
27119,"Minnesota","East Polk","dry peas",810.757407062111
27119,"Minnesota","East Polk","grain sorghum",105.875967543767
27119,"Minnesota","East Polk","lentils",2.77430375326326
27119,"Minnesota","East Polk","oats",2357.72113072864
27119,"Minnesota","East Polk","soybeans",87651.3476588079
27119,"Minnesota","East Polk","sunflower",2210.00354079412
27119,"Minnesota","East Polk","wheat",53959.5933859851
27043,"Minnesota","Faribault","barley",0.614865037302524
27043,"Minnesota","Faribault","corn",5050.63836767282
27043,"Minnesota","Faribault","dry peas",1.8585783329172
27043,"Minnesota","Faribault","oats",20.569367691044
27043,"Minnesota","Faribault","soybeans",4195.24140044629
27043,"Minnesota","Faribault","wheat",0.495858901050423
27045,"Minnesota","Fillmore","barley",59.0688947092677
27045,"Minnesota","Fillmore","corn",21712.6822690659
27045,"Minnesota","Fillmore","oats",687.315603185474
27045,"Minnesota","Fillmore","soybeans",11927.2324676158
27045,"Minnesota","Fillmore","wheat",47.5822672379405
27047,"Minnesota","Freeborn","barley",4.02770761846431
27047,"Minnesota","Freeborn","corn",8332.11005162848
27047,"Minnesota","Freeborn","dry peas",2.55412112676024
27047,"Minnesota","Freeborn","oats",45.4531538906542
27047,"Minnesota","Freeborn","soybeans",6536.60147086171
27047,"Minnesota","Freeborn","wheat",6.10536970952477
27049,"Minnesota","Goodhue","barley",62.8819130386187
27049,"Minnesota","Goodhue","canola",0.706601863522774
27049,"Minnesota","Goodhue","corn",22277.7677189297
27049,"Minnesota","Goodhue","dry peas",32.1949007076881
27049,"Minnesota","Goodhue","grain sorghum",5.5383454062915
27049,"Minnesota","Goodhue","oats",422.185568951004
27049,"Minnesota","Goodhue","soybeans",12841.8330016767
27049,"Minnesota","Goodhue","sunflower",3.45245670517227
27049,"Minnesota","Goodhue","wheat",58.5772944860379
27051,"Minnesota","Grant","barley",10.3893225388757
27051,"Minnesota","Grant","corn",8721.64480708177
27051,"Minnesota","Grant","oats",9.69027511430682
27051,"Minnesota","Grant","soybeans",6211.96622256855
27051,"Minnesota","Grant","sunflower",33.5784877914967
27051,"Minnesota","Grant","wheat",538.915771060958
27053,"Minnesota","Hennepin","corn",1806.02689788038
27053,"Minnesota","Hennepin","grain sorghum",0.666954136315338
27053,"Minnesota","Hennepin","oats",40.6778662509406
27053,"Minnesota","Hennepin","soybeans",1728.12852223033
27053,"Minnesota","Hennepin","sunflower",0.0411844179174721
27053,"Minnesota","Hennepin","wheat",62.5079420866779
27055,"Minnesota","Houston","barley",41.3449621056573
27055,"Minnesota","Houston","corn",12453.7877500043
27055,"Minnesota","Houston","grain sorghum",1.70524199575284
27055,"Minnesota","Houston","oats",673.036524522264
27055,"Minnesota","Houston","soybeans",6317.00068180039
27055,"Minnesota","Houston","sunflower",0.408930934233295
27055,"Minnesota","Houston","wheat",98.0424182752353
27057,"Minnesota","Hubbard","barley",57.6626447335387
27057,"Minnesota","Hubbard","canola",16.2625540699788
27057,"Minnesota","Hubbard","corn",2734.79282724177
27057,"Minnesota","Hubbard","dry peas",145.73534868076
27057,"Minnesota","Hubbard","oats",309.587057431735
27057,"Minnesota","Hubbard","soybeans",510.604756664769
27057,"Minnesota","Hubbard","sunflower",57.5680442310733
27057,"Minnesota","Hubbard","wheat",367.669582856986
27059,"Minnesota","Isanti","barley",0.119043287426691
27059,"Minnesota","Isanti","corn",86.2477092378615
27059,"Minnesota","Isanti","grain sorghum",0.239787037024506
27059,"Minnesota","Isanti","oats",1.54692848056033
27059,"Minnesota","Isanti","soybeans",69.6557804004272
27059,"Minnesota","Isanti","sunflower",0.0101152894423746
27059,"Minnesota","Isanti","wheat",1.84300573640065
27061,"Minnesota","Itasca","corn",589.287132509844
27061,"Minnesota","Itasca","oats",196.858719163891
27061,"Minnesota","Itasca","soybeans",1808.75737858572
27061,"Minnesota","Itasca","wheat",644.012664901709
27063,"Minnesota","Jackson","barley",1.45449742101742
27063,"Minnesota","Jackson","corn",2516.04660840947
27063,"Minnesota","Jackson","grain sorghum",0.0346028440918298
27063,"Minnesota","Jackson","oats",6.4343914965685
27063,"Minnesota","Jackson","soybeans",2249.85131674615
27063,"Minnesota","Jackson","wheat",2.27763282119677
27065,"Minnesota","Kanabec","barley",24.6362467779982
27065,"Minnesota","Kanabec","corn",1769.12417796757
27065,"Minnesota","Kanabec","grain sorghum",7.50488631817409
27065,"Minnesota","Kanabec","oats",102.751511560603
27065,"Minnesota","Kanabec","soybeans",1747.46912736363
27065,"Minnesota","Kanabec","sunflower",10.7331435466145
27065,"Minnesota","Kanabec","wheat",60.0504056804513
27067,"Minnesota","Kandiyohi","barley",5.81811644709486
27067,"Minnesota","Kandiyohi","corn",20446.3357465446
27067,"Minnesota","Kandiyohi","dry peas",54.2250362600766
27067,"Minnesota","Kandiyohi","grain sorghum",1.15121003451082
27067,"Minnesota","Kandiyohi","oats",133.579036066623
27067,"Minnesota","Kandiyohi","rapeseed",0.0656470211488804
27067,"Minnesota","Kandiyohi","soybeans",12378.8830827441
27067,"Minnesota","Kandiyohi","sunflower",0.0596791101353458
27067,"Minnesota","Kandiyohi","wheat",132.635389977163
27069,"Minnesota","Kittson","barley",0
27069,"Minnesota","Kittson","canola",0
27069,"Minnesota","Kittson","corn",0
27069,"Minnesota","Kittson","dry peas",0
27069,"Minnesota","Kittson","flaxseed",0
27069,"Minnesota","Kittson","oats",0
27069,"Minnesota","Kittson","soybeans",0
27069,"Minnesota","Kittson","sunflower",0
27069,"Minnesota","Kittson","wheat",0
27071,"Minnesota","Koochiching","barley",0.568188222224058
27071,"Minnesota","Koochiching","canola",1.95405908073908
27071,"Minnesota","Koochiching","corn",23.444943015449
27071,"Minnesota","Koochiching","flaxseed",0.470744177484721
27071,"Minnesota","Koochiching","oats",6.05910522313167
27071,"Minnesota","Koochiching","soybeans",52.9642433653803
27071,"Minnesota","Koochiching","sunflower",2.19313435701098
27071,"Minnesota","Koochiching","wheat",11.6439827618652
27073,"Minnesota","Lac qui Parle","barley",2.54485257452348
27073,"Minnesota","Lac qui Parle","corn",6595.41913295168
27073,"Minnesota","Lac qui Parle","dry peas",18.4958325283346
27073,"Minnesota","Lac qui Parle","grain sorghum",0.167607057729777
27073,"Minnesota","Lac qui Parle","oats",30.0153118725593
27073,"Minnesota","Lac qui Parle","soybeans",6208.7633218056
27073,"Minnesota","Lac qui Parle","sunflower",9.39077597109135
27073,"Minnesota","Lac qui Parle","wheat",86.054037948768
27077,"Minnesota","Lake of the Woods","barley",279.220785610857
27077,"Minnesota","Lake of the Woods","canola",235.134233673463
27077,"Minnesota","Lake of the Woods","corn",106.305139129571
27077,"Minnesota","Lake of the Woods","flaxseed",21.7293833959413
27077,"Minnesota","Lake of the Woods","oats",373.858007747614
27077,"Minnesota","Lake of the Woods","soybeans",2787.74397288709
27077,"Minnesota","Lake of the Woods","sunflower",340.625320850662
27077,"Minnesota","Lake of the Woods","wheat",1332.56996234399
27079,"Minnesota","Le Sueur","barley",3.67336208368808
27079,"Minnesota","Le Sueur","corn",4364.33157744834
27079,"Minnesota","Le Sueur","dry peas",1.42480246514733
27079,"Minnesota","Le Sueur","oats",35.9495952301153
27079,"Minnesota","Le Sueur","soybeans",4064.16384340057
27079,"Minnesota","Le Sueur","sunflower",0.0284345691534256
27079,"Minnesota","Le Sueur","wheat",43.2313041393731
27081,"Minnesota","Lincoln","barley",12.3444283275706
27081,"Minnesota","Lincoln","corn",10424.9869528346
27081,"Minnesota","Lincoln","dry peas",5.55565381996985
27081,"Minnesota","Lincoln","grain sorghum",0.386066376827986
27081,"Minnesota","Lincoln","oats",139.120693607124
27081,"Minnesota","Lincoln","soybeans",7952.64713910696
27081,"Minnesota","Lincoln","sunflower",9.63491224910208
27081,"Minnesota","Lincoln","wheat",254.333653899621
27083,"Minnesota","Lyon","barley",3.10901581007572
27083,"Minnesota","Lyon","corn",6646.08695207676
27083,"Minnesota","Lyon","dry peas",13.5448958182352
27083,"Minnesota","Lyon","oats",26.9821819199868
27083,"Minnesota","Lyon","soybeans",5216.47629204974
27083,"Minnesota","Lyon","sunflower",0.530271270451594
27083,"Minnesota","Lyon","wheat",63.0153166953856
27087,"Minnesota","Mahnomen","barley",170.248399430164
27087,"Minnesota","Mahnomen","corn",5239.37650417943
27087,"Minnesota","Mahnomen","dry peas",86.4053295745691
27087,"Minnesota","Mahnomen","flaxseed",3.99650413751454
27087,"Minnesota","Mahnomen","oats",238.214399633488
27087,"Minnesota","Mahnomen","soybeans",6587.43589608564
27087,"Minnesota","Mahnomen","sunflower",124.516667590552
27087,"Minnesota","Mahnomen","wheat",3943.58833480804
27089,"Minnesota","Marshall","barley",840.961671340343
27089,"Minnesota","Marshall","canola",1051.96021576039
27089,"Minnesota","Marshall","corn",4150.2235883467
27089,"Minnesota","Marshall","dry peas",3.82067100566907
27089,"Minnesota","Marshall","flaxseed",32.3503647934762
27089,"Minnesota","Marshall","oats",484.503439373878
27089,"Minnesota","Marshall","soybeans",20478.217784661
27089,"Minnesota","Marshall","sunflower",1099.94369444661
27089,"Minnesota","Marshall","wheat",19621.1290782938
27091,"Minnesota","Martin","barley",0
27091,"Minnesota","Martin","corn",0
27091,"Minnesota","Martin","oats",0
27091,"Minnesota","Martin","soybeans",0
27091,"Minnesota","Martin","wheat",0
27085,"Minnesota","McLeod","barley",2.95083092219764
27085,"Minnesota","McLeod","corn",5979.88894400496
27085,"Minnesota","McLeod","dry peas",3.99064336744136
27085,"Minnesota","McLeod","grain sorghum",2.08817184335678
27085,"Minnesota","McLeod","oats",29.8100512834466
27085,"Minnesota","McLeod","soybeans",4596.59041603922
27085,"Minnesota","McLeod","sunflower",0.0546713403156639
27085,"Minnesota","McLeod","wheat",73.641912705817
27093,"Minnesota","Meeker","barley",18.9928311823788
27093,"Minnesota","Meeker","canola",2.2330808771642
27093,"Minnesota","Meeker","corn",6379.90485022762
27093,"Minnesota","Meeker","grain sorghum",0.059585266979412
27093,"Minnesota","Meeker","oats",68.213432299561
27093,"Minnesota","Meeker","soybeans",5031.05989979287
27093,"Minnesota","Meeker","sunflower",0.183675685367729
27093,"Minnesota","Meeker","wheat",72.3976300106969
27095,"Minnesota","Mille Lacs","barley",2.28819088391862
27095,"Minnesota","Mille Lacs","corn",1989.38455288674
27095,"Minnesota","Mille Lacs","oats",73.9631617659163
27095,"Minnesota","Mille Lacs","soybeans",1625.03244993739
27095,"Minnesota","Mille Lacs","sunflower",4.70746373898683
27095,"Minnesota","Mille Lacs","wheat",50.6586507782624
27097,"Minnesota","Morrison","barley",97.8268085694281
27097,"Minnesota","Morrison","corn",24294.4494457808
27097,"Minnesota","Morrison","dry peas",25.3470157851934
27097,"Minnesota","Morrison","grain sorghum",60.8915373631694
27097,"Minnesota","Morrison","oats",874.538081502715
27097,"Minnesota","Morrison","soybeans",7920.2358226117
27097,"Minnesota","Morrison","sunflower",65.8314653679597
27097,"Minnesota","Morrison","wheat",283.004403118103
27099,"Minnesota","Mower","barley",27.2436209583715
27099,"Minnesota","Mower","corn",11525.3255398774
27099,"Minnesota","Mower","oats",55.0418294825171
27099,"Minnesota","Mower","soybeans",8285.2678986287
27099,"Minnesota","Mower","sunflower",2.39196028368695
27099,"Minnesota","Mower","wheat",7.5057837310965
27101,"Minnesota","Murray","barley",3.30436266123823
27101,"Minnesota","Murray","corn",5450.30946979828
27101,"Minnesota","Murray","dry peas",4.02945068937599
27101,"Minnesota","Murray","grain sorghum",0.140933912332742
27101,"Minnesota","Murray","oats",53.6180599494133
27101,"Minnesota","Murray","soybeans",4842.95201403916
27101,"Minnesota","Murray","wheat",21.7906494126547
27103,"Minnesota","Nicollet","barley",4.57263971462548
27103,"Minnesota","Nicollet","corn",2642.59092063507
27103,"Minnesota","Nicollet","grain sorghum",0.177121449125647
27103,"Minnesota","Nicollet","oats",14.2027274199507
27103,"Minnesota","Nicollet","soybeans",1958.46684858121
27103,"Minnesota","Nicollet","sunflower",0.00813040459969945
27103,"Minnesota","Nicollet","wheat",9.3220170238429
27105,"Minnesota","Nobles","barley",0.550991418153745
27105,"Minnesota","Nobles","corn",5585.06675097936
27105,"Minnesota","Nobles","flaxseed",0.129377152755176
27105,"Minnesota","Nobles","grain sorghum",1.00339744590805
27105,"Minnesota","Nobles","oats",32.4795959902315
27105,"Minnesota","Nobles","soybeans",4337.50371220805
27105,"Minnesota","Nobles","wheat",20.2590648482109
27107,"Minnesota","Norman","barley",540.360805650184
27107,"Minnesota","Norman","corn",13806.2126196462
27107,"Minnesota","Norman","dry peas",8.0832572649866
27107,"Minnesota","Norman","flaxseed",13.7151959965495
27107,"Minnesota","Norman","oats",183.740884839181
27107,"Minnesota","Norman","rapeseed",8.98638939965158
27107,"Minnesota","Norman","soybeans",20057.0461234306
27107,"Minnesota","Norman","sunflower",533.437017277488
27107,"Minnesota","Norman","wheat",11944.1685956841
27137,"Minnesota","North St. Louis","barley",93.6486514162592
27137,"Minnesota","North St. Louis","corn",27.6751196822651
27137,"Minnesota","North St. Louis","oats",565.078500849541
27137,"Minnesota","North St. Louis","soybeans",631.511637249687
27137,"Minnesota","North St. Louis","sunflower",14.8852608005326
27137,"Minnesota","North St. Louis","wheat",45.668889461395
27109,"Minnesota","Olmsted","barley",22.3883818609995
27109,"Minnesota","Olmsted","corn",18794.3088804424
27109,"Minnesota","Olmsted","dry peas",5.82904934595957
27109,"Minnesota","Olmsted","grain sorghum",11.1622771370167
27109,"Minnesota","Olmsted","oats",303.689242598543
27109,"Minnesota","Olmsted","soybeans",11328.3056676493
27109,"Minnesota","Olmsted","sunflower",3.21201760592124
27109,"Minnesota","Olmsted","wheat",31.5581107310865
27113,"Minnesota","Pennington","barley",535.537485193178
27113,"Minnesota","Pennington","canola",517.588144428365
27113,"Minnesota","Pennington","corn",1646.09019974521
27113,"Minnesota","Pennington","dry peas",54.9372254616148
27113,"Minnesota","Pennington","oats",569.738005584552
27113,"Minnesota","Pennington","soybeans",10196.3341792619
27113,"Minnesota","Pennington","sunflower",325.091921535204
27113,"Minnesota","Pennington","wheat",8625.88030261224
27115,"Minnesota","Pine","barley",38.4651048312507
27115,"Minnesota","Pine","corn",2282.53113021243
27115,"Minnesota","Pine","dry peas",3.95312696174892
27115,"Minnesota","Pine","grain sorghum",9.61013554612186
27115,"Minnesota","Pine","oats",109.751256017697
27115,"Minnesota","Pine","soybeans",2204.57318049823
27115,"Minnesota","Pine","sunflower",0.350605436472144
27115,"Minnesota","Pine","wheat",31.5972915184368
27117,"Minnesota","Pipestone","barley",10.4927934768101
27117,"Minnesota","Pipestone","corn",7498.59103801716
27117,"Minnesota","Pipestone","grain sorghum",2.91275653537941
27117,"Minnesota","Pipestone","oats",108.136677293642
27117,"Minnesota","Pipestone","soybeans",5539.16125282806
27117,"Minnesota","Pipestone","sunflower",9.49923554085846
27117,"Minnesota","Pipestone","wheat",43.9687647515632
27121,"Minnesota","Pope","barley",10.178129662598
27121,"Minnesota","Pope","canola",39.1468228994222
27121,"Minnesota","Pope","corn",11912.6634439557
27121,"Minnesota","Pope","dry peas",31.0758495409935
27121,"Minnesota","Pope","oats",193.078189583196
27121,"Minnesota","Pope","soybeans",8721.31465300454
27121,"Minnesota","Pope","sunflower",5.45834314314368
27121,"Minnesota","Pope","wheat",468.165618078357
27125,"Minnesota","Red Lake","barley",269.251363118647
27125,"Minnesota","Red Lake","canola",31.4941202391197
27125,"Minnesota","Red Lake","corn",3322.25976735057
27125,"Minnesota","Red Lake","dry peas",32.2987478635728
27125,"Minnesota","Red Lake","oats",187.50613299774
27125,"Minnesota","Red Lake","soybeans",9720.69617514955
27125,"Minnesota","Red Lake","sunflower",150.251321197769
27125,"Minnesota","Red Lake","wheat",7834.70661620593
27127,"Minnesota","Redwood","barley",0.245434198117327
27127,"Minnesota","Redwood","corn",7889.88261058106
27127,"Minnesota","Redwood","dry peas",2.49129694046657
27127,"Minnesota","Redwood","flaxseed",0.116524646420326
27127,"Minnesota","Redwood","oats",19.1980014746028
27127,"Minnesota","Redwood","soybeans",6708.20064463501
27127,"Minnesota","Redwood","sunflower",1.74620505849889
27127,"Minnesota","Redwood","wheat",27.3037888071618
27129,"Minnesota","Renville","barley",13.2439787318707
27129,"Minnesota","Renville","corn",35950.2054871838
27129,"Minnesota","Renville","dry peas",24.4717500366474
27129,"Minnesota","Renville","oats",74.041383927119
27129,"Minnesota","Renville","soybeans",24682.4808143875
27129,"Minnesota","Renville","sunflower",15.0785649501449
27129,"Minnesota","Renville","wheat",216.34831466196
27131,"Minnesota","Rice","barley",11.8948073116313
27131,"Minnesota","Rice","corn",6216.90325796666
27131,"Minnesota","Rice","dry peas",2.68119687894822
27131,"Minnesota","Rice","grain sorghum",3.00502053961461
27131,"Minnesota","Rice","mustard",0.0393946059204852
27131,"Minnesota","Rice","oats",106.68468987169
27131,"Minnesota","Rice","soybeans",5150.8318026727
27131,"Minnesota","Rice","wheat",28.1187666570766
27133,"Minnesota","Rock","barley",0.385741794420329
27133,"Minnesota","Rock","corn",4287.07022119282
27133,"Minnesota","Rock","oats",28.4726869224934
27133,"Minnesota","Rock","soybeans",3112.16763789716
27133,"Minnesota","Rock","wheat",2.39521604650247
27135,"Minnesota","Roseau","barley",301.769254155311
27135,"Minnesota","Roseau","canola",898.408045799762
27135,"Minnesota","Roseau","corn",979.218467827171
27135,"Minnesota","Roseau","flaxseed",103.829923592206
27135,"Minnesota","Roseau","oats",412.541618664558
27135,"Minnesota","Roseau","soybeans",10093.8788526762
27135,"Minnesota","Roseau","sunflower",573.359196833127
27135,"Minnesota","Roseau","wheat",7319.83646760226
27139,"Minnesota","Scott","barley",7.57306311698958
27139,"Minnesota","Scott","corn",1416.89227918415
27139,"Minnesota","Scott","oats",47.4511012382311
27139,"Minnesota","Scott","soybeans",1294.62492752048
27139,"Minnesota","Scott","wheat",27.0922736335978
27141,"Minnesota","Sherburne","corn",3158.79401046998
27141,"Minnesota","Sherburne","dry peas",7.55645739788124
27141,"Minnesota","Sherburne","grain sorghum",0.380309910178609
27141,"Minnesota","Sherburne","mustard",0.00518133392613909
27141,"Minnesota","Sherburne","oats",43.1652784319506
27141,"Minnesota","Sherburne","peanuts",0.0911914771000479
27141,"Minnesota","Sherburne","soybeans",1996.51531887825
27141,"Minnesota","Sherburne","sunflower",0.0207253357045563
27141,"Minnesota","Sherburne","wheat",35.4991840081923
27143,"Minnesota","Sibley","barley",8.55033769116423
27143,"Minnesota","Sibley","canola",1.82694574707236
27143,"Minnesota","Sibley","corn",10564.8721431922
27143,"Minnesota","Sibley","grain sorghum",7.21345632948773
27143,"Minnesota","Sibley","oats",44.8659324585635
27143,"Minnesota","Sibley","soybeans",7781.4531591409
27143,"Minnesota","Sibley","wheat",51.8468530683096
27138,"Minnesota","South St. Louis","barley",38.5559789949985
27138,"Minnesota","South St. Louis","corn",251.570051746566
27138,"Minnesota","South St. Louis","oats",355.650631844265
27138,"Minnesota","South St. Louis","wheat",109.807428177756
27145,"Minnesota","Stearns","barley",441.983876590744
27145,"Minnesota","Stearns","canola",0.18446831811793
27145,"Minnesota","Stearns","corn",39977.640527684
27145,"Minnesota","Stearns","dry peas",89.0022741255391
27145,"Minnesota","Stearns","grain sorghum",9.37529482114695
27145,"Minnesota","Stearns","oats",2523.33990991535
27145,"Minnesota","Stearns","safflower",1.47574654494344
27145,"Minnesota","Stearns","soybeans",18296.5393117805
27145,"Minnesota","Stearns","sunflower",4.0822838799498
27145,"Minnesota","Stearns","wheat",573.373096385103
27147,"Minnesota","Steele","barley",3.16852856855551
27147,"Minnesota","Steele","corn",8042.9613291602
27147,"Minnesota","Steele","dry peas",51.4386352778395
27147,"Minnesota","Steele","flaxseed",2.11818916696375
27147,"Minnesota","Steele","grain sorghum",1.90001568276649
27147,"Minnesota","Steele","oats",58.6697447591731
27147,"Minnesota","Steele","soybeans",5982.56822453056
27147,"Minnesota","Steele","wheat",29.5062338831939
27149,"Minnesota","Stevens","barley",9.48848261813915
27149,"Minnesota","Stevens","corn",5241.52191293285
27149,"Minnesota","Stevens","oats",12.4077830559009
27149,"Minnesota","Stevens","soybeans",3429.80860486607
27149,"Minnesota","Stevens","sunflower",8.71085630501828
27149,"Minnesota","Stevens","wheat",124.814203998944
27151,"Minnesota","Swift","barley",3.5153361422353
27151,"Minnesota","Swift","corn",10555.4524821627
27151,"Minnesota","Swift","grain sorghum",1.10192649399234
27151,"Minnesota","Swift","oats",46.9305251565346
27151,"Minnesota","Swift","soybeans",6155.23452298185
27151,"Minnesota","Swift","sunflower",2.91234777364627
27151,"Minnesota","Swift","wheat",168.032511605182
27153,"Minnesota","Todd","barley",102.558928641526
27153,"Minnesota","Todd","corn",11355.9006416775
27153,"Minnesota","Todd","dry peas",3.65686540841279
27153,"Minnesota","Todd","grain sorghum",14.973074688957
27153,"Minnesota","Todd","mustard",9.82437110915672
27153,"Minnesota","Todd","oats",782.401336514049
27153,"Minnesota","Todd","soybeans",7545.30232792347
27153,"Minnesota","Todd","sunflower",29.2927428777314
27153,"Minnesota","Todd","wheat",445.725055152604
27155,"Minnesota","Traverse","corn",7065.63133183309
27155,"Minnesota","Traverse","oats",8.46482794369868
27155,"Minnesota","Traverse","soybeans",5668.18743001535
27155,"Minnesota","Traverse","sunflower",16.4754685665372
27155,"Minnesota","Traverse","wheat",228.617511840844
27157,"Minnesota","Wabasha","barley",163.35410290627
27157,"Minnesota","Wabasha","canola",8.57059307938874
27157,"Minnesota","Wabasha","corn",22029.9967735094
27157,"Minnesota","Wabasha","dry peas",15.7166461646556
27157,"Minnesota","Wabasha","grain sorghum",3.43290785468704
27157,"Minnesota","Wabasha","mustard",0.4670622931547
27157,"Minnesota","Wabasha","oats",850.460651861184
27157,"Minnesota","Wabasha","soybeans",9053.96191838435
27157,"Minnesota","Wabasha","sunflower",0.23353114657735
27157,"Minnesota","Wabasha","wheat",36.8885799133582
27159,"Minnesota","Wadena","barley",78.8335198306742
27159,"Minnesota","Wadena","corn",2723.18765404108
27159,"Minnesota","Wadena","dry peas",12.5187598967001
27159,"Minnesota","Wadena","lentils",0.119234801502013
27159,"Minnesota","Wadena","oats",326.834752866772
27159,"Minnesota","Wadena","soybeans",1569.0348383949
27159,"Minnesota","Wadena","sunflower",63.5066015063994
27159,"Minnesota","Wadena","wheat",181.482045034949
27161,"Minnesota","Waseca","barley",0.264854282895061
27161,"Minnesota","Waseca","corn",5120.88889028376
27161,"Minnesota","Waseca","dry peas",39.8121734749232
27161,"Minnesota","Waseca","flaxseed",0.0674174538278338
27161,"Minnesota","Waseca","grain sorghum",3.71759102536341
27161,"Minnesota","Waseca","oats",14.5542725536494
27161,"Minnesota","Waseca","soybeans",3790.80560973525
27161,"Minnesota","Waseca","wheat",3.10389957423347
27163,"Minnesota","Washington","barley",0.886073631971907
27163,"Minnesota","Washington","corn",302.535468668075
27163,"Minnesota","Washington","oats",13.2389138259679
27163,"Minnesota","Washington","soybeans",237.067850050665
27163,"Minnesota","Washington","sunflower",0.420004320965277
27163,"Minnesota","Washington","wheat",4.08993981199135
27165,"Minnesota","Watonwan","barley",0.285744224547472
27165,"Minnesota","Watonwan","corn",1896.45620679428
27165,"Minnesota","Watonwan","oats",5.12990891445585
27165,"Minnesota","Watonwan","soybeans",1430.3364062643
27165,"Minnesota","Watonwan","wheat",3.56954542746947
27112,"Minnesota","West Otter Tail","barley",110.173288487215
27112,"Minnesota","West Otter Tail","corn",84257.2973340108
27112,"Minnesota","West Otter Tail","oats",1911.69252347869
27112,"Minnesota","West Otter Tail","soybeans",86806.7299074204
27112,"Minnesota","West Otter Tail","sunflower",198.378499450407
27112,"Minnesota","West Otter Tail","wheat",12881.9201241366
27120,"Minnesota","West Polk","barley",4989.9803067184
27120,"Minnesota","West Polk","canola",497.964837285614
27120,"Minnesota","West Polk","corn",65685.7249191042
27120,"Minnesota","West Polk","dry peas",115.78697919335
27120,"Minnesota","West Polk","oats",1362.63862638305
27120,"Minnesota","West Polk","soybeans",176908.27050987
27120,"Minnesota","West Polk","sunflower",6286.52509160853
27120,"Minnesota","West Polk","wheat",196400.599167372
27167,"Minnesota","Wilkin","barley",165.942242405185
27167,"Minnesota","Wilkin","corn",14544.2068132516
27167,"Minnesota","Wilkin","oats",56.4961346650505
27167,"Minnesota","Wilkin","soybeans",16759.831518038
27167,"Minnesota","Wilkin","sunflower",529.240903915349
27167,"Minnesota","Wilkin","wheat",6413.94038354639
27169,"Minnesota","Winona","barley",131.668305140462
27169,"Minnesota","Winona","corn",17839.0209598809
27169,"Minnesota","Winona","dry peas",19.2635856417295
27169,"Minnesota","Winona","grain sorghum",3.32997647175969
27169,"Minnesota","Winona","oats",1089.77282904558
27169,"Minnesota","Winona","soybeans",7169.34978286322
27169,"Minnesota","Winona","sunflower",0.992748234889087
27169,"Minnesota","Winona","wheat",67.3582879785907
27171,"Minnesota","Wright","barley",11.8155838730955
27171,"Minnesota","Wright","corn",7789.03621353178
27171,"Minnesota","Wright","dry peas",2.53218575297364
27171,"Minnesota","Wright","oats",176.344049310268
27171,"Minnesota","Wright","soybeans",7069.20921709072
27171,"Minnesota","Wright","wheat",199.439203976269
27173,"Minnesota","Yellow Medicine","barley",2.12011900691091
27173,"Minnesota","Yellow Medicine","corn",6370.60637726541
27173,"Minnesota","Yellow Medicine","dry peas",1.93314818617264
27173,"Minnesota","Yellow Medicine","oats",16.9846534889875
27173,"Minnesota","Yellow Medicine","rapeseed",0.3171998939497
27173,"Minnesota","Yellow Medicine","soybeans",5113.17901342086
27173,"Minnesota","Yellow Medicine","sunflower",22.9765433841798
27173,"Minnesota","Yellow Medicine","wheat",58.7224273925524
28001,"Mississippi","Adams","corn",0
28001,"Mississippi","Adams","cotton",0
28001,"Mississippi","Adams","grain sorghum",0
28001,"Mississippi","Adams","oats",0
28001,"Mississippi","Adams","soybeans",0
28001,"Mississippi","Adams","sunflower",0
28001,"Mississippi","Adams","wheat",0
28003,"Mississippi","Alcorn","corn",755.414522077228
28003,"Mississippi","Alcorn","cotton",382.684094610524
28003,"Mississippi","Alcorn","dry peas",89.5433819802815
28003,"Mississippi","Alcorn","grain sorghum",2.46087306903537
28003,"Mississippi","Alcorn","soybeans",1692.25372783787
28003,"Mississippi","Alcorn","wheat",97.8119832226918
28005,"Mississippi","Amite","corn",94.0905679335575
28005,"Mississippi","Amite","oats",104.220134402109
28005,"Mississippi","Amite","soybeans",180.388839138374
28005,"Mississippi","Amite","wheat",55.2397738963294
28007,"Mississippi","Attala","corn",331.754939357471
28007,"Mississippi","Attala","cotton",402.727405819814
28007,"Mississippi","Attala","peanuts",84.5578817610939
28007,"Mississippi","Attala","soybeans",298.985968735903
28007,"Mississippi","Attala","sunflower",2.49574297669139
28007,"Mississippi","Attala","wheat",15.6718968259818
28009,"Mississippi","Benton","corn",804.655539831889
28009,"Mississippi","Benton","cotton",154.494559150067
28009,"Mississippi","Benton","sesame",110.032233106116
28009,"Mississippi","Benton","soybeans",2574.36481404288
28009,"Mississippi","Benton","wheat",119.910603392597
28011,"Mississippi","Bolivar","corn",1982.97841414439
28011,"Mississippi","Bolivar","cotton",854.18651756904
28011,"Mississippi","Bolivar","dry peas",0.801756334363495
28011,"Mississippi","Bolivar","oats",5.93160251544749
28011,"Mississippi","Bolivar","rice_long grain",1523.69030606306
28011,"Mississippi","Bolivar","soybeans",13905.4098328397
28011,"Mississippi","Bolivar","sunflower",2.86540742107301
28011,"Mississippi","Bolivar","wheat",296.893159332487
28013,"Mississippi","Calhoun","corn",1661.09998273859
28013,"Mississippi","Calhoun","cotton",1638.31926005129
28013,"Mississippi","Calhoun","grain sorghum",40.8698506170238
28013,"Mississippi","Calhoun","soybeans",3892.60170510539
28013,"Mississippi","Calhoun","wheat",70.7492615500588
28015,"Mississippi","Carroll","corn",2506.06166579342
28015,"Mississippi","Carroll","cotton",2255.18973304239
28015,"Mississippi","Carroll","grain sorghum",1.70843427712012
28015,"Mississippi","Carroll","peanuts",102.459288238871
28015,"Mississippi","Carroll","rice_long grain",32.7154486354271
28015,"Mississippi","Carroll","soybeans",2083.9276300198
28015,"Mississippi","Carroll","sunflower",4.72937318763777
28015,"Mississippi","Carroll","wheat",184.396863940975
28017,"Mississippi","Chickasaw","corn",3321.29965725132
28017,"Mississippi","Chickasaw","cotton",1167.56131496363
28017,"Mississippi","Chickasaw","grain sorghum",21.0005065861881
28017,"Mississippi","Chickasaw","soybeans",15342.105656329
28017,"Mississippi","Chickasaw","wheat",142.365453979123
28019,"Mississippi","Choctaw","corn",0
28019,"Mississippi","Choctaw","cotton",0
28019,"Mississippi","Choctaw","peanuts",0
28019,"Mississippi","Choctaw","soybeans",0
28021,"Mississippi","Claiborne","corn",69.3099224074642
28021,"Mississippi","Claiborne","cotton",49.8661568680482
28021,"Mississippi","Claiborne","peanuts",10.1040966980093
28021,"Mississippi","Claiborne","soybeans",82.9065108861576
28021,"Mississippi","Claiborne","wheat",4.56606865518274
28023,"Mississippi","Clarke","canola",24.9032453206192
28023,"Mississippi","Clarke","corn",1179.66801671959
28023,"Mississippi","Clarke","cotton",942.251362965872
28023,"Mississippi","Clarke","soybeans",1328.06123245552
28023,"Mississippi","Clarke","wheat",301.52582460639
28025,"Mississippi","Clay","corn",1179.33009102714
28025,"Mississippi","Clay","cotton",567.55051135701
28025,"Mississippi","Clay","grain sorghum",2.06511879923224
28025,"Mississippi","Clay","soybeans",2653.64370391118
28025,"Mississippi","Clay","wheat",106.569350531411
28027,"Mississippi","Coahoma","corn",5050.66547273828
28027,"Mississippi","Coahoma","cotton",7866.99650234171
28027,"Mississippi","Coahoma","oats",13.088944878552
28027,"Mississippi","Coahoma","peanuts",31.1829047728445
28027,"Mississippi","Coahoma","rice_long grain",590.09901157959
28027,"Mississippi","Coahoma","soybeans",10444.6278587023
28027,"Mississippi","Coahoma","sunflower",3.03539661601715
28027,"Mississippi","Coahoma","wheat",626.369281251555
28029,"Mississippi","Copiah","corn",374.267393073629
28029,"Mississippi","Copiah","cotton",364.682143626404
28029,"Mississippi","Copiah","oats",1.42795042526534
28029,"Mississippi","Copiah","peanuts",36.6903928714011
28029,"Mississippi","Copiah","soybeans",710.363555797805
28029,"Mississippi","Copiah","wheat",49.3568420140325
28031,"Mississippi","Covington","corn",179.723683192696
28031,"Mississippi","Covington","cotton",445.317071048662
28031,"Mississippi","Covington","grain sorghum",134.165004706648
28031,"Mississippi","Covington","peanuts",201.339384042712
28031,"Mississippi","Covington","soybeans",1422.4804632925
28031,"Mississippi","Covington","wheat",50.7177351329454
28033,"Mississippi","DeSoto","corn",0
28033,"Mississippi","DeSoto","cotton",0
28033,"Mississippi","DeSoto","grain sorghum",0
28033,"Mississippi","DeSoto","peanuts",0
28033,"Mississippi","DeSoto","rice_long grain",0
28033,"Mississippi","DeSoto","rice_short/medium grain",0
28033,"Mississippi","DeSoto","soybeans",0
28033,"Mississippi","DeSoto","wheat",0
28035,"Mississippi","Forrest","corn",0
28035,"Mississippi","Forrest","cotton",0
28035,"Mississippi","Forrest","peanuts",0
28035,"Mississippi","Forrest","soybeans",0
28037,"Mississippi","Franklin","corn",0
28037,"Mississippi","Franklin","soybeans",0
28039,"Mississippi","George","corn",11.6082651629034
28039,"Mississippi","George","cotton",88.4769634135683
28039,"Mississippi","George","grain sorghum",1.06224609753112
28039,"Mississippi","George","oats",1.54199319505309
28039,"Mississippi","George","peanuts",107.570156768392
28039,"Mississippi","George","soybeans",24.5471912849407
28039,"Mississippi","George","wheat",2.64021039909634
28041,"Mississippi","Greene","corn",47.7678529838257
28041,"Mississippi","Greene","cotton",112.115850755097
28041,"Mississippi","Greene","peanuts",31.5150655272421
28043,"Mississippi","Grenada","corn",995.474540641749
28043,"Mississippi","Grenada","cotton",1942.69696229967
28043,"Mississippi","Grenada","grain sorghum",66.78192920651
28043,"Mississippi","Grenada","rice_long grain",102.673862465232
28043,"Mississippi","Grenada","soybeans",802.55865774138
28043,"Mississippi","Grenada","wheat",89.3332831617941
28045,"Mississippi","Hancock","corn",23.0941048626083
28045,"Mississippi","Hancock","peanuts",62.6985207458387
28045,"Mississippi","Hancock","soybeans",167.84064459366
28045,"Mississippi","Hancock","wheat",18.6993929228408
28047,"Mississippi","Harrison","peanuts",193.681604692491
28049,"Mississippi","Hinds","corn",1340.09084569542
28049,"Mississippi","Hinds","cotton",658.324676850916
28049,"Mississippi","Hinds","grain sorghum",18.4849737851698
28049,"Mississippi","Hinds","soybeans",1172.09070756267
28049,"Mississippi","Hinds","sunflower",4.69700230769191
28049,"Mississippi","Hinds","wheat",118.952833922727
28051,"Mississippi","Holmes","corn",6681.93556399636
28051,"Mississippi","Holmes","cotton",3599.13527043026
28051,"Mississippi","Holmes","grain sorghum",4.32369687354641
28051,"Mississippi","Holmes","oats",0.0538419001375581
28051,"Mississippi","Holmes","peanuts",192.609013947088
28051,"Mississippi","Holmes","rice_long grain",90.6605297916243
28051,"Mississippi","Holmes","sesame",126.74703779882
28051,"Mississippi","Holmes","soybeans",6513.22081616032
28051,"Mississippi","Holmes","wheat",340.919219970998
28053,"Mississippi","Humphreys","corn",6659.47990373417
28053,"Mississippi","Humphreys","cotton",3204.52580843032
28053,"Mississippi","Humphreys","grain sorghum",7.5441835150448
28053,"Mississippi","Humphreys","oats",29.1382465357429
28053,"Mississippi","Humphreys","peanuts",98.4724377547475
28053,"Mississippi","Humphreys","rice_long grain",704.534885352318
28053,"Mississippi","Humphreys","soybeans",13989.0207935019
28053,"Mississippi","Humphreys","sunflower",17.5216038956954
28053,"Mississippi","Humphreys","wheat",290.037237453541
28055,"Mississippi","Issaquena","corn",2190.56777331496
28055,"Mississippi","Issaquena","cotton",818.492647040988
28055,"Mississippi","Issaquena","rice_long grain",30.4664541135089
28055,"Mississippi","Issaquena","soybeans",5084.28802913096
28055,"Mississippi","Issaquena","sunflower",2.4174254419998
28055,"Mississippi","Issaquena","wheat",180.049204415044
28057,"Mississippi","Itawamba","corn",435.875284184024
28057,"Mississippi","Itawamba","cotton",553.263375943093
28057,"Mississippi","Itawamba","dry peas",24.0011454191547
28057,"Mississippi","Itawamba","peanuts",45.8309859550664
28057,"Mississippi","Itawamba","soybeans",2013.60341789364
28057,"Mississippi","Itawamba","wheat",94.5166133412547
28059,"Mississippi","Jackson","corn",172.653572262712
28059,"Mississippi","Jackson","cotton",715.12274351775
28059,"Mississippi","Jackson","peanuts",775.895882584159
28059,"Mississippi","Jackson","soybeans",64.7286901330665
28061,"Mississippi","Jasper","corn",0
28061,"Mississippi","Jasper","grain sorghum",0
28061,"Mississippi","Jasper","peanuts",0
28061,"Mississippi","Jasper","soybeans",0
28061,"Mississippi","Jasper","wheat",0
28063,"Mississippi","Jefferson","corn",234.002759899529
28063,"Mississippi","Jefferson","cotton",552.527821881904
28063,"Mississippi","Jefferson","grain sorghum",11.0992476890519
28063,"Mississippi","Jefferson","soybeans",761.037906235755
28063,"Mississippi","Jefferson","sunflower",0.382732678932825
28063,"Mississippi","Jefferson","wheat",260.74620583996
28065,"Mississippi","Jefferson Davis","corn",0
28065,"Mississippi","Jefferson Davis","cotton",0
28065,"Mississippi","Jefferson Davis","dry peas",0
28065,"Mississippi","Jefferson Davis","grain sorghum",0
28065,"Mississippi","Jefferson Davis","oats",0
28065,"Mississippi","Jefferson Davis","peanuts",0
28065,"Mississippi","Jefferson Davis","soybeans",0
28067,"Mississippi","Jones","corn",318.172540102068
28067,"Mississippi","Jones","cotton",93.3752398888914
28067,"Mississippi","Jones","grain sorghum",32.1204870928329
28067,"Mississippi","Jones","peanuts",147.399161658152
28067,"Mississippi","Jones","soybeans",133.271520720474
28067,"Mississippi","Jones","wheat",28.0962587788625
28069,"Mississippi","Kemper","corn",0
28069,"Mississippi","Kemper","cotton",0
28069,"Mississippi","Kemper","soybeans",0
28071,"Mississippi","Lafayette","corn",238.745138176688
28071,"Mississippi","Lafayette","cotton",588.627085930183
28071,"Mississippi","Lafayette","grain sorghum",3.88911528792758
28071,"Mississippi","Lafayette","soybeans",871.779500492411
28071,"Mississippi","Lafayette","wheat",0.477338482715873
28073,"Mississippi","Lamar","corn",56.4646564763915
28073,"Mississippi","Lamar","grain sorghum",315.493998582076
28073,"Mississippi","Lamar","peanuts",307.042455948712
28073,"Mississippi","Lamar","soybeans",225.813236310328
28073,"Mississippi","Lamar","wheat",36.1323872894143
28075,"Mississippi","Lauderdale","soybeans",195.358610446271
28077,"Mississippi","Lawrence","corn",0
28077,"Mississippi","Lawrence","grain sorghum",0
28077,"Mississippi","Lawrence","oats",0
28077,"Mississippi","Lawrence","soybeans",0
28077,"Mississippi","Lawrence","wheat",0
28079,"Mississippi","Leake","corn",514.585932484444
28079,"Mississippi","Leake","cotton",477.004404392434
28079,"Mississippi","Leake","soybeans",790.047765027407
28079,"Mississippi","Leake","sunflower",2.01056714235984
28081,"Mississippi","Lee","corn",887.117943132088
28081,"Mississippi","Lee","cotton",1409.46752365131
28081,"Mississippi","Lee","dry peas",45.2713574428546
28081,"Mississippi","Lee","grain sorghum",7.87252030575152
28081,"Mississippi","Lee","oats",10.0617127844027
28081,"Mississippi","Lee","peanuts",7.88839552314565
28081,"Mississippi","Lee","soybeans",6467.81820485758
28081,"Mississippi","Lee","wheat",187.79429664218
28083,"Mississippi","Leflore","corn",8848.68297631896
28083,"Mississippi","Leflore","cotton",3380.57344367247
28083,"Mississippi","Leflore","grain sorghum",41.2383009449798
28083,"Mississippi","Leflore","peanuts",33.9747826342462
28083,"Mississippi","Leflore","rice_long grain",671.869653310532
28083,"Mississippi","Leflore","sesame",16.6768311299959
28083,"Mississippi","Leflore","soybeans",14704.0732994267
28083,"Mississippi","Leflore","sunflower",22.5514177399419
28083,"Mississippi","Leflore","wheat",336.063258444274
28085,"Mississippi","Lincoln","corn",0
28085,"Mississippi","Lincoln","oats",0
28085,"Mississippi","Lincoln","soybeans",0
28085,"Mississippi","Lincoln","wheat",0
28087,"Mississippi","Lowndes","corn",1683.63864102648
28087,"Mississippi","Lowndes","cotton",1548.98028622836
28087,"Mississippi","Lowndes","grain sorghum",9.55679245765103
28087,"Mississippi","Lowndes","peanuts",20.8597037545017
28087,"Mississippi","Lowndes","soybeans",1729.18970518559
28087,"Mississippi","Lowndes","sunflower",0.289818238380787
28087,"Mississippi","Lowndes","wheat",152.790733392568
28089,"Mississippi","Madison","corn",1522.38607856932
28089,"Mississippi","Madison","cotton",1065.45740464876
28089,"Mississippi","Madison","grain sorghum",21.8368982314505
28089,"Mississippi","Madison","oats",25.993281579606
28089,"Mississippi","Madison","peanuts",30.746573803363
28089,"Mississippi","Madison","soybeans",1209.48405225033
28089,"Mississippi","Madison","sunflower",1.10198561649525
28089,"Mississippi","Madison","wheat",67.8217308806034
28091,"Mississippi","Marion","corn",309.150343538299
28091,"Mississippi","Marion","grain sorghum",66.3485386422203
28091,"Mississippi","Marion","oats",92.6453448546965
28091,"Mississippi","Marion","peanuts",83.4160141581888
28091,"Mississippi","Marion","soybeans",273.480846621253
28091,"Mississippi","Marion","wheat",9.6704384136203
28093,"Mississippi","Marshall","corn",1388.70969048314
28093,"Mississippi","Marshall","cotton",883.660662249698
28093,"Mississippi","Marshall","grain sorghum",70.5396009356803
28093,"Mississippi","Marshall","sesame",51.581289640419
28093,"Mississippi","Marshall","soybeans",5314.07047126109
28093,"Mississippi","Marshall","sunflower",1.34493888316542
28093,"Mississippi","Marshall","wheat",707.62622884284
28095,"Mississippi","Monroe","canola",47.7374861791148
28095,"Mississippi","Monroe","corn",3604.25693066932
28095,"Mississippi","Monroe","cotton",2195.10359430373
28095,"Mississippi","Monroe","oats",1.57809871666495
28095,"Mississippi","Monroe","peanuts",548.371461216385
28095,"Mississippi","Monroe","soybeans",6849.14430489022
28095,"Mississippi","Monroe","sunflower",1.24820471358323
28095,"Mississippi","Monroe","wheat",338.985913527228
28097,"Mississippi","Montgomery","corn",1766.6126531315
28097,"Mississippi","Montgomery","cotton",2216.96894088146
28097,"Mississippi","Montgomery","soybeans",519.874734281814
28097,"Mississippi","Montgomery","sunflower",5.87880816397825
28097,"Mississippi","Montgomery","wheat",54.6224773488839
28099,"Mississippi","Neshoba","corn",0
28099,"Mississippi","Neshoba","grain sorghum",0
28101,"Mississippi","Newton","corn",171.925339281239
28101,"Mississippi","Newton","soybeans",1432.69692860551
28101,"Mississippi","Newton","sunflower",4.10540523335129
28103,"Mississippi","Noxubee","corn",8008.99303168585
28103,"Mississippi","Noxubee","cotton",7289.07846423645
28103,"Mississippi","Noxubee","grain sorghum",23.582433632636
28103,"Mississippi","Noxubee","oats",14.5762119424509
28103,"Mississippi","Noxubee","soybeans",2587.37357183235
28103,"Mississippi","Noxubee","wheat",251.120151346242
28105,"Mississippi","Oktibbeha","corn",437.474209519098
28105,"Mississippi","Oktibbeha","cotton",170.472364190273
28105,"Mississippi","Oktibbeha","soybeans",501.44681986745
28105,"Mississippi","Oktibbeha","wheat",71.1800499017974
28107,"Mississippi","Panola","corn",1456.69642152142
28107,"Mississippi","Panola","cotton",1954.10823504166
28107,"Mississippi","Panola","dry peas",4.72683584339813
28107,"Mississippi","Panola","grain sorghum",17.228596039322
28107,"Mississippi","Panola","peanuts",100.962002796349
28107,"Mississippi","Panola","rice_long grain",650.906092983901
28107,"Mississippi","Panola","rice_short/medium grain",69.2557768811376
28107,"Mississippi","Panola","soybeans",3662.8227234218
28107,"Mississippi","Panola","sunflower",10.8447223740178
28107,"Mississippi","Panola","wheat",304.341421395277
28109,"Mississippi","Pearl River","corn",140.717181419117
28109,"Mississippi","Pearl River","grain sorghum",7.52578385579717
28109,"Mississippi","Pearl River","peanuts",192.656322537335
28109,"Mississippi","Pearl River","soybeans",284.882120367527
28109,"Mississippi","Pearl River","wheat",6.82375177969669
28111,"Mississippi","Perry","corn",23.3542690322702
28111,"Mississippi","Perry","cotton",139.744106593807
28111,"Mississippi","Perry","grain sorghum",22.297021811942
28111,"Mississippi","Perry","peanuts",65.2372031519015
28111,"Mississippi","Perry","soybeans",9.33515697433909
28111,"Mississippi","Perry","wheat",7.20570242587345
28113,"Mississippi","Pike","corn",0
28113,"Mississippi","Pike","oats",0
28113,"Mississippi","Pike","soybeans",0
28113,"Mississippi","Pike","wheat",0
28115,"Mississippi","Pontotoc","corn",428.575325823691
28115,"Mississippi","Pontotoc","cotton",563.979469734774
28115,"Mississippi","Pontotoc","grain sorghum",0.465394297585741
28115,"Mississippi","Pontotoc","soybeans",3037.22252381749
28115,"Mississippi","Pontotoc","wheat",37.1305532442831
28117,"Mississippi","Prentiss","corn",181.454313273214
28117,"Mississippi","Prentiss","cotton",192.624877048573
28117,"Mississippi","Prentiss","dry peas",55.6207792859111
28117,"Mississippi","Prentiss","grain sorghum",2.07833091405426
28117,"Mississippi","Prentiss","oats",6.99110223832071
28117,"Mississippi","Prentiss","peanuts",9.82570434859623
28117,"Mississippi","Prentiss","soybeans",1679.45340201931
28117,"Mississippi","Prentiss","sunflower",0.369888894880505
28117,"Mississippi","Prentiss","wheat",41.9293115231473
28119,"Mississippi","Quitman","corn",822.093438113119
28119,"Mississippi","Quitman","cotton",882.793916531997
28119,"Mississippi","Quitman","grain sorghum",21.5346349226131
28119,"Mississippi","Quitman","oats",0.742859219861517
28119,"Mississippi","Quitman","peanuts",0.46962364474004
28119,"Mississippi","Quitman","rice_long grain",493.036774241613
28119,"Mississippi","Quitman","rice_short/medium grain",7.5141917811337
28119,"Mississippi","Quitman","soybeans",3302.10981713054
28119,"Mississippi","Quitman","wheat",59.9279902163387
28121,"Mississippi","Rankin","corn",781.074072832818
28121,"Mississippi","Rankin","cotton",499.87110779439
28121,"Mississippi","Rankin","grain sorghum",72.3931519778125
28121,"Mississippi","Rankin","soybeans",2071.68727679868
28121,"Mississippi","Rankin","wheat",42.51582134122
28123,"Mississippi","Scott","corn",784.466072490362
28123,"Mississippi","Scott","cotton",404.884634685313
28123,"Mississippi","Scott","grain sorghum",43.159621418056
28123,"Mississippi","Scott","soybeans",3319.79728914465
28125,"Mississippi","Sharkey","corn",3256.40784496177
28125,"Mississippi","Sharkey","cotton",1040.27933573353
28125,"Mississippi","Sharkey","rice_long grain",62.9414232684865
28125,"Mississippi","Sharkey","soybeans",7898.28606670378
28125,"Mississippi","Sharkey","sunflower",2.31928229349755
28125,"Mississippi","Sharkey","wheat",102.301203725173
28127,"Mississippi","Simpson","corn",38.1902781450684
28127,"Mississippi","Simpson","cotton",3.47359900735336
28127,"Mississippi","Simpson","peanuts",14.4335620963461
28127,"Mississippi","Simpson","soybeans",76.5940428321304
28129,"Mississippi","Smith","corn",206.363574367066
28129,"Mississippi","Smith","cotton",807.92831617567
28129,"Mississippi","Smith","oats",277.000973789153
28129,"Mississippi","Smith","peanuts",399.845097678838
28129,"Mississippi","Smith","soybeans",528.805737413097
28131,"Mississippi","Stone","corn",287.750462489801
28131,"Mississippi","Stone","cotton",477.530595807011
28131,"Mississippi","Stone","dry peas",13.0494200835693
28131,"Mississippi","Stone","oats",6.22828037937705
28131,"Mississippi","Stone","peanuts",412.230072900555
28131,"Mississippi","Stone","soybeans",44.917237526794
28131,"Mississippi","Stone","wheat",237.137214988436
28133,"Mississippi","Sunflower","corn",7030.94362632887
28133,"Mississippi","Sunflower","cotton",998.35554563156
28133,"Mississippi","Sunflower","grain sorghum",32.8209829404845
28133,"Mississippi","Sunflower","rice_long grain",1381.16523865594
28133,"Mississippi","Sunflower","soybeans",24706.6249514913
28133,"Mississippi","Sunflower","wheat",356.829177392999
28135,"Mississippi","Tallahatchie","corn",4774.25755505886
28135,"Mississippi","Tallahatchie","cotton",3122.23168270494
28135,"Mississippi","Tallahatchie","grain sorghum",12.3851040090156
28135,"Mississippi","Tallahatchie","oats",3.67425557907483
28135,"Mississippi","Tallahatchie","peanuts",5.97999731288103
28135,"Mississippi","Tallahatchie","rice_long grain",789.409057888116
28135,"Mississippi","Tallahatchie","soybeans",11408.1434586122
28135,"Mississippi","Tallahatchie","wheat",472.941627612446
28137,"Mississippi","Tate","corn",1822.77952565828
28137,"Mississippi","Tate","cotton",721.861733969637
28137,"Mississippi","Tate","dry peas",130.280224980878
28137,"Mississippi","Tate","grain sorghum",25.8560299107319
28137,"Mississippi","Tate","peanuts",221.664365674658
28137,"Mississippi","Tate","rice_long grain",173.404501899097
28137,"Mississippi","Tate","soybeans",3533.77229975997
28137,"Mississippi","Tate","sunflower",2.29796962370946
28137,"Mississippi","Tate","wheat",354.811513256064
28139,"Mississippi","Tippah","corn",497.719168443209
28139,"Mississippi","Tippah","cotton",486.598497394716
28139,"Mississippi","Tippah","sesame",35.1559489888722
28139,"Mississippi","Tippah","soybeans",2890.27430736955
28139,"Mississippi","Tippah","sunflower",1.11661145378912
28139,"Mississippi","Tippah","wheat",70.07223767056
28141,"Mississippi","Tishomingo","corn",20.3247461795427
28141,"Mississippi","Tishomingo","cotton",83.3211060144097
28141,"Mississippi","Tishomingo","dry peas",8.7623992028499
28141,"Mississippi","Tishomingo","soybeans",42.4591535491386
28141,"Mississippi","Tishomingo","sunflower",0.056148966975871
28141,"Mississippi","Tishomingo","wheat",3.23986913611542
28143,"Mississippi","Tunica","corn",4716.70849211486
28143,"Mississippi","Tunica","cotton",5093.97204378618
28143,"Mississippi","Tunica","grain sorghum",83.0163490690944
28143,"Mississippi","Tunica","oats",109.9128513012
28143,"Mississippi","Tunica","peanuts",39.9205863955879
28143,"Mississippi","Tunica","rice_long grain",4642.26669157332
28143,"Mississippi","Tunica","rice_short/medium grain",177.48892285818
28143,"Mississippi","Tunica","soybeans",14216.5116788263
28143,"Mississippi","Tunica","sunflower",8.52408309639352
28143,"Mississippi","Tunica","wheat",878.320092636775
28145,"Mississippi","Union","corn",312.415394235521
28145,"Mississippi","Union","cotton",286.906967741042
28145,"Mississippi","Union","grain sorghum",0.958228925533943
28145,"Mississippi","Union","soybeans",2745.67320588408
28145,"Mississippi","Union","sunflower",0.312441164930147
28145,"Mississippi","Union","wheat",20.6703776821962
28147,"Mississippi","Walthall","corn",945.167524786886
28147,"Mississippi","Walthall","grain sorghum",30.0376738873549
28147,"Mississippi","Walthall","oats",65.1884106237911
28147,"Mississippi","Walthall","peanuts",59.0265327768147
28147,"Mississippi","Walthall","sesame",53.3488614432402
28147,"Mississippi","Walthall","soybeans",585.535968968603
28147,"Mississippi","Walthall","wheat",253.834765732869
28149,"Mississippi","Warren","corn",452.378398474002
28149,"Mississippi","Warren","cotton",108.986169615595
28149,"Mississippi","Warren","peanuts",24.8773275488168
28149,"Mississippi","Warren","soybeans",654.184733920249
28149,"Mississippi","Warren","sunflower",0.110626539949973
28149,"Mississippi","Warren","wheat",20.5550011309181
28151,"Mississippi","Washington","corn",10846.1876218951
28151,"Mississippi","Washington","cotton",1705.92280752427
28151,"Mississippi","Washington","grain sorghum",9.38781216010226
28151,"Mississippi","Washington","peanuts",1.50254602430375
28151,"Mississippi","Washington","rice_long grain",873.142612188201
28151,"Mississippi","Washington","soybeans",30892.764682978
28151,"Mississippi","Washington","sunflower",0.934440527495571
28151,"Mississippi","Washington","wheat",398.178989429135
28153,"Mississippi","Wayne","corn",209.471696900128
28153,"Mississippi","Wayne","oats",81.0209474505898
28153,"Mississippi","Wayne","soybeans",105.287336784946
28153,"Mississippi","Wayne","wheat",40.3931357817031
28155,"Mississippi","Webster","corn",1004.82986817727
28155,"Mississippi","Webster","cotton",1703.51290504501
28155,"Mississippi","Webster","grain sorghum",23.5096858261624
28155,"Mississippi","Webster","peanuts",42.3359825626948
28155,"Mississippi","Webster","soybeans",760.928809137162
28155,"Mississippi","Webster","wheat",80.3631044854254
28157,"Mississippi","Wilkinson","soybeans",216.260864913387
28159,"Mississippi","Winston","corn",0
28159,"Mississippi","Winston","cotton",0
28159,"Mississippi","Winston","oats",0
28159,"Mississippi","Winston","soybeans",0
28159,"Mississippi","Winston","sunflower",0
28159,"Mississippi","Winston","wheat",0
28161,"Mississippi","Yalobusha","corn",111.7823825189
28161,"Mississippi","Yalobusha","cotton",210.757402884766
28161,"Mississippi","Yalobusha","grain sorghum",0.980170402617099
28161,"Mississippi","Yalobusha","peanuts",33.1931858893537
28161,"Mississippi","Yalobusha","soybeans",267.777688742388
28161,"Mississippi","Yalobusha","wheat",15.9206491606687
28163,"Mississippi","Yazoo","corn",9040.21046805441
28163,"Mississippi","Yazoo","cotton",4822.85174085136
28163,"Mississippi","Yazoo","grain sorghum",27.5463089553187
28163,"Mississippi","Yazoo","oats",6.68594164853612
28163,"Mississippi","Yazoo","peanuts",15.5150544382016
28163,"Mississippi","Yazoo","rice_long grain",260.418000618856
28163,"Mississippi","Yazoo","sesame",61.0239541381209
28163,"Mississippi","Yazoo","soybeans",8252.41839968823
28163,"Mississippi","Yazoo","sunflower",1.65141611902093
28163,"Mississippi","Yazoo","wheat",445.981987574832
29001,"Missouri","Adair","corn",9632.9336140206
29001,"Missouri","Adair","grain sorghum",133.492104413849
29001,"Missouri","Adair","oats",51.1546974501979
29001,"Missouri","Adair","soybeans",22263.7440216714
29001,"Missouri","Adair","wheat",489.133772506302
29003,"Missouri","Andrew","corn",14663.4137409848
29003,"Missouri","Andrew","grain sorghum",64.0363719773396
29003,"Missouri","Andrew","oats",22.4282043139619
29003,"Missouri","Andrew","soybeans",16836.7492236008
29003,"Missouri","Andrew","wheat",171.262041738339
29005,"Missouri","Atchison","barley",1.08583625120848
29005,"Missouri","Atchison","corn",11644.7818507581
29005,"Missouri","Atchison","cotton",0.000821514092081319
29005,"Missouri","Atchison","grain sorghum",3.30632038259662
29005,"Missouri","Atchison","oats",9.17072611272218
29005,"Missouri","Atchison","soybeans",10186.0657751469
29005,"Missouri","Atchison","wheat",23.5997996260385
29007,"Missouri","Audrain","barley",4.55752536912953
29007,"Missouri","Audrain","corn",6606.04592202569
29007,"Missouri","Audrain","dry peas",5.0144461694524
29007,"Missouri","Audrain","grain sorghum",120.579452099522
29007,"Missouri","Audrain","oats",23.7572854758783
29007,"Missouri","Audrain","soybeans",10168.5381094682
29007,"Missouri","Audrain","sunflower",6.34925201880469
29007,"Missouri","Audrain","wheat",1038.37328786101
29009,"Missouri","Barry","barley",153.264064275187
29009,"Missouri","Barry","corn",8775.44625346356
29009,"Missouri","Barry","grain sorghum",403.450525756595
29009,"Missouri","Barry","oats",431.084495108825
29009,"Missouri","Barry","soybeans",6693.7931804643
29009,"Missouri","Barry","wheat",7755.61750234491
29011,"Missouri","Barton","barley",13.6973092153161
29011,"Missouri","Barton","canola",12.8257944736085
29011,"Missouri","Barton","corn",4524.45643524216
29011,"Missouri","Barton","grain sorghum",119.205431887099
29011,"Missouri","Barton","oats",4.19396586549167
29011,"Missouri","Barton","soybeans",6998.78006462886
29011,"Missouri","Barton","wheat",2744.20101691679
29013,"Missouri","Bates","corn",19762.2122823141
29013,"Missouri","Bates","grain sorghum",44.5365943075806
29013,"Missouri","Bates","oats",38.2427843569486
29013,"Missouri","Bates","soybeans",32570.4677867248
29013,"Missouri","Bates","sunflower",10.8855284819373
29013,"Missouri","Bates","wheat",4580.04269071281
29015,"Missouri","Benton","corn",0
29015,"Missouri","Benton","grain sorghum",0
29015,"Missouri","Benton","oats",0
29015,"Missouri","Benton","soybeans",0
29015,"Missouri","Benton","wheat",0
29017,"Missouri","Bollinger","barley",8.27931470442208
29017,"Missouri","Bollinger","corn",3371.08466935328
29017,"Missouri","Bollinger","grain sorghum",57.5469707931742
29017,"Missouri","Bollinger","oats",20.3109504006144
29017,"Missouri","Bollinger","rice_long grain",227.099895004393
29017,"Missouri","Bollinger","soybeans",7593.28339997426
29017,"Missouri","Bollinger","sunflower",4.87100955909597
29017,"Missouri","Bollinger","wheat",1474.90907669549
29019,"Missouri","Boone","corn",4958.80162513993
29019,"Missouri","Boone","grain sorghum",228.689253481497
29019,"Missouri","Boone","oats",7.68113387129686
29019,"Missouri","Boone","soybeans",9893.85105049427
29019,"Missouri","Boone","sunflower",7.51922944681202
29019,"Missouri","Boone","wheat",932.113242841095
29021,"Missouri","Buchanan","corn",9373.7707788083
29021,"Missouri","Buchanan","grain sorghum",9.35395035003874
29021,"Missouri","Buchanan","oats",3.85628443623828
29021,"Missouri","Buchanan","soybeans",10313.9021273697
29021,"Missouri","Buchanan","sunflower",1.9003911787104
29021,"Missouri","Buchanan","wheat",195.745974820042
29023,"Missouri","Butler","canola",0
29023,"Missouri","Butler","corn",0
29023,"Missouri","Butler","cotton",0
29023,"Missouri","Butler","dry peas",0
29023,"Missouri","Butler","grain sorghum",0
29023,"Missouri","Butler","oats",0
29023,"Missouri","Butler","peanuts",0
29023,"Missouri","Butler","rapeseed",0
29023,"Missouri","Butler","rice_long grain",0
29023,"Missouri","Butler","rice_short/medium grain",0
29023,"Missouri","Butler","soybeans",0
29023,"Missouri","Butler","sunflower",0
29023,"Missouri","Butler","wheat",0
29025,"Missouri","Caldwell","corn",6956.43398599143
29025,"Missouri","Caldwell","grain sorghum",200.827094822197
29025,"Missouri","Caldwell","oats",28.8092045588246
29025,"Missouri","Caldwell","soybeans",15015.9776309099
29025,"Missouri","Caldwell","wheat",722.438446806731
29027,"Missouri","Callaway","barley",21.1293627311449
29027,"Missouri","Callaway","corn",7955.57986218749
29027,"Missouri","Callaway","grain sorghum",243.432545714014
29027,"Missouri","Callaway","oats",26.4255090039957
29027,"Missouri","Callaway","soybeans",15622.1570926544
29027,"Missouri","Callaway","sunflower",8.17588092506861
29027,"Missouri","Callaway","wheat",2109.0404965603
29029,"Missouri","Camden","corn",783.272639017041
29029,"Missouri","Camden","grain sorghum",48.4308302822921
29029,"Missouri","Camden","soybeans",635.222053428665
29031,"Missouri","Cape Girardeau","barley",23.3354565648066
29031,"Missouri","Cape Girardeau","corn",2975.62284311441
29031,"Missouri","Cape Girardeau","grain sorghum",10.4047151702987
29031,"Missouri","Cape Girardeau","oats",11.6805349376918
29031,"Missouri","Cape Girardeau","rice_long grain",44.3162191856156
29031,"Missouri","Cape Girardeau","soybeans",6850.91095312439
29031,"Missouri","Cape Girardeau","sunflower",1.03866589400946
29031,"Missouri","Cape Girardeau","wheat",1272.58972125387
29033,"Missouri","Carroll","barley",1.24208676315181
29033,"Missouri","Carroll","corn",19801.0730910204
29033,"Missouri","Carroll","grain sorghum",32.6125405750047
29033,"Missouri","Carroll","oats",17.3246261724414
29033,"Missouri","Carroll","soybeans",26730.000689532
29033,"Missouri","Carroll","sunflower",4.13242266100607
29033,"Missouri","Carroll","wheat",1058.01198902624
29035,"Missouri","Carter","soybeans",0
29037,"Missouri","Cass","corn",6906.56317683718
29037,"Missouri","Cass","grain sorghum",29.7608890502622
29037,"Missouri","Cass","oats",10.344669826681
29037,"Missouri","Cass","soybeans",13492.2928317965
29037,"Missouri","Cass","sunflower",3.39800826453992
29037,"Missouri","Cass","wheat",458.55894996082
29039,"Missouri","Cedar","barley",0.580571050392425
29039,"Missouri","Cedar","corn",1596.56400229761
29039,"Missouri","Cedar","grain sorghum",52.8706703224035
29039,"Missouri","Cedar","soybeans",3001.28352613251
29039,"Missouri","Cedar","wheat",661.639669585022
29041,"Missouri","Chariton","corn",18123.4293486452
29041,"Missouri","Chariton","grain sorghum",10.7645865694751
29041,"Missouri","Chariton","oats",6.45343231183667
29041,"Missouri","Chariton","soybeans",30102.0501209011
29041,"Missouri","Chariton","sunflower",2.38481710999762
29041,"Missouri","Chariton","wheat",1379.12260370025
29043,"Missouri","Christian","barley",94.2646045073094
29043,"Missouri","Christian","corn",1482.45735236333
29043,"Missouri","Christian","grain sorghum",15.6441349910711
29043,"Missouri","Christian","oats",128.820760465364
29043,"Missouri","Christian","soybeans",1465.57107305397
29043,"Missouri","Christian","sunflower",329.213438514879
29043,"Missouri","Christian","wheat",1035.82251307991
29045,"Missouri","Clark","corn",6639.89523163675
29045,"Missouri","Clark","grain sorghum",4.6131369963611
29045,"Missouri","Clark","oats",16.525108149502
29045,"Missouri","Clark","soybeans",7285.54912506613
29045,"Missouri","Clark","sunflower",3.13502114058866
29045,"Missouri","Clark","wheat",132.173822304533
29047,"Missouri","Clay","corn",3800.78841116274
29047,"Missouri","Clay","dry peas",30.5487076423623
29047,"Missouri","Clay","grain sorghum",25.0136907860661
29047,"Missouri","Clay","oats",24.6604907179901
29047,"Missouri","Clay","soybeans",6193.56581901477
29047,"Missouri","Clay","sunflower",1.7536073555352
29047,"Missouri","Clay","wheat",255.594158737056
29049,"Missouri","Clinton","corn",15271.7850385453
29049,"Missouri","Clinton","dry peas",1.30736735876503
29049,"Missouri","Clinton","grain sorghum",96.4093545583293
29049,"Missouri","Clinton","oats",24.5883115999733
29049,"Missouri","Clinton","soybeans",18929.3098876093
29049,"Missouri","Clinton","wheat",157.074958686183
29051,"Missouri","Cole","barley",50.0553957938992
29051,"Missouri","Cole","corn",3264.96052001286
29051,"Missouri","Cole","grain sorghum",85.2109889739086
29051,"Missouri","Cole","oats",23.0048354943906
29051,"Missouri","Cole","soybeans",6776.1428903876
29051,"Missouri","Cole","sunflower",7.83963667685938
29051,"Missouri","Cole","wheat",545.972234237769
29053,"Missouri","Cooper","barley",3.32104209169239
29053,"Missouri","Cooper","corn",10877.3792034233
29053,"Missouri","Cooper","grain sorghum",49.602302759899
29053,"Missouri","Cooper","oats",23.4709284743167
29053,"Missouri","Cooper","soybeans",14820.8988966398
29053,"Missouri","Cooper","sunflower",8.69994039951022
29053,"Missouri","Cooper","wheat",2188.96279872336
29055,"Missouri","Crawford","corn",560.352271537658
29055,"Missouri","Crawford","grain sorghum",104.684773273735
29055,"Missouri","Crawford","soybeans",1186.77815070112
29055,"Missouri","Crawford","sunflower",13.2391093581893
29055,"Missouri","Crawford","wheat",177.083539594223
29057,"Missouri","Dade","canola",19.4246767794404
29057,"Missouri","Dade","corn",4610.41198344778
29057,"Missouri","Dade","grain sorghum",80.0071420942675
29057,"Missouri","Dade","oats",15.6133719595055
29057,"Missouri","Dade","soybeans",6681.27316061961
29057,"Missouri","Dade","wheat",3580.47308972149
29059,"Missouri","Dallas","corn",2333.27334876999
29059,"Missouri","Dallas","grain sorghum",386.369114184373
29059,"Missouri","Dallas","oats",865.787794091452
29059,"Missouri","Dallas","soybeans",3165.68850350988
29059,"Missouri","Dallas","sunflower",119.17173738431
29059,"Missouri","Dallas","wheat",1285.29052122002
29061,"Missouri","Daviess","corn",12328.9910985622
29061,"Missouri","Daviess","dry peas",14.8167564214536
29061,"Missouri","Daviess","grain sorghum",95.3586909501659
29061,"Missouri","Daviess","oats",45.0968483974641
29061,"Missouri","Daviess","soybeans",21859.7661321554
29061,"Missouri","Daviess","wheat",493.537398934411
29063,"Missouri","DeKalb","barley",7.80749035184181
29063,"Missouri","DeKalb","corn",13389.2529794579
29063,"Missouri","DeKalb","grain sorghum",24.0389168918497
29063,"Missouri","DeKalb","oats",59.5393202134456
29063,"Missouri","DeKalb","soybeans",18272.2149542055
29063,"Missouri","DeKalb","sunflower",1.06241166180126
29063,"Missouri","DeKalb","wheat",326.371009461751
29065,"Missouri","Dent","corn",0
29065,"Missouri","Dent","grain sorghum",0
29067,"Missouri","Douglas","corn",164.015322416564
29067,"Missouri","Douglas","oats",0.0098990067164057
29067,"Missouri","Douglas","soybeans",49.8986930781308
29069,"Missouri","Dunklin","corn",3079.40995826124
29069,"Missouri","Dunklin","cotton",9978.20510061019
29069,"Missouri","Dunklin","grain sorghum",22.3430427640019
29069,"Missouri","Dunklin","oats",1.2381364842951
29069,"Missouri","Dunklin","peanuts",1097.18165547135
29069,"Missouri","Dunklin","rice_long grain",2273.58310065463
29069,"Missouri","Dunklin","soybeans",7310.53025137447
29069,"Missouri","Dunklin","sunflower",2.80368377605613
29069,"Missouri","Dunklin","wheat",1476.78551805047
29071,"Missouri","Franklin","barley",8.75948431299397
29071,"Missouri","Franklin","corn",3625.619859647
29071,"Missouri","Franklin","grain sorghum",191.742562986935
29071,"Missouri","Franklin","oats",6.61010246637713
29071,"Missouri","Franklin","soybeans",6592.46046070618
29071,"Missouri","Franklin","sunflower",2.28277660199244
29071,"Missouri","Franklin","wheat",575.70696847012
29073,"Missouri","Gasconade","barley",9.93430084824378
29073,"Missouri","Gasconade","corn",2114.5993944447
29073,"Missouri","Gasconade","grain sorghum",165.930988954401
29073,"Missouri","Gasconade","oats",14.5285094314051
29073,"Missouri","Gasconade","soybeans",3582.52384948481
29073,"Missouri","Gasconade","sunflower",0.639402832373414
29073,"Missouri","Gasconade","wheat",301.297487051179
29075,"Missouri","Gentry","barley",18.4552266908672
29075,"Missouri","Gentry","corn",13604.2282820085
29075,"Missouri","Gentry","grain sorghum",11.677622406
29075,"Missouri","Gentry","oats",101.214524312516
29075,"Missouri","Gentry","soybeans",20535.5107808569
29075,"Missouri","Gentry","sunflower",0.968415193673693
29075,"Missouri","Gentry","wheat",492.465981194326
29077,"Missouri","Greene","corn",5423.18427290414
29077,"Missouri","Greene","grain sorghum",109.845357081194
29077,"Missouri","Greene","oats",150.117723000013
29077,"Missouri","Greene","soybeans",6903.32007137019
29077,"Missouri","Greene","sunflower",130.637285474548
29077,"Missouri","Greene","wheat",3048.65328639494
29079,"Missouri","Grundy","barley",4.85229028151523
29079,"Missouri","Grundy","corn",10571.8880933857
29079,"Missouri","Grundy","grain sorghum",32.4569696930554
29079,"Missouri","Grundy","oats",27.5583130821835
29079,"Missouri","Grundy","soybeans",19527.1672082773
29079,"Missouri","Grundy","wheat",199.549359540585
29081,"Missouri","Harrison","corn",19063.128386558
29081,"Missouri","Harrison","grain sorghum",78.0814766375764
29081,"Missouri","Harrison","oats",109.523867964941
29081,"Missouri","Harrison","soybeans",26321.4036623903
29081,"Missouri","Harrison","wheat",335.182964075517
29083,"Missouri","Henry","barley",9.42625461612565
29083,"Missouri","Henry","corn",3006.23346732512
29083,"Missouri","Henry","grain sorghum",47.3070345429489
29083,"Missouri","Henry","oats",13.0703756015739
29083,"Missouri","Henry","soybeans",7255.36181381256
29083,"Missouri","Henry","sunflower",0.598425931234614
29083,"Missouri","Henry","wheat",997.93675684553
29085,"Missouri","Hickory","corn",0
29085,"Missouri","Hickory","grain sorghum",0
29085,"Missouri","Hickory","oats",0
29085,"Missouri","Hickory","soybeans",0
29085,"Missouri","Hickory","wheat",0
29087,"Missouri","Holt","corn",3892.77168913633
29087,"Missouri","Holt","dry peas",0.179207815613927
29087,"Missouri","Holt","grain sorghum",6.91061456411998
29087,"Missouri","Holt","oats",2.01129515849491
29087,"Missouri","Holt","soybeans",3371.14587393699
29087,"Missouri","Holt","sunflower",0.486222755541661
29087,"Missouri","Holt","wheat",52.3548687276722
29089,"Missouri","Howard","barley",5.42042413626184
29089,"Missouri","Howard","corn",8706.30265701212
29089,"Missouri","Howard","grain sorghum",69.0504160639553
29089,"Missouri","Howard","oats",17.0617495408876
29089,"Missouri","Howard","soybeans",11592.6192236826
29089,"Missouri","Howard","sunflower",4.50055181105421
29089,"Missouri","Howard","wheat",901.815537303708
29091,"Missouri","Howell","corn",1249.81853305221
29091,"Missouri","Howell","grain sorghum",10.0672434592776
29091,"Missouri","Howell","soybeans",354.78562252374
29091,"Missouri","Howell","sunflower",10.1726596211548
29091,"Missouri","Howell","wheat",135.614880364746
29093,"Missouri","Iron","corn",52.5068601069783
29093,"Missouri","Iron","soybeans",266.580853664228
29093,"Missouri","Iron","wheat",31.5657810006719
29095,"Missouri","Jackson","corn",448.638169683082
29095,"Missouri","Jackson","grain sorghum",0.155502376436811
29095,"Missouri","Jackson","oats",1.0602972951713
29095,"Missouri","Jackson","soybeans",706.855363594233
29095,"Missouri","Jackson","sunflower",0.197574846812862
29095,"Missouri","Jackson","wheat",22.8945675216618
29097,"Missouri","Jasper","barley",40.0336082581491
29097,"Missouri","Jasper","corn",9562.48285124265
29097,"Missouri","Jasper","grain sorghum",236.238342741028
29097,"Missouri","Jasper","oats",31.0456907273398
29097,"Missouri","Jasper","soybeans",17904.6237374465
29097,"Missouri","Jasper","sunflower",42.700261905347
29097,"Missouri","Jasper","wheat",9915.54562560202
29099,"Missouri","Jefferson","barley",3.94678877067497
29099,"Missouri","Jefferson","corn",185.024736772329
29099,"Missouri","Jefferson","soybeans",307.438471226947
29099,"Missouri","Jefferson","wheat",36.5973281863469
29101,"Missouri","Johnson","corn",13181.9037838825
29101,"Missouri","Johnson","grain sorghum",45.58343738423
29101,"Missouri","Johnson","oats",21.0271591823262
29101,"Missouri","Johnson","soybeans",22706.7241448499
29101,"Missouri","Johnson","sunflower",0.373534737380808
29101,"Missouri","Johnson","wheat",1352.95327544223
29103,"Missouri","Knox","barley",20.705247193384
29103,"Missouri","Knox","corn",15599.6588593913
29103,"Missouri","Knox","grain sorghum",36.5933823047247
29103,"Missouri","Knox","oats",63.4864306491913
29103,"Missouri","Knox","rice_long grain",0.798432065505821
29103,"Missouri","Knox","rice_short/medium grain",1.27862786290968
29103,"Missouri","Knox","soybeans",23355.9732300657
29103,"Missouri","Knox","sunflower",5.56724042828377
29103,"Missouri","Knox","wheat",535.661310227158
29105,"Missouri","Laclede","corn",1769.30218362477
29105,"Missouri","Laclede","grain sorghum",130.37073236464
29105,"Missouri","Laclede","oats",17.9395836198904
29105,"Missouri","Laclede","soybeans",1146.90017682752
29105,"Missouri","Laclede","wheat",159.793113210275
29107,"Missouri","Lafayette","barley",2.20367275340734
29107,"Missouri","Lafayette","corn",9277.12897966045
29107,"Missouri","Lafayette","dry peas",0.0000890732721668286
29107,"Missouri","Lafayette","grain sorghum",9.60076264050162
29107,"Missouri","Lafayette","oats",3.00110122248087
29107,"Missouri","Lafayette","soybeans",10020.4913977011
29107,"Missouri","Lafayette","sunflower",0.861783908214067
29107,"Missouri","Lafayette","wheat",386.339284834629
29109,"Missouri","Lawrence","barley",176.309039589546
29109,"Missouri","Lawrence","corn",11061.3377463125
29109,"Missouri","Lawrence","grain sorghum",151.573778068747
29109,"Missouri","Lawrence","oats",348.379001854908
29109,"Missouri","Lawrence","soybeans",11642.0809316089
29109,"Missouri","Lawrence","sunflower",67.1977764255289
29109,"Missouri","Lawrence","wheat",6752.73568813965
29111,"Missouri","Lewis","corn",17287.7304040835
29111,"Missouri","Lewis","grain sorghum",7.25676159609348
29111,"Missouri","Lewis","oats",6.5907982176177
29111,"Missouri","Lewis","rice_long grain",18.2534507827679
29111,"Missouri","Lewis","soybeans",19779.5218708879
29111,"Missouri","Lewis","sunflower",3.54669039607929
29111,"Missouri","Lewis","wheat",625.351554944983
29113,"Missouri","Lincoln","corn",6520.3150948607
29113,"Missouri","Lincoln","grain sorghum",250.978664659302
29113,"Missouri","Lincoln","oats",3.29762272412639
29113,"Missouri","Lincoln","soybeans",12394.3694616685
29113,"Missouri","Lincoln","wheat",1116.66325544277
29115,"Missouri","Linn","corn",14205.7232182299
29115,"Missouri","Linn","grain sorghum",57.5666383111095
29115,"Missouri","Linn","oats",30.0038402356209
29115,"Missouri","Linn","soybeans",29415.4719133407
29115,"Missouri","Linn","wheat",1636.80678091946
29117,"Missouri","Livingston","barley",3.16669350041432
29117,"Missouri","Livingston","corn",9840.88275227756
29117,"Missouri","Livingston","grain sorghum",358.939448340386
29117,"Missouri","Livingston","oats",6.98121734913373
29117,"Missouri","Livingston","soybeans",24047.5127066856
29117,"Missouri","Livingston","wheat",711.524469953635
29121,"Missouri","Macon","corn",13956.894502892
29121,"Missouri","Macon","grain sorghum",25.8682483875353
29121,"Missouri","Macon","oats",33.1490358880687
29121,"Missouri","Macon","soybeans",33460.3885980712
29121,"Missouri","Macon","wheat",1151.04696808952
29123,"Missouri","Madison","corn",180.028850946069
29123,"Missouri","Madison","grain sorghum",10.217057266017
29123,"Missouri","Madison","oats",11.1819162078303
29123,"Missouri","Madison","soybeans",652.678216629795
29123,"Missouri","Madison","wheat",66.9082815960088
29125,"Missouri","Maries","barley",43.9235515499971
29125,"Missouri","Maries","corn",3236.45049450483
29125,"Missouri","Maries","grain sorghum",288.423274637562
29125,"Missouri","Maries","oats",58.773016062589
29125,"Missouri","Maries","soybeans",6344.9560714394
29125,"Missouri","Maries","sunflower",15.5973814373575
29125,"Missouri","Maries","wheat",675.298925022237
29127,"Missouri","Marion","corn",11573.1080559789
29127,"Missouri","Marion","dry peas",6.62267072722528
29127,"Missouri","Marion","grain sorghum",3.57270486115595
29127,"Missouri","Marion","oats",8.69358182881281
29127,"Missouri","Marion","rice_long grain",21.6284241809187
29127,"Missouri","Marion","soybeans",13916.2439395498
29127,"Missouri","Marion","sunflower",1.04547799017325
29127,"Missouri","Marion","wheat",683.074835984844
29119,"Missouri","McDonald","canola",769.380194795328
29119,"Missouri","McDonald","corn",2708.67035708928
29119,"Missouri","McDonald","oats",465.136594079282
29119,"Missouri","McDonald","soybeans",2983.10106210249
29119,"Missouri","McDonald","wheat",2601.46485135559
29129,"Missouri","Mercer","corn",6243.04198522502
29129,"Missouri","Mercer","grain sorghum",31.5139678817846
29129,"Missouri","Mercer","oats",34.9235116296082
29129,"Missouri","Mercer","soybeans",11367.1660126736
29129,"Missouri","Mercer","wheat",291.456758088582
29131,"Missouri","Miller","barley",50.5935858901423
29131,"Missouri","Miller","corn",2490.16652221728
29131,"Missouri","Miller","grain sorghum",256.613921428439
29131,"Missouri","Miller","oats",156.613028578491
29131,"Missouri","Miller","soybeans",5961.79002305003
29131,"Missouri","Miller","wheat",368.446130875437
29133,"Missouri","Mississippi","corn",1937.99402726592
29133,"Missouri","Mississippi","cotton",71.3139807991574
29133,"Missouri","Mississippi","grain sorghum",9.14933571354549
29133,"Missouri","Mississippi","peanuts",13.2638041937644
29133,"Missouri","Mississippi","rice_long grain",25.1386784451054
29133,"Missouri","Mississippi","soybeans",5464.24785897936
29133,"Missouri","Mississippi","sunflower",3.24505067284073
29133,"Missouri","Mississippi","wheat",1290.64422344421
29135,"Missouri","Moniteau","barley",0.973963565160711
29135,"Missouri","Moniteau","corn",606.489214901454
29135,"Missouri","Moniteau","grain sorghum",13.6939830649985
29135,"Missouri","Moniteau","oats",1.38448551862002
29135,"Missouri","Moniteau","soybeans",907.77399737149
29135,"Missouri","Moniteau","sunflower",0.931168196388499
29135,"Missouri","Moniteau","wheat",122.275370366679
29137,"Missouri","Monroe","corn",9008.22451671474
29137,"Missouri","Monroe","grain sorghum",142.095412267006
29137,"Missouri","Monroe","oats",18.8407386863212
29137,"Missouri","Monroe","soybeans",14405.4051589484
29137,"Missouri","Monroe","sunflower",0.544650862556589
29137,"Missouri","Monroe","wheat",795.174414943891
29139,"Missouri","Montgomery","barley",24.2977495221221
29139,"Missouri","Montgomery","corn",9113.3801628028
29139,"Missouri","Montgomery","grain sorghum",203.175421123388
29139,"Missouri","Montgomery","oats",20.3568065364716
29139,"Missouri","Montgomery","soybeans",14657.4644051571
29139,"Missouri","Montgomery","sunflower",0.266567408419747
29139,"Missouri","Montgomery","wheat",2029.35979336594
29141,"Missouri","Morgan","barley",4.87535139525806
29141,"Missouri","Morgan","corn",383.328018323861
29141,"Missouri","Morgan","grain sorghum",12.8997885193271
29141,"Missouri","Morgan","oats",4.05212357345476
29141,"Missouri","Morgan","soybeans",642.482170766052
29141,"Missouri","Morgan","sunflower",0.394862181969606
29141,"Missouri","Morgan","wheat",91.8965149201997
29143,"Missouri","New Madrid","corn",1632.77776503344
29143,"Missouri","New Madrid","cotton",2826.90147615624
29143,"Missouri","New Madrid","grain sorghum",5.90647939557937
29143,"Missouri","New Madrid","peanuts",25.6695713442139
29143,"Missouri","New Madrid","rice_long grain",626.699358868774
29143,"Missouri","New Madrid","rice_short/medium grain",6.57657748360032
29143,"Missouri","New Madrid","soybeans",5144.70739120734
29143,"Missouri","New Madrid","sunflower",0.684612894711033
29143,"Missouri","New Madrid","wheat",307.212203934475
29145,"Missouri","Newton","barley",33.2134742066621
29145,"Missouri","Newton","corn",4335.67246524179
29145,"Missouri","Newton","grain sorghum",171.044909157837
29145,"Missouri","Newton","oats",111.229928312312
29145,"Missouri","Newton","soybeans",5771.98290911862
29145,"Missouri","Newton","sunflower",5.53371111507994
29145,"Missouri","Newton","wheat",3942.24661905245
29147,"Missouri","Nodaway","barley",3.27128464571664
29147,"Missouri","Nodaway","corn",34322.9475960601
29147,"Missouri","Nodaway","dry peas",12.0464655529663
29147,"Missouri","Nodaway","grain sorghum",1.7694919401135
29147,"Missouri","Nodaway","oats",159.10918162511
29147,"Missouri","Nodaway","soybeans",37662.380435906
29147,"Missouri","Nodaway","sunflower",4.19395467399569
29147,"Missouri","Nodaway","wheat",518.323541046717
29149,"Missouri","Oregon","corn",0
29149,"Missouri","Oregon","soybeans",0
29149,"Missouri","Oregon","wheat",0
29151,"Missouri","Osage","barley",35.0207022765732
29151,"Missouri","Osage","corn",4584.26810192748
29151,"Missouri","Osage","grain sorghum",302.33720887992
29151,"Missouri","Osage","oats",6.15867942582483
29151,"Missouri","Osage","soybeans",5984.30330395154
29151,"Missouri","Osage","wheat",589.770689336835
29153,"Missouri","Ozark","wheat",709.343801582904
29155,"Missouri","Pemiscot","corn",271.796969496504
29155,"Missouri","Pemiscot","cotton",398.425786513519
29155,"Missouri","Pemiscot","grain sorghum",1.29900950307249
29155,"Missouri","Pemiscot","peanuts",0.117880501515923
29155,"Missouri","Pemiscot","rice_long grain",547.972934590982
29155,"Missouri","Pemiscot","rice_short/medium grain",18.1505671507622
29155,"Missouri","Pemiscot","soybeans",2047.65664169971
29155,"Missouri","Pemiscot","sunflower",0.171599199857743
29155,"Missouri","Pemiscot","wheat",277.668415313822
29157,"Missouri","Perry","barley",32.2051716182342
29157,"Missouri","Perry","corn",7153.18136561736
29157,"Missouri","Perry","grain sorghum",48.7102610871763
29157,"Missouri","Perry","oats",14.4408555480702
29157,"Missouri","Perry","soybeans",13429.4277636325
29157,"Missouri","Perry","sunflower",0.217108034693444
29157,"Missouri","Perry","wheat",3662.94479375397
29159,"Missouri","Pettis","barley",5.78624727013892
29159,"Missouri","Pettis","corn",2011.15855275366
29159,"Missouri","Pettis","grain sorghum",4.83079087551664
29159,"Missouri","Pettis","oats",2.12888990283736
29159,"Missouri","Pettis","soybeans",3103.54046628627
29159,"Missouri","Pettis","sunflower",4.81341242618636
29159,"Missouri","Pettis","wheat",291.613306030129
29161,"Missouri","Phelps","corn",2118.34839063114
29161,"Missouri","Phelps","grain sorghum",486.511614646864
29161,"Missouri","Phelps","oats",99.3453915801846
29161,"Missouri","Phelps","soybeans",2402.83189573879
29161,"Missouri","Phelps","wheat",136.765735985464
29163,"Missouri","Pike","barley",1.95993693234762
29163,"Missouri","Pike","corn",9824.1251889699
29163,"Missouri","Pike","grain sorghum",143.376662469191
29163,"Missouri","Pike","oats",5.80204995819565
29163,"Missouri","Pike","soybeans",13667.1505631862
29163,"Missouri","Pike","wheat",1100.41409390541
29165,"Missouri","Platte","corn",6372.74594741102
29165,"Missouri","Platte","grain sorghum",20.493231836389
29165,"Missouri","Platte","oats",5.52566822379162
29165,"Missouri","Platte","soybeans",7252.30218478987
29165,"Missouri","Platte","sunflower",2.9404886335033
29165,"Missouri","Platte","wheat",118.941403887878
29167,"Missouri","Polk","corn",5943.588513017
29167,"Missouri","Polk","grain sorghum",388.778323310918
29167,"Missouri","Polk","oats",64.9066823342374
29167,"Missouri","Polk","soybeans",6043.82949809604
29167,"Missouri","Polk","wheat",2314.12441413755
29169,"Missouri","Pulaski","corn",1677.32106801164
29169,"Missouri","Pulaski","soybeans",1732.86618669501
29169,"Missouri","Pulaski","wheat",246.928414737832
29171,"Missouri","Putnam","corn",12179.9565171818
29171,"Missouri","Putnam","dry peas",179.012359116069
29171,"Missouri","Putnam","grain sorghum",164.260802522555
29171,"Missouri","Putnam","oats",102.440492648706
29171,"Missouri","Putnam","soybeans",20887.9109481816
29171,"Missouri","Putnam","wheat",631.085580337719
29173,"Missouri","Ralls","barley",4.09135155360953
29173,"Missouri","Ralls","corn",10554.2255205437
29173,"Missouri","Ralls","grain sorghum",71.6620918847277
29173,"Missouri","Ralls","oats",15.8293916659553
29173,"Missouri","Ralls","soybeans",14608.0643538074
29173,"Missouri","Ralls","sunflower",2.60374155671253
29173,"Missouri","Ralls","wheat",780.455502075584
29175,"Missouri","Randolph","barley",7.53100614831797
29175,"Missouri","Randolph","corn",4590.00827824622
29175,"Missouri","Randolph","grain sorghum",48.4738229655447
29175,"Missouri","Randolph","oats",13.1091010023478
29175,"Missouri","Randolph","soybeans",10555.9799047658
29175,"Missouri","Randolph","wheat",784.737497510597
29177,"Missouri","Ray","corn",9666.99796768318
29177,"Missouri","Ray","grain sorghum",99.9086610064823
29177,"Missouri","Ray","oats",9.36143078206885
29177,"Missouri","Ray","soybeans",18857.6126193238
29177,"Missouri","Ray","sunflower",18.8971159272622
29177,"Missouri","Ray","wheat",573.434294740627
29179,"Missouri","Reynolds","soybeans",0
29179,"Missouri","Reynolds","wheat",0
29181,"Missouri","Ripley","corn",0
29181,"Missouri","Ripley","grain sorghum",0
29181,"Missouri","Ripley","rice_long grain",0
29181,"Missouri","Ripley","rice_short/medium grain",0
29181,"Missouri","Ripley","soybeans",0
29181,"Missouri","Ripley","sunflower",0
29181,"Missouri","Ripley","wheat",0
29195,"Missouri","Saline","barley",2.2802884534051
29195,"Missouri","Saline","corn",24310.8534463973
29195,"Missouri","Saline","grain sorghum",19.348861045219
29195,"Missouri","Saline","oats",17.9341605389428
29195,"Missouri","Saline","soybeans",23723.074301896
29195,"Missouri","Saline","sunflower",9.53823506178157
29195,"Missouri","Saline","wheat",796.36234284981
29197,"Missouri","Schuyler","corn",5189.75011892783
29197,"Missouri","Schuyler","oats",51.4335831630661
29197,"Missouri","Schuyler","soybeans",8382.41754438124
29197,"Missouri","Schuyler","wheat",104.170180182105
29199,"Missouri","Scotland","barley",4.15814701568874
29199,"Missouri","Scotland","corn",10091.0037387426
29199,"Missouri","Scotland","grain sorghum",7.66658356017612
29199,"Missouri","Scotland","oats",15.0815125978402
29199,"Missouri","Scotland","soybeans",12660.2292214288
29199,"Missouri","Scotland","sunflower",6.86022067536287
29199,"Missouri","Scotland","wheat",281.219380933857
29201,"Missouri","Scott","barley",0
29201,"Missouri","Scott","corn",0
29201,"Missouri","Scott","cotton",0
29201,"Missouri","Scott","grain sorghum",0
29201,"Missouri","Scott","oats",0
29201,"Missouri","Scott","peanuts",0
29201,"Missouri","Scott","rice_long grain",0
29201,"Missouri","Scott","rice_short/medium grain",0
29201,"Missouri","Scott","soybeans",0
29201,"Missouri","Scott","sunflower",0
29201,"Missouri","Scott","wheat",0
29205,"Missouri","Shelby","corn",13682.3830108882
29205,"Missouri","Shelby","grain sorghum",108.85356640237
29205,"Missouri","Shelby","oats",31.5747745656465
29205,"Missouri","Shelby","rice_long grain",0.163315239677487
29205,"Missouri","Shelby","soybeans",26093.6389708466
29205,"Missouri","Shelby","sunflower",2.08907410754119
29205,"Missouri","Shelby","wheat",651.39273134697
29183,"Missouri","St. Charles","corn",0
29183,"Missouri","St. Charles","grain sorghum",0
29183,"Missouri","St. Charles","oats",0
29183,"Missouri","St. Charles","soybeans",0
29183,"Missouri","St. Charles","wheat",0
29185,"Missouri","St. Clair","barley",1.42828446899735
29185,"Missouri","St. Clair","corn",783.278525015997
29185,"Missouri","St. Clair","grain sorghum",35.3438031628516
29185,"Missouri","St. Clair","oats",5.18422063370438
29185,"Missouri","St. Clair","soybeans",1772.89552181196
29185,"Missouri","St. Clair","sunflower",0.592707922050168
29185,"Missouri","St. Clair","wheat",487.836436239875
29187,"Missouri","St. Francois","corn",778.134784803414
29187,"Missouri","St. Francois","grain sorghum",19.9664389701039
29187,"Missouri","St. Francois","oats",3.6626112781499
29187,"Missouri","St. Francois","soybeans",2108.45855899507
29187,"Missouri","St. Francois","wheat",231.427561489298
29189,"Missouri","St. Louis","corn",0
29189,"Missouri","St. Louis","grain sorghum",0
29189,"Missouri","St. Louis","soybeans",0
29189,"Missouri","St. Louis","wheat",0
29193,"Missouri","Ste. Genevieve","corn",13581.5923001232
29193,"Missouri","Ste. Genevieve","grain sorghum",12.0036897210312
29193,"Missouri","Ste. Genevieve","oats",11.9443784453287
29193,"Missouri","Ste. Genevieve","soybeans",25345.6553425045
29193,"Missouri","Ste. Genevieve","sunflower",13.7784655862844
29193,"Missouri","Ste. Genevieve","wheat",4032.7798557595
29207,"Missouri","Stoddard","corn",1434.60495630517
29207,"Missouri","Stoddard","cotton",1263.87826961335
29207,"Missouri","Stoddard","grain sorghum",11.8635614850756
29207,"Missouri","Stoddard","oats",0.740494590059465
29207,"Missouri","Stoddard","peanuts",11.3555385464875
29207,"Missouri","Stoddard","rice_long grain",602.195307194601
29207,"Missouri","Stoddard","rice_short/medium grain",47.6640691068571
29207,"Missouri","Stoddard","soybeans",2730.00408850097
29207,"Missouri","Stoddard","sunflower",0.802073128070142
29207,"Missouri","Stoddard","wheat",408.163931371578
29209,"Missouri","Stone","corn",831.422492038958
29209,"Missouri","Stone","oats",93.7886966340787
29209,"Missouri","Stone","soybeans",192.779605263813
29209,"Missouri","Stone","wheat",218.670084169347
29211,"Missouri","Sullivan","corn",12045.0785685192
29211,"Missouri","Sullivan","grain sorghum",70.3533041098824
29211,"Missouri","Sullivan","oats",137.451201317473
29211,"Missouri","Sullivan","soybeans",25244.2179459791
29211,"Missouri","Sullivan","wheat",298.04921216835
29213,"Missouri","Taney","wheat",1154.59341694808
29215,"Missouri","Texas","corn",513.669484002811
29215,"Missouri","Texas","soybeans",77.0694801541238
29215,"Missouri","Texas","wheat",21.8355586455975
29217,"Missouri","Vernon","corn",12981.6115433524
29217,"Missouri","Vernon","grain sorghum",418.13002006735
29217,"Missouri","Vernon","oats",49.4223716319394
29217,"Missouri","Vernon","soybeans",20415.2801191419
29217,"Missouri","Vernon","sunflower",8.56935044095781
29217,"Missouri","Vernon","wheat",5370.67576479642
29219,"Missouri","Warren","corn",6.64185423457106
29219,"Missouri","Warren","grain sorghum",0.406493711074391
29219,"Missouri","Warren","soybeans",12.2126565748175
29219,"Missouri","Warren","wheat",1.29160424976069
29221,"Missouri","Washington","corn",163.450809907236
29221,"Missouri","Washington","soybeans",1418.80110527309
29221,"Missouri","Washington","wheat",96.3046439921025
29223,"Missouri","Wayne","barley",0
29223,"Missouri","Wayne","corn",0
29223,"Missouri","Wayne","grain sorghum",0
29223,"Missouri","Wayne","oats",0
29223,"Missouri","Wayne","soybeans",0
29223,"Missouri","Wayne","wheat",0
29225,"Missouri","Webster","barley",30.132721701372
29225,"Missouri","Webster","corn",3947.03326269426
29225,"Missouri","Webster","grain sorghum",65.2067479576049
29225,"Missouri","Webster","oats",45.6701227993438
29225,"Missouri","Webster","soybeans",1497.53392499605
29225,"Missouri","Webster","sunflower",2.08677756610076
29225,"Missouri","Webster","wheat",607.125852845424
29227,"Missouri","Worth","barley",10.3170035506146
29227,"Missouri","Worth","corn",5191.83833438891
29227,"Missouri","Worth","grain sorghum",25.9074252073533
29227,"Missouri","Worth","oats",37.1227497706132
29227,"Missouri","Worth","soybeans",8548.99765631462
29227,"Missouri","Worth","wheat",66.1154078817789
29229,"Missouri","Wright","corn",155.544851813816
29229,"Missouri","Wright","grain sorghum",3.82652601457101
29229,"Missouri","Wright","oats",17.8817519136091
29229,"Missouri","Wright","soybeans",62.7581934191146
29229,"Missouri","Wright","wheat",6.12112213158446
30001,"Montana","Beaverhead","barley",6534.68123944151
30001,"Montana","Beaverhead","canola",1061.58715439724
30001,"Montana","Beaverhead","corn",117.587352461199
30001,"Montana","Beaverhead","oats",125.054342783789
30001,"Montana","Beaverhead","wheat",8843.74016097567
30003,"Montana","Big Horn","barley",4352.1745759572
30003,"Montana","Big Horn","canola",3068.07264733398
30003,"Montana","Big Horn","corn",2532.23759155987
30003,"Montana","Big Horn","dry peas",1639.11409186207
30003,"Montana","Big Horn","flaxseed",37.249693686624
30003,"Montana","Big Horn","grain sorghum",59.3832428309838
30003,"Montana","Big Horn","lentils",1293.13532027963
30003,"Montana","Big Horn","oats",160.187535112524
30003,"Montana","Big Horn","safflower",2799.62293494489
30003,"Montana","Big Horn","soybeans",180.284909412738
30003,"Montana","Big Horn","sunflower",708.454511054929
30003,"Montana","Big Horn","wheat",29422.2422057159
30005,"Montana","Blaine","barley",2608.00473497834
30005,"Montana","Blaine","canola",508.051065441481
30005,"Montana","Blaine","corn",138.9960936729
30005,"Montana","Blaine","dry peas",1364.50120465719
30005,"Montana","Blaine","flaxseed",63.3454404778446
30005,"Montana","Blaine","lentils",762.317219952079
30005,"Montana","Blaine","mustard",446.846887260108
30005,"Montana","Blaine","oats",458.886125750525
30005,"Montana","Blaine","safflower",114.472364518361
30005,"Montana","Blaine","soybeans",35.2115922118017
30005,"Montana","Blaine","wheat",23977.328227371
30007,"Montana","Broadwater","barley",1069.89874370023
30007,"Montana","Broadwater","canola",148.526986453099
30007,"Montana","Broadwater","corn",184.942321934299
30007,"Montana","Broadwater","dry peas",549.252020397632
30007,"Montana","Broadwater","mustard",221.786411759962
30007,"Montana","Broadwater","oats",26.1592954931131
30007,"Montana","Broadwater","safflower",10.3538841937183
30007,"Montana","Broadwater","sunflower",2.72100076610917
30007,"Montana","Broadwater","wheat",4901.99387378422
30009,"Montana","Carbon","barley",9947.56683173098
30009,"Montana","Carbon","canola",21.709285623197
30009,"Montana","Carbon","corn",8819.77518680315
30009,"Montana","Carbon","dry peas",316.710527015804
30009,"Montana","Carbon","oats",212.450055571178
30009,"Montana","Carbon","safflower",152.466571922633
30009,"Montana","Carbon","wheat",4332.52328046087
30011,"Montana","Carter","barley",7178.25049501115
30011,"Montana","Carter","canola",452.79447658404
30011,"Montana","Carter","corn",1927.52904689648
30011,"Montana","Carter","dry peas",4736.89442871876
30011,"Montana","Carter","flaxseed",139.615706816391
30011,"Montana","Carter","lentils",447.541406598062
30011,"Montana","Carter","oats",1825.12305763543
30011,"Montana","Carter","safflower",202.85863820611
30011,"Montana","Carter","soybeans",1114.81378224748
30011,"Montana","Carter","wheat",46741.8778832826
30013,"Montana","Cascade","barley",6121.34391171884
30013,"Montana","Cascade","canola",624.095424987148
30013,"Montana","Cascade","corn",18.094914119368
30013,"Montana","Cascade","dry peas",1808.62170927526
30013,"Montana","Cascade","lentils",417.671668229116
30013,"Montana","Cascade","mustard",84.6809232183692
30013,"Montana","Cascade","oats",64.2924414770085
30013,"Montana","Cascade","safflower",13.6130803952906
30013,"Montana","Cascade","soybeans",121.934401211342
30013,"Montana","Cascade","wheat",15726.2043816567
30015,"Montana","Chouteau","barley",0
30015,"Montana","Chouteau","canola",0
30015,"Montana","Chouteau","corn",0
30015,"Montana","Chouteau","dry peas",0
30015,"Montana","Chouteau","flaxseed",0
30015,"Montana","Chouteau","lentils",0
30015,"Montana","Chouteau","mustard",0
30015,"Montana","Chouteau","oats",0
30015,"Montana","Chouteau","safflower",0
30015,"Montana","Chouteau","wheat",0
30017,"Montana","Custer","barley",2317.14669582644
30017,"Montana","Custer","canola",56.1059527929467
30017,"Montana","Custer","corn",2901.63023213676
30017,"Montana","Custer","dry peas",1219.65303469965
30017,"Montana","Custer","grain sorghum",27.3158620600593
30017,"Montana","Custer","lentils",490.118599030862
30017,"Montana","Custer","oats",194.366323848528
30017,"Montana","Custer","safflower",149.976088321959
30017,"Montana","Custer","soybeans",129.305807081465
30017,"Montana","Custer","sunflower",17.2616775199046
30017,"Montana","Custer","wheat",6482.29541678872
30019,"Montana","Daniels","barley",942.759167078505
30019,"Montana","Daniels","canola",2919.48462301871
30019,"Montana","Daniels","chickpeas_large",15.68611282752
30019,"Montana","Daniels","chickpeas_small",87.9694452322123
30019,"Montana","Daniels","corn",202.533499084968
30019,"Montana","Daniels","dry peas",8124.45032659485
30019,"Montana","Daniels","flaxseed",711.15422088327
30019,"Montana","Daniels","lentils",11745.9528486611
30019,"Montana","Daniels","mustard",512.564230951264
30019,"Montana","Daniels","oats",409.819554802136
30019,"Montana","Daniels","safflower",294.794219646085
30019,"Montana","Daniels","soybeans",324.718038998882
30019,"Montana","Daniels","sunflower",405.123702639541
30019,"Montana","Daniels","wheat",60367.5422363971
30021,"Montana","Dawson","barley",3302.52101180496
30021,"Montana","Dawson","canola",895.173585758575
30021,"Montana","Dawson","chickpeas_large",91.837603958482
30021,"Montana","Dawson","corn",2396.86413973586
30021,"Montana","Dawson","dry peas",6574.96340270498
30021,"Montana","Dawson","flaxseed",493.415186374516
30021,"Montana","Dawson","grain sorghum",5.85905029065631
30021,"Montana","Dawson","lentils",3198.41500217739
30021,"Montana","Dawson","mustard",227.90877526503
30021,"Montana","Dawson","oats",751.06707230636
30021,"Montana","Dawson","safflower",561.443344701908
30021,"Montana","Dawson","soybeans",394.050884035946
30021,"Montana","Dawson","sunflower",278.028882546672
30021,"Montana","Dawson","wheat",47471.4071082546
30023,"Montana","Deer Lodge","barley",359.261474740716
30023,"Montana","Deer Lodge","corn",521.520979039476
30023,"Montana","Deer Lodge","wheat",7043.11761576381
30025,"Montana","Fallon","barley",2035.18131604165
30025,"Montana","Fallon","canola",306.46270067187
30025,"Montana","Fallon","corn",4650.39510940313
30025,"Montana","Fallon","dry peas",1764.24184818974
30025,"Montana","Fallon","flaxseed",34.6041619772717
30025,"Montana","Fallon","lentils",494.768868836544
30025,"Montana","Fallon","oats",934.744107732367
30025,"Montana","Fallon","safflower",1561.91412592331
30025,"Montana","Fallon","soybeans",1786.31393955906
30025,"Montana","Fallon","sunflower",935.01884777075
30025,"Montana","Fallon","wheat",17665.7543774433
30027,"Montana","Fergus","barley",14954.7062051943
30027,"Montana","Fergus","canola",611.231309815117
30027,"Montana","Fergus","chickpeas_large",3.6413951377966
30027,"Montana","Fergus","corn",192.739782311097
30027,"Montana","Fergus","dry peas",1517.20706706471
30027,"Montana","Fergus","lentils",1166.24900131977
30027,"Montana","Fergus","mustard",665.838824745279
30027,"Montana","Fergus","oats",538.696462247991
30027,"Montana","Fergus","safflower",148.690301460028
30027,"Montana","Fergus","soybeans",45.8829199499159
30027,"Montana","Fergus","wheat",50492.6284449297
30029,"Montana","Flathead","barley",252.482316089491
30029,"Montana","Flathead","canola",698.160621324475
30029,"Montana","Flathead","corn",1.90726464324476
30029,"Montana","Flathead","dry peas",142.628378257933
30029,"Montana","Flathead","lentils",20.6519688010736
30029,"Montana","Flathead","mustard",8.60693215455106
30029,"Montana","Flathead","oats",14.3751528082878
30029,"Montana","Flathead","soybeans",0.601891354226169
30029,"Montana","Flathead","sunflower",0.935387133038392
30029,"Montana","Flathead","wheat",1229.62831723036
30031,"Montana","Gallatin","barley",6580.32965357498
30031,"Montana","Gallatin","canola",436.800320338628
30031,"Montana","Gallatin","corn",677.480058471498
30031,"Montana","Gallatin","dry peas",913.045772145365
30031,"Montana","Gallatin","flaxseed",11.5417189269339
30031,"Montana","Gallatin","lentils",84.7293270849961
30031,"Montana","Gallatin","mustard",8.34644884460959
30031,"Montana","Gallatin","oats",59.5259708409616
30031,"Montana","Gallatin","soybeans",30.6593772184928
30031,"Montana","Gallatin","sunflower",74.7778123385677
30031,"Montana","Gallatin","wheat",11627.9604341625
30033,"Montana","Garfield","barley",5809.08507169914
30033,"Montana","Garfield","canola",63.3137561248092
30033,"Montana","Garfield","corn",397.47976144941
30033,"Montana","Garfield","dry peas",2792.96928999438
30033,"Montana","Garfield","flaxseed",51.7265045498187
30033,"Montana","Garfield","lentils",846.139701693136
30033,"Montana","Garfield","oats",292.87523877021
30033,"Montana","Garfield","safflower",315.297593832253
30033,"Montana","Garfield","soybeans",132.169220078145
30033,"Montana","Garfield","wheat",24588.2959718387
30035,"Montana","Glacier","barley",0
30035,"Montana","Glacier","canola",0
30035,"Montana","Glacier","dry peas",0
30035,"Montana","Glacier","lentils",0
30035,"Montana","Glacier","mustard",0
30035,"Montana","Glacier","oats",0
30035,"Montana","Glacier","sunflower",0
30035,"Montana","Glacier","wheat",0
30037,"Montana","Golden Valley","barley",1840.7208585582
30037,"Montana","Golden Valley","canola",132.339748197739
30037,"Montana","Golden Valley","corn",118.430278967602
30037,"Montana","Golden Valley","dry peas",254.444686001002
30037,"Montana","Golden Valley","flaxseed",100.8153941842
30037,"Montana","Golden Valley","lentils",136.92890677014
30037,"Montana","Golden Valley","mustard",107.178190138394
30037,"Montana","Golden Valley","oats",20.5624035537235
30037,"Montana","Golden Valley","safflower",130.325439500699
30037,"Montana","Golden Valley","wheat",7526.00732477374
30039,"Montana","Granite","barley",5357.40394700919
30039,"Montana","Granite","corn",1992.84535994575
30039,"Montana","Granite","dry peas",992.965473312824
30039,"Montana","Granite","oats",552.443895010823
30039,"Montana","Granite","wheat",558.281888674861
30041,"Montana","Hill","barley",0
30041,"Montana","Hill","canola",0
30041,"Montana","Hill","corn",0
30041,"Montana","Hill","dry peas",0
30041,"Montana","Hill","flaxseed",0
30041,"Montana","Hill","grain sorghum",0
30041,"Montana","Hill","lentils",0
30041,"Montana","Hill","mustard",0
30041,"Montana","Hill","oats",0
30041,"Montana","Hill","safflower",0
30041,"Montana","Hill","soybeans",0
30041,"Montana","Hill","wheat",0
30043,"Montana","Jefferson","barley",3208.15278604054
30043,"Montana","Jefferson","canola",377.818066563865
30043,"Montana","Jefferson","corn",1620.86934311606
30043,"Montana","Jefferson","oats",70.6310921574845
30043,"Montana","Jefferson","wheat",1685.44900572764
30045,"Montana","Judith Basin","barley",2647.8868241758
30045,"Montana","Judith Basin","canola",81.1514592110592
30045,"Montana","Judith Basin","corn",68.3535035225252
30045,"Montana","Judith Basin","dry peas",407.065600210179
30045,"Montana","Judith Basin","flaxseed",32.957714862207
30045,"Montana","Judith Basin","lentils",103.460546161716
30045,"Montana","Judith Basin","oats",216.358206999857
30045,"Montana","Judith Basin","safflower",59.851763280738
30045,"Montana","Judith Basin","soybeans",2.54584520036298
30045,"Montana","Judith Basin","wheat",6723.35766617989
30047,"Montana","Lake","barley",257.658389262308
30047,"Montana","Lake","canola",140.217284717185
30047,"Montana","Lake","corn",241.183135120614
30047,"Montana","Lake","dry peas",16.1395900378071
30047,"Montana","Lake","oats",89.1430215023877
30047,"Montana","Lake","wheat",1306.54739352975
30049,"Montana","Lewis and Clark","barley",9501.49368697264
30049,"Montana","Lewis and Clark","canola",1671.66595650169
30049,"Montana","Lewis and Clark","corn",1042.99933086689
30049,"Montana","Lewis and Clark","dry peas",563.574443529908
30049,"Montana","Lewis and Clark","oats",422.004453491179
30049,"Montana","Lewis and Clark","soybeans",569.443233782714
30049,"Montana","Lewis and Clark","wheat",12371.9777307075
30051,"Montana","Liberty","barley",348.581070718023
30051,"Montana","Liberty","canola",18.2590047703063
30051,"Montana","Liberty","corn",3.6367038242271
30051,"Montana","Liberty","dry peas",399.267594253681
30051,"Montana","Liberty","flaxseed",45.6684580765351
30051,"Montana","Liberty","lentils",350.385487429569
30051,"Montana","Liberty","mustard",224.708885695508
30051,"Montana","Liberty","oats",15.4267217284664
30051,"Montana","Liberty","safflower",5.88690005637312
30051,"Montana","Liberty","soybeans",0.0236626194862914
30051,"Montana","Liberty","wheat",2681.80201404396
30053,"Montana","Lincoln","barley",584.960860924434
30057,"Montana","Madison","barley",10179.3355376454
30057,"Montana","Madison","canola",935.296236671973
30057,"Montana","Madison","corn",305.571157134481
30057,"Montana","Madison","dry peas",1485.66099514572
30057,"Montana","Madison","oats",1249.49004738488
30057,"Montana","Madison","sunflower",259.678600591109
30057,"Montana","Madison","wheat",11182.4067558853
30055,"Montana","McCone","barley",4787.75239197342
30055,"Montana","McCone","canola",437.068146082006
30055,"Montana","McCone","corn",1302.01777127176
30055,"Montana","McCone","dry peas",11948.1752279643
30055,"Montana","McCone","flaxseed",709.758739084083
30055,"Montana","McCone","lentils",6227.42375967827
30055,"Montana","McCone","mustard",575.306482505197
30055,"Montana","McCone","oats",1291.38130621518
30055,"Montana","McCone","safflower",222.320822434914
30055,"Montana","McCone","soybeans",453.349360691886
30055,"Montana","McCone","sunflower",7.46380424387797
30055,"Montana","McCone","wheat",51418.1781237657
30059,"Montana","Meagher","barley",7375.25320217123
30059,"Montana","Meagher","canola",786.992445076548
30059,"Montana","Meagher","corn",307.138292279546
30059,"Montana","Meagher","dry peas",1400.43389521273
30059,"Montana","Meagher","mustard",1087.73240025337
30059,"Montana","Meagher","oats",407.402719958735
30059,"Montana","Meagher","wheat",6053.61574903875
30061,"Montana","Mineral","wheat",0
30063,"Montana","Missoula","barley",817.533102877466
30063,"Montana","Missoula","oats",482.910308025825
30063,"Montana","Missoula","wheat",378.878021733839
30065,"Montana","Musselshell","barley",7462.82718248714
30065,"Montana","Musselshell","corn",644.841099551747
30065,"Montana","Musselshell","dry peas",1011.08571423477
30065,"Montana","Musselshell","lentils",889.448739673175
30065,"Montana","Musselshell","mustard",292.439536592538
30065,"Montana","Musselshell","oats",608.419920827376
30065,"Montana","Musselshell","safflower",908.096383180053
30065,"Montana","Musselshell","soybeans",38.1208337315081
30065,"Montana","Musselshell","sunflower",420.342956433762
30065,"Montana","Musselshell","wheat",14786.7447402717
30067,"Montana","Park","barley",4995.37651701083
30067,"Montana","Park","canola",905.506699074992
30067,"Montana","Park","chickpeas_small",135.350436385303
30067,"Montana","Park","dry peas",371.569912200445
30067,"Montana","Park","flaxseed",149.438263302884
30067,"Montana","Park","lentils",218.644663360513
30067,"Montana","Park","mustard",397.124117509181
30067,"Montana","Park","oats",310.215140924878
30067,"Montana","Park","sunflower",97.3073427091381
30067,"Montana","Park","wheat",6411.2472336181
30069,"Montana","Petroleum","barley",2527.47802700731
30069,"Montana","Petroleum","corn",1205.15471378615
30069,"Montana","Petroleum","oats",1078.01505401058
30069,"Montana","Petroleum","safflower",1483.16066392233
30069,"Montana","Petroleum","sunflower",842.010251461407
30069,"Montana","Petroleum","wheat",27053.6727336018
30071,"Montana","Phillips","barley",15293.9268115277
30071,"Montana","Phillips","canola",395.627340932165
30071,"Montana","Phillips","corn",337.939300795004
30071,"Montana","Phillips","dry peas",9247.30071547586
30071,"Montana","Phillips","flaxseed",441.654571597718
30071,"Montana","Phillips","grain sorghum",153.952355097779
30071,"Montana","Phillips","lentils",3834.28137381885
30071,"Montana","Phillips","mustard",1052.73090898441
30071,"Montana","Phillips","oats",840.300724674996
30071,"Montana","Phillips","safflower",1149.00040443389
30071,"Montana","Phillips","soybeans",4600.46013483036
30071,"Montana","Phillips","wheat",70849.0419464092
30073,"Montana","Pondera","barley",0
30073,"Montana","Pondera","canola",0
30073,"Montana","Pondera","chickpeas_large",0
30073,"Montana","Pondera","corn",0
30073,"Montana","Pondera","dry peas",0
30073,"Montana","Pondera","flaxseed",0
30073,"Montana","Pondera","grain sorghum",0
30073,"Montana","Pondera","lentils",0
30073,"Montana","Pondera","mustard",0
30073,"Montana","Pondera","oats",0
30073,"Montana","Pondera","safflower",0
30073,"Montana","Pondera","soybeans",0
30073,"Montana","Pondera","sunflower",0
30073,"Montana","Pondera","wheat",0
30075,"Montana","Powder River","barley",16371.353270861
30075,"Montana","Powder River","corn",1779.25209132804
30075,"Montana","Powder River","dry peas",1299.61447317854
30075,"Montana","Powder River","oats",2702.37983573271
30075,"Montana","Powder River","wheat",39969.9796508495
30077,"Montana","Powell","barley",4095.23214919384
30077,"Montana","Powell","corn",426.077432554925
30077,"Montana","Powell","oats",964.108308774105
30077,"Montana","Powell","wheat",7677.17825452694
30079,"Montana","Prairie","barley",1737.46422807343
30079,"Montana","Prairie","canola",897.43993825954
30079,"Montana","Prairie","corn",2708.39099693018
30079,"Montana","Prairie","dry peas",2258.39547960388
30079,"Montana","Prairie","lentils",824.557915439699
30079,"Montana","Prairie","oats",279.923946321813
30079,"Montana","Prairie","safflower",206.304041899703
30079,"Montana","Prairie","soybeans",154.08982090882
30079,"Montana","Prairie","wheat",11000.9840191222
30081,"Montana","Ravalli","barley",1449.33983090751
30081,"Montana","Ravalli","canola",7.72919020738938
30081,"Montana","Ravalli","corn",742.169968753503
30081,"Montana","Ravalli","oats",261.625796831256
30081,"Montana","Ravalli","soybeans",41.781377253152
30081,"Montana","Ravalli","wheat",1542.44740615105
30083,"Montana","Richland","barley",6483.43719140887
30083,"Montana","Richland","canola",805.537022434001
30083,"Montana","Richland","chickpeas_small",61.5837752710576
30083,"Montana","Richland","corn",4347.37978348399
30083,"Montana","Richland","dry peas",5678.38094371944
30083,"Montana","Richland","flaxseed",824.853687834055
30083,"Montana","Richland","lentils",1978.7909617288
30083,"Montana","Richland","mustard",288.995893956679
30083,"Montana","Richland","oats",2960.4267806996
30083,"Montana","Richland","safflower",1917.36083611838
30083,"Montana","Richland","soybeans",2207.43015351065
30083,"Montana","Richland","wheat",64308.6436688061
30085,"Montana","Roosevelt","barley",3017.73032684714
30085,"Montana","Roosevelt","canola",3169.73491868629
30085,"Montana","Roosevelt","corn",587.969217817408
30085,"Montana","Roosevelt","dry peas",12618.572206289
30085,"Montana","Roosevelt","flaxseed",154.927893398504
30085,"Montana","Roosevelt","grain sorghum",37.4818606309988
30085,"Montana","Roosevelt","lentils",7688.13473327053
30085,"Montana","Roosevelt","mustard",3663.29739630469
30085,"Montana","Roosevelt","oats",1000.60414529537
30085,"Montana","Roosevelt","safflower",251.86270964724
30085,"Montana","Roosevelt","soybeans",1182.32939163352
30085,"Montana","Roosevelt","wheat",87821.4927576332
30087,"Montana","Rosebud","barley",3511.06166742633
30087,"Montana","Rosebud","canola",66.7298753205278
30087,"Montana","Rosebud","corn",2216.5997052659
30087,"Montana","Rosebud","dry peas",328.030380176987
30087,"Montana","Rosebud","flaxseed",102.024216131727
30087,"Montana","Rosebud","lentils",116.735759057028
30087,"Montana","Rosebud","mustard",430.859450891742
30087,"Montana","Rosebud","oats",458.616631368009
30087,"Montana","Rosebud","safflower",677.971661962215
30087,"Montana","Rosebud","soybeans",346.80366015628
30087,"Montana","Rosebud","sunflower",140.282594728521
30087,"Montana","Rosebud","wheat",9207.9435401447
30089,"Montana","Sanders","barley",695.198603922326
30089,"Montana","Sanders","canola",1190.10206700954
30089,"Montana","Sanders","oats",1198.45713863657
30089,"Montana","Sanders","wheat",1846.87300590286
30091,"Montana","Sheridan","barley",1720.57325497686
30091,"Montana","Sheridan","canola",3816.7395124965
30091,"Montana","Sheridan","corn",390.147029426525
30091,"Montana","Sheridan","dry peas",20212.9075114744
30091,"Montana","Sheridan","lentils",19135.119855986
30091,"Montana","Sheridan","mustard",1983.95700170712
30091,"Montana","Sheridan","oats",650.845564910845
30091,"Montana","Sheridan","safflower",161.136499021319
30091,"Montana","Sheridan","soybeans",1610.47959389335
30091,"Montana","Sheridan","wheat",74876.2236991684
30093,"Montana","Silver Bow","barley",885.322294117026
30093,"Montana","Silver Bow","oats",640.996618324699
30095,"Montana","Stillwater","barley",2102.40126510101
30095,"Montana","Stillwater","chickpeas_small",45.8861283842895
30095,"Montana","Stillwater","corn",993.900600862393
30095,"Montana","Stillwater","dry peas",515.135055193705
30095,"Montana","Stillwater","mustard",147.278778368668
30095,"Montana","Stillwater","oats",17.5795461176775
30095,"Montana","Stillwater","safflower",866.297270369468
30095,"Montana","Stillwater","sunflower",215.131896567107
30095,"Montana","Stillwater","wheat",10102.6972969041
30097,"Montana","Sweet Grass","barley",5721.0630858298
30097,"Montana","Sweet Grass","oats",2937.52029945447
30097,"Montana","Sweet Grass","wheat",12181.6125430517
30099,"Montana","Teton","barley",1506.22336697564
30099,"Montana","Teton","canola",72.4822912577492
30099,"Montana","Teton","chickpeas_large",9.72658962288833
30099,"Montana","Teton","chickpeas_small",3.23362301811632
30099,"Montana","Teton","corn",5.69770031435319
30099,"Montana","Teton","dry peas",238.166232659906
30099,"Montana","Teton","flaxseed",12.2117765173942
30099,"Montana","Teton","lentils",62.6474879263284
30099,"Montana","Teton","mustard",33.7785272724498
30099,"Montana","Teton","oats",38.2428470742895
30099,"Montana","Teton","safflower",0.498921392535076
30099,"Montana","Teton","sunflower",1.85171522808935
30099,"Montana","Teton","wheat",2972.11695452799
30101,"Montana","Toole","barley",3657.08199213936
30101,"Montana","Toole","canola",676.584140096483
30101,"Montana","Toole","corn",22.5596849353917
30101,"Montana","Toole","dry peas",1743.31373587455
30101,"Montana","Toole","flaxseed",167.314384853709
30101,"Montana","Toole","grain sorghum",1.10260665206564
30101,"Montana","Toole","lentils",585.11524416534
30101,"Montana","Toole","mustard",360.207215239102
30101,"Montana","Toole","oats",70.8149563331818
30101,"Montana","Toole","safflower",30.2421849921912
30101,"Montana","Toole","sunflower",4.22254243475057
30101,"Montana","Toole","wheat",10615.5336033525
30103,"Montana","Treasure","barley",3169.8808124851
30103,"Montana","Treasure","canola",52.6710115179264
30103,"Montana","Treasure","corn",2317.51801078241
30103,"Montana","Treasure","dry peas",602.281405096131
30103,"Montana","Treasure","oats",254.567816994764
30103,"Montana","Treasure","safflower",263.554577784784
30103,"Montana","Treasure","soybeans",182.512258516661
30103,"Montana","Treasure","sunflower",36.4356356379788
30103,"Montana","Treasure","wheat",3461.91991413082
30105,"Montana","Valley","barley",3498.72820588029
30105,"Montana","Valley","canola",4191.57638894187
30105,"Montana","Valley","corn",855.48040981152
30105,"Montana","Valley","dry peas",15394.8257356868
30105,"Montana","Valley","flaxseed",3298.47709662919
30105,"Montana","Valley","lentils",10062.904314076
30105,"Montana","Valley","mustard",2634.76379852794
30105,"Montana","Valley","oats",1196.98435428106
30105,"Montana","Valley","safflower",272.186717226563
30105,"Montana","Valley","soybeans",600.59980348326
30105,"Montana","Valley","sunflower",660.62481354331
30105,"Montana","Valley","wheat",92744.942512814
30107,"Montana","Wheatland","barley",8244.93652190683
30107,"Montana","Wheatland","canola",549.564803176261
30107,"Montana","Wheatland","dry peas",3408.24386527049
30107,"Montana","Wheatland","grain sorghum",4.83693227081961
30107,"Montana","Wheatland","lentils",904.186352969966
30107,"Montana","Wheatland","mustard",1564.9671119209
30107,"Montana","Wheatland","oats",145.45176238753
30107,"Montana","Wheatland","wheat",29090.1753713704
30109,"Montana","Wibaux","barley",985.210015581088
30109,"Montana","Wibaux","canola",672.025804912467
30109,"Montana","Wibaux","corn",1891.15033139528
30109,"Montana","Wibaux","dry peas",1264.20631829851
30109,"Montana","Wibaux","flaxseed",258.358472637913
30109,"Montana","Wibaux","lentils",690.298974473354
30109,"Montana","Wibaux","mustard",112.533172467929
30109,"Montana","Wibaux","oats",435.912334150169
30109,"Montana","Wibaux","safflower",348.902046500152
30109,"Montana","Wibaux","soybeans",155.580043921618
30109,"Montana","Wibaux","sunflower",1024.53588980141
30109,"Montana","Wibaux","wheat",11468.109527995
30111,"Montana","Yellowstone","barley",4320.00631319321
30111,"Montana","Yellowstone","canola",194.672660927281
30111,"Montana","Yellowstone","corn",2196.64217853788
30111,"Montana","Yellowstone","dry peas",908.410618144502
30111,"Montana","Yellowstone","flaxseed",74.2012700627892
30111,"Montana","Yellowstone","lentils",250.044887891396
30111,"Montana","Yellowstone","oats",135.24635780356
30111,"Montana","Yellowstone","safflower",928.087137677903
30111,"Montana","Yellowstone","soybeans",68.4572631163042
30111,"Montana","Yellowstone","sunflower",142.91225297591
30111,"Montana","Yellowstone","wheat",17151.6595666055
31001,"Nebraska","Adams","barley",198.635226555192
31001,"Nebraska","Adams","corn",12792.6662314018
31001,"Nebraska","Adams","dry peas",25.5222855775496
31001,"Nebraska","Adams","grain sorghum",145.579733959145
31001,"Nebraska","Adams","oats",12.6624772700779
31001,"Nebraska","Adams","soybeans",6016.44934718265
31001,"Nebraska","Adams","sunflower",0.317661038946704
31001,"Nebraska","Adams","wheat",187.755081842436
31003,"Nebraska","Antelope","barley",4.2044291198265
31003,"Nebraska","Antelope","corn",25415.6741405979
31003,"Nebraska","Antelope","grain sorghum",20.2865184022281
31003,"Nebraska","Antelope","oats",147.059453644067
31003,"Nebraska","Antelope","peanuts",7.94217980449963
31003,"Nebraska","Antelope","soybeans",13425.6782669206
31003,"Nebraska","Antelope","wheat",43.7803986874022
31005,"Nebraska","Arthur","corn",955.7849145589
31005,"Nebraska","Arthur","oats",83.0641301219896
31005,"Nebraska","Arthur","wheat",17.2460432455642
31007,"Nebraska","Banner","barley",158.191198472482
31007,"Nebraska","Banner","corn",1081.91028320026
31007,"Nebraska","Banner","dry peas",55.0354491785949
31007,"Nebraska","Banner","grain sorghum",11.5958816209961
31007,"Nebraska","Banner","lentils",12.5943779687858
31007,"Nebraska","Banner","oats",117.257664111885
31007,"Nebraska","Banner","soybeans",14.9064107097895
31007,"Nebraska","Banner","sunflower",295.12084593542
31007,"Nebraska","Banner","wheat",2152.53306283164
31009,"Nebraska","Blaine","corn",308.37245507086
31009,"Nebraska","Blaine","oats",14.075065002739
31009,"Nebraska","Blaine","soybeans",141.007136674655
31011,"Nebraska","Boone","corn",23345.4085505281
31011,"Nebraska","Boone","grain sorghum",15.0059719043402
31011,"Nebraska","Boone","oats",66.474217266578
31011,"Nebraska","Boone","soybeans",14737.5820907127
31011,"Nebraska","Boone","wheat",26.0225151166848
31013,"Nebraska","Box Butte","barley",122.741139579736
31013,"Nebraska","Box Butte","corn",23368.8526230259
31013,"Nebraska","Box Butte","dry peas",1322.97408441793
31013,"Nebraska","Box Butte","grain sorghum",441.662389849729
31013,"Nebraska","Box Butte","oats",1170.14008471287
31013,"Nebraska","Box Butte","soybeans",167.877366899534
31013,"Nebraska","Box Butte","sunflower",3261.55680872347
31013,"Nebraska","Box Butte","wheat",20412.366134022
31015,"Nebraska","Boyd","barley",43.9790060661104
31015,"Nebraska","Boyd","corn",8847.76778969319
31015,"Nebraska","Boyd","grain sorghum",33.7021885092618
31015,"Nebraska","Boyd","oats",639.880969063355
31015,"Nebraska","Boyd","soybeans",5408.89076780241
31015,"Nebraska","Boyd","wheat",364.53380522308
31017,"Nebraska","Brown","corn",0
31017,"Nebraska","Brown","grain sorghum",0
31017,"Nebraska","Brown","oats",0
31017,"Nebraska","Brown","soybeans",0
31019,"Nebraska","Buffalo","barley",8.08645581261875
31019,"Nebraska","Buffalo","corn",20004.0570483865
31019,"Nebraska","Buffalo","grain sorghum",99.0015453707117
31019,"Nebraska","Buffalo","oats",129.787639344857
31019,"Nebraska","Buffalo","soybeans",8081.09157239753
31019,"Nebraska","Buffalo","wheat",225.373720522283
31021,"Nebraska","Burt","corn",6998.15420333679
31021,"Nebraska","Burt","dry peas",6.18181739503135
31021,"Nebraska","Burt","grain sorghum",2.56306832384415
31021,"Nebraska","Burt","oats",10.5919024902323
31021,"Nebraska","Burt","soybeans",6176.10064321381
31021,"Nebraska","Burt","wheat",3.2167413142097
31023,"Nebraska","Butler","barley",0.669544648453784
31023,"Nebraska","Butler","corn",6912.88028893101
31023,"Nebraska","Butler","dry peas",2.46685356414691
31023,"Nebraska","Butler","grain sorghum",17.6687643755928
31023,"Nebraska","Butler","oats",9.97244907331383
31023,"Nebraska","Butler","soybeans",5127.07932253073
31023,"Nebraska","Butler","wheat",24.9802086753243
31025,"Nebraska","Cass","corn",3535.94796400263
31025,"Nebraska","Cass","grain sorghum",0.703639766879143
31025,"Nebraska","Cass","oats",2.8290827795453
31025,"Nebraska","Cass","soybeans",3540.89525415492
31025,"Nebraska","Cass","wheat",11.3409218075006
31027,"Nebraska","Cedar","barley",7.77785273785359
31027,"Nebraska","Cedar","corn",22721.9509942903
31027,"Nebraska","Cedar","dry peas",9.84546134795441
31027,"Nebraska","Cedar","grain sorghum",14.1142558619302
31027,"Nebraska","Cedar","oats",718.797442091456
31027,"Nebraska","Cedar","soybeans",15160.0129891462
31027,"Nebraska","Cedar","sunflower",21.2353329963842
31027,"Nebraska","Cedar","wheat",32.8980381191585
31029,"Nebraska","Chase","barley",11.1554519964014
31029,"Nebraska","Chase","canola",4.0301346206673
31029,"Nebraska","Chase","corn",11730.6758172489
31029,"Nebraska","Chase","dry peas",255.637491572057
31029,"Nebraska","Chase","grain sorghum",320.734794622306
31029,"Nebraska","Chase","mustard",3.07279311828534
31029,"Nebraska","Chase","oats",407.206721183948
31029,"Nebraska","Chase","soybeans",1025.95210850317
31029,"Nebraska","Chase","sunflower",5.35136923073955
31029,"Nebraska","Chase","wheat",2412.16356045898
31031,"Nebraska","Cherry","barley",199.813633149834
31031,"Nebraska","Cherry","corn",21984.1500316123
31031,"Nebraska","Cherry","dry peas",927.348661138858
31031,"Nebraska","Cherry","oats",2387.38017061006
31031,"Nebraska","Cherry","soybeans",4881.14050779923
31031,"Nebraska","Cherry","sunflower",232.034406955983
31031,"Nebraska","Cherry","wheat",1632.42246797236
31033,"Nebraska","Cheyenne","barley",97.4157734679418
31033,"Nebraska","Cheyenne","canola",2.56114726438381
31033,"Nebraska","Cheyenne","corn",9181.19474332286
31033,"Nebraska","Cheyenne","dry peas",1202.53851976666
31033,"Nebraska","Cheyenne","grain sorghum",1759.9184317972
31033,"Nebraska","Cheyenne","oats",531.930108076496
31033,"Nebraska","Cheyenne","safflower",9.01714878350889
31033,"Nebraska","Cheyenne","soybeans",503.263885240956
31033,"Nebraska","Cheyenne","sunflower",447.82346472379
31033,"Nebraska","Cheyenne","wheat",19368.1280178075
31035,"Nebraska","Clay","corn",4457.89659247225
31035,"Nebraska","Clay","grain sorghum",54.7851249559985
31035,"Nebraska","Clay","oats",5.59276852976466
31035,"Nebraska","Clay","soybeans",2367.65506421455
31035,"Nebraska","Clay","wheat",42.7204762873239
31037,"Nebraska","Colfax","barley",0.184906029325159
31037,"Nebraska","Colfax","corn",7849.79288251817
31037,"Nebraska","Colfax","grain sorghum",11.0881489169242
31037,"Nebraska","Colfax","oats",18.8839350380964
31037,"Nebraska","Colfax","soybeans",5567.03875183054
31037,"Nebraska","Colfax","wheat",80.282943586868
31039,"Nebraska","Cuming","barley",5.91385302908884
31039,"Nebraska","Cuming","corn",13778.0796941873
31039,"Nebraska","Cuming","grain sorghum",4.50468766543411
31039,"Nebraska","Cuming","oats",27.7668707507938
31039,"Nebraska","Cuming","soybeans",10161.5545681822
31039,"Nebraska","Cuming","wheat",6.11411907293889
31041,"Nebraska","Custer","barley",12.4972799306842
31041,"Nebraska","Custer","corn",42083.8507999092
31041,"Nebraska","Custer","dry peas",33.3018787940416
31041,"Nebraska","Custer","grain sorghum",29.9713087932513
31041,"Nebraska","Custer","oats",674.454945772686
31041,"Nebraska","Custer","soybeans",15280.6525652
31041,"Nebraska","Custer","wheat",532.751343699139
31043,"Nebraska","Dakota","corn",3944.8063445372
31043,"Nebraska","Dakota","oats",4.19756770900931
31043,"Nebraska","Dakota","soybeans",3392.18196458638
31043,"Nebraska","Dakota","wheat",4.37458892003852
31045,"Nebraska","Dawes, North Sioux","barley",1827.90373278368
31045,"Nebraska","Dawes, North Sioux","corn",22550.0639299355
31045,"Nebraska","Dawes, North Sioux","dry peas",906.549889230354
31045,"Nebraska","Dawes, North Sioux","grain sorghum",309.184044903036
31045,"Nebraska","Dawes, North Sioux","oats",9599.73071385836
31045,"Nebraska","Dawes, North Sioux","safflower",86.1949863851361
31045,"Nebraska","Dawes, North Sioux","soybeans",1351.35199120311
31045,"Nebraska","Dawes, North Sioux","sunflower",3323.25807668242
31045,"Nebraska","Dawes, North Sioux","wheat",57667.0303577005
31047,"Nebraska","Dawson","barley",39.0168546865441
31047,"Nebraska","Dawson","corn",25951.6085550787
31047,"Nebraska","Dawson","grain sorghum",127.236605885761
31047,"Nebraska","Dawson","oats",267.589976176432
31047,"Nebraska","Dawson","soybeans",8677.91552986928
31047,"Nebraska","Dawson","sunflower",3.0110509514794
31047,"Nebraska","Dawson","wheat",340.031517263962
31049,"Nebraska","Deuel","barley",17.9517445576011
31049,"Nebraska","Deuel","corn",7990.70567234896
31049,"Nebraska","Deuel","dry peas",546.824189940242
31049,"Nebraska","Deuel","grain sorghum",1747.53794480576
31049,"Nebraska","Deuel","oats",173.739661824759
31049,"Nebraska","Deuel","soybeans",136.488005188436
31049,"Nebraska","Deuel","sunflower",952.260423563572
31049,"Nebraska","Deuel","wheat",9048.99182580976
31051,"Nebraska","Dixon","barley",5.8179472146159
31051,"Nebraska","Dixon","corn",14509.191019583
31051,"Nebraska","Dixon","grain sorghum",1.89098074612839
31051,"Nebraska","Dixon","oats",60.0134492360981
31051,"Nebraska","Dixon","soybeans",11614.4418273255
31051,"Nebraska","Dixon","wheat",45.9458096466178
31053,"Nebraska","Dodge","corn",3352.32870331237
31053,"Nebraska","Dodge","grain sorghum",6.66041914596853
31053,"Nebraska","Dodge","oats",2.62462501055637
31053,"Nebraska","Dodge","soybeans",2704.86343585521
31053,"Nebraska","Dodge","wheat",6.60296557554982
31055,"Nebraska","Douglas","barley",0
31055,"Nebraska","Douglas","corn",0
31055,"Nebraska","Douglas","grain sorghum",0
31055,"Nebraska","Douglas","oats",0
31055,"Nebraska","Douglas","soybeans",0
31055,"Nebraska","Douglas","sunflower",0
31055,"Nebraska","Douglas","wheat",0
31057,"Nebraska","Dundy","barley",0
31057,"Nebraska","Dundy","corn",0
31057,"Nebraska","Dundy","dry peas",0
31057,"Nebraska","Dundy","grain sorghum",0
31057,"Nebraska","Dundy","oats",0
31057,"Nebraska","Dundy","soybeans",0
31057,"Nebraska","Dundy","sunflower",0
31057,"Nebraska","Dundy","wheat",0
31059,"Nebraska","Fillmore","barley",0.252986786510014
31059,"Nebraska","Fillmore","corn",6933.94995635011
31059,"Nebraska","Fillmore","dry peas",10.7490471491155
31059,"Nebraska","Fillmore","grain sorghum",55.858181386509
31059,"Nebraska","Fillmore","oats",5.36151282553722
31059,"Nebraska","Fillmore","soybeans",4150.95775221003
31059,"Nebraska","Fillmore","wheat",46.8564055489097
31061,"Nebraska","Franklin","barley",6.37591293168376
31061,"Nebraska","Franklin","corn",6199.8649641486
31061,"Nebraska","Franklin","grain sorghum",114.134120175013
31061,"Nebraska","Franklin","oats",66.6710852938568
31061,"Nebraska","Franklin","soybeans",3254.24107504142
31061,"Nebraska","Franklin","wheat",301.289096452764
31063,"Nebraska","Frontier","barley",0.40069706066439
31063,"Nebraska","Frontier","corn",4498.87215898452
31063,"Nebraska","Frontier","grain sorghum",542.266456275897
31063,"Nebraska","Frontier","oats",93.2976244575361
31063,"Nebraska","Frontier","soybeans",748.405398708473
31063,"Nebraska","Frontier","sunflower",3.9152856859834
31063,"Nebraska","Frontier","wheat",1168.64628871988
31065,"Nebraska","Furnas","barley",24.9114410223087
31065,"Nebraska","Furnas","corn",14921.8304020544
31065,"Nebraska","Furnas","dry peas",42.8203495513423
31065,"Nebraska","Furnas","grain sorghum",1357.77759616567
31065,"Nebraska","Furnas","oats",384.50588483646
31065,"Nebraska","Furnas","soybeans",5845.53858907171
31065,"Nebraska","Furnas","wheat",3380.62213488627
31067,"Nebraska","Gage","corn",9967.09612384706
31067,"Nebraska","Gage","grain sorghum",56.8751055857981
31067,"Nebraska","Gage","oats",32.7601601902317
31067,"Nebraska","Gage","soybeans",9698.19329451226
31067,"Nebraska","Gage","wheat",201.844648732881
31069,"Nebraska","Garden","barley",34.2456301002757
31069,"Nebraska","Garden","corn",8285.60123925321
31069,"Nebraska","Garden","dry peas",1120.81909912377
31069,"Nebraska","Garden","grain sorghum",1167.42437455363
31069,"Nebraska","Garden","oats",350.522595849437
31069,"Nebraska","Garden","soybeans",560.407346940048
31069,"Nebraska","Garden","sunflower",85.0322159823217
31069,"Nebraska","Garden","wheat",6071.83457719521
31071,"Nebraska","Garfield","corn",560.918149856385
31071,"Nebraska","Garfield","grain sorghum",7.36922987478568
31071,"Nebraska","Garfield","oats",32.9718697378698
31071,"Nebraska","Garfield","soybeans",139.328944313953
31071,"Nebraska","Garfield","wheat",2.00090439156847
31073,"Nebraska","Gosper","barley",28.8315309292746
31073,"Nebraska","Gosper","chickpeas_large",0.483430938451335
31073,"Nebraska","Gosper","corn",8523.15528196293
31073,"Nebraska","Gosper","dry peas",12.9734995982613
31073,"Nebraska","Gosper","grain sorghum",245.083159796905
31073,"Nebraska","Gosper","oats",137.930919039138
31073,"Nebraska","Gosper","soybeans",3331.8609919996
31073,"Nebraska","Gosper","wheat",923.417670833828
31077,"Nebraska","Greeley","corn",9188.70937109539
31077,"Nebraska","Greeley","grain sorghum",24.8961926859462
31077,"Nebraska","Greeley","oats",95.2531524194823
31077,"Nebraska","Greeley","soybeans",4671.25333339707
31077,"Nebraska","Greeley","wheat",26.2240115675508
31079,"Nebraska","Hall","corn",6874.35567360319
31079,"Nebraska","Hall","grain sorghum",52.731200116266
31079,"Nebraska","Hall","oats",6.20286780233856
31079,"Nebraska","Hall","soybeans",1557.25945902019
31079,"Nebraska","Hall","wheat",18.2034543284809
31081,"Nebraska","Hamilton","barley",0.639904211216686
31081,"Nebraska","Hamilton","corn",5204.53595227694
31081,"Nebraska","Hamilton","dry peas",5.28449135846061
31081,"Nebraska","Hamilton","grain sorghum",24.0480339690461
31081,"Nebraska","Hamilton","oats",3.37810956333668
31081,"Nebraska","Hamilton","soybeans",2141.29879809716
31081,"Nebraska","Hamilton","wheat",24.3483732082669
31083,"Nebraska","Harlan","barley",4.58243294500596
31083,"Nebraska","Harlan","corn",12574.8725540728
31083,"Nebraska","Harlan","grain sorghum",763.292773089329
31083,"Nebraska","Harlan","oats",105.76908555827
31083,"Nebraska","Harlan","soybeans",6130.09837285709
31083,"Nebraska","Harlan","wheat",1788.00092343326
31085,"Nebraska","Hayes","barley",11.0968382577485
31085,"Nebraska","Hayes","corn",3521.02524948033
31085,"Nebraska","Hayes","grain sorghum",375.206727196274
31085,"Nebraska","Hayes","oats",118.300852894905
31085,"Nebraska","Hayes","soybeans",451.34942189629
31085,"Nebraska","Hayes","wheat",1045.97251953702
31087,"Nebraska","Hitchcock","corn",666.443814270195
31087,"Nebraska","Hitchcock","dry peas",4.63954840417342
31087,"Nebraska","Hitchcock","grain sorghum",121.232138182591
31087,"Nebraska","Hitchcock","oats",9.843269325777
31087,"Nebraska","Hitchcock","soybeans",63.8916337709402
31087,"Nebraska","Hitchcock","wheat",294.679800127294
31089,"Nebraska","Holt","barley",14.5397388613109
31089,"Nebraska","Holt","corn",24520.7779081927
31089,"Nebraska","Holt","dry peas",11.2101914584563
31089,"Nebraska","Holt","grain sorghum",65.4475085283299
31089,"Nebraska","Holt","oats",700.792703437006
31089,"Nebraska","Holt","soybeans",11070.8948247905
31089,"Nebraska","Holt","wheat",253.15047214995
31091,"Nebraska","Hooker","oats",1361.54449227995
31091,"Nebraska","Hooker","wheat",507.523470377087
31093,"Nebraska","Howard","barley",0.196099820402832
31093,"Nebraska","Howard","corn",11951.7295210123
31093,"Nebraska","Howard","grain sorghum",97.2529269741103
31093,"Nebraska","Howard","oats",41.2908620769916
31093,"Nebraska","Howard","soybeans",5296.51374076171
31093,"Nebraska","Howard","wheat",66.5954990088017
31095,"Nebraska","Jefferson","corn",4925.20780301444
31095,"Nebraska","Jefferson","dry peas",5.37335696684056
31095,"Nebraska","Jefferson","grain sorghum",41.5209268301172
31095,"Nebraska","Jefferson","oats",41.9585894919899
31095,"Nebraska","Jefferson","soybeans",4145.45110922572
31095,"Nebraska","Jefferson","sunflower",7.15766768838227
31095,"Nebraska","Jefferson","wheat",226.869797795452
31097,"Nebraska","Johnson","corn",3072.53559210192
31097,"Nebraska","Johnson","grain sorghum",11.3063163430945
31097,"Nebraska","Johnson","oats",16.9156800387586
31097,"Nebraska","Johnson","soybeans",2895.35588845137
31097,"Nebraska","Johnson","wheat",70.7791126263239
31099,"Nebraska","Kearney","barley",6.22808769896022
31099,"Nebraska","Kearney","corn",6853.56571027364
31099,"Nebraska","Kearney","grain sorghum",18.7363154183199
31099,"Nebraska","Kearney","oats",13.382222984573
31099,"Nebraska","Kearney","soybeans",3495.06659851579
31099,"Nebraska","Kearney","sunflower",0.134144990823652
31099,"Nebraska","Kearney","wheat",188.024936137929
31101,"Nebraska","Keith","barley",25.599540269922
31101,"Nebraska","Keith","corn",11244.3371581027
31101,"Nebraska","Keith","dry peas",65.1406736731005
31101,"Nebraska","Keith","grain sorghum",129.347029020425
31101,"Nebraska","Keith","oats",122.318766012839
31101,"Nebraska","Keith","soybeans",1951.37644231476
31101,"Nebraska","Keith","sunflower",15.7485413196171
31101,"Nebraska","Keith","wheat",2868.65592925393
31103,"Nebraska","Keya Paha","corn",10251.8732702553
31103,"Nebraska","Keya Paha","grain sorghum",24.1241829389848
31103,"Nebraska","Keya Paha","oats",454.663219903298
31103,"Nebraska","Keya Paha","soybeans",2673.09098703125
31103,"Nebraska","Keya Paha","wheat",48.5578709311747
31105,"Nebraska","Kimball","barley",0
31105,"Nebraska","Kimball","corn",0
31105,"Nebraska","Kimball","dry peas",0
31105,"Nebraska","Kimball","grain sorghum",0
31105,"Nebraska","Kimball","oats",0
31105,"Nebraska","Kimball","soybeans",0
31105,"Nebraska","Kimball","sunflower",0
31105,"Nebraska","Kimball","wheat",0
31107,"Nebraska","Knox","barley",17.8049389292689
31107,"Nebraska","Knox","corn",26736.7010858997
31107,"Nebraska","Knox","dry peas",13.5988733116115
31107,"Nebraska","Knox","grain sorghum",19.5170790140524
31107,"Nebraska","Knox","oats",1621.17608297045
31107,"Nebraska","Knox","soybeans",15963.8607976932
31107,"Nebraska","Knox","wheat",215.998512988547
31109,"Nebraska","Lancaster","barley",0
31109,"Nebraska","Lancaster","corn",0
31109,"Nebraska","Lancaster","grain sorghum",0
31109,"Nebraska","Lancaster","oats",0
31109,"Nebraska","Lancaster","soybeans",0
31109,"Nebraska","Lancaster","sunflower",0
31109,"Nebraska","Lancaster","wheat",0
31111,"Nebraska","Lincoln","barley",25.9217936402651
31111,"Nebraska","Lincoln","corn",22175.9572766059
31111,"Nebraska","Lincoln","dry peas",56.7423129706798
31111,"Nebraska","Lincoln","grain sorghum",172.653170794295
31111,"Nebraska","Lincoln","oats",283.594032079945
31111,"Nebraska","Lincoln","soybeans",5943.43594651107
31111,"Nebraska","Lincoln","sunflower",14.6370900565143
31111,"Nebraska","Lincoln","wheat",991.292114669318
31113,"Nebraska","Logan","barley",29.2046543807609
31113,"Nebraska","Logan","corn",3103.27855195393
31113,"Nebraska","Logan","grain sorghum",9.69477206492931
31113,"Nebraska","Logan","oats",90.7324043056693
31113,"Nebraska","Logan","soybeans",1063.62704275237
31113,"Nebraska","Logan","wheat",48.555552268816
31115,"Nebraska","Loup","corn",2427.41050219567
31115,"Nebraska","Loup","grain sorghum",15.3217786534101
31115,"Nebraska","Loup","oats",158.281319547985
31115,"Nebraska","Loup","soybeans",655.558157843663
31115,"Nebraska","Loup","wheat",10.4943689406919
31119,"Nebraska","Madison","barley",5.42597839724366
31119,"Nebraska","Madison","corn",10359.9109189889
31119,"Nebraska","Madison","grain sorghum",3.31800139350329
31119,"Nebraska","Madison","oats",26.5081907355014
31119,"Nebraska","Madison","soybeans",7552.07293145233
31119,"Nebraska","Madison","wheat",23.8790538661993
31117,"Nebraska","McPherson","corn",857.577457728441
31117,"Nebraska","McPherson","grain sorghum",12.6304366195769
31117,"Nebraska","McPherson","oats",267.480576023206
31117,"Nebraska","McPherson","soybeans",322.531261943307
31117,"Nebraska","McPherson","wheat",32.081489191138
31121,"Nebraska","Merrick","corn",3894.56380289011
31121,"Nebraska","Merrick","dry peas",9.41447614021286
31121,"Nebraska","Merrick","grain sorghum",26.0465719198578
31121,"Nebraska","Merrick","oats",4.73411089207834
31121,"Nebraska","Merrick","soybeans",1741.84402858917
31121,"Nebraska","Merrick","wheat",25.4207643038037
31123,"Nebraska","Morrill","barley",57.0199710347918
31123,"Nebraska","Morrill","corn",22916.3515848245
31123,"Nebraska","Morrill","dry peas",148.525361440519
31123,"Nebraska","Morrill","grain sorghum",263.111554147467
31123,"Nebraska","Morrill","oats",612.59984676445
31123,"Nebraska","Morrill","soybeans",297.806255404553
31123,"Nebraska","Morrill","sunflower",125.796476596665
31123,"Nebraska","Morrill","wheat",6770.16313031511
31125,"Nebraska","Nance","barley",2.20413630517919
31125,"Nebraska","Nance","corn",2917.27895562305
31125,"Nebraska","Nance","grain sorghum",20.128164397794
31125,"Nebraska","Nance","oats",13.7748301223278
31125,"Nebraska","Nance","soybeans",1697.26778213466
31125,"Nebraska","Nance","wheat",23.1054374830188
31127,"Nebraska","Nemaha","barley",2.25104645245668
31127,"Nebraska","Nemaha","corn",4734.14178474919
31127,"Nebraska","Nemaha","grain sorghum",7.61223705612995
31127,"Nebraska","Nemaha","oats",8.9852424563144
31127,"Nebraska","Nemaha","soybeans",4707.00925274747
31127,"Nebraska","Nemaha","wheat",39.2827546325808
31129,"Nebraska","Nuckolls","corn",6986.53539151214
31129,"Nebraska","Nuckolls","grain sorghum",68.8203787075712
31129,"Nebraska","Nuckolls","oats",31.0876829312096
31129,"Nebraska","Nuckolls","soybeans",4009.87624768335
31129,"Nebraska","Nuckolls","wheat",380.350049684652
31131,"Nebraska","Otoe","barley",5.26189408101295
31131,"Nebraska","Otoe","corn",7106.56343913492
31131,"Nebraska","Otoe","grain sorghum",3.62402221593022
31131,"Nebraska","Otoe","oats",13.501542465815
31131,"Nebraska","Otoe","soybeans",6987.59536032563
31131,"Nebraska","Otoe","wheat",49.4663517764664
31133,"Nebraska","Pawnee","corn",9663.79056439542
31133,"Nebraska","Pawnee","grain sorghum",101.323272790341
31133,"Nebraska","Pawnee","oats",53.4782449070042
31133,"Nebraska","Pawnee","soybeans",10019.5558555182
31133,"Nebraska","Pawnee","wheat",202.241468818898
31135,"Nebraska","Perkins","barley",25.7400829564329
31135,"Nebraska","Perkins","canola",0.412710415558657
31135,"Nebraska","Perkins","chickpeas_large",3.6065565024142
31135,"Nebraska","Perkins","corn",33931.2807714768
31135,"Nebraska","Perkins","dry peas",588.332276882861
31135,"Nebraska","Perkins","grain sorghum",1262.65849354023
31135,"Nebraska","Perkins","oats",252.092574825892
31135,"Nebraska","Perkins","soybeans",4012.6401200229
31135,"Nebraska","Perkins","sunflower",179.727730863248
31135,"Nebraska","Perkins","wheat",9618.92556397969
31137,"Nebraska","Phelps","corn",7578.1047220928
31137,"Nebraska","Phelps","grain sorghum",31.2175661561522
31137,"Nebraska","Phelps","oats",12.3083900233452
31137,"Nebraska","Phelps","soybeans",3366.65098050996
31137,"Nebraska","Phelps","wheat",112.689942241655
31139,"Nebraska","Pierce","barley",28.3243564992151
31139,"Nebraska","Pierce","corn",10342.004904656
31139,"Nebraska","Pierce","dry peas",47.8084362533969
31139,"Nebraska","Pierce","grain sorghum",0.900137682790844
31139,"Nebraska","Pierce","oats",105.43314123373
31139,"Nebraska","Pierce","soybeans",6984.94242807824
31139,"Nebraska","Pierce","wheat",58.735067434947
31141,"Nebraska","Platte","barley",3.39719660317363
31141,"Nebraska","Platte","corn",11144.7929743455
31141,"Nebraska","Platte","grain sorghum",9.69545000743251
31141,"Nebraska","Platte","oats",15.751276851925
31141,"Nebraska","Platte","sesame",1.0874102142885
31141,"Nebraska","Platte","soybeans",6877.82972260155
31141,"Nebraska","Platte","wheat",26.076030546388
31143,"Nebraska","Polk","corn",1848.62698069437
31143,"Nebraska","Polk","dry peas",2.92858917631608
31143,"Nebraska","Polk","grain sorghum",4.95781320133801
31143,"Nebraska","Polk","oats",1.94192531271055
31143,"Nebraska","Polk","soybeans",1183.7505670066
31143,"Nebraska","Polk","wheat",9.68199243879234
31145,"Nebraska","Red Willow","barley",0.334008338826176
31145,"Nebraska","Red Willow","corn",794.480689098584
31145,"Nebraska","Red Willow","dry peas",1.67295578230074
31145,"Nebraska","Red Willow","grain sorghum",133.567214880962
31145,"Nebraska","Red Willow","oats",20.7578669148319
31145,"Nebraska","Red Willow","soybeans",94.5253055035673
31145,"Nebraska","Red Willow","sunflower",2.04546753509811
31145,"Nebraska","Red Willow","wheat",389.569303532227
31147,"Nebraska","Richardson","barley",3.27958728531327
31147,"Nebraska","Richardson","corn",7546.82645118346
31147,"Nebraska","Richardson","grain sorghum",6.25702882040505
31147,"Nebraska","Richardson","oats",19.6186589847632
31147,"Nebraska","Richardson","soybeans",7155.50554477451
31147,"Nebraska","Richardson","wheat",80.2073006207748
31149,"Nebraska","Rock","corn",0
31149,"Nebraska","Rock","oats",0
31149,"Nebraska","Rock","soybeans",0
31149,"Nebraska","Rock","sunflower",0
31151,"Nebraska","Saline","barley",0.195561571770238
31151,"Nebraska","Saline","corn",4794.57501646327
31151,"Nebraska","Saline","grain sorghum",33.9360461122382
31151,"Nebraska","Saline","oats",12.4357569712948
31151,"Nebraska","Saline","soybeans",3813.60358609942
31151,"Nebraska","Saline","sunflower",3.89772113683686
31151,"Nebraska","Saline","wheat",79.885855020003
31153,"Nebraska","Sarpy","corn",0
31153,"Nebraska","Sarpy","oats",0
31153,"Nebraska","Sarpy","soybeans",0
31153,"Nebraska","Sarpy","wheat",0
31155,"Nebraska","Saunders","barley",0.831185702781482
31155,"Nebraska","Saunders","corn",4997.07978480268
31155,"Nebraska","Saunders","dry peas",0.00179355731179728
31155,"Nebraska","Saunders","grain sorghum",6.70257491868105
31155,"Nebraska","Saunders","oats",19.6467292824166
31155,"Nebraska","Saunders","soybeans",4378.39326623259
31155,"Nebraska","Saunders","wheat",32.2966377580282
31157,"Nebraska","Scotts Bluff","barley",145.378941870871
31157,"Nebraska","Scotts Bluff","canola",0.162868193865886
31157,"Nebraska","Scotts Bluff","corn",16359.1891705264
31157,"Nebraska","Scotts Bluff","dry peas",63.39877115078
31157,"Nebraska","Scotts Bluff","grain sorghum",7.33527322658834
31157,"Nebraska","Scotts Bluff","lentils",17.990730919557
31157,"Nebraska","Scotts Bluff","mustard",0.093067539351935
31157,"Nebraska","Scotts Bluff","oats",324.719159526656
31157,"Nebraska","Scotts Bluff","soybeans",146.379417918904
31157,"Nebraska","Scotts Bluff","sunflower",167.07531198229
31157,"Nebraska","Scotts Bluff","wheat",1677.8774399603
31159,"Nebraska","Seward","barley",0.791442964372777
31159,"Nebraska","Seward","corn",2553.34392884785
31159,"Nebraska","Seward","dry peas",3.30679433828634
31159,"Nebraska","Seward","grain sorghum",23.4074741804103
31159,"Nebraska","Seward","oats",3.81771862721931
31159,"Nebraska","Seward","soybeans",1909.99048243306
31159,"Nebraska","Seward","sunflower",0.553384721707549
31159,"Nebraska","Seward","wheat",6.95713025098342
31161,"Nebraska","Sheridan","barley",196.092670291526
31161,"Nebraska","Sheridan","chickpeas_large",4.35555326682096
31161,"Nebraska","Sheridan","corn",9328.19827159782
31161,"Nebraska","Sheridan","dry peas",361.23652129033
31161,"Nebraska","Sheridan","grain sorghum",552.167098738852
31161,"Nebraska","Sheridan","oats",942.002073890296
31161,"Nebraska","Sheridan","safflower",35.5217146675583
31161,"Nebraska","Sheridan","soybeans",905.437204215334
31161,"Nebraska","Sheridan","sunflower",2432.27640189942
31161,"Nebraska","Sheridan","wheat",6297.57425522626
31163,"Nebraska","Sherman","corn",7097.57263683225
31163,"Nebraska","Sherman","grain sorghum",15.495677377868
31163,"Nebraska","Sherman","oats",41.5016527253007
31163,"Nebraska","Sherman","soybeans",2748.00473296101
31163,"Nebraska","Sherman","wheat",35.6428283212672
31165,"Nebraska","South Sioux","barley",38.3897547385263
31165,"Nebraska","South Sioux","corn",18191.5730649774
31165,"Nebraska","South Sioux","grain sorghum",10.8247998304566
31165,"Nebraska","South Sioux","oats",1109.00599738747
31165,"Nebraska","South Sioux","soybeans",208.093389620996
31165,"Nebraska","South Sioux","sunflower",45.0407759935779
31165,"Nebraska","South Sioux","wheat",1770.8802006131
31167,"Nebraska","Stanton","barley",2.67873202477943
31167,"Nebraska","Stanton","corn",13527.1211508215
31167,"Nebraska","Stanton","grain sorghum",0.697404848940231
31167,"Nebraska","Stanton","oats",106.735580434786
31167,"Nebraska","Stanton","soybeans",10101.5142267928
31167,"Nebraska","Stanton","wheat",34.5349301956411
31169,"Nebraska","Thayer","barley",1.25217666768821
31169,"Nebraska","Thayer","corn",11036.6235204098
31169,"Nebraska","Thayer","dry peas",2.31884568090409
31169,"Nebraska","Thayer","grain sorghum",84.341476714149
31169,"Nebraska","Thayer","oats",31.2351675280073
31169,"Nebraska","Thayer","soybeans",6492.66376927995
31169,"Nebraska","Thayer","sunflower",0.316206229214194
31169,"Nebraska","Thayer","wheat",368.541311407282
31171,"Nebraska","Thomas","corn",1359.20200736789
31171,"Nebraska","Thomas","oats",264.774525093855
31173,"Nebraska","Thurston","barley",7.56843270888949
31173,"Nebraska","Thurston","corn",7066.11089767394
31173,"Nebraska","Thurston","dry peas",22.8702622112364
31173,"Nebraska","Thurston","grain sorghum",7.96076177923013
31173,"Nebraska","Thurston","oats",68.5743418520481
31173,"Nebraska","Thurston","soybeans",5522.70851567083
31173,"Nebraska","Thurston","wheat",20.1904090402412
31175,"Nebraska","Valley","barley",5.90246024680362
31175,"Nebraska","Valley","corn",15049.4899720736
31175,"Nebraska","Valley","grain sorghum",155.789153561086
31175,"Nebraska","Valley","oats",165.993169652141
31175,"Nebraska","Valley","soybeans",6834.93188553378
31175,"Nebraska","Valley","sunflower",28.2760951276082
31175,"Nebraska","Valley","wheat",100.977018276029
31177,"Nebraska","Washington","corn",4311.85195351985
31177,"Nebraska","Washington","dry peas",2.42389511669802
31177,"Nebraska","Washington","grain sorghum",2.86165169435572
31177,"Nebraska","Washington","oats",5.80095759900898
31177,"Nebraska","Washington","soybeans",3963.52723095471
31177,"Nebraska","Washington","wheat",8.52521418541035
31179,"Nebraska","Wayne","barley",0.885829439537878
31179,"Nebraska","Wayne","corn",14651.7538703644
31179,"Nebraska","Wayne","grain sorghum",7.70058418430223
31179,"Nebraska","Wayne","oats",60.5796395704516
31179,"Nebraska","Wayne","soybeans",11603.0685545956
31179,"Nebraska","Wayne","wheat",9.35243439583665
31181,"Nebraska","Webster","barley",50.7749859285231
31181,"Nebraska","Webster","corn",13568.8822045877
31181,"Nebraska","Webster","grain sorghum",379.088848044904
31181,"Nebraska","Webster","oats",135.645545898574
31181,"Nebraska","Webster","soybeans",8190.50195933077
31181,"Nebraska","Webster","sunflower",0.697920508345626
31181,"Nebraska","Webster","wheat",1752.35708518205
31183,"Nebraska","Wheeler","corn",866.087386648111
31183,"Nebraska","Wheeler","grain sorghum",3.06258067016251
31183,"Nebraska","Wheeler","oats",11.5620056819216
31183,"Nebraska","Wheeler","soybeans",359.247511576773
31183,"Nebraska","Wheeler","wheat",12.1568032966479
31185,"Nebraska","York","canola",0.108673222165216
31185,"Nebraska","York","corn",10179.9430082495
31185,"Nebraska","York","dry peas",5.10902501288068
31185,"Nebraska","York","grain sorghum",65.3281528294656
31185,"Nebraska","York","oats",2.45156223752572
31185,"Nebraska","York","soybeans",5056.58698084772
31185,"Nebraska","York","sunflower",0.0675434262762974
31185,"Nebraska","York","wheat",26.0953084074532
32001,"Nevada","Churchill","barley",98.2010578823385
32001,"Nevada","Churchill","chickpeas_large",3.56015919815124
32001,"Nevada","Churchill","corn",11688.1625967119
32001,"Nevada","Churchill","oats",815.936891706147
32001,"Nevada","Churchill","soybeans",36.5303291636389
32001,"Nevada","Churchill","wheat",5113.64756339207
32003,"Nevada","Clark","corn",69.6826885940132
32003,"Nevada","Clark","oats",51.6697135924608
32005,"Nevada","Douglas","wheat",1035.44606147858
32007,"Nevada","Elko","barley",4098.77574760319
32007,"Nevada","Elko","corn",10551.4636916255
32007,"Nevada","Elko","oats",3964.97743538145
32009,"Nevada","Esmeralda","wheat",2419.98556165446
32011,"Nevada","Eureka","barley",3335.10719492973
32011,"Nevada","Eureka","wheat",1462.00506732091
32013,"Nevada","Humboldt","barley",2093.68213665786
32013,"Nevada","Humboldt","canola",996.646033267718
32013,"Nevada","Humboldt","corn",9603.54149601785
32013,"Nevada","Humboldt","oats",861.230576607242
32013,"Nevada","Humboldt","wheat",26587.9370642111
32015,"Nevada","Lander","corn",4940.80824661566
32015,"Nevada","Lander","wheat",2483.83953371687
32017,"Nevada","Lincoln","barley",1666.62103956734
32017,"Nevada","Lincoln","corn",651.310411722169
32017,"Nevada","Lincoln","oats",295.97777056625
32017,"Nevada","Lincoln","wheat",1704.81906141351
32019,"Nevada","Lyon","barley",84.6820564150855
32019,"Nevada","Lyon","corn",6264.55515965969
32019,"Nevada","Lyon","oats",500.015870708405
32019,"Nevada","Lyon","wheat",7119.33550371964
32023,"Nevada","Northwest Nye","corn",1010.26833065164
32023,"Nevada","Northwest Nye","wheat",838.942629397909
32027,"Nevada","Pershing","barley",164.526099855953
32027,"Nevada","Pershing","corn",11130.8517778229
32027,"Nevada","Pershing","wheat",14574.217946819
32035,"Nevada","Southeast Nye","barley",906.516074058484
32035,"Nevada","Southeast Nye","corn",1809.52855717371
32035,"Nevada","Southeast Nye","oats",131.765485474809
32035,"Nevada","Southeast Nye","wheat",41.2814411140731
32031,"Nevada","Washoe","corn",263.302880329497
32031,"Nevada","Washoe","wheat",1532.93238199573
32033,"Nevada","White Pine","barley",1760.45529508642
32033,"Nevada","White Pine","corn",3232.83420582875
32033,"Nevada","White Pine","oats",1664.90585611414
32033,"Nevada","White Pine","wheat",1112.54731233683
33001,"New Hampshire","Belknap","corn",341.237032255607
33003,"New Hampshire","Carroll","barley",0
33003,"New Hampshire","Carroll","corn",0
33003,"New Hampshire","Carroll","oats",0
33003,"New Hampshire","Carroll","soybeans",0
33005,"New Hampshire","Cheshire","corn",874.611207777381
33005,"New Hampshire","Cheshire","soybeans",1.07639571823661
33007,"New Hampshire","Coos","barley",13.2383358928024
33007,"New Hampshire","Coos","corn",964.135826476688
33007,"New Hampshire","Coos","oats",13.1309863285193
33007,"New Hampshire","Coos","soybeans",18.0959810177973
33007,"New Hampshire","Coos","sunflower",0.464047107852019
33009,"New Hampshire","Grafton","barley",46.5896747801263
33009,"New Hampshire","Grafton","corn",1932.59595551735
33009,"New Hampshire","Grafton","oats",8.44377245866399
33009,"New Hampshire","Grafton","soybeans",93.6157381286659
33009,"New Hampshire","Grafton","sunflower",4.43315371086542
33009,"New Hampshire","Grafton","wheat",17.7949560675207
33011,"New Hampshire","Hillsborough","corn",0
33011,"New Hampshire","Hillsborough","oats",0
33013,"New Hampshire","Merrimack","barley",0
33013,"New Hampshire","Merrimack","corn",0
33013,"New Hampshire","Merrimack","oats",0
33013,"New Hampshire","Merrimack","wheat",0
33015,"New Hampshire","Rockingham","corn",57.9379390478417
33017,"New Hampshire","Strafford","barley",0
33017,"New Hampshire","Strafford","corn",0
33017,"New Hampshire","Strafford","oats",0
33017,"New Hampshire","Strafford","sunflower",0
33017,"New Hampshire","Strafford","wheat",0
33019,"New Hampshire","Sullivan","corn",695.628218865825
33019,"New Hampshire","Sullivan","oats",3.51620336045879
33019,"New Hampshire","Sullivan","wheat",17.9600622978669
34001,"New Jersey","Atlantic","barley",50.622842629512
34001,"New Jersey","Atlantic","corn",619.629921640556
34001,"New Jersey","Atlantic","grain sorghum",49.088337712305
34001,"New Jersey","Atlantic","safflower",16.420784577948
34001,"New Jersey","Atlantic","soybeans",307.29647439946
34001,"New Jersey","Atlantic","wheat",5.15720209288154
34005,"New Jersey","Burlington","barley",8.66696998346085
34005,"New Jersey","Burlington","corn",1098.40052544775
34005,"New Jersey","Burlington","grain sorghum",74.8648842840268
34005,"New Jersey","Burlington","oats",10.5345527681811
34005,"New Jersey","Burlington","soybeans",3565.45639624379
34005,"New Jersey","Burlington","sunflower",1.75897914793486
34005,"New Jersey","Burlington","wheat",330.092758649375
34007,"New Jersey","Camden","corn",292.863056866479
34007,"New Jersey","Camden","grain sorghum",85.5705304283437
34007,"New Jersey","Camden","soybeans",75.7533902438483
34009,"New Jersey","Cape May","corn",0
34009,"New Jersey","Cape May","soybeans",0
34011,"New Jersey","Cumberland","barley",16.0028601843957
34011,"New Jersey","Cumberland","corn",922.657148332962
34011,"New Jersey","Cumberland","grain sorghum",18.2870370549794
34011,"New Jersey","Cumberland","oats",1.33248810666742
34011,"New Jersey","Cumberland","soybeans",1393.68609659915
34011,"New Jersey","Cumberland","wheat",430.285920102944
34015,"New Jersey","Gloucester","barley",30.1652653452798
34015,"New Jersey","Gloucester","corn",2213.66885637386
34015,"New Jersey","Gloucester","grain sorghum",42.4256175102363
34015,"New Jersey","Gloucester","oats",5.57600359412747
34015,"New Jersey","Gloucester","soybeans",3615.56223758862
34015,"New Jersey","Gloucester","wheat",978.808776266462
34019,"New Jersey","Hunterdon","barley",0
34019,"New Jersey","Hunterdon","corn",0
34019,"New Jersey","Hunterdon","grain sorghum",0
34019,"New Jersey","Hunterdon","oats",0
34019,"New Jersey","Hunterdon","rice_short/medium grain",0
34019,"New Jersey","Hunterdon","soybeans",0
34019,"New Jersey","Hunterdon","sunflower",0
34019,"New Jersey","Hunterdon","wheat",0
34021,"New Jersey","Mercer","barley",0
34021,"New Jersey","Mercer","corn",0
34021,"New Jersey","Mercer","grain sorghum",0
34021,"New Jersey","Mercer","oats",0
34021,"New Jersey","Mercer","rice_long grain",0
34021,"New Jersey","Mercer","soybeans",0
34021,"New Jersey","Mercer","sunflower",0
34021,"New Jersey","Mercer","wheat",0
34023,"New Jersey","Middlesex","corn",0
34023,"New Jersey","Middlesex","oats",0
34023,"New Jersey","Middlesex","soybeans",0
34023,"New Jersey","Middlesex","wheat",0
34025,"New Jersey","Monmouth","barley",0
34025,"New Jersey","Monmouth","corn",0
34025,"New Jersey","Monmouth","grain sorghum",0
34025,"New Jersey","Monmouth","oats",0
34025,"New Jersey","Monmouth","soybeans",0
34025,"New Jersey","Monmouth","wheat",0
34027,"New Jersey","Morris, Bergen, Essex, Hudson, Passaic","corn",1019.13921789857
34027,"New Jersey","Morris, Bergen, Essex, Hudson, Passaic","oats",2.77861339158158
34027,"New Jersey","Morris, Bergen, Essex, Hudson, Passaic","soybeans",422.423465625446
34027,"New Jersey","Morris, Bergen, Essex, Hudson, Passaic","wheat",35.2974180588349
34029,"New Jersey","Ocean","corn",0
34029,"New Jersey","Ocean","grain sorghum",0
34029,"New Jersey","Ocean","oats",0
34029,"New Jersey","Ocean","soybeans",0
34033,"New Jersey","Salem","barley",123.02888962762
34033,"New Jersey","Salem","corn",4595.62628867861
34033,"New Jersey","Salem","grain sorghum",21.5798532840323
34033,"New Jersey","Salem","oats",1.60853617869673
34033,"New Jersey","Salem","soybeans",5866.78674880868
34033,"New Jersey","Salem","wheat",1596.72728906707
34035,"New Jersey","Somerset, Union","barley",14.3140180941092
34035,"New Jersey","Somerset, Union","corn",1058.62279045391
34035,"New Jersey","Somerset, Union","dry peas",1.90853574588123
34035,"New Jersey","Somerset, Union","grain sorghum",164.534866652421
34035,"New Jersey","Somerset, Union","oats",184.55731516246
34035,"New Jersey","Somerset, Union","soybeans",1787.29028701688
34035,"New Jersey","Somerset, Union","wheat",538.224257160219
34037,"New Jersey","Sussex","barley",1.18244897761982
34037,"New Jersey","Sussex","corn",182.175809876466
34037,"New Jersey","Sussex","oats",4.75864130257907
34037,"New Jersey","Sussex","soybeans",64.6319187720498
34037,"New Jersey","Sussex","sunflower",1.36050564429459
34037,"New Jersey","Sussex","wheat",2.12098471321941
34041,"New Jersey","Warren","barley",3.5327474629915
34041,"New Jersey","Warren","corn",1068.58697038265
34041,"New Jersey","Warren","grain sorghum",22.7874499415055
34041,"New Jersey","Warren","oats",9.53026212428525
34041,"New Jersey","Warren","soybeans",635.165497258173
34041,"New Jersey","Warren","wheat",39.8265221022776
35005,"New Mexico","Chaves","barley",3155.62848320072
35005,"New Mexico","Chaves","canola",19.3575051524208
35005,"New Mexico","Chaves","corn",12935.6186629602
35005,"New Mexico","Chaves","cotton",1153.01017382964
35005,"New Mexico","Chaves","grain sorghum",395.111598655649
35005,"New Mexico","Chaves","oats",354.206537654628
35005,"New Mexico","Chaves","soybeans",8.76897175647601
35005,"New Mexico","Chaves","wheat",7833.26108725772
35007,"New Mexico","Colfax","barley",30.0299801306118
35007,"New Mexico","Colfax","oats",340.110280697071
35007,"New Mexico","Colfax","wheat",604.451053873762
35009,"New Mexico","Curry","barley",223.080884858857
35009,"New Mexico","Curry","canola",40.7287809278159
35009,"New Mexico","Curry","corn",3110.36967421895
35009,"New Mexico","Curry","cotton",1455.48491567818
35009,"New Mexico","Curry","grain sorghum",3371.43936620271
35009,"New Mexico","Curry","oats",392.969264320572
35009,"New Mexico","Curry","soybeans",24.0411745217919
35009,"New Mexico","Curry","wheat",37693.831680048
35011,"New Mexico","DeBaca","corn",0
35011,"New Mexico","DeBaca","grain sorghum",0
35011,"New Mexico","DeBaca","oats",0
35011,"New Mexico","DeBaca","wheat",0
35013,"New Mexico","Dona Ana","barley",312.931487574783
35013,"New Mexico","Dona Ana","corn",4030.08119841989
35013,"New Mexico","Dona Ana","cotton",15203.5518892589
35013,"New Mexico","Dona Ana","oats",467.584816409364
35013,"New Mexico","Dona Ana","wheat",3245.19216648346
35015,"New Mexico","Eddy","barley",501.52654712624
35015,"New Mexico","Eddy","corn",641.056866463691
35015,"New Mexico","Eddy","cotton",1655.82791238201
35015,"New Mexico","Eddy","oats",84.1609905234716
35015,"New Mexico","Eddy","wheat",199.850723998888
35017,"New Mexico","Grant","oats",2.11986134184054
35017,"New Mexico","Grant","wheat",35.3845094195468
35019,"New Mexico","Guadalupe","wheat",170.516016690786
35021,"New Mexico","Harding","corn",0
35021,"New Mexico","Harding","cotton",0
35021,"New Mexico","Harding","oats",0
35021,"New Mexico","Harding","wheat",0
35023,"New Mexico","Hidalgo","barley",0
35023,"New Mexico","Hidalgo","corn",0
35023,"New Mexico","Hidalgo","cotton",0
35023,"New Mexico","Hidalgo","grain sorghum",0
35023,"New Mexico","Hidalgo","oats",0
35023,"New Mexico","Hidalgo","wheat",0
35025,"New Mexico","Lea","barley",474.136599541754
35025,"New Mexico","Lea","corn",2325.44825598028
35025,"New Mexico","Lea","cotton",5789.99508283329
35025,"New Mexico","Lea","grain sorghum",218.202370327108
35025,"New Mexico","Lea","oats",137.43826996575
35025,"New Mexico","Lea","peanuts",1014.74903996418
35025,"New Mexico","Lea","sesame",44.2190606777358
35025,"New Mexico","Lea","wheat",3333.07050052672
35029,"New Mexico","Luna","barley",0
35029,"New Mexico","Luna","corn",0
35029,"New Mexico","Luna","cotton",0
35029,"New Mexico","Luna","grain sorghum",0
35029,"New Mexico","Luna","oats",0
35029,"New Mexico","Luna","soybeans",0
35029,"New Mexico","Luna","wheat",0
35033,"New Mexico","Mora","barley",61.8043296511806
35033,"New Mexico","Mora","oats",998.689753059943
35033,"New Mexico","Mora","wheat",2122.4700580076
35035,"New Mexico","Otero","barley",0
35035,"New Mexico","Otero","wheat",0
35037,"New Mexico","Quay","barley",0
35037,"New Mexico","Quay","corn",0
35037,"New Mexico","Quay","cotton",0
35037,"New Mexico","Quay","dry peas",0
35037,"New Mexico","Quay","grain sorghum",0
35037,"New Mexico","Quay","oats",0
35037,"New Mexico","Quay","soybeans",0
35037,"New Mexico","Quay","wheat",0
35039,"New Mexico","Rio Arriba","oats",186.137950406067
35039,"New Mexico","Rio Arriba","wheat",2461.14551752777
35041,"New Mexico","Roosevelt","barley",0
35041,"New Mexico","Roosevelt","corn",0
35041,"New Mexico","Roosevelt","cotton",0
35041,"New Mexico","Roosevelt","dry peas",0
35041,"New Mexico","Roosevelt","grain sorghum",0
35041,"New Mexico","Roosevelt","oats",0
35041,"New Mexico","Roosevelt","peanuts",0
35041,"New Mexico","Roosevelt","wheat",0
35045,"New Mexico","San Juan","barley",844.248985809061
35045,"New Mexico","San Juan","corn",20515.315641204
35045,"New Mexico","San Juan","oats",563.996087985763
35045,"New Mexico","San Juan","wheat",6357.35406064893
35047,"New Mexico","San Miguel","wheat",1383.84938425533
35043,"New Mexico","Sandoval","barley",30.0895235887019
35043,"New Mexico","Sandoval","oats",21.3588846199594
35043,"New Mexico","Sandoval","wheat",367.87560672534
35049,"New Mexico","Santa Fe","corn",58.9152525143301
35049,"New Mexico","Santa Fe","oats",10.1106986958682
35049,"New Mexico","Santa Fe","wheat",219.482514664545
35051,"New Mexico","Sierra","barley",133.210012866416
35051,"New Mexico","Sierra","corn",862.4179476652
35051,"New Mexico","Sierra","cotton",357.931580080325
35051,"New Mexico","Sierra","oats",151.420400110141
35051,"New Mexico","Sierra","wheat",614.173441593904
35053,"New Mexico","Socorro","corn",1996.78838711602
35053,"New Mexico","Socorro","oats",191.174493190649
35053,"New Mexico","Socorro","soybeans",55.9769597200782
35053,"New Mexico","Socorro","wheat",278.595172495571
35057,"New Mexico","Torrance","barley",4.54585481219066
35057,"New Mexico","Torrance","corn",166.436408903561
35057,"New Mexico","Torrance","oats",13.1528824499943
35057,"New Mexico","Torrance","wheat",97.3412971967336
35059,"New Mexico","Union","corn",0
35059,"New Mexico","Union","cotton",0
35059,"New Mexico","Union","grain sorghum",0
35059,"New Mexico","Union","oats",0
35059,"New Mexico","Union","sunflower",0
35059,"New Mexico","Union","wheat",0
35061,"New Mexico","Valencia","corn",799.147354892464
35061,"New Mexico","Valencia","oats",502.40473610292
35061,"New Mexico","Valencia","wheat",163.746665455178
36001,"New York","Albany","barley",0
36001,"New York","Albany","corn",0
36001,"New York","Albany","grain sorghum",0
36001,"New York","Albany","oats",0
36001,"New York","Albany","soybeans",0
36001,"New York","Albany","sunflower",0
36001,"New York","Albany","wheat",0
36003,"New York","Allegany","barley",47.9128694870296
36003,"New York","Allegany","corn",4895.64182239394
36003,"New York","Allegany","dry peas",6.53197033555847
36003,"New York","Allegany","oats",283.845903855985
36003,"New York","Allegany","soybeans",263.87772834523
36003,"New York","Allegany","sunflower",2.49313168648351
36003,"New York","Allegany","wheat",304.26091238173
36007,"New York","Broome","barley",14.1550615517594
36007,"New York","Broome","corn",2115.73554160024
36007,"New York","Broome","grain sorghum",1.31698981521289
36007,"New York","Broome","oats",66.6142388935513
36007,"New York","Broome","soybeans",255.154225750172
36007,"New York","Broome","wheat",4.12977746232553
36009,"New York","Cattaraugus","barley",17.4386822107992
36009,"New York","Cattaraugus","corn",6438.92282146943
36009,"New York","Cattaraugus","grain sorghum",4.67137565484889
36009,"New York","Cattaraugus","oats",416.030251306108
36009,"New York","Cattaraugus","soybeans",1410.50675582303
36009,"New York","Cattaraugus","sunflower",0.596524589018474
36009,"New York","Cattaraugus","wheat",464.001470485909
36011,"New York","Cayuga","barley",44.3291186211422
36011,"New York","Cayuga","corn",13216.0110097065
36011,"New York","Cayuga","grain sorghum",13.3023162905932
36011,"New York","Cayuga","oats",204.12958362434
36011,"New York","Cayuga","soybeans",6454.62183493432
36011,"New York","Cayuga","sunflower",19.7619067584882
36011,"New York","Cayuga","wheat",1275.30959369712
36013,"New York","Chautauqua","barley",14.7609792389416
36013,"New York","Chautauqua","corn",11099.7281598237
36013,"New York","Chautauqua","oats",439.426293724899
36013,"New York","Chautauqua","soybeans",1787.5168566052
36013,"New York","Chautauqua","sunflower",2.21251661044407
36013,"New York","Chautauqua","wheat",434.080853594066
36015,"New York","Chemung","barley",0.362099567734572
36015,"New York","Chemung","corn",600.128657981384
36015,"New York","Chemung","grain sorghum",2.91128052458596
36015,"New York","Chemung","oats",39.6918210168946
36015,"New York","Chemung","soybeans",159.874797545456
36015,"New York","Chemung","sunflower",0.127799847435731
36015,"New York","Chemung","wheat",11.8155218949248
36017,"New York","Chenango","barley",2.75484895189909
36017,"New York","Chenango","corn",1890.89187583824
36017,"New York","Chenango","oats",95.8544459721657
36017,"New York","Chenango","soybeans",130.504147387485
36017,"New York","Chenango","sunflower",0.0308378614018555
36017,"New York","Chenango","wheat",9.06586401182124
36019,"New York","Clinton","corn",18022.2003173846
36019,"New York","Clinton","grain sorghum",3.84054725231622
36019,"New York","Clinton","oats",220.381574330054
36019,"New York","Clinton","soybeans",714.220354484363
36019,"New York","Clinton","wheat",42.3886686734216
36021,"New York","Columbia","barley",0
36021,"New York","Columbia","corn",0
36021,"New York","Columbia","dry peas",0
36021,"New York","Columbia","oats",0
36021,"New York","Columbia","safflower",0
36021,"New York","Columbia","soybeans",0
36021,"New York","Columbia","sunflower",0
36021,"New York","Columbia","wheat",0
36023,"New York","Cortland","barley",25.1736825629733
36023,"New York","Cortland","corn",5758.05391394929
36023,"New York","Cortland","mustard",0.00712328312478023
36023,"New York","Cortland","oats",346.594737689182
36023,"New York","Cortland","rice_long grain",0.178082078119506
36023,"New York","Cortland","soybeans",443.097415822142
36023,"New York","Cortland","sunflower",2.04556947066605
36023,"New York","Cortland","wheat",111.34973714994
36025,"New York","Delaware","barley",0.879083317968213
36025,"New York","Delaware","corn",244.375155756811
36025,"New York","Delaware","oats",12.978575727569
36025,"New York","Delaware","soybeans",12.8467999244811
36025,"New York","Delaware","wheat",0.115592809726261
36027,"New York","Dutchess","barley",41.1729934612012
36027,"New York","Dutchess","corn",1355.39417567238
36027,"New York","Dutchess","oats",30.3827859883785
36027,"New York","Dutchess","soybeans",358.399858681039
36027,"New York","Dutchess","sunflower",5.23500881899545
36027,"New York","Dutchess","wheat",34.9165220807894
36029,"New York","Erie","barley",26.8867560512208
36029,"New York","Erie","corn",7791.64742531322
36029,"New York","Erie","grain sorghum",6.70800569947137
36029,"New York","Erie","oats",482.432896427655
36029,"New York","Erie","soybeans",2673.68251230727
36029,"New York","Erie","sunflower",11.0713915700194
36029,"New York","Erie","wheat",600.645267834791
36031,"New York","Essex","barley",0.423477496724956
36031,"New York","Essex","corn",34.0110795834466
36031,"New York","Essex","oats",3.6588974525608
36031,"New York","Essex","soybeans",10.0788941241969
36031,"New York","Essex","sunflower",3.24676889334379
36031,"New York","Essex","wheat",2.47547348328016
36033,"New York","Franklin","barley",18.0934813571389
36033,"New York","Franklin","corn",8217.74628898001
36033,"New York","Franklin","oats",182.490539366766
36033,"New York","Franklin","soybeans",589.901221143189
36033,"New York","Franklin","sunflower",0.109650817266462
36033,"New York","Franklin","wheat",16.1829986176329
36035,"New York","Fulton","corn",1453.727839265
36035,"New York","Fulton","oats",54.1448175702261
36035,"New York","Fulton","soybeans",229.21389063497
36035,"New York","Fulton","sunflower",15.1241734751396
36035,"New York","Fulton","wheat",15.2762645496578
36037,"New York","Genesee","barley",18.0223700932377
36037,"New York","Genesee","corn",13541.3304853366
36037,"New York","Genesee","grain sorghum",23.6550863635206
36037,"New York","Genesee","oats",187.713994536728
36037,"New York","Genesee","soybeans",4165.05167479733
36037,"New York","Genesee","sunflower",5.8726533426
36037,"New York","Genesee","wheat",2136.70154822825
36039,"New York","Greene","corn",0
36039,"New York","Greene","oats",0
36039,"New York","Greene","soybeans",0
36043,"New York","Herkimer","barley",15.1911222248026
36043,"New York","Herkimer","corn",4852.43238634537
36043,"New York","Herkimer","oats",187.089148385177
36043,"New York","Herkimer","soybeans",659.827158337196
36043,"New York","Herkimer","sunflower",10.4931769857527
36043,"New York","Herkimer","wheat",140.657739638391
36045,"New York","Jefferson","barley",32.532255827366
36045,"New York","Jefferson","corn",11887.8472369564
36045,"New York","Jefferson","oats",267.474513129988
36045,"New York","Jefferson","soybeans",2893.08306783814
36045,"New York","Jefferson","wheat",882.749714585038
36049,"New York","Lewis","barley",76.9882294367369
36049,"New York","Lewis","corn",13669.6704697117
36049,"New York","Lewis","oats",212.980578693364
36049,"New York","Lewis","soybeans",846.440112100964
36049,"New York","Lewis","sunflower",0.554654256626156
36049,"New York","Lewis","wheat",109.411098662075
36051,"New York","Livingston","barley",20.4335242810488
36051,"New York","Livingston","corn",16650.176746526
36051,"New York","Livingston","dry peas",7.63631707713206
36051,"New York","Livingston","grain sorghum",31.4787626467064
36051,"New York","Livingston","oats",335.116299330485
36051,"New York","Livingston","soybeans",6525.96606885565
36051,"New York","Livingston","sunflower",4.28407223056743
36051,"New York","Livingston","wheat",3969.71067758758
36053,"New York","Madison","barley",96.5429148293631
36053,"New York","Madison","corn",5368.60468503421
36053,"New York","Madison","grain sorghum",6.7247637298719
36053,"New York","Madison","oats",304.27925445476
36053,"New York","Madison","rice_short/medium grain",0.41017162121817
36053,"New York","Madison","soybeans",983.751104441825
36053,"New York","Madison","sunflower",8.12191081464629
36053,"New York","Madison","wheat",214.838051075168
36055,"New York","Monroe","barley",14.0963203767657
36055,"New York","Monroe","corn",5615.87628340781
36055,"New York","Monroe","oats",54.7288339215232
36055,"New York","Monroe","soybeans",3728.43957888024
36055,"New York","Monroe","sunflower",2.2306179802925
36055,"New York","Monroe","wheat",2058.3668618666
36057,"New York","Montgomery","barley",10.469577454729
36057,"New York","Montgomery","corn",3189.42575536125
36057,"New York","Montgomery","oats",132.938686177205
36057,"New York","Montgomery","soybeans",836.464822949611
36057,"New York","Montgomery","sunflower",8.15331111043473
36057,"New York","Montgomery","wheat",34.3702849952321
36063,"New York","Niagara","barley",5.56167076492358
36063,"New York","Niagara","corn",6045.16272937923
36063,"New York","Niagara","dry peas",0.17823011584437
36063,"New York","Niagara","oats",219.492526423732
36063,"New York","Niagara","soybeans",3711.91770621811
36063,"New York","Niagara","sunflower",0.356460231688741
36063,"New York","Niagara","wheat",1185.04491104458
36065,"New York","Oneida","barley",15.9954517824256
36065,"New York","Oneida","corn",9413.55413826703
36065,"New York","Oneida","grain sorghum",73.6196950123776
36065,"New York","Oneida","oats",343.231576956981
36065,"New York","Oneida","soybeans",2578.0397771044
36065,"New York","Oneida","sunflower",4.66333220989857
36065,"New York","Oneida","wheat",666.392252398291
36067,"New York","Onondaga","barley",68.375965091327
36067,"New York","Onondaga","corn",4300.53345475046
36067,"New York","Onondaga","oats",155.142826838536
36067,"New York","Onondaga","soybeans",1413.85331764215
36067,"New York","Onondaga","sunflower",2.30852657625162
36067,"New York","Onondaga","wheat",535.84353443343
36069,"New York","Ontario","barley",5.9689509289084
36069,"New York","Ontario","corn",5063.1251899473
36069,"New York","Ontario","grain sorghum",2.38691408383771
36069,"New York","Ontario","oats",132.540422118866
36069,"New York","Ontario","soybeans",3165.07793472984
36069,"New York","Ontario","sunflower",3.53798782320819
36069,"New York","Ontario","wheat",1135.33232169212
36071,"New York","Orange, Rockland","barley",41.7705508621372
36071,"New York","Orange, Rockland","corn",5732.51928111655
36071,"New York","Orange, Rockland","oats",116.941727496838
36071,"New York","Orange, Rockland","soybeans",2170.91607283913
36071,"New York","Orange, Rockland","wheat",16.4738720271451
36073,"New York","Orleans","barley",64.6847879529421
36073,"New York","Orleans","corn",9595.45959311597
36073,"New York","Orleans","grain sorghum",14.5764950697699
36073,"New York","Orleans","oats",58.2497986660436
36073,"New York","Orleans","soybeans",5238.1335108787
36073,"New York","Orleans","sunflower",9.44919134880149
36073,"New York","Orleans","wheat",1299.3490338706
36075,"New York","Oswego","barley",6.11302025792673
36075,"New York","Oswego","corn",2749.55740480566
36075,"New York","Oswego","oats",64.3147779392826
36075,"New York","Oswego","soybeans",2211.73621042798
36075,"New York","Oswego","sunflower",4.23293489551983
36075,"New York","Oswego","wheat",95.1624904689365
36077,"New York","Otsego","barley",18.581239643733
36077,"New York","Otsego","corn",7000.10803137477
36077,"New York","Otsego","oats",519.258303487873
36077,"New York","Otsego","soybeans",1649.17771244386
36077,"New York","Otsego","sunflower",44.8906738161486
36077,"New York","Otsego","wheat",88.5509607721394
36083,"New York","Rensselaer","barley",0
36083,"New York","Rensselaer","corn",0
36083,"New York","Rensselaer","oats",0
36083,"New York","Rensselaer","soybeans",0
36083,"New York","Rensselaer","sunflower",0
36083,"New York","Rensselaer","wheat",0
36091,"New York","Saratoga","barley",10.4383229515301
36091,"New York","Saratoga","corn",1517.97684282913
36091,"New York","Saratoga","oats",75.9449965769371
36091,"New York","Saratoga","soybeans",140.159473949114
36091,"New York","Saratoga","sunflower",4.4427242468746
36091,"New York","Saratoga","wheat",1.65330753290819
36093,"New York","Schenectady","corn",206.789285576956
36093,"New York","Schenectady","grain sorghum",15.1360452857039
36093,"New York","Schenectady","oats",16.4729637820731
36093,"New York","Schenectady","soybeans",76.457435667896
36093,"New York","Schenectady","sunflower",0.952325504263001
36095,"New York","Schoharie","barley",10.7399266865078
36095,"New York","Schoharie","corn",1082.14859720571
36095,"New York","Schoharie","grain sorghum",1.31907343294265
36095,"New York","Schoharie","oats",52.8424923301988
36095,"New York","Schoharie","soybeans",140.079696109841
36095,"New York","Schoharie","wheat",1.69529165331112
36097,"New York","Schuyler","barley",0
36097,"New York","Schuyler","corn",0
36097,"New York","Schuyler","dry peas",0
36097,"New York","Schuyler","oats",0
36097,"New York","Schuyler","soybeans",0
36097,"New York","Schuyler","wheat",0
36099,"New York","Seneca","barley",0
36099,"New York","Seneca","corn",0
36099,"New York","Seneca","grain sorghum",0
36099,"New York","Seneca","oats",0
36099,"New York","Seneca","soybeans",0
36099,"New York","Seneca","sunflower",0
36099,"New York","Seneca","wheat",0
36089,"New York","St. Lawrence","barley",12.1264610893862
36089,"New York","St. Lawrence","corn",8742.16924475447
36089,"New York","St. Lawrence","grain sorghum",2.68287612798937
36089,"New York","St. Lawrence","oats",114.239923730555
36089,"New York","St. Lawrence","soybeans",1434.37845343327
36089,"New York","St. Lawrence","sunflower",0.000639441978691768
36089,"New York","St. Lawrence","wheat",9.09814728377744
36101,"New York","Steuben","barley",231.364477765708
36101,"New York","Steuben","corn",13755.0664597329
36101,"New York","Steuben","dry peas",29.0158578510415
36101,"New York","Steuben","grain sorghum",9.18738585263438
36101,"New York","Steuben","oats",1631.74692068586
36101,"New York","Steuben","soybeans",2064.81199108001
36101,"New York","Steuben","sunflower",11.8130916265518
36101,"New York","Steuben","wheat",1165.56268107991
36103,"New York","Suffolk, Nassau","barley",20.0869815555701
36103,"New York","Suffolk, Nassau","corn",543.047904855256
36103,"New York","Suffolk, Nassau","grain sorghum",24.832677782734
36103,"New York","Suffolk, Nassau","oats",35.0083197549635
36103,"New York","Suffolk, Nassau","sunflower",11.1594341975389
36103,"New York","Suffolk, Nassau","wheat",173.321283892471
36105,"New York","Sullivan","corn",0
36105,"New York","Sullivan","oats",0
36105,"New York","Sullivan","soybeans",0
36107,"New York","Tioga","barley",1.84657906616632
36107,"New York","Tioga","corn",369.051040439306
36107,"New York","Tioga","grain sorghum",3.44913751876047
36107,"New York","Tioga","oats",19.0559242737166
36107,"New York","Tioga","soybeans",93.1200389384691
36107,"New York","Tioga","wheat",2.26344761435211
36109,"New York","Tompkins","barley",0
36109,"New York","Tompkins","corn",0
36109,"New York","Tompkins","oats",0
36109,"New York","Tompkins","soybeans",0
36109,"New York","Tompkins","sunflower",0
36109,"New York","Tompkins","wheat",0
36111,"New York","Ulster","barley",0
36111,"New York","Ulster","corn",0
36111,"New York","Ulster","oats",0
36111,"New York","Ulster","soybeans",0
36111,"New York","Ulster","sunflower",0
36111,"New York","Ulster","wheat",0
36113,"New York","Warren","corn",63.4792329545419
36115,"New York","Washington","barley",87.6630660907414
36115,"New York","Washington","corn",3580.70233934988
36115,"New York","Washington","flaxseed",0.29886638914629
36115,"New York","Washington","oats",72.014898025396
36115,"New York","Washington","soybeans",161.502900474641
36115,"New York","Washington","sunflower",1.36870226887792
36115,"New York","Washington","wheat",13.3204485158971
36117,"New York","Wayne","barley",0.571741893159715
36117,"New York","Wayne","corn",1194.4567304142
36117,"New York","Wayne","dry peas",0.580940111593275
36117,"New York","Wayne","oats",23.9528385644542
36117,"New York","Wayne","soybeans",1105.78764753501
36117,"New York","Wayne","sunflower",5.54817171241964
36117,"New York","Wayne","wheat",178.154386615159
36119,"New York","Westchester","corn",2.91906566064382
36119,"New York","Westchester","sunflower",0.00675709643667551
36121,"New York","Wyoming","barley",16.5086898414411
36121,"New York","Wyoming","corn",21250.6744467466
36121,"New York","Wyoming","dry peas",11.4441452048443
36121,"New York","Wyoming","oats",531.217883616905
36121,"New York","Wyoming","soybeans",1579.43533083048
36121,"New York","Wyoming","sunflower",1.64432066813999
36121,"New York","Wyoming","wheat",2135.74867254552
36123,"New York","Yates","barley",23.0505012773237
36123,"New York","Yates","corn",1186.70000180423
36123,"New York","Yates","dry peas",0.798669919137298
36123,"New York","Yates","lentils",1.96668359203202
36123,"New York","Yates","oats",47.5455104948154
36123,"New York","Yates","soybeans",606.241741261993
36123,"New York","Yates","sunflower",4.9396748486396
36123,"New York","Yates","wheat",431.717820249867
37001,"North Carolina","Alamance","barley",24.7511965645005
37001,"North Carolina","Alamance","corn",596.418211368542
37001,"North Carolina","Alamance","cotton",76.3061524256348
37001,"North Carolina","Alamance","grain sorghum",12.4600473686073
37001,"North Carolina","Alamance","oats",34.1866514508363
37001,"North Carolina","Alamance","soybeans",836.663748455899
37001,"North Carolina","Alamance","sunflower",1.2433743554824
37001,"North Carolina","Alamance","wheat",305.991573536011
37003,"North Carolina","Alexander","barley",88.5969785250071
37003,"North Carolina","Alexander","corn",849.1361310012
37003,"North Carolina","Alexander","oats",8.68256152307142
37003,"North Carolina","Alexander","soybeans",962.032070223558
37003,"North Carolina","Alexander","wheat",621.034345425624
37005,"North Carolina","Alleghany","corn",1515.14191737364
37005,"North Carolina","Alleghany","soybeans",31.6868520494527
37005,"North Carolina","Alleghany","wheat",95.6398713856671
37007,"North Carolina","Anson","barley",10.2720135754199
37007,"North Carolina","Anson","corn",2828.98422468059
37007,"North Carolina","Anson","cotton",792.382205334059
37007,"North Carolina","Anson","dry peas",0.302704840478518
37007,"North Carolina","Anson","grain sorghum",172.758055440588
37007,"North Carolina","Anson","oats",43.1838725426654
37007,"North Carolina","Anson","rapeseed",13.6831760770244
37007,"North Carolina","Anson","sesame",113.068513505285
37007,"North Carolina","Anson","soybeans",4214.72515608602
37007,"North Carolina","Anson","sunflower",17.6394366133391
37007,"North Carolina","Anson","wheat",2807.84331862157
37009,"North Carolina","Ashe","corn",1416.94556678512
37009,"North Carolina","Ashe","soybeans",83.8423748933036
37009,"North Carolina","Ashe","sunflower",0.00848797946051442
37011,"North Carolina","Avery","corn",313.228529458282
37013,"North Carolina","Beaufort","corn",0
37013,"North Carolina","Beaufort","cotton",0
37013,"North Carolina","Beaufort","grain sorghum",0
37013,"North Carolina","Beaufort","oats",0
37013,"North Carolina","Beaufort","peanuts",0
37013,"North Carolina","Beaufort","soybeans",0
37013,"North Carolina","Beaufort","sunflower",0
37013,"North Carolina","Beaufort","wheat",0
37015,"North Carolina","Bertie","barley",18.3496468052108
37015,"North Carolina","Bertie","corn",1088.46281595909
37015,"North Carolina","Bertie","cotton",2970.9147836569
37015,"North Carolina","Bertie","grain sorghum",11.4808966727693
37015,"North Carolina","Bertie","oats",0.62492325086484
37015,"North Carolina","Bertie","peanuts",861.055128748507
37015,"North Carolina","Bertie","soybeans",2563.96427127308
37015,"North Carolina","Bertie","sunflower",9.29800617708782
37015,"North Carolina","Bertie","wheat",608.774021891574
37017,"North Carolina","Bladen","barley",0
37017,"North Carolina","Bladen","canola",0
37017,"North Carolina","Bladen","corn",0
37017,"North Carolina","Bladen","cotton",0
37017,"North Carolina","Bladen","grain sorghum",0
37017,"North Carolina","Bladen","oats",0
37017,"North Carolina","Bladen","peanuts",0
37017,"North Carolina","Bladen","rapeseed",0
37017,"North Carolina","Bladen","rice_long grain",0
37017,"North Carolina","Bladen","rice_short/medium grain",0
37017,"North Carolina","Bladen","sesame",0
37017,"North Carolina","Bladen","soybeans",0
37017,"North Carolina","Bladen","sunflower",0
37017,"North Carolina","Bladen","wheat",0
37019,"North Carolina","Brunswick","corn",0
37019,"North Carolina","Brunswick","cotton",0
37019,"North Carolina","Brunswick","grain sorghum",0
37019,"North Carolina","Brunswick","oats",0
37019,"North Carolina","Brunswick","peanuts",0
37019,"North Carolina","Brunswick","soybeans",0
37019,"North Carolina","Brunswick","sunflower",0
37019,"North Carolina","Brunswick","wheat",0
37021,"North Carolina","Buncombe","barley",0
37021,"North Carolina","Buncombe","canola",0
37021,"North Carolina","Buncombe","corn",0
37021,"North Carolina","Buncombe","soybeans",0
37021,"North Carolina","Buncombe","sunflower",0
37021,"North Carolina","Buncombe","wheat",0
37023,"North Carolina","Burke","corn",217.948944516626
37023,"North Carolina","Burke","grain sorghum",4.75785890346403
37023,"North Carolina","Burke","oats",11.6161423599587
37023,"North Carolina","Burke","soybeans",304.422066957753
37023,"North Carolina","Burke","sunflower",1.35640714353141
37023,"North Carolina","Burke","wheat",104.611737163583
37025,"North Carolina","Cabarrus","barley",53.7091428954151
37025,"North Carolina","Cabarrus","corn",485.453079599687
37025,"North Carolina","Cabarrus","cotton",77.6217246175252
37025,"North Carolina","Cabarrus","grain sorghum",6.22567969055009
37025,"North Carolina","Cabarrus","oats",27.9696553738144
37025,"North Carolina","Cabarrus","safflower",0.367869372563858
37025,"North Carolina","Cabarrus","soybeans",612.778139221881
37025,"North Carolina","Cabarrus","sunflower",1.27907001084448
37025,"North Carolina","Cabarrus","wheat",339.295467614234
37027,"North Carolina","Caldwell","barley",18.3133021176879
37027,"North Carolina","Caldwell","corn",614.379383705972
37027,"North Carolina","Caldwell","soybeans",582.236303003634
37027,"North Carolina","Caldwell","wheat",337.150290318763
37029,"North Carolina","Camden","corn",0
37029,"North Carolina","Camden","cotton",0
37029,"North Carolina","Camden","grain sorghum",0
37029,"North Carolina","Camden","oats",0
37029,"North Carolina","Camden","soybeans",0
37029,"North Carolina","Camden","sunflower",0
37029,"North Carolina","Camden","wheat",0
37031,"North Carolina","Carteret","corn",0
37031,"North Carolina","Carteret","cotton",0
37031,"North Carolina","Carteret","grain sorghum",0
37031,"North Carolina","Carteret","oats",0
37031,"North Carolina","Carteret","peanuts",0
37031,"North Carolina","Carteret","soybeans",0
37031,"North Carolina","Carteret","sunflower",0
37031,"North Carolina","Carteret","wheat",0
37033,"North Carolina","Caswell","barley",0
37033,"North Carolina","Caswell","corn",0
37033,"North Carolina","Caswell","grain sorghum",0
37033,"North Carolina","Caswell","oats",0
37033,"North Carolina","Caswell","soybeans",0
37033,"North Carolina","Caswell","sunflower",0
37033,"North Carolina","Caswell","wheat",0
37035,"North Carolina","Catawba","barley",29.3678661449718
37035,"North Carolina","Catawba","canola",48.0992767423598
37035,"North Carolina","Catawba","corn",1284.46068477051
37035,"North Carolina","Catawba","grain sorghum",5.17564617916464
37035,"North Carolina","Catawba","oats",32.3109605166506
37035,"North Carolina","Catawba","rapeseed",47.5867714713495
37035,"North Carolina","Catawba","soybeans",2161.59321871708
37035,"North Carolina","Catawba","sunflower",0.964561202363043
37035,"North Carolina","Catawba","wheat",865.004293825519
37037,"North Carolina","Chatham","barley",36.9095361431953
37037,"North Carolina","Chatham","corn",390.562030420848
37037,"North Carolina","Chatham","grain sorghum",9.02671130574117
37037,"North Carolina","Chatham","oats",25.276239629222
37037,"North Carolina","Chatham","soybeans",329.024379106126
37037,"North Carolina","Chatham","sunflower",0.308278153827284
37037,"North Carolina","Chatham","wheat",113.752303321708
37039,"North Carolina","Cherokee","barley",47.1463095514347
37039,"North Carolina","Cherokee","corn",342.82949672856
37039,"North Carolina","Cherokee","soybeans",121.452999765377
37039,"North Carolina","Cherokee","wheat",46.8036005407439
37041,"North Carolina","Chowan","barley",9.27790229386423
37041,"North Carolina","Chowan","corn",471.062477262899
37041,"North Carolina","Chowan","cotton",1587.35598966121
37041,"North Carolina","Chowan","grain sorghum",47.3957507034471
37041,"North Carolina","Chowan","oats",4.26599150356617
37041,"North Carolina","Chowan","peanuts",533.640986846957
37041,"North Carolina","Chowan","soybeans",2003.56953777704
37041,"North Carolina","Chowan","sunflower",2.93464651896537
37041,"North Carolina","Chowan","wheat",470.497905925457
37043,"North Carolina","Clay","corn",0
37043,"North Carolina","Clay","soybeans",0
37045,"North Carolina","Cleveland","barley",21.8386500776842
37045,"North Carolina","Cleveland","corn",836.83601412286
37045,"North Carolina","Cleveland","cotton",11.3389976963
37045,"North Carolina","Cleveland","grain sorghum",15.996246608494
37045,"North Carolina","Cleveland","oats",35.401000805904
37045,"North Carolina","Cleveland","soybeans",1808.36832486323
37045,"North Carolina","Cleveland","sunflower",0.192687170550017
37045,"North Carolina","Cleveland","wheat",853.427921004581
37047,"North Carolina","Columbus","corn",2324.28259366667
37047,"North Carolina","Columbus","cotton",253.620531793879
37047,"North Carolina","Columbus","dry peas",0.127281924784969
37047,"North Carolina","Columbus","grain sorghum",28.8423953590241
37047,"North Carolina","Columbus","oats",42.0487197427523
37047,"North Carolina","Columbus","peanuts",289.791876398516
37047,"North Carolina","Columbus","sesame",0.86140921223666
37047,"North Carolina","Columbus","soybeans",3422.2002943188
37047,"North Carolina","Columbus","sunflower",4.9108740019852
37047,"North Carolina","Columbus","wheat",486.822304268048
37049,"North Carolina","Craven","corn",0
37049,"North Carolina","Craven","cotton",0
37049,"North Carolina","Craven","grain sorghum",0
37049,"North Carolina","Craven","oats",0
37049,"North Carolina","Craven","peanuts",0
37049,"North Carolina","Craven","soybeans",0
37049,"North Carolina","Craven","sunflower",0
37049,"North Carolina","Craven","wheat",0
37051,"North Carolina","Cumberland","corn",0
37051,"North Carolina","Cumberland","cotton",0
37051,"North Carolina","Cumberland","dry peas",0
37051,"North Carolina","Cumberland","grain sorghum",0
37051,"North Carolina","Cumberland","mustard",0
37051,"North Carolina","Cumberland","oats",0
37051,"North Carolina","Cumberland","peanuts",0
37051,"North Carolina","Cumberland","rapeseed",0
37051,"North Carolina","Cumberland","soybeans",0
37051,"North Carolina","Cumberland","sunflower",0
37051,"North Carolina","Cumberland","wheat",0
37053,"North Carolina","Currituck","barley",0
37053,"North Carolina","Currituck","corn",0
37053,"North Carolina","Currituck","grain sorghum",0
37053,"North Carolina","Currituck","oats",0
37053,"North Carolina","Currituck","peanuts",0
37053,"North Carolina","Currituck","rapeseed",0
37053,"North Carolina","Currituck","soybeans",0
37053,"North Carolina","Currituck","sunflower",0
37053,"North Carolina","Currituck","wheat",0
37055,"North Carolina","Dare","corn",58.5555854343819
37055,"North Carolina","Dare","rice_long grain",10.902439781495
37055,"North Carolina","Dare","rice_short/medium grain",3.48070142779839
37055,"North Carolina","Dare","soybeans",119.774569643252
37055,"North Carolina","Dare","wheat",32.6547522634096
37057,"North Carolina","Davidson","barley",38.055259337762
37057,"North Carolina","Davidson","corn",1765.81487533691
37057,"North Carolina","Davidson","cotton",162.880627493579
37057,"North Carolina","Davidson","grain sorghum",30.345344996927
37057,"North Carolina","Davidson","oats",85.1502691395327
37057,"North Carolina","Davidson","soybeans",2927.43331279348
37057,"North Carolina","Davidson","sunflower",0.747738896762794
37057,"North Carolina","Davidson","wheat",771.069813422793
37059,"North Carolina","Davie","barley",84.0189362061323
37059,"North Carolina","Davie","corn",1639.05000140548
37059,"North Carolina","Davie","grain sorghum",58.2759674289825
37059,"North Carolina","Davie","oats",3.00321729078391
37059,"North Carolina","Davie","soybeans",2095.47804565964
37059,"North Carolina","Davie","sunflower",1.83193834740001
37059,"North Carolina","Davie","wheat",612.096339825085
37061,"North Carolina","Duplin","barley",1.65218580848642
37061,"North Carolina","Duplin","corn",3312.13534754698
37061,"North Carolina","Duplin","cotton",279.375437323721
37061,"North Carolina","Duplin","grain sorghum",51.0407139181944
37061,"North Carolina","Duplin","oats",54.8868026606354
37061,"North Carolina","Duplin","peanuts",338.55336837232
37061,"North Carolina","Duplin","soybeans",3967.65773494689
37061,"North Carolina","Duplin","sunflower",0.395231642937169
37061,"North Carolina","Duplin","wheat",1383.81514813519
37063,"North Carolina","Durham","corn",0
37063,"North Carolina","Durham","cotton",0
37063,"North Carolina","Durham","oats",0
37063,"North Carolina","Durham","soybeans",0
37063,"North Carolina","Durham","wheat",0
37065,"North Carolina","Edgecombe","corn",818.757776048326
37065,"North Carolina","Edgecombe","cotton",2338.278392459
37065,"North Carolina","Edgecombe","grain sorghum",6.06339534552581
37065,"North Carolina","Edgecombe","oats",19.1972731443104
37065,"North Carolina","Edgecombe","peanuts",614.575423123955
37065,"North Carolina","Edgecombe","soybeans",3352.17957019901
37065,"North Carolina","Edgecombe","sunflower",3.30052648742235
37065,"North Carolina","Edgecombe","wheat",782.345063666641
37067,"North Carolina","Forsyth","barley",18.3621216396242
37067,"North Carolina","Forsyth","corn",418.126009490859
37067,"North Carolina","Forsyth","grain sorghum",5.79887230484121
37067,"North Carolina","Forsyth","oats",2.79808528892971
37067,"North Carolina","Forsyth","soybeans",1318.77576604225
37067,"North Carolina","Forsyth","sunflower",5.70035993340855
37067,"North Carolina","Forsyth","wheat",216.137812624469
37069,"North Carolina","Franklin","barley",3.21737346065793
37069,"North Carolina","Franklin","canola",31.5361716960716
37069,"North Carolina","Franklin","corn",453.586811166583
37069,"North Carolina","Franklin","cotton",31.962183774933
37069,"North Carolina","Franklin","grain sorghum",35.8534093902203
37069,"North Carolina","Franklin","oats",72.3154594362349
37069,"North Carolina","Franklin","peanuts",0.181900973040731
37069,"North Carolina","Franklin","soybeans",3293.03007716698
37069,"North Carolina","Franklin","sunflower",1.73760904497159
37069,"North Carolina","Franklin","wheat",1252.47114622914
37071,"North Carolina","Gaston","barley",123.412002907278
37071,"North Carolina","Gaston","corn",326.227603070723
37071,"North Carolina","Gaston","oats",20.7288028725362
37071,"North Carolina","Gaston","soybeans",605.875833700115
37071,"North Carolina","Gaston","sunflower",1.11995058914351
37071,"North Carolina","Gaston","wheat",298.425465462922
37073,"North Carolina","Gates","corn",599.048253211519
37073,"North Carolina","Gates","cotton",1917.18569736786
37073,"North Carolina","Gates","grain sorghum",5.95316233975439
37073,"North Carolina","Gates","oats",8.81044193681414
37073,"North Carolina","Gates","peanuts",460.923081477412
37073,"North Carolina","Gates","rapeseed",47.3659113262648
37073,"North Carolina","Gates","sesame",2.21698625444722
37073,"North Carolina","Gates","soybeans",2813.56256798503
37073,"North Carolina","Gates","sunflower",6.84328232091495
37073,"North Carolina","Gates","wheat",845.268409370118
37075,"North Carolina","Graham","corn",0
37077,"North Carolina","Granville","corn",65.889230378411
37077,"North Carolina","Granville","grain sorghum",3.08817156169285
37077,"North Carolina","Granville","oats",3.54339038686119
37077,"North Carolina","Granville","soybeans",224.508279762688
37077,"North Carolina","Granville","wheat",98.3503421241201
37079,"North Carolina","Greene","corn",782.90502498222
37079,"North Carolina","Greene","cotton",563.110052728043
37079,"North Carolina","Greene","dry peas",2.05655764731669
37079,"North Carolina","Greene","grain sorghum",13.5039222706785
37079,"North Carolina","Greene","oats",11.6335337773742
37079,"North Carolina","Greene","peanuts",329.533127481209
37079,"North Carolina","Greene","sesame",6.42419471236265
37079,"North Carolina","Greene","soybeans",2188.49762922379
37079,"North Carolina","Greene","sunflower",0.670480734231567
37079,"North Carolina","Greene","wheat",568.749755085578
37081,"North Carolina","Guilford","barley",71.401647313981
37081,"North Carolina","Guilford","corn",856.908425695662
37081,"North Carolina","Guilford","grain sorghum",45.9072597652539
37081,"North Carolina","Guilford","oats",48.8951550711445
37081,"North Carolina","Guilford","soybeans",1673.38175595303
37081,"North Carolina","Guilford","sunflower",1.02326025105919
37081,"North Carolina","Guilford","wheat",719.601614756828
37083,"North Carolina","Halifax","barley",31.9917060401949
37083,"North Carolina","Halifax","corn",695.626154722192
37083,"North Carolina","Halifax","cotton",4333.51372563552
37083,"North Carolina","Halifax","grain sorghum",9.89183983863541
37083,"North Carolina","Halifax","oats",8.40468026351556
37083,"North Carolina","Halifax","peanuts",789.416279742965
37083,"North Carolina","Halifax","soybeans",3014.78862228881
37083,"North Carolina","Halifax","sunflower",6.25126742406584
37083,"North Carolina","Halifax","wheat",436.60792702707
37085,"North Carolina","Harnett","barley",9.46549717103138
37085,"North Carolina","Harnett","corn",644.179416942255
37085,"North Carolina","Harnett","cotton",629.483192145941
37085,"North Carolina","Harnett","dry peas",0.0135886585346813
37085,"North Carolina","Harnett","grain sorghum",9.78637069456365
37085,"North Carolina","Harnett","oats",25.7412676354174
37085,"North Carolina","Harnett","peanuts",99.6579534185559
37085,"North Carolina","Harnett","rapeseed",24.0247482893165
37085,"North Carolina","Harnett","soybeans",2163.84367167566
37085,"North Carolina","Harnett","sunflower",2.47150521428783
37085,"North Carolina","Harnett","wheat",600.910048071896
37087,"North Carolina","Haywood","corn",765.734674469564
37087,"North Carolina","Haywood","oats",1.56879624082926
37087,"North Carolina","Haywood","soybeans",52.7617551715697
37087,"North Carolina","Haywood","wheat",121.993779143525
37089,"North Carolina","Henderson","chickpeas_large",0.00669376844352174
37089,"North Carolina","Henderson","corn",476.075270243104
37089,"North Carolina","Henderson","dry peas",0.0122719088131232
37089,"North Carolina","Henderson","soybeans",82.379315731963
37089,"North Carolina","Henderson","sunflower",1.33540680448259
37091,"North Carolina","Hertford","corn",717.850986346605
37091,"North Carolina","Hertford","cotton",1308.2524113274
37091,"North Carolina","Hertford","grain sorghum",16.855897647161
37091,"North Carolina","Hertford","peanuts",372.028381770035
37091,"North Carolina","Hertford","soybeans",1083.98878260461
37091,"North Carolina","Hertford","sunflower",8.5338025521734
37091,"North Carolina","Hertford","wheat",241.06514547092
37093,"North Carolina","Hoke","corn",86.9089445850411
37093,"North Carolina","Hoke","cotton",66.620718897442
37093,"North Carolina","Hoke","oats",1.48045227973081
37093,"North Carolina","Hoke","peanuts",5.54282525258302
37093,"North Carolina","Hoke","rapeseed",1.45693520625406
37093,"North Carolina","Hoke","sesame",0.427361148331312
37093,"North Carolina","Hoke","soybeans",111.018242930826
37093,"North Carolina","Hoke","sunflower",0.0516903484172158
37093,"North Carolina","Hoke","wheat",40.6011162186161
37095,"North Carolina","Hyde","corn",1552.01778605372
37095,"North Carolina","Hyde","cotton",651.968712938675
37095,"North Carolina","Hyde","grain sorghum",2.51328329492144
37095,"North Carolina","Hyde","oats",12.3364302080281
37095,"North Carolina","Hyde","rapeseed",19.4187924052515
37095,"North Carolina","Hyde","soybeans",1670.06164713582
37095,"North Carolina","Hyde","sunflower",0.615137337260789
37095,"North Carolina","Hyde","wheat",377.787755273335
37097,"North Carolina","Iredell","barley",799.891791324503
37097,"North Carolina","Iredell","canola",661.207016602142
37097,"North Carolina","Iredell","corn",8347.85997804639
37097,"North Carolina","Iredell","cotton",562.726233732963
37097,"North Carolina","Iredell","grain sorghum",59.142886088629
37097,"North Carolina","Iredell","oats",201.84699976001
37097,"North Carolina","Iredell","rapeseed",618.142106987923
37097,"North Carolina","Iredell","soybeans",6998.63424631619
37097,"North Carolina","Iredell","sunflower",2.14027009327051
37097,"North Carolina","Iredell","wheat",3763.56918192952
37099,"North Carolina","Jackson","corn",46.593579495873
37101,"North Carolina","Johnston","barley",2.03720656611379
37101,"North Carolina","Johnston","corn",189.863410172439
37101,"North Carolina","Johnston","cotton",144.582905475585
37101,"North Carolina","Johnston","dry peas",0.0644990699098605
37101,"North Carolina","Johnston","grain sorghum",7.75898562269394
37101,"North Carolina","Johnston","oats",17.0759107012818
37101,"North Carolina","Johnston","peanuts",61.6158008110501
37101,"North Carolina","Johnston","sesame",4.15938663998784
37101,"North Carolina","Johnston","soybeans",1108.06534765705
37101,"North Carolina","Johnston","sunflower",1.55389965649742
37101,"North Carolina","Johnston","wheat",221.252467855917
37103,"North Carolina","Jones","corn",1350.56596551271
37103,"North Carolina","Jones","cotton",833.78965213275
37103,"North Carolina","Jones","grain sorghum",15.9237629756864
37103,"North Carolina","Jones","oats",8.29210469376731
37103,"North Carolina","Jones","peanuts",32.4779264644733
37103,"North Carolina","Jones","soybeans",1929.8287345183
37103,"North Carolina","Jones","sunflower",0.87827917776909
37103,"North Carolina","Jones","wheat",432.367055519943
37105,"North Carolina","Lee","corn",358.768956674269
37105,"North Carolina","Lee","cotton",70.7063886871421
37105,"North Carolina","Lee","grain sorghum",21.7171539529535
37105,"North Carolina","Lee","oats",72.739739943679
37105,"North Carolina","Lee","soybeans",933.634932710191
37105,"North Carolina","Lee","sunflower",2.87429517345584
37105,"North Carolina","Lee","wheat",298.191841008142
37107,"North Carolina","Lenoir","corn",574.466192172708
37107,"North Carolina","Lenoir","cotton",238.110877448631
37107,"North Carolina","Lenoir","grain sorghum",7.88955403552253
37107,"North Carolina","Lenoir","oats",2.17252377330864
37107,"North Carolina","Lenoir","peanuts",53.5351214256232
37107,"North Carolina","Lenoir","soybeans",935.982079575024
37107,"North Carolina","Lenoir","sunflower",0.768422910171493
37107,"North Carolina","Lenoir","wheat",231.074841822163
37109,"North Carolina","Lincoln","barley",258.587256147491
37109,"North Carolina","Lincoln","corn",1024.1178738623
37109,"North Carolina","Lincoln","cotton",38.8168934267986
37109,"North Carolina","Lincoln","grain sorghum",1.58535007073316
37109,"North Carolina","Lincoln","oats",40.574213674696
37109,"North Carolina","Lincoln","soybeans",1770.00788512453
37109,"North Carolina","Lincoln","sunflower",1.274997641632
37109,"North Carolina","Lincoln","wheat",971.560563280071
37113,"North Carolina","Macon","corn",120.458076621548
37113,"North Carolina","Macon","soybeans",16.7589945357714
37115,"North Carolina","Madison","corn",58.201852201621
37115,"North Carolina","Madison","grain sorghum",0.486882979011574
37117,"North Carolina","Martin","corn",562.107113421863
37117,"North Carolina","Martin","cotton",3083.31010199986
37117,"North Carolina","Martin","grain sorghum",17.1982508275514
37117,"North Carolina","Martin","oats",6.05897099161251
37117,"North Carolina","Martin","peanuts",823.049987656105
37117,"North Carolina","Martin","sesame",5.82226158546854
37117,"North Carolina","Martin","soybeans",2006.54293991692
37117,"North Carolina","Martin","sunflower",1.67643222989185
37117,"North Carolina","Martin","wheat",522.002268034846
37111,"North Carolina","McDowell","corn",0
37111,"North Carolina","McDowell","grain sorghum",0
37111,"North Carolina","McDowell","oats",0
37111,"North Carolina","McDowell","rice_short/medium grain",0
37111,"North Carolina","McDowell","soybeans",0
37111,"North Carolina","McDowell","sunflower",0
37119,"North Carolina","Mecklenburg","corn",47.6954880062049
37119,"North Carolina","Mecklenburg","dry peas",0.00638310952500956
37119,"North Carolina","Mecklenburg","oats",1.4687535017047
37119,"North Carolina","Mecklenburg","soybeans",60.8644812672522
37119,"North Carolina","Mecklenburg","wheat",38.0508648382965
37121,"North Carolina","Mitchell","corn",18.3434255694194
37123,"North Carolina","Montgomery","corn",481.36905020861
37123,"North Carolina","Montgomery","cotton",317.100840977074
37123,"North Carolina","Montgomery","oats",8.28127038986577
37123,"North Carolina","Montgomery","sesame",9.71410016406541
37123,"North Carolina","Montgomery","soybeans",276.705449309106
37123,"North Carolina","Montgomery","wheat",80.2225084763394
37125,"North Carolina","Moore","corn",1291.74718481949
37125,"North Carolina","Moore","cotton",108.285120331447
37125,"North Carolina","Moore","grain sorghum",101.01875034388
37125,"North Carolina","Moore","oats",35.9356661962569
37125,"North Carolina","Moore","sesame",23.010171627295
37125,"North Carolina","Moore","soybeans",1640.87870457898
37125,"North Carolina","Moore","sunflower",1.92239156424476
37125,"North Carolina","Moore","wheat",865.709197479071
37127,"North Carolina","Nash","corn",85.7408577728852
37127,"North Carolina","Nash","cotton",202.005553819769
37127,"North Carolina","Nash","grain sorghum",4.55431599245894
37127,"North Carolina","Nash","oats",0.462598699236455
37127,"North Carolina","Nash","peanuts",73.6625688758289
37127,"North Carolina","Nash","rapeseed",4.01479263205836
37127,"North Carolina","Nash","sesame",3.36145837828914
37127,"North Carolina","Nash","soybeans",612.204169301776
37127,"North Carolina","Nash","sunflower",3.31004992033215
37127,"North Carolina","Nash","wheat",79.2435277005777
37129,"North Carolina","New Hanover","corn",32.9697915044954
37129,"North Carolina","New Hanover","soybeans",37.2331327325701
37129,"North Carolina","New Hanover","wheat",19.0552018554495
37131,"North Carolina","Northampton","barley",38.7670677481989
37131,"North Carolina","Northampton","corn",1813.33120652882
37131,"North Carolina","Northampton","cotton",5106.00772931908
37131,"North Carolina","Northampton","grain sorghum",50.7983858139929
37131,"North Carolina","Northampton","oats",18.4057526871157
37131,"North Carolina","Northampton","peanuts",1031.41314661177
37131,"North Carolina","Northampton","sesame",5.4310714074532
37131,"North Carolina","Northampton","soybeans",4629.74980321258
37131,"North Carolina","Northampton","sunflower",5.17964599509256
37131,"North Carolina","Northampton","wheat",1139.829196924
37133,"North Carolina","Onslow","corn",0
37133,"North Carolina","Onslow","cotton",0
37133,"North Carolina","Onslow","grain sorghum",0
37133,"North Carolina","Onslow","oats",0
37133,"North Carolina","Onslow","peanuts",0
37133,"North Carolina","Onslow","soybeans",0
37133,"North Carolina","Onslow","wheat",0
37135,"North Carolina","Orange","barley",0
37135,"North Carolina","Orange","corn",0
37135,"North Carolina","Orange","cotton",0
37135,"North Carolina","Orange","grain sorghum",0
37135,"North Carolina","Orange","oats",0
37135,"North Carolina","Orange","soybeans",0
37135,"North Carolina","Orange","sunflower",0
37135,"North Carolina","Orange","wheat",0
37137,"North Carolina","Pamlico","barley",0
37137,"North Carolina","Pamlico","corn",0
37137,"North Carolina","Pamlico","cotton",0
37137,"North Carolina","Pamlico","grain sorghum",0
37137,"North Carolina","Pamlico","rice_short/medium grain",0
37137,"North Carolina","Pamlico","soybeans",0
37137,"North Carolina","Pamlico","sunflower",0
37137,"North Carolina","Pamlico","wheat",0
37139,"North Carolina","Pasquotank","corn",0
37139,"North Carolina","Pasquotank","cotton",0
37139,"North Carolina","Pasquotank","grain sorghum",0
37139,"North Carolina","Pasquotank","oats",0
37139,"North Carolina","Pasquotank","rapeseed",0
37139,"North Carolina","Pasquotank","soybeans",0
37139,"North Carolina","Pasquotank","sunflower",0
37139,"North Carolina","Pasquotank","wheat",0
37141,"North Carolina","Pender","corn",0
37141,"North Carolina","Pender","cotton",0
37141,"North Carolina","Pender","grain sorghum",0
37141,"North Carolina","Pender","oats",0
37141,"North Carolina","Pender","peanuts",0
37141,"North Carolina","Pender","soybeans",0
37141,"North Carolina","Pender","sunflower",0
37141,"North Carolina","Pender","wheat",0
37143,"North Carolina","Perquimans","barley",17.3470082373181
37143,"North Carolina","Perquimans","corn",1403.37187028039
37143,"North Carolina","Perquimans","cotton",1058.54018281599
37143,"North Carolina","Perquimans","grain sorghum",51.8385529847307
37143,"North Carolina","Perquimans","oats",10.2505706722276
37143,"North Carolina","Perquimans","peanuts",116.994327071997
37143,"North Carolina","Perquimans","rapeseed",7.39466456269667
37143,"North Carolina","Perquimans","soybeans",4316.73155567053
37143,"North Carolina","Perquimans","sunflower",0.109267173186727
37143,"North Carolina","Perquimans","wheat",1533.22883943915
37145,"North Carolina","Person","barley",21.0627376931405
37145,"North Carolina","Person","corn",733.194691400767
37145,"North Carolina","Person","grain sorghum",22.7974632683427
37145,"North Carolina","Person","oats",13.2689826449363
37145,"North Carolina","Person","rapeseed",83.2668276097069
37145,"North Carolina","Person","soybeans",2819.28351084278
37145,"North Carolina","Person","sunflower",0.312751005144632
37145,"North Carolina","Person","wheat",1825.68816254519
37147,"North Carolina","Pitt","barley",3.43833195837784
37147,"North Carolina","Pitt","corn",1442.43670676569
37147,"North Carolina","Pitt","cotton",1395.1562988673
37147,"North Carolina","Pitt","grain sorghum",24.4836916263666
37147,"North Carolina","Pitt","oats",2.78285619155005
37147,"North Carolina","Pitt","peanuts",629.988722971877
37147,"North Carolina","Pitt","sesame",5.73055326396307
37147,"North Carolina","Pitt","soybeans",4339.93584319932
37147,"North Carolina","Pitt","sunflower",0.534022249890073
37147,"North Carolina","Pitt","wheat",816.719850772402
37149,"North Carolina","Polk","corn",0
37149,"North Carolina","Polk","dry peas",0
37149,"North Carolina","Polk","oats",0
37149,"North Carolina","Polk","soybeans",0
37149,"North Carolina","Polk","sunflower",0
37151,"North Carolina","Randolph","barley",458.4682462016
37151,"North Carolina","Randolph","corn",2870.51370556632
37151,"North Carolina","Randolph","cotton",71.32950514551
37151,"North Carolina","Randolph","grain sorghum",134.365962949001
37151,"North Carolina","Randolph","oats",204.556091260313
37151,"North Carolina","Randolph","soybeans",3207.28622757064
37151,"North Carolina","Randolph","sunflower",0.831770339135749
37151,"North Carolina","Randolph","wheat",1408.25194341894
37153,"North Carolina","Richmond","corn",724.51463239094
37153,"North Carolina","Richmond","cotton",468.828050743748
37153,"North Carolina","Richmond","grain sorghum",136.393738761966
37153,"North Carolina","Richmond","oats",5.57983584820135
37153,"North Carolina","Richmond","peanuts",26.9230865648718
37153,"North Carolina","Richmond","soybeans",651.484452202142
37153,"North Carolina","Richmond","sunflower",3.1880646123069
37153,"North Carolina","Richmond","wheat",294.664481598202
37155,"North Carolina","Robeson","barley",0
37155,"North Carolina","Robeson","canola",0
37155,"North Carolina","Robeson","corn",0
37155,"North Carolina","Robeson","cotton",0
37155,"North Carolina","Robeson","dry peas",0
37155,"North Carolina","Robeson","grain sorghum",0
37155,"North Carolina","Robeson","oats",0
37155,"North Carolina","Robeson","peanuts",0
37155,"North Carolina","Robeson","rapeseed",0
37155,"North Carolina","Robeson","soybeans",0
37155,"North Carolina","Robeson","sunflower",0
37155,"North Carolina","Robeson","wheat",0
37157,"North Carolina","Rockingham","barley",10.0859911210644
37157,"North Carolina","Rockingham","corn",240.311804026314
37157,"North Carolina","Rockingham","dry peas",0.0401646694000556
37157,"North Carolina","Rockingham","grain sorghum",1.35033618522987
37157,"North Carolina","Rockingham","oats",6.56740542294189
37157,"North Carolina","Rockingham","soybeans",598.377903823679
37157,"North Carolina","Rockingham","sunflower",0.940174581316502
37157,"North Carolina","Rockingham","wheat",316.271066137022
37159,"North Carolina","Rowan","barley",456.390098889283
37159,"North Carolina","Rowan","corn",2941.36540044809
37159,"North Carolina","Rowan","cotton",126.600431599814
37159,"North Carolina","Rowan","grain sorghum",6.65260004056612
37159,"North Carolina","Rowan","oats",38.7082890459214
37159,"North Carolina","Rowan","rapeseed",0.848890685724854
37159,"North Carolina","Rowan","sesame",0.554664892496837
37159,"North Carolina","Rowan","soybeans",5725.23469011693
37159,"North Carolina","Rowan","sunflower",4.39790133035563
37159,"North Carolina","Rowan","wheat",2363.8629552811
37161,"North Carolina","Rutherford","barley",0.560397457989814
37161,"North Carolina","Rutherford","corn",13.2650458330148
37161,"North Carolina","Rutherford","cotton",0.283678187280454
37161,"North Carolina","Rutherford","dry peas",0.0051168504199216
37161,"North Carolina","Rutherford","grain sorghum",0.455399687373022
37161,"North Carolina","Rutherford","soybeans",31.547020230951
37161,"North Carolina","Rutherford","wheat",8.10148880246019
37163,"North Carolina","Sampson","barley",1.72136761613904
37163,"North Carolina","Sampson","corn",1164.83790216671
37163,"North Carolina","Sampson","cotton",575.090708991786
37163,"North Carolina","Sampson","grain sorghum",3.30206372708499
37163,"North Carolina","Sampson","oats",30.7673686742076
37163,"North Carolina","Sampson","peanuts",149.428762206313
37163,"North Carolina","Sampson","rapeseed",0.841504517605758
37163,"North Carolina","Sampson","sesame",18.0593882015842
37163,"North Carolina","Sampson","soybeans",2091.39293074
37163,"North Carolina","Sampson","sunflower",2.13524758804814
37163,"North Carolina","Sampson","wheat",515.881329127022
37165,"North Carolina","Scotland","corn",387.670366002029
37165,"North Carolina","Scotland","cotton",330.880662215584
37165,"North Carolina","Scotland","grain sorghum",12.1532851449635
37165,"North Carolina","Scotland","oats",4.34334247481516
37165,"North Carolina","Scotland","peanuts",27.9216691876758
37165,"North Carolina","Scotland","soybeans",693.313580039012
37165,"North Carolina","Scotland","sunflower",1.52240931006649
37165,"North Carolina","Scotland","wheat",251.201531800316
37167,"North Carolina","Stanly","barley",16.8423361788592
37167,"North Carolina","Stanly","corn",2046.50301648437
37167,"North Carolina","Stanly","cotton",1726.34107592202
37167,"North Carolina","Stanly","dry peas",8.88865129685281
37167,"North Carolina","Stanly","grain sorghum",64.1474310388088
37167,"North Carolina","Stanly","oats",102.872834091933
37167,"North Carolina","Stanly","sesame",31.6093057309919
37167,"North Carolina","Stanly","soybeans",3046.26519202194
37167,"North Carolina","Stanly","sunflower",4.53695526223222
37167,"North Carolina","Stanly","wheat",1661.78763005601
37169,"North Carolina","Stokes","barley",2.22258071369562
37169,"North Carolina","Stokes","corn",533.171962960134
37169,"North Carolina","Stokes","dry peas",0.0087733449224827
37169,"North Carolina","Stokes","grain sorghum",1.16977932299769
37169,"North Carolina","Stokes","oats",26.4317486927944
37169,"North Carolina","Stokes","soybeans",776.161448381523
37169,"North Carolina","Stokes","sunflower",0.802761060407168
37169,"North Carolina","Stokes","wheat",112.426905843647
37171,"North Carolina","Surry","barley",84.0012652093162
37171,"North Carolina","Surry","canola",4.47851357630568
37171,"North Carolina","Surry","corn",3031.54238594499
37171,"North Carolina","Surry","grain sorghum",7.98330716590275
37171,"North Carolina","Surry","oats",2.67329977915554
37171,"North Carolina","Surry","soybeans",3336.83045905122
37171,"North Carolina","Surry","wheat",658.177452321395
37173,"North Carolina","Swain","corn",0
37173,"North Carolina","Swain","sunflower",0
37175,"North Carolina","Transylvania","corn",390.349525480965
37175,"North Carolina","Transylvania","soybeans",35.1540609350266
37175,"North Carolina","Transylvania","sunflower",0.000826725278776348
37177,"North Carolina","Tyrrell","barley",0
37177,"North Carolina","Tyrrell","corn",0
37177,"North Carolina","Tyrrell","cotton",0
37177,"North Carolina","Tyrrell","grain sorghum",0
37177,"North Carolina","Tyrrell","oats",0
37177,"North Carolina","Tyrrell","peanuts",0
37177,"North Carolina","Tyrrell","rice_long grain",0
37177,"North Carolina","Tyrrell","rice_short/medium grain",0
37177,"North Carolina","Tyrrell","soybeans",0
37177,"North Carolina","Tyrrell","sunflower",0
37177,"North Carolina","Tyrrell","wheat",0
37179,"North Carolina","Union","barley",26.2054102958209
37179,"North Carolina","Union","corn",5149.07939410462
37179,"North Carolina","Union","cotton",348.504289825592
37179,"North Carolina","Union","dry peas",0.00882241990621243
37179,"North Carolina","Union","grain sorghum",281.96630468653
37179,"North Carolina","Union","oats",40.6088930347033
37179,"North Carolina","Union","soybeans",10898.9391165626
37179,"North Carolina","Union","wheat",8519.56881622711
37181,"North Carolina","Vance","corn",6.89242382779385
37181,"North Carolina","Vance","grain sorghum",13.7896381640054
37181,"North Carolina","Vance","oats",2.61284974676416
37181,"North Carolina","Vance","soybeans",188.612642612458
37181,"North Carolina","Vance","sunflower",0.385902066982565
37181,"North Carolina","Vance","wheat",51.8254233547184
37183,"North Carolina","Wake","barley",0
37183,"North Carolina","Wake","canola",0
37183,"North Carolina","Wake","corn",0
37183,"North Carolina","Wake","cotton",0
37183,"North Carolina","Wake","grain sorghum",0
37183,"North Carolina","Wake","oats",0
37183,"North Carolina","Wake","peanuts",0
37183,"North Carolina","Wake","soybeans",0
37183,"North Carolina","Wake","sunflower",0
37183,"North Carolina","Wake","wheat",0
37185,"North Carolina","Warren","barley",22.7130372984956
37185,"North Carolina","Warren","corn",350.79184846866
37185,"North Carolina","Warren","cotton",97.308946490356
37185,"North Carolina","Warren","grain sorghum",18.2633700672564
37185,"North Carolina","Warren","oats",124.991424960091
37185,"North Carolina","Warren","rapeseed",13.6920349176929
37185,"North Carolina","Warren","soybeans",2002.70978959153
37185,"North Carolina","Warren","sunflower",1.96953604542766
37185,"North Carolina","Warren","wheat",697.960219318394
37187,"North Carolina","Washington","corn",0
37187,"North Carolina","Washington","cotton",0
37187,"North Carolina","Washington","grain sorghum",0
37187,"North Carolina","Washington","oats",0
37187,"North Carolina","Washington","peanuts",0
37187,"North Carolina","Washington","rice_short/medium grain",0
37187,"North Carolina","Washington","soybeans",0
37187,"North Carolina","Washington","sunflower",0
37187,"North Carolina","Washington","wheat",0
37189,"North Carolina","Watauga","corn",1231.95065937533
37189,"North Carolina","Watauga","sunflower",3.50043609020826
37191,"North Carolina","Wayne","barley",0
37191,"North Carolina","Wayne","corn",0
37191,"North Carolina","Wayne","cotton",0
37191,"North Carolina","Wayne","grain sorghum",0
37191,"North Carolina","Wayne","oats",0
37191,"North Carolina","Wayne","peanuts",0
37191,"North Carolina","Wayne","sesame",0
37191,"North Carolina","Wayne","soybeans",0
37191,"North Carolina","Wayne","sunflower",0
37191,"North Carolina","Wayne","wheat",0
37193,"North Carolina","Wilkes","barley",39.312572139706
37193,"North Carolina","Wilkes","corn",3555.34186069352
37193,"North Carolina","Wilkes","oats",13.2857815913316
37193,"North Carolina","Wilkes","soybeans",726.732494737337
37193,"North Carolina","Wilkes","wheat",243.343700096234
37195,"North Carolina","Wilson","corn",489.817424180853
37195,"North Carolina","Wilson","cotton",443.315256470998
37195,"North Carolina","Wilson","grain sorghum",5.64377693342977
37195,"North Carolina","Wilson","oats",11.452685666911
37195,"North Carolina","Wilson","peanuts",202.120636644307
37195,"North Carolina","Wilson","sesame",2.83859618868822
37195,"North Carolina","Wilson","soybeans",2108.18585154462
37195,"North Carolina","Wilson","sunflower",1.80260298988981
37195,"North Carolina","Wilson","wheat",468.747727971512
37197,"North Carolina","Yadkin","barley",235.708513533956
37197,"North Carolina","Yadkin","corn",2769.14035445829
37197,"North Carolina","Yadkin","grain sorghum",55.3982194105478
37197,"North Carolina","Yadkin","oats",19.6351629821447
37197,"North Carolina","Yadkin","soybeans",4445.98915569886
37197,"North Carolina","Yadkin","sunflower",0.326902563665922
37197,"North Carolina","Yadkin","wheat",764.149448982626
37199,"North Carolina","Yancey","corn",0
38001,"North Dakota","Adams","barley",1472.93602150103
38001,"North Dakota","Adams","canola",4912.35436600906
38001,"North Dakota","Adams","corn",12210.9280866617
38001,"North Dakota","Adams","dry peas",841.021335306615
38001,"North Dakota","Adams","grain sorghum",141.267035118843
38001,"North Dakota","Adams","lentils",174.535606929048
38001,"North Dakota","Adams","mustard",42.2997740933056
38001,"North Dakota","Adams","oats",652.635995975111
38001,"North Dakota","Adams","safflower",184.378019842689
38001,"North Dakota","Adams","soybeans",2823.79709190676
38001,"North Dakota","Adams","sunflower",8324.70800386382
38001,"North Dakota","Adams","wheat",33510.595442588
38003,"North Dakota","Barnes","barley",234.108251276936
38003,"North Dakota","Barnes","canola",5.55067280226103
38003,"North Dakota","Barnes","corn",4949.31005922379
38003,"North Dakota","Barnes","dry peas",11.2051348292398
38003,"North Dakota","Barnes","flaxseed",4.88739775494768
38003,"North Dakota","Barnes","grain sorghum",1.30949873644951
38003,"North Dakota","Barnes","mustard",2.89037610437829
38003,"North Dakota","Barnes","oats",31.3212410845406
38003,"North Dakota","Barnes","soybeans",7393.22146725643
38003,"North Dakota","Barnes","sunflower",92.4279617287097
38003,"North Dakota","Barnes","wheat",1601.21969140098
38005,"North Dakota","Benson","barley",768.028672452235
38005,"North Dakota","Benson","canola",346.995788710848
38005,"North Dakota","Benson","corn",1227.99705705708
38005,"North Dakota","Benson","dry peas",69.790872748345
38005,"North Dakota","Benson","oats",133.823564291883
38005,"North Dakota","Benson","soybeans",3854.01622629433
38005,"North Dakota","Benson","sunflower",145.336430784144
38005,"North Dakota","Benson","wheat",3423.45159722521
38007,"North Dakota","Billings","barley",2322.32277167874
38007,"North Dakota","Billings","canola",1155.65840614471
38007,"North Dakota","Billings","corn",3495.85181361648
38007,"North Dakota","Billings","dry peas",819.742725662205
38007,"North Dakota","Billings","oats",2833.06358242754
38007,"North Dakota","Billings","soybeans",176.51745007265
38007,"North Dakota","Billings","sunflower",1841.86860481581
38007,"North Dakota","Billings","wheat",18640.8974398132
38009,"North Dakota","Bottineau","barley",2484.57378226419
38009,"North Dakota","Bottineau","canola",11287.3648395734
38009,"North Dakota","Bottineau","corn",3554.47938786602
38009,"North Dakota","Bottineau","dry peas",564.261810371823
38009,"North Dakota","Bottineau","grain sorghum",4.52386363935778
38009,"North Dakota","Bottineau","mustard",100.923334551875
38009,"North Dakota","Bottineau","oats",1697.95126892281
38009,"North Dakota","Bottineau","soybeans",17621.9447637954
38009,"North Dakota","Bottineau","sunflower",432.32173008664
38009,"North Dakota","Bottineau","wheat",25258.3170824032
38011,"North Dakota","Bowman","barley",2170.21945880651
38011,"North Dakota","Bowman","canola",1912.27611489175
38011,"North Dakota","Bowman","corn",7057.29763983452
38011,"North Dakota","Bowman","dry peas",1307.97838913186
38011,"North Dakota","Bowman","flaxseed",30.0295869882582
38011,"North Dakota","Bowman","grain sorghum",165.727974065987
38011,"North Dakota","Bowman","lentils",551.32481375831
38011,"North Dakota","Bowman","mustard",72.4473523311895
38011,"North Dakota","Bowman","oats",1314.61771270123
38011,"North Dakota","Bowman","safflower",309.00873448605
38011,"North Dakota","Bowman","soybeans",361.792744416432
38011,"North Dakota","Bowman","sunflower",4008.08617150386
38011,"North Dakota","Bowman","wheat",27183.644859478
38013,"North Dakota","Burke","barley",1218.23085537351
38013,"North Dakota","Burke","canola",13685.055438746
38013,"North Dakota","Burke","corn",415.45076101063
38013,"North Dakota","Burke","dry peas",2055.26775066315
38013,"North Dakota","Burke","lentils",148.666038365815
38013,"North Dakota","Burke","mustard",71.0836106657719
38013,"North Dakota","Burke","oats",607.202288843379
38013,"North Dakota","Burke","safflower",34.0522794905836
38013,"North Dakota","Burke","soybeans",3700.73228408983
38013,"North Dakota","Burke","sunflower",584.618589359509
38013,"North Dakota","Burke","wheat",23316.7701465575
38015,"North Dakota","Burleigh","barley",4650.88463065959
38015,"North Dakota","Burleigh","canola",2537.70058160509
38015,"North Dakota","Burleigh","corn",22727.5038464849
38015,"North Dakota","Burleigh","dry peas",2378.80362571983
38015,"North Dakota","Burleigh","lentils",25.3416125321281
38015,"North Dakota","Burleigh","oats",2291.85914658786
38015,"North Dakota","Burleigh","soybeans",26652.8157120528
38015,"North Dakota","Burleigh","sunflower",5168.01603836742
38015,"North Dakota","Burleigh","wheat",22954.2044420204
38017,"North Dakota","Cass","barley",723.214107869218
38017,"North Dakota","Cass","canola",29.819247762082
38017,"North Dakota","Cass","corn",16792.7896081791
38017,"North Dakota","Cass","dry peas",17.2838014373698
38017,"North Dakota","Cass","grain sorghum",0.464384417738131
38017,"North Dakota","Cass","lentils",0.138500615816636
38017,"North Dakota","Cass","oats",29.6975301620644
38017,"North Dakota","Cass","safflower",0.0244412851441122
38017,"North Dakota","Cass","soybeans",20494.5504622368
38017,"North Dakota","Cass","sunflower",1308.1072596618
38017,"North Dakota","Cass","wheat",3984.55204690548
38019,"North Dakota","Cavalier","barley",527.85115072292
38019,"North Dakota","Cavalier","canola",6124.19493902893
38019,"North Dakota","Cavalier","corn",178.795068702844
38019,"North Dakota","Cavalier","dry peas",357.282696716383
38019,"North Dakota","Cavalier","flaxseed",1.52426734563756
38019,"North Dakota","Cavalier","oats",8.80654667691887
38019,"North Dakota","Cavalier","soybeans",3037.35105931994
38019,"North Dakota","Cavalier","sunflower",272.208670389792
38019,"North Dakota","Cavalier","wheat",7329.27609811509
38021,"North Dakota","Dickey","barley",336.251929891581
38021,"North Dakota","Dickey","corn",38980.2445867504
38021,"North Dakota","Dickey","grain sorghum",6.23197074403367
38021,"North Dakota","Dickey","oats",497.161392348351
38021,"North Dakota","Dickey","soybeans",26884.6397085255
38021,"North Dakota","Dickey","sunflower",177.033606740697
38021,"North Dakota","Dickey","wheat",1784.87740632365
38023,"North Dakota","Divide","barley",2319.32988139722
38023,"North Dakota","Divide","canola",17188.8434381722
38023,"North Dakota","Divide","corn",615.35129312561
38023,"North Dakota","Divide","dry peas",6959.45279654166
38023,"North Dakota","Divide","flaxseed",58.4451077075464
38023,"North Dakota","Divide","lentils",4770.87017591525
38023,"North Dakota","Divide","mustard",510.1804171974
38023,"North Dakota","Divide","oats",635.429663934786
38023,"North Dakota","Divide","safflower",175.319541178472
38023,"North Dakota","Divide","soybeans",7058.67595609055
38023,"North Dakota","Divide","sunflower",2224.28063076615
38023,"North Dakota","Divide","wheat",47378.8474972634
38025,"North Dakota","Dunn","barley",3269.12510673212
38025,"North Dakota","Dunn","canola",2448.36256254874
38025,"North Dakota","Dunn","corn",9093.31937286353
38025,"North Dakota","Dunn","crambe",142.165293138162
38025,"North Dakota","Dunn","dry peas",1265.02026023951
38025,"North Dakota","Dunn","flaxseed",275.614921949366
38025,"North Dakota","Dunn","lentils",118.039459590819
38025,"North Dakota","Dunn","mustard",76.1355451528988
38025,"North Dakota","Dunn","oats",5057.35950448433
38025,"North Dakota","Dunn","safflower",57.6139774846099
38025,"North Dakota","Dunn","soybeans",709.686869150853
38025,"North Dakota","Dunn","sunflower",5329.35320848108
38025,"North Dakota","Dunn","wheat",44841.548779853
38027,"North Dakota","Eddy","barley",1326.06376626479
38027,"North Dakota","Eddy","canola",187.930334477813
38027,"North Dakota","Eddy","corn",9877.57027287625
38027,"North Dakota","Eddy","dry peas",239.772400583944
38027,"North Dakota","Eddy","oats",780.530769582275
38027,"North Dakota","Eddy","soybeans",17436.8735959849
38027,"North Dakota","Eddy","sunflower",1276.64119015708
38027,"North Dakota","Eddy","wheat",7340.85900545911
38029,"North Dakota","Emmons","barley",2098.0259434164
38029,"North Dakota","Emmons","canola",444.445530756641
38029,"North Dakota","Emmons","corn",25033.6787140079
38029,"North Dakota","Emmons","dry peas",196.518263916378
38029,"North Dakota","Emmons","grain sorghum",7.45647553800805
38029,"North Dakota","Emmons","lentils",96.5982229160405
38029,"North Dakota","Emmons","oats",2035.69118807487
38029,"North Dakota","Emmons","soybeans",21939.3056519582
38029,"North Dakota","Emmons","sunflower",12082.6011710364
38029,"North Dakota","Emmons","wheat",12228.3384031056
38031,"North Dakota","Foster","barley",847.15445475649
38031,"North Dakota","Foster","canola",108.346092898219
38031,"North Dakota","Foster","corn",7688.56821502095
38031,"North Dakota","Foster","dry peas",19.7289050181659
38031,"North Dakota","Foster","flaxseed",22.9673886660026
38031,"North Dakota","Foster","oats",87.6153420339601
38031,"North Dakota","Foster","soybeans",11738.5002765972
38031,"North Dakota","Foster","sunflower",431.478507580796
38031,"North Dakota","Foster","wheat",3074.85382854206
38033,"North Dakota","Golden Valley","barley",970.817545662848
38033,"North Dakota","Golden Valley","canola",1416.47261462104
38033,"North Dakota","Golden Valley","corn",4142.85678216756
38033,"North Dakota","Golden Valley","dry peas",4075.56777111639
38033,"North Dakota","Golden Valley","flaxseed",70.4322839637997
38033,"North Dakota","Golden Valley","lentils",1301.81662583651
38033,"North Dakota","Golden Valley","mustard",221.337534163265
38033,"North Dakota","Golden Valley","oats",1011.5584838281
38033,"North Dakota","Golden Valley","safflower",77.3685408657502
38033,"North Dakota","Golden Valley","soybeans",19.7052752896322
38033,"North Dakota","Golden Valley","sunflower",1519.38594835653
38033,"North Dakota","Golden Valley","wheat",18735.7571661227
38035,"North Dakota","Grand Forks","barley",2044.62378158811
38035,"North Dakota","Grand Forks","canola",883.716411470353
38035,"North Dakota","Grand Forks","corn",24202.5645566235
38035,"North Dakota","Grand Forks","dry peas",19.0999935541751
38035,"North Dakota","Grand Forks","lentils",0.00798736805853576
38035,"North Dakota","Grand Forks","oats",99.9442724814458
38035,"North Dakota","Grand Forks","peanuts",0.0033280700243899
38035,"North Dakota","Grand Forks","safflower",2.00349815468272
38035,"North Dakota","Grand Forks","soybeans",28525.4852348082
38035,"North Dakota","Grand Forks","sunflower",3735.58996906953
38035,"North Dakota","Grand Forks","wheat",22084.9180929987
38037,"North Dakota","Grant","barley",2225.5624948543
38037,"North Dakota","Grant","canola",2414.5013091179
38037,"North Dakota","Grant","corn",21505.5856682587
38037,"North Dakota","Grant","dry peas",78.9993310465964
38037,"North Dakota","Grant","flaxseed",6.2778628359874
38037,"North Dakota","Grant","grain sorghum",116.743102613697
38037,"North Dakota","Grant","mustard",136.780526237307
38037,"North Dakota","Grant","oats",4690.9549579896
38037,"North Dakota","Grant","safflower",103.466232016501
38037,"North Dakota","Grant","soybeans",6946.42921477626
38037,"North Dakota","Grant","sunflower",13074.3615407517
38037,"North Dakota","Grant","wheat",30714.0543044835
38039,"North Dakota","Griggs","barley",562.358662033779
38039,"North Dakota","Griggs","canola",40.7828979670583
38039,"North Dakota","Griggs","corn",4089.99138106142
38039,"North Dakota","Griggs","dry peas",51.2100394206818
38039,"North Dakota","Griggs","oats",88.6483223845424
38039,"North Dakota","Griggs","soybeans",9537.28229027936
38039,"North Dakota","Griggs","sunflower",106.578550645409
38039,"North Dakota","Griggs","wheat",4613.57858380023
38041,"North Dakota","Hettinger","barley",799.171837973413
38041,"North Dakota","Hettinger","canola",12099.0463415394
38041,"North Dakota","Hettinger","corn",5806.84447859058
38041,"North Dakota","Hettinger","dry peas",1113.0428897496
38041,"North Dakota","Hettinger","grain sorghum",17.1326986990342
38041,"North Dakota","Hettinger","lentils",31.5716151824124
38041,"North Dakota","Hettinger","mustard",104.728366335959
38041,"North Dakota","Hettinger","oats",365.243315892122
38041,"North Dakota","Hettinger","safflower",21.7685234537433
38041,"North Dakota","Hettinger","soybeans",2050.9077955864
38041,"North Dakota","Hettinger","sunflower",5136.15772221565
38041,"North Dakota","Hettinger","wheat",41743.3324750244
38043,"North Dakota","Kidder","barley",2141.58760176466
38043,"North Dakota","Kidder","canola",2172.23248342066
38043,"North Dakota","Kidder","corn",14550.743854576
38043,"North Dakota","Kidder","dry peas",252.962321316531
38043,"North Dakota","Kidder","grain sorghum",38.0021317804129
38043,"North Dakota","Kidder","lentils",324.363188664916
38043,"North Dakota","Kidder","mustard",29.2279124599391
38043,"North Dakota","Kidder","oats",4124.30220888733
38043,"North Dakota","Kidder","soybeans",27275.6369699688
38043,"North Dakota","Kidder","sunflower",517.242274895799
38043,"North Dakota","Kidder","wheat",15188.0412412966
38045,"North Dakota","LaMoure","barley",320.479597157773
38045,"North Dakota","LaMoure","canola",16.3279456368194
38045,"North Dakota","LaMoure","corn",27152.6104481778
38045,"North Dakota","LaMoure","dry peas",33.0484670028853
38045,"North Dakota","LaMoure","oats",190.486930636532
38045,"North Dakota","LaMoure","soybeans",30957.3435334197
38045,"North Dakota","LaMoure","sunflower",167.233201372512
38045,"North Dakota","LaMoure","wheat",3001.13110159119
38047,"North Dakota","Logan","barley",1802.70105923286
38047,"North Dakota","Logan","canola",356.117628185402
38047,"North Dakota","Logan","corn",12460.4109565423
38047,"North Dakota","Logan","dry peas",73.9499293402608
38047,"North Dakota","Logan","lentils",14.8689421055518
38047,"North Dakota","Logan","oats",1669.60075426139
38047,"North Dakota","Logan","soybeans",22635.9542471234
38047,"North Dakota","Logan","sunflower",1424.62695987159
38047,"North Dakota","Logan","wheat",8843.63474384154
38049,"North Dakota","McHenry","barley",4878.45503615896
38049,"North Dakota","McHenry","canola",13755.1575688735
38049,"North Dakota","McHenry","corn",18595.5450887176
38049,"North Dakota","McHenry","dry peas",605.446752118037
38049,"North Dakota","McHenry","grain sorghum",5.98237148640335
38049,"North Dakota","McHenry","lentils",53.1211007093871
38049,"North Dakota","McHenry","oats",4800.72880549204
38049,"North Dakota","McHenry","soybeans",39866.6435403986
38049,"North Dakota","McHenry","sunflower",1196.97205929552
38049,"North Dakota","McHenry","wheat",34002.05146644
38051,"North Dakota","McIntosh","barley",886.633817128658
38051,"North Dakota","McIntosh","canola",252.907404489412
38051,"North Dakota","McIntosh","corn",14430.4359874411
38051,"North Dakota","McIntosh","dry peas",55.240733827319
38051,"North Dakota","McIntosh","flaxseed",30.1927256309614
38051,"North Dakota","McIntosh","lentils",99.5114936107026
38051,"North Dakota","McIntosh","oats",774.621037126921
38051,"North Dakota","McIntosh","soybeans",24771.1466065495
38051,"North Dakota","McIntosh","sunflower",3080.65679984073
38051,"North Dakota","McIntosh","wheat",11580.8025950361
38053,"North Dakota","McKenzie","barley",6035.88981641294
38053,"North Dakota","McKenzie","canola",5816.04287597587
38053,"North Dakota","McKenzie","corn",3482.38495018409
38053,"North Dakota","McKenzie","dry peas",2968.19940407114
38053,"North Dakota","McKenzie","lentils",2247.84633331495
38053,"North Dakota","McKenzie","mustard",155.697396368102
38053,"North Dakota","McKenzie","oats",4687.35252515293
38053,"North Dakota","McKenzie","safflower",168.960789083237
38053,"North Dakota","McKenzie","soybeans",4681.90247098878
38053,"North Dakota","McKenzie","sunflower",374.244264684247
38053,"North Dakota","McKenzie","wheat",63060.5702571687
38055,"North Dakota","McLean","barley",1422.72741333607
38055,"North Dakota","McLean","canola",11981.6800605997
38055,"North Dakota","McLean","corn",9755.53556898776
38055,"North Dakota","McLean","dry peas",3206.37178305665
38055,"North Dakota","McLean","lentils",140.617358365397
38055,"North Dakota","McLean","mustard",121.834012994582
38055,"North Dakota","McLean","oats",787.20970588405
38055,"North Dakota","McLean","safflower",12.1874806270257
38055,"North Dakota","McLean","soybeans",18590.7372681549
38055,"North Dakota","McLean","sunflower",1934.12016232684
38055,"North Dakota","McLean","wheat",36443.0668459468
38057,"North Dakota","Mercer","barley",4887.21707634571
38057,"North Dakota","Mercer","canola",2995.88926634745
38057,"North Dakota","Mercer","corn",9897.2071424956
38057,"North Dakota","Mercer","dry peas",904.855099154094
38057,"North Dakota","Mercer","flaxseed",617.362837654705
38057,"North Dakota","Mercer","grain sorghum",10.211110166083
38057,"North Dakota","Mercer","oats",2952.26530977812
38057,"North Dakota","Mercer","soybeans",7629.01746702552
38057,"North Dakota","Mercer","sunflower",5909.64374309647
38057,"North Dakota","Mercer","wheat",19691.9922458806
38059,"North Dakota","Morton","barley",3260.6315366348
38059,"North Dakota","Morton","canola",1275.19279038477
38059,"North Dakota","Morton","corn",14528.4847744523
38059,"North Dakota","Morton","dry peas",265.391352823874
38059,"North Dakota","Morton","grain sorghum",12.2932882762485
38059,"North Dakota","Morton","mustard",31.5773583978164
38059,"North Dakota","Morton","oats",4468.56872102924
38059,"North Dakota","Morton","safflower",41.9063211761348
38059,"North Dakota","Morton","soybeans",11011.7793746859
38059,"North Dakota","Morton","sunflower",6765.16216846968
38059,"North Dakota","Morton","wheat",29859.9214362999
38061,"North Dakota","Mountrail","barley",2136.43519043159
38061,"North Dakota","Mountrail","canola",18624.3388443481
38061,"North Dakota","Mountrail","corn",1070.07639866729
38061,"North Dakota","Mountrail","dry peas",3848.57132883434
38061,"North Dakota","Mountrail","lentils",207.804822574368
38061,"North Dakota","Mountrail","mustard",24.1318949739982
38061,"North Dakota","Mountrail","oats",963.825992021192
38061,"North Dakota","Mountrail","safflower",22.6575576792476
38061,"North Dakota","Mountrail","soybeans",11231.7943032241
38061,"North Dakota","Mountrail","sunflower",811.762000602734
38061,"North Dakota","Mountrail","wheat",33903.8311823544
38063,"North Dakota","Nelson","barley",0
38063,"North Dakota","Nelson","canola",0
38063,"North Dakota","Nelson","corn",0
38063,"North Dakota","Nelson","dry peas",0
38063,"North Dakota","Nelson","mustard",0
38063,"North Dakota","Nelson","oats",0
38063,"North Dakota","Nelson","soybeans",0
38063,"North Dakota","Nelson","sunflower",0
38063,"North Dakota","Nelson","wheat",0
38065,"North Dakota","Oliver","barley",1649.94842334302
38065,"North Dakota","Oliver","canola",792.474212040057
38065,"North Dakota","Oliver","corn",6926.33146146919
38065,"North Dakota","Oliver","dry peas",444.358322690207
38065,"North Dakota","Oliver","flaxseed",106.285024573706
38065,"North Dakota","Oliver","oats",1795.91008947531
38065,"North Dakota","Oliver","soybeans",7518.00876926307
38065,"North Dakota","Oliver","sunflower",2432.61990068141
38065,"North Dakota","Oliver","wheat",16408.4457901675
38067,"North Dakota","Pembina","barley",1126.53997549449
38067,"North Dakota","Pembina","canola",5588.79278343513
38067,"North Dakota","Pembina","corn",5241.49738402537
38067,"North Dakota","Pembina","dry peas",249.974101114667
38067,"North Dakota","Pembina","mustard",57.29313882
38067,"North Dakota","Pembina","oats",164.841731173105
38067,"North Dakota","Pembina","soybeans",17619.5313654945
38067,"North Dakota","Pembina","sunflower",1220.64627548656
38067,"North Dakota","Pembina","wheat",32478.9155483296
38069,"North Dakota","Pierce","barley",2611.1244744141
38069,"North Dakota","Pierce","canola",4290.44470583046
38069,"North Dakota","Pierce","corn",4565.67697794641
38069,"North Dakota","Pierce","dry peas",337.845176902497
38069,"North Dakota","Pierce","oats",1266.36513652699
38069,"North Dakota","Pierce","soybeans",18294.4665861609
38069,"North Dakota","Pierce","sunflower",595.804699954017
38069,"North Dakota","Pierce","wheat",19568.2914554569
38071,"North Dakota","Ramsey","barley",361.215661035739
38071,"North Dakota","Ramsey","canola",537.501669285524
38071,"North Dakota","Ramsey","corn",433.300061485408
38071,"North Dakota","Ramsey","dry peas",7.32935080876707
38071,"North Dakota","Ramsey","flaxseed",6.9680282863877
38071,"North Dakota","Ramsey","mustard",10.9868282988131
38071,"North Dakota","Ramsey","oats",5.47626408920993
38071,"North Dakota","Ramsey","safflower",0.0177463371239939
38071,"North Dakota","Ramsey","soybeans",925.491427899208
38071,"North Dakota","Ramsey","sunflower",19.5323284921526
38071,"North Dakota","Ramsey","wheat",1037.92143014386
38073,"North Dakota","Ransom","barley",82.9430480009213
38073,"North Dakota","Ransom","canola",56.4720296157622
38073,"North Dakota","Ransom","corn",9392.18097079983
38073,"North Dakota","Ransom","dry peas",2.65609622684597
38073,"North Dakota","Ransom","flaxseed",6.50160683759984
38073,"North Dakota","Ransom","grain sorghum",7.21147454804871
38073,"North Dakota","Ransom","oats",114.634466506745
38073,"North Dakota","Ransom","soybeans",8409.00102162384
38073,"North Dakota","Ransom","sunflower",86.692082138999
38073,"North Dakota","Ransom","wheat",1539.44766282463
38075,"North Dakota","Renville","barley",1598.12895706404
38075,"North Dakota","Renville","canola",6496.75459323031
38075,"North Dakota","Renville","corn",1065.70550245334
38075,"North Dakota","Renville","dry peas",706.77798788474
38075,"North Dakota","Renville","mustard",28.974833168748
38075,"North Dakota","Renville","oats",305.888752486267
38075,"North Dakota","Renville","soybeans",6519.92042343562
38075,"North Dakota","Renville","sunflower",796.87039644697
38075,"North Dakota","Renville","wheat",11801.1167527818
38077,"North Dakota","Richland","barley",80.6184422966579
38077,"North Dakota","Richland","canola",76.9210468224033
38077,"North Dakota","Richland","corn",22913.0707140659
38077,"North Dakota","Richland","oats",66.2692481667812
38077,"North Dakota","Richland","soybeans",22809.8695594242
38077,"North Dakota","Richland","sunflower",498.614754321878
38077,"North Dakota","Richland","wheat",3607.97516891832
38079,"North Dakota","Rolette","barley",1356.63062172221
38079,"North Dakota","Rolette","canola",7801.81719620886
38079,"North Dakota","Rolette","corn",2003.63712466284
38079,"North Dakota","Rolette","dry peas",129.338564206867
38079,"North Dakota","Rolette","oats",973.017318492172
38079,"North Dakota","Rolette","soybeans",8037.4392088223
38079,"North Dakota","Rolette","sunflower",801.150901175554
38079,"North Dakota","Rolette","wheat",14596.2046054395
38081,"North Dakota","Sargent","barley",29.5863693922255
38081,"North Dakota","Sargent","corn",19396.6232014566
38081,"North Dakota","Sargent","dry peas",28.4885471364647
38081,"North Dakota","Sargent","oats",12.357354316474
38081,"North Dakota","Sargent","soybeans",16132.0397284735
38081,"North Dakota","Sargent","sunflower",45.627567011011
38081,"North Dakota","Sargent","wheat",993.965409591252
38083,"North Dakota","Sheridan","barley",2098.64756524358
38083,"North Dakota","Sheridan","canola",4344.11856498673
38083,"North Dakota","Sheridan","corn",5045.31956927822
38083,"North Dakota","Sheridan","dry peas",57.7963406212308
38083,"North Dakota","Sheridan","lentils",171.376639263643
38083,"North Dakota","Sheridan","oats",509.642126505865
38083,"North Dakota","Sheridan","soybeans",16625.3743591742
38083,"North Dakota","Sheridan","sunflower",1589.03891908539
38083,"North Dakota","Sheridan","wheat",17658.2854698665
38085,"North Dakota","Sioux","barley",1019.62871603472
38085,"North Dakota","Sioux","canola",910.227924414791
38085,"North Dakota","Sioux","corn",14571.8001198178
38085,"North Dakota","Sioux","grain sorghum",143.31480124696
38085,"North Dakota","Sioux","oats",3121.17681958604
38085,"North Dakota","Sioux","soybeans",7520.99595138433
38085,"North Dakota","Sioux","sunflower",8120.39925211895
38085,"North Dakota","Sioux","wheat",12000.9011646785
38087,"North Dakota","Slope","barley",2177.00787106029
38087,"North Dakota","Slope","canola",5457.30043375408
38087,"North Dakota","Slope","corn",5122.77317185746
38087,"North Dakota","Slope","dry peas",2007.68396728552
38087,"North Dakota","Slope","lentils",397.741959270705
38087,"North Dakota","Slope","mustard",128.926882628892
38087,"North Dakota","Slope","oats",960.483105482259
38087,"North Dakota","Slope","soybeans",700.304401052271
38087,"North Dakota","Slope","sunflower",5234.62529423821
38087,"North Dakota","Slope","wheat",40319.4532832269
38089,"North Dakota","Stark","barley",2172.84821324949
38089,"North Dakota","Stark","canola",5833.31609770643
38089,"North Dakota","Stark","corn",9058.68573095826
38089,"North Dakota","Stark","crambe",67.0533062085047
38089,"North Dakota","Stark","dry peas",1155.18487520935
38089,"North Dakota","Stark","flaxseed",457.304944394584
38089,"North Dakota","Stark","lentils",75.4611454704865
38089,"North Dakota","Stark","mustard",74.2272151235218
38089,"North Dakota","Stark","oats",2506.80830927867
38089,"North Dakota","Stark","safflower",113.052788456811
38089,"North Dakota","Stark","soybeans",928.083597566845
38089,"North Dakota","Stark","sunflower",5767.91238524279
38089,"North Dakota","Stark","wheat",56635.2485013056
38091,"North Dakota","Steele","barley",1111.05077909329
38091,"North Dakota","Steele","canola",68.4045359537486
38091,"North Dakota","Steele","corn",12132.8240064169
38091,"North Dakota","Steele","dry peas",138.192177452808
38091,"North Dakota","Steele","oats",16.0164422310201
38091,"North Dakota","Steele","soybeans",17791.4137956522
38091,"North Dakota","Steele","sunflower",278.000213791802
38091,"North Dakota","Steele","wheat",5527.86384003246
38093,"North Dakota","Stutsman","barley",1045.24334507159
38093,"North Dakota","Stutsman","canola",137.857567954309
38093,"North Dakota","Stutsman","chickpeas_large",30.9372132998193
38093,"North Dakota","Stutsman","corn",22756.1654963921
38093,"North Dakota","Stutsman","dry peas",78.9765551731886
38093,"North Dakota","Stutsman","oats",580.344214127788
38093,"North Dakota","Stutsman","soybeans",40944.33417186
38093,"North Dakota","Stutsman","sunflower",1028.00999090824
38093,"North Dakota","Stutsman","wheat",8613.56190903822
38095,"North Dakota","Towner","barley",583.026472178515
38095,"North Dakota","Towner","canola",2698.58849587659
38095,"North Dakota","Towner","corn",678.350599093787
38095,"North Dakota","Towner","dry peas",37.9916894497383
38095,"North Dakota","Towner","grain sorghum",0.0990951044476929
38095,"North Dakota","Towner","oats",21.2062215331866
38095,"North Dakota","Towner","soybeans",4362.17663623047
38095,"North Dakota","Towner","sunflower",134.197141406151
38095,"North Dakota","Towner","wheat",6643.12786597727
38097,"North Dakota","Traill","barley",2001.89888791202
38097,"North Dakota","Traill","canola",47.2248915305479
38097,"North Dakota","Traill","corn",15743.4434194633
38097,"North Dakota","Traill","dry peas",34.3085709750972
38097,"North Dakota","Traill","oats",187.336809602047
38097,"North Dakota","Traill","soybeans",19893.853946173
38097,"North Dakota","Traill","sunflower",1125.39913234166
38097,"North Dakota","Traill","wheat",8990.86510755473
38099,"North Dakota","Walsh","barley",1479.20747757001
38099,"North Dakota","Walsh","canola",4242.65094590024
38099,"North Dakota","Walsh","corn",5938.63438658089
38099,"North Dakota","Walsh","dry peas",48.2664986133098
38099,"North Dakota","Walsh","mustard",65.8130897552112
38099,"North Dakota","Walsh","oats",398.206220523714
38099,"North Dakota","Walsh","soybeans",10334.6415164631
38099,"North Dakota","Walsh","sunflower",1802.84002577574
38099,"North Dakota","Walsh","wheat",22038.1386817927
38101,"North Dakota","Ward","barley",1602.03616337304
38101,"North Dakota","Ward","canola",14076.5938078464
38101,"North Dakota","Ward","corn",4060.3840888237
38101,"North Dakota","Ward","dry peas",1741.3735508033
38101,"North Dakota","Ward","flaxseed",33.2650845636461
38101,"North Dakota","Ward","lentils",80.2188008262492
38101,"North Dakota","Ward","mustard",103.080876305911
38101,"North Dakota","Ward","oats",653.875366130072
38101,"North Dakota","Ward","safflower",5.94762239638428
38101,"North Dakota","Ward","soybeans",17124.5428017235
38101,"North Dakota","Ward","sunflower",1586.14821141418
38101,"North Dakota","Ward","wheat",33072.9904655332
38103,"North Dakota","Wells","barley",2423.56156555573
38103,"North Dakota","Wells","canola",746.218948148615
38103,"North Dakota","Wells","corn",16014.1494250154
38103,"North Dakota","Wells","dry peas",93.065257375861
38103,"North Dakota","Wells","grain sorghum",1.27752486451574
38103,"North Dakota","Wells","mustard",6.47362419783642
38103,"North Dakota","Wells","oats",325.848144153277
38103,"North Dakota","Wells","safflower",29.7756514670995
38103,"North Dakota","Wells","soybeans",28117.9958623579
38103,"North Dakota","Wells","sunflower",1529.50292345068
38103,"North Dakota","Wells","wheat",19704.4410982255
38105,"North Dakota","Williams","barley",3413.14926707365
38105,"North Dakota","Williams","canola",21551.8173627035
38105,"North Dakota","Williams","corn",1850.880951334
38105,"North Dakota","Williams","dry peas",13394.0348928022
38105,"North Dakota","Williams","lentils",10867.9235885329
38105,"North Dakota","Williams","mustard",580.301688078976
38105,"North Dakota","Williams","oats",1066.88884615746
38105,"North Dakota","Williams","safflower",375.028248262707
38105,"North Dakota","Williams","soybeans",6673.69514406392
38105,"North Dakota","Williams","sunflower",1561.54879768088
38105,"North Dakota","Williams","wheat",75614.0660730728
39001,"Ohio","Adams","corn",2905.68374518709
39001,"Ohio","Adams","oats",15.4490613203784
39001,"Ohio","Adams","soybeans",5756.74715089003
39001,"Ohio","Adams","sunflower",0.378318816396069
39001,"Ohio","Adams","wheat",234.917590533242
39003,"Ohio","Allen","barley",1.12121438189115
39003,"Ohio","Allen","corn",2586.34681601259
39003,"Ohio","Allen","dry peas",0.131403976213825
39003,"Ohio","Allen","grain sorghum",4.71182803193392
39003,"Ohio","Allen","oats",2.45459972941643
39003,"Ohio","Allen","soybeans",3487.62972580447
39003,"Ohio","Allen","sunflower",0.156888383721961
39003,"Ohio","Allen","wheat",377.841939839851
39005,"Ohio","Ashland","barley",6.92019016346925
39005,"Ohio","Ashland","corn",5551.79112652194
39005,"Ohio","Ashland","oats",63.8478046519045
39005,"Ohio","Ashland","soybeans",5608.81809013498
39005,"Ohio","Ashland","sunflower",3.99189122685841
39005,"Ohio","Ashland","wheat",748.416768837487
39007,"Ohio","Ashtabula","corn",5033.67212126321
39007,"Ohio","Ashtabula","oats",101.838603669379
39007,"Ohio","Ashtabula","soybeans",8346.30460604009
39007,"Ohio","Ashtabula","wheat",706.900681645851
39009,"Ohio","Athens","barley",13.4269237353081
39009,"Ohio","Athens","corn",533.369001703734
39009,"Ohio","Athens","oats",4.10795856406489
39009,"Ohio","Athens","soybeans",622.823743205244
39009,"Ohio","Athens","wheat",80.7667793698887
39011,"Ohio","Auglaize","barley",7.19544019637518
39011,"Ohio","Auglaize","corn",5420.48715592957
39011,"Ohio","Auglaize","grain sorghum",0.0984254710270931
39011,"Ohio","Auglaize","oats",10.0953775314102
39011,"Ohio","Auglaize","soybeans",7604.74390174954
39011,"Ohio","Auglaize","sunflower",3.24265790094728
39011,"Ohio","Auglaize","wheat",865.341362290354
39013,"Ohio","Belmont","barley",0
39013,"Ohio","Belmont","corn",0
39013,"Ohio","Belmont","grain sorghum",0
39013,"Ohio","Belmont","oats",0
39013,"Ohio","Belmont","soybeans",0
39013,"Ohio","Belmont","wheat",0
39015,"Ohio","Brown","barley",0.721003463008591
39015,"Ohio","Brown","corn",3800.7939088658
39015,"Ohio","Brown","oats",6.68658611594167
39015,"Ohio","Brown","soybeans",15443.8617829584
39015,"Ohio","Brown","sunflower",0.394749395997203
39015,"Ohio","Brown","wheat",344.444263379631
39017,"Ohio","Butler","barley",3.85091964941292
39017,"Ohio","Butler","corn",2146.20629396286
39017,"Ohio","Butler","grain sorghum",0.293213039537917
39017,"Ohio","Butler","oats",1.91414427923697
39017,"Ohio","Butler","soybeans",3144.6465811038
39017,"Ohio","Butler","sunflower",0.534184600904643
39017,"Ohio","Butler","wheat",213.123921371084
39019,"Ohio","Carroll","barley",13.9991285372726
39019,"Ohio","Carroll","corn",2543.7221174756
39019,"Ohio","Carroll","grain sorghum",1.87626756259209
39019,"Ohio","Carroll","oats",95.1344087449636
39019,"Ohio","Carroll","soybeans",2366.13771796674
39019,"Ohio","Carroll","wheat",199.787537588839
39021,"Ohio","Champaign","barley",36.6054176268106
39021,"Ohio","Champaign","corn",5212.94215508502
39021,"Ohio","Champaign","oats",1.30014290878573
39021,"Ohio","Champaign","soybeans",5414.18702982562
39021,"Ohio","Champaign","wheat",221.923329794682
39023,"Ohio","Clark","barley",1.05632956231869
39023,"Ohio","Clark","corn",2743.82935292573
39023,"Ohio","Clark","dry peas",0.00895305714104323
39023,"Ohio","Clark","soybeans",2999.07963462346
39023,"Ohio","Clark","wheat",176.059605818019
39025,"Ohio","Clermont","corn",1486.94069711575
39025,"Ohio","Clermont","dry peas",0.00111411202188733
39025,"Ohio","Clermont","oats",0.63481174580455
39025,"Ohio","Clermont","soybeans",3651.55600048344
39025,"Ohio","Clermont","wheat",80.8815618236282
39027,"Ohio","Clinton","barley",2.76834104063184
39027,"Ohio","Clinton","corn",2145.78083540382
39027,"Ohio","Clinton","oats",4.27918799766277
39027,"Ohio","Clinton","soybeans",3265.19846095744
39027,"Ohio","Clinton","wheat",162.14303489138
39029,"Ohio","Columbiana","barley",49.0956752526269
39029,"Ohio","Columbiana","corn",7774.12235966285
39029,"Ohio","Columbiana","grain sorghum",9.00746806644949
39029,"Ohio","Columbiana","oats",371.661259974506
39029,"Ohio","Columbiana","soybeans",7341.33633219525
39029,"Ohio","Columbiana","sunflower",18.1893221783647
39029,"Ohio","Columbiana","wheat",1424.9461134972
39031,"Ohio","Coshocton","barley",1.08330439730071
39031,"Ohio","Coshocton","corn",5294.63245162142
39031,"Ohio","Coshocton","oats",41.7674598387573
39031,"Ohio","Coshocton","soybeans",4098.3190520691
39031,"Ohio","Coshocton","sunflower",0.691920309795096
39031,"Ohio","Coshocton","wheat",259.77116508092
39033,"Ohio","Crawford","barley",12.3605025867773
39033,"Ohio","Crawford","corn",1842.46750138876
39033,"Ohio","Crawford","oats",1.93716976481773
39033,"Ohio","Crawford","soybeans",2217.19351397496
39033,"Ohio","Crawford","sunflower",0.0319231284175567
39033,"Ohio","Crawford","wheat",250.951548575283
39035,"Ohio","Cuyahoga","barley",5.5001799810027
39035,"Ohio","Cuyahoga","corn",19.5300865174499
39035,"Ohio","Cuyahoga","oats",2.86591251368621
39035,"Ohio","Cuyahoga","soybeans",40.016403786314
39035,"Ohio","Cuyahoga","wheat",10.8484008115869
39037,"Ohio","Darke","barley",4.66167460271658
39037,"Ohio","Darke","canola",1.03212437179546
39037,"Ohio","Darke","corn",4513.06418375793
39037,"Ohio","Darke","dry peas",1.04606728799668
39037,"Ohio","Darke","grain sorghum",0.348572905030551
39037,"Ohio","Darke","oats",6.16242038803511
39037,"Ohio","Darke","soybeans",5079.20692646886
39037,"Ohio","Darke","sunflower",2.27806336353666
39037,"Ohio","Darke","wheat",418.723076681704
39039,"Ohio","Defiance","barley",6.83764830574665
39039,"Ohio","Defiance","corn",3314.7707772736
39039,"Ohio","Defiance","oats",4.46738473505476
39039,"Ohio","Defiance","soybeans",6674.24386771871
39039,"Ohio","Defiance","sunflower",0.0311237928816099
39039,"Ohio","Defiance","wheat",783.669093345345
39041,"Ohio","Delaware","barley",3.03902095670411
39041,"Ohio","Delaware","corn",838.797665086608
39041,"Ohio","Delaware","oats",1.33334697561572
39041,"Ohio","Delaware","soybeans",1724.63822047125
39041,"Ohio","Delaware","sunflower",0.111652113128159
39041,"Ohio","Delaware","wheat",122.495932713615
39094,"Ohio","East Lucas","barley",8.74050336194217
39094,"Ohio","East Lucas","corn",2696.91250679342
39094,"Ohio","East Lucas","dry peas",0.0000794591214722016
39094,"Ohio","East Lucas","soybeans",8974.91730537975
39094,"Ohio","East Lucas","wheat",802.881979456425
39043,"Ohio","Erie","barley",13.4461117205411
39043,"Ohio","Erie","corn",1111.04011083004
39043,"Ohio","Erie","grain sorghum",1.8114496873909
39043,"Ohio","Erie","oats",12.330738821128
39043,"Ohio","Erie","soybeans",1532.09657398167
39043,"Ohio","Erie","sunflower",0.199601449429688
39043,"Ohio","Erie","wheat",286.773789642015
39045,"Ohio","Fairfield","barley",10.711943583179
39045,"Ohio","Fairfield","corn",3370.08866118359
39045,"Ohio","Fairfield","grain sorghum",2.82256915031195
39045,"Ohio","Fairfield","oats",5.13958633938891
39045,"Ohio","Fairfield","soybeans",3989.76008732309
39045,"Ohio","Fairfield","wheat",326.194332338217
39047,"Ohio","Fayette","barley",9.17463122311643
39047,"Ohio","Fayette","corn",3741.03844720194
39047,"Ohio","Fayette","oats",1.8906284746541
39047,"Ohio","Fayette","soybeans",4834.94718900343
39047,"Ohio","Fayette","wheat",336.043918123575
39049,"Ohio","Franklin","barley",0
39049,"Ohio","Franklin","corn",0
39049,"Ohio","Franklin","oats",0
39049,"Ohio","Franklin","soybeans",0
39049,"Ohio","Franklin","wheat",0
39051,"Ohio","Fulton","barley",0.416018190682134
39051,"Ohio","Fulton","corn",197.18218658774
39051,"Ohio","Fulton","grain sorghum",0.194917310164545
39051,"Ohio","Fulton","oats",0.11287835120321
39051,"Ohio","Fulton","safflower",0.00866031118181579
39051,"Ohio","Fulton","soybeans",212.486557276789
39051,"Ohio","Fulton","sunflower",0.0349709315967659
39051,"Ohio","Fulton","wheat",32.5000539516762
39053,"Ohio","Gallia","barley",5.52003143917385
39053,"Ohio","Gallia","corn",1365.47584782328
39053,"Ohio","Gallia","oats",3.33807210923493
39053,"Ohio","Gallia","soybeans",1787.99273213166
39053,"Ohio","Gallia","sunflower",0.289028194824
39053,"Ohio","Gallia","wheat",88.3449279446541
39055,"Ohio","Geauga","barley",5.45921927671128
39055,"Ohio","Geauga","corn",700.067255691842
39055,"Ohio","Geauga","oats",14.1246251174288
39055,"Ohio","Geauga","soybeans",998.741618217789
39055,"Ohio","Geauga","sunflower",1.09909562025943
39055,"Ohio","Geauga","wheat",161.723422359163
39057,"Ohio","Greene","barley",0.972578652291259
39057,"Ohio","Greene","corn",1096.40551970222
39057,"Ohio","Greene","oats",0.268929263809299
39057,"Ohio","Greene","soybeans",1241.08444410722
39057,"Ohio","Greene","sunflower",0.245114002027822
39057,"Ohio","Greene","wheat",71.3224589272685
39059,"Ohio","Guernsey","barley",1.3058795417956
39059,"Ohio","Guernsey","corn",199.893759929763
39059,"Ohio","Guernsey","oats",1.88463424085097
39059,"Ohio","Guernsey","soybeans",158.48723704989
39059,"Ohio","Guernsey","wheat",2.59449785666907
39061,"Ohio","Hamilton","corn",101.655686912529
39061,"Ohio","Hamilton","soybeans",132.280591969492
39061,"Ohio","Hamilton","sunflower",0.085115934536983
39061,"Ohio","Hamilton","wheat",3.71599386764756
39063,"Ohio","Hancock","barley",3.8433258253165
39063,"Ohio","Hancock","corn",2793.65250398306
39063,"Ohio","Hancock","grain sorghum",0.0358880759096525
39063,"Ohio","Hancock","oats",3.99283554955612
39063,"Ohio","Hancock","soybeans",4716.34169359287
39063,"Ohio","Hancock","sunflower",10.0169601209825
39063,"Ohio","Hancock","wheat",730.203842334774
39065,"Ohio","Hardin","barley",3.48955737138565
39065,"Ohio","Hardin","corn",2921.47320181173
39065,"Ohio","Hardin","grain sorghum",5.26053595912331
39065,"Ohio","Hardin","oats",6.43651561386346
39065,"Ohio","Hardin","soybeans",4049.48840102421
39065,"Ohio","Hardin","sunflower",0.182191816148827
39065,"Ohio","Hardin","wheat",362.070447719946
39067,"Ohio","Harrison","barley",5.67406493209851
39067,"Ohio","Harrison","corn",1489.21633601558
39067,"Ohio","Harrison","oats",34.6003016632866
39067,"Ohio","Harrison","soybeans",1198.20263669151
39067,"Ohio","Harrison","wheat",238.685863301107
39069,"Ohio","Henry","barley",9.57338879834647
39069,"Ohio","Henry","canola",1.84153008930654
39069,"Ohio","Henry","corn",4284.47238408514
39069,"Ohio","Henry","grain sorghum",1.08406860527778
39069,"Ohio","Henry","oats",3.5996623853885
39069,"Ohio","Henry","soybeans",5563.16072021959
39069,"Ohio","Henry","sunflower",3.53043810874641
39069,"Ohio","Henry","wheat",1110.78547862252
39071,"Ohio","Highland","corn",2784.15055830281
39071,"Ohio","Highland","oats",3.44513357234825
39071,"Ohio","Highland","soybeans",7284.0475981829
39071,"Ohio","Highland","sunflower",0.0669113885244766
39071,"Ohio","Highland","wheat",352.04035315272
39073,"Ohio","Hocking","barley",1.04537930299949
39073,"Ohio","Hocking","corn",254.162428532236
39073,"Ohio","Hocking","oats",0.9636094113404
39073,"Ohio","Hocking","soybeans",236.188431108327
39073,"Ohio","Hocking","wheat",25.4273605577592
39075,"Ohio","Holmes","barley",3.76326416561904
39075,"Ohio","Holmes","corn",6638.27747326905
39075,"Ohio","Holmes","oats",58.3845045435897
39075,"Ohio","Holmes","soybeans",4750.24801528113
39075,"Ohio","Holmes","sunflower",0.383456445711182
39075,"Ohio","Holmes","wheat",405.717005376254
39077,"Ohio","Huron","barley",4.00794323668954
39077,"Ohio","Huron","corn",3192.45675927809
39077,"Ohio","Huron","dry peas",0.156983189983788
39077,"Ohio","Huron","oats",1.73287788888311
39077,"Ohio","Huron","soybeans",6158.18101916644
39077,"Ohio","Huron","sunflower",0.281487099281275
39077,"Ohio","Huron","wheat",862.539590266626
39079,"Ohio","Jackson","corn",1098.10204892436
39079,"Ohio","Jackson","oats",26.9492613671112
39079,"Ohio","Jackson","soybeans",1682.93408716903
39079,"Ohio","Jackson","wheat",149.798874638668
39081,"Ohio","Jefferson","barley",5.76893044007848
39081,"Ohio","Jefferson","corn",303.016036892936
39081,"Ohio","Jefferson","dry peas",0.0145013585040432
39081,"Ohio","Jefferson","grain sorghum",0.469844015531001
39081,"Ohio","Jefferson","oats",43.1299404627254
39081,"Ohio","Jefferson","soybeans",209.909774590556
39081,"Ohio","Jefferson","sunflower",1.19974572690118
39081,"Ohio","Jefferson","wheat",23.7175518877029
39083,"Ohio","Knox","barley",44.1538602539188
39083,"Ohio","Knox","corn",10058.048904209
39083,"Ohio","Knox","oats",49.3447182496225
39083,"Ohio","Knox","soybeans",10644.3636929774
39083,"Ohio","Knox","sunflower",1.37439126061127
39083,"Ohio","Knox","wheat",726.791472682219
39085,"Ohio","Lake","barley",2.25983085533001
39085,"Ohio","Lake","corn",100.938734899598
39085,"Ohio","Lake","oats",6.93824568357698
39085,"Ohio","Lake","soybeans",325.616768113646
39085,"Ohio","Lake","wheat",20.4316957207525
39087,"Ohio","Lawrence","corn",148.951475741042
39087,"Ohio","Lawrence","oats",1.1464340833291
39087,"Ohio","Lawrence","soybeans",195.345878549751
39087,"Ohio","Lawrence","wheat",17.9325003006021
39089,"Ohio","Licking","barley",36.9210321865247
39089,"Ohio","Licking","corn",5974.461347028
39089,"Ohio","Licking","grain sorghum",3.86722923231641
39089,"Ohio","Licking","oats",15.7672554290909
39089,"Ohio","Licking","soybeans",7606.03239271264
39089,"Ohio","Licking","sunflower",0.99747352685703
39089,"Ohio","Licking","wheat",485.704715669995
39091,"Ohio","Logan","barley",10.8921054413231
39091,"Ohio","Logan","canola",2.21381453434011
39091,"Ohio","Logan","corn",5021.27143614097
39091,"Ohio","Logan","grain sorghum",0.967595573731831
39091,"Ohio","Logan","oats",33.3036327415505
39091,"Ohio","Logan","soybeans",6386.79789653633
39091,"Ohio","Logan","sunflower",1.2662191542207
39091,"Ohio","Logan","wheat",426.852408018419
39093,"Ohio","Lorain","barley",4.2904716440529
39093,"Ohio","Lorain","corn",1379.31389971851
39093,"Ohio","Lorain","oats",2.68380420274035
39093,"Ohio","Lorain","soybeans",3508.41612905135
39093,"Ohio","Lorain","sunflower",2.93956131261716
39093,"Ohio","Lorain","wheat",276.276502311049
39097,"Ohio","Madison","barley",1.10384755299683
39097,"Ohio","Madison","corn",1663.39250721237
39097,"Ohio","Madison","oats",0.366487477254424
39097,"Ohio","Madison","soybeans",2353.64133179116
39097,"Ohio","Madison","sunflower",0.123743852509005
39097,"Ohio","Madison","wheat",145.876529534352
39099,"Ohio","Mahoning","barley",13.8755093312955
39099,"Ohio","Mahoning","corn",3191.75227059159
39099,"Ohio","Mahoning","grain sorghum",2.01097255505066
39099,"Ohio","Mahoning","oats",91.8642055333143
39099,"Ohio","Mahoning","soybeans",3681.89387831189
39099,"Ohio","Mahoning","sunflower",9.03025313509236
39099,"Ohio","Mahoning","wheat",557.50641039445
39101,"Ohio","Marion","barley",0.0887134766448564
39101,"Ohio","Marion","corn",73.4125862768591
39101,"Ohio","Marion","grain sorghum",0.0415928130961885
39101,"Ohio","Marion","oats",0.195077111915074
39101,"Ohio","Marion","soybeans",124.484406348022
39101,"Ohio","Marion","sunflower",0.00209425171327413
39101,"Ohio","Marion","wheat",6.29657720113
39103,"Ohio","Medina","barley",14.8960435118322
39103,"Ohio","Medina","corn",1606.90076730529
39103,"Ohio","Medina","oats",8.75273037170684
39103,"Ohio","Medina","soybeans",2855.77606526913
39103,"Ohio","Medina","wheat",354.20369147213
39105,"Ohio","Meigs","corn",420.902920687728
39105,"Ohio","Meigs","oats",4.03972334832
39105,"Ohio","Meigs","soybeans",459.622448225927
39105,"Ohio","Meigs","sunflower",0.520680639522796
39105,"Ohio","Meigs","wheat",9.50030686197083
39107,"Ohio","Mercer","barley",12.8116021887179
39107,"Ohio","Mercer","corn",6819.79287425412
39107,"Ohio","Mercer","cotton",0.0572292671042761
39107,"Ohio","Mercer","grain sorghum",1.35196451428059
39107,"Ohio","Mercer","oats",25.676002991603
39107,"Ohio","Mercer","safflower",0.210456014512499
39107,"Ohio","Mercer","soybeans",7015.07945677278
39107,"Ohio","Mercer","sunflower",5.20958633818689
39107,"Ohio","Mercer","wheat",782.713363405456
39109,"Ohio","Miami","barley",1.72873871666051
39109,"Ohio","Miami","corn",1546.81706569858
39109,"Ohio","Miami","oats",0.735014439095652
39109,"Ohio","Miami","soybeans",1796.20792660384
39109,"Ohio","Miami","sunflower",0.0323204075821301
39109,"Ohio","Miami","wheat",79.0639399611526
39111,"Ohio","Monroe","barley",0
39111,"Ohio","Monroe","corn",0
39111,"Ohio","Monroe","oats",0
39111,"Ohio","Monroe","soybeans",0
39111,"Ohio","Monroe","wheat",0
39113,"Ohio","Montgomery","barley",1.71599862225935
39113,"Ohio","Montgomery","corn",888.43022692226
39113,"Ohio","Montgomery","grain sorghum",0.103133771407362
39113,"Ohio","Montgomery","oats",0.71938261122621
39113,"Ohio","Montgomery","soybeans",1137.49080030591
39113,"Ohio","Montgomery","sunflower",0.15411132127443
39113,"Ohio","Montgomery","wheat",51.1883552958243
39115,"Ohio","Morgan","barley",4.52621431351896
39115,"Ohio","Morgan","corn",976.555414908038
39115,"Ohio","Morgan","oats",38.9047109431448
39115,"Ohio","Morgan","soybeans",550.009344597093
39115,"Ohio","Morgan","wheat",53.6370156430615
39117,"Ohio","Morrow","barley",5.23423503760562
39117,"Ohio","Morrow","corn",3727.09638441633
39117,"Ohio","Morrow","oats",32.8147687183265
39117,"Ohio","Morrow","soybeans",6155.0278863947
39117,"Ohio","Morrow","sunflower",0.00531672114540818
39117,"Ohio","Morrow","wheat",669.650259870007
39119,"Ohio","Muskingum","barley",6.19288103403044
39119,"Ohio","Muskingum","corn",5285.13447244236
39119,"Ohio","Muskingum","flaxseed",1.71672811321882
39119,"Ohio","Muskingum","grain sorghum",4.25704054007259
39119,"Ohio","Muskingum","oats",41.7735319296954
39119,"Ohio","Muskingum","soybeans",4755.12736044445
39119,"Ohio","Muskingum","wheat",226.413900860115
39121,"Ohio","Noble","corn",0
39121,"Ohio","Noble","oats",0
39121,"Ohio","Noble","soybeans",0
39123,"Ohio","Ottawa","barley",30.3159677115658
39123,"Ohio","Ottawa","canola",6.93959186213691
39123,"Ohio","Ottawa","corn",1578.93525530018
39123,"Ohio","Ottawa","mustard",0.00169789793960043
39123,"Ohio","Ottawa","oats",13.2958142905261
39123,"Ohio","Ottawa","soybeans",5496.47867626178
39123,"Ohio","Ottawa","sunflower",9.4586498419261
39123,"Ohio","Ottawa","wheat",662.138937524237
39125,"Ohio","Paulding","barley",2.83907360857776
39125,"Ohio","Paulding","corn",2865.53007605279
39125,"Ohio","Paulding","grain sorghum",1.93743058945131
39125,"Ohio","Paulding","oats",6.59924119620574
39125,"Ohio","Paulding","soybeans",5676.35437522875
39125,"Ohio","Paulding","sunflower",0.0656350125506502
39125,"Ohio","Paulding","wheat",1137.68013034878
39127,"Ohio","Perry","barley",5.11771944053204
39127,"Ohio","Perry","corn",3556.51100401927
39127,"Ohio","Perry","grain sorghum",0.230308447345449
39127,"Ohio","Perry","oats",24.623959128971
39127,"Ohio","Perry","soybeans",3696.92510387616
39127,"Ohio","Perry","wheat",267.718068508974
39129,"Ohio","Pickaway","barley",5.03545000669645
39129,"Ohio","Pickaway","corn",2344.53701593283
39129,"Ohio","Pickaway","grain sorghum",2.19848097793796
39129,"Ohio","Pickaway","oats",0.481612504536379
39129,"Ohio","Pickaway","soybeans",3184.23674200094
39129,"Ohio","Pickaway","sunflower",0.0814349091173529
39129,"Ohio","Pickaway","wheat",258.39818055609
39131,"Ohio","Pike","corn",2963.38355599604
39131,"Ohio","Pike","oats",4.48584376222433
39131,"Ohio","Pike","soybeans",3708.33923563928
39131,"Ohio","Pike","wheat",228.393082425063
39133,"Ohio","Portage","barley",2.12026684190983
39133,"Ohio","Portage","corn",1683.79049822804
39133,"Ohio","Portage","oats",29.8157648569952
39133,"Ohio","Portage","soybeans",2215.31408948258
39133,"Ohio","Portage","sunflower",0.257096607719833
39133,"Ohio","Portage","wheat",238.547483560058
39135,"Ohio","Preble","barley",9.1371628370398
39135,"Ohio","Preble","canola",0.702421563501142
39135,"Ohio","Preble","corn",2880.37444804751
39135,"Ohio","Preble","grain sorghum",4.16788543223953
39135,"Ohio","Preble","oats",1.88659382628442
39135,"Ohio","Preble","soybeans",3416.3091575004
39135,"Ohio","Preble","wheat",227.461860110185
39137,"Ohio","Putnam","barley",8.06329714368809
39137,"Ohio","Putnam","corn",3414.35235699047
39137,"Ohio","Putnam","grain sorghum",3.05327280247624
39137,"Ohio","Putnam","oats",2.93787281809259
39137,"Ohio","Putnam","soybeans",6296.87536601141
39137,"Ohio","Putnam","sunflower",3.71086672730252
39137,"Ohio","Putnam","wheat",1267.0469792984
39139,"Ohio","Richland","barley",0.682181554856153
39139,"Ohio","Richland","corn",912.237194798692
39139,"Ohio","Richland","oats",4.82082843954041
39139,"Ohio","Richland","soybeans",1130.20888517128
39139,"Ohio","Richland","sunflower",0.233795151036308
39139,"Ohio","Richland","wheat",154.404128154618
39141,"Ohio","Ross","barley",15.2666698321109
39141,"Ohio","Ross","corn",3168.86128577328
39141,"Ohio","Ross","grain sorghum",1.21501550593799
39141,"Ohio","Ross","oats",4.06653539682387
39141,"Ohio","Ross","soybeans",3973.32621129514
39141,"Ohio","Ross","sunflower",4.22906397100151
39141,"Ohio","Ross","wheat",389.343092267738
39143,"Ohio","Sandusky","barley",4.5561650985522
39143,"Ohio","Sandusky","corn",3093.05961318235
39143,"Ohio","Sandusky","grain sorghum",1.18602791837593
39143,"Ohio","Sandusky","oats",6.94571570229124
39143,"Ohio","Sandusky","soybeans",4688.65937066244
39143,"Ohio","Sandusky","sunflower",3.1572027350587
39143,"Ohio","Sandusky","wheat",521.305645919158
39145,"Ohio","Scioto","corn",1114.41802493641
39145,"Ohio","Scioto","oats",2.15150911553076
39145,"Ohio","Scioto","soybeans",2311.75774237256
39145,"Ohio","Scioto","sunflower",0.0954990040507082
39145,"Ohio","Scioto","wheat",67.0208301728683
39147,"Ohio","Seneca","barley",5.67192328624523
39147,"Ohio","Seneca","corn",4388.75091708585
39147,"Ohio","Seneca","oats",5.24103499822874
39147,"Ohio","Seneca","soybeans",6920.34692199233
39147,"Ohio","Seneca","wheat",1249.66163004053
39149,"Ohio","Shelby","barley",6.70363307973858
39149,"Ohio","Shelby","corn",4905.07811520197
39149,"Ohio","Shelby","oats",9.15362806627749
39149,"Ohio","Shelby","soybeans",6442.69494283752
39149,"Ohio","Shelby","sunflower",2.00851125463337
39149,"Ohio","Shelby","wheat",640.530307192618
39151,"Ohio","Stark","barley",9.13553288941892
39151,"Ohio","Stark","corn",5907.65406477523
39151,"Ohio","Stark","grain sorghum",11.5665649997273
39151,"Ohio","Stark","oats",107.582775776405
39151,"Ohio","Stark","soybeans",5755.27254344003
39151,"Ohio","Stark","sunflower",1.17908369382805
39151,"Ohio","Stark","wheat",928.624741730705
39153,"Ohio","Summit","barley",0
39153,"Ohio","Summit","corn",0
39153,"Ohio","Summit","oats",0
39153,"Ohio","Summit","soybeans",0
39153,"Ohio","Summit","wheat",0
39155,"Ohio","Trumbull","barley",45.4610610570678
39155,"Ohio","Trumbull","corn",2342.58027796624
39155,"Ohio","Trumbull","oats",83.9100184615081
39155,"Ohio","Trumbull","soybeans",3279.73871225089
39155,"Ohio","Trumbull","wheat",271.90682100533
39157,"Ohio","Tuscarawas","barley",11.461905251896
39157,"Ohio","Tuscarawas","corn",7630.74137132354
39157,"Ohio","Tuscarawas","grain sorghum",3.48953649002824
39157,"Ohio","Tuscarawas","oats",84.867191597959
39157,"Ohio","Tuscarawas","soybeans",4953.54848619806
39157,"Ohio","Tuscarawas","wheat",748.821663590736
39159,"Ohio","Union","barley",11.8270595837578
39159,"Ohio","Union","corn",3003.33498470543
39159,"Ohio","Union","oats",0.861174497244995
39159,"Ohio","Union","soybeans",5717.5038230527
39159,"Ohio","Union","sunflower",0.10430255163029
39159,"Ohio","Union","wheat",504.847047003024
39161,"Ohio","Van Wert","barley",2.40475478417721
39161,"Ohio","Van Wert","corn",1613.28850869199
39161,"Ohio","Van Wert","grain sorghum",3.9818572541222
39161,"Ohio","Van Wert","oats",1.69695099081414
39161,"Ohio","Van Wert","soybeans",2626.96984655907
39161,"Ohio","Van Wert","wheat",215.904657245963
39163,"Ohio","Vinton","corn",156.149420174683
39163,"Ohio","Vinton","oats",0.417760949059233
39163,"Ohio","Vinton","soybeans",168.079781030598
39165,"Ohio","Warren","barley",1.09845831528495
39165,"Ohio","Warren","corn",970.817964868129
39165,"Ohio","Warren","oats",0.426549105248106
39165,"Ohio","Warren","soybeans",1795.42605845459
39165,"Ohio","Warren","sunflower",2.53004015745614
39165,"Ohio","Warren","wheat",87.8373132367585
39167,"Ohio","Washington","barley",17.8984620548342
39167,"Ohio","Washington","corn",2519.70337196958
39167,"Ohio","Washington","oats",42.6737149395487
39167,"Ohio","Washington","soybeans",2181.57915999811
39167,"Ohio","Washington","wheat",82.8789031113031
39169,"Ohio","Wayne","barley",39.289809889661
39169,"Ohio","Wayne","canola",12.6361381755532
39169,"Ohio","Wayne","corn",8327.37789380492
39169,"Ohio","Wayne","grain sorghum",15.0651218179156
39169,"Ohio","Wayne","oats",144.743924398638
39169,"Ohio","Wayne","soybeans",5839.48752328311
39169,"Ohio","Wayne","sunflower",33.7572755719263
39169,"Ohio","Wayne","wheat",939.267915483929
39095,"Ohio","West Lucas","corn",13721.5380393684
39095,"Ohio","West Lucas","oats",29.1849362968789
39095,"Ohio","West Lucas","soybeans",14122.555236025
39095,"Ohio","West Lucas","wheat",2535.06171560809
39171,"Ohio","Williams","barley",4.47521638297354
39171,"Ohio","Williams","corn",4287.22422843741
39171,"Ohio","Williams","oats",10.6011234110569
39171,"Ohio","Williams","soybeans",6468.6530456387
39171,"Ohio","Williams","wheat",907.352801418175
39173,"Ohio","Wood","barley",5.10448860910149
39173,"Ohio","Wood","corn",3535.67675091655
39173,"Ohio","Wood","grain sorghum",0.0295740939113644
39173,"Ohio","Wood","oats",5.00075747470738
39173,"Ohio","Wood","soybeans",5791.49018971031
39173,"Ohio","Wood","sunflower",3.95211555603649
39173,"Ohio","Wood","wheat",941.813785162389
39175,"Ohio","Wyandot","barley",2.49779608757791
39175,"Ohio","Wyandot","corn",1909.58855933467
39175,"Ohio","Wyandot","oats",1.7685870475096
39175,"Ohio","Wyandot","soybeans",2754.06402293259
39175,"Ohio","Wyandot","sunflower",1.02859136077506
39175,"Ohio","Wyandot","wheat",285.821020688511
40001,"Oklahoma","Adair","corn",1942.13199134581
40001,"Oklahoma","Adair","soybeans",488.218146794945
40001,"Oklahoma","Adair","wheat",1381.4722326982
40003,"Oklahoma","Alfalfa","barley",24.044850680979
40003,"Oklahoma","Alfalfa","canola",390.58664257673
40003,"Oklahoma","Alfalfa","corn",532.75266533634
40003,"Oklahoma","Alfalfa","cotton",170.012543650918
40003,"Oklahoma","Alfalfa","grain sorghum",1258.59210278511
40003,"Oklahoma","Alfalfa","oats",152.684622227178
40003,"Oklahoma","Alfalfa","sesame",2006.15958911223
40003,"Oklahoma","Alfalfa","soybeans",4533.71452592127
40003,"Oklahoma","Alfalfa","sunflower",86.1906145212911
40003,"Oklahoma","Alfalfa","wheat",65451.5750072573
40005,"Oklahoma","Atoka","cotton",4900.82393897608
40005,"Oklahoma","Atoka","oats",1556.73651061191
40005,"Oklahoma","Atoka","peanuts",2919.872762004
40005,"Oklahoma","Atoka","wheat",15112.4044969525
40007,"Oklahoma","Beaver","corn",0
40007,"Oklahoma","Beaver","cotton",0
40007,"Oklahoma","Beaver","grain sorghum",0
40007,"Oklahoma","Beaver","oats",0
40007,"Oklahoma","Beaver","sesame",0
40007,"Oklahoma","Beaver","soybeans",0
40007,"Oklahoma","Beaver","wheat",0
40009,"Oklahoma","Beckham","barley",0
40009,"Oklahoma","Beckham","corn",0
40009,"Oklahoma","Beckham","cotton",0
40009,"Oklahoma","Beckham","grain sorghum",0
40009,"Oklahoma","Beckham","mustard",0
40009,"Oklahoma","Beckham","oats",0
40009,"Oklahoma","Beckham","peanuts",0
40009,"Oklahoma","Beckham","sesame",0
40009,"Oklahoma","Beckham","soybeans",0
40009,"Oklahoma","Beckham","sunflower",0
40009,"Oklahoma","Beckham","wheat",0
40011,"Oklahoma","Blaine","barley",124.756144327827
40011,"Oklahoma","Blaine","canola",206.50054247864
40011,"Oklahoma","Blaine","corn",129.37110116227
40011,"Oklahoma","Blaine","cotton",489.12806644358
40011,"Oklahoma","Blaine","dry peas",7.28803884934079
40011,"Oklahoma","Blaine","grain sorghum",140.773307037238
40011,"Oklahoma","Blaine","oats",51.6633632760319
40011,"Oklahoma","Blaine","peanuts",77.7894504405257
40011,"Oklahoma","Blaine","sesame",190.816338400365
40011,"Oklahoma","Blaine","soybeans",346.7892820524
40011,"Oklahoma","Blaine","sunflower",46.0534359276151
40011,"Oklahoma","Blaine","wheat",41080.277391176
40013,"Oklahoma","Bryan","corn",5050.71223980321
40013,"Oklahoma","Bryan","cotton",310.143415602312
40013,"Oklahoma","Bryan","grain sorghum",97.1854820972752
40013,"Oklahoma","Bryan","oats",205.240680668158
40013,"Oklahoma","Bryan","soybeans",2027.08547570969
40013,"Oklahoma","Bryan","sunflower",2.18541673256747
40013,"Oklahoma","Bryan","wheat",7883.06696062896
40015,"Oklahoma","Caddo","barley",0
40015,"Oklahoma","Caddo","corn",0
40015,"Oklahoma","Caddo","cotton",0
40015,"Oklahoma","Caddo","grain sorghum",0
40015,"Oklahoma","Caddo","oats",0
40015,"Oklahoma","Caddo","peanuts",0
40015,"Oklahoma","Caddo","sesame",0
40015,"Oklahoma","Caddo","soybeans",0
40015,"Oklahoma","Caddo","sunflower",0
40015,"Oklahoma","Caddo","wheat",0
40017,"Oklahoma","Canadian","barley",15.2958264814354
40017,"Oklahoma","Canadian","canola",10.53846797111
40017,"Oklahoma","Canadian","corn",29.344557855247
40017,"Oklahoma","Canadian","cotton",80.1188350195181
40017,"Oklahoma","Canadian","grain sorghum",60.8457304356596
40017,"Oklahoma","Canadian","oats",51.3504539046694
40017,"Oklahoma","Canadian","peanuts",6.00784955158622
40017,"Oklahoma","Canadian","sesame",8.08535706903555
40017,"Oklahoma","Canadian","soybeans",84.1989754596394
40017,"Oklahoma","Canadian","sunflower",26.3606641662688
40017,"Oklahoma","Canadian","wheat",5529.65253456263
40019,"Oklahoma","Carter","oats",0
40019,"Oklahoma","Carter","soybeans",0
40019,"Oklahoma","Carter","wheat",0
40021,"Oklahoma","Cherokee","corn",435.678208526855
40021,"Oklahoma","Cherokee","oats",179.498098668695
40021,"Oklahoma","Cherokee","soybeans",435.016586342304
40021,"Oklahoma","Cherokee","wheat",1784.26270729723
40023,"Oklahoma","Choctaw","corn",0
40023,"Oklahoma","Choctaw","grain sorghum",0
40023,"Oklahoma","Choctaw","oats",0
40023,"Oklahoma","Choctaw","peanuts",0
40023,"Oklahoma","Choctaw","soybeans",0
40023,"Oklahoma","Choctaw","wheat",0
40025,"Oklahoma","Cimarron","barley",298.199426481987
40025,"Oklahoma","Cimarron","corn",5526.13577206432
40025,"Oklahoma","Cimarron","cotton",2310.34614832595
40025,"Oklahoma","Cimarron","grain sorghum",25291.9773736055
40025,"Oklahoma","Cimarron","oats",1109.44974160368
40025,"Oklahoma","Cimarron","sesame",279.51732794538
40025,"Oklahoma","Cimarron","sunflower",264.015327889715
40025,"Oklahoma","Cimarron","wheat",42050.6886719746
40027,"Oklahoma","Cleveland","corn",0
40027,"Oklahoma","Cleveland","cotton",0
40027,"Oklahoma","Cleveland","grain sorghum",0
40027,"Oklahoma","Cleveland","oats",0
40027,"Oklahoma","Cleveland","soybeans",0
40027,"Oklahoma","Cleveland","wheat",0
40029,"Oklahoma","Coal","soybeans",2586.68225005803
40029,"Oklahoma","Coal","wheat",10945.4719932922
40031,"Oklahoma","Comanche","barley",0
40031,"Oklahoma","Comanche","corn",0
40031,"Oklahoma","Comanche","cotton",0
40031,"Oklahoma","Comanche","grain sorghum",0
40031,"Oklahoma","Comanche","oats",0
40031,"Oklahoma","Comanche","sesame",0
40031,"Oklahoma","Comanche","wheat",0
40033,"Oklahoma","Cotton","barley",83.525858068039
40033,"Oklahoma","Cotton","canola",21.1714333420003
40033,"Oklahoma","Cotton","corn",145.345012391201
40033,"Oklahoma","Cotton","cotton",1817.96895260128
40033,"Oklahoma","Cotton","grain sorghum",368.509839326325
40033,"Oklahoma","Cotton","oats",202.293700597214
40033,"Oklahoma","Cotton","soybeans",31.5338137774775
40033,"Oklahoma","Cotton","wheat",36877.0374066433
40035,"Oklahoma","Craig","barley",0
40035,"Oklahoma","Craig","corn",0
40035,"Oklahoma","Craig","grain sorghum",0
40035,"Oklahoma","Craig","oats",0
40035,"Oklahoma","Craig","soybeans",0
40035,"Oklahoma","Craig","sunflower",0
40035,"Oklahoma","Craig","wheat",0
40037,"Oklahoma","Creek","corn",583.446699786486
40037,"Oklahoma","Creek","grain sorghum",159.408652471538
40037,"Oklahoma","Creek","oats",86.8749576618246
40037,"Oklahoma","Creek","soybeans",610.617877020908
40037,"Oklahoma","Creek","wheat",535.254540733067
40039,"Oklahoma","Custer","barley",29.0555255165092
40039,"Oklahoma","Custer","canola",32.7361676992609
40039,"Oklahoma","Custer","corn",47.9179756866422
40039,"Oklahoma","Custer","cotton",297.138798927055
40039,"Oklahoma","Custer","grain sorghum",116.920322791825
40039,"Oklahoma","Custer","oats",53.5668619921839
40039,"Oklahoma","Custer","peanuts",13.2051536998962
40039,"Oklahoma","Custer","sesame",57.9475397257368
40039,"Oklahoma","Custer","soybeans",72.8572124891961
40039,"Oklahoma","Custer","sunflower",26.6120185603994
40039,"Oklahoma","Custer","wheat",5153.30632914375
40041,"Oklahoma","Delaware","corn",3479.35636309455
40041,"Oklahoma","Delaware","grain sorghum",151.062354864928
40041,"Oklahoma","Delaware","oats",451.858070270459
40041,"Oklahoma","Delaware","soybeans",5982.62053918569
40041,"Oklahoma","Delaware","wheat",4259.20038820599
40043,"Oklahoma","Dewey","barley",53.70190427652
40043,"Oklahoma","Dewey","canola",35.8184300254693
40043,"Oklahoma","Dewey","corn",3.83696648499986
40043,"Oklahoma","Dewey","cotton",70.5329235734284
40043,"Oklahoma","Dewey","dry peas",18.4322059303799
40043,"Oklahoma","Dewey","grain sorghum",82.781885005631
40043,"Oklahoma","Dewey","oats",16.1313156060262
40043,"Oklahoma","Dewey","peanuts",3.0974885130481
40043,"Oklahoma","Dewey","sesame",85.1014529750048
40043,"Oklahoma","Dewey","soybeans",33.6643648709042
40043,"Oklahoma","Dewey","sunflower",5.28924609926041
40043,"Oklahoma","Dewey","wheat",8742.84778424392
40045,"Oklahoma","Ellis","barley",0
40045,"Oklahoma","Ellis","corn",0
40045,"Oklahoma","Ellis","cotton",0
40045,"Oklahoma","Ellis","grain sorghum",0
40045,"Oklahoma","Ellis","oats",0
40045,"Oklahoma","Ellis","sesame",0
40045,"Oklahoma","Ellis","soybeans",0
40045,"Oklahoma","Ellis","sunflower",0
40045,"Oklahoma","Ellis","wheat",0
40047,"Oklahoma","Garfield","barley",163.662076351837
40047,"Oklahoma","Garfield","canola",469.04854773387
40047,"Oklahoma","Garfield","corn",3195.34909367739
40047,"Oklahoma","Garfield","cotton",34.4738357878878
40047,"Oklahoma","Garfield","grain sorghum",2923.80888466735
40047,"Oklahoma","Garfield","oats",488.191745647077
40047,"Oklahoma","Garfield","sesame",554.419441592091
40047,"Oklahoma","Garfield","soybeans",9356.53917703517
40047,"Oklahoma","Garfield","sunflower",52.9349783133903
40047,"Oklahoma","Garfield","wheat",53829.5608052173
40049,"Oklahoma","Garvin","barley",6.07928588616702
40049,"Oklahoma","Garvin","corn",1103.62983620481
40049,"Oklahoma","Garvin","cotton",64.1346747917533
40049,"Oklahoma","Garvin","grain sorghum",131.300946326548
40049,"Oklahoma","Garvin","oats",77.162471094232
40049,"Oklahoma","Garvin","soybeans",1003.99485697421
40049,"Oklahoma","Garvin","wheat",3312.18524047823
40051,"Oklahoma","Grady","barley",0
40051,"Oklahoma","Grady","corn",0
40051,"Oklahoma","Grady","cotton",0
40051,"Oklahoma","Grady","grain sorghum",0
40051,"Oklahoma","Grady","oats",0
40051,"Oklahoma","Grady","peanuts",0
40051,"Oklahoma","Grady","sesame",0
40051,"Oklahoma","Grady","soybeans",0
40051,"Oklahoma","Grady","sunflower",0
40051,"Oklahoma","Grady","wheat",0
40053,"Oklahoma","Grant","barley",61.6873971628202
40053,"Oklahoma","Grant","canola",147.729536844752
40053,"Oklahoma","Grant","corn",804.498309667686
40053,"Oklahoma","Grant","cotton",837.152539453974
40053,"Oklahoma","Grant","grain sorghum",1017.23039036043
40053,"Oklahoma","Grant","oats",96.8915032851303
40053,"Oklahoma","Grant","sesame",159.171160072619
40053,"Oklahoma","Grant","soybeans",4584.51948373736
40053,"Oklahoma","Grant","sunflower",22.0099291484158
40053,"Oklahoma","Grant","wheat",18138.2482902376
40055,"Oklahoma","Greer","barley",0
40055,"Oklahoma","Greer","canola",0
40055,"Oklahoma","Greer","corn",0
40055,"Oklahoma","Greer","cotton",0
40055,"Oklahoma","Greer","grain sorghum",0
40055,"Oklahoma","Greer","oats",0
40055,"Oklahoma","Greer","peanuts",0
40055,"Oklahoma","Greer","sesame",0
40055,"Oklahoma","Greer","wheat",0
40057,"Oklahoma","Harmon","barley",123.09673542185
40057,"Oklahoma","Harmon","corn",99.9457530341081
40057,"Oklahoma","Harmon","cotton",4124.21564367753
40057,"Oklahoma","Harmon","grain sorghum",129.159268497545
40057,"Oklahoma","Harmon","oats",12.4029658134549
40057,"Oklahoma","Harmon","peanuts",5.54609371687995
40057,"Oklahoma","Harmon","sesame",10.1136803891412
40057,"Oklahoma","Harmon","soybeans",10.9191866559929
40057,"Oklahoma","Harmon","wheat",9645.12105510569
40059,"Oklahoma","Harper","barley",4.93820949315381
40059,"Oklahoma","Harper","corn",13.1861748290987
40059,"Oklahoma","Harper","cotton",13.9893915413497
40059,"Oklahoma","Harper","grain sorghum",185.282746691528
40059,"Oklahoma","Harper","oats",15.5218949549225
40059,"Oklahoma","Harper","sesame",43.2320196925287
40059,"Oklahoma","Harper","soybeans",3.06904000535582
40059,"Oklahoma","Harper","wheat",5228.06601430766
40061,"Oklahoma","Haskell","corn",0
40061,"Oklahoma","Haskell","soybeans",0
40061,"Oklahoma","Haskell","wheat",0
40063,"Oklahoma","Hughes","corn",251.69861430731
40063,"Oklahoma","Hughes","cotton",35.5332983140686
40063,"Oklahoma","Hughes","grain sorghum",35.1439694673786
40063,"Oklahoma","Hughes","oats",58.5931630675897
40063,"Oklahoma","Hughes","soybeans",290.607973573654
40063,"Oklahoma","Hughes","wheat",1911.88263461139
40065,"Oklahoma","Jackson","barley",154.978494110509
40065,"Oklahoma","Jackson","corn",14.4433346427278
40065,"Oklahoma","Jackson","cotton",17359.7288418364
40065,"Oklahoma","Jackson","dry peas",14.5897650945818
40065,"Oklahoma","Jackson","grain sorghum",395.756133486354
40065,"Oklahoma","Jackson","oats",91.8716388525255
40065,"Oklahoma","Jackson","peanuts",7.5190779856365
40065,"Oklahoma","Jackson","sesame",112.748753990431
40065,"Oklahoma","Jackson","sunflower",36.8183387159726
40065,"Oklahoma","Jackson","wheat",23483.6324964175
40067,"Oklahoma","Jefferson","cotton",0
40067,"Oklahoma","Jefferson","oats",0
40067,"Oklahoma","Jefferson","wheat",0
40069,"Oklahoma","Johnston","corn",1596.94125810932
40069,"Oklahoma","Johnston","oats",450.409518253649
40069,"Oklahoma","Johnston","soybeans",488.628269119019
40069,"Oklahoma","Johnston","wheat",15417.6428893707
40071,"Oklahoma","Kay","barley",13.6313035549206
40071,"Oklahoma","Kay","canola",19.6093877794869
40071,"Oklahoma","Kay","corn",2451.19485713934
40071,"Oklahoma","Kay","cotton",766.91885021679
40071,"Oklahoma","Kay","grain sorghum",1513.47618758762
40071,"Oklahoma","Kay","oats",218.243999533543
40071,"Oklahoma","Kay","sesame",131.230797010887
40071,"Oklahoma","Kay","soybeans",12230.9064041907
40071,"Oklahoma","Kay","wheat",15543.9425718766
40073,"Oklahoma","Kingfisher","barley",252.330306129946
40073,"Oklahoma","Kingfisher","canola",438.524992658903
40073,"Oklahoma","Kingfisher","corn",116.672757559471
40073,"Oklahoma","Kingfisher","cotton",69.1464043897115
40073,"Oklahoma","Kingfisher","grain sorghum",344.925067626004
40073,"Oklahoma","Kingfisher","oats",262.282178076165
40073,"Oklahoma","Kingfisher","sesame",345.151323538229
40073,"Oklahoma","Kingfisher","soybeans",409.05864239968
40073,"Oklahoma","Kingfisher","sunflower",21.2016095453461
40073,"Oklahoma","Kingfisher","wheat",52329.5150836525
40075,"Oklahoma","Kiowa","barley",153.879369709496
40075,"Oklahoma","Kiowa","corn",46.9498689093244
40075,"Oklahoma","Kiowa","cotton",746.194667149145
40075,"Oklahoma","Kiowa","grain sorghum",236.40653107222
40075,"Oklahoma","Kiowa","oats",56.587324245438
40075,"Oklahoma","Kiowa","peanuts",6.34741389912798
40075,"Oklahoma","Kiowa","sesame",193.044101121353
40075,"Oklahoma","Kiowa","soybeans",11.8132156477022
40075,"Oklahoma","Kiowa","wheat",4056.98399666105
40079,"Oklahoma","Le Flore","corn",1627.94857737025
40079,"Oklahoma","Le Flore","cotton",141.24838871655
40079,"Oklahoma","Le Flore","oats",9.957675955308
40079,"Oklahoma","Le Flore","soybeans",5009.26465230304
40079,"Oklahoma","Le Flore","wheat",2056.45923829021
40081,"Oklahoma","Lincoln","corn",823.09151178476
40081,"Oklahoma","Lincoln","cotton",1166.25165735415
40081,"Oklahoma","Lincoln","grain sorghum",51.682636316385
40081,"Oklahoma","Lincoln","oats",257.11954572759
40081,"Oklahoma","Lincoln","soybeans",437.319252365005
40081,"Oklahoma","Lincoln","sunflower",201.405286991385
40081,"Oklahoma","Lincoln","wheat",6394.22600334875
40083,"Oklahoma","Logan","barley",0
40083,"Oklahoma","Logan","canola",0
40083,"Oklahoma","Logan","corn",0
40083,"Oklahoma","Logan","dry peas",0
40083,"Oklahoma","Logan","grain sorghum",0
40083,"Oklahoma","Logan","oats",0
40083,"Oklahoma","Logan","sesame",0
40083,"Oklahoma","Logan","soybeans",0
40083,"Oklahoma","Logan","wheat",0
40085,"Oklahoma","Love","corn",0
40085,"Oklahoma","Love","cotton",0
40085,"Oklahoma","Love","grain sorghum",0
40085,"Oklahoma","Love","oats",0
40085,"Oklahoma","Love","peanuts",0
40085,"Oklahoma","Love","sesame",0
40085,"Oklahoma","Love","soybeans",0
40085,"Oklahoma","Love","wheat",0
40093,"Oklahoma","Major","barley",101.596872157168
40093,"Oklahoma","Major","canola",106.074165540953
40093,"Oklahoma","Major","corn",1195.14711699318
40093,"Oklahoma","Major","cotton",321.466863578528
40093,"Oklahoma","Major","grain sorghum",300.471654309256
40093,"Oklahoma","Major","oats",197.449198155778
40093,"Oklahoma","Major","peanuts",77.8844889368837
40093,"Oklahoma","Major","sesame",428.513544621204
40093,"Oklahoma","Major","soybeans",892.990846052597
40093,"Oklahoma","Major","sunflower",50.6832195340758
40093,"Oklahoma","Major","wheat",28724.3520080198
40095,"Oklahoma","Marshall","barley",0
40095,"Oklahoma","Marshall","corn",0
40095,"Oklahoma","Marshall","cotton",0
40095,"Oklahoma","Marshall","grain sorghum",0
40095,"Oklahoma","Marshall","oats",0
40095,"Oklahoma","Marshall","soybeans",0
40095,"Oklahoma","Marshall","wheat",0
40097,"Oklahoma","Mayes","barley",0
40097,"Oklahoma","Mayes","corn",0
40097,"Oklahoma","Mayes","grain sorghum",0
40097,"Oklahoma","Mayes","oats",0
40097,"Oklahoma","Mayes","soybeans",0
40097,"Oklahoma","Mayes","sunflower",0
40097,"Oklahoma","Mayes","wheat",0
40087,"Oklahoma","McClain","corn",0
40087,"Oklahoma","McClain","cotton",0
40087,"Oklahoma","McClain","grain sorghum",0
40087,"Oklahoma","McClain","oats",0
40087,"Oklahoma","McClain","soybeans",0
40087,"Oklahoma","McClain","wheat",0
40089,"Oklahoma","McCurtain","corn",0
40089,"Oklahoma","McCurtain","cotton",0
40089,"Oklahoma","McCurtain","grain sorghum",0
40089,"Oklahoma","McCurtain","oats",0
40089,"Oklahoma","McCurtain","soybeans",0
40089,"Oklahoma","McCurtain","wheat",0
40091,"Oklahoma","McIntosh","corn",3609.43213447113
40091,"Oklahoma","McIntosh","grain sorghum",699.256290082994
40091,"Oklahoma","McIntosh","soybeans",1624.73926135813
40091,"Oklahoma","McIntosh","wheat",2046.60832993317
40099,"Oklahoma","Murray","oats",0
40099,"Oklahoma","Murray","soybeans",0
40099,"Oklahoma","Murray","wheat",0
40101,"Oklahoma","Muskogee","corn",1753.810316373
40101,"Oklahoma","Muskogee","cotton",265.201698805681
40101,"Oklahoma","Muskogee","grain sorghum",63.5368639128052
40101,"Oklahoma","Muskogee","oats",44.5578734602955
40101,"Oklahoma","Muskogee","soybeans",3921.97624612713
40101,"Oklahoma","Muskogee","wheat",2128.58573104708
40103,"Oklahoma","Noble","barley",113.026780482398
40103,"Oklahoma","Noble","canola",12.8947857794001
40103,"Oklahoma","Noble","corn",580.75108889291
40103,"Oklahoma","Noble","cotton",49.284080394862
40103,"Oklahoma","Noble","grain sorghum",433.025049462204
40103,"Oklahoma","Noble","oats",59.0677259824177
40103,"Oklahoma","Noble","sesame",67.2827766096652
40103,"Oklahoma","Noble","soybeans",1701.27279238595
40103,"Oklahoma","Noble","wheat",6159.65322412753
40105,"Oklahoma","Nowata","corn",0
40105,"Oklahoma","Nowata","grain sorghum",0
40105,"Oklahoma","Nowata","oats",0
40105,"Oklahoma","Nowata","soybeans",0
40105,"Oklahoma","Nowata","wheat",0
40107,"Oklahoma","Okfuskee","corn",342.554962505454
40107,"Oklahoma","Okfuskee","cotton",293.24161240472
40107,"Oklahoma","Okfuskee","oats",58.2941516179165
40107,"Oklahoma","Okfuskee","soybeans",685.627342093098
40107,"Oklahoma","Okfuskee","wheat",2478.92942452977
40109,"Oklahoma","Oklahoma","barley",0
40109,"Oklahoma","Oklahoma","corn",0
40109,"Oklahoma","Oklahoma","cotton",0
40109,"Oklahoma","Oklahoma","grain sorghum",0
40109,"Oklahoma","Oklahoma","oats",0
40109,"Oklahoma","Oklahoma","sesame",0
40109,"Oklahoma","Oklahoma","soybeans",0
40109,"Oklahoma","Oklahoma","wheat",0
40111,"Oklahoma","Okmulgee","canola",36.3141697942667
40111,"Oklahoma","Okmulgee","corn",2530.8715205715
40111,"Oklahoma","Okmulgee","cotton",713.441433605814
40111,"Oklahoma","Okmulgee","grain sorghum",452.456763052519
40111,"Oklahoma","Okmulgee","oats",59.7225381764505
40111,"Oklahoma","Okmulgee","soybeans",3473.13711720668
40111,"Oklahoma","Okmulgee","sunflower",11.9852823070564
40111,"Oklahoma","Okmulgee","wheat",4045.04019220821
40113,"Oklahoma","Osage","barley",0
40113,"Oklahoma","Osage","corn",0
40113,"Oklahoma","Osage","grain sorghum",0
40113,"Oklahoma","Osage","oats",0
40113,"Oklahoma","Osage","soybeans",0
40113,"Oklahoma","Osage","wheat",0
40115,"Oklahoma","Ottawa","canola",87.5915550054722
40115,"Oklahoma","Ottawa","corn",1988.07713823662
40115,"Oklahoma","Ottawa","grain sorghum",62.6398644719299
40115,"Oklahoma","Ottawa","oats",6.49259516610727
40115,"Oklahoma","Ottawa","soybeans",5025.24486336371
40115,"Oklahoma","Ottawa","sunflower",9.36952935297332
40115,"Oklahoma","Ottawa","wheat",3590.09847793768
40117,"Oklahoma","Pawnee","barley",0
40117,"Oklahoma","Pawnee","corn",0
40117,"Oklahoma","Pawnee","grain sorghum",0
40117,"Oklahoma","Pawnee","oats",0
40117,"Oklahoma","Pawnee","soybeans",0
40117,"Oklahoma","Pawnee","wheat",0
40119,"Oklahoma","Payne","barley",0.851522416603851
40119,"Oklahoma","Payne","canola",8.31920502820425
40119,"Oklahoma","Payne","corn",35.2217296393344
40119,"Oklahoma","Payne","dry peas",1.76387835874247
40119,"Oklahoma","Payne","grain sorghum",49.5758555060006
40119,"Oklahoma","Payne","oats",37.9829251587281
40119,"Oklahoma","Payne","soybeans",151.137514550829
40119,"Oklahoma","Payne","wheat",984.489104018327
40121,"Oklahoma","Pittsburg","corn",1280.98692521632
40121,"Oklahoma","Pittsburg","grain sorghum",238.323148877454
40121,"Oklahoma","Pittsburg","soybeans",1012.87338272918
40121,"Oklahoma","Pittsburg","wheat",16936.5537365507
40123,"Oklahoma","Pontotoc","corn",115.588421234913
40123,"Oklahoma","Pontotoc","oats",137.706386519265
40123,"Oklahoma","Pontotoc","soybeans",288.889376701447
40123,"Oklahoma","Pontotoc","wheat",3357.81423337533
40125,"Oklahoma","Pottawatomie","corn",0
40125,"Oklahoma","Pottawatomie","cotton",0
40125,"Oklahoma","Pottawatomie","grain sorghum",0
40125,"Oklahoma","Pottawatomie","oats",0
40125,"Oklahoma","Pottawatomie","soybeans",0
40125,"Oklahoma","Pottawatomie","wheat",0
40129,"Oklahoma","Roger Mills","barley",0
40129,"Oklahoma","Roger Mills","corn",0
40129,"Oklahoma","Roger Mills","cotton",0
40129,"Oklahoma","Roger Mills","grain sorghum",0
40129,"Oklahoma","Roger Mills","oats",0
40129,"Oklahoma","Roger Mills","sesame",0
40129,"Oklahoma","Roger Mills","soybeans",0
40129,"Oklahoma","Roger Mills","wheat",0
40131,"Oklahoma","Rogers","corn",0
40131,"Oklahoma","Rogers","grain sorghum",0
40131,"Oklahoma","Rogers","oats",0
40131,"Oklahoma","Rogers","soybeans",0
40131,"Oklahoma","Rogers","wheat",0
40133,"Oklahoma","Seminole","corn",942.193176213514
40133,"Oklahoma","Seminole","grain sorghum",208.930471714776
40133,"Oklahoma","Seminole","soybeans",540.029601398154
40133,"Oklahoma","Seminole","wheat",1773.23092815707
40135,"Oklahoma","Sequoyah","corn",1952.76556726339
40135,"Oklahoma","Sequoyah","cotton",651.625768604831
40135,"Oklahoma","Sequoyah","grain sorghum",8.08118736064075
40135,"Oklahoma","Sequoyah","soybeans",4416.43262976443
40135,"Oklahoma","Sequoyah","wheat",1722.01356056816
40137,"Oklahoma","Stephens","barley",0
40137,"Oklahoma","Stephens","corn",0
40137,"Oklahoma","Stephens","cotton",0
40137,"Oklahoma","Stephens","oats",0
40137,"Oklahoma","Stephens","peanuts",0
40137,"Oklahoma","Stephens","wheat",0
40139,"Oklahoma","Texas","barley",0
40139,"Oklahoma","Texas","corn",0
40139,"Oklahoma","Texas","cotton",0
40139,"Oklahoma","Texas","grain sorghum",0
40139,"Oklahoma","Texas","oats",0
40139,"Oklahoma","Texas","sesame",0
40139,"Oklahoma","Texas","soybeans",0
40139,"Oklahoma","Texas","sunflower",0
40139,"Oklahoma","Texas","wheat",0
40141,"Oklahoma","Tillman","barley",602.681489352596
40141,"Oklahoma","Tillman","canola",6.81876539957581
40141,"Oklahoma","Tillman","corn",2202.42112972244
40141,"Oklahoma","Tillman","cotton",13960.8548998104
40141,"Oklahoma","Tillman","dry peas",21.3372806883526
40141,"Oklahoma","Tillman","grain sorghum",409.917173511515
40141,"Oklahoma","Tillman","oats",433.80194495315
40141,"Oklahoma","Tillman","peanuts",27.4932620910897
40141,"Oklahoma","Tillman","sesame",118.95540802522
40141,"Oklahoma","Tillman","soybeans",65.3935966856279
40141,"Oklahoma","Tillman","sunflower",11.6423600432357
40141,"Oklahoma","Tillman","wheat",31267.905324286
40143,"Oklahoma","Tulsa","corn",0
40143,"Oklahoma","Tulsa","grain sorghum",0
40143,"Oklahoma","Tulsa","soybeans",0
40143,"Oklahoma","Tulsa","wheat",0
40145,"Oklahoma","Wagoner","barley",2.15168066141547
40145,"Oklahoma","Wagoner","canola",0.403081510571831
40145,"Oklahoma","Wagoner","corn",151.527491639031
40145,"Oklahoma","Wagoner","cotton",44.945644479169
40145,"Oklahoma","Wagoner","grain sorghum",9.18612721416783
40145,"Oklahoma","Wagoner","oats",2.81789837234067
40145,"Oklahoma","Wagoner","soybeans",1107.60585051389
40145,"Oklahoma","Wagoner","wheat",534.956354343607
40147,"Oklahoma","Washington","corn",0
40147,"Oklahoma","Washington","grain sorghum",0
40147,"Oklahoma","Washington","oats",0
40147,"Oklahoma","Washington","soybeans",0
40147,"Oklahoma","Washington","wheat",0
40149,"Oklahoma","Washita","barley",355.616538611794
40149,"Oklahoma","Washita","corn",282.222962733896
40149,"Oklahoma","Washita","cotton",5495.65434851246
40149,"Oklahoma","Washita","dry peas",65.6362066818601
40149,"Oklahoma","Washita","grain sorghum",680.44439628588
40149,"Oklahoma","Washita","oats",255.395560617184
40149,"Oklahoma","Washita","peanuts",10.3063117570745
40149,"Oklahoma","Washita","safflower",8.82959691848244
40149,"Oklahoma","Washita","sesame",701.355706461366
40149,"Oklahoma","Washita","soybeans",309.442375498029
40149,"Oklahoma","Washita","sunflower",25.2667206435844
40149,"Oklahoma","Washita","wheat",36736.6020973639
40151,"Oklahoma","Woods","barley",6.58675673734821
40151,"Oklahoma","Woods","canola",28.690794338713
40151,"Oklahoma","Woods","corn",5.91548668508574
40151,"Oklahoma","Woods","grain sorghum",183.293216995601
40151,"Oklahoma","Woods","oats",44.3425872947092
40151,"Oklahoma","Woods","sesame",105.04573684358
40151,"Oklahoma","Woods","soybeans",68.9124648477624
40151,"Oklahoma","Woods","sunflower",9.47649559747233
40151,"Oklahoma","Woods","wheat",6364.72574120054
40153,"Oklahoma","Woodward","barley",0
40153,"Oklahoma","Woodward","corn",0
40153,"Oklahoma","Woodward","grain sorghum",0
40153,"Oklahoma","Woodward","oats",0
40153,"Oklahoma","Woodward","sesame",0
40153,"Oklahoma","Woodward","soybeans",0
40153,"Oklahoma","Woodward","sunflower",0
40153,"Oklahoma","Woodward","wheat",0
41001,"Oregon","Baker","barley",2909.71432256885
41001,"Oregon","Baker","canola",1577.74489426008
41001,"Oregon","Baker","corn",6305.04437153728
41001,"Oregon","Baker","oats",846.328024258672
41001,"Oregon","Baker","sunflower",704.056722012938
41001,"Oregon","Baker","wheat",34932.7121082881
41003,"Oregon","Benton","barley",0
41003,"Oregon","Benton","corn",0
41003,"Oregon","Benton","mustard",0
41003,"Oregon","Benton","oats",0
41003,"Oregon","Benton","sunflower",0
41003,"Oregon","Benton","wheat",0
41005,"Oregon","Clackamas","barley",0
41005,"Oregon","Clackamas","corn",0
41005,"Oregon","Clackamas","flaxseed",0
41005,"Oregon","Clackamas","grain sorghum",0
41005,"Oregon","Clackamas","oats",0
41005,"Oregon","Clackamas","wheat",0
41007,"Oregon","Clatsop","oats",47.0942444569867
41009,"Oregon","Columbia","corn",409.058873707659
41009,"Oregon","Columbia","oats",121.395259162576
41009,"Oregon","Columbia","wheat",396.674790313287
41013,"Oregon","Crook","barley",2346.83260621247
41013,"Oregon","Crook","oats",383.112596200672
41013,"Oregon","Crook","wheat",1694.68540005782
41017,"Oregon","Deschutes","corn",2.43091726684465
41017,"Oregon","Deschutes","dry peas",192.379794009827
41017,"Oregon","Deschutes","mustard",29.5993626676591
41017,"Oregon","Deschutes","oats",39.622880560904
41017,"Oregon","Deschutes","soybeans",69.9611564065907
41017,"Oregon","Deschutes","wheat",424.352483697971
41021,"Oregon","Gilliam","barley",0
41021,"Oregon","Gilliam","chickpeas_small",0
41021,"Oregon","Gilliam","dry peas",0
41021,"Oregon","Gilliam","oats",0
41021,"Oregon","Gilliam","sunflower",0
41021,"Oregon","Gilliam","wheat",0
41023,"Oregon","Grant","barley",1248.415151855
41023,"Oregon","Grant","oats",7030.21663797133
41023,"Oregon","Grant","wheat",663.071074428733
41025,"Oregon","Harney","barley",14378.2367976278
41025,"Oregon","Harney","corn",571.168904546736
41025,"Oregon","Harney","oats",9092.30584972647
41025,"Oregon","Harney","sunflower",700.072525101737
41025,"Oregon","Harney","wheat",11944.9241651219
41027,"Oregon","Hood River","barley",30.8686846813523
41027,"Oregon","Hood River","corn",3.11587260139288
41027,"Oregon","Hood River","oats",25.084431820256
41029,"Oregon","Jackson","barley",119.584291668613
41029,"Oregon","Jackson","corn",80.3717273379169
41029,"Oregon","Jackson","wheat",506.94690614185
41031,"Oregon","Jefferson","barley",0
41031,"Oregon","Jefferson","canola",0
41031,"Oregon","Jefferson","corn",0
41031,"Oregon","Jefferson","flaxseed",0
41031,"Oregon","Jefferson","grain sorghum",0
41031,"Oregon","Jefferson","oats",0
41031,"Oregon","Jefferson","sunflower",0
41031,"Oregon","Jefferson","wheat",0
41033,"Oregon","Josephine","barley",0
41033,"Oregon","Josephine","corn",0
41033,"Oregon","Josephine","wheat",0
41035,"Oregon","Klamath","barley",12460.4829704122
41035,"Oregon","Klamath","corn",541.082932851316
41035,"Oregon","Klamath","dry peas",208.274959516944
41035,"Oregon","Klamath","oats",3514.4064068951
41035,"Oregon","Klamath","wheat",34627.1745573349
41037,"Oregon","Lake","barley",6538.96733080594
41037,"Oregon","Lake","canola",1010.10498253852
41037,"Oregon","Lake","oats",11479.7437544254
41037,"Oregon","Lake","wheat",3303.87261380799
41039,"Oregon","Lane","barley",0
41039,"Oregon","Lane","corn",0
41039,"Oregon","Lane","mustard",0
41039,"Oregon","Lane","oats",0
41039,"Oregon","Lane","sunflower",0
41039,"Oregon","Lane","wheat",0
41043,"Oregon","Linn","barley",2.40838133345925
41043,"Oregon","Linn","canola",31.7472827376598
41043,"Oregon","Linn","corn",393.77420143072
41043,"Oregon","Linn","mustard",13.0277374264589
41043,"Oregon","Linn","oats",36.3646314301679
41043,"Oregon","Linn","wheat",351.581768849848
41045,"Oregon","Malheur","barley",3461.69246541377
41045,"Oregon","Malheur","chickpeas_small",0.706962330230076
41045,"Oregon","Malheur","corn",31614.3592336964
41045,"Oregon","Malheur","dry peas",208.018309894971
41045,"Oregon","Malheur","flaxseed",17.3098655401788
41045,"Oregon","Malheur","grain sorghum",20.6732923840007
41045,"Oregon","Malheur","mustard",35.9426075619246
41045,"Oregon","Malheur","oats",1457.41998225003
41045,"Oregon","Malheur","wheat",25092.8299010074
41047,"Oregon","Marion","barley",0
41047,"Oregon","Marion","canola",0
41047,"Oregon","Marion","corn",0
41047,"Oregon","Marion","grain sorghum",0
41047,"Oregon","Marion","mustard",0
41047,"Oregon","Marion","oats",0
41047,"Oregon","Marion","rapeseed",0
41047,"Oregon","Marion","wheat",0
41049,"Oregon","Morrow","barley",0
41049,"Oregon","Morrow","canola",0
41049,"Oregon","Morrow","corn",0
41049,"Oregon","Morrow","dry peas",0
41049,"Oregon","Morrow","grain sorghum",0
41049,"Oregon","Morrow","oats",0
41049,"Oregon","Morrow","soybeans",0
41049,"Oregon","Morrow","sunflower",0
41049,"Oregon","Morrow","wheat",0
41051,"Oregon","Multnomah","corn",0
41051,"Oregon","Multnomah","oats",0
41051,"Oregon","Multnomah","wheat",0
41053,"Oregon","Polk","barley",0
41053,"Oregon","Polk","canola",0
41053,"Oregon","Polk","chickpeas_large",0
41053,"Oregon","Polk","chickpeas_small",0
41053,"Oregon","Polk","corn",0
41053,"Oregon","Polk","mustard",0
41053,"Oregon","Polk","oats",0
41053,"Oregon","Polk","wheat",0
41055,"Oregon","Sherman","barley",0
41055,"Oregon","Sherman","canola",0
41055,"Oregon","Sherman","sunflower",0
41055,"Oregon","Sherman","wheat",0
41057,"Oregon","Tillamook","corn",1015.52182220664
41059,"Oregon","Umatilla","barley",0
41059,"Oregon","Umatilla","canola",0
41059,"Oregon","Umatilla","chickpeas_large",0
41059,"Oregon","Umatilla","chickpeas_small",0
41059,"Oregon","Umatilla","corn",0
41059,"Oregon","Umatilla","dry peas",0
41059,"Oregon","Umatilla","mustard",0
41059,"Oregon","Umatilla","oats",0
41059,"Oregon","Umatilla","safflower",0
41059,"Oregon","Umatilla","soybeans",0
41059,"Oregon","Umatilla","sunflower",0
41059,"Oregon","Umatilla","wheat",0
41061,"Oregon","Union","barley",2439.81200752299
41061,"Oregon","Union","canola",711.441443804032
41061,"Oregon","Union","chickpeas_large",223.498504937274
41061,"Oregon","Union","corn",687.174051525325
41061,"Oregon","Union","dry peas",52.1221127930235
41061,"Oregon","Union","flaxseed",35.1720880135744
41061,"Oregon","Union","lentils",174.269268290645
41061,"Oregon","Union","mustard",18.7731300699674
41061,"Oregon","Union","oats",188.027959844581
41061,"Oregon","Union","soybeans",90.7093768414495
41061,"Oregon","Union","sunflower",701.535051040132
41061,"Oregon","Union","wheat",11140.6746001335
41063,"Oregon","Wallowa","barley",2741.51404361492
41063,"Oregon","Wallowa","canola",871.752032695668
41063,"Oregon","Wallowa","corn",2.138298030822
41063,"Oregon","Wallowa","dry peas",408.051413221763
41063,"Oregon","Wallowa","flaxseed",221.641718554803
41063,"Oregon","Wallowa","lentils",24.9147358891277
41063,"Oregon","Wallowa","mustard",323.329906942564
41063,"Oregon","Wallowa","oats",1013.24748999122
41063,"Oregon","Wallowa","wheat",11156.7581460405
41065,"Oregon","Wasco","barley",0
41065,"Oregon","Wasco","canola",0
41065,"Oregon","Wasco","corn",0
41065,"Oregon","Wasco","grain sorghum",0
41065,"Oregon","Wasco","mustard",0
41065,"Oregon","Wasco","oats",0
41065,"Oregon","Wasco","safflower",0
41065,"Oregon","Wasco","sunflower",0
41065,"Oregon","Wasco","wheat",0
41067,"Oregon","Washington","barley",0
41067,"Oregon","Washington","chickpeas_small",0
41067,"Oregon","Washington","corn",0
41067,"Oregon","Washington","dry peas",0
41067,"Oregon","Washington","oats",0
41067,"Oregon","Washington","sunflower",0
41067,"Oregon","Washington","wheat",0
41069,"Oregon","Wheeler","barley",0
41069,"Oregon","Wheeler","oats",0
41069,"Oregon","Wheeler","wheat",0
41071,"Oregon","Yamhill","barley",0
41071,"Oregon","Yamhill","canola",0
41071,"Oregon","Yamhill","corn",0
41071,"Oregon","Yamhill","dry peas",0
41071,"Oregon","Yamhill","mustard",0
41071,"Oregon","Yamhill","oats",0
41071,"Oregon","Yamhill","soybeans",0
41071,"Oregon","Yamhill","sunflower",0
41071,"Oregon","Yamhill","wheat",0
42001,"Pennsylvania","Adams","barley",86.3848703595543
42001,"Pennsylvania","Adams","corn",6886.11196343215
42001,"Pennsylvania","Adams","grain sorghum",202.830574552037
42001,"Pennsylvania","Adams","oats",74.0130172268817
42001,"Pennsylvania","Adams","rapeseed",30.0125518061693
42001,"Pennsylvania","Adams","soybeans",6515.00115519404
42001,"Pennsylvania","Adams","sunflower",3.54900644971251
42001,"Pennsylvania","Adams","wheat",1836.60612051671
42003,"Pennsylvania","Allegheny","corn",40.3747892887054
42003,"Pennsylvania","Allegheny","oats",3.35999512484198
42003,"Pennsylvania","Allegheny","soybeans",32.1716368908008
42003,"Pennsylvania","Allegheny","sunflower",0.0973629418963193
42003,"Pennsylvania","Allegheny","wheat",4.69402970039138
42005,"Pennsylvania","Armstrong","barley",52.4218535100828
42005,"Pennsylvania","Armstrong","corn",3856.65915736125
42005,"Pennsylvania","Armstrong","grain sorghum",27.4679511008728
42005,"Pennsylvania","Armstrong","oats",556.202606026606
42005,"Pennsylvania","Armstrong","soybeans",2486.07457359382
42005,"Pennsylvania","Armstrong","sunflower",3.62709952484907
42005,"Pennsylvania","Armstrong","wheat",406.016926840162
42007,"Pennsylvania","Beaver","barley",8.02239868442551
42007,"Pennsylvania","Beaver","corn",1865.91312970003
42007,"Pennsylvania","Beaver","oats",101.246046080811
42007,"Pennsylvania","Beaver","soybeans",1526.04211412037
42007,"Pennsylvania","Beaver","sunflower",2.86214342320819
42007,"Pennsylvania","Beaver","wheat",174.28813636409
42009,"Pennsylvania","Bedford","barley",76.6523285615874
42009,"Pennsylvania","Bedford","corn",7811.13385839732
42009,"Pennsylvania","Bedford","grain sorghum",49.0388555404097
42009,"Pennsylvania","Bedford","oats",363.82246508594
42009,"Pennsylvania","Bedford","soybeans",2751.55819184777
42009,"Pennsylvania","Bedford","sunflower",0.978715283943353
42009,"Pennsylvania","Bedford","wheat",1107.7637877077
42011,"Pennsylvania","Berks","barley",485.673460982096
42011,"Pennsylvania","Berks","canola",5.73796791028633
42011,"Pennsylvania","Berks","corn",8727.90125025426
42011,"Pennsylvania","Berks","flaxseed",1.92677151231017
42011,"Pennsylvania","Berks","grain sorghum",129.878374316498
42011,"Pennsylvania","Berks","oats",94.3419321692355
42011,"Pennsylvania","Berks","soybeans",5517.15071846159
42011,"Pennsylvania","Berks","sunflower",7.9950431104211
42011,"Pennsylvania","Berks","wheat",1527.15274866304
42013,"Pennsylvania","Blair","barley",44.6782457172659
42013,"Pennsylvania","Blair","corn",6155.18136300381
42013,"Pennsylvania","Blair","grain sorghum",12.7683353062306
42013,"Pennsylvania","Blair","oats",105.597583883962
42013,"Pennsylvania","Blair","soybeans",1102.08505835156
42013,"Pennsylvania","Blair","wheat",413.107985828312
42015,"Pennsylvania","Bradford","barley",10.4859357958242
42015,"Pennsylvania","Bradford","corn",9610.43997850786
42015,"Pennsylvania","Bradford","grain sorghum",58.3647711803805
42015,"Pennsylvania","Bradford","oats",396.690488743333
42015,"Pennsylvania","Bradford","soybeans",2127.29765818581
42015,"Pennsylvania","Bradford","sunflower",7.1293855246999
42015,"Pennsylvania","Bradford","wheat",633.032124680233
42017,"Pennsylvania","Bucks","barley",0
42017,"Pennsylvania","Bucks","corn",0
42017,"Pennsylvania","Bucks","grain sorghum",0
42017,"Pennsylvania","Bucks","oats",0
42017,"Pennsylvania","Bucks","soybeans",0
42017,"Pennsylvania","Bucks","wheat",0
42019,"Pennsylvania","Butler","barley",31.8916610808699
42019,"Pennsylvania","Butler","corn",5330.2743084541
42019,"Pennsylvania","Butler","oats",579.907301189244
42019,"Pennsylvania","Butler","soybeans",3660.00915704993
42019,"Pennsylvania","Butler","sunflower",3.92795785198043
42019,"Pennsylvania","Butler","wheat",643.097395205384
42021,"Pennsylvania","Cambria","barley",116.218970043999
42021,"Pennsylvania","Cambria","corn",5247.37628086742
42021,"Pennsylvania","Cambria","grain sorghum",4.25723537807543
42021,"Pennsylvania","Cambria","oats",1143.37398075363
42021,"Pennsylvania","Cambria","soybeans",3734.98379604435
42021,"Pennsylvania","Cambria","sunflower",6.34383024257634
42021,"Pennsylvania","Cambria","wheat",926.442462919714
42023,"Pennsylvania","Cameron","corn",0
42023,"Pennsylvania","Cameron","oats",0
42023,"Pennsylvania","Cameron","wheat",0
42025,"Pennsylvania","Carbon","barley",0
42025,"Pennsylvania","Carbon","corn",0
42025,"Pennsylvania","Carbon","grain sorghum",0
42025,"Pennsylvania","Carbon","oats",0
42025,"Pennsylvania","Carbon","soybeans",0
42025,"Pennsylvania","Carbon","sunflower",0
42025,"Pennsylvania","Carbon","wheat",0
42027,"Pennsylvania","Centre","barley",39.4824136511542
42027,"Pennsylvania","Centre","canola",7.17330997079306
42027,"Pennsylvania","Centre","corn",4193.68748028271
42027,"Pennsylvania","Centre","grain sorghum",4.19248662737749
42027,"Pennsylvania","Centre","oats",214.129903195962
42027,"Pennsylvania","Centre","soybeans",2621.07320354218
42027,"Pennsylvania","Centre","sunflower",7.14420510495011
42027,"Pennsylvania","Centre","wheat",466.126899988795
42029,"Pennsylvania","Chester","barley",84.5209599797483
42029,"Pennsylvania","Chester","corn",3332.02403002577
42029,"Pennsylvania","Chester","grain sorghum",20.7158154513219
42029,"Pennsylvania","Chester","oats",18.9232512827708
42029,"Pennsylvania","Chester","soybeans",1784.07496802721
42029,"Pennsylvania","Chester","sunflower",3.76172161341943
42029,"Pennsylvania","Chester","wheat",725.761622868726
42031,"Pennsylvania","Clarion","barley",8.94876668959379
42031,"Pennsylvania","Clarion","corn",2299.01437288633
42031,"Pennsylvania","Clarion","oats",508.725888675633
42031,"Pennsylvania","Clarion","soybeans",1338.48298947434
42031,"Pennsylvania","Clarion","sunflower",2.40789400045878
42031,"Pennsylvania","Clarion","wheat",146.607176841106
42033,"Pennsylvania","Clearfield","barley",28.575387101691
42033,"Pennsylvania","Clearfield","corn",2067.68432822677
42033,"Pennsylvania","Clearfield","grain sorghum",3.40614326241925
42033,"Pennsylvania","Clearfield","oats",267.833320149176
42033,"Pennsylvania","Clearfield","soybeans",541.236707642958
42033,"Pennsylvania","Clearfield","sunflower",1.10821886050004
42033,"Pennsylvania","Clearfield","wheat",153.603480021622
42035,"Pennsylvania","Clinton","barley",1.17799400685929
42035,"Pennsylvania","Clinton","canola",1.27555909218408
42035,"Pennsylvania","Clinton","corn",1128.59069210536
42035,"Pennsylvania","Clinton","grain sorghum",7.86696008362103
42035,"Pennsylvania","Clinton","oats",13.8310087183703
42035,"Pennsylvania","Clinton","rapeseed",15.5815617201201
42035,"Pennsylvania","Clinton","soybeans",509.250567509024
42035,"Pennsylvania","Clinton","sunflower",9.1331549523109
42035,"Pennsylvania","Clinton","wheat",178.213827450862
42037,"Pennsylvania","Columbia","barley",5.16735327057009
42037,"Pennsylvania","Columbia","corn",2460.20693120289
42037,"Pennsylvania","Columbia","grain sorghum",4.69771334103552
42037,"Pennsylvania","Columbia","oats",74.6388464172001
42037,"Pennsylvania","Columbia","soybeans",1880.79057350586
42037,"Pennsylvania","Columbia","sunflower",0.558031402935128
42037,"Pennsylvania","Columbia","wheat",419.24007503508
42039,"Pennsylvania","Crawford","barley",37.8660671674893
42039,"Pennsylvania","Crawford","corn",10080.0149668809
42039,"Pennsylvania","Crawford","grain sorghum",35.2019846058981
42039,"Pennsylvania","Crawford","oats",658.61499285715
42039,"Pennsylvania","Crawford","rapeseed",6.44686466452363
42039,"Pennsylvania","Crawford","soybeans",7766.80677951059
42039,"Pennsylvania","Crawford","sunflower",19.0695244893228
42039,"Pennsylvania","Crawford","wheat",554.936644402998
42041,"Pennsylvania","Cumberland","barley",237.452701109717
42041,"Pennsylvania","Cumberland","corn",4205.11713485081
42041,"Pennsylvania","Cumberland","grain sorghum",40.812009306238
42041,"Pennsylvania","Cumberland","oats",62.4733732259289
42041,"Pennsylvania","Cumberland","soybeans",2873.57376161888
42041,"Pennsylvania","Cumberland","sunflower",0.0817397621156318
42041,"Pennsylvania","Cumberland","wheat",1134.10911912193
42043,"Pennsylvania","Dauphin","barley",82.0452233186117
42043,"Pennsylvania","Dauphin","corn",1950.67509203637
42043,"Pennsylvania","Dauphin","grain sorghum",10.4957224746369
42043,"Pennsylvania","Dauphin","oats",40.7447450113576
42043,"Pennsylvania","Dauphin","soybeans",1793.79466829197
42043,"Pennsylvania","Dauphin","sunflower",1.26162294193787
42043,"Pennsylvania","Dauphin","wheat",374.776833930019
42045,"Pennsylvania","Delaware","barley",0
42045,"Pennsylvania","Delaware","corn",0
42045,"Pennsylvania","Delaware","grain sorghum",0
42045,"Pennsylvania","Delaware","soybeans",0
42045,"Pennsylvania","Delaware","wheat",0
42047,"Pennsylvania","Elk","barley",0.212263616415006
42047,"Pennsylvania","Elk","corn",134.219517204171
42047,"Pennsylvania","Elk","oats",8.62925646174587
42047,"Pennsylvania","Elk","soybeans",19.3705852704528
42049,"Pennsylvania","Erie","barley",19.7828905251771
42049,"Pennsylvania","Erie","corn",5476.18330218871
42049,"Pennsylvania","Erie","grain sorghum",25.4295609399442
42049,"Pennsylvania","Erie","oats",569.346403950288
42049,"Pennsylvania","Erie","soybeans",5793.22543496587
42049,"Pennsylvania","Erie","sunflower",12.2080364547438
42049,"Pennsylvania","Erie","wheat",494.440979732805
42051,"Pennsylvania","Fayette","barley",17.4208573913369
42051,"Pennsylvania","Fayette","corn",2493.06536708247
42051,"Pennsylvania","Fayette","grain sorghum",5.35244414696619
42051,"Pennsylvania","Fayette","oats",65.5837239665967
42051,"Pennsylvania","Fayette","soybeans",1591.48562579077
42051,"Pennsylvania","Fayette","sunflower",3.043582478657
42051,"Pennsylvania","Fayette","wheat",90.1028244146574
42053,"Pennsylvania","Forest","barley",4.20998575198799
42053,"Pennsylvania","Forest","corn",184.206058241362
42053,"Pennsylvania","Forest","oats",43.7609335550429
42053,"Pennsylvania","Forest","soybeans",57.3033865393816
42055,"Pennsylvania","Franklin","barley",1132.4683614437
42055,"Pennsylvania","Franklin","corn",15057.7373236964
42055,"Pennsylvania","Franklin","grain sorghum",216.584177770822
42055,"Pennsylvania","Franklin","oats",103.045569701676
42055,"Pennsylvania","Franklin","rapeseed",28.578406811083
42055,"Pennsylvania","Franklin","soybeans",6280.52404670206
42055,"Pennsylvania","Franklin","sunflower",69.0869375892784
42055,"Pennsylvania","Franklin","wheat",3272.06087249594
42057,"Pennsylvania","Fulton","barley",116.379861714338
42057,"Pennsylvania","Fulton","corn",2549.31386024308
42057,"Pennsylvania","Fulton","grain sorghum",117.322544517724
42057,"Pennsylvania","Fulton","oats",123.509499816792
42057,"Pennsylvania","Fulton","soybeans",796.984998758411
42057,"Pennsylvania","Fulton","sunflower",6.18582701324662
42057,"Pennsylvania","Fulton","wheat",595.002091810143
42059,"Pennsylvania","Greene","barley",0
42059,"Pennsylvania","Greene","corn",0
42059,"Pennsylvania","Greene","oats",0
42059,"Pennsylvania","Greene","soybeans",0
42059,"Pennsylvania","Greene","wheat",0
42061,"Pennsylvania","Huntingdon","barley",71.2174122129349
42061,"Pennsylvania","Huntingdon","corn",6709.53109874568
42061,"Pennsylvania","Huntingdon","grain sorghum",115.239608356126
42061,"Pennsylvania","Huntingdon","oats",217.517424974184
42061,"Pennsylvania","Huntingdon","rapeseed",3.83465478440278
42061,"Pennsylvania","Huntingdon","soybeans",1293.85982132666
42061,"Pennsylvania","Huntingdon","sunflower",0.660562442694415
42061,"Pennsylvania","Huntingdon","wheat",823.11029588902
42063,"Pennsylvania","Indiana","barley",37.0707681706721
42063,"Pennsylvania","Indiana","corn",8428.50067505617
42063,"Pennsylvania","Indiana","dry peas",0.164330213598522
42063,"Pennsylvania","Indiana","grain sorghum",46.1439239784651
42063,"Pennsylvania","Indiana","oats",880.496180580964
42063,"Pennsylvania","Indiana","soybeans",5847.96138197474
42063,"Pennsylvania","Indiana","sunflower",2.38196053495182
42063,"Pennsylvania","Indiana","wheat",584.604616653568
42065,"Pennsylvania","Jefferson","barley",45.3511307628316
42065,"Pennsylvania","Jefferson","corn",4365.52754817311
42065,"Pennsylvania","Jefferson","grain sorghum",19.3428998122679
42065,"Pennsylvania","Jefferson","oats",704.022685886045
42065,"Pennsylvania","Jefferson","soybeans",2566.80558184647
42065,"Pennsylvania","Jefferson","wheat",501.184919212707
42067,"Pennsylvania","Juniata","barley",55.8823909470136
42067,"Pennsylvania","Juniata","corn",2255.01096497141
42067,"Pennsylvania","Juniata","grain sorghum",12.4944868988114
42067,"Pennsylvania","Juniata","oats",44.4617423759455
42067,"Pennsylvania","Juniata","soybeans",1164.24389836515
42067,"Pennsylvania","Juniata","sunflower",5.76993565233038
42067,"Pennsylvania","Juniata","wheat",435.979820083211
42069,"Pennsylvania","Lackawanna","barley",0
42069,"Pennsylvania","Lackawanna","corn",0
42069,"Pennsylvania","Lackawanna","oats",0
42069,"Pennsylvania","Lackawanna","soybeans",0
42069,"Pennsylvania","Lackawanna","sunflower",0
42069,"Pennsylvania","Lackawanna","wheat",0
42071,"Pennsylvania","Lancaster","barley",1298.15918292569
42071,"Pennsylvania","Lancaster","corn",24265.3698271474
42071,"Pennsylvania","Lancaster","grain sorghum",55.1971584982029
42071,"Pennsylvania","Lancaster","oats",44.854002181715
42071,"Pennsylvania","Lancaster","safflower",0.177957547757681
42071,"Pennsylvania","Lancaster","soybeans",9498.17090628219
42071,"Pennsylvania","Lancaster","wheat",4004.05431561705
42073,"Pennsylvania","Lawrence","barley",16.4095611953568
42073,"Pennsylvania","Lawrence","corn",4243.18218844225
42073,"Pennsylvania","Lawrence","oats",287.80950551511
42073,"Pennsylvania","Lawrence","soybeans",2985.18092990968
42073,"Pennsylvania","Lawrence","sunflower",3.42325973792773
42073,"Pennsylvania","Lawrence","wheat",386.96622729878
42075,"Pennsylvania","Lebanon","barley",180.268040263504
42075,"Pennsylvania","Lebanon","canola",22.4367890730141
42075,"Pennsylvania","Lebanon","corn",3403.24754701158
42075,"Pennsylvania","Lebanon","grain sorghum",16.7671648552665
42075,"Pennsylvania","Lebanon","oats",11.3939829911963
42075,"Pennsylvania","Lebanon","soybeans",1652.93979453007
42075,"Pennsylvania","Lebanon","wheat",432.321982896622
42077,"Pennsylvania","Lehigh","barley",14.7227473724351
42077,"Pennsylvania","Lehigh","canola",2.49921150424403
42077,"Pennsylvania","Lehigh","corn",641.711904901623
42077,"Pennsylvania","Lehigh","grain sorghum",9.80504715703396
42077,"Pennsylvania","Lehigh","oats",12.8929994048045
42077,"Pennsylvania","Lehigh","soybeans",570.896307605169
42077,"Pennsylvania","Lehigh","sunflower",2.85687268059871
42077,"Pennsylvania","Lehigh","wheat",118.86201048233
42079,"Pennsylvania","Luzerne","barley",0.963623040048333
42079,"Pennsylvania","Luzerne","corn",1357.93514491578
42079,"Pennsylvania","Luzerne","dry peas",0.120746524277144
42079,"Pennsylvania","Luzerne","mustard",0.187932333505282
42079,"Pennsylvania","Luzerne","oats",85.4035937734733
42079,"Pennsylvania","Luzerne","rapeseed",3.34519553639402
42079,"Pennsylvania","Luzerne","soybeans",626.658862614694
42079,"Pennsylvania","Luzerne","sunflower",1.48278611135667
42079,"Pennsylvania","Luzerne","wheat",135.725107122182
42081,"Pennsylvania","Lycoming","barley",24.1802666152548
42081,"Pennsylvania","Lycoming","canola",21.764644886866
42081,"Pennsylvania","Lycoming","corn",4377.08836916882
42081,"Pennsylvania","Lycoming","grain sorghum",33.3109960908129
42081,"Pennsylvania","Lycoming","oats",203.313581803691
42081,"Pennsylvania","Lycoming","soybeans",2748.29292260689
42081,"Pennsylvania","Lycoming","sunflower",23.4138945890358
42081,"Pennsylvania","Lycoming","wheat",448.907491438803
42083,"Pennsylvania","McKean","corn",37.8810248633961
42083,"Pennsylvania","McKean","oats",5.79509458648184
42083,"Pennsylvania","McKean","soybeans",4.36606973938508
42083,"Pennsylvania","McKean","sunflower",2.30102787798201
42083,"Pennsylvania","McKean","wheat",1.24019033885278
42085,"Pennsylvania","Mercer","barley",43.0958316592501
42085,"Pennsylvania","Mercer","corn",8405.10685141733
42085,"Pennsylvania","Mercer","oats",413.879864351329
42085,"Pennsylvania","Mercer","soybeans",6619.65991358658
42085,"Pennsylvania","Mercer","sunflower",2.12922694687291
42085,"Pennsylvania","Mercer","wheat",556.664791548031
42087,"Pennsylvania","Mifflin","barley",87.3148452348809
42087,"Pennsylvania","Mifflin","canola",1.96953740435678
42087,"Pennsylvania","Mifflin","corn",4466.87209884555
42087,"Pennsylvania","Mifflin","grain sorghum",23.925283875658
42087,"Pennsylvania","Mifflin","oats",49.512200808125
42087,"Pennsylvania","Mifflin","soybeans",1765.16376000642
42087,"Pennsylvania","Mifflin","sunflower",2.66051677705195
42087,"Pennsylvania","Mifflin","wheat",423.130820364733
42089,"Pennsylvania","Monroe","barley",0
42089,"Pennsylvania","Monroe","corn",0
42089,"Pennsylvania","Monroe","oats",0
42089,"Pennsylvania","Monroe","soybeans",0
42089,"Pennsylvania","Monroe","wheat",0
42091,"Pennsylvania","Montgomery","barley",0
42091,"Pennsylvania","Montgomery","corn",0
42091,"Pennsylvania","Montgomery","grain sorghum",0
42091,"Pennsylvania","Montgomery","oats",0
42091,"Pennsylvania","Montgomery","soybeans",0
42091,"Pennsylvania","Montgomery","sunflower",0
42091,"Pennsylvania","Montgomery","wheat",0
42093,"Pennsylvania","Montour","barley",2.45815124178128
42093,"Pennsylvania","Montour","corn",485.307269223031
42093,"Pennsylvania","Montour","grain sorghum",2.11993630028593
42093,"Pennsylvania","Montour","oats",6.43682867096308
42093,"Pennsylvania","Montour","soybeans",622.866411486471
42093,"Pennsylvania","Montour","wheat",66.7696459981494
42095,"Pennsylvania","Northampton","barley",5.87793916746282
42095,"Pennsylvania","Northampton","canola",6.65493300751352
42095,"Pennsylvania","Northampton","corn",988.41444090413
42095,"Pennsylvania","Northampton","grain sorghum",5.52819577683603
42095,"Pennsylvania","Northampton","oats",6.50116900377082
42095,"Pennsylvania","Northampton","soybeans",678.575069069771
42095,"Pennsylvania","Northampton","sunflower",0.17814122384826
42095,"Pennsylvania","Northampton","wheat",97.9125710336573
42097,"Pennsylvania","Northumberland","barley",104.367080220809
42097,"Pennsylvania","Northumberland","canola",1.71874127881159
42097,"Pennsylvania","Northumberland","corn",2591.91561343226
42097,"Pennsylvania","Northumberland","grain sorghum",82.9800272613514
42097,"Pennsylvania","Northumberland","oats",36.3779009070526
42097,"Pennsylvania","Northumberland","soybeans",2000.97386242173
42097,"Pennsylvania","Northumberland","sunflower",6.49847536258603
42097,"Pennsylvania","Northumberland","wheat",336.725504371028
42099,"Pennsylvania","Perry","barley",149.606511193992
42099,"Pennsylvania","Perry","canola",1.75903113700238
42099,"Pennsylvania","Perry","corn",2854.62981980668
42099,"Pennsylvania","Perry","grain sorghum",5.51779128599803
42099,"Pennsylvania","Perry","oats",100.743846579635
42099,"Pennsylvania","Perry","soybeans",1627.16135895239
42099,"Pennsylvania","Perry","sunflower",3.2524646188424
42099,"Pennsylvania","Perry","wheat",553.102468916649
42103,"Pennsylvania","Pike","corn",0
42103,"Pennsylvania","Pike","soybeans",0
42105,"Pennsylvania","Potter","barley",43.8090143978769
42105,"Pennsylvania","Potter","corn",1843.64567608122
42105,"Pennsylvania","Potter","grain sorghum",34.1689633329546
42105,"Pennsylvania","Potter","oats",312.421992279358
42105,"Pennsylvania","Potter","soybeans",218.188313718083
42105,"Pennsylvania","Potter","sunflower",3.15050249314178
42105,"Pennsylvania","Potter","wheat",674.617869249594
42107,"Pennsylvania","Schuylkill","barley",70.1305171448361
42107,"Pennsylvania","Schuylkill","canola",10.8200352187825
42107,"Pennsylvania","Schuylkill","corn",3644.18298458906
42107,"Pennsylvania","Schuylkill","grain sorghum",105.976467210141
42107,"Pennsylvania","Schuylkill","oats",177.215188922854
42107,"Pennsylvania","Schuylkill","rapeseed",20.9937661031667
42107,"Pennsylvania","Schuylkill","soybeans",2095.10320547449
42107,"Pennsylvania","Schuylkill","sunflower",9.41279697373914
42107,"Pennsylvania","Schuylkill","wheat",406.150317067875
42109,"Pennsylvania","Snyder","barley",49.1661296703673
42109,"Pennsylvania","Snyder","corn",4397.14152436046
42109,"Pennsylvania","Snyder","grain sorghum",32.8057762645799
42109,"Pennsylvania","Snyder","oats",102.922613200529
42109,"Pennsylvania","Snyder","soybeans",2672.0979070288
42109,"Pennsylvania","Snyder","sunflower",4.61706350656405
42109,"Pennsylvania","Snyder","wheat",549.959964094832
42111,"Pennsylvania","Somerset","barley",52.5282687036447
42111,"Pennsylvania","Somerset","corn",9008.406973106
42111,"Pennsylvania","Somerset","grain sorghum",24.7569399089997
42111,"Pennsylvania","Somerset","oats",728.660108926666
42111,"Pennsylvania","Somerset","soybeans",3984.58078954512
42111,"Pennsylvania","Somerset","sunflower",9.18515569419738
42111,"Pennsylvania","Somerset","wheat",582.217220945054
42113,"Pennsylvania","Sullivan","corn",0
42113,"Pennsylvania","Sullivan","oats",0
42113,"Pennsylvania","Sullivan","soybeans",0
42113,"Pennsylvania","Sullivan","sunflower",0
42113,"Pennsylvania","Sullivan","wheat",0
42115,"Pennsylvania","Susquehanna","barley",0
42115,"Pennsylvania","Susquehanna","corn",0
42115,"Pennsylvania","Susquehanna","oats",0
42115,"Pennsylvania","Susquehanna","soybeans",0
42115,"Pennsylvania","Susquehanna","wheat",0
42117,"Pennsylvania","Tioga","barley",49.996970089419
42117,"Pennsylvania","Tioga","corn",3128.1046351932
42117,"Pennsylvania","Tioga","grain sorghum",20.7564211585455
42117,"Pennsylvania","Tioga","oats",294.071190410245
42117,"Pennsylvania","Tioga","soybeans",481.600844966516
42117,"Pennsylvania","Tioga","sunflower",11.3749018186742
42117,"Pennsylvania","Tioga","wheat",306.142773297991
42119,"Pennsylvania","Union","barley",35.737141594508
42119,"Pennsylvania","Union","canola",3.67753207497465
42119,"Pennsylvania","Union","corn",1813.61777932011
42119,"Pennsylvania","Union","grain sorghum",0.738226195715989
42119,"Pennsylvania","Union","oats",13.0190075015545
42119,"Pennsylvania","Union","soybeans",1250.57491338012
42119,"Pennsylvania","Union","sunflower",2.17970997787721
42119,"Pennsylvania","Union","wheat",238.418697788745
42121,"Pennsylvania","Venango","barley",7.84500395812389
42121,"Pennsylvania","Venango","corn",2842.76234190268
42121,"Pennsylvania","Venango","oats",168.523301451161
42121,"Pennsylvania","Venango","soybeans",1487.60423387598
42121,"Pennsylvania","Venango","wheat",154.569171228527
42123,"Pennsylvania","Warren","barley",0.371385290094369
42123,"Pennsylvania","Warren","corn",1598.46160060125
42123,"Pennsylvania","Warren","oats",59.7454943880614
42123,"Pennsylvania","Warren","soybeans",255.313274298855
42123,"Pennsylvania","Warren","sunflower",1.48554116037748
42123,"Pennsylvania","Warren","wheat",15.9695674740579
42125,"Pennsylvania","Washington","barley",0.206817926153029
42125,"Pennsylvania","Washington","corn",45.472231600374
42125,"Pennsylvania","Washington","grain sorghum",0.144111527790081
42125,"Pennsylvania","Washington","oats",3.63386521412845
42125,"Pennsylvania","Washington","soybeans",28.9327865351176
42125,"Pennsylvania","Washington","sunflower",0.0611217601371693
42125,"Pennsylvania","Washington","wheat",1.47132301002194
42127,"Pennsylvania","Wayne","barley",2.67299684732491
42127,"Pennsylvania","Wayne","corn",290.386893102206
42127,"Pennsylvania","Wayne","oats",6.43301241256196
42127,"Pennsylvania","Wayne","soybeans",16.7409792547959
42127,"Pennsylvania","Wayne","sunflower",2.67299684732491
42127,"Pennsylvania","Wayne","wheat",1.06919873892997
42129,"Pennsylvania","Westmoreland","barley",25.2360736334142
42129,"Pennsylvania","Westmoreland","corn",2174.31401222753
42129,"Pennsylvania","Westmoreland","grain sorghum",10.7452268174591
42129,"Pennsylvania","Westmoreland","oats",146.0690012006
42129,"Pennsylvania","Westmoreland","soybeans",1486.43868702338
42129,"Pennsylvania","Westmoreland","sunflower",0.827870914003476
42129,"Pennsylvania","Westmoreland","wheat",119.938764341658
42131,"Pennsylvania","Wyoming","barley",0
42131,"Pennsylvania","Wyoming","corn",0
42131,"Pennsylvania","Wyoming","grain sorghum",0
42131,"Pennsylvania","Wyoming","oats",0
42131,"Pennsylvania","Wyoming","soybeans",0
42131,"Pennsylvania","Wyoming","sunflower",0
42131,"Pennsylvania","Wyoming","wheat",0
42133,"Pennsylvania","York","barley",409.164995963071
42133,"Pennsylvania","York","corn",12925.6756115167
42133,"Pennsylvania","York","grain sorghum",51.4374035836863
42133,"Pennsylvania","York","oats",64.5247764489373
42133,"Pennsylvania","York","soybeans",8705.79427544854
42133,"Pennsylvania","York","sunflower",16.4421151749685
42133,"Pennsylvania","York","wheat",3238.22575436339
72001,"Puerto Rico","Adjuntas","corn",21.9660039303499
72013,"Puerto Rico","Arecibo","corn",133.039344469963
72013,"Puerto Rico","Arecibo","grain sorghum",195.133152881158
72019,"Puerto Rico","Barranquitas","corn",69.3493607798506
72047,"Puerto Rico","Corozal","corn",23.8782092146358
72097,"Puerto Rico","Mayaguez","corn",52.4713629958715
72097,"Puerto Rico","Mayaguez","dry peas",117.914692893832
72113,"Puerto Rico","Ponce","corn",219.609823411652
72113,"Puerto Rico","Ponce","cotton",18.4934588136128
72113,"Puerto Rico","Ponce","grain sorghum",27.7401882204193
44001,"Rhode Island","Bristol","barley",4.7380564033281
44001,"Rhode Island","Bristol","corn",54.1180802388136
44001,"Rhode Island","Bristol","wheat",17.6571568630694
44003,"Rhode Island","Kent","corn",50.4863717828268
44005,"Rhode Island","Newport","corn",258.772778920736
44005,"Rhode Island","Newport","oats",1.7781681303003
44005,"Rhode Island","Newport","sunflower",0.435140841553849
44005,"Rhode Island","Newport","wheat",6.48592645311951
44007,"Rhode Island","Providence","corn",452.42221139185
44009,"Rhode Island","Washington","corn",191.134627612236
44009,"Rhode Island","Washington","oats",3.77940483322649
45001,"South Carolina","Abbeville","corn",8.79181868922192
45001,"South Carolina","Abbeville","cotton",105.098076904704
45001,"South Carolina","Abbeville","grain sorghum",23.1799681210063
45001,"South Carolina","Abbeville","oats",95.2965516537124
45001,"South Carolina","Abbeville","soybeans",64.8430443017383
45001,"South Carolina","Abbeville","wheat",197.221458305353
45003,"South Carolina","Aiken","barley",0
45003,"South Carolina","Aiken","corn",0
45003,"South Carolina","Aiken","cotton",0
45003,"South Carolina","Aiken","grain sorghum",0
45003,"South Carolina","Aiken","oats",0
45003,"South Carolina","Aiken","peanuts",0
45003,"South Carolina","Aiken","soybeans",0
45003,"South Carolina","Aiken","sunflower",0
45003,"South Carolina","Aiken","wheat",0
45005,"South Carolina","Allendale","corn",0
45005,"South Carolina","Allendale","cotton",0
45005,"South Carolina","Allendale","grain sorghum",0
45005,"South Carolina","Allendale","oats",0
45005,"South Carolina","Allendale","peanuts",0
45005,"South Carolina","Allendale","soybeans",0
45005,"South Carolina","Allendale","wheat",0
45007,"South Carolina","Anderson","barley",0
45007,"South Carolina","Anderson","corn",0
45007,"South Carolina","Anderson","cotton",0
45007,"South Carolina","Anderson","grain sorghum",0
45007,"South Carolina","Anderson","oats",0
45007,"South Carolina","Anderson","soybeans",0
45007,"South Carolina","Anderson","sunflower",0
45007,"South Carolina","Anderson","wheat",0
45009,"South Carolina","Bamberg","corn",0
45009,"South Carolina","Bamberg","cotton",0
45009,"South Carolina","Bamberg","dry peas",0
45009,"South Carolina","Bamberg","grain sorghum",0
45009,"South Carolina","Bamberg","oats",0
45009,"South Carolina","Bamberg","peanuts",0
45009,"South Carolina","Bamberg","sesame",0
45009,"South Carolina","Bamberg","soybeans",0
45009,"South Carolina","Bamberg","sunflower",0
45009,"South Carolina","Bamberg","wheat",0
45011,"South Carolina","Barnwell","corn",0
45011,"South Carolina","Barnwell","cotton",0
45011,"South Carolina","Barnwell","grain sorghum",0
45011,"South Carolina","Barnwell","oats",0
45011,"South Carolina","Barnwell","peanuts",0
45011,"South Carolina","Barnwell","sesame",0
45011,"South Carolina","Barnwell","soybeans",0
45011,"South Carolina","Barnwell","sunflower",0
45011,"South Carolina","Barnwell","wheat",0
45013,"South Carolina","Beaufort","corn",0
45013,"South Carolina","Beaufort","rice_long grain",0
45013,"South Carolina","Beaufort","soybeans",0
45015,"South Carolina","Berkeley","corn",0
45015,"South Carolina","Berkeley","cotton",0
45015,"South Carolina","Berkeley","oats",0
45015,"South Carolina","Berkeley","peanuts",0
45015,"South Carolina","Berkeley","soybeans",0
45015,"South Carolina","Berkeley","wheat",0
45017,"South Carolina","Calhoun","corn",0
45017,"South Carolina","Calhoun","cotton",0
45017,"South Carolina","Calhoun","dry peas",0
45017,"South Carolina","Calhoun","grain sorghum",0
45017,"South Carolina","Calhoun","oats",0
45017,"South Carolina","Calhoun","peanuts",0
45017,"South Carolina","Calhoun","rice_long grain",0
45017,"South Carolina","Calhoun","rice_short/medium grain",0
45017,"South Carolina","Calhoun","sesame",0
45017,"South Carolina","Calhoun","soybeans",0
45017,"South Carolina","Calhoun","wheat",0
45019,"South Carolina","Charleston","corn",191.458101302943
45019,"South Carolina","Charleston","peanuts",204.632109267811
45019,"South Carolina","Charleston","soybeans",100.880282392639
45019,"South Carolina","Charleston","wheat",90.0069665025264
45021,"South Carolina","Cherokee","corn",175.60066594337
45021,"South Carolina","Cherokee","grain sorghum",245.907737643229
45021,"South Carolina","Cherokee","oats",15.5952822415757
45021,"South Carolina","Cherokee","soybeans",1511.97920404655
45021,"South Carolina","Cherokee","wheat",610.190303790332
45023,"South Carolina","Chester","corn",219.656190789172
45023,"South Carolina","Chester","cotton",973.936847217218
45023,"South Carolina","Chester","grain sorghum",14.6511518089487
45023,"South Carolina","Chester","oats",16.6596716502203
45023,"South Carolina","Chester","soybeans",58.824374512929
45023,"South Carolina","Chester","sunflower",1.55258474393337
45023,"South Carolina","Chester","wheat",137.364825882551
45025,"South Carolina","Chesterfield","corn",2324.69694858369
45025,"South Carolina","Chesterfield","cotton",613.047327894149
45025,"South Carolina","Chesterfield","grain sorghum",106.973766546776
45025,"South Carolina","Chesterfield","oats",45.025757403366
45025,"South Carolina","Chesterfield","peanuts",236.227531286004
45025,"South Carolina","Chesterfield","sesame",19.0370100485104
45025,"South Carolina","Chesterfield","soybeans",3744.47883211052
45025,"South Carolina","Chesterfield","sunflower",2.87886945300181
45025,"South Carolina","Chesterfield","wheat",2296.9587574034
45027,"South Carolina","Clarendon","barley",0.46165420582489
45027,"South Carolina","Clarendon","corn",1586.06942986165
45027,"South Carolina","Clarendon","cotton",286.009553443106
45027,"South Carolina","Clarendon","dry peas",11.2673004216189
45027,"South Carolina","Clarendon","grain sorghum",34.9168381404881
45027,"South Carolina","Clarendon","oats",55.1185743760003
45027,"South Carolina","Clarendon","peanuts",71.3581424057382
45027,"South Carolina","Clarendon","rice_short/medium grain",1.41685872624075
45027,"South Carolina","Clarendon","sesame",6.71161278141058
45027,"South Carolina","Clarendon","soybeans",1152.35493611401
45027,"South Carolina","Clarendon","sunflower",0.272795667078344
45027,"South Carolina","Clarendon","wheat",479.643946917474
45029,"South Carolina","Colleton","barley",0
45029,"South Carolina","Colleton","corn",0
45029,"South Carolina","Colleton","cotton",0
45029,"South Carolina","Colleton","grain sorghum",0
45029,"South Carolina","Colleton","oats",0
45029,"South Carolina","Colleton","peanuts",0
45029,"South Carolina","Colleton","sesame",0
45029,"South Carolina","Colleton","soybeans",0
45029,"South Carolina","Colleton","sunflower",0
45029,"South Carolina","Colleton","wheat",0
45031,"South Carolina","Darlington","corn",0
45031,"South Carolina","Darlington","cotton",0
45031,"South Carolina","Darlington","dry peas",0
45031,"South Carolina","Darlington","grain sorghum",0
45031,"South Carolina","Darlington","oats",0
45031,"South Carolina","Darlington","peanuts",0
45031,"South Carolina","Darlington","rice_long grain",0
45031,"South Carolina","Darlington","sesame",0
45031,"South Carolina","Darlington","soybeans",0
45031,"South Carolina","Darlington","wheat",0
45033,"South Carolina","Dillon","corn",0
45033,"South Carolina","Dillon","cotton",0
45033,"South Carolina","Dillon","dry peas",0
45033,"South Carolina","Dillon","grain sorghum",0
45033,"South Carolina","Dillon","oats",0
45033,"South Carolina","Dillon","peanuts",0
45033,"South Carolina","Dillon","sesame",0
45033,"South Carolina","Dillon","soybeans",0
45033,"South Carolina","Dillon","wheat",0
45035,"South Carolina","Dorchester","barley",0
45035,"South Carolina","Dorchester","corn",0
45035,"South Carolina","Dorchester","cotton",0
45035,"South Carolina","Dorchester","grain sorghum",0
45035,"South Carolina","Dorchester","oats",0
45035,"South Carolina","Dorchester","peanuts",0
45035,"South Carolina","Dorchester","sesame",0
45035,"South Carolina","Dorchester","soybeans",0
45035,"South Carolina","Dorchester","wheat",0
45037,"South Carolina","Edgefield","corn",0
45037,"South Carolina","Edgefield","cotton",0
45037,"South Carolina","Edgefield","grain sorghum",0
45037,"South Carolina","Edgefield","oats",0
45037,"South Carolina","Edgefield","sesame",0
45037,"South Carolina","Edgefield","soybeans",0
45037,"South Carolina","Edgefield","wheat",0
45039,"South Carolina","Fairfield","corn",137.320433980153
45039,"South Carolina","Fairfield","wheat",87.9658979560642
45041,"South Carolina","Florence","corn",0
45041,"South Carolina","Florence","cotton",0
45041,"South Carolina","Florence","grain sorghum",0
45041,"South Carolina","Florence","oats",0
45041,"South Carolina","Florence","peanuts",0
45041,"South Carolina","Florence","sesame",0
45041,"South Carolina","Florence","soybeans",0
45041,"South Carolina","Florence","wheat",0
45043,"South Carolina","Georgetown","corn",0
45043,"South Carolina","Georgetown","cotton",0
45043,"South Carolina","Georgetown","grain sorghum",0
45043,"South Carolina","Georgetown","oats",0
45043,"South Carolina","Georgetown","peanuts",0
45043,"South Carolina","Georgetown","sesame",0
45043,"South Carolina","Georgetown","soybeans",0
45043,"South Carolina","Georgetown","wheat",0
45045,"South Carolina","Greenville","barley",5.65484168028793
45045,"South Carolina","Greenville","corn",146.074140898911
45045,"South Carolina","Greenville","grain sorghum",3.20391055605127
45045,"South Carolina","Greenville","oats",15.1935483682208
45045,"South Carolina","Greenville","soybeans",199.864051164173
45045,"South Carolina","Greenville","sunflower",0.725413710804061
45045,"South Carolina","Greenville","wheat",56.4003115035901
45047,"South Carolina","Greenwood","corn",7.90697382404396
45047,"South Carolina","Greenwood","oats",3.27511035477429
45047,"South Carolina","Greenwood","wheat",6.1593345892014
45049,"South Carolina","Hampton","corn",0
45049,"South Carolina","Hampton","cotton",0
45049,"South Carolina","Hampton","grain sorghum",0
45049,"South Carolina","Hampton","oats",0
45049,"South Carolina","Hampton","peanuts",0
45049,"South Carolina","Hampton","soybeans",0
45049,"South Carolina","Hampton","sunflower",0
45049,"South Carolina","Hampton","wheat",0
45051,"South Carolina","Horry","corn",0
45051,"South Carolina","Horry","cotton",0
45051,"South Carolina","Horry","grain sorghum",0
45051,"South Carolina","Horry","oats",0
45051,"South Carolina","Horry","peanuts",0
45051,"South Carolina","Horry","sesame",0
45051,"South Carolina","Horry","soybeans",0
45051,"South Carolina","Horry","sunflower",0
45051,"South Carolina","Horry","wheat",0
45053,"South Carolina","Jasper","corn",0
45053,"South Carolina","Jasper","cotton",0
45053,"South Carolina","Jasper","oats",0
45053,"South Carolina","Jasper","peanuts",0
45053,"South Carolina","Jasper","rice_long grain",0
45053,"South Carolina","Jasper","soybeans",0
45053,"South Carolina","Jasper","sunflower",0
45053,"South Carolina","Jasper","wheat",0
45055,"South Carolina","Kershaw","corn",0
45055,"South Carolina","Kershaw","cotton",0
45055,"South Carolina","Kershaw","grain sorghum",0
45055,"South Carolina","Kershaw","oats",0
45055,"South Carolina","Kershaw","sesame",0
45055,"South Carolina","Kershaw","soybeans",0
45055,"South Carolina","Kershaw","sunflower",0
45055,"South Carolina","Kershaw","wheat",0
45057,"South Carolina","Lancaster","corn",710.156676510331
45057,"South Carolina","Lancaster","cotton",404.327433340858
45057,"South Carolina","Lancaster","grain sorghum",197.1329262361
45057,"South Carolina","Lancaster","oats",77.1414867197511
45057,"South Carolina","Lancaster","soybeans",1192.73300690921
45057,"South Carolina","Lancaster","wheat",952.89940262431
45059,"South Carolina","Laurens","barley",0
45059,"South Carolina","Laurens","corn",0
45059,"South Carolina","Laurens","grain sorghum",0
45059,"South Carolina","Laurens","oats",0
45059,"South Carolina","Laurens","sesame",0
45059,"South Carolina","Laurens","soybeans",0
45059,"South Carolina","Laurens","wheat",0
45061,"South Carolina","Lee","corn",0
45061,"South Carolina","Lee","cotton",0
45061,"South Carolina","Lee","grain sorghum",0
45061,"South Carolina","Lee","oats",0
45061,"South Carolina","Lee","peanuts",0
45061,"South Carolina","Lee","soybeans",0
45061,"South Carolina","Lee","sunflower",0
45061,"South Carolina","Lee","wheat",0
45063,"South Carolina","Lexington","corn",0
45063,"South Carolina","Lexington","cotton",0
45063,"South Carolina","Lexington","grain sorghum",0
45063,"South Carolina","Lexington","oats",0
45063,"South Carolina","Lexington","peanuts",0
45063,"South Carolina","Lexington","sesame",0
45063,"South Carolina","Lexington","soybeans",0
45063,"South Carolina","Lexington","sunflower",0
45063,"South Carolina","Lexington","wheat",0
45067,"South Carolina","Marion","corn",0
45067,"South Carolina","Marion","cotton",0
45067,"South Carolina","Marion","grain sorghum",0
45067,"South Carolina","Marion","oats",0
45067,"South Carolina","Marion","peanuts",0
45067,"South Carolina","Marion","sesame",0
45067,"South Carolina","Marion","soybeans",0
45067,"South Carolina","Marion","wheat",0
45069,"South Carolina","Marlboro","barley",0
45069,"South Carolina","Marlboro","corn",0
45069,"South Carolina","Marlboro","cotton",0
45069,"South Carolina","Marlboro","dry peas",0
45069,"South Carolina","Marlboro","grain sorghum",0
45069,"South Carolina","Marlboro","oats",0
45069,"South Carolina","Marlboro","peanuts",0
45069,"South Carolina","Marlboro","rice_long grain",0
45069,"South Carolina","Marlboro","sesame",0
45069,"South Carolina","Marlboro","soybeans",0
45069,"South Carolina","Marlboro","sunflower",0
45069,"South Carolina","Marlboro","wheat",0
45071,"South Carolina","Newberry","barley",0
45071,"South Carolina","Newberry","corn",0
45071,"South Carolina","Newberry","cotton",0
45071,"South Carolina","Newberry","grain sorghum",0
45071,"South Carolina","Newberry","oats",0
45071,"South Carolina","Newberry","sesame",0
45071,"South Carolina","Newberry","soybeans",0
45071,"South Carolina","Newberry","sunflower",0
45071,"South Carolina","Newberry","wheat",0
45073,"South Carolina","Oconee","barley",32.5767753587567
45073,"South Carolina","Oconee","corn",355.934963592732
45073,"South Carolina","Oconee","cotton",25.2138519755578
45073,"South Carolina","Oconee","grain sorghum",31.7120207288789
45073,"South Carolina","Oconee","oats",56.2527781573066
45073,"South Carolina","Oconee","soybeans",745.372805804445
45073,"South Carolina","Oconee","sunflower",3.75678780244102
45073,"South Carolina","Oconee","wheat",494.78714606096
45075,"South Carolina","Orangeburg","corn",0
45075,"South Carolina","Orangeburg","cotton",0
45075,"South Carolina","Orangeburg","dry peas",0
45075,"South Carolina","Orangeburg","grain sorghum",0
45075,"South Carolina","Orangeburg","oats",0
45075,"South Carolina","Orangeburg","peanuts",0
45075,"South Carolina","Orangeburg","rice_long grain",0
45075,"South Carolina","Orangeburg","sesame",0
45075,"South Carolina","Orangeburg","soybeans",0
45075,"South Carolina","Orangeburg","sunflower",0
45075,"South Carolina","Orangeburg","wheat",0
45077,"South Carolina","Pickens","corn",66.443090600417
45077,"South Carolina","Pickens","oats",9.92067960471993
45077,"South Carolina","Pickens","soybeans",67.4625799852653
45077,"South Carolina","Pickens","wheat",46.0398370254087
45079,"South Carolina","Richland","barley",0
45079,"South Carolina","Richland","corn",0
45079,"South Carolina","Richland","cotton",0
45079,"South Carolina","Richland","grain sorghum",0
45079,"South Carolina","Richland","oats",0
45079,"South Carolina","Richland","peanuts",0
45079,"South Carolina","Richland","sesame",0
45079,"South Carolina","Richland","soybeans",0
45079,"South Carolina","Richland","wheat",0
45081,"South Carolina","Saluda","corn",0
45081,"South Carolina","Saluda","cotton",0
45081,"South Carolina","Saluda","grain sorghum",0
45081,"South Carolina","Saluda","oats",0
45081,"South Carolina","Saluda","sesame",0
45081,"South Carolina","Saluda","soybeans",0
45081,"South Carolina","Saluda","sunflower",0
45081,"South Carolina","Saluda","wheat",0
45083,"South Carolina","Spartanburg","corn",320.90662214121
45083,"South Carolina","Spartanburg","grain sorghum",21.9302199650073
45083,"South Carolina","Spartanburg","oats",118.741591705744
45083,"South Carolina","Spartanburg","soybeans",1312.18816753633
45083,"South Carolina","Spartanburg","wheat",641.276772154875
45085,"South Carolina","Sumter","corn",0
45085,"South Carolina","Sumter","cotton",0
45085,"South Carolina","Sumter","grain sorghum",0
45085,"South Carolina","Sumter","oats",0
45085,"South Carolina","Sumter","peanuts",0
45085,"South Carolina","Sumter","sesame",0
45085,"South Carolina","Sumter","soybeans",0
45085,"South Carolina","Sumter","sunflower",0
45085,"South Carolina","Sumter","wheat",0
45087,"South Carolina","Union","corn",211.171015715297
45087,"South Carolina","Union","soybeans",79.2799881575473
45087,"South Carolina","Union","wheat",157.623303487146
45089,"South Carolina","Williamsburg","corn",1405.76404982881
45089,"South Carolina","Williamsburg","cotton",1360.72500841585
45089,"South Carolina","Williamsburg","grain sorghum",41.16186827905
45089,"South Carolina","Williamsburg","oats",23.979641898535
45089,"South Carolina","Williamsburg","peanuts",129.59425062163
45089,"South Carolina","Williamsburg","sesame",26.5815667011759
45089,"South Carolina","Williamsburg","soybeans",2211.42372923767
45089,"South Carolina","Williamsburg","wheat",341.006857424566
45091,"South Carolina","York","corn",0
45091,"South Carolina","York","cotton",0
45091,"South Carolina","York","grain sorghum",0
45091,"South Carolina","York","oats",0
45091,"South Carolina","York","soybeans",0
45091,"South Carolina","York","sunflower",0
45091,"South Carolina","York","wheat",0
46003,"South Dakota","Aurora","barley",13.9959905396189
46003,"South Dakota","Aurora","corn",11693.1519762411
46003,"South Dakota","Aurora","dry peas",20.0288302925392
46003,"South Dakota","Aurora","grain sorghum",414.037540495445
46003,"South Dakota","Aurora","oats",559.193496721813
46003,"South Dakota","Aurora","soybeans",9547.77500438694
46003,"South Dakota","Aurora","sunflower",273.968126819344
46003,"South Dakota","Aurora","wheat",1252.32056195387
46005,"South Dakota","Beadle","barley",84.6418315795059
46005,"South Dakota","Beadle","corn",57525.1755503732
46005,"South Dakota","Beadle","dry peas",49.628582476183
46005,"South Dakota","Beadle","grain sorghum",138.046514485775
46005,"South Dakota","Beadle","oats",798.159078202449
46005,"South Dakota","Beadle","soybeans",44437.8423206706
46005,"South Dakota","Beadle","sunflower",253.653066932789
46005,"South Dakota","Beadle","wheat",2564.46335239854
46007,"South Dakota","Bennett","barley",54.3921394116679
46007,"South Dakota","Bennett","corn",10717.6245595616
46007,"South Dakota","Bennett","dry peas",607.983508907289
46007,"South Dakota","Bennett","grain sorghum",406.344038546742
46007,"South Dakota","Bennett","oats",3662.85282675103
46007,"South Dakota","Bennett","safflower",54.2767271728435
46007,"South Dakota","Bennett","soybeans",1277.09436424651
46007,"South Dakota","Bennett","sunflower",6782.54959170106
46007,"South Dakota","Bennett","wheat",7317.71315968414
46009,"South Dakota","Bon Homme","barley",25.5986821040222
46009,"South Dakota","Bon Homme","corn",10342.4472487685
46009,"South Dakota","Bon Homme","grain sorghum",8.34491984727528
46009,"South Dakota","Bon Homme","oats",128.932413860097
46009,"South Dakota","Bon Homme","soybeans",8202.90227337395
46009,"South Dakota","Bon Homme","sunflower",139.653681911442
46009,"South Dakota","Bon Homme","wheat",382.244402339997
46011,"South Dakota","Brookings","barley",39.69574913521
46011,"South Dakota","Brookings","canola",0.375173449994937
46011,"South Dakota","Brookings","chickpeas_small",0.00895300278397007
46011,"South Dakota","Brookings","corn",6583.87070680616
46011,"South Dakota","Brookings","dry peas",0.0117952258899923
46011,"South Dakota","Brookings","grain sorghum",3.27573318526829
46011,"South Dakota","Brookings","oats",164.605134251256
46011,"South Dakota","Brookings","rapeseed",0.0213166732951668
46011,"South Dakota","Brookings","soybeans",5111.5317743568
46011,"South Dakota","Brookings","sunflower",0.255970612928363
46011,"South Dakota","Brookings","wheat",112.042737040113
46013,"South Dakota","Brown","barley",76.0483334406637
46013,"South Dakota","Brown","corn",41574.099783928
46013,"South Dakota","Brown","grain sorghum",13.9574340619344
46013,"South Dakota","Brown","oats",284.069714050491
46013,"South Dakota","Brown","soybeans",28216.940809726
46013,"South Dakota","Brown","sunflower",261.148610984385
46013,"South Dakota","Brown","wheat",1129.37548281409
46015,"South Dakota","Brule","barley",30.8565365268771
46015,"South Dakota","Brule","corn",23644.9410964101
46015,"South Dakota","Brule","grain sorghum",873.165143552501
46015,"South Dakota","Brule","oats",1792.73339118726
46015,"South Dakota","Brule","soybeans",19084.3059506986
46015,"South Dakota","Brule","sunflower",203.670568851867
46015,"South Dakota","Brule","wheat",4963.87689582999
46017,"South Dakota","Buffalo","barley",31.5096946002685
46017,"South Dakota","Buffalo","corn",7340.91099264358
46017,"South Dakota","Buffalo","dry peas",61.6154425802119
46017,"South Dakota","Buffalo","grain sorghum",896.612134436496
46017,"South Dakota","Buffalo","oats",640.832742872185
46017,"South Dakota","Buffalo","soybeans",4943.01750316878
46017,"South Dakota","Buffalo","sunflower",1160.6006896553
46017,"South Dakota","Buffalo","wheat",3588.24165288822
46019,"South Dakota","Butte","barley",4452.91026538572
46019,"South Dakota","Butte","corn",8158.80249674173
46019,"South Dakota","Butte","dry peas",28.4879144744709
46019,"South Dakota","Butte","flaxseed",181.809696292567
46019,"South Dakota","Butte","grain sorghum",365.160193656235
46019,"South Dakota","Butte","lentils",15.6205349966834
46019,"South Dakota","Butte","oats",6351.83118017085
46019,"South Dakota","Butte","soybeans",2408.6662100795
46019,"South Dakota","Butte","sunflower",1385.46755371557
46019,"South Dakota","Butte","wheat",10075.9637913542
46021,"South Dakota","Campbell","barley",181.013274408497
46021,"South Dakota","Campbell","corn",9977.32722322059
46021,"South Dakota","Campbell","dry peas",41.6947204850042
46021,"South Dakota","Campbell","grain sorghum",44.4040845897108
46021,"South Dakota","Campbell","oats",797.311354352509
46021,"South Dakota","Campbell","soybeans",9528.45792569905
46021,"South Dakota","Campbell","sunflower",659.566329286866
46021,"South Dakota","Campbell","wheat",3178.97276191091
46023,"South Dakota","Charles Mix","barley",17.3904085408196
46023,"South Dakota","Charles Mix","corn",15433.8038757891
46023,"South Dakota","Charles Mix","dry peas",44.8769567482099
46023,"South Dakota","Charles Mix","grain sorghum",399.056865322973
46023,"South Dakota","Charles Mix","oats",462.118770322287
46023,"South Dakota","Charles Mix","soybeans",13760.7909282158
46023,"South Dakota","Charles Mix","sunflower",260.272934150818
46023,"South Dakota","Charles Mix","wheat",3003.24877479151
46025,"South Dakota","Clark","barley",19.9882104188661
46025,"South Dakota","Clark","corn",14363.4291378433
46025,"South Dakota","Clark","dry peas",35.9673255945535
46025,"South Dakota","Clark","flaxseed",8.64077248480979
46025,"South Dakota","Clark","grain sorghum",4.48885536494208
46025,"South Dakota","Clark","oats",500.159471237819
46025,"South Dakota","Clark","soybeans",13079.033469133
46025,"South Dakota","Clark","sunflower",81.5921770843872
46025,"South Dakota","Clark","wheat",827.726878332975
46027,"South Dakota","Clay","barley",0.251836576453564
46027,"South Dakota","Clay","canola",0.0239844358527204
46027,"South Dakota","Clay","corn",6228.90201748878
46027,"South Dakota","Clay","grain sorghum",2.36306654238927
46027,"South Dakota","Clay","oats",16.7537280540215
46027,"South Dakota","Clay","soybeans",5090.22688249368
46027,"South Dakota","Clay","wheat",39.4861763552299
46029,"South Dakota","Codington","barley",1.72666603666446
46029,"South Dakota","Codington","corn",6844.42517347195
46029,"South Dakota","Codington","grain sorghum",0.126957641764257
46029,"South Dakota","Codington","oats",278.921896523698
46029,"South Dakota","Codington","soybeans",6085.22845547662
46029,"South Dakota","Codington","sunflower",36.7103390016847
46029,"South Dakota","Codington","wheat",764.974238140694
46031,"South Dakota","Corson","barley",611.500920822264
46031,"South Dakota","Corson","canola",212.869410615552
46031,"South Dakota","Corson","corn",12662.576853807
46031,"South Dakota","Corson","dry peas",224.946241646837
46031,"South Dakota","Corson","flaxseed",234.726012573962
46031,"South Dakota","Corson","grain sorghum",97.0970809170399
46031,"South Dakota","Corson","oats",3158.41060103114
46031,"South Dakota","Corson","soybeans",4099.73131870019
46031,"South Dakota","Corson","sunflower",11557.7184683911
46031,"South Dakota","Corson","wheat",17017.0786618462
46033,"South Dakota","Custer","barley",223.15834898348
46033,"South Dakota","Custer","corn",1975.4612500515
46033,"South Dakota","Custer","grain sorghum",114.858985617306
46033,"South Dakota","Custer","oats",1770.62571500332
46033,"South Dakota","Custer","soybeans",1447.88156632035
46033,"South Dakota","Custer","sunflower",895.361602461096
46033,"South Dakota","Custer","wheat",3377.58766218232
46035,"South Dakota","Davison","barley",11.0243838636172
46035,"South Dakota","Davison","corn",8680.31965678317
46035,"South Dakota","Davison","grain sorghum",100.358251097128
46035,"South Dakota","Davison","oats",111.418120957326
46035,"South Dakota","Davison","soybeans",7374.87582005914
46035,"South Dakota","Davison","sunflower",91.1253355256814
46035,"South Dakota","Davison","wheat",820.015681204812
46037,"South Dakota","Day","barley",17.1248903264613
46037,"South Dakota","Day","canola",10.9335353597329
46037,"South Dakota","Day","corn",7260.84403016837
46037,"South Dakota","Day","grain sorghum",2.6692730498281
46037,"South Dakota","Day","oats",198.546563982005
46037,"South Dakota","Day","soybeans",7092.68898319769
46037,"South Dakota","Day","sunflower",23.5831725981724
46037,"South Dakota","Day","wheat",908.142213218498
46039,"South Dakota","Deuel","barley",4.36148438528448
46039,"South Dakota","Deuel","corn",14103.7981677234
46039,"South Dakota","Deuel","dry peas",9.10306878054635
46039,"South Dakota","Deuel","flaxseed",60.1912498117104
46039,"South Dakota","Deuel","grain sorghum",5.92746057997744
46039,"South Dakota","Deuel","oats",854.024935721762
46039,"South Dakota","Deuel","soybeans",11433.2001348735
46039,"South Dakota","Deuel","wheat",827.581548298101
46041,"South Dakota","Dewey","barley",246.597680815464
46041,"South Dakota","Dewey","corn",15671.1431658846
46041,"South Dakota","Dewey","flaxseed",54.5336125732517
46041,"South Dakota","Dewey","grain sorghum",498.339440299054
46041,"South Dakota","Dewey","oats",3179.51901873565
46041,"South Dakota","Dewey","soybeans",1193.9726362577
46041,"South Dakota","Dewey","sunflower",9715.96188509242
46041,"South Dakota","Dewey","wheat",13609.1775458783
46043,"South Dakota","Douglas","barley",39.840127766183
46043,"South Dakota","Douglas","corn",11040.620700419
46043,"South Dakota","Douglas","dry peas",0.139624021036572
46043,"South Dakota","Douglas","grain sorghum",109.533013608339
46043,"South Dakota","Douglas","oats",208.222318019265
46043,"South Dakota","Douglas","soybeans",9910.7475815312
46043,"South Dakota","Douglas","sunflower",63.3951443733014
46043,"South Dakota","Douglas","wheat",643.88328114213
46045,"South Dakota","Edmunds","barley",54.8109783279753
46045,"South Dakota","Edmunds","corn",31222.5718789771
46045,"South Dakota","Edmunds","dry peas",81.8000496486866
46045,"South Dakota","Edmunds","flaxseed",29.4154966952172
46045,"South Dakota","Edmunds","grain sorghum",7.47896187292492
46045,"South Dakota","Edmunds","oats",692.980333359543
46045,"South Dakota","Edmunds","soybeans",32616.5784202821
46045,"South Dakota","Edmunds","sunflower",530.477044568671
46045,"South Dakota","Edmunds","wheat",5141.38659144479
46047,"South Dakota","Fall River","barley",595.903026804449
46047,"South Dakota","Fall River","corn",5752.45699685637
46047,"South Dakota","Fall River","dry peas",118.126140101022
46047,"South Dakota","Fall River","grain sorghum",435.151130976552
46047,"South Dakota","Fall River","oats",1911.4014451541
46047,"South Dakota","Fall River","safflower",646.906984506501
46047,"South Dakota","Fall River","soybeans",1583.33532341202
46047,"South Dakota","Fall River","sunflower",1870.51598745715
46047,"South Dakota","Fall River","wheat",9254.43783469481
46049,"South Dakota","Faulk","barley",66.1717815527625
46049,"South Dakota","Faulk","corn",23038.2600431915
46049,"South Dakota","Faulk","dry peas",10.4847028124315
46049,"South Dakota","Faulk","grain sorghum",154.554495417139
46049,"South Dakota","Faulk","oats",474.181000367103
46049,"South Dakota","Faulk","soybeans",22704.3699012907
46049,"South Dakota","Faulk","sunflower",573.038805652049
46049,"South Dakota","Faulk","wheat",2659.70412738306
46051,"South Dakota","Grant","barley",12.8163367679958
46051,"South Dakota","Grant","corn",13845.6342032598
46051,"South Dakota","Grant","dry peas",11.1225259681327
46051,"South Dakota","Grant","grain sorghum",7.85225520011659
46051,"South Dakota","Grant","oats",180.324681282721
46051,"South Dakota","Grant","soybeans",11499.8132043701
46051,"South Dakota","Grant","sunflower",13.4434744582415
46051,"South Dakota","Grant","wheat",1160.48696984335
46053,"South Dakota","Gregory","corn",16686.3170392351
46053,"South Dakota","Gregory","dry peas",13.1567564571066
46053,"South Dakota","Gregory","grain sorghum",296.007827224487
46053,"South Dakota","Gregory","oats",2823.36921531933
46053,"South Dakota","Gregory","soybeans",14116.6136849462
46053,"South Dakota","Gregory","sunflower",117.666428608797
46053,"South Dakota","Gregory","wheat",2966.31549814736
46055,"South Dakota","Haakon","barley",134.350672287494
46055,"South Dakota","Haakon","corn",10867.4022996472
46055,"South Dakota","Haakon","dry peas",74.152099617738
46055,"South Dakota","Haakon","grain sorghum",3278.61523307704
46055,"South Dakota","Haakon","oats",1612.59664119182
46055,"South Dakota","Haakon","safflower",718.873999106655
46055,"South Dakota","Haakon","soybeans",314.068738388107
46055,"South Dakota","Haakon","sunflower",7999.81568704269
46055,"South Dakota","Haakon","wheat",19229.9533094507
46057,"South Dakota","Hamlin","barley",7.43536985667622
46057,"South Dakota","Hamlin","corn",4661.0879717124
46057,"South Dakota","Hamlin","grain sorghum",0.313388759087585
46057,"South Dakota","Hamlin","oats",155.585353924872
46057,"South Dakota","Hamlin","soybeans",3804.47532688087
46057,"South Dakota","Hamlin","sunflower",33.5640166609434
46057,"South Dakota","Hamlin","wheat",147.051431595466
46059,"South Dakota","Hand","barley",87.4549431581428
46059,"South Dakota","Hand","corn",37941.8836545679
46059,"South Dakota","Hand","dry peas",32.8953987859766
46059,"South Dakota","Hand","grain sorghum",279.526398620279
46059,"South Dakota","Hand","oats",721.479177189865
46059,"South Dakota","Hand","soybeans",32563.6070462863
46059,"South Dakota","Hand","sunflower",2420.40909785314
46059,"South Dakota","Hand","wheat",4462.97098471055
46061,"South Dakota","Hanson","barley",5.22948674093766
46061,"South Dakota","Hanson","corn",6448.10385839295
46061,"South Dakota","Hanson","grain sorghum",42.2356908423499
46061,"South Dakota","Hanson","oats",72.9656634004869
46061,"South Dakota","Hanson","soybeans",4953.09721084824
46061,"South Dakota","Hanson","sunflower",35.8368910328509
46061,"South Dakota","Hanson","wheat",182.274050712624
46063,"South Dakota","Harding","barley",1730.49571009042
46063,"South Dakota","Harding","corn",1531.86876106076
46063,"South Dakota","Harding","dry peas",462.199036507782
46063,"South Dakota","Harding","oats",2284.14113896065
46063,"South Dakota","Harding","safflower",561.906692976011
46063,"South Dakota","Harding","sunflower",1391.28526387058
46063,"South Dakota","Harding","wheat",9865.31847186363
46065,"South Dakota","Hughes","barley",35.9429997917355
46065,"South Dakota","Hughes","canola",3.38490087827371
46065,"South Dakota","Hughes","corn",8472.59994979503
46065,"South Dakota","Hughes","dry peas",227.724366000309
46065,"South Dakota","Hughes","flaxseed",16.2013738628847
46065,"South Dakota","Hughes","grain sorghum",1105.58760244798
46065,"South Dakota","Hughes","oats",437.541095092996
46065,"South Dakota","Hughes","safflower",20.0022779215896
46065,"South Dakota","Hughes","soybeans",4018.85429997994
46065,"South Dakota","Hughes","sunflower",6567.30343340548
46065,"South Dakota","Hughes","wheat",13208.5403820481
46067,"South Dakota","Hutchinson","barley",2.51740443731596
46067,"South Dakota","Hutchinson","corn",11363.7174113115
46067,"South Dakota","Hutchinson","grain sorghum",12.9570477524187
46067,"South Dakota","Hutchinson","oats",109.299526503141
46067,"South Dakota","Hutchinson","soybeans",9239.66585110843
46067,"South Dakota","Hutchinson","sunflower",43.2917181794204
46067,"South Dakota","Hutchinson","wheat",313.282230185789
46069,"South Dakota","Hyde","barley",71.7134627616391
46069,"South Dakota","Hyde","canola",36.5118626085966
46069,"South Dakota","Hyde","corn",19032.2139726113
46069,"South Dakota","Hyde","dry peas",233.873662373687
46069,"South Dakota","Hyde","grain sorghum",1208.22723773937
46069,"South Dakota","Hyde","oats",1689.08895433494
46069,"South Dakota","Hyde","soybeans",13888.1240837275
46069,"South Dakota","Hyde","sunflower",5953.16390884228
46069,"South Dakota","Hyde","wheat",8345.81929074624
46071,"South Dakota","Jackson","barley",123.762829915088
46071,"South Dakota","Jackson","corn",7205.69029229525
46071,"South Dakota","Jackson","grain sorghum",2487.69827751394
46071,"South Dakota","Jackson","oats",1604.03425690357
46071,"South Dakota","Jackson","safflower",557.10345926481
46071,"South Dakota","Jackson","soybeans",1213.29280287027
46071,"South Dakota","Jackson","sunflower",2155.72275476849
46071,"South Dakota","Jackson","wheat",11681.3478339678
46073,"South Dakota","Jerauld","barley",25.7756992166306
46073,"South Dakota","Jerauld","corn",9375.77328833822
46073,"South Dakota","Jerauld","grain sorghum",128.209326789246
46073,"South Dakota","Jerauld","oats",661.885842312818
46073,"South Dakota","Jerauld","soybeans",7527.86787264635
46073,"South Dakota","Jerauld","sunflower",458.472681104788
46073,"South Dakota","Jerauld","wheat",1303.45499806983
46075,"South Dakota","Jones","barley",216.714911788694
46075,"South Dakota","Jones","corn",5010.50904949109
46075,"South Dakota","Jones","flaxseed",22.7738788084173
46075,"South Dakota","Jones","grain sorghum",3559.37429923899
46075,"South Dakota","Jones","oats",1173.96124713308
46075,"South Dakota","Jones","safflower",161.4516925142
46075,"South Dakota","Jones","soybeans",864.100911969422
46075,"South Dakota","Jones","sunflower",3926.89725780893
46075,"South Dakota","Jones","wheat",5780.46206415901
46077,"South Dakota","Kingsbury","barley",7.39207973116088
46077,"South Dakota","Kingsbury","corn",12065.241327486
46077,"South Dakota","Kingsbury","grain sorghum",5.99952482295607
46077,"South Dakota","Kingsbury","oats",290.858261269162
46077,"South Dakota","Kingsbury","soybeans",11555.0670608839
46077,"South Dakota","Kingsbury","sunflower",34.8027192873321
46077,"South Dakota","Kingsbury","wheat",412.15147692594
46079,"South Dakota","Lake","barley",9.19293525520183
46079,"South Dakota","Lake","corn",4966.66072448571
46079,"South Dakota","Lake","grain sorghum",42.4547238866802
46079,"South Dakota","Lake","oats",61.6829365092921
46079,"South Dakota","Lake","soybeans",4075.90600991004
46079,"South Dakota","Lake","wheat",80.9329859103232
46081,"South Dakota","Lawrence","barley",1592.25650576012
46081,"South Dakota","Lawrence","corn",1116.42115371132
46081,"South Dakota","Lawrence","grain sorghum",977.402399282055
46081,"South Dakota","Lawrence","oats",2031.00380197731
46081,"South Dakota","Lawrence","sunflower",1202.04580843052
46081,"South Dakota","Lawrence","wheat",3545.07938253372
46083,"South Dakota","Lincoln","barley",2.61756538540487
46083,"South Dakota","Lincoln","corn",2940.37784129713
46083,"South Dakota","Lincoln","grain sorghum",1.69005463822297
46083,"South Dakota","Lincoln","oats",10.9172601158813
46083,"South Dakota","Lincoln","soybeans",2411.5700537144
46083,"South Dakota","Lincoln","wheat",9.17557975031332
46085,"South Dakota","Lyman","barley",163.833387162898
46085,"South Dakota","Lyman","corn",12385.9663835841
46085,"South Dakota","Lyman","dry peas",665.661841450261
46085,"South Dakota","Lyman","grain sorghum",12038.9529420663
46085,"South Dakota","Lyman","lentils",158.889571145044
46085,"South Dakota","Lyman","oats",1021.36084040544
46085,"South Dakota","Lyman","safflower",13.1606001880245
46085,"South Dakota","Lyman","soybeans",12795.7479916386
46085,"South Dakota","Lyman","sunflower",6752.27755302929
46085,"South Dakota","Lyman","wheat",16655.7336019459
46091,"South Dakota","Marshall","barley",12.5159801437343
46091,"South Dakota","Marshall","corn",6742.05003552472
46091,"South Dakota","Marshall","grain sorghum",11.8029351573255
46091,"South Dakota","Marshall","oats",101.487648932018
46091,"South Dakota","Marshall","soybeans",4368.41727782715
46091,"South Dakota","Marshall","sunflower",4.29504504078428
46091,"South Dakota","Marshall","wheat",196.059037671664
46087,"South Dakota","McCook","barley",9.22523470851299
46087,"South Dakota","McCook","corn",7018.05083680567
46087,"South Dakota","McCook","grain sorghum",4.53303237006481
46087,"South Dakota","McCook","oats",90.5829252645889
46087,"South Dakota","McCook","soybeans",5513.37086496522
46087,"South Dakota","McCook","sunflower",0.155237290360887
46087,"South Dakota","McCook","wheat",55.7767584266667
46089,"South Dakota","McPherson","barley",538.434355619692
46089,"South Dakota","McPherson","canola",1.70427868502385
46089,"South Dakota","McPherson","corn",18912.2028682522
46089,"South Dakota","McPherson","dry peas",99.163455288113
46089,"South Dakota","McPherson","flaxseed",54.5378268693953
46089,"South Dakota","McPherson","grain sorghum",107.644059643371
46089,"South Dakota","McPherson","lentils",2.95408305404135
46089,"South Dakota","McPherson","oats",1977.88903880938
46089,"South Dakota","McPherson","soybeans",19161.0516434044
46089,"South Dakota","McPherson","sunflower",1109.71538795443
46089,"South Dakota","McPherson","wheat",4213.44092765561
46093,"South Dakota","Meade","barley",963.019995644988
46093,"South Dakota","Meade","corn",13789.5847395382
46093,"South Dakota","Meade","dry peas",2297.97130412934
46093,"South Dakota","Meade","grain sorghum",10725.9668413407
46093,"South Dakota","Meade","oats",4871.60075978091
46093,"South Dakota","Meade","safflower",3423.28630092927
46093,"South Dakota","Meade","soybeans",313.93094242074
46093,"South Dakota","Meade","sunflower",19798.3130859025
46093,"South Dakota","Meade","wheat",45755.7703797393
46095,"South Dakota","Mellette","barley",275.563796814787
46095,"South Dakota","Mellette","corn",6848.83704417286
46095,"South Dakota","Mellette","grain sorghum",2838.56012850046
46095,"South Dakota","Mellette","oats",2018.33863792209
46095,"South Dakota","Mellette","safflower",1295.57082573468
46095,"South Dakota","Mellette","soybeans",1907.35816767963
46095,"South Dakota","Mellette","sunflower",2191.86883258155
46095,"South Dakota","Mellette","wheat",5844.01042797213
46097,"South Dakota","Miner","barley",33.2963123108784
46097,"South Dakota","Miner","corn",18125.2430228291
46097,"South Dakota","Miner","grain sorghum",35.1302808699428
46097,"South Dakota","Miner","oats",315.790338658109
46097,"South Dakota","Miner","soybeans",16392.0765464863
46097,"South Dakota","Miner","wheat",1793.75030704323
46099,"South Dakota","Minnehaha","barley",2.62115126364111
46099,"South Dakota","Minnehaha","corn",10734.7536401815
46099,"South Dakota","Minnehaha","grain sorghum",0.0868014800867371
46099,"South Dakota","Minnehaha","oats",101.521490499578
46099,"South Dakota","Minnehaha","soybeans",8416.86032736699
46099,"South Dakota","Minnehaha","wheat",49.8694144309127
46101,"South Dakota","Moody","barley",6.9834732760361
46101,"South Dakota","Moody","corn",12682.0938699398
46101,"South Dakota","Moody","grain sorghum",2.30658769721909
46101,"South Dakota","Moody","oats",83.8405564760395
46101,"South Dakota","Moody","soybeans",9135.15296170673
46101,"South Dakota","Moody","wheat",13.2245136370298
46103,"South Dakota","Pennington","barley",327.918376178708
46103,"South Dakota","Pennington","corn",10745.7174249988
46103,"South Dakota","Pennington","dry peas",801.345915683563
46103,"South Dakota","Pennington","grain sorghum",1767.61116891257
46103,"South Dakota","Pennington","oats",937.003235789388
46103,"South Dakota","Pennington","safflower",2523.6900183809
46103,"South Dakota","Pennington","soybeans",2996.55643158025
46103,"South Dakota","Pennington","sunflower",7823.54523934323
46103,"South Dakota","Pennington","wheat",29271.9277934493
46105,"South Dakota","Perkins","barley",2643.70562029085
46105,"South Dakota","Perkins","canola",898.209634738114
46105,"South Dakota","Perkins","chickpeas_large",502.324663519439
46105,"South Dakota","Perkins","chickpeas_small",331.754913737651
46105,"South Dakota","Perkins","corn",18015.3064717712
46105,"South Dakota","Perkins","dry peas",861.843944457315
46105,"South Dakota","Perkins","flaxseed",730.999286545117
46105,"South Dakota","Perkins","grain sorghum",211.048409886356
46105,"South Dakota","Perkins","lentils",80.7802736944497
46105,"South Dakota","Perkins","mustard",57.1479256265353
46105,"South Dakota","Perkins","oats",6456.62418247378
46105,"South Dakota","Perkins","safflower",511.701405512436
46105,"South Dakota","Perkins","soybeans",2690.34168924479
46105,"South Dakota","Perkins","sunflower",13247.2869546152
46105,"South Dakota","Perkins","wheat",39166.1705898447
46107,"South Dakota","Potter","barley",38.9211135547192
46107,"South Dakota","Potter","canola",16.1847035925163
46107,"South Dakota","Potter","corn",12337.1998207794
46107,"South Dakota","Potter","flaxseed",34.4210618256563
46107,"South Dakota","Potter","grain sorghum",123.225898367573
46107,"South Dakota","Potter","oats",426.373364446131
46107,"South Dakota","Potter","soybeans",9173.09768034085
46107,"South Dakota","Potter","sunflower",4046.43819697626
46107,"South Dakota","Potter","wheat",9537.88877262692
46109,"South Dakota","Roberts","barley",17.9534563073016
46109,"South Dakota","Roberts","corn",9558.95634235126
46109,"South Dakota","Roberts","dry peas",1.83501668569595
46109,"South Dakota","Roberts","oats",60.8984846177365
46109,"South Dakota","Roberts","soybeans",9136.62798397661
46109,"South Dakota","Roberts","sunflower",10.7347120857168
46109,"South Dakota","Roberts","wheat",444.816718251391
46111,"South Dakota","Sanborn","barley",19.35209005568
46111,"South Dakota","Sanborn","corn",10824.1308631498
46111,"South Dakota","Sanborn","grain sorghum",58.1606212767749
46111,"South Dakota","Sanborn","oats",260.513265567656
46111,"South Dakota","Sanborn","soybeans",7854.53709618311
46111,"South Dakota","Sanborn","sunflower",40.9404623626438
46111,"South Dakota","Sanborn","wheat",235.350114905493
46113,"South Dakota","Shannon","corn",13404.0153193974
46113,"South Dakota","Shannon","grain sorghum",474.313321007404
46113,"South Dakota","Shannon","oats",1657.6380066663
46113,"South Dakota","Shannon","safflower",902.780808678079
46113,"South Dakota","Shannon","soybeans",669.228851423093
46113,"South Dakota","Shannon","sunflower",6573.25959607299
46113,"South Dakota","Shannon","wheat",14999.7385055536
46115,"South Dakota","Spink","barley",73.6739419720331
46115,"South Dakota","Spink","corn",22564.8227631118
46115,"South Dakota","Spink","flaxseed",1.50364803358654
46115,"South Dakota","Spink","grain sorghum",40.4777539697397
46115,"South Dakota","Spink","oats",305.264609186606
46115,"South Dakota","Spink","safflower",1.50364803358654
46115,"South Dakota","Spink","soybeans",22717.1970417025
46115,"South Dakota","Spink","sunflower",332.30817016507
46115,"South Dakota","Spink","wheat",1516.56812931514
46117,"South Dakota","Stanley","barley",472.735580806725
46117,"South Dakota","Stanley","corn",4450.16927758672
46117,"South Dakota","Stanley","dry peas",938.955176858319
46117,"South Dakota","Stanley","grain sorghum",4442.59102385364
46117,"South Dakota","Stanley","lentils",15.5876947160264
46117,"South Dakota","Stanley","oats",1368.2901670846
46117,"South Dakota","Stanley","safflower",111.520506244962
46117,"South Dakota","Stanley","soybeans",818.311429102312
46117,"South Dakota","Stanley","sunflower",7065.36476840428
46117,"South Dakota","Stanley","wheat",20632.2552580119
46119,"South Dakota","Sully","barley",8.84896168521211
46119,"South Dakota","Sully","canola",26.8961739840548
46119,"South Dakota","Sully","corn",12822.6930409087
46119,"South Dakota","Sully","grain sorghum",573.352865571039
46119,"South Dakota","Sully","oats",85.951388872558
46119,"South Dakota","Sully","soybeans",3833.15154901769
46119,"South Dakota","Sully","sunflower",10541.2296688656
46119,"South Dakota","Sully","wheat",16436.4644597996
46121,"South Dakota","Todd","corn",12319.1996741225
46121,"South Dakota","Todd","dry peas",904.772037723266
46121,"South Dakota","Todd","grain sorghum",1308.46431991537
46121,"South Dakota","Todd","oats",2685.35746268343
46121,"South Dakota","Todd","soybeans",2952.67822632495
46121,"South Dakota","Todd","sunflower",4455.26038310922
46121,"South Dakota","Todd","wheat",8368.89018324358
46123,"South Dakota","Tripp","barley",40.223102014328
46123,"South Dakota","Tripp","corn",14395.1892242541
46123,"South Dakota","Tripp","grain sorghum",2947.43114863877
46123,"South Dakota","Tripp","oats",2542.0536778976
46123,"South Dakota","Tripp","soybeans",10124.3522087595
46123,"South Dakota","Tripp","sunflower",873.42253567899
46123,"South Dakota","Tripp","wheat",7522.22498101943
46125,"South Dakota","Turner","barley",3.23842214127309
46125,"South Dakota","Turner","corn",10517.1568964778
46125,"South Dakota","Turner","dry peas",1.01509836941161
46125,"South Dakota","Turner","grain sorghum",1.17451481103863
46125,"South Dakota","Turner","oats",48.725225815367
46125,"South Dakota","Turner","soybeans",8427.06878676521
46125,"South Dakota","Turner","wheat",118.205968246963
46127,"South Dakota","Union","corn",4481.46961078005
46127,"South Dakota","Union","grain sorghum",4.15971641425236
46127,"South Dakota","Union","oats",18.5395305152991
46127,"South Dakota","Union","soybeans",3773.99647322129
46127,"South Dakota","Union","wheat",3.23662108475914
46129,"South Dakota","Walworth","barley",58.5213817996092
46129,"South Dakota","Walworth","corn",7629.08877427334
46129,"South Dakota","Walworth","dry peas",40.8380222754811
46129,"South Dakota","Walworth","grain sorghum",15.0240625885394
46129,"South Dakota","Walworth","oats",402.747892203821
46129,"South Dakota","Walworth","soybeans",7786.44296880714
46129,"South Dakota","Walworth","sunflower",424.623080895215
46129,"South Dakota","Walworth","wheat",3370.92637383323
46135,"South Dakota","Yankton","barley",2.31150512483124
46135,"South Dakota","Yankton","corn",11088.5004173848
46135,"South Dakota","Yankton","oats",73.4452671152686
46135,"South Dakota","Yankton","soybeans",8034.06435449848
46135,"South Dakota","Yankton","sunflower",7.69237577074913
46135,"South Dakota","Yankton","wheat",91.8274523643389
46137,"South Dakota","Ziebach","barley",264.001004550154
46137,"South Dakota","Ziebach","corn",9723.94339832564
46137,"South Dakota","Ziebach","flaxseed",38.5725020820531
46137,"South Dakota","Ziebach","grain sorghum",1027.81523367905
46137,"South Dakota","Ziebach","oats",1807.60850752046
46137,"South Dakota","Ziebach","soybeans",496.746710663221
46137,"South Dakota","Ziebach","sunflower",10880.7558792677
46137,"South Dakota","Ziebach","wheat",16506.1796117648
47001,"Tennessee","Anderson","corn",156.29245499345
47001,"Tennessee","Anderson","oats",93.9349852351488
47001,"Tennessee","Anderson","soybeans",33.0840199570335
47001,"Tennessee","Anderson","wheat",93.9349852351488
47003,"Tennessee","Bedford","corn",1867.82760749333
47003,"Tennessee","Bedford","grain sorghum",36.0430359295691
47003,"Tennessee","Bedford","soybeans",3962.18178343078
47003,"Tennessee","Bedford","sunflower",1.58716966531195
47003,"Tennessee","Bedford","wheat",1208.81571641983
47005,"Tennessee","Benton","corn",2200.73111169852
47005,"Tennessee","Benton","cotton",51.6355236227401
47005,"Tennessee","Benton","grain sorghum",23.1029128522044
47005,"Tennessee","Benton","soybeans",3752.58888440862
47005,"Tennessee","Benton","wheat",89.3485132034532
47007,"Tennessee","Bledsoe","corn",1011.14115427126
47007,"Tennessee","Bledsoe","oats",18.5283703946413
47007,"Tennessee","Bledsoe","soybeans",462.455133045509
47007,"Tennessee","Bledsoe","sunflower",0.118109133989746
47007,"Tennessee","Bledsoe","wheat",117.202646386374
47009,"Tennessee","Blount","corn",344.674054585745
47009,"Tennessee","Blount","oats",0.992051426645724
47009,"Tennessee","Blount","soybeans",1216.78762404407
47009,"Tennessee","Blount","sunflower",0.56274262213237
47009,"Tennessee","Blount","wheat",283.559045528104
47011,"Tennessee","Bradley","corn",1349.76910888079
47011,"Tennessee","Bradley","oats",73.9128194915586
47011,"Tennessee","Bradley","soybeans",960.471426232059
47011,"Tennessee","Bradley","sunflower",18.0896538491155
47011,"Tennessee","Bradley","wheat",355.114806190182
47013,"Tennessee","Campbell","corn",385.836825344641
47013,"Tennessee","Campbell","soybeans",119.278190143744
47015,"Tennessee","Cannon","corn",1494.76305963078
47015,"Tennessee","Cannon","soybeans",2523.45941556163
47015,"Tennessee","Cannon","wheat",249.049844484103
47017,"Tennessee","Carroll","barley",6.8038965960787
47017,"Tennessee","Carroll","canola",38.5320979219995
47017,"Tennessee","Carroll","corn",6230.43303558028
47017,"Tennessee","Carroll","cotton",3982.06224682499
47017,"Tennessee","Carroll","grain sorghum",7.69621090376116
47017,"Tennessee","Carroll","soybeans",6454.03063694854
47017,"Tennessee","Carroll","wheat",2247.26409215419
47019,"Tennessee","Carter","barley",0
47019,"Tennessee","Carter","corn",0
47019,"Tennessee","Carter","soybeans",0
47019,"Tennessee","Carter","sunflower",0
47019,"Tennessee","Carter","wheat",0
47021,"Tennessee","Cheatham","corn",541.611014003403
47021,"Tennessee","Cheatham","soybeans",1391.5584094965
47021,"Tennessee","Cheatham","sunflower",1.31491963357331
47021,"Tennessee","Cheatham","wheat",227.16200944377
47023,"Tennessee","Chester","corn",619.933788934363
47023,"Tennessee","Chester","cotton",590.788491638528
47023,"Tennessee","Chester","dry peas",47.8095212593134
47023,"Tennessee","Chester","grain sorghum",5.39552173799364
47023,"Tennessee","Chester","soybeans",1887.63904803365
47023,"Tennessee","Chester","sunflower",0.955636156215664
47023,"Tennessee","Chester","wheat",102.822627864181
47025,"Tennessee","Claiborne","barley",505.975411575095
47025,"Tennessee","Claiborne","corn",1516.20690080246
47025,"Tennessee","Claiborne","soybeans",299.153423479382
47025,"Tennessee","Claiborne","wheat",331.657911849617
47027,"Tennessee","Clay","corn",1992.2719098289
47027,"Tennessee","Clay","grain sorghum",3.10920617785516
47027,"Tennessee","Clay","soybeans",811.100028892612
47027,"Tennessee","Clay","sunflower",0.847965321233226
47027,"Tennessee","Clay","wheat",157.933541079688
47029,"Tennessee","Cocke","corn",0
47029,"Tennessee","Cocke","soybeans",0
47029,"Tennessee","Cocke","wheat",0
47031,"Tennessee","Coffee","barley",44.6998158305945
47031,"Tennessee","Coffee","corn",6158.23393503824
47031,"Tennessee","Coffee","cotton",101.476878885024
47031,"Tennessee","Coffee","oats",13.8676213888806
47031,"Tennessee","Coffee","soybeans",9319.36999424842
47031,"Tennessee","Coffee","sunflower",0.995345860368033
47031,"Tennessee","Coffee","wheat",1115.64817213051
47033,"Tennessee","Crockett","canola",42.8010745771187
47033,"Tennessee","Crockett","corn",4206.5864100957
47033,"Tennessee","Crockett","cotton",7351.98612197348
47033,"Tennessee","Crockett","dry peas",51.4372115760496
47033,"Tennessee","Crockett","oats",21.3023130930221
47033,"Tennessee","Crockett","soybeans",10314.7387792906
47033,"Tennessee","Crockett","sunflower",5.91091381144405
47033,"Tennessee","Crockett","wheat",2979.45170060402
47035,"Tennessee","Cumberland","corn",228.996265011835
47035,"Tennessee","Cumberland","soybeans",43.1998107117599
47035,"Tennessee","Cumberland","wheat",26.0390054729595
47037,"Tennessee","Davidson","corn",465.562457171958
47037,"Tennessee","Davidson","grain sorghum",316.155512129559
47037,"Tennessee","Davidson","soybeans",624.116392429518
47037,"Tennessee","Davidson","sunflower",5.85065119975456
47037,"Tennessee","Davidson","wheat",219.748684837423
47041,"Tennessee","DeKalb","corn",2163.34171509212
47041,"Tennessee","DeKalb","soybeans",3971.10231239665
47041,"Tennessee","DeKalb","wheat",379.878402494198
47039,"Tennessee","Decatur","corn",808.424901366632
47039,"Tennessee","Decatur","cotton",36.5865372368257
47039,"Tennessee","Decatur","grain sorghum",9.59544104041211
47039,"Tennessee","Decatur","soybeans",2268.19422308853
47039,"Tennessee","Decatur","sunflower",7.92805958393017
47039,"Tennessee","Decatur","wheat",35.3612831424427
47043,"Tennessee","Dickson","corn",1519.45004796023
47043,"Tennessee","Dickson","soybeans",1665.68059317716
47043,"Tennessee","Dickson","wheat",299.464471551931
47045,"Tennessee","Dyer","corn",492.518560069695
47045,"Tennessee","Dyer","cotton",230.284682854697
47045,"Tennessee","Dyer","grain sorghum",3.20702597568491
47045,"Tennessee","Dyer","oats",1.68661116556354
47045,"Tennessee","Dyer","rice_long grain",5.98905567893766
47045,"Tennessee","Dyer","soybeans",1535.21487379458
47045,"Tennessee","Dyer","sunflower",0.28238533920905
47045,"Tennessee","Dyer","wheat",285.213272372231
47047,"Tennessee","Fayette","corn",4178.23271621732
47047,"Tennessee","Fayette","cotton",6967.21189941499
47047,"Tennessee","Fayette","grain sorghum",43.0165962708894
47047,"Tennessee","Fayette","soybeans",10921.4961873902
47047,"Tennessee","Fayette","wheat",1395.77894747113
47049,"Tennessee","Fentress","corn",596.885124849208
47049,"Tennessee","Fentress","oats",13.9677078588241
47049,"Tennessee","Fentress","soybeans",877.447521143378
47049,"Tennessee","Fentress","wheat",43.4134224735822
47051,"Tennessee","Franklin","corn",4258.41102515356
47051,"Tennessee","Franklin","cotton",817.565294484367
47051,"Tennessee","Franklin","grain sorghum",7.67946432996346
47051,"Tennessee","Franklin","oats",17.8748821954492
47051,"Tennessee","Franklin","rapeseed",72.9452343902855
47051,"Tennessee","Franklin","soybeans",5295.24457328201
47051,"Tennessee","Franklin","sunflower",1.67730235701487
47051,"Tennessee","Franklin","wheat",1263.50102758561
47053,"Tennessee","Gibson","canola",30.5381728143655
47053,"Tennessee","Gibson","corn",9992.2227020021
47053,"Tennessee","Gibson","cotton",3488.70504205766
47053,"Tennessee","Gibson","grain sorghum",0.283657595468082
47053,"Tennessee","Gibson","mustard",0.247856151379877
47053,"Tennessee","Gibson","soybeans",15040.2287970004
47053,"Tennessee","Gibson","sunflower",0.839406166006518
47053,"Tennessee","Gibson","wheat",7363.65093430796
47055,"Tennessee","Giles","corn",5486.00346567547
47055,"Tennessee","Giles","cotton",796.03649549356
47055,"Tennessee","Giles","grain sorghum",73.094098117551
47055,"Tennessee","Giles","oats",12.6788673730592
47055,"Tennessee","Giles","soybeans",4961.43383130235
47055,"Tennessee","Giles","wheat",448.409400068312
47057,"Tennessee","Grainger","barley",18.1833928850481
47057,"Tennessee","Grainger","corn",564.618030736256
47057,"Tennessee","Grainger","oats",8.67984156404052
47057,"Tennessee","Grainger","soybeans",1036.90437553968
47057,"Tennessee","Grainger","sunflower",3.09920796058861
47057,"Tennessee","Grainger","wheat",494.946600217589
47059,"Tennessee","Greene","corn",2580.61886377707
47059,"Tennessee","Greene","grain sorghum",0.662939338585159
47059,"Tennessee","Greene","oats",13.440330159808
47059,"Tennessee","Greene","soybeans",2725.09659952696
47059,"Tennessee","Greene","sunflower",1.15419438692134
47059,"Tennessee","Greene","wheat",202.695232632424
47061,"Tennessee","Grundy","barley",12.2716477970234
47061,"Tennessee","Grundy","corn",800.606888681704
47061,"Tennessee","Grundy","soybeans",882.60213478336
47061,"Tennessee","Grundy","wheat",51.8233466717179
47063,"Tennessee","Hamblen","corn",1199.31933523398
47063,"Tennessee","Hamblen","cotton",0.446117591633964
47063,"Tennessee","Hamblen","grain sorghum",5.6389263582533
47063,"Tennessee","Hamblen","oats",11.8890338170451
47063,"Tennessee","Hamblen","soybeans",1146.60786507688
47063,"Tennessee","Hamblen","sunflower",0.892235183267928
47063,"Tennessee","Hamblen","wheat",167.113865355716
47065,"Tennessee","Hamilton","corn",0
47065,"Tennessee","Hamilton","soybeans",0
47065,"Tennessee","Hamilton","sunflower",0
47067,"Tennessee","Hancock","corn",384.443948859323
47067,"Tennessee","Hancock","soybeans",325.326140697066
47069,"Tennessee","Hardeman","corn",2463.34245166149
47069,"Tennessee","Hardeman","cotton",2712.60026656899
47069,"Tennessee","Hardeman","grain sorghum",24.21591007305
47069,"Tennessee","Hardeman","soybeans",5618.38775672575
47069,"Tennessee","Hardeman","sunflower",1.48912774806058
47069,"Tennessee","Hardeman","wheat",795.146790453753
47071,"Tennessee","Hardin","corn",977.894654132834
47071,"Tennessee","Hardin","cotton",82.9894887211882
47071,"Tennessee","Hardin","grain sorghum",137.486420012751
47071,"Tennessee","Hardin","oats",7.25601680630962
47071,"Tennessee","Hardin","soybeans",3175.4347049687
47071,"Tennessee","Hardin","sunflower",0.45842446348669
47071,"Tennessee","Hardin","wheat",163.993857283545
47073,"Tennessee","Hawkins","corn",883.361657890901
47073,"Tennessee","Hawkins","soybeans",430.136774084321
47073,"Tennessee","Hawkins","sunflower",0.0767897219143896
47073,"Tennessee","Hawkins","wheat",39.623496507825
47075,"Tennessee","Haywood","corn",3911.72407645121
47075,"Tennessee","Haywood","cotton",10749.2148815702
47075,"Tennessee","Haywood","peanuts",10.153342824392
47075,"Tennessee","Haywood","soybeans",14913.8217776555
47075,"Tennessee","Haywood","wheat",3566.01916379305
47077,"Tennessee","Henderson","corn",2902.07605271039
47077,"Tennessee","Henderson","cotton",714.471155337975
47077,"Tennessee","Henderson","dry peas",54.5010254078321
47077,"Tennessee","Henderson","grain sorghum",50.5871398604315
47077,"Tennessee","Henderson","oats",6.04143854562942
47077,"Tennessee","Henderson","soybeans",8203.13340468242
47077,"Tennessee","Henderson","sunflower",1.61668895481043
47077,"Tennessee","Henderson","wheat",758.89941108745
47079,"Tennessee","Henry","barley",124.147009719515
47079,"Tennessee","Henry","canola",156.876426140459
47079,"Tennessee","Henry","corn",7824.55002308933
47079,"Tennessee","Henry","cotton",324.465310452849
47079,"Tennessee","Henry","dry peas",85.8788210949959
47079,"Tennessee","Henry","grain sorghum",0.940943905200856
47079,"Tennessee","Henry","oats",28.1835282261381
47079,"Tennessee","Henry","rapeseed",85.874304564251
47079,"Tennessee","Henry","soybeans",8276.71083091698
47079,"Tennessee","Henry","sunflower",1.37848282111925
47079,"Tennessee","Henry","wheat",2223.16289553219
47081,"Tennessee","Hickman","canola",36.6600945080778
47081,"Tennessee","Hickman","corn",1234.02906789024
47081,"Tennessee","Hickman","grain sorghum",148.736245305867
47081,"Tennessee","Hickman","oats",44.1292590869898
47081,"Tennessee","Hickman","soybeans",2143.65937719289
47081,"Tennessee","Hickman","sunflower",4.75438347960875
47081,"Tennessee","Hickman","wheat",238.840955289606
47083,"Tennessee","Houston","corn",24.7496485533578
47083,"Tennessee","Houston","soybeans",18.2290201184312
47085,"Tennessee","Humphreys","corn",744.951699277238
47085,"Tennessee","Humphreys","soybeans",841.082012802874
47085,"Tennessee","Humphreys","wheat",12.1081724555442
47087,"Tennessee","Jackson","corn",769.483335326767
47087,"Tennessee","Jackson","soybeans",1557.29705362721
47087,"Tennessee","Jackson","wheat",79.5403254408016
47089,"Tennessee","Jefferson","barley",137.846830093416
47089,"Tennessee","Jefferson","corn",488.659552947816
47089,"Tennessee","Jefferson","grain sorghum",9.23198514433438
47089,"Tennessee","Jefferson","soybeans",612.878128379586
47089,"Tennessee","Jefferson","sunflower",1.40604670905387
47089,"Tennessee","Jefferson","wheat",140.17878794721
47091,"Tennessee","Johnson","corn",639.530082849452
47091,"Tennessee","Johnson","oats",3.01276890004599
47091,"Tennessee","Johnson","soybeans",28.8930749409049
47091,"Tennessee","Johnson","wheat",24.3972161957332
47093,"Tennessee","Knox","barley",24.2569661334444
47093,"Tennessee","Knox","corn",600.961286247011
47093,"Tennessee","Knox","soybeans",388.015972727166
47093,"Tennessee","Knox","wheat",69.0983827101826
47095,"Tennessee","Lake","corn",242.697366255926
47095,"Tennessee","Lake","cotton",125.983325532027
47095,"Tennessee","Lake","grain sorghum",0.849133582147693
47095,"Tennessee","Lake","rice_long grain",9.6898802930349
47095,"Tennessee","Lake","soybeans",1124.60438741269
47095,"Tennessee","Lake","wheat",181.42416880278
47097,"Tennessee","Lauderdale","corn",1340.49941905779
47097,"Tennessee","Lauderdale","cotton",2501.98198851238
47097,"Tennessee","Lauderdale","grain sorghum",21.5463565123859
47097,"Tennessee","Lauderdale","oats",20.6512830298585
47097,"Tennessee","Lauderdale","soybeans",6514.95643938066
47097,"Tennessee","Lauderdale","sunflower",0.960742963118306
47097,"Tennessee","Lauderdale","wheat",605.715295920407
47099,"Tennessee","Lawrence","corn",12292.1907148421
47099,"Tennessee","Lawrence","cotton",295.292212837343
47099,"Tennessee","Lawrence","oats",104.172325882939
47099,"Tennessee","Lawrence","soybeans",13093.0234171944
47099,"Tennessee","Lawrence","wheat",3449.70096770161
47101,"Tennessee","Lewis","corn",37.8057206634638
47101,"Tennessee","Lewis","soybeans",33.8045609527699
47103,"Tennessee","Lincoln","corn",7113.59751405325
47103,"Tennessee","Lincoln","cotton",3108.13545465066
47103,"Tennessee","Lincoln","oats",29.1804820908939
47103,"Tennessee","Lincoln","soybeans",6326.85668337491
47103,"Tennessee","Lincoln","sunflower",3.64174992380269
47103,"Tennessee","Lincoln","wheat",1962.27486242505
47105,"Tennessee","Loudon","barley",451.957964633196
47105,"Tennessee","Loudon","corn",1977.02417684911
47105,"Tennessee","Loudon","oats",59.9869088805673
47105,"Tennessee","Loudon","soybeans",1858.41632634824
47105,"Tennessee","Loudon","sunflower",1.66278718091846
47105,"Tennessee","Loudon","wheat",407.93877623327
47111,"Tennessee","Macon","corn",3087.93061716166
47111,"Tennessee","Macon","cotton",0.404797334232772
47111,"Tennessee","Macon","grain sorghum",14.167906698147
47111,"Tennessee","Macon","oats",3.71064223046707
47111,"Tennessee","Macon","soybeans",3608.99384173277
47111,"Tennessee","Macon","wheat",666.221929437644
47113,"Tennessee","Madison","corn",4122.13388024142
47113,"Tennessee","Madison","cotton",3561.68505518136
47113,"Tennessee","Madison","grain sorghum",2.29631734803803
47113,"Tennessee","Madison","oats",125.165925997006
47113,"Tennessee","Madison","soybeans",7533.11484310663
47113,"Tennessee","Madison","sunflower",1.57066106594478
47113,"Tennessee","Madison","wheat",2255.3276594601
47115,"Tennessee","Marion","barley",9.7825852023861
47115,"Tennessee","Marion","corn",278.901524894258
47115,"Tennessee","Marion","grain sorghum",26.4070593907137
47115,"Tennessee","Marion","rapeseed",17.6147298267535
47115,"Tennessee","Marion","soybeans",708.255637033547
47115,"Tennessee","Marion","wheat",87.5431272191231
47117,"Tennessee","Marshall","corn",2317.24037491146
47117,"Tennessee","Marshall","grain sorghum",12.1216043803138
47117,"Tennessee","Marshall","oats",23.3544719382194
47117,"Tennessee","Marshall","soybeans",3612.7601783825
47117,"Tennessee","Marshall","wheat",830.278043773704
47119,"Tennessee","Maury","corn",3696.94504295956
47119,"Tennessee","Maury","oats",191.369465590628
47119,"Tennessee","Maury","soybeans",5370.88749258848
47119,"Tennessee","Maury","wheat",673.705631838252
47107,"Tennessee","McMinn","corn",2621.4387043107
47107,"Tennessee","McMinn","oats",38.9184418557878
47107,"Tennessee","McMinn","soybeans",3488.9525685487
47107,"Tennessee","McMinn","wheat",1275.85134610205
47109,"Tennessee","McNairy","corn",1504.3264518408
47109,"Tennessee","McNairy","cotton",1317.15518224763
47109,"Tennessee","McNairy","grain sorghum",45.8861698416273
47109,"Tennessee","McNairy","oats",23.0148727737475
47109,"Tennessee","McNairy","soybeans",4240.06314476494
47109,"Tennessee","McNairy","wheat",135.833742260719
47121,"Tennessee","Meigs","corn",530.663852095778
47121,"Tennessee","Meigs","oats",15.915597323034
47121,"Tennessee","Meigs","soybeans",415.602171358736
47121,"Tennessee","Meigs","sunflower",9.5041716007137
47121,"Tennessee","Meigs","wheat",104.173667993038
47123,"Tennessee","Monroe","barley",45.3337694636515
47123,"Tennessee","Monroe","corn",3185.90810783687
47123,"Tennessee","Monroe","oats",20.9240622097294
47123,"Tennessee","Monroe","soybeans",3196.15916568906
47123,"Tennessee","Monroe","sunflower",22.4443606086341
47123,"Tennessee","Monroe","wheat",1070.60058740691
47125,"Tennessee","Montgomery","barley",38.8982138790792
47125,"Tennessee","Montgomery","corn",5891.03078351782
47125,"Tennessee","Montgomery","grain sorghum",27.8386221642041
47125,"Tennessee","Montgomery","oats",7.26038629581769
47125,"Tennessee","Montgomery","soybeans",6731.33630851708
47125,"Tennessee","Montgomery","sunflower",2.9479548815543
47125,"Tennessee","Montgomery","wheat",3661.71671367499
47127,"Tennessee","Moore","corn",0
47127,"Tennessee","Moore","soybeans",0
47127,"Tennessee","Moore","wheat",0
47129,"Tennessee","Morgan","corn",855.568705531871
47129,"Tennessee","Morgan","oats",34.041858638853
47129,"Tennessee","Morgan","soybeans",227.672750973031
47129,"Tennessee","Morgan","wheat",291.606913255744
47131,"Tennessee","Obion","corn",1803.37051802012
47131,"Tennessee","Obion","cotton",34.0667996046937
47131,"Tennessee","Obion","grain sorghum",0.560291665552142
47131,"Tennessee","Obion","oats",0.411467813965681
47131,"Tennessee","Obion","rice_long grain",2.69969248532075
47131,"Tennessee","Obion","soybeans",2462.69652880348
47131,"Tennessee","Obion","sunflower",0.46510930813563
47131,"Tennessee","Obion","wheat",411.101549658039
47133,"Tennessee","Overton","corn",1133.4201068549
47133,"Tennessee","Overton","oats",26.4030309696296
47133,"Tennessee","Overton","soybeans",2273.10451972498
47133,"Tennessee","Overton","wheat",304.785682320155
47135,"Tennessee","Perry","corn",0
47135,"Tennessee","Perry","grain sorghum",0
47135,"Tennessee","Perry","oats",0
47135,"Tennessee","Perry","soybeans",0
47135,"Tennessee","Perry","sunflower",0
47135,"Tennessee","Perry","wheat",0
47137,"Tennessee","Pickett","barley",7.47499441928907
47137,"Tennessee","Pickett","corn",410.714247912785
47137,"Tennessee","Pickett","oats",33.9568610119886
47137,"Tennessee","Pickett","soybeans",470.636521357595
47137,"Tennessee","Pickett","wheat",232.933057914097
47139,"Tennessee","Polk","corn",626.740215743036
47139,"Tennessee","Polk","oats",14.307286077523
47139,"Tennessee","Polk","soybeans",753.762623691349
47139,"Tennessee","Polk","sunflower",1.77396200521079
47139,"Tennessee","Polk","wheat",301.467784629165
47141,"Tennessee","Putnam","corn",897.180011420419
47141,"Tennessee","Putnam","oats",11.2917386173521
47141,"Tennessee","Putnam","soybeans",1139.46042321382
47141,"Tennessee","Putnam","sunflower",1.72217670828959
47141,"Tennessee","Putnam","wheat",112.702688143887
47143,"Tennessee","Rhea","corn",245.982731360537
47143,"Tennessee","Rhea","soybeans",230.437972194629
47143,"Tennessee","Rhea","sunflower",2.91441985313228
47143,"Tennessee","Rhea","wheat",9.39149411707113
47145,"Tennessee","Roane","corn",362.543954320305
47145,"Tennessee","Roane","soybeans",120.507974559776
47145,"Tennessee","Roane","wheat",157.753105818109
47147,"Tennessee","Robertson","barley",207.388637249148
47147,"Tennessee","Robertson","canola",54.8753107007856
47147,"Tennessee","Robertson","corn",13024.1497957053
47147,"Tennessee","Robertson","grain sorghum",1.69076012758151
47147,"Tennessee","Robertson","oats",43.9557054928131
47147,"Tennessee","Robertson","rapeseed",175.206708980762
47147,"Tennessee","Robertson","soybeans",17580.2485508438
47147,"Tennessee","Robertson","sunflower",1.19480382349094
47147,"Tennessee","Robertson","wheat",12868.3124347462
47149,"Tennessee","Rutherford","barley",9.56921465961687
47149,"Tennessee","Rutherford","corn",1070.91653839271
47149,"Tennessee","Rutherford","cotton",96.2965544765727
47149,"Tennessee","Rutherford","grain sorghum",14.0763186575622
47149,"Tennessee","Rutherford","oats",2.3632123179552
47149,"Tennessee","Rutherford","soybeans",1664.50841605754
47149,"Tennessee","Rutherford","sunflower",4.92303455692644
47149,"Tennessee","Rutherford","wheat",426.229804229762
47151,"Tennessee","Scott","corn",65.5851096916722
47151,"Tennessee","Scott","soybeans",68.0700979129927
47153,"Tennessee","Sequatchie","corn",0
47153,"Tennessee","Sequatchie","oats",0
47153,"Tennessee","Sequatchie","soybeans",0
47153,"Tennessee","Sequatchie","wheat",0
47155,"Tennessee","Sevier","corn",156.240227468815
47155,"Tennessee","Sevier","soybeans",369.442777843027
47155,"Tennessee","Sevier","wheat",290.114063531326
47157,"Tennessee","Shelby","corn",153.776862900258
47157,"Tennessee","Shelby","cotton",214.973088475956
47157,"Tennessee","Shelby","grain sorghum",2.90083668546969
47157,"Tennessee","Shelby","rice_long grain",12.480000094039
47157,"Tennessee","Shelby","rice_short/medium grain",4.69532395838653
47157,"Tennessee","Shelby","soybeans",636.454134951617
47157,"Tennessee","Shelby","sunflower",0.0469294229017426
47157,"Tennessee","Shelby","wheat",100.454013589203
47159,"Tennessee","Smith","corn",3219.02472495978
47159,"Tennessee","Smith","soybeans",3118.58758739579
47159,"Tennessee","Smith","wheat",1873.12636239579
47161,"Tennessee","Stewart","canola",12.3660613744635
47161,"Tennessee","Stewart","corn",1107.77351221413
47161,"Tennessee","Stewart","grain sorghum",26.7537864190855
47161,"Tennessee","Stewart","soybeans",1181.93690429724
47161,"Tennessee","Stewart","wheat",128.774167487542
47163,"Tennessee","Sullivan","barley",11.4833961442966
47163,"Tennessee","Sullivan","corn",746.588182665562
47163,"Tennessee","Sullivan","oats",8.57174182618744
47163,"Tennessee","Sullivan","soybeans",80.7077581741042
47163,"Tennessee","Sullivan","wheat",127.566613490596
47165,"Tennessee","Sumner","barley",2.95546832377593
47165,"Tennessee","Sumner","canola",56.918097818319
47165,"Tennessee","Sumner","corn",4855.52455399961
47165,"Tennessee","Sumner","grain sorghum",23.5804151261265
47165,"Tennessee","Sumner","oats",20.7642760233286
47165,"Tennessee","Sumner","rapeseed",99.7839992814847
47165,"Tennessee","Sumner","soybeans",6240.78042319758
47165,"Tennessee","Sumner","sunflower",0.949971961213691
47165,"Tennessee","Sumner","wheat",3330.5256982583
47167,"Tennessee","Tipton","corn",4092.87591910993
47167,"Tennessee","Tipton","cotton",3112.68388492103
47167,"Tennessee","Tipton","grain sorghum",0.551437360352599
47167,"Tennessee","Tipton","oats",7.27970112676699
47167,"Tennessee","Tipton","soybeans",10764.6720448429
47167,"Tennessee","Tipton","wheat",1382.75484203061
47169,"Tennessee","Trousdale","corn",1232.89528154193
47169,"Tennessee","Trousdale","soybeans",1336.91352512231
47169,"Tennessee","Trousdale","wheat",524.830122948598
47171,"Tennessee","Unicoi","corn",20.1939831429779
47173,"Tennessee","Union","corn",211.711952235077
47173,"Tennessee","Union","soybeans",62.4828995038736
47175,"Tennessee","Van Buren","corn",282.41768146118
47175,"Tennessee","Van Buren","soybeans",548.213140705462
47175,"Tennessee","Van Buren","wheat",28.4468500886173
47177,"Tennessee","Warren","corn",6352.7575661258
47177,"Tennessee","Warren","grain sorghum",3.60965497506251
47177,"Tennessee","Warren","oats",14.2136555675266
47177,"Tennessee","Warren","soybeans",10727.0356311608
47177,"Tennessee","Warren","wheat",992.704201269329
47179,"Tennessee","Washington","corn",661.517973365693
47179,"Tennessee","Washington","oats",27.0339992105113
47179,"Tennessee","Washington","soybeans",479.51820971318
47179,"Tennessee","Washington","sunflower",0.0569616502539218
47179,"Tennessee","Washington","wheat",17.7538071511423
47181,"Tennessee","Wayne","corn",3046.49557285975
47181,"Tennessee","Wayne","cotton",20.2349412231512
47181,"Tennessee","Wayne","grain sorghum",59.6467423272998
47181,"Tennessee","Wayne","oats",23.6373988724302
47181,"Tennessee","Wayne","soybeans",2948.22263753594
47181,"Tennessee","Wayne","wheat",918.420137440996
47183,"Tennessee","Weakley","barley",2.52240904408761
47183,"Tennessee","Weakley","canola",11.6958829185559
47183,"Tennessee","Weakley","corn",6298.61199670216
47183,"Tennessee","Weakley","cotton",110.189802761284
47183,"Tennessee","Weakley","oats",5.81877012230258
47183,"Tennessee","Weakley","soybeans",7565.45898460042
47183,"Tennessee","Weakley","sunflower",0.365553316472401
47183,"Tennessee","Weakley","wheat",2279.06922619431
47185,"Tennessee","White","barley",80.8819491100056
47185,"Tennessee","White","corn",2251.21833765264
47185,"Tennessee","White","grain sorghum",22.2253688238152
47185,"Tennessee","White","oats",76.4103070882578
47185,"Tennessee","White","soybeans",2785.62901708374
47185,"Tennessee","White","sunflower",3.60357531757169
47185,"Tennessee","White","wheat",749.213810925886
47187,"Tennessee","Williamson","barley",42.3858065846343
47187,"Tennessee","Williamson","corn",244.261507623084
47187,"Tennessee","Williamson","grain sorghum",0.379693395702841
47187,"Tennessee","Williamson","soybeans",522.575817439777
47187,"Tennessee","Williamson","wheat",106.5258298649
47189,"Tennessee","Wilson","corn",2965.88142472681
47189,"Tennessee","Wilson","soybeans",3422.57968763701
47189,"Tennessee","Wilson","wheat",783.134411688754
48001,"Texas","Anderson","corn",3216.19193647405
48001,"Texas","Anderson","cotton",2613.30449847089
48001,"Texas","Anderson","oats",242.995667381681
48001,"Texas","Anderson","wheat",4472.03151357561
48003,"Texas","Andrews","corn",0
48003,"Texas","Andrews","cotton",0
48003,"Texas","Andrews","grain sorghum",0
48003,"Texas","Andrews","oats",0
48003,"Texas","Andrews","peanuts",0
48003,"Texas","Andrews","wheat",0
48007,"Texas","Aransas","corn",0
48007,"Texas","Aransas","cotton",0
48007,"Texas","Aransas","grain sorghum",0
48009,"Texas","Archer","barley",55.9932715215145
48009,"Texas","Archer","corn",72.4209480009734
48009,"Texas","Archer","cotton",853.407271883544
48009,"Texas","Archer","grain sorghum",381.490030050589
48009,"Texas","Archer","oats",55.1194278258005
48009,"Texas","Archer","sesame",66.8150395992308
48009,"Texas","Archer","wheat",22313.9088200369
48011,"Texas","Armstrong","barley",5.64252050915669
48011,"Texas","Armstrong","corn",236.337674449488
48011,"Texas","Armstrong","cotton",2964.95943824837
48011,"Texas","Armstrong","grain sorghum",3352.80049368598
48011,"Texas","Armstrong","oats",6.01269913610269
48011,"Texas","Armstrong","sunflower",3.04960639636863
48011,"Texas","Armstrong","wheat",15557.9678222262
48013,"Texas","Atascosa","corn",0
48013,"Texas","Atascosa","cotton",0
48013,"Texas","Atascosa","dry peas",0
48013,"Texas","Atascosa","grain sorghum",0
48013,"Texas","Atascosa","oats",0
48013,"Texas","Atascosa","peanuts",0
48013,"Texas","Atascosa","sesame",0
48013,"Texas","Atascosa","sunflower",0
48013,"Texas","Atascosa","wheat",0
48015,"Texas","Austin","corn",3461.32150511734
48015,"Texas","Austin","cotton",1735.13538093962
48015,"Texas","Austin","grain sorghum",662.887501116632
48015,"Texas","Austin","oats",101.839195795638
48015,"Texas","Austin","rice_long grain",760.377085946052
48015,"Texas","Austin","wheat",43.899989566186
48017,"Texas","Bailey","barley",132.351714879176
48017,"Texas","Bailey","canola",106.870911940175
48017,"Texas","Bailey","corn",2488.94026896921
48017,"Texas","Bailey","cotton",10985.6958862024
48017,"Texas","Bailey","dry peas",174.410694216631
48017,"Texas","Bailey","grain sorghum",2647.64948515822
48017,"Texas","Bailey","oats",57.1002230821451
48017,"Texas","Bailey","peanuts",118.299129228329
48017,"Texas","Bailey","soybeans",75.4511048941817
48017,"Texas","Bailey","sunflower",53.2344347039596
48017,"Texas","Bailey","wheat",10963.7642070705
48019,"Texas","Bandera","oats",0
48021,"Texas","Bastrop","corn",2749.88883693633
48021,"Texas","Bastrop","cotton",652.270874538755
48021,"Texas","Bastrop","grain sorghum",572.433962268106
48021,"Texas","Bastrop","oats",2828.36338687881
48021,"Texas","Bastrop","wheat",174.47537202018
48023,"Texas","Baylor","barley",2.05832084842396
48023,"Texas","Baylor","corn",36.4056748700836
48023,"Texas","Baylor","cotton",3049.30055040707
48023,"Texas","Baylor","grain sorghum",147.898313459393
48023,"Texas","Baylor","oats",405.376256199538
48023,"Texas","Baylor","sesame",199.310801646436
48023,"Texas","Baylor","wheat",77990.1752310899
48025,"Texas","Bee","corn",0
48025,"Texas","Bee","cotton",0
48025,"Texas","Bee","grain sorghum",0
48025,"Texas","Bee","oats",0
48025,"Texas","Bee","sesame",0
48025,"Texas","Bee","wheat",0
48027,"Texas","Bell","barley",0
48027,"Texas","Bell","corn",0
48027,"Texas","Bell","cotton",0
48027,"Texas","Bell","grain sorghum",0
48027,"Texas","Bell","oats",0
48027,"Texas","Bell","sesame",0
48027,"Texas","Bell","soybeans",0
48027,"Texas","Bell","sunflower",0
48027,"Texas","Bell","wheat",0
48029,"Texas","Bexar","barley",0
48029,"Texas","Bexar","corn",0
48029,"Texas","Bexar","cotton",0
48029,"Texas","Bexar","grain sorghum",0
48029,"Texas","Bexar","oats",0
48029,"Texas","Bexar","peanuts",0
48029,"Texas","Bexar","sesame",0
48029,"Texas","Bexar","soybeans",0
48029,"Texas","Bexar","sunflower",0
48029,"Texas","Bexar","wheat",0
48031,"Texas","Blanco","oats",0
48033,"Texas","Borden","cotton",10487.0655883882
48033,"Texas","Borden","dry peas",3.49277889246649
48033,"Texas","Borden","grain sorghum",287.958993036859
48033,"Texas","Borden","oats",73.6728826546396
48033,"Texas","Borden","sunflower",142.824404286275
48033,"Texas","Borden","wheat",3074.48754261214
48035,"Texas","Bosque","barley",0
48035,"Texas","Bosque","corn",0
48035,"Texas","Bosque","cotton",0
48035,"Texas","Bosque","grain sorghum",0
48035,"Texas","Bosque","oats",0
48035,"Texas","Bosque","sunflower",0
48035,"Texas","Bosque","wheat",0
48037,"Texas","Bowie","corn",0
48037,"Texas","Bowie","cotton",0
48037,"Texas","Bowie","grain sorghum",0
48037,"Texas","Bowie","oats",0
48037,"Texas","Bowie","rice_long grain",0
48037,"Texas","Bowie","soybeans",0
48037,"Texas","Bowie","sunflower",0
48037,"Texas","Bowie","wheat",0
48039,"Texas","Brazoria","corn",0
48039,"Texas","Brazoria","cotton",0
48039,"Texas","Brazoria","grain sorghum",0
48039,"Texas","Brazoria","rice_long grain",0
48039,"Texas","Brazoria","sesame",0
48039,"Texas","Brazoria","soybeans",0
48039,"Texas","Brazoria","sunflower",0
48039,"Texas","Brazoria","wheat",0
48041,"Texas","Brazos","corn",986.091455900918
48041,"Texas","Brazos","cotton",3348.94002117075
48041,"Texas","Brazos","grain sorghum",710.7075643634
48041,"Texas","Brazos","oats",20.0099862639162
48041,"Texas","Brazos","rice_long grain",18.3517538651351
48041,"Texas","Brazos","soybeans",46.4840209524185
48041,"Texas","Brazos","sunflower",142.457869699136
48041,"Texas","Brazos","wheat",213.81773957969
48045,"Texas","Briscoe","corn",110.201047568006
48045,"Texas","Briscoe","cotton",9275.64956181791
48045,"Texas","Briscoe","grain sorghum",873.743392931941
48045,"Texas","Briscoe","oats",87.9631056805492
48045,"Texas","Briscoe","peanuts",66.6682151631291
48045,"Texas","Briscoe","wheat",16746.0351031979
48047,"Texas","Brooks","cotton",0
48047,"Texas","Brooks","dry peas",0
48047,"Texas","Brooks","grain sorghum",0
48047,"Texas","Brooks","sunflower",0
48047,"Texas","Brooks","wheat",0
48049,"Texas","Brown","barley",0
48049,"Texas","Brown","corn",0
48049,"Texas","Brown","cotton",0
48049,"Texas","Brown","grain sorghum",0
48049,"Texas","Brown","oats",0
48049,"Texas","Brown","peanuts",0
48049,"Texas","Brown","wheat",0
48051,"Texas","Burleson","corn",4324.69926746056
48051,"Texas","Burleson","cotton",5618.04826307806
48051,"Texas","Burleson","grain sorghum",2020.77540106942
48051,"Texas","Burleson","oats",283.598942023452
48051,"Texas","Burleson","soybeans",245.990203093332
48051,"Texas","Burleson","sunflower",142.931324053159
48051,"Texas","Burleson","wheat",784.504771693683
48053,"Texas","Burnet","corn",0
48053,"Texas","Burnet","oats",0
48053,"Texas","Burnet","wheat",0
48055,"Texas","Caldwell","corn",1412.44736908726
48055,"Texas","Caldwell","cotton",585.160592521462
48055,"Texas","Caldwell","grain sorghum",687.914071297524
48055,"Texas","Caldwell","oats",88.7874810507333
48055,"Texas","Caldwell","sesame",30.8984087639501
48055,"Texas","Caldwell","wheat",170.103240560344
48057,"Texas","Calhoun","corn",132.192041949336
48057,"Texas","Calhoun","cotton",111.956067998049
48057,"Texas","Calhoun","grain sorghum",36.8900371270765
48057,"Texas","Calhoun","rice_long grain",15.4941632212705
48057,"Texas","Calhoun","rice_short/medium grain",22.5318969481036
48057,"Texas","Calhoun","soybeans",3.63699456269744
48057,"Texas","Calhoun","wheat",1.3682395171201
48059,"Texas","Callahan","corn",0.643889553875053
48059,"Texas","Callahan","cotton",10.4695645434618
48059,"Texas","Callahan","grain sorghum",5.33497455160595
48059,"Texas","Callahan","oats",33.3114796366831
48059,"Texas","Callahan","wheat",425.92445093021
48061,"Texas","Cameron","canola",15.2851849307121
48061,"Texas","Cameron","chickpeas_large",0.796376310197058
48061,"Texas","Cameron","corn",554.597738002334
48061,"Texas","Cameron","cotton",1034.80910210917
48061,"Texas","Cameron","dry peas",33.8647821482692
48061,"Texas","Cameron","grain sorghum",981.00126444499
48061,"Texas","Cameron","mustard",12.1229044593742
48061,"Texas","Cameron","oats",0.451452284936384
48061,"Texas","Cameron","rapeseed",0.172375824717978
48061,"Texas","Cameron","rice_long grain",0.057458608239326
48061,"Texas","Cameron","sesame",68.0663866580373
48061,"Texas","Cameron","soybeans",7.39940465184392
48061,"Texas","Cameron","sunflower",8.43138423926551
48061,"Texas","Cameron","wheat",9.29691773033942
48065,"Texas","Carson","barley",12.5175491818244
48065,"Texas","Carson","corn",3120.10910656581
48065,"Texas","Carson","cotton",7836.30090546181
48065,"Texas","Carson","grain sorghum",3396.40288587515
48065,"Texas","Carson","oats",25.9407835148757
48065,"Texas","Carson","soybeans",23.7164070836632
48065,"Texas","Carson","wheat",8295.6067671223
48067,"Texas","Cass","corn",58.8721749486432
48067,"Texas","Cass","oats",34.1040988350352
48067,"Texas","Cass","wheat",45.0149465899646
48069,"Texas","Castro","barley",951.078097317462
48069,"Texas","Castro","canola",377.497640339066
48069,"Texas","Castro","corn",25059.8701238343
48069,"Texas","Castro","cotton",20270.4351813354
48069,"Texas","Castro","dry peas",92.3245286809507
48069,"Texas","Castro","grain sorghum",4887.02354106783
48069,"Texas","Castro","oats",188.744560675707
48069,"Texas","Castro","soybeans",102.946641409814
48069,"Texas","Castro","sunflower",166.053172190558
48069,"Texas","Castro","wheat",87633.5331538746
48071,"Texas","Chambers","grain sorghum",0
48071,"Texas","Chambers","rice_long grain",0
48071,"Texas","Chambers","rice_short/medium grain",0
48071,"Texas","Chambers","soybeans",0
48071,"Texas","Chambers","wheat",0
48075,"Texas","Childress","barley",31.0478672795926
48075,"Texas","Childress","corn",9.0960875347898
48075,"Texas","Childress","cotton",4526.74825888992
48075,"Texas","Childress","grain sorghum",86.4049332513535
48075,"Texas","Childress","oats",62.4824739229587
48075,"Texas","Childress","wheat",5159.74947482847
48077,"Texas","Clay","corn",0
48077,"Texas","Clay","cotton",0
48077,"Texas","Clay","grain sorghum",0
48077,"Texas","Clay","oats",0
48077,"Texas","Clay","soybeans",0
48077,"Texas","Clay","wheat",0
48079,"Texas","Cochran","corn",1533.89800209537
48079,"Texas","Cochran","cotton",18021.6643271824
48079,"Texas","Cochran","dry peas",216.162614869916
48079,"Texas","Cochran","grain sorghum",2590.30162983777
48079,"Texas","Cochran","oats",6.93610125207451
48079,"Texas","Cochran","peanuts",2646.43187194597
48079,"Texas","Cochran","sunflower",54.0263448477432
48079,"Texas","Cochran","wheat",2850.97025708815
48081,"Texas","Coke","barley",0
48081,"Texas","Coke","cotton",0
48081,"Texas","Coke","grain sorghum",0
48081,"Texas","Coke","oats",0
48081,"Texas","Coke","wheat",0
48083,"Texas","Coleman","corn",0
48083,"Texas","Coleman","cotton",0
48083,"Texas","Coleman","grain sorghum",0
48083,"Texas","Coleman","oats",0
48083,"Texas","Coleman","wheat",0
48085,"Texas","Collin","corn",0
48085,"Texas","Collin","cotton",0
48085,"Texas","Collin","grain sorghum",0
48085,"Texas","Collin","oats",0
48085,"Texas","Collin","sesame",0
48085,"Texas","Collin","soybeans",0
48085,"Texas","Collin","wheat",0
48087,"Texas","Collingsworth","barley",11.1810780715744
48087,"Texas","Collingsworth","corn",27.8593422197753
48087,"Texas","Collingsworth","cotton",10649.8891725645
48087,"Texas","Collingsworth","grain sorghum",126.424109322849
48087,"Texas","Collingsworth","oats",13.7396406559833
48087,"Texas","Collingsworth","peanuts",607.862607300443
48087,"Texas","Collingsworth","soybeans",11.1092681029892
48087,"Texas","Collingsworth","wheat",4825.56393014474
48089,"Texas","Colorado","corn",0
48089,"Texas","Colorado","cotton",0
48089,"Texas","Colorado","grain sorghum",0
48089,"Texas","Colorado","oats",0
48089,"Texas","Colorado","rice_long grain",0
48089,"Texas","Colorado","sesame",0
48089,"Texas","Colorado","soybeans",0
48089,"Texas","Colorado","wheat",0
48091,"Texas","Comal","corn",0
48091,"Texas","Comal","cotton",0
48091,"Texas","Comal","grain sorghum",0
48091,"Texas","Comal","oats",0
48091,"Texas","Comal","wheat",0
48093,"Texas","Comanche","barley",0
48093,"Texas","Comanche","chickpeas_large",0
48093,"Texas","Comanche","corn",0
48093,"Texas","Comanche","cotton",0
48093,"Texas","Comanche","grain sorghum",0
48093,"Texas","Comanche","oats",0
48093,"Texas","Comanche","peanuts",0
48093,"Texas","Comanche","sesame",0
48093,"Texas","Comanche","soybeans",0
48093,"Texas","Comanche","wheat",0
48095,"Texas","Concho","barley",367.780770951142
48095,"Texas","Concho","canola",18.9422113531293
48095,"Texas","Concho","corn",121.532611693148
48095,"Texas","Concho","cotton",7117.12668502836
48095,"Texas","Concho","grain sorghum",666.074440160812
48095,"Texas","Concho","oats",141.30315344668
48095,"Texas","Concho","sesame",48.6643935137592
48095,"Texas","Concho","sunflower",68.0522318579563
48095,"Texas","Concho","wheat",11939.3318475619
48097,"Texas","Cooke","barley",0
48097,"Texas","Cooke","corn",0
48097,"Texas","Cooke","cotton",0
48097,"Texas","Cooke","grain sorghum",0
48097,"Texas","Cooke","oats",0
48097,"Texas","Cooke","sesame",0
48097,"Texas","Cooke","soybeans",0
48097,"Texas","Cooke","wheat",0
48099,"Texas","Coryell","barley",33.5178702542616
48099,"Texas","Coryell","corn",1005.24054434069
48099,"Texas","Coryell","cotton",47.8243526361557
48099,"Texas","Coryell","grain sorghum",256.614187489229
48099,"Texas","Coryell","oats",1270.92868280104
48099,"Texas","Coryell","sesame",27.2810859938298
48099,"Texas","Coryell","soybeans",17.1614114902836
48099,"Texas","Coryell","sunflower",8.99108486998348
48099,"Texas","Coryell","wheat",1373.98679163961
48101,"Texas","Cottle","barley",3.36805457113638
48101,"Texas","Cottle","cotton",3096.70692721529
48101,"Texas","Cottle","grain sorghum",10.1846018882226
48101,"Texas","Cottle","oats",167.511417132044
48101,"Texas","Cottle","sunflower",95.7214280280087
48101,"Texas","Cottle","wheat",3240.55620678786
48105,"Texas","Crockett","wheat",1.62451001352794
48107,"Texas","Crosby","barley",107.817882537937
48107,"Texas","Crosby","corn",204.382176102037
48107,"Texas","Crosby","cotton",18736.3504946187
48107,"Texas","Crosby","dry peas",9.67342279969635
48107,"Texas","Crosby","grain sorghum",866.947740121619
48107,"Texas","Crosby","oats",10.3824164844721
48107,"Texas","Crosby","sesame",33.5206871395829
48107,"Texas","Crosby","soybeans",18.726682582911
48107,"Texas","Crosby","sunflower",30.5918602953027
48107,"Texas","Crosby","wheat",3007.02011228837
48109,"Texas","Culberson","barley",0
48109,"Texas","Culberson","corn",0
48109,"Texas","Culberson","cotton",0
48109,"Texas","Culberson","oats",0
48109,"Texas","Culberson","peanuts",0
48109,"Texas","Culberson","soybeans",0
48109,"Texas","Culberson","wheat",0
48111,"Texas","Dallam","barley",28.912135438405
48111,"Texas","Dallam","corn",6261.35057144035
48111,"Texas","Dallam","cotton",2593.64299640215
48111,"Texas","Dallam","dry peas",10.8095595054416
48111,"Texas","Dallam","grain sorghum",2324.31409421933
48111,"Texas","Dallam","oats",151.652791337848
48111,"Texas","Dallam","soybeans",61.8544139537016
48111,"Texas","Dallam","sunflower",131.296748926031
48111,"Texas","Dallam","wheat",6867.48030563515
48113,"Texas","Dallas","corn",0
48113,"Texas","Dallas","cotton",0
48113,"Texas","Dallas","grain sorghum",0
48113,"Texas","Dallas","oats",0
48113,"Texas","Dallas","soybeans",0
48113,"Texas","Dallas","wheat",0
48115,"Texas","Dawson","barley",5.42487553567944
48115,"Texas","Dawson","corn",91.6053353820486
48115,"Texas","Dawson","cotton",37644.6643161776
48115,"Texas","Dawson","dry peas",37.1448392857924
48115,"Texas","Dawson","grain sorghum",1479.4329901629
48115,"Texas","Dawson","oats",40.1839978594791
48115,"Texas","Dawson","peanuts",926.867826141506
48115,"Texas","Dawson","sesame",46.5943941567426
48115,"Texas","Dawson","soybeans",23.4231795770733
48115,"Texas","Dawson","sunflower",66.2643428876134
48115,"Texas","Dawson","wheat",1569.80913063347
48123,"Texas","DeWitt","corn",0
48123,"Texas","DeWitt","cotton",0
48123,"Texas","DeWitt","grain sorghum",0
48123,"Texas","DeWitt","oats",0
48123,"Texas","DeWitt","sesame",0
48123,"Texas","DeWitt","wheat",0
48117,"Texas","Deaf Smith","barley",893.807558677911
48117,"Texas","Deaf Smith","canola",19.3115859953751
48117,"Texas","Deaf Smith","corn",13695.2651081375
48117,"Texas","Deaf Smith","cotton",11250.3769170826
48117,"Texas","Deaf Smith","dry peas",129.115719038198
48117,"Texas","Deaf Smith","grain sorghum",11388.7245011827
48117,"Texas","Deaf Smith","oats",327.444162283821
48117,"Texas","Deaf Smith","soybeans",120.936876137437
48117,"Texas","Deaf Smith","sunflower",369.135559057516
48117,"Texas","Deaf Smith","wheat",118315.371411126
48119,"Texas","Delta","corn",278.624750460307
48119,"Texas","Delta","cotton",136.781859015112
48119,"Texas","Delta","grain sorghum",51.9730654943733
48119,"Texas","Delta","soybeans",213.409462718178
48119,"Texas","Delta","wheat",418.703340126699
48121,"Texas","Denton","barley",0
48121,"Texas","Denton","corn",0
48121,"Texas","Denton","cotton",0
48121,"Texas","Denton","grain sorghum",0
48121,"Texas","Denton","oats",0
48121,"Texas","Denton","peanuts",0
48121,"Texas","Denton","sesame",0
48121,"Texas","Denton","soybeans",0
48121,"Texas","Denton","wheat",0
48125,"Texas","Dickens","cotton",0
48125,"Texas","Dickens","dry peas",0
48125,"Texas","Dickens","grain sorghum",0
48125,"Texas","Dickens","oats",0
48125,"Texas","Dickens","peanuts",0
48125,"Texas","Dickens","sunflower",0
48125,"Texas","Dickens","wheat",0
48127,"Texas","Dimmit","grain sorghum",0
48127,"Texas","Dimmit","oats",0
48127,"Texas","Dimmit","wheat",0
48129,"Texas","Donley","barley",0
48129,"Texas","Donley","canola",0
48129,"Texas","Donley","corn",0
48129,"Texas","Donley","cotton",0
48129,"Texas","Donley","grain sorghum",0
48129,"Texas","Donley","oats",0
48129,"Texas","Donley","peanuts",0
48129,"Texas","Donley","sunflower",0
48129,"Texas","Donley","wheat",0
48131,"Texas","Duval","corn",0
48131,"Texas","Duval","cotton",0
48131,"Texas","Duval","dry peas",0
48131,"Texas","Duval","grain sorghum",0
48131,"Texas","Duval","oats",0
48131,"Texas","Duval","sunflower",0
48131,"Texas","Duval","wheat",0
48133,"Texas","Eastland","corn",0
48133,"Texas","Eastland","cotton",0
48133,"Texas","Eastland","grain sorghum",0
48133,"Texas","Eastland","oats",0
48133,"Texas","Eastland","peanuts",0
48133,"Texas","Eastland","wheat",0
48137,"Texas","Edwards","oats",163.439244944355
48141,"Texas","El Paso","barley",0.497684810004814
48141,"Texas","El Paso","corn",27.5637297531862
48141,"Texas","El Paso","cotton",5843.3942379889
48141,"Texas","El Paso","mustard",0.33979859441708
48141,"Texas","El Paso","oats",28.3380014662224
48141,"Texas","El Paso","wheat",47.4832496453007
48139,"Texas","Ellis","corn",0
48139,"Texas","Ellis","cotton",0
48139,"Texas","Ellis","grain sorghum",0
48139,"Texas","Ellis","oats",0
48139,"Texas","Ellis","soybeans",0
48139,"Texas","Ellis","sunflower",0
48139,"Texas","Ellis","wheat",0
48143,"Texas","Erath","barley",41.3495698843922
48143,"Texas","Erath","corn",809.284471497566
48143,"Texas","Erath","cotton",97.5777785718371
48143,"Texas","Erath","grain sorghum",73.0285422447403
48143,"Texas","Erath","oats",511.823518191606
48143,"Texas","Erath","peanuts",113.920881308295
48143,"Texas","Erath","sunflower",6.66794947054
48143,"Texas","Erath","wheat",2680.96380649417
48145,"Texas","Falls","barley",25.917159758516
48145,"Texas","Falls","corn",5313.9030185924
48145,"Texas","Falls","cotton",739.630216949852
48145,"Texas","Falls","dry peas",0.165460363209015
48145,"Texas","Falls","grain sorghum",286.849862296219
48145,"Texas","Falls","oats",4951.41427493809
48145,"Texas","Falls","soybeans",108.636310672143
48145,"Texas","Falls","wheat",1347.83862955736
48147,"Texas","Fannin","corn",0
48147,"Texas","Fannin","cotton",0
48147,"Texas","Fannin","grain sorghum",0
48147,"Texas","Fannin","oats",0
48147,"Texas","Fannin","sesame",0
48147,"Texas","Fannin","soybeans",0
48147,"Texas","Fannin","sunflower",0
48147,"Texas","Fannin","wheat",0
48149,"Texas","Fayette","corn",15086.8005662877
48149,"Texas","Fayette","cotton",697.119305529451
48149,"Texas","Fayette","grain sorghum",287.837902043427
48149,"Texas","Fayette","oats",159.423544580983
48151,"Texas","Fisher","barley",14.5047926750972
48151,"Texas","Fisher","corn",56.6796305314354
48151,"Texas","Fisher","cotton",21096.732224138
48151,"Texas","Fisher","dry peas",0.154631482590599
48151,"Texas","Fisher","grain sorghum",33.4363610494741
48151,"Texas","Fisher","oats",94.9494840402124
48151,"Texas","Fisher","sunflower",19.9258847682444
48151,"Texas","Fisher","wheat",12417.3385029196
48153,"Texas","Floyd","barley",65.0817715097718
48153,"Texas","Floyd","corn",4110.37733194223
48153,"Texas","Floyd","cotton",59767.6297231427
48153,"Texas","Floyd","dry peas",54.4902584287521
48153,"Texas","Floyd","grain sorghum",5718.11909799404
48153,"Texas","Floyd","oats",193.948293658761
48153,"Texas","Floyd","soybeans",25.4858283512036
48153,"Texas","Floyd","sunflower",232.899022496081
48153,"Texas","Floyd","wheat",59385.3129734468
48155,"Texas","Foard","barley",5.79305961805703
48155,"Texas","Foard","corn",20.3669037546383
48155,"Texas","Foard","cotton",1291.61214775259
48155,"Texas","Foard","grain sorghum",155.025684338576
48155,"Texas","Foard","oats",750.717124198524
48155,"Texas","Foard","sesame",66.1804949882193
48155,"Texas","Foard","wheat",30147.6341998031
48157,"Texas","Fort Bend","corn",0
48157,"Texas","Fort Bend","cotton",0
48157,"Texas","Fort Bend","grain sorghum",0
48157,"Texas","Fort Bend","rice_long grain",0
48157,"Texas","Fort Bend","soybeans",0
48157,"Texas","Fort Bend","sunflower",0
48157,"Texas","Fort Bend","wheat",0
48159,"Texas","Franklin","corn",506.220634130836
48159,"Texas","Franklin","grain sorghum",221.845118415488
48159,"Texas","Franklin","soybeans",227.808989020778
48159,"Texas","Franklin","wheat",130.134645335312
48161,"Texas","Freestone","corn",349.921739756176
48161,"Texas","Freestone","oats",79.710608131594
48161,"Texas","Freestone","wheat",66.7814359798546
48163,"Texas","Frio","canola",0
48163,"Texas","Frio","corn",0
48163,"Texas","Frio","cotton",0
48163,"Texas","Frio","grain sorghum",0
48163,"Texas","Frio","oats",0
48163,"Texas","Frio","peanuts",0
48163,"Texas","Frio","sesame",0
48163,"Texas","Frio","soybeans",0
48163,"Texas","Frio","sunflower",0
48163,"Texas","Frio","wheat",0
48165,"Texas","Gaines","barley",0
48165,"Texas","Gaines","corn",0
48165,"Texas","Gaines","cotton",0
48165,"Texas","Gaines","dry peas",0
48165,"Texas","Gaines","grain sorghum",0
48165,"Texas","Gaines","oats",0
48165,"Texas","Gaines","peanuts",0
48165,"Texas","Gaines","sesame",0
48165,"Texas","Gaines","soybeans",0
48165,"Texas","Gaines","sunflower",0
48165,"Texas","Gaines","wheat",0
48167,"Texas","Galveston","corn",0
48167,"Texas","Galveston","grain sorghum",0
48167,"Texas","Galveston","rice_long grain",0
48167,"Texas","Galveston","soybeans",0
48169,"Texas","Garza","barley",17.9318180255417
48169,"Texas","Garza","cotton",7434.04234993581
48169,"Texas","Garza","grain sorghum",19.1583212735939
48169,"Texas","Garza","soybeans",12.018456188965
48169,"Texas","Garza","wheat",853.755650251795
48171,"Texas","Gillespie","barley",0
48171,"Texas","Gillespie","corn",0
48171,"Texas","Gillespie","grain sorghum",0
48171,"Texas","Gillespie","oats",0
48171,"Texas","Gillespie","soybeans",0
48171,"Texas","Gillespie","wheat",0
48173,"Texas","Glasscock","corn",40.8865278841676
48173,"Texas","Glasscock","cotton",12067.3310109417
48173,"Texas","Glasscock","grain sorghum",103.674088156524
48173,"Texas","Glasscock","sesame",3.56276089999248
48173,"Texas","Glasscock","sunflower",2.55007929174247
48173,"Texas","Glasscock","wheat",1290.11328910823
48175,"Texas","Goliad","corn",0
48175,"Texas","Goliad","cotton",0
48175,"Texas","Goliad","grain sorghum",0
48175,"Texas","Goliad","rapeseed",0
48175,"Texas","Goliad","wheat",0
48177,"Texas","Gonzales","corn",30759.086674266
48177,"Texas","Gonzales","cotton",1293.7279112284
48177,"Texas","Gonzales","grain sorghum",143.920610399114
48177,"Texas","Gonzales","oats",63.0509340796119
48177,"Texas","Gonzales","wheat",506.120813236885
48179,"Texas","Gray","corn",0
48179,"Texas","Gray","cotton",0
48179,"Texas","Gray","grain sorghum",0
48179,"Texas","Gray","oats",0
48179,"Texas","Gray","peanuts",0
48179,"Texas","Gray","sunflower",0
48179,"Texas","Gray","wheat",0
48181,"Texas","Grayson","corn",0
48181,"Texas","Grayson","cotton",0
48181,"Texas","Grayson","grain sorghum",0
48181,"Texas","Grayson","oats",0
48181,"Texas","Grayson","peanuts",0
48181,"Texas","Grayson","sesame",0
48181,"Texas","Grayson","soybeans",0
48181,"Texas","Grayson","sunflower",0
48181,"Texas","Grayson","wheat",0
48185,"Texas","Grimes","corn",2804.87216243005
48185,"Texas","Grimes","cotton",2847.47913668335
48185,"Texas","Grimes","dry peas",8.41702375608438
48185,"Texas","Grimes","grain sorghum",1376.55513600236
48185,"Texas","Grimes","wheat",277.883363182817
48187,"Texas","Guadalupe","corn",0
48187,"Texas","Guadalupe","cotton",0
48187,"Texas","Guadalupe","grain sorghum",0
48187,"Texas","Guadalupe","oats",0
48187,"Texas","Guadalupe","sesame",0
48187,"Texas","Guadalupe","soybeans",0
48187,"Texas","Guadalupe","sunflower",0
48187,"Texas","Guadalupe","wheat",0
48189,"Texas","Hale","corn",7538.29334564332
48189,"Texas","Hale","cotton",42248.0379333519
48189,"Texas","Hale","dry peas",194.229735893129
48189,"Texas","Hale","grain sorghum",4687.54523916025
48189,"Texas","Hale","oats",205.934598057536
48189,"Texas","Hale","peanuts",82.8128187913768
48189,"Texas","Hale","sesame",52.3053190891461
48189,"Texas","Hale","soybeans",35.4292721127374
48189,"Texas","Hale","sunflower",364.980351720391
48189,"Texas","Hale","wheat",27491.7014789991
48191,"Texas","Hall","corn",0
48191,"Texas","Hall","cotton",0
48191,"Texas","Hall","grain sorghum",0
48191,"Texas","Hall","oats",0
48191,"Texas","Hall","peanuts",0
48191,"Texas","Hall","sesame",0
48191,"Texas","Hall","wheat",0
48193,"Texas","Hamilton","barley",112.509426881517
48193,"Texas","Hamilton","corn",311.417548369918
48193,"Texas","Hamilton","cotton",53.3273883226577
48193,"Texas","Hamilton","grain sorghum",345.099968102851
48193,"Texas","Hamilton","oats",2103.51835923688
48193,"Texas","Hamilton","peanuts",8.44355232948365
48193,"Texas","Hamilton","soybeans",10.1178270446235
48193,"Texas","Hamilton","wheat",1654.42542166286
48195,"Texas","Hansford","barley",87.2285764874751
48195,"Texas","Hansford","corn",14478.1059125715
48195,"Texas","Hansford","cotton",14317.4220289028
48195,"Texas","Hansford","grain sorghum",4747.4387666079
48195,"Texas","Hansford","oats",246.746057924774
48195,"Texas","Hansford","sesame",22.3557470575997
48195,"Texas","Hansford","soybeans",511.749309279922
48195,"Texas","Hansford","sunflower",36.7095560810903
48195,"Texas","Hansford","wheat",47965.0246336615
48197,"Texas","Hardeman","barley",19.9249797418731
48197,"Texas","Hardeman","canola",36.2697300874357
48197,"Texas","Hardeman","corn",16.1985505601917
48197,"Texas","Hardeman","cotton",915.088392907203
48197,"Texas","Hardeman","dry peas",6.15717591297583
48197,"Texas","Hardeman","grain sorghum",74.5875719163356
48197,"Texas","Hardeman","lentils",0.0219124378553537
48197,"Texas","Hardeman","oats",132.142693537456
48197,"Texas","Hardeman","peanuts",58.34931601875
48197,"Texas","Hardeman","wheat",6333.18266166288
48199,"Texas","Hardin","rice_long grain",0
48201,"Texas","Harris","corn",0
48201,"Texas","Harris","cotton",0
48201,"Texas","Harris","grain sorghum",0
48201,"Texas","Harris","peanuts",0
48201,"Texas","Harris","rice_long grain",0
48201,"Texas","Harris","soybeans",0
48201,"Texas","Harris","sunflower",0
48201,"Texas","Harris","wheat",0
48205,"Texas","Hartley","barley",186.427809700688
48205,"Texas","Hartley","canola",4.95496006939718
48205,"Texas","Hartley","corn",18250.200850656
48205,"Texas","Hartley","cotton",7010.66877716792
48205,"Texas","Hartley","dry peas",21.1639443883677
48205,"Texas","Hartley","grain sorghum",3058.0366451248
48205,"Texas","Hartley","mustard",30.9269243320006
48205,"Texas","Hartley","oats",203.011890192268
48205,"Texas","Hartley","soybeans",88.9832232545391
48205,"Texas","Hartley","sunflower",102.854149863522
48205,"Texas","Hartley","wheat",19580.579949857
48207,"Texas","Haskell","barley",40.1326955898624
48207,"Texas","Haskell","corn",369.954357338667
48207,"Texas","Haskell","cotton",24820.1621013149
48207,"Texas","Haskell","grain sorghum",1159.81991681958
48207,"Texas","Haskell","oats",415.289896522486
48207,"Texas","Haskell","peanuts",733.880563819743
48207,"Texas","Haskell","sesame",328.060192159598
48207,"Texas","Haskell","wheat",49432.7209522643
48209,"Texas","Hays","corn",0
48209,"Texas","Hays","cotton",0
48209,"Texas","Hays","grain sorghum",0
48209,"Texas","Hays","oats",0
48209,"Texas","Hays","wheat",0
48211,"Texas","Hemphill","barley",0
48211,"Texas","Hemphill","corn",0
48211,"Texas","Hemphill","cotton",0
48211,"Texas","Hemphill","grain sorghum",0
48211,"Texas","Hemphill","oats",0
48211,"Texas","Hemphill","soybeans",0
48211,"Texas","Hemphill","wheat",0
48213,"Texas","Henderson","corn",653.541391894766
48213,"Texas","Henderson","grain sorghum",58.4929500596115
48213,"Texas","Henderson","soybeans",241.056882338429
48213,"Texas","Henderson","wheat",146.102014014147
48215,"Texas","Hidalgo","canola",0
48215,"Texas","Hidalgo","corn",0
48215,"Texas","Hidalgo","cotton",0
48215,"Texas","Hidalgo","dry peas",0
48215,"Texas","Hidalgo","grain sorghum",0
48215,"Texas","Hidalgo","mustard",0
48215,"Texas","Hidalgo","oats",0
48215,"Texas","Hidalgo","peanuts",0
48215,"Texas","Hidalgo","sesame",0
48215,"Texas","Hidalgo","soybeans",0
48215,"Texas","Hidalgo","sunflower",0
48215,"Texas","Hidalgo","wheat",0
48217,"Texas","Hill","barley",0
48217,"Texas","Hill","corn",0
48217,"Texas","Hill","cotton",0
48217,"Texas","Hill","dry peas",0
48217,"Texas","Hill","grain sorghum",0
48217,"Texas","Hill","oats",0
48217,"Texas","Hill","soybeans",0
48217,"Texas","Hill","sunflower",0
48217,"Texas","Hill","wheat",0
48219,"Texas","Hockley","barley",45.7369587280255
48219,"Texas","Hockley","corn",1129.09403153899
48219,"Texas","Hockley","cotton",34340.1331426575
48219,"Texas","Hockley","dry peas",56.7613245131101
48219,"Texas","Hockley","grain sorghum",4347.87587661841
48219,"Texas","Hockley","oats",61.9846084104281
48219,"Texas","Hockley","peanuts",165.64047489984
48219,"Texas","Hockley","sunflower",63.6993717500955
48219,"Texas","Hockley","wheat",2920.56017864263
48221,"Texas","Hood","grain sorghum",0
48221,"Texas","Hood","oats",0
48221,"Texas","Hood","wheat",0
48223,"Texas","Hopkins","corn",8902.37757477479
48223,"Texas","Hopkins","cotton",529.165663533265
48223,"Texas","Hopkins","oats",58.6302002640029
48223,"Texas","Hopkins","soybeans",3845.26638150693
48223,"Texas","Hopkins","wheat",505.738224436443
48225,"Texas","Houston","corn",3935.53756722294
48225,"Texas","Houston","cotton",6557.68979584196
48225,"Texas","Houston","dry peas",4.876925648162
48225,"Texas","Houston","grain sorghum",2125.8092169344
48225,"Texas","Houston","oats",997.849468399247
48225,"Texas","Houston","wheat",1126.7502709744
48227,"Texas","Howard","cotton",14272.576651504
48227,"Texas","Howard","dry peas",2.91292750342523
48227,"Texas","Howard","grain sorghum",101.799772850894
48227,"Texas","Howard","oats",10.3189948455843
48227,"Texas","Howard","sesame",21.8505659400214
48227,"Texas","Howard","wheat",834.230781869949
48229,"Texas","Hudspeth","barley",202.940962707171
48229,"Texas","Hudspeth","corn",1165.04884856614
48229,"Texas","Hudspeth","cotton",15159.502037556
48229,"Texas","Hudspeth","grain sorghum",218.363929322604
48229,"Texas","Hudspeth","oats",1734.23488328297
48229,"Texas","Hudspeth","peanuts",578.455186413607
48229,"Texas","Hudspeth","sunflower",75.6459791137908
48229,"Texas","Hudspeth","wheat",2223.88247588306
48231,"Texas","Hunt","corn",284.891365131459
48231,"Texas","Hunt","cotton",147.571334026247
48231,"Texas","Hunt","grain sorghum",192.963472100099
48231,"Texas","Hunt","oats",11.1555251197138
48231,"Texas","Hunt","sesame",11.8181816317389
48231,"Texas","Hunt","soybeans",340.204813871365
48231,"Texas","Hunt","wheat",1240.80227475007
48233,"Texas","Hutchinson","corn",670.603983917478
48233,"Texas","Hutchinson","cotton",628.41173869441
48233,"Texas","Hutchinson","grain sorghum",184.233096887279
48233,"Texas","Hutchinson","oats",10.4318925604576
48233,"Texas","Hutchinson","soybeans",33.1693671218434
48233,"Texas","Hutchinson","wheat",2244.6552372392
48235,"Texas","Irion","cotton",0
48235,"Texas","Irion","grain sorghum",0
48235,"Texas","Irion","oats",0
48235,"Texas","Irion","wheat",0
48237,"Texas","Jack","barley",0
48237,"Texas","Jack","oats",0
48237,"Texas","Jack","wheat",0
48239,"Texas","Jackson","corn",0
48239,"Texas","Jackson","cotton",0
48239,"Texas","Jackson","grain sorghum",0
48239,"Texas","Jackson","oats",0
48239,"Texas","Jackson","rice_long grain",0
48239,"Texas","Jackson","rice_short/medium grain",0
48239,"Texas","Jackson","soybeans",0
48239,"Texas","Jackson","wheat",0
48245,"Texas","Jefferson","corn",0
48245,"Texas","Jefferson","grain sorghum",0
48245,"Texas","Jefferson","rice_long grain",0
48245,"Texas","Jefferson","rice_short/medium grain",0
48245,"Texas","Jefferson","soybeans",0
48245,"Texas","Jefferson","sunflower",0
48245,"Texas","Jefferson","wheat",0
48249,"Texas","Jim Wells","corn",0
48249,"Texas","Jim Wells","cotton",0
48249,"Texas","Jim Wells","dry peas",0
48249,"Texas","Jim Wells","grain sorghum",0
48249,"Texas","Jim Wells","oats",0
48249,"Texas","Jim Wells","sesame",0
48249,"Texas","Jim Wells","sunflower",0
48249,"Texas","Jim Wells","wheat",0
48251,"Texas","Johnson","corn",0
48251,"Texas","Johnson","cotton",0
48251,"Texas","Johnson","grain sorghum",0
48251,"Texas","Johnson","oats",0
48251,"Texas","Johnson","peanuts",0
48251,"Texas","Johnson","wheat",0
48253,"Texas","Jones","barley",451.228513934592
48253,"Texas","Jones","corn",141.720758464748
48253,"Texas","Jones","cotton",21987.3266170322
48253,"Texas","Jones","dry peas",0.680025022415878
48253,"Texas","Jones","grain sorghum",404.611876242213
48253,"Texas","Jones","oats",160.657339193717
48253,"Texas","Jones","sesame",256.850032990526
48253,"Texas","Jones","sunflower",13.6207294940753
48253,"Texas","Jones","wheat",32419.6095921995
48255,"Texas","Karnes","corn",0
48255,"Texas","Karnes","cotton",0
48255,"Texas","Karnes","grain sorghum",0
48255,"Texas","Karnes","oats",0
48255,"Texas","Karnes","sesame",0
48255,"Texas","Karnes","sunflower",0
48255,"Texas","Karnes","wheat",0
48257,"Texas","Kaufman","barley",0
48257,"Texas","Kaufman","corn",0
48257,"Texas","Kaufman","cotton",0
48257,"Texas","Kaufman","grain sorghum",0
48257,"Texas","Kaufman","oats",0
48257,"Texas","Kaufman","soybeans",0
48257,"Texas","Kaufman","wheat",0
48259,"Texas","Kendall","oats",0
48259,"Texas","Kendall","wheat",0
48263,"Texas","Kent","cotton",0
48263,"Texas","Kent","dry peas",0
48263,"Texas","Kent","grain sorghum",0
48263,"Texas","Kent","oats",0
48263,"Texas","Kent","wheat",0
48265,"Texas","Kerr","barley",0
48265,"Texas","Kerr","grain sorghum",0
48265,"Texas","Kerr","oats",0
48265,"Texas","Kerr","wheat",0
48267,"Texas","Kimble","oats",0
48267,"Texas","Kimble","wheat",0
48269,"Texas","King","cotton",0
48269,"Texas","King","oats",0
48269,"Texas","King","wheat",0
48271,"Texas","Kinney","corn",0
48271,"Texas","Kinney","cotton",0
48271,"Texas","Kinney","grain sorghum",0
48271,"Texas","Kinney","oats",0
48271,"Texas","Kinney","sunflower",0
48271,"Texas","Kinney","wheat",0
48273,"Texas","Kleberg","barley",3.92157957883669
48273,"Texas","Kleberg","corn",244.315926772337
48273,"Texas","Kleberg","cotton",2905.01862786509
48273,"Texas","Kleberg","dry peas",251.936044509161
48273,"Texas","Kleberg","grain sorghum",2678.51379021217
48273,"Texas","Kleberg","sunflower",75.8082915510101
48273,"Texas","Kleberg","wheat",34.0201458912283
48275,"Texas","Knox","barley",90.3736415333774
48275,"Texas","Knox","corn",94.0267609022983
48275,"Texas","Knox","cotton",5136.23391578657
48275,"Texas","Knox","grain sorghum",53.9831144189001
48275,"Texas","Knox","oats",1267.39404592184
48275,"Texas","Knox","peanuts",97.8569348461205
48275,"Texas","Knox","sunflower",2.89335140240793
48275,"Texas","Knox","wheat",59394.0886321548
48283,"Texas","La Salle","corn",0
48283,"Texas","La Salle","cotton",0
48283,"Texas","La Salle","grain sorghum",0
48283,"Texas","La Salle","oats",0
48283,"Texas","La Salle","peanuts",0
48283,"Texas","La Salle","sesame",0
48283,"Texas","La Salle","wheat",0
48277,"Texas","Lamar","corn",5921.37717024791
48277,"Texas","Lamar","cotton",3335.31565517977
48277,"Texas","Lamar","grain sorghum",1175.76112441376
48277,"Texas","Lamar","oats",145.477693292248
48277,"Texas","Lamar","peanuts",101.873048822407
48277,"Texas","Lamar","sesame",93.1704318927332
48277,"Texas","Lamar","soybeans",3754.84211869274
48277,"Texas","Lamar","wheat",6744.70082049922
48279,"Texas","Lamb","barley",248.524889682673
48279,"Texas","Lamb","canola",72.3040214713523
48279,"Texas","Lamb","corn",7451.00005658856
48279,"Texas","Lamb","cotton",38358.5334257617
48279,"Texas","Lamb","dry peas",220.34254415185
48279,"Texas","Lamb","grain sorghum",5746.62583622751
48279,"Texas","Lamb","oats",128.150261443163
48279,"Texas","Lamb","peanuts",46.7402958703016
48279,"Texas","Lamb","soybeans",246.611765123434
48279,"Texas","Lamb","sunflower",190.278507472612
48279,"Texas","Lamb","wheat",14108.9876755468
48281,"Texas","Lampasas","oats",0
48281,"Texas","Lampasas","wheat",0
48285,"Texas","Lavaca","corn",8328.51173539887
48285,"Texas","Lavaca","cotton",227.287414188204
48285,"Texas","Lavaca","grain sorghum",230.047990069032
48285,"Texas","Lavaca","oats",92.7553495958338
48285,"Texas","Lavaca","peanuts",27.2223454915022
48285,"Texas","Lavaca","rice_long grain",13226.58618422
48285,"Texas","Lavaca","sesame",1.53365326712688
48285,"Texas","Lavaca","soybeans",226.673952881353
48285,"Texas","Lavaca","wheat",766.826633563441
48287,"Texas","Lee","corn",6846.72794913451
48287,"Texas","Lee","grain sorghum",423.702543865185
48287,"Texas","Lee","oats",2423.86806141898
48287,"Texas","Lee","soybeans",488.80514860233
48287,"Texas","Lee","wheat",765.665875172286
48289,"Texas","Leon","corn",8546.47616616839
48289,"Texas","Leon","cotton",8467.58573047815
48289,"Texas","Leon","grain sorghum",2300.68404738389
48289,"Texas","Leon","oats",53.8727951860436
48289,"Texas","Leon","wheat",1602.77715540944
48291,"Texas","Liberty","corn",0
48291,"Texas","Liberty","cotton",0
48291,"Texas","Liberty","grain sorghum",0
48291,"Texas","Liberty","rice_long grain",0
48291,"Texas","Liberty","rice_short/medium grain",0
48291,"Texas","Liberty","soybeans",0
48291,"Texas","Liberty","wheat",0
48293,"Texas","Limestone","corn",0
48293,"Texas","Limestone","cotton",0
48293,"Texas","Limestone","grain sorghum",0
48293,"Texas","Limestone","oats",0
48293,"Texas","Limestone","wheat",0
48295,"Texas","Lipscomb","corn",0
48295,"Texas","Lipscomb","cotton",0
48295,"Texas","Lipscomb","grain sorghum",0
48295,"Texas","Lipscomb","oats",0
48295,"Texas","Lipscomb","sesame",0
48295,"Texas","Lipscomb","soybeans",0
48295,"Texas","Lipscomb","wheat",0
48297,"Texas","Live Oak","corn",0
48297,"Texas","Live Oak","cotton",0
48297,"Texas","Live Oak","grain sorghum",0
48297,"Texas","Live Oak","oats",0
48297,"Texas","Live Oak","peanuts",0
48297,"Texas","Live Oak","sesame",0
48297,"Texas","Live Oak","sunflower",0
48297,"Texas","Live Oak","wheat",0
48299,"Texas","Llano","oats",0
48299,"Texas","Llano","wheat",0
48303,"Texas","Lubbock","barley",14.2829405979805
48303,"Texas","Lubbock","corn",975.251521535693
48303,"Texas","Lubbock","cotton",35438.6670221134
48303,"Texas","Lubbock","dry peas",3.63229954862435
48303,"Texas","Lubbock","grain sorghum",1921.24727121878
48303,"Texas","Lubbock","lentils",0.197006077213524
48303,"Texas","Lubbock","oats",11.5017688673177
48303,"Texas","Lubbock","peanuts",6.77208390421489
48303,"Texas","Lubbock","sesame",3.3097020971872
48303,"Texas","Lubbock","soybeans",36.155047805419
48303,"Texas","Lubbock","sunflower",171.44306114949
48303,"Texas","Lubbock","wheat",8346.23289082355
48305,"Texas","Lynn","barley",3.41651581463091
48305,"Texas","Lynn","corn",357.578977025818
48305,"Texas","Lynn","cotton",36340.5936927472
48305,"Texas","Lynn","dry peas",34.440683615231
48305,"Texas","Lynn","grain sorghum",819.591725918187
48305,"Texas","Lynn","oats",9.4578709298573
48305,"Texas","Lynn","peanuts",46.5715189609221
48305,"Texas","Lynn","soybeans",12.674171570405
48305,"Texas","Lynn","sunflower",240.895958518582
48305,"Texas","Lynn","wheat",1289.83809717911
48313,"Texas","Madison","corn",4165.67751921543
48313,"Texas","Madison","cotton",4226.65482918758
48313,"Texas","Madison","grain sorghum",4109.6127820507
48313,"Texas","Madison","sunflower",49.0029137540562
48317,"Texas","Martin","cotton",8033.10463444326
48317,"Texas","Martin","dry peas",3.27623169681873
48317,"Texas","Martin","grain sorghum",106.537371923777
48317,"Texas","Martin","oats",21.7462202145339
48317,"Texas","Martin","sesame",21.3398593465169
48317,"Texas","Martin","sunflower",4.39994622064907
48317,"Texas","Martin","wheat",301.080877434632
48319,"Texas","Mason","barley",0
48319,"Texas","Mason","corn",0
48319,"Texas","Mason","oats",0
48319,"Texas","Mason","peanuts",0
48319,"Texas","Mason","sunflower",0
48319,"Texas","Mason","wheat",0
48321,"Texas","Matagorda","canola",0
48321,"Texas","Matagorda","corn",0
48321,"Texas","Matagorda","cotton",0
48321,"Texas","Matagorda","grain sorghum",0
48321,"Texas","Matagorda","rice_long grain",0
48321,"Texas","Matagorda","rice_short/medium grain",0
48321,"Texas","Matagorda","sesame",0
48321,"Texas","Matagorda","soybeans",0
48321,"Texas","Matagorda","wheat",0
48323,"Texas","Maverick","corn",650.2430994372
48307,"Texas","McCulloch","barley",0
48307,"Texas","McCulloch","canola",0
48307,"Texas","McCulloch","corn",0
48307,"Texas","McCulloch","cotton",0
48307,"Texas","McCulloch","grain sorghum",0
48307,"Texas","McCulloch","oats",0
48307,"Texas","McCulloch","sesame",0
48307,"Texas","McCulloch","sunflower",0
48307,"Texas","McCulloch","wheat",0
48309,"Texas","McLennan","corn",0
48309,"Texas","McLennan","cotton",0
48309,"Texas","McLennan","grain sorghum",0
48309,"Texas","McLennan","oats",0
48309,"Texas","McLennan","sesame",0
48309,"Texas","McLennan","soybeans",0
48309,"Texas","McLennan","sunflower",0
48309,"Texas","McLennan","wheat",0
48311,"Texas","McMullen","grain sorghum",0
48325,"Texas","Medina","canola",0
48325,"Texas","Medina","corn",0
48325,"Texas","Medina","cotton",0
48325,"Texas","Medina","grain sorghum",0
48325,"Texas","Medina","oats",0
48325,"Texas","Medina","peanuts",0
48325,"Texas","Medina","sesame",0
48325,"Texas","Medina","sunflower",0
48325,"Texas","Medina","wheat",0
48327,"Texas","Menard","corn",0
48327,"Texas","Menard","grain sorghum",0
48327,"Texas","Menard","oats",0
48327,"Texas","Menard","wheat",0
48329,"Texas","Midland","barley",0
48329,"Texas","Midland","cotton",0
48329,"Texas","Midland","grain sorghum",0
48329,"Texas","Midland","wheat",0
48331,"Texas","Milam","corn",0
48331,"Texas","Milam","cotton",0
48331,"Texas","Milam","grain sorghum",0
48331,"Texas","Milam","oats",0
48331,"Texas","Milam","rapeseed",0
48331,"Texas","Milam","sesame",0
48331,"Texas","Milam","soybeans",0
48331,"Texas","Milam","wheat",0
48333,"Texas","Mills","barley",0.476821633547686
48333,"Texas","Mills","corn",0.300088298644924
48333,"Texas","Mills","grain sorghum",0.505868521034373
48333,"Texas","Mills","oats",35.8998970174823
48333,"Texas","Mills","wheat",16.5281882435364
48335,"Texas","Mitchell","corn",54.9028536962062
48335,"Texas","Mitchell","cotton",17323.4063379769
48335,"Texas","Mitchell","grain sorghum",225.108556602604
48335,"Texas","Mitchell","oats",38.787477475567
48335,"Texas","Mitchell","sunflower",175.456339356287
48335,"Texas","Mitchell","wheat",8470.91803975482
48337,"Texas","Montague","grain sorghum",0
48337,"Texas","Montague","oats",0
48337,"Texas","Montague","soybeans",0
48337,"Texas","Montague","wheat",0
48341,"Texas","Moore","barley",50.4268605681185
48341,"Texas","Moore","canola",16.9220286435747
48341,"Texas","Moore","corn",6555.67885000957
48341,"Texas","Moore","cotton",5032.22337937574
48341,"Texas","Moore","grain sorghum",2228.82619260774
48341,"Texas","Moore","oats",72.0531150758902
48341,"Texas","Moore","soybeans",210.029745008742
48341,"Texas","Moore","sunflower",33.5127288712441
48341,"Texas","Moore","wheat",14337.7499910274
48345,"Texas","Motley","cotton",0
48345,"Texas","Motley","grain sorghum",0
48345,"Texas","Motley","oats",0
48345,"Texas","Motley","peanuts",0
48345,"Texas","Motley","wheat",0
48349,"Texas","Navarro","corn",0
48349,"Texas","Navarro","cotton",0
48349,"Texas","Navarro","grain sorghum",0
48349,"Texas","Navarro","oats",0
48349,"Texas","Navarro","sesame",0
48349,"Texas","Navarro","soybeans",0
48349,"Texas","Navarro","sunflower",0
48349,"Texas","Navarro","wheat",0
48353,"Texas","Nolan","corn",13.7064607005384
48353,"Texas","Nolan","cotton",4618.7953866864
48353,"Texas","Nolan","grain sorghum",15.5139467680407
48353,"Texas","Nolan","oats",5.87826886260276
48353,"Texas","Nolan","sunflower",16.0020238761861
48353,"Texas","Nolan","wheat",1193.92838385257
48355,"Texas","Nueces","canola",0
48355,"Texas","Nueces","corn",0
48355,"Texas","Nueces","cotton",0
48355,"Texas","Nueces","dry peas",0
48355,"Texas","Nueces","grain sorghum",0
48355,"Texas","Nueces","oats",0
48355,"Texas","Nueces","rapeseed",0
48355,"Texas","Nueces","sesame",0
48355,"Texas","Nueces","soybeans",0
48355,"Texas","Nueces","sunflower",0
48355,"Texas","Nueces","wheat",0
48357,"Texas","Ochiltree","barley",7.69054662594098
48357,"Texas","Ochiltree","corn",486.641901283793
48357,"Texas","Ochiltree","cotton",584.416872026945
48357,"Texas","Ochiltree","grain sorghum",777.291599725189
48357,"Texas","Ochiltree","oats",8.19712564674515
48357,"Texas","Ochiltree","sesame",1.75465431003888
48357,"Texas","Ochiltree","soybeans",29.60205035995
48357,"Texas","Ochiltree","wheat",2730.7649639149
48359,"Texas","Oldham","corn",204.112961165751
48359,"Texas","Oldham","cotton",1127.7259961791
48359,"Texas","Oldham","grain sorghum",1425.88411234987
48359,"Texas","Oldham","oats",10.8986004823297
48359,"Texas","Oldham","wheat",10974.7955929186
48363,"Texas","Palo Pinto","grain sorghum",0
48363,"Texas","Palo Pinto","oats",0
48363,"Texas","Palo Pinto","wheat",0
48367,"Texas","Parker","oats",0
48367,"Texas","Parker","wheat",0
48369,"Texas","Parmer","barley",3008.24104543956
48369,"Texas","Parmer","canola",90.8429199251798
48369,"Texas","Parmer","corn",16594.6126744555
48369,"Texas","Parmer","cotton",20142.3541193441
48369,"Texas","Parmer","dry peas",188.340994421284
48369,"Texas","Parmer","grain sorghum",6408.45532689827
48369,"Texas","Parmer","oats",970.54557610212
48369,"Texas","Parmer","soybeans",188.59042764555
48369,"Texas","Parmer","sunflower",119.944063076914
48369,"Texas","Parmer","wheat",112026.664971691
48371,"Texas","Pecos","barley",70.7708570794625
48371,"Texas","Pecos","corn",63.6469128518118
48371,"Texas","Pecos","cotton",888.672478350319
48371,"Texas","Pecos","grain sorghum",60.6568240119744
48371,"Texas","Pecos","oats",193.115553562751
48371,"Texas","Pecos","wheat",1195.48257319728
48375,"Texas","Potter","corn",0
48375,"Texas","Potter","cotton",0
48375,"Texas","Potter","grain sorghum",0
48375,"Texas","Potter","sesame",0
48375,"Texas","Potter","soybeans",0
48375,"Texas","Potter","sunflower",0
48375,"Texas","Potter","wheat",0
48377,"Texas","Presidio","wheat",88.2199187901967
48381,"Texas","Randall","barley",34.1992335570019
48381,"Texas","Randall","corn",1191.6977802892
48381,"Texas","Randall","cotton",3995.11785427026
48381,"Texas","Randall","grain sorghum",5572.34059343532
48381,"Texas","Randall","oats",55.3735100298466
48381,"Texas","Randall","soybeans",62.5693103394612
48381,"Texas","Randall","wheat",59440.3152320951
48383,"Texas","Reagan","barley",9.16481079850461
48383,"Texas","Reagan","corn",100.567920580111
48383,"Texas","Reagan","cotton",11111.9681960424
48383,"Texas","Reagan","grain sorghum",177.896448022072
48383,"Texas","Reagan","sesame",7.7554761583877
48383,"Texas","Reagan","wheat",1313.19300515109
48387,"Texas","Red River","canola",99.1821079177925
48387,"Texas","Red River","corn",2668.05057718999
48387,"Texas","Red River","cotton",1997.74511557695
48387,"Texas","Red River","grain sorghum",250.153097800092
48387,"Texas","Red River","oats",88.4364126067165
48387,"Texas","Red River","soybeans",4700.02515756612
48387,"Texas","Red River","wheat",3994.44455646302
48389,"Texas","Reeves","barley",255.357208689004
48389,"Texas","Reeves","corn",116.577809869995
48389,"Texas","Reeves","cotton",2711.57482938645
48389,"Texas","Reeves","grain sorghum",248.312337993021
48389,"Texas","Reeves","oats",337.180399023681
48389,"Texas","Reeves","wheat",3087.38156679854
48391,"Texas","Refugio","corn",0
48391,"Texas","Refugio","cotton",0
48391,"Texas","Refugio","grain sorghum",0
48391,"Texas","Refugio","oats",0
48391,"Texas","Refugio","sesame",0
48391,"Texas","Refugio","soybeans",0
48391,"Texas","Refugio","wheat",0
48393,"Texas","Roberts","corn",0
48393,"Texas","Roberts","cotton",0
48393,"Texas","Roberts","grain sorghum",0
48393,"Texas","Roberts","oats",0
48393,"Texas","Roberts","wheat",0
48395,"Texas","Robertson","corn",1411.50825265798
48395,"Texas","Robertson","cotton",2746.50813291999
48395,"Texas","Robertson","grain sorghum",730.555394797563
48395,"Texas","Robertson","oats",171.415704355245
48395,"Texas","Robertson","soybeans",174.260593281362
48395,"Texas","Robertson","wheat",536.925322046917
48397,"Texas","Rockwall","corn",0
48397,"Texas","Rockwall","cotton",0
48397,"Texas","Rockwall","grain sorghum",0
48397,"Texas","Rockwall","soybeans",0
48397,"Texas","Rockwall","wheat",0
48399,"Texas","Runnels","barley",34.2141845183297
48399,"Texas","Runnels","corn",35.096798241273
48399,"Texas","Runnels","cotton",13120.5123897084
48399,"Texas","Runnels","grain sorghum",588.721692753462
48399,"Texas","Runnels","oats",311.469221724979
48399,"Texas","Runnels","sesame",78.8328887639689
48399,"Texas","Runnels","sunflower",104.875546674915
48399,"Texas","Runnels","wheat",19932.5772657904
48407,"Texas","San Jacinto","corn",128.319811494086
48407,"Texas","San Jacinto","peanuts",256.639622988172
48407,"Texas","San Jacinto","sesame",25.6639622988172
48407,"Texas","San Jacinto","soybeans",461.951321378709
48409,"Texas","San Patricio","corn",0
48409,"Texas","San Patricio","cotton",0
48409,"Texas","San Patricio","grain sorghum",0
48409,"Texas","San Patricio","sesame",0
48409,"Texas","San Patricio","soybeans",0
48409,"Texas","San Patricio","sunflower",0
48409,"Texas","San Patricio","wheat",0
48411,"Texas","San Saba","barley",190.199420437519
48411,"Texas","San Saba","canola",6.1759560157474
48411,"Texas","San Saba","cotton",64.8878320658063
48411,"Texas","San Saba","grain sorghum",38.7895948414914
48411,"Texas","San Saba","oats",1187.81925171576
48411,"Texas","San Saba","sesame",21.5950885912433
48411,"Texas","San Saba","wheat",6341.58787876712
48413,"Texas","Schleicher","barley",10.450916596524
48413,"Texas","Schleicher","corn",25.2145690526242
48413,"Texas","Schleicher","cotton",687.664696833706
48413,"Texas","Schleicher","dry peas",8.86569370547159
48413,"Texas","Schleicher","grain sorghum",52.1274342282832
48413,"Texas","Schleicher","oats",72.1411272300831
48413,"Texas","Schleicher","wheat",200.791342628747
48415,"Texas","Scurry","corn",518.921112547367
48415,"Texas","Scurry","cotton",21531.7827807832
48415,"Texas","Scurry","grain sorghum",176.974055645132
48415,"Texas","Scurry","oats",33.1367705333524
48415,"Texas","Scurry","sunflower",794.062734375917
48415,"Texas","Scurry","wheat",4596.55252214146
48417,"Texas","Shackelford","barley",4.26236206274496
48417,"Texas","Shackelford","cotton",196.001909813339
48417,"Texas","Shackelford","grain sorghum",2.64166712817291
48417,"Texas","Shackelford","oats",38.3787122024616
48417,"Texas","Shackelford","sesame",52.761329903916
48417,"Texas","Shackelford","wheat",1749.93754739781
48421,"Texas","Sherman","barley",175.208689335955
48421,"Texas","Sherman","canola",17.3883164596607
48421,"Texas","Sherman","corn",13280.1402398109
48421,"Texas","Sherman","cotton",5694.09394081938
48421,"Texas","Sherman","dry peas",86.327195116729
48421,"Texas","Sherman","grain sorghum",4672.16225153049
48421,"Texas","Sherman","oats",258.38503233934
48421,"Texas","Sherman","sesame",170.069773040723
48421,"Texas","Sherman","soybeans",87.2157826732445
48421,"Texas","Sherman","sunflower",121.5301538873
48421,"Texas","Sherman","wheat",18721.610833828
48425,"Texas","Somervell","corn",0
48425,"Texas","Somervell","cotton",0
48425,"Texas","Somervell","oats",0
48427,"Texas","Starr","canola",0
48427,"Texas","Starr","corn",0
48427,"Texas","Starr","cotton",0
48427,"Texas","Starr","grain sorghum",0
48427,"Texas","Starr","peanuts",0
48427,"Texas","Starr","sesame",0
48427,"Texas","Starr","sunflower",0
48427,"Texas","Starr","wheat",0
48429,"Texas","Stephens","barley",0
48429,"Texas","Stephens","grain sorghum",0
48429,"Texas","Stephens","oats",0
48429,"Texas","Stephens","sesame",0
48429,"Texas","Stephens","wheat",0
48431,"Texas","Sterling","barley",169.413502588404
48431,"Texas","Sterling","oats",338.827005176807
48431,"Texas","Sterling","wheat",1973.85586278379
48433,"Texas","Stonewall","cotton",0
48433,"Texas","Stonewall","grain sorghum",0
48433,"Texas","Stonewall","oats",0
48433,"Texas","Stonewall","sunflower",0
48433,"Texas","Stonewall","wheat",0
48435,"Texas","Sutton","oats",0
48435,"Texas","Sutton","wheat",0
48437,"Texas","Swisher","barley",70.4203400344421
48437,"Texas","Swisher","corn",2750.44437767327
48437,"Texas","Swisher","cotton",46130.7798444116
48437,"Texas","Swisher","grain sorghum",10959.5316696823
48437,"Texas","Swisher","oats",228.911555182954
48437,"Texas","Swisher","sunflower",109.856609155103
48437,"Texas","Swisher","wheat",107201.382676211
48439,"Texas","Tarrant","corn",0
48439,"Texas","Tarrant","grain sorghum",0
48439,"Texas","Tarrant","wheat",0
48441,"Texas","Taylor","barley",196.627697528791
48441,"Texas","Taylor","cotton",2968.58816130707
48441,"Texas","Taylor","grain sorghum",105.531557519012
48441,"Texas","Taylor","oats",62.1164756541175
48441,"Texas","Taylor","sesame",53.7493218047476
48441,"Texas","Taylor","wheat",7392.97280188816
48445,"Texas","Terry","barley",6.6753476212651
48445,"Texas","Terry","corn",426.90799844794
48445,"Texas","Terry","cotton",16887.9907478361
48445,"Texas","Terry","dry peas",61.2713902128037
48445,"Texas","Terry","grain sorghum",812.642283998594
48445,"Texas","Terry","oats",15.1473592832996
48445,"Texas","Terry","peanuts",1628.44422850968
48445,"Texas","Terry","sesame",11.9401170729826
48445,"Texas","Terry","soybeans",52.0915891797274
48445,"Texas","Terry","sunflower",52.1855582719676
48445,"Texas","Terry","wheat",2100.65254357669
48447,"Texas","Throckmorton","barley",36.5677217709027
48447,"Texas","Throckmorton","cotton",276.674736427726
48447,"Texas","Throckmorton","grain sorghum",31.6805202627761
48447,"Texas","Throckmorton","oats",26.2821990294414
48447,"Texas","Throckmorton","wheat",9135.89222206736
48449,"Texas","Titus","corn",1278.82959519131
48449,"Texas","Titus","grain sorghum",309.682366338374
48449,"Texas","Titus","soybeans",502.226785220977
48451,"Texas","Tom Green","barley",56.3712521464451
48451,"Texas","Tom Green","corn",1812.89339667749
48451,"Texas","Tom Green","cotton",28244.3695075012
48451,"Texas","Tom Green","dry peas",1.53629599777333
48451,"Texas","Tom Green","grain sorghum",3430.14161016105
48451,"Texas","Tom Green","oats",240.403239322084
48451,"Texas","Tom Green","sesame",78.9517807935871
48451,"Texas","Tom Green","sunflower",4.80007149526512
48451,"Texas","Tom Green","wheat",15721.2073620579
48453,"Texas","Travis","corn",0
48453,"Texas","Travis","cotton",0
48453,"Texas","Travis","grain sorghum",0
48453,"Texas","Travis","oats",0
48453,"Texas","Travis","soybeans",0
48453,"Texas","Travis","wheat",0
48461,"Texas","Upton","barley",12.2645907703425
48461,"Texas","Upton","corn",3.05258290494023
48461,"Texas","Upton","cotton",730.392645734074
48461,"Texas","Upton","grain sorghum",8.08211721016752
48461,"Texas","Upton","wheat",357.943536817586
48463,"Texas","Uvalde","corn",0
48463,"Texas","Uvalde","cotton",0
48463,"Texas","Uvalde","grain sorghum",0
48463,"Texas","Uvalde","oats",0
48463,"Texas","Uvalde","sesame",0
48463,"Texas","Uvalde","sunflower",0
48463,"Texas","Uvalde","wheat",0
48465,"Texas","Val Verde","corn",506.088944730214
48465,"Texas","Val Verde","grain sorghum",243.745156215832
48465,"Texas","Val Verde","oats",11.6336188175524
48465,"Texas","Val Verde","wheat",7.70016724340927
48467,"Texas","Van Zandt","grain sorghum",1400.95320123326
48467,"Texas","Van Zandt","wheat",273.547347521138
48469,"Texas","Victoria","corn",0
48469,"Texas","Victoria","cotton",0
48469,"Texas","Victoria","grain sorghum",0
48469,"Texas","Victoria","oats",0
48469,"Texas","Victoria","rice_long grain",0
48469,"Texas","Victoria","soybeans",0
48469,"Texas","Victoria","wheat",0
48471,"Texas","Walker","corn",460.976363397425
48471,"Texas","Walker","cotton",683.526430991457
48471,"Texas","Walker","dry peas",1.91528365554656
48471,"Texas","Walker","grain sorghum",217.95486011584
48473,"Texas","Waller","corn",0
48473,"Texas","Waller","cotton",0
48473,"Texas","Waller","grain sorghum",0
48473,"Texas","Waller","oats",0
48473,"Texas","Waller","peanuts",0
48473,"Texas","Waller","rice_long grain",0
48473,"Texas","Waller","rice_short/medium grain",0
48473,"Texas","Waller","soybeans",0
48473,"Texas","Waller","wheat",0
48475,"Texas","Ward","oats",190.809731712403
48477,"Texas","Washington","corn",1731.44189601496
48477,"Texas","Washington","cotton",4016.44223965074
48477,"Texas","Washington","grain sorghum",2135.20053163405
48477,"Texas","Washington","oats",989.550081339703
48477,"Texas","Washington","wheat",825.471638310759
48481,"Texas","Wharton","canola",0
48481,"Texas","Wharton","corn",0
48481,"Texas","Wharton","cotton",0
48481,"Texas","Wharton","grain sorghum",0
48481,"Texas","Wharton","oats",0
48481,"Texas","Wharton","rice_long grain",0
48481,"Texas","Wharton","sesame",0
48481,"Texas","Wharton","soybeans",0
48481,"Texas","Wharton","wheat",0
48483,"Texas","Wheeler","corn",0
48483,"Texas","Wheeler","cotton",0
48483,"Texas","Wheeler","grain sorghum",0
48483,"Texas","Wheeler","oats",0
48483,"Texas","Wheeler","peanuts",0
48483,"Texas","Wheeler","soybeans",0
48483,"Texas","Wheeler","wheat",0
48485,"Texas","Wichita","barley",70.0407619738847
48485,"Texas","Wichita","canola",18.5215344264799
48485,"Texas","Wichita","corn",1043.97985438882
48485,"Texas","Wichita","cotton",3971.86655527583
48485,"Texas","Wichita","grain sorghum",532.357997010434
48485,"Texas","Wichita","oats",180.185901040534
48485,"Texas","Wichita","sesame",140.722860317092
48485,"Texas","Wichita","wheat",28805.2697188646
48487,"Texas","Wilbarger","barley",27.1439113769268
48487,"Texas","Wilbarger","canola",51.6592488117015
48487,"Texas","Wilbarger","corn",173.40631345152
48487,"Texas","Wilbarger","cotton",5443.65716247032
48487,"Texas","Wilbarger","dry peas",10.8363918043643
48487,"Texas","Wilbarger","grain sorghum",295.521986596593
48487,"Texas","Wilbarger","oats",185.374940394163
48487,"Texas","Wilbarger","peanuts",177.065707329084
48487,"Texas","Wilbarger","sesame",85.9124728995232
48487,"Texas","Wilbarger","soybeans",8.78443733881125
48487,"Texas","Wilbarger","sunflower",4.05435569483596
48487,"Texas","Wilbarger","wheat",31520.4961129101
48489,"Texas","Willacy","canola",15.6366127494141
48489,"Texas","Willacy","corn",685.730546472039
48489,"Texas","Willacy","cotton",3289.73882765662
48489,"Texas","Willacy","grain sorghum",3891.66308902636
48489,"Texas","Willacy","peanuts",0.0131958249875502
48489,"Texas","Willacy","rapeseed",7.27089956814018
48489,"Texas","Willacy","sesame",293.781202890662
48489,"Texas","Willacy","soybeans",1.77263915666091
48489,"Texas","Willacy","sunflower",1.85445327158373
48491,"Texas","Williamson","corn",0
48491,"Texas","Williamson","cotton",0
48491,"Texas","Williamson","grain sorghum",0
48491,"Texas","Williamson","oats",0
48491,"Texas","Williamson","rapeseed",0
48491,"Texas","Williamson","sesame",0
48491,"Texas","Williamson","soybeans",0
48491,"Texas","Williamson","sunflower",0
48491,"Texas","Williamson","wheat",0
48493,"Texas","Wilson","corn",0
48493,"Texas","Wilson","cotton",0
48493,"Texas","Wilson","dry peas",0
48493,"Texas","Wilson","grain sorghum",0
48493,"Texas","Wilson","oats",0
48493,"Texas","Wilson","peanuts",0
48493,"Texas","Wilson","sesame",0
48493,"Texas","Wilson","soybeans",0
48493,"Texas","Wilson","sunflower",0
48493,"Texas","Wilson","wheat",0
48495,"Texas","Winkler","cotton",449.579385804005
48497,"Texas","Wise","corn",0
48497,"Texas","Wise","grain sorghum",0
48497,"Texas","Wise","oats",0
48497,"Texas","Wise","wheat",0
48501,"Texas","Yoakum","barley",0
48501,"Texas","Yoakum","corn",0
48501,"Texas","Yoakum","cotton",0
48501,"Texas","Yoakum","dry peas",0
48501,"Texas","Yoakum","grain sorghum",0
48501,"Texas","Yoakum","oats",0
48501,"Texas","Yoakum","peanuts",0
48501,"Texas","Yoakum","sunflower",0
48501,"Texas","Yoakum","wheat",0
48503,"Texas","Young","cotton",201.187816678431
48503,"Texas","Young","grain sorghum",102.144661608249
48503,"Texas","Young","oats",23.6128225640351
48503,"Texas","Young","sesame",6.97446067814169
48503,"Texas","Young","wheat",7137.12148273267
48505,"Texas","Zapata","cotton",936.332137953315
48505,"Texas","Zapata","grain sorghum",229.92503635466
48505,"Texas","Zapata","sesame",343.823406790194
48507,"Texas","Zavala","corn",0
48507,"Texas","Zavala","cotton",0
48507,"Texas","Zavala","dry peas",0
48507,"Texas","Zavala","grain sorghum",0
48507,"Texas","Zavala","oats",0
48507,"Texas","Zavala","sesame",0
48507,"Texas","Zavala","sunflower",0
48507,"Texas","Zavala","wheat",0
49001,"Utah","Beaver","barley",218.58112958556
49001,"Utah","Beaver","corn",11835.4055835656
49001,"Utah","Beaver","oats",1156.92345391655
49001,"Utah","Beaver","wheat",2012.10693056128
49003,"Utah","Box Elder","barley",3910.48830513597
49003,"Utah","Box Elder","canola",216.407480404727
49003,"Utah","Box Elder","corn",17875.3990725506
49003,"Utah","Box Elder","dry peas",1007.20610838428
49003,"Utah","Box Elder","oats",2485.47970267304
49003,"Utah","Box Elder","safflower",6075.20745411304
49003,"Utah","Box Elder","wheat",60177.1853739684
49005,"Utah","Cache","barley",1260.57733604891
49005,"Utah","Cache","canola",26.8248852639032
49005,"Utah","Cache","chickpeas_large",23.1851538789148
49005,"Utah","Cache","corn",1824.39316324138
49005,"Utah","Cache","flaxseed",5.789792815859
49005,"Utah","Cache","grain sorghum",3.30087477478573
49005,"Utah","Cache","lentils",18.1369482131798
49005,"Utah","Cache","mustard",90.0183952397658
49005,"Utah","Cache","oats",302.092941474533
49005,"Utah","Cache","safflower",1458.72292690818
49005,"Utah","Cache","soybeans",5.14282569043691
49005,"Utah","Cache","wheat",4198.42863693155
49007,"Utah","Carbon","corn",268.623813072594
49007,"Utah","Carbon","oats",2094.98388926002
49007,"Utah","Carbon","wheat",222.186306717263
49011,"Utah","Davis","barley",0
49011,"Utah","Davis","corn",0
49011,"Utah","Davis","oats",0
49011,"Utah","Davis","wheat",0
49013,"Utah","Duchesne","barley",240.992681811893
49013,"Utah","Duchesne","corn",19307.170900522
49013,"Utah","Duchesne","oats",1853.52135276958
49013,"Utah","Duchesne","soybeans",298.422923860452
49013,"Utah","Duchesne","wheat",448.457278295871
49015,"Utah","Emery","barley",1135.1876124933
49015,"Utah","Emery","corn",9436.15787467552
49015,"Utah","Emery","oats",4288.1591745459
49015,"Utah","Emery","safflower",6.86570469441404
49015,"Utah","Emery","sunflower",8.33216589127917
49015,"Utah","Emery","wheat",1914.90503086649
49017,"Utah","Garfield","oats",1032.09558478447
49021,"Utah","Iron","corn",19689.1545205607
49021,"Utah","Iron","oats",579.48867640018
49021,"Utah","Iron","wheat",278.830065912769
49023,"Utah","Juab","barley",0
49023,"Utah","Juab","corn",0
49023,"Utah","Juab","flaxseed",0
49023,"Utah","Juab","oats",0
49023,"Utah","Juab","safflower",0
49023,"Utah","Juab","wheat",0
49025,"Utah","Kane","oats",563.566214463866
49027,"Utah","Millard","barley",3514.6726068054
49027,"Utah","Millard","corn",15604.2647702295
49027,"Utah","Millard","dry peas",1191.27053138456
49027,"Utah","Millard","oats",660.996335802452
49027,"Utah","Millard","safflower",8.01158670903874
49027,"Utah","Millard","sunflower",109.915974662326
49027,"Utah","Millard","wheat",8877.11960226938
49029,"Utah","Morgan","barley",777.198725969436
49029,"Utah","Morgan","corn",355.894657056375
49029,"Utah","Morgan","grain sorghum",9.54131500680738
49029,"Utah","Morgan","oats",16.0953326638936
49029,"Utah","Morgan","wheat",9.81486877669379
49031,"Utah","Piute","barley",369.590621612429
49031,"Utah","Piute","corn",235.556873699969
49031,"Utah","Piute","mustard",65.311517661729
49031,"Utah","Piute","oats",1909.44753035831
49031,"Utah","Piute","wheat",966.846308540701
49033,"Utah","Rich","barley",942.105107072756
49033,"Utah","Rich","oats",2763.63688523083
49035,"Utah","Salt Lake","wheat",0
49037,"Utah","San Juan","corn",0
49037,"Utah","San Juan","oats",0
49037,"Utah","San Juan","safflower",0
49037,"Utah","San Juan","sunflower",0
49037,"Utah","San Juan","wheat",0
49039,"Utah","Sanpete","barley",3194.40732020163
49039,"Utah","Sanpete","corn",11171.5627067016
49039,"Utah","Sanpete","oats",4196.79497432119
49039,"Utah","Sanpete","safflower",852.308496998907
49039,"Utah","Sanpete","sunflower",98.9608066501941
49039,"Utah","Sanpete","wheat",3687.91539527166
49041,"Utah","Sevier","barley",418.876394106298
49041,"Utah","Sevier","corn",6413.67577908236
49041,"Utah","Sevier","oats",1171.31821181434
49041,"Utah","Sevier","wheat",1578.32361499455
49043,"Utah","Summit","barley",309.639775922899
49043,"Utah","Summit","oats",769.053299214885
49045,"Utah","Tooele","barley",27.9823161037335
49045,"Utah","Tooele","corn",724.991899473841
49045,"Utah","Tooele","oats",24.3353006903074
49045,"Utah","Tooele","wheat",112.94268866201
49047,"Utah","Uintah","barley",367.263437032231
49047,"Utah","Uintah","corn",8620.49135854578
49047,"Utah","Uintah","grain sorghum",200.001546502576
49047,"Utah","Uintah","oats",1176.11518814536
49047,"Utah","Uintah","wheat",967.095591274893
49049,"Utah","Utah","barley",0
49049,"Utah","Utah","corn",0
49049,"Utah","Utah","grain sorghum",0
49049,"Utah","Utah","oats",0
49049,"Utah","Utah","safflower",0
49049,"Utah","Utah","wheat",0
49053,"Utah","Washington","barley",17.4449246189893
49053,"Utah","Washington","corn",133.037571839865
49053,"Utah","Washington","grain sorghum",290.313491039568
49053,"Utah","Washington","wheat",101.104828835954
49055,"Utah","Wayne","barley",1668.10452548518
49055,"Utah","Wayne","corn",278.20044118297
49055,"Utah","Wayne","oats",2974.92704040948
49055,"Utah","Wayne","wheat",599.812808486967
49057,"Utah","Weber","barley",47.6791758611381
49057,"Utah","Weber","corn",1182.85854084482
49057,"Utah","Weber","oats",63.6732723026096
49057,"Utah","Weber","safflower",6.12899235492272
49057,"Utah","Weber","sunflower",3.80321609582296
49057,"Utah","Weber","wheat",497.053463850903
50001,"Vermont","Addison","barley",35.5787804178126
50001,"Vermont","Addison","corn",8669.74760217355
50001,"Vermont","Addison","oats",7.05416014186205
50001,"Vermont","Addison","soybeans",1521.5100714894
50001,"Vermont","Addison","wheat",152.413129665258
50003,"Vermont","Bennington","barley",70.3745188849466
50003,"Vermont","Bennington","corn",1377.68940424621
50003,"Vermont","Bennington","oats",43.9073008021769
50003,"Vermont","Bennington","soybeans",51.0871109962436
50005,"Vermont","Caledonia","barley",49.6698206666909
50005,"Vermont","Caledonia","corn",2477.15292627822
50005,"Vermont","Caledonia","oats",7.03903646174662
50005,"Vermont","Caledonia","soybeans",60.5927198522252
50005,"Vermont","Caledonia","wheat",39.0726008442107
50007,"Vermont","Chittenden","barley",76.5064809910223
50007,"Vermont","Chittenden","corn",2009.84024473982
50007,"Vermont","Chittenden","oats",12.2368128160596
50007,"Vermont","Chittenden","soybeans",515.790240486375
50007,"Vermont","Chittenden","sunflower",7.63315750904691
50007,"Vermont","Chittenden","wheat",136.806775256827
50009,"Vermont","Essex","barley",10.8974725383302
50009,"Vermont","Essex","corn",668.83070050578
50009,"Vermont","Essex","oats",14.8373279944957
50009,"Vermont","Essex","soybeans",17.4673910782658
50011,"Vermont","Franklin","barley",161.910044469268
50011,"Vermont","Franklin","corn",50378.546612252
50011,"Vermont","Franklin","dry peas",0.674110239966422
50011,"Vermont","Franklin","oats",40.62075954331
50011,"Vermont","Franklin","soybeans",2623.53818444745
50011,"Vermont","Franklin","sunflower",65.1583722780877
50011,"Vermont","Franklin","wheat",27.1217019879824
50013,"Vermont","Grand Isle","barley",5.70764913765234
50013,"Vermont","Grand Isle","corn",616.530170070834
50013,"Vermont","Grand Isle","oats",6.64738339775108
50013,"Vermont","Grand Isle","soybeans",58.8210338408498
50013,"Vermont","Grand Isle","wheat",5.97473150631198
50015,"Vermont","Lamoille","barley",0
50015,"Vermont","Lamoille","corn",0
50015,"Vermont","Lamoille","oats",0
50015,"Vermont","Lamoille","soybeans",0
50017,"Vermont","Orange","corn",1057.81323390881
50017,"Vermont","Orange","soybeans",0.635072849715943
50017,"Vermont","Orange","sunflower",2.01566600127234
50017,"Vermont","Orange","wheat",3.57573626253107
50019,"Vermont","Orleans","barley",38.9986510112096
50019,"Vermont","Orleans","corn",4926.98041687227
50019,"Vermont","Orleans","soybeans",0.456429622267961
50021,"Vermont","Rutland","barley",9.24876616900902
50021,"Vermont","Rutland","corn",2665.18741851376
50021,"Vermont","Rutland","oats",16.5528199016371
50021,"Vermont","Rutland","soybeans",329.375750228191
50021,"Vermont","Rutland","sunflower",0.91056769596432
50021,"Vermont","Rutland","wheat",5.09917909740019
50023,"Vermont","Washington","barley",2.64602182024493
50023,"Vermont","Washington","corn",1178.64442484451
50023,"Vermont","Washington","wheat",0.290771628598344
50025,"Vermont","Windham","corn",427.208393802724
50025,"Vermont","Windham","oats",3.81970887145554
50027,"Vermont","Windsor","corn",101.849238074822
50027,"Vermont","Windsor","oats",1.00277749745841
50027,"Vermont","Windsor","soybeans",0.923264730098222
52001,"Virgin Islands of the U.S.","St. Croix","corn",27.7022829104715
51001,"Virginia","Accomack","corn",1366.77614782949
51001,"Virginia","Accomack","cotton",12.623576877708
51001,"Virginia","Accomack","grain sorghum",12.0511960630059
51001,"Virginia","Accomack","rapeseed",65.3288102818078
51001,"Virginia","Accomack","soybeans",1932.89221251615
51001,"Virginia","Accomack","sunflower",0.215992760264966
51001,"Virginia","Accomack","wheat",633.952670911115
51003,"Virginia","Albemarle, Charlottesville City","corn",1571.39430508065
51003,"Virginia","Albemarle, Charlottesville City","grain sorghum",206.757016579149
51003,"Virginia","Albemarle, Charlottesville City","oats",58.7405828290159
51003,"Virginia","Albemarle, Charlottesville City","soybeans",3110.85302839441
51003,"Virginia","Albemarle, Charlottesville City","wheat",891.543186807816
51005,"Virginia","Alleghany, Covington City","corn",319.352401441301
51005,"Virginia","Alleghany, Covington City","grain sorghum",116.766866987365
51005,"Virginia","Alleghany, Covington City","soybeans",58.3504933865043
51007,"Virginia","Amelia","barley",122.356931477767
51007,"Virginia","Amelia","corn",1821.97479192428
51007,"Virginia","Amelia","grain sorghum",36.28106565296
51007,"Virginia","Amelia","oats",38.5066307650497
51007,"Virginia","Amelia","soybeans",2935.28416533844
51007,"Virginia","Amelia","sunflower",4.65894182923814
51007,"Virginia","Amelia","wheat",558.068347576206
51009,"Virginia","Amherst","corn",164.032713351537
51009,"Virginia","Amherst","grain sorghum",69.6955573739277
51009,"Virginia","Amherst","soybeans",184.914578134809
51011,"Virginia","Appomattox","barley",7.47286994164732
51011,"Virginia","Appomattox","corn",686.83207517497
51011,"Virginia","Appomattox","grain sorghum",6.79523728139672
51011,"Virginia","Appomattox","soybeans",998.402529510492
51011,"Virginia","Appomattox","sunflower",1.21343522882084
51011,"Virginia","Appomattox","wheat",312.701312933187
51015,"Virginia","Augusta","barley",1289.21082428283
51015,"Virginia","Augusta","corn",13440.3870337041
51015,"Virginia","Augusta","grain sorghum",93.9548106206509
51015,"Virginia","Augusta","oats",60.1673213883178
51015,"Virginia","Augusta","soybeans",4137.42930258139
51015,"Virginia","Augusta","sunflower",37.7612549162209
51015,"Virginia","Augusta","wheat",1618.1649570189
51017,"Virginia","Bath","barley",124.133761696685
51017,"Virginia","Bath","corn",174.092491287676
51017,"Virginia","Bath","soybeans",151.704849040603
51017,"Virginia","Bath","wheat",77.4065616472628
51019,"Virginia","Bedford","barley",282.328773403559
51019,"Virginia","Bedford","corn",1477.24063084457
51019,"Virginia","Bedford","grain sorghum",129.554080265886
51019,"Virginia","Bedford","oats",324.05920850765
51019,"Virginia","Bedford","soybeans",494.882498269846
51019,"Virginia","Bedford","sunflower",16.1586198726344
51019,"Virginia","Bedford","wheat",1527.53937985323
51021,"Virginia","Bland","barley",28.6183218283054
51021,"Virginia","Bland","corn",1398.41170272817
51021,"Virginia","Bland","oats",24.1157775857694
51021,"Virginia","Bland","wheat",122.667164720905
51023,"Virginia","Botetourt","barley",29.5690946025977
51023,"Virginia","Botetourt","corn",1225.37790585135
51023,"Virginia","Botetourt","grain sorghum",4.92360233856762
51023,"Virginia","Botetourt","oats",9.15103020693777
51023,"Virginia","Botetourt","soybeans",596.397096294495
51023,"Virginia","Botetourt","sunflower",11.6371058807745
51023,"Virginia","Botetourt","wheat",283.736897557455
51025,"Virginia","Brunswick","barley",13.3992671698446
51025,"Virginia","Brunswick","canola",3.56923710637782
51025,"Virginia","Brunswick","corn",356.439698681323
51025,"Virginia","Brunswick","cotton",67.3421422639556
51025,"Virginia","Brunswick","grain sorghum",50.458948605784
51025,"Virginia","Brunswick","oats",79.3910675659152
51025,"Virginia","Brunswick","peanuts",10.5438774847423
51025,"Virginia","Brunswick","soybeans",3243.61033907544
51025,"Virginia","Brunswick","sunflower",0.351072502266671
51025,"Virginia","Brunswick","wheat",431.458275255675
51027,"Virginia","Buchanan","corn",73.2359197617155
51029,"Virginia","Buckingham","barley",13.5446212318058
51029,"Virginia","Buckingham","corn",518.927086933107
51029,"Virginia","Buckingham","oats",8.86414401077638
51029,"Virginia","Buckingham","soybeans",962.356918311809
51029,"Virginia","Buckingham","wheat",182.871810796616
51031,"Virginia","Campbell, Lynchburg City","barley",156.795980835423
51031,"Virginia","Campbell, Lynchburg City","corn",3172.18522749996
51031,"Virginia","Campbell, Lynchburg City","grain sorghum",29.6683478345532
51031,"Virginia","Campbell, Lynchburg City","oats",83.6034861189746
51031,"Virginia","Campbell, Lynchburg City","soybeans",6532.25323387658
51031,"Virginia","Campbell, Lynchburg City","sunflower",24.4044590086416
51031,"Virginia","Campbell, Lynchburg City","wheat",2556.06196741119
51033,"Virginia","Caroline","barley",61.3604320590352
51033,"Virginia","Caroline","canola",5.07820105003803
51033,"Virginia","Caroline","corn",1190.58034522187
51033,"Virginia","Caroline","grain sorghum",10.9072575244884
51033,"Virginia","Caroline","oats",3.35844681428104
51033,"Virginia","Caroline","rapeseed",13.6687413528578
51033,"Virginia","Caroline","soybeans",1732.78875070365
51033,"Virginia","Caroline","sunflower",0.511311991776914
51033,"Virginia","Caroline","wheat",480.740024237362
51035,"Virginia","Carroll, East Galax City","corn",3205.18458261495
51035,"Virginia","Carroll, East Galax City","oats",93.7593022452773
51035,"Virginia","Carroll, East Galax City","soybeans",156.912505612924
51035,"Virginia","Carroll, East Galax City","wheat",45.7714645273327
51036,"Virginia","Charles City","corn",0
51036,"Virginia","Charles City","cotton",0
51036,"Virginia","Charles City","grain sorghum",0
51036,"Virginia","Charles City","oats",0
51036,"Virginia","Charles City","rapeseed",0
51036,"Virginia","Charles City","soybeans",0
51036,"Virginia","Charles City","sunflower",0
51036,"Virginia","Charles City","wheat",0
51037,"Virginia","Charlotte","barley",15.563820283838
51037,"Virginia","Charlotte","corn",764.760199726956
51037,"Virginia","Charlotte","grain sorghum",32.4539209409394
51037,"Virginia","Charlotte","oats",32.9264511255617
51037,"Virginia","Charlotte","rapeseed",16.6625861237648
51037,"Virginia","Charlotte","sesame",20.9100313581631
51037,"Virginia","Charlotte","soybeans",3876.32991933227
51037,"Virginia","Charlotte","sunflower",3.59305560674113
51037,"Virginia","Charlotte","wheat",1122.05328402057
51550,"Virginia","Chesapeake","corn",4754.99380334581
51550,"Virginia","Chesapeake","oats",2.94778517054742
51550,"Virginia","Chesapeake","soybeans",13599.7371352932
51550,"Virginia","Chesapeake","sunflower",4.81141507165147
51550,"Virginia","Chesapeake","wheat",2128.74725026959
51041,"Virginia","Chesterfield","barley",0.214126815162007
51041,"Virginia","Chesterfield","corn",3.76657416581599
51041,"Virginia","Chesterfield","grain sorghum",0.45188871535837
51041,"Virginia","Chesterfield","oats",0.220064983292529
51041,"Virginia","Chesterfield","soybeans",7.60512363287342
51041,"Virginia","Chesterfield","sunflower",0.123466862119773
51041,"Virginia","Chesterfield","wheat",1.17408754751763
51043,"Virginia","Clarke","barley",24.3757171228222
51043,"Virginia","Clarke","corn",535.863638575819
51043,"Virginia","Clarke","dry peas",0.781356462960431
51043,"Virginia","Clarke","oats",2.14560484728934
51043,"Virginia","Clarke","soybeans",311.874681679634
51043,"Virginia","Clarke","wheat",69.2981921573754
51045,"Virginia","Craig","barley",45.6499583956729
51045,"Virginia","Craig","corn",450.407070278538
51045,"Virginia","Craig","soybeans",137.30278448077
51045,"Virginia","Craig","wheat",39.8822617291427
51047,"Virginia","Culpeper","barley",57.3326917461945
51047,"Virginia","Culpeper","corn",1315.44129387106
51047,"Virginia","Culpeper","grain sorghum",32.2692263586115
51047,"Virginia","Culpeper","oats",1.02689640562646
51047,"Virginia","Culpeper","rapeseed",11.8225511740383
51047,"Virginia","Culpeper","soybeans",1866.1605392048
51047,"Virginia","Culpeper","sunflower",1.10153600369075
51047,"Virginia","Culpeper","wheat",409.481743577892
51049,"Virginia","Cumberland","corn",1194.25875812673
51049,"Virginia","Cumberland","grain sorghum",5.30995561024956
51049,"Virginia","Cumberland","oats",16.0182398437581
51049,"Virginia","Cumberland","soybeans",1480.89637332835
51049,"Virginia","Cumberland","wheat",289.66653709893
51051,"Virginia","Dickenson","corn",81.4783526516497
51053,"Virginia","Dinwiddie, Petersburg City","barley",50.294699988906
51053,"Virginia","Dinwiddie, Petersburg City","corn",5550.88097868799
51053,"Virginia","Dinwiddie, Petersburg City","cotton",1128.21395177408
51053,"Virginia","Dinwiddie, Petersburg City","grain sorghum",30.7971873524806
51053,"Virginia","Dinwiddie, Petersburg City","oats",94.9661042923088
51053,"Virginia","Dinwiddie, Petersburg City","peanuts",405.986731267751
51053,"Virginia","Dinwiddie, Petersburg City","soybeans",14384.5427481064
51053,"Virginia","Dinwiddie, Petersburg City","sunflower",11.8265269156646
51053,"Virginia","Dinwiddie, Petersburg City","wheat",2351.89829961843
51057,"Virginia","Essex","barley",0
51057,"Virginia","Essex","corn",0
51057,"Virginia","Essex","grain sorghum",0
51057,"Virginia","Essex","oats",0
51057,"Virginia","Essex","soybeans",0
51057,"Virginia","Essex","sunflower",0
51057,"Virginia","Essex","wheat",0
51061,"Virginia","Fauquier","barley",62.3248752522453
51061,"Virginia","Fauquier","corn",1276.89767412947
51061,"Virginia","Fauquier","grain sorghum",6.86892704915997
51061,"Virginia","Fauquier","oats",11.8223048625973
51061,"Virginia","Fauquier","soybeans",1969.52356243988
51061,"Virginia","Fauquier","sunflower",0.607869650368139
51061,"Virginia","Fauquier","wheat",360.815923782443
51063,"Virginia","Floyd","barley",0.166373429517695
51063,"Virginia","Floyd","corn",762.172419546995
51063,"Virginia","Floyd","oats",17.2418330790172
51063,"Virginia","Floyd","wheat",176.646988790413
51065,"Virginia","Fluvanna","corn",774.918121413718
51065,"Virginia","Fluvanna","soybeans",875.184683336792
51065,"Virginia","Fluvanna","wheat",276.86645522851
51067,"Virginia","Franklin","barley",698.827671946652
51067,"Virginia","Franklin","canola",6.93246723548785
51067,"Virginia","Franklin","corn",6123.21472867884
51067,"Virginia","Franklin","grain sorghum",214.35313601448
51067,"Virginia","Franklin","oats",103.195395719617
51067,"Virginia","Franklin","soybeans",4153.47595030154
51067,"Virginia","Franklin","sunflower",17.6321995488552
51067,"Virginia","Franklin","wheat",1875.25487087698
51069,"Virginia","Frederick, Winchester City","barley",26.8155769690303
51069,"Virginia","Frederick, Winchester City","corn",2975.10040090852
51069,"Virginia","Frederick, Winchester City","grain sorghum",13.0768728538335
51069,"Virginia","Frederick, Winchester City","oats",118.634394687753
51069,"Virginia","Frederick, Winchester City","soybeans",1206.60739435907
51069,"Virginia","Frederick, Winchester City","wheat",324.667030703675
51071,"Virginia","Giles","corn",410.903938865736
51073,"Virginia","Gloucester","barley",0
51073,"Virginia","Gloucester","corn",0
51073,"Virginia","Gloucester","oats",0
51073,"Virginia","Gloucester","soybeans",0
51073,"Virginia","Gloucester","wheat",0
51075,"Virginia","Goochland","barley",1.46000662437799
51075,"Virginia","Goochland","corn",28.9539387707302
51075,"Virginia","Goochland","grain sorghum",1.0605945604191
51075,"Virginia","Goochland","soybeans",28.128967168119
51075,"Virginia","Goochland","sunflower",0.93990753937568
51075,"Virginia","Goochland","wheat",16.1228410003293
51077,"Virginia","Grayson, West Galax City","corn",3359.90892912137
51077,"Virginia","Grayson, West Galax City","oats",42.3117866037718
51077,"Virginia","Grayson, West Galax City","soybeans",29.0430836714988
51077,"Virginia","Grayson, West Galax City","wheat",49.0457957099576
51079,"Virginia","Greene","barley",0
51079,"Virginia","Greene","corn",0
51079,"Virginia","Greene","grain sorghum",0
51079,"Virginia","Greene","soybeans",0
51081,"Virginia","Greensville, Emporia City","corn",1662.90027517825
51081,"Virginia","Greensville, Emporia City","cotton",6583.49388286536
51081,"Virginia","Greensville, Emporia City","grain sorghum",159.403678031515
51081,"Virginia","Greensville, Emporia City","oats",96.2830092793154
51081,"Virginia","Greensville, Emporia City","peanuts",1756.27039814643
51081,"Virginia","Greensville, Emporia City","soybeans",7998.65081899833
51081,"Virginia","Greensville, Emporia City","sunflower",9.52258478598635
51081,"Virginia","Greensville, Emporia City","wheat",1159.53042570293
51083,"Virginia","Halifax","barley",0.629701024342858
51083,"Virginia","Halifax","canola",92.714660020145
51083,"Virginia","Halifax","corn",959.44018753385
51083,"Virginia","Halifax","grain sorghum",31.6288329510345
51083,"Virginia","Halifax","oats",22.0883376813866
51083,"Virginia","Halifax","soybeans",3842.10499453224
51083,"Virginia","Halifax","sunflower",25.1208728644511
51083,"Virginia","Halifax","wheat",1199.04851143283
51085,"Virginia","Hanover","barley",89.1151383978638
51085,"Virginia","Hanover","corn",1486.60782615763
51085,"Virginia","Hanover","grain sorghum",62.6107286849988
51085,"Virginia","Hanover","oats",1.8204128586224
51085,"Virginia","Hanover","rapeseed",43.506549772565
51085,"Virginia","Hanover","soybeans",2902.59093481536
51085,"Virginia","Hanover","sunflower",1.53233636659523
51085,"Virginia","Hanover","wheat",822.263634598377
51087,"Virginia","Henrico, Richmond City","corn",0
51087,"Virginia","Henrico, Richmond City","cotton",0
51087,"Virginia","Henrico, Richmond City","grain sorghum",0
51087,"Virginia","Henrico, Richmond City","oats",0
51087,"Virginia","Henrico, Richmond City","rapeseed",0
51087,"Virginia","Henrico, Richmond City","soybeans",0
51087,"Virginia","Henrico, Richmond City","sunflower",0
51087,"Virginia","Henrico, Richmond City","wheat",0
51089,"Virginia","Henry, Martinsville City","barley",41.0165387588768
51089,"Virginia","Henry, Martinsville City","corn",255.832195619061
51089,"Virginia","Henry, Martinsville City","grain sorghum",11.0109953919711
51089,"Virginia","Henry, Martinsville City","oats",28.4862893549294
51089,"Virginia","Henry, Martinsville City","soybeans",454.562570817703
51089,"Virginia","Henry, Martinsville City","sunflower",47.2307634721026
51089,"Virginia","Henry, Martinsville City","wheat",350.583188586233
51091,"Virginia","Highland","corn",895.165205044092
51091,"Virginia","Highland","mustard",2.92392408033948
51091,"Virginia","Highland","soybeans",152.044052177653
51093,"Virginia","Isle of Wight","barley",0
51093,"Virginia","Isle of Wight","corn",0
51093,"Virginia","Isle of Wight","cotton",0
51093,"Virginia","Isle of Wight","grain sorghum",0
51093,"Virginia","Isle of Wight","oats",0
51093,"Virginia","Isle of Wight","peanuts",0
51093,"Virginia","Isle of Wight","soybeans",0
51093,"Virginia","Isle of Wight","sunflower",0
51093,"Virginia","Isle of Wight","wheat",0
51095,"Virginia","James City, Williamsburg City","corn",905.08903619472
51095,"Virginia","James City, Williamsburg City","oats",105.147143890839
51095,"Virginia","James City, Williamsburg City","soybeans",985.426144822095
51095,"Virginia","James City, Williamsburg City","wheat",219.16920696295
51099,"Virginia","King George","barley",18.3098788301731
51099,"Virginia","King George","corn",264.077161687123
51099,"Virginia","King George","oats",0.991958867722074
51099,"Virginia","King George","soybeans",351.636032311337
51099,"Virginia","King George","wheat",53.9558349321752
51101,"Virginia","King William","barley",0
51101,"Virginia","King William","corn",0
51101,"Virginia","King William","grain sorghum",0
51101,"Virginia","King William","oats",0
51101,"Virginia","King William","soybeans",0
51101,"Virginia","King William","sunflower",0
51101,"Virginia","King William","wheat",0
51097,"Virginia","King and Queen","barley",0
51097,"Virginia","King and Queen","corn",0
51097,"Virginia","King and Queen","oats",0
51097,"Virginia","King and Queen","soybeans",0
51097,"Virginia","King and Queen","sunflower",0
51097,"Virginia","King and Queen","wheat",0
51103,"Virginia","Lancaster","barley",0
51103,"Virginia","Lancaster","canola",0
51103,"Virginia","Lancaster","corn",0
51103,"Virginia","Lancaster","oats",0
51103,"Virginia","Lancaster","rapeseed",0
51103,"Virginia","Lancaster","soybeans",0
51103,"Virginia","Lancaster","sunflower",0
51103,"Virginia","Lancaster","wheat",0
51105,"Virginia","Lee","corn",1430.29553321402
51105,"Virginia","Lee","oats",37.8573144855825
51105,"Virginia","Lee","soybeans",378.605278385362
51105,"Virginia","Lee","wheat",10.0417279802606
51107,"Virginia","Loudoun","barley",0
51107,"Virginia","Loudoun","corn",0
51107,"Virginia","Loudoun","grain sorghum",0
51107,"Virginia","Loudoun","oats",0
51107,"Virginia","Loudoun","soybeans",0
51107,"Virginia","Loudoun","wheat",0
51109,"Virginia","Louisa","barley",22.4589760341853
51109,"Virginia","Louisa","corn",534.921694812243
51109,"Virginia","Louisa","grain sorghum",37.3730502708683
51109,"Virginia","Louisa","oats",9.90387742279731
51109,"Virginia","Louisa","peanuts",0.194830375530439
51109,"Virginia","Louisa","soybeans",1037.1294594712
51109,"Virginia","Louisa","sunflower",0.800332621051509
51109,"Virginia","Louisa","wheat",269.551644749804
51111,"Virginia","Lunenburg","barley",2.9882149506566
51111,"Virginia","Lunenburg","corn",423.981010639567
51111,"Virginia","Lunenburg","grain sorghum",2.5236409075467
51111,"Virginia","Lunenburg","oats",5.47216862838989
51111,"Virginia","Lunenburg","soybeans",1568.72787173205
51111,"Virginia","Lunenburg","sunflower",7.5218973211059
51111,"Virginia","Lunenburg","wheat",135.187778184876
51113,"Virginia","Madison","barley",40.0834742033076
51113,"Virginia","Madison","corn",856.478704040334
51113,"Virginia","Madison","grain sorghum",17.3232157575651
51113,"Virginia","Madison","oats",8.91904087300916
51113,"Virginia","Madison","soybeans",870.649377995566
51113,"Virginia","Madison","wheat",103.024973540053
51115,"Virginia","Mathews","corn",15.359091756495
51115,"Virginia","Mathews","soybeans",33.1686045287777
51115,"Virginia","Mathews","sunflower",0.05516841476096
51115,"Virginia","Mathews","wheat",0.746585201492495
51117,"Virginia","Mecklenburg","barley",14.715908533543
51117,"Virginia","Mecklenburg","corn",1478.98695529813
51117,"Virginia","Mecklenburg","grain sorghum",192.734190905407
51117,"Virginia","Mecklenburg","oats",391.338576672367
51117,"Virginia","Mecklenburg","soybeans",10353.3674697461
51117,"Virginia","Mecklenburg","sunflower",5.59128734187767
51117,"Virginia","Mecklenburg","wheat",1796.0178992016
51119,"Virginia","Middlesex","barley",8.85664973641795
51119,"Virginia","Middlesex","corn",500.331939456009
51119,"Virginia","Middlesex","oats",2.58220198062003
51119,"Virginia","Middlesex","soybeans",567.374194204573
51119,"Virginia","Middlesex","wheat",215.944119923381
51121,"Virginia","Montgomery, Radford City","barley",90.986733740392
51121,"Virginia","Montgomery, Radford City","corn",2409.8557364279
51121,"Virginia","Montgomery, Radford City","oats",176.642823946657
51121,"Virginia","Montgomery, Radford City","soybeans",132.493659992962
51121,"Virginia","Montgomery, Radford City","sunflower",14.5488805317385
51121,"Virginia","Montgomery, Radford City","wheat",1013.88768991196
51125,"Virginia","Nelson","corn",480.983174687494
51125,"Virginia","Nelson","soybeans",271.000304972724
51125,"Virginia","Nelson","wheat",10.9841941284921
51127,"Virginia","New Kent","barley",0
51127,"Virginia","New Kent","corn",0
51127,"Virginia","New Kent","cotton",0
51127,"Virginia","New Kent","grain sorghum",0
51127,"Virginia","New Kent","oats",0
51127,"Virginia","New Kent","soybeans",0
51127,"Virginia","New Kent","sunflower",0
51127,"Virginia","New Kent","wheat",0
51131,"Virginia","Northampton","barley",6.30875403540432
51131,"Virginia","Northampton","corn",262.732964756311
51131,"Virginia","Northampton","cotton",43.1202904430337
51131,"Virginia","Northampton","grain sorghum",1.66092919171442
51131,"Virginia","Northampton","rapeseed",11.0242656486625
51131,"Virginia","Northampton","soybeans",733.056947594275
51131,"Virginia","Northampton","wheat",332.846391791544
51133,"Virginia","Northumberland","barley",0
51133,"Virginia","Northumberland","canola",0
51133,"Virginia","Northumberland","corn",0
51133,"Virginia","Northumberland","oats",0
51133,"Virginia","Northumberland","rapeseed",0
51133,"Virginia","Northumberland","soybeans",0
51133,"Virginia","Northumberland","sunflower",0
51133,"Virginia","Northumberland","wheat",0
51135,"Virginia","Nottoway","barley",40.5437770746171
51135,"Virginia","Nottoway","corn",1030.77049204702
51135,"Virginia","Nottoway","grain sorghum",21.2124115600959
51135,"Virginia","Nottoway","oats",28.5084215179314
51135,"Virginia","Nottoway","soybeans",1541.22183220614
51135,"Virginia","Nottoway","sunflower",2.22608999476292
51135,"Virginia","Nottoway","wheat",472.874050611522
51137,"Virginia","Orange","barley",169.708588220531
51137,"Virginia","Orange","corn",1590.3099506776
51137,"Virginia","Orange","grain sorghum",50.6379053938846
51137,"Virginia","Orange","oats",23.5396458586742
51137,"Virginia","Orange","soybeans",1859.40514865221
51137,"Virginia","Orange","sunflower",4.12715187632449
51137,"Virginia","Orange","wheat",464.001378596543
51139,"Virginia","Page","barley",79.3095088881641
51139,"Virginia","Page","corn",689.968293523332
51139,"Virginia","Page","grain sorghum",4.64242270215143
51139,"Virginia","Page","oats",4.41717357433323
51139,"Virginia","Page","soybeans",147.790043242052
51139,"Virginia","Page","sunflower",0.702471856246599
51139,"Virginia","Page","wheat",46.2056317420239
51141,"Virginia","Patrick","barley",43.106590597968
51141,"Virginia","Patrick","corn",1121.54924852559
51141,"Virginia","Patrick","grain sorghum",0.658115886991877
51141,"Virginia","Patrick","soybeans",308.169345242816
51141,"Virginia","Patrick","sunflower",20.8326584027279
51141,"Virginia","Patrick","wheat",130.903198618006
51143,"Virginia","Pittsylvania","barley",392.308243510795
51143,"Virginia","Pittsylvania","canola",41.6919806761295
51143,"Virginia","Pittsylvania","corn",3105.69107190849
51143,"Virginia","Pittsylvania","grain sorghum",102.921613239083
51143,"Virginia","Pittsylvania","oats",106.260800179318
51143,"Virginia","Pittsylvania","soybeans",3147.89452899584
51143,"Virginia","Pittsylvania","sunflower",20.5740277551946
51143,"Virginia","Pittsylvania","wheat",2232.86416310474
51145,"Virginia","Powhatan","barley",0.950412856850631
51145,"Virginia","Powhatan","corn",191.464281581416
51145,"Virginia","Powhatan","grain sorghum",12.2052019076758
51145,"Virginia","Powhatan","oats",2.37032966498547
51145,"Virginia","Powhatan","soybeans",239.075403727919
51145,"Virginia","Powhatan","sunflower",2.87499889197316
51145,"Virginia","Powhatan","wheat",29.3407655515499
51147,"Virginia","Prince Edward","barley",0
51147,"Virginia","Prince Edward","corn",0
51147,"Virginia","Prince Edward","grain sorghum",0
51147,"Virginia","Prince Edward","oats",0
51147,"Virginia","Prince Edward","soybeans",0
51147,"Virginia","Prince Edward","wheat",0
51149,"Virginia","Prince George","corn",0
51149,"Virginia","Prince George","cotton",0
51149,"Virginia","Prince George","grain sorghum",0
51149,"Virginia","Prince George","mustard",0
51149,"Virginia","Prince George","peanuts",0
51149,"Virginia","Prince George","soybeans",0
51149,"Virginia","Prince George","sunflower",0
51149,"Virginia","Prince George","wheat",0
51153,"Virginia","Prince William","barley",0
51153,"Virginia","Prince William","corn",0
51153,"Virginia","Prince William","grain sorghum",0
51153,"Virginia","Prince William","soybeans",0
51153,"Virginia","Prince William","wheat",0
51155,"Virginia","Pulaski","barley",90.4160610651261
51155,"Virginia","Pulaski","corn",1636.67170837748
51155,"Virginia","Pulaski","oats",64.3217839113671
51155,"Virginia","Pulaski","soybeans",173.909044062173
51155,"Virginia","Pulaski","sunflower",1.30558424718607
51155,"Virginia","Pulaski","wheat",225.043556687463
51157,"Virginia","Rappahannock","corn",0
51157,"Virginia","Rappahannock","soybeans",0
51157,"Virginia","Rappahannock","wheat",0
51159,"Virginia","Richmond","barley",0
51159,"Virginia","Richmond","canola",0
51159,"Virginia","Richmond","corn",0
51159,"Virginia","Richmond","oats",0
51159,"Virginia","Richmond","rapeseed",0
51159,"Virginia","Richmond","soybeans",0
51159,"Virginia","Richmond","sunflower",0
51159,"Virginia","Richmond","wheat",0
51161,"Virginia","Roanoke, Roanoke City, Salem City","barley",102.96741567331
51161,"Virginia","Roanoke, Roanoke City, Salem City","corn",310.897869571253
51163,"Virginia","Rockbridge, Buena Vista City, Lexington City","barley",146.2951449298
51163,"Virginia","Rockbridge, Buena Vista City, Lexington City","corn",5787.91023723897
51163,"Virginia","Rockbridge, Buena Vista City, Lexington City","grain sorghum",58.059756119445
51163,"Virginia","Rockbridge, Buena Vista City, Lexington City","oats",104.486505799726
51163,"Virginia","Rockbridge, Buena Vista City, Lexington City","soybeans",771.073566175251
51163,"Virginia","Rockbridge, Buena Vista City, Lexington City","wheat",751.15533252557
51165,"Virginia","Rockingham, Harrisonburg City","barley",1977.31351732882
51165,"Virginia","Rockingham, Harrisonburg City","canola",37.6694031863691
51165,"Virginia","Rockingham, Harrisonburg City","corn",23054.9771764881
51165,"Virginia","Rockingham, Harrisonburg City","grain sorghum",64.563499336916
51165,"Virginia","Rockingham, Harrisonburg City","oats",72.8106856121199
51165,"Virginia","Rockingham, Harrisonburg City","soybeans",8932.69066183022
51165,"Virginia","Rockingham, Harrisonburg City","sunflower",30.3334105958529
51165,"Virginia","Rockingham, Harrisonburg City","wheat",3341.68294468626
51167,"Virginia","Russell","corn",5122.78298052865
51167,"Virginia","Russell","soybeans",110.45670760217
51167,"Virginia","Russell","wheat",49.9813238419075
51169,"Virginia","Scott","barley",111.042115168941
51169,"Virginia","Scott","corn",2497.07066907309
51169,"Virginia","Scott","oats",47.5260252923069
51169,"Virginia","Scott","wheat",120.536216015886
51171,"Virginia","Shenandoah","barley",356.427868961192
51171,"Virginia","Shenandoah","corn",5907.08607122104
51171,"Virginia","Shenandoah","grain sorghum",24.8989759613799
51171,"Virginia","Shenandoah","oats",24.8784771593109
51171,"Virginia","Shenandoah","soybeans",2349.38961763899
51171,"Virginia","Shenandoah","wheat",539.829237361918
51173,"Virginia","Smyth","corn",1424.15701250441
51175,"Virginia","Southampton, Franklin City","corn",10840.2919401619
51175,"Virginia","Southampton, Franklin City","cotton",28891.4289308179
51175,"Virginia","Southampton, Franklin City","grain sorghum",9.31601491156111
51175,"Virginia","Southampton, Franklin City","oats",40.2363603210762
51175,"Virginia","Southampton, Franklin City","peanuts",8661.73500681124
51175,"Virginia","Southampton, Franklin City","soybeans",14720.1271426409
51175,"Virginia","Southampton, Franklin City","sunflower",24.497518580178
51175,"Virginia","Southampton, Franklin City","wheat",2194.10407919404
51177,"Virginia","Spotsylvania, Fredericksburg City","barley",242.488506936127
51177,"Virginia","Spotsylvania, Fredericksburg City","corn",2696.43521225098
51177,"Virginia","Spotsylvania, Fredericksburg City","grain sorghum",51.9993264033629
51177,"Virginia","Spotsylvania, Fredericksburg City","oats",8.70716142598186
51177,"Virginia","Spotsylvania, Fredericksburg City","soybeans",3694.51163545107
51177,"Virginia","Spotsylvania, Fredericksburg City","wheat",1028.46834530648
51179,"Virginia","Stafford","barley",12.2059096674786
51179,"Virginia","Stafford","corn",367.140279844104
51179,"Virginia","Stafford","soybeans",424.881850988178
51179,"Virginia","Stafford","wheat",159.107074401468
51800,"Virginia","Suffolk","corn",6752.63976588867
51800,"Virginia","Suffolk","cotton",11073.8627267455
51800,"Virginia","Suffolk","grain sorghum",16.9813563239737
51800,"Virginia","Suffolk","oats",18.4157922836165
51800,"Virginia","Suffolk","peanuts",2908.10022185829
51800,"Virginia","Suffolk","soybeans",12930.741049134
51800,"Virginia","Suffolk","sunflower",35.909530532963
51800,"Virginia","Suffolk","wheat",2129.91836360494
51181,"Virginia","Surry","barley",0
51181,"Virginia","Surry","chickpeas_small",0
51181,"Virginia","Surry","corn",0
51181,"Virginia","Surry","cotton",0
51181,"Virginia","Surry","grain sorghum",0
51181,"Virginia","Surry","oats",0
51181,"Virginia","Surry","peanuts",0
51181,"Virginia","Surry","soybeans",0
51181,"Virginia","Surry","sunflower",0
51181,"Virginia","Surry","wheat",0
51183,"Virginia","Sussex","corn",211.472057911346
51183,"Virginia","Sussex","cotton",199.224168101764
51183,"Virginia","Sussex","grain sorghum",7.16668396299264
51183,"Virginia","Sussex","oats",1.84940601544016
51183,"Virginia","Sussex","peanuts",53.0887822151112
51183,"Virginia","Sussex","soybeans",524.008844515246
51183,"Virginia","Sussex","sunflower",1.38082279462924
51183,"Virginia","Sussex","wheat",82.6957741834943
51185,"Virginia","Tazewell","corn",2993.00641806245
51185,"Virginia","Tazewell","oats",166.948944996155
51810,"Virginia","Virginia Beach","corn",3463.4690651672
51810,"Virginia","Virginia Beach","cotton",3.10046645286569
51810,"Virginia","Virginia Beach","dry peas",0.775116613216421
51810,"Virginia","Virginia Beach","oats",75.571931997068
51810,"Virginia","Virginia Beach","peanuts",0.341051309815225
51810,"Virginia","Virginia Beach","soybeans",8367.99618179571
51810,"Virginia","Virginia Beach","sunflower",5.28048192753687
51810,"Virginia","Virginia Beach","wheat",1019.95424806632
51187,"Virginia","Warren","corn",31.1520025934742
51187,"Virginia","Warren","soybeans",11.3991330931302
51187,"Virginia","Warren","wheat",3.83208480427611
51191,"Virginia","Washington, Bristol City","barley",88.2733950116875
51191,"Virginia","Washington, Bristol City","corn",5449.73959625612
51191,"Virginia","Washington, Bristol City","oats",3.91282779307125
51191,"Virginia","Washington, Bristol City","soybeans",8.80386253441032
51191,"Virginia","Washington, Bristol City","wheat",8.80386253441032
51193,"Virginia","Westmoreland","barley",0
51193,"Virginia","Westmoreland","corn",0
51193,"Virginia","Westmoreland","grain sorghum",0
51193,"Virginia","Westmoreland","oats",0
51193,"Virginia","Westmoreland","rapeseed",0
51193,"Virginia","Westmoreland","soybeans",0
51193,"Virginia","Westmoreland","sunflower",0
51193,"Virginia","Westmoreland","wheat",0
51197,"Virginia","Wythe","barley",45.991827526141
51197,"Virginia","Wythe","corn",5203.11482478997
51197,"Virginia","Wythe","grain sorghum",14.1598471180044
51197,"Virginia","Wythe","oats",211.144756545339
51197,"Virginia","Wythe","soybeans",30.91952401958
51197,"Virginia","Wythe","wheat",615.946304933135
51199,"Virginia","York, Poquoson City","corn",46.9526966355042
51199,"Virginia","York, Poquoson City","soybeans",31.7901496210695
53001,"Washington","Adams","barley",0
53001,"Washington","Adams","canola",0
53001,"Washington","Adams","corn",0
53001,"Washington","Adams","dry peas",0
53001,"Washington","Adams","grain sorghum",0
53001,"Washington","Adams","oats",0
53001,"Washington","Adams","soybeans",0
53001,"Washington","Adams","sunflower",0
53001,"Washington","Adams","wheat",0
53003,"Washington","Asotin","barley",0
53003,"Washington","Asotin","canola",0
53003,"Washington","Asotin","corn",0
53003,"Washington","Asotin","dry peas",0
53003,"Washington","Asotin","mustard",0
53003,"Washington","Asotin","oats",0
53003,"Washington","Asotin","wheat",0
53005,"Washington","Benton","barley",0
53005,"Washington","Benton","corn",0
53005,"Washington","Benton","dry peas",0
53005,"Washington","Benton","wheat",0
53007,"Washington","Chelan","wheat",0
53009,"Washington","Clallam","barley",0
53009,"Washington","Clallam","corn",0
53011,"Washington","Clark","barley",8.88610668888102
53011,"Washington","Clark","corn",134.40077330404
53011,"Washington","Clark","oats",7.3204276708273
53011,"Washington","Clark","wheat",40.1308503435826
53013,"Washington","Columbia","barley",0
53013,"Washington","Columbia","canola",0
53013,"Washington","Columbia","corn",0
53013,"Washington","Columbia","dry peas",0
53013,"Washington","Columbia","lentils",0
53013,"Washington","Columbia","mustard",0
53013,"Washington","Columbia","oats",0
53013,"Washington","Columbia","wheat",0
53015,"Washington","Cowlitz","corn",3.33085902752614
53015,"Washington","Cowlitz","oats",16.091702104291
53015,"Washington","Cowlitz","wheat",124.595090000035
53017,"Washington","Douglas","barley",0
53017,"Washington","Douglas","canola",0
53017,"Washington","Douglas","corn",0
53017,"Washington","Douglas","dry peas",0
53017,"Washington","Douglas","grain sorghum",0
53017,"Washington","Douglas","oats",0
53017,"Washington","Douglas","sunflower",0
53017,"Washington","Douglas","wheat",0
53019,"Washington","Ferry","barley",0
53019,"Washington","Ferry","oats",0
53019,"Washington","Ferry","wheat",0
53021,"Washington","Franklin","barley",0
53021,"Washington","Franklin","canola",0
53021,"Washington","Franklin","corn",0
53021,"Washington","Franklin","dry peas",0
53021,"Washington","Franklin","flaxseed",0
53021,"Washington","Franklin","grain sorghum",0
53021,"Washington","Franklin","mustard",0
53021,"Washington","Franklin","oats",0
53021,"Washington","Franklin","soybeans",0
53021,"Washington","Franklin","sunflower",0
53021,"Washington","Franklin","wheat",0
53023,"Washington","Garfield","barley",0
53023,"Washington","Garfield","canola",0
53023,"Washington","Garfield","corn",0
53023,"Washington","Garfield","dry peas",0
53023,"Washington","Garfield","oats",0
53023,"Washington","Garfield","wheat",0
53025,"Washington","Grant","barley",0
53025,"Washington","Grant","canola",0
53025,"Washington","Grant","corn",0
53025,"Washington","Grant","dry peas",0
53025,"Washington","Grant","mustard",0
53025,"Washington","Grant","oats",0
53025,"Washington","Grant","soybeans",0
53025,"Washington","Grant","sunflower",0
53025,"Washington","Grant","wheat",0
53027,"Washington","Grays Harbor","barley",0
53027,"Washington","Grays Harbor","dry peas",0
53027,"Washington","Grays Harbor","wheat",0
53029,"Washington","Island","barley",0
53029,"Washington","Island","corn",0
53029,"Washington","Island","oats",0
53029,"Washington","Island","wheat",0
53037,"Washington","Kittitas","barley",42.3289254361596
53037,"Washington","Kittitas","canola",180.877477146867
53037,"Washington","Kittitas","corn",303.418422734876
53037,"Washington","Kittitas","dry peas",43.4973845908551
53037,"Washington","Kittitas","oats",254.137307476594
53037,"Washington","Kittitas","sunflower",306.806669986862
53037,"Washington","Kittitas","wheat",807.616792588301
53039,"Washington","Klickitat","barley",563.01240465158
53039,"Washington","Klickitat","canola",61.287354176181
53039,"Washington","Klickitat","corn",91.5453103754854
53039,"Washington","Klickitat","oats",43.7603139554127
53039,"Washington","Klickitat","soybeans",14.2844327766519
53039,"Washington","Klickitat","sunflower",1.10319895827869
53039,"Washington","Klickitat","wheat",7072.5109615204
53041,"Washington","Lewis","corn",0
53041,"Washington","Lewis","oats",0
53041,"Washington","Lewis","wheat",0
53043,"Washington","Lincoln","barley",0
53043,"Washington","Lincoln","canola",0
53043,"Washington","Lincoln","chickpeas_small",0
53043,"Washington","Lincoln","corn",0
53043,"Washington","Lincoln","dry peas",0
53043,"Washington","Lincoln","flaxseed",0
53043,"Washington","Lincoln","mustard",0
53043,"Washington","Lincoln","oats",0
53043,"Washington","Lincoln","safflower",0
53043,"Washington","Lincoln","sunflower",0
53043,"Washington","Lincoln","wheat",0
53047,"Washington","Okanogan","barley",309.817573191559
53047,"Washington","Okanogan","canola",489.469702998985
53047,"Washington","Okanogan","corn",471.384429868523
53047,"Washington","Okanogan","grain sorghum",19.0626681137495
53047,"Washington","Okanogan","oats",521.614213754287
53047,"Washington","Okanogan","sunflower",44.3640276101806
53047,"Washington","Okanogan","wheat",6304.34598441713
53051,"Washington","Pend Oreille","barley",22.3400275903521
53051,"Washington","Pend Oreille","canola",16.5391892986276
53051,"Washington","Pend Oreille","dry peas",16.4918837875839
53051,"Washington","Pend Oreille","oats",41.8535508958477
53051,"Washington","Pend Oreille","sunflower",57.3283661959937
53051,"Washington","Pend Oreille","wheat",91.5479902471762
53053,"Washington","Pierce","corn",120.766304698538
53053,"Washington","Pierce","oats",13.9822131869905
53055,"Washington","San Juan","barley",58.531948153776
53057,"Washington","Skagit","barley",53.0525584911775
53057,"Washington","Skagit","corn",153.935009276146
53057,"Washington","Skagit","oats",1.06823274597003
53057,"Washington","Skagit","wheat",24.7070025768628
53061,"Washington","Snohomish, North King","barley",336.482116245534
53061,"Washington","Snohomish, North King","canola",59.7735981845172
53061,"Washington","Snohomish, North King","corn",2967.48596365307
53061,"Washington","Snohomish, North King","oats",43.4462416586885
53061,"Washington","Snohomish, North King","wheat",210.477075555327
53033,"Washington","South King","corn",164.34429312899
53033,"Washington","South King","grain sorghum",10.2747291734286
53033,"Washington","South King","oats",34.307320710078
53033,"Washington","South King","wheat",5.13736458671429
53063,"Washington","Spokane","barley",728.187867890264
53063,"Washington","Spokane","canola",1338.00915888749
53063,"Washington","Spokane","chickpeas_small",11.5983164133129
53063,"Washington","Spokane","corn",40.8528152420406
53063,"Washington","Spokane","dry peas",1263.73329526985
53063,"Washington","Spokane","flaxseed",30.7630345584084
53063,"Washington","Spokane","lentils",1355.37748439969
53063,"Washington","Spokane","mustard",63.6422691035198
53063,"Washington","Spokane","oats",194.314917888898
53063,"Washington","Spokane","soybeans",3.34646899581193
53063,"Washington","Spokane","sunflower",91.9851958347458
53063,"Washington","Spokane","wheat",10353.1405757283
53065,"Washington","Stevens","barley",0
53065,"Washington","Stevens","canola",0
53065,"Washington","Stevens","corn",0
53065,"Washington","Stevens","dry peas",0
53065,"Washington","Stevens","oats",0
53065,"Washington","Stevens","sunflower",0
53065,"Washington","Stevens","wheat",0
53071,"Washington","Walla Walla","barley",0
53071,"Washington","Walla Walla","canola",0
53071,"Washington","Walla Walla","chickpeas_large",0
53071,"Washington","Walla Walla","chickpeas_small",0
53071,"Washington","Walla Walla","corn",0
53071,"Washington","Walla Walla","cotton",0
53071,"Washington","Walla Walla","dry peas",0
53071,"Washington","Walla Walla","flaxseed",0
53071,"Washington","Walla Walla","grain sorghum",0
53071,"Washington","Walla Walla","oats",0
53071,"Washington","Walla Walla","safflower",0
53071,"Washington","Walla Walla","soybeans",0
53071,"Washington","Walla Walla","sunflower",0
53071,"Washington","Walla Walla","wheat",0
53073,"Washington","Whatcom","barley",25.9838287751067
53073,"Washington","Whatcom","corn",2128.78272298135
53073,"Washington","Whatcom","oats",29.9505716534595
53073,"Washington","Whatcom","wheat",54.7904899397849
53075,"Washington","Whitman","barley",0
53075,"Washington","Whitman","canola",0
53075,"Washington","Whitman","corn",0
53075,"Washington","Whitman","dry peas",0
53075,"Washington","Whitman","lentils",0
53075,"Washington","Whitman","mustard",0
53075,"Washington","Whitman","oats",0
53075,"Washington","Whitman","soybeans",0
53075,"Washington","Whitman","sunflower",0
53075,"Washington","Whitman","wheat",0
53077,"Washington","Yakima","barley",52.1438409906754
53077,"Washington","Yakima","corn",11835.4729337919
53077,"Washington","Yakima","grain sorghum",86.1161492890977
53077,"Washington","Yakima","oats",66.0367036604764
53077,"Washington","Yakima","wheat",3869.42382832778
54001,"West Virginia","Barbour","corn",266.034888549166
54001,"West Virginia","Barbour","soybeans",193.114756496201
54003,"West Virginia","Berkeley","barley",62.5981135908511
54003,"West Virginia","Berkeley","corn",1222.18573692313
54003,"West Virginia","Berkeley","grain sorghum",9.73055650971145
54003,"West Virginia","Berkeley","oats",7.55621091893612
54003,"West Virginia","Berkeley","soybeans",745.0291969374
54003,"West Virginia","Berkeley","sunflower",6.05624845289354
54003,"West Virginia","Berkeley","wheat",196.918912445983
54005,"West Virginia","Boone","corn",70.8030722005419
54005,"West Virginia","Boone","sunflower",3.21067699462617
54007,"West Virginia","Braxton","barley",64.239469831965
54007,"West Virginia","Braxton","corn",490.468352167053
54007,"West Virginia","Braxton","soybeans",450.372216413602
54009,"West Virginia","Brooke","corn",17.7478028111531
54009,"West Virginia","Brooke","oats",0.999960718435533
54009,"West Virginia","Brooke","soybeans",8.03243446101303
54011,"West Virginia","Cabell","corn",497.931565182731
54011,"West Virginia","Cabell","grain sorghum",207.632977808878
54019,"West Virginia","Fayette","corn",365.061399517959
54019,"West Virginia","Fayette","sunflower",3.76818125018538
54021,"West Virginia","Gilmer","corn",134.167605138098
54023,"West Virginia","Grant","barley",10.0361691692681
54023,"West Virginia","Grant","corn",645.849520396247
54025,"West Virginia","Greenbrier","barley",38.1874823389592
54025,"West Virginia","Greenbrier","corn",1791.52252911648
54025,"West Virginia","Greenbrier","oats",57.4205938819386
54025,"West Virginia","Greenbrier","rapeseed",0.159280426856973
54025,"West Virginia","Greenbrier","soybeans",358.288046845855
54025,"West Virginia","Greenbrier","sunflower",4.98547736062324
54025,"West Virginia","Greenbrier","wheat",54.6829615453344
54027,"West Virginia","Hampshire","barley",0.0438424650720595
54027,"West Virginia","Hampshire","corn",2.79363922475073
54027,"West Virginia","Hampshire","oats",0.059809149211619
54027,"West Virginia","Hampshire","soybeans",0.938908047734866
54027,"West Virginia","Hampshire","sunflower",0.00595736255756223
54027,"West Virginia","Hampshire","wheat",0.120163812727201
54029,"West Virginia","Hancock","soybeans",0
54031,"West Virginia","Hardy","barley",80.3053090950794
54031,"West Virginia","Hardy","corn",2076.39298305536
54031,"West Virginia","Hardy","grain sorghum",6.8463011006307
54031,"West Virginia","Hardy","soybeans",278.39760101032
54031,"West Virginia","Hardy","wheat",10.7113612595609
54033,"West Virginia","Harrison","corn",1541.86622535916
54035,"West Virginia","Jackson","corn",988.093534826126
54035,"West Virginia","Jackson","oats",17.2219483504689
54035,"West Virginia","Jackson","soybeans",446.118032647768
54035,"West Virginia","Jackson","wheat",160.565790101072
54037,"West Virginia","Jefferson","barley",12.4630348463267
54037,"West Virginia","Jefferson","corn",1132.50582728016
54037,"West Virginia","Jefferson","oats",5.58753137419633
54037,"West Virginia","Jefferson","soybeans",1145.34550191505
54037,"West Virginia","Jefferson","sunflower",0.136708048889125
54037,"West Virginia","Jefferson","wheat",245.104043130711
54039,"West Virginia","Kanawha","corn",319.718063397461
54041,"West Virginia","Lewis","corn",0
54043,"West Virginia","Lincoln","corn",869.981028480536
54049,"West Virginia","Marion","corn",235.637988502151
54049,"West Virginia","Marion","oats",167.157552926747
54049,"West Virginia","Marion","soybeans",221.188839175705
54049,"West Virginia","Marion","wheat",74.1933213167983
54053,"West Virginia","Mason","barley",2.48017840057693
54053,"West Virginia","Mason","corn",640.361808238691
54053,"West Virginia","Mason","grain sorghum",2.48017840057693
54053,"West Virginia","Mason","oats",4.34031220100962
54053,"West Virginia","Mason","soybeans",1646.30439290082
54053,"West Virginia","Mason","sunflower",0.0516703833453526
54053,"West Virginia","Mason","wheat",72.5627861472125
54055,"West Virginia","Mercer, McDowell","corn",748.315495972251
54057,"West Virginia","Mineral","barley",0
54057,"West Virginia","Mineral","corn",0
54057,"West Virginia","Mineral","oats",0
54057,"West Virginia","Mineral","soybeans",0
54057,"West Virginia","Mineral","wheat",0
54061,"West Virginia","Monongalia","corn",937.670886097827
54063,"West Virginia","Monroe","barley",0.596848461637112
54063,"West Virginia","Monroe","corn",57.2783135096685
54063,"West Virginia","Monroe","grain sorghum",6.15596620826258
54063,"West Virginia","Monroe","oats",4.24215944525686
54063,"West Virginia","Monroe","soybeans",2.88177111451165
54063,"West Virginia","Monroe","sunflower",0.0554898160689022
54063,"West Virginia","Monroe","wheat",13.5800596797531
54065,"West Virginia","Morgan","barley",0
54065,"West Virginia","Morgan","corn",0
54065,"West Virginia","Morgan","oats",0
54065,"West Virginia","Morgan","soybeans",0
54065,"West Virginia","Morgan","wheat",0
54067,"West Virginia","Nicholas","corn",608.976383540162
54069,"West Virginia","Ohio","corn",0
54069,"West Virginia","Ohio","oats",0
54069,"West Virginia","Ohio","soybeans",0
54069,"West Virginia","Ohio","wheat",0
54071,"West Virginia","Pendleton","barley",350.85487169479
54071,"West Virginia","Pendleton","corn",3891.77884160032
54071,"West Virginia","Pendleton","grain sorghum",75.1424760837646
54071,"West Virginia","Pendleton","oats",29.6630373248303
54071,"West Virginia","Pendleton","soybeans",281.817503253754
54071,"West Virginia","Pendleton","wheat",138.103584040176
54073,"West Virginia","Pleasants","corn",32.3893157259792
54073,"West Virginia","Pleasants","soybeans",30.2836789255526
54075,"West Virginia","Pocahontas","barley",13.3748888821895
54075,"West Virginia","Pocahontas","corn",1975.09124105513
54075,"West Virginia","Pocahontas","oats",323.752560282279
54075,"West Virginia","Pocahontas","soybeans",44.4474307332921
54075,"West Virginia","Pocahontas","wheat",67.4361897439994
54077,"West Virginia","Preston","barley",33.0422377729181
54077,"West Virginia","Preston","corn",1386.79871765015
54077,"West Virginia","Preston","oats",112.757655215999
54077,"West Virginia","Preston","soybeans",669.276592411507
54077,"West Virginia","Preston","sunflower",1.34483700851788
54077,"West Virginia","Preston","wheat",95.059367311694
54079,"West Virginia","Putnam","corn",611.231647983975
54079,"West Virginia","Putnam","soybeans",549.097550074467
54079,"West Virginia","Putnam","sunflower",0.14840474326337
54081,"West Virginia","Raleigh","corn",329.526627763405
54081,"West Virginia","Raleigh","grain sorghum",368.948524949825
54083,"West Virginia","Randolph","corn",594.415849908803
54083,"West Virginia","Randolph","oats",11.4663146144051
54083,"West Virginia","Randolph","soybeans",166.397862500456
54085,"West Virginia","Ritchie","corn",0
54087,"West Virginia","Roane","corn",1369.99153918933
54089,"West Virginia","Summers","corn",397.390386147953
54089,"West Virginia","Summers","oats",109.360470812696
54091,"West Virginia","Taylor","corn",764.683938534483
54093,"West Virginia","Tucker","corn",171.28558934948
54093,"West Virginia","Tucker","oats",42.6521510357654
54095,"West Virginia","Tyler","corn",142.327834812996
54097,"West Virginia","Upshur","corn",12.4719349607105
54099,"West Virginia","Wayne","corn",387.1846508451
54099,"West Virginia","Wayne","soybeans",254.447299059941
54101,"West Virginia","Webster","corn",68.1607549365823
54105,"West Virginia","Wirt","corn",22.3989968823826
54105,"West Virginia","Wirt","soybeans",7.29213985040156
54105,"West Virginia","Wirt","wheat",20.5023118277885
54107,"West Virginia","Wood","corn",0
54107,"West Virginia","Wood","oats",0
54107,"West Virginia","Wood","soybeans",0
54107,"West Virginia","Wood","wheat",0
54109,"West Virginia","Wyoming","corn",14.70347021596
55001,"Wisconsin","Adams","barley",7.00522296573101
55001,"Wisconsin","Adams","corn",7320.87043429138
55001,"Wisconsin","Adams","oats",131.274885438396
55001,"Wisconsin","Adams","soybeans",2920.63642915419
55001,"Wisconsin","Adams","sunflower",12.6222410036169
55001,"Wisconsin","Adams","wheat",108.481840015958
55003,"Wisconsin","Ashland","barley",14.1322262608349
55003,"Wisconsin","Ashland","corn",2091.53184249366
55003,"Wisconsin","Ashland","oats",165.4759783282
55003,"Wisconsin","Ashland","safflower",2.25237257608868
55003,"Wisconsin","Ashland","soybeans",517.221286493437
55003,"Wisconsin","Ashland","sunflower",11.7575103275492
55003,"Wisconsin","Ashland","wheat",10.1576356565113
55005,"Wisconsin","Barron","barley",183.755778880056
55005,"Wisconsin","Barron","canola",85.2898420614839
55005,"Wisconsin","Barron","corn",32281.9595260298
55005,"Wisconsin","Barron","grain sorghum",0.929932149504605
55005,"Wisconsin","Barron","oats",754.989375561818
55005,"Wisconsin","Barron","soybeans",18800.3073169054
55005,"Wisconsin","Barron","sunflower",22.091344785285
55005,"Wisconsin","Barron","wheat",1367.2315566712
55007,"Wisconsin","Bayfield","barley",47.3246028460257
55007,"Wisconsin","Bayfield","corn",692.398003797917
55007,"Wisconsin","Bayfield","oats",123.362720098687
55007,"Wisconsin","Bayfield","soybeans",361.636466391401
55007,"Wisconsin","Bayfield","sunflower",8.87760176632956
55007,"Wisconsin","Bayfield","wheat",66.2456274204206
55009,"Wisconsin","Brown","barley",39.5325097369223
55009,"Wisconsin","Brown","corn",13977.9647480844
55009,"Wisconsin","Brown","grain sorghum",2.9529728836829
55009,"Wisconsin","Brown","oats",905.540747596072
55009,"Wisconsin","Brown","soybeans",4257.53865436383
55009,"Wisconsin","Brown","sunflower",3.87909485689412
55009,"Wisconsin","Brown","wheat",1590.23935360077
55011,"Wisconsin","Buffalo","barley",204.395413549884
55011,"Wisconsin","Buffalo","corn",17194.5819300685
55011,"Wisconsin","Buffalo","dry peas",10.5065430894768
55011,"Wisconsin","Buffalo","grain sorghum",6.89879518610707
55011,"Wisconsin","Buffalo","oats",864.10550320479
55011,"Wisconsin","Buffalo","soybeans",7583.62755249363
55011,"Wisconsin","Buffalo","sunflower",14.5745625614987
55011,"Wisconsin","Buffalo","wheat",118.214312829053
55013,"Wisconsin","Burnett","barley",3.88326115203616
55013,"Wisconsin","Burnett","corn",1723.57310273994
55013,"Wisconsin","Burnett","dry peas",1.32365101049379
55013,"Wisconsin","Burnett","oats",83.0646602427295
55013,"Wisconsin","Burnett","soybeans",1064.44996339607
55013,"Wisconsin","Burnett","sunflower",36.6741338175494
55013,"Wisconsin","Burnett","wheat",20.4488197309165
55015,"Wisconsin","Calumet","barley",64.3266587810333
55015,"Wisconsin","Calumet","corn",10805.2334073405
55015,"Wisconsin","Calumet","grain sorghum",48.5871716575107
55015,"Wisconsin","Calumet","oats",396.90236910099
55015,"Wisconsin","Calumet","soybeans",5894.57563890537
55015,"Wisconsin","Calumet","sunflower",0.493625773691746
55015,"Wisconsin","Calumet","wheat",2025.58995646248
55017,"Wisconsin","Chippewa","barley",295.876463611071
55017,"Wisconsin","Chippewa","corn",27287.4709961052
55017,"Wisconsin","Chippewa","grain sorghum",36.0946834808834
55017,"Wisconsin","Chippewa","oats",1021.17397362193
55017,"Wisconsin","Chippewa","rice_short/medium grain",0.0615652559585242
55017,"Wisconsin","Chippewa","soybeans",16879.2084492623
55017,"Wisconsin","Chippewa","sunflower",7.32626545906438
55017,"Wisconsin","Chippewa","wheat",402.810387990551
55019,"Wisconsin","Clark","barley",44.0547641954337
55019,"Wisconsin","Clark","corn",11758.9022904361
55019,"Wisconsin","Clark","grain sorghum",4.51754193630484
55019,"Wisconsin","Clark","oats",724.04546234816
55019,"Wisconsin","Clark","soybeans",6429.72283305883
55019,"Wisconsin","Clark","sunflower",0.685726674801015
55019,"Wisconsin","Clark","wheat",317.060014066641
55021,"Wisconsin","Columbia","barley",7.04448135821892
55021,"Wisconsin","Columbia","corn",15794.6002706669
55021,"Wisconsin","Columbia","oats",156.341321115802
55021,"Wisconsin","Columbia","soybeans",6268.64027411518
55021,"Wisconsin","Columbia","sunflower",0.74240489302886
55021,"Wisconsin","Columbia","wheat",760.464937692481
55023,"Wisconsin","Crawford","barley",23.689601743631
55023,"Wisconsin","Crawford","corn",11776.4194274943
55023,"Wisconsin","Crawford","dry peas",9.92625799575437
55023,"Wisconsin","Crawford","oats",1012.2224876139
55023,"Wisconsin","Crawford","soybeans",6806.96610912456
55023,"Wisconsin","Crawford","wheat",314.603007701864
55025,"Wisconsin","Dane","barley",32.4762686041084
55025,"Wisconsin","Dane","canola",2.23064395026487
55025,"Wisconsin","Dane","corn",25130.1505354819
55025,"Wisconsin","Dane","oats",343.130473207868
55025,"Wisconsin","Dane","soybeans",11227.374799836
55025,"Wisconsin","Dane","sunflower",12.6595138467176
55025,"Wisconsin","Dane","wheat",1384.26257531643
55027,"Wisconsin","Dodge","barley",75.6957336134373
55027,"Wisconsin","Dodge","corn",29990.2835440606
55027,"Wisconsin","Dodge","grain sorghum",11.4456825246944
55027,"Wisconsin","Dodge","oats",669.784827110369
55027,"Wisconsin","Dodge","soybeans",15873.8670857678
55027,"Wisconsin","Dodge","sunflower",2.47610564647747
55027,"Wisconsin","Dodge","wheat",2501.81266796012
55029,"Wisconsin","Door","barley",114.521381966091
55029,"Wisconsin","Door","corn",9520.03206264103
55029,"Wisconsin","Door","dry peas",18.8667435212305
55029,"Wisconsin","Door","oats",1203.19501291962
55029,"Wisconsin","Door","soybeans",4725.40787217406
55029,"Wisconsin","Door","wheat",2789.58511412839
55031,"Wisconsin","Douglas","corn",147.389566285572
55031,"Wisconsin","Douglas","oats",39.8066475036774
55031,"Wisconsin","Douglas","soybeans",92.2827806150375
55031,"Wisconsin","Douglas","wheat",101.64797674867
55033,"Wisconsin","Dunn","barley",197.213130253158
55033,"Wisconsin","Dunn","corn",33703.7806684932
55033,"Wisconsin","Dunn","dry peas",0.631567753194333
55033,"Wisconsin","Dunn","oats",1349.41543871487
55033,"Wisconsin","Dunn","soybeans",20680.8454240523
55033,"Wisconsin","Dunn","sunflower",124.521601805669
55033,"Wisconsin","Dunn","wheat",186.281462697482
55035,"Wisconsin","Eau Claire","barley",52.1983479679278
55035,"Wisconsin","Eau Claire","canola",14.7936578436045
55035,"Wisconsin","Eau Claire","corn",13225.8015280823
55035,"Wisconsin","Eau Claire","grain sorghum",5.04952877605289
55035,"Wisconsin","Eau Claire","oats",609.981883110267
55035,"Wisconsin","Eau Claire","soybeans",8254.00686229451
55035,"Wisconsin","Eau Claire","sunflower",175.487380095912
55035,"Wisconsin","Eau Claire","wheat",150.22840236488
55037,"Wisconsin","Florence","barley",0
55037,"Wisconsin","Florence","corn",0
55037,"Wisconsin","Florence","oats",0
55037,"Wisconsin","Florence","rapeseed",0
55037,"Wisconsin","Florence","soybeans",0
55037,"Wisconsin","Florence","wheat",0
55039,"Wisconsin","Fond du Lac","barley",60.3396681763435
55039,"Wisconsin","Fond du Lac","corn",26633.0770190019
55039,"Wisconsin","Fond du Lac","grain sorghum",46.8256946056264
55039,"Wisconsin","Fond du Lac","oats",595.618815814602
55039,"Wisconsin","Fond du Lac","soybeans",12197.3308685852
55039,"Wisconsin","Fond du Lac","sunflower",9.70314812961344
55039,"Wisconsin","Fond du Lac","wheat",2999.25391229357
55041,"Wisconsin","Forest","barley",81.0964538668118
55041,"Wisconsin","Forest","corn",206.017899693345
55041,"Wisconsin","Forest","oats",85.3895349673382
55041,"Wisconsin","Forest","soybeans",100.185603542133
55041,"Wisconsin","Forest","wheat",40.4575220949023
55043,"Wisconsin","Grant","barley",176.096780262265
55043,"Wisconsin","Grant","corn",38812.7611169927
55043,"Wisconsin","Grant","grain sorghum",0.231291596961292
55043,"Wisconsin","Grant","oats",2848.67499564884
55043,"Wisconsin","Grant","soybeans",18779.8070219129
55043,"Wisconsin","Grant","sunflower",1.66326616540076
55043,"Wisconsin","Grant","wheat",693.05840779658
55045,"Wisconsin","Green","barley",75.9095220433433
55045,"Wisconsin","Green","corn",30148.7401522755
55045,"Wisconsin","Green","oats",1108.47029887378
55045,"Wisconsin","Green","soybeans",16511.7937059975
55045,"Wisconsin","Green","sunflower",2.78923335117818
55045,"Wisconsin","Green","wheat",1298.56513401304
55047,"Wisconsin","Green Lake","barley",29.1313794659365
55047,"Wisconsin","Green Lake","corn",11006.5265369819
55047,"Wisconsin","Green Lake","oats",221.232117014563
55047,"Wisconsin","Green Lake","soybeans",3982.93658962334
55047,"Wisconsin","Green Lake","sunflower",1.80451931359097
55047,"Wisconsin","Green Lake","wheat",679.401326483832
55049,"Wisconsin","Iowa","barley",67.6166955514558
55049,"Wisconsin","Iowa","corn",21421.1169604874
55049,"Wisconsin","Iowa","dry peas",33.6395627648593
55049,"Wisconsin","Iowa","grain sorghum",7.6704320877736
55049,"Wisconsin","Iowa","oats",1396.55694945121
55049,"Wisconsin","Iowa","soybeans",12711.6145762823
55049,"Wisconsin","Iowa","sunflower",1.39452470144817
55049,"Wisconsin","Iowa","wheat",471.371744511637
55051,"Wisconsin","Iron","barley",1.31629088282463
55051,"Wisconsin","Iron","corn",578.362418422547
55051,"Wisconsin","Iron","oats",53.5769878036108
55051,"Wisconsin","Iron","soybeans",1.97443632423694
55051,"Wisconsin","Iron","sunflower",1.31629088282463
55053,"Wisconsin","Jackson","barley",31.1755997936236
55053,"Wisconsin","Jackson","corn",13914.1695334781
55053,"Wisconsin","Jackson","dry peas",18.1132837659079
55053,"Wisconsin","Jackson","grain sorghum",14.2653226647379
55053,"Wisconsin","Jackson","oats",786.45625068092
55053,"Wisconsin","Jackson","rapeseed",0.136368421150861
55053,"Wisconsin","Jackson","soybeans",8626.31324637393
55053,"Wisconsin","Jackson","sunflower",11.778081244182
55053,"Wisconsin","Jackson","wheat",104.246543095686
55055,"Wisconsin","Jefferson","barley",3.51453652332441
55055,"Wisconsin","Jefferson","corn",7500.19040017573
55055,"Wisconsin","Jefferson","oats",85.1836754766846
55055,"Wisconsin","Jefferson","soybeans",4535.80051533702
55055,"Wisconsin","Jefferson","sunflower",0.0827079508156042
55055,"Wisconsin","Jefferson","wheat",471.904365627792
55057,"Wisconsin","Juneau","barley",24.4768520368985
55057,"Wisconsin","Juneau","corn",10086.5516502151
55057,"Wisconsin","Juneau","dry peas",64.0569193376547
55057,"Wisconsin","Juneau","grain sorghum",0.526209433883508
55057,"Wisconsin","Juneau","oats",383.727682289839
55057,"Wisconsin","Juneau","soybeans",7065.51745615806
55057,"Wisconsin","Juneau","wheat",320.587186430284
55059,"Wisconsin","Kenosha","barley",0.872888687132791
55059,"Wisconsin","Kenosha","corn",1967.85137144844
55059,"Wisconsin","Kenosha","grain sorghum",0.302193855075817
55059,"Wisconsin","Kenosha","oats",17.0769400154085
55059,"Wisconsin","Kenosha","soybeans",1549.07460057696
55059,"Wisconsin","Kenosha","sunflower",0.138939703483134
55059,"Wisconsin","Kenosha","wheat",230.502218535851
55061,"Wisconsin","Kewaunee","barley",69.9154912574614
55061,"Wisconsin","Kewaunee","corn",15834.9327921674
55061,"Wisconsin","Kewaunee","dry peas",0.0288197213711114
55061,"Wisconsin","Kewaunee","oats",1568.7773242705
55061,"Wisconsin","Kewaunee","safflower",2.12257247898236
55061,"Wisconsin","Kewaunee","soybeans",3668.3381779691
55061,"Wisconsin","Kewaunee","sunflower",32.3478316613629
55061,"Wisconsin","Kewaunee","wheat",2797.72517481025
55063,"Wisconsin","La Crosse","barley",9.41108953118172
55063,"Wisconsin","La Crosse","corn",7982.41134355708
55063,"Wisconsin","La Crosse","grain sorghum",7.03614020219028
55063,"Wisconsin","La Crosse","oats",436.391898987134
55063,"Wisconsin","La Crosse","soybeans",4508.92194453097
55063,"Wisconsin","La Crosse","wheat",32.4237033815831
55065,"Wisconsin","Lafayette","barley",63.6215340933241
55065,"Wisconsin","Lafayette","corn",27640.1174857542
55065,"Wisconsin","Lafayette","oats",1141.62812817006
55065,"Wisconsin","Lafayette","soybeans",12449.9990216373
55065,"Wisconsin","Lafayette","sunflower",12.857901015497
55065,"Wisconsin","Lafayette","wheat",485.46963800875
55067,"Wisconsin","Langlade","barley",171.099929297702
55067,"Wisconsin","Langlade","corn",4521.70337882083
55067,"Wisconsin","Langlade","grain sorghum",22.5656609492883
55067,"Wisconsin","Langlade","oats",2719.46808629461
55067,"Wisconsin","Langlade","soybeans",1411.36644242507
55067,"Wisconsin","Langlade","sunflower",19.1860036395243
55067,"Wisconsin","Langlade","wheat",503.125601794677
55069,"Wisconsin","Lincoln","barley",63.2446758499675
55069,"Wisconsin","Lincoln","corn",3149.46499019
55069,"Wisconsin","Lincoln","grain sorghum",2.90492490141774
55069,"Wisconsin","Lincoln","oats",459.57290057111
55069,"Wisconsin","Lincoln","soybeans",1869.60313863133
55069,"Wisconsin","Lincoln","wheat",108.146618658249
55071,"Wisconsin","Manitowoc","barley",126.431263901142
55071,"Wisconsin","Manitowoc","corn",18504.1897792471
55071,"Wisconsin","Manitowoc","dry peas",13.2035352919221
55071,"Wisconsin","Manitowoc","grain sorghum",8.50213182330243
55071,"Wisconsin","Manitowoc","oats",1584.96353435948
55071,"Wisconsin","Manitowoc","soybeans",6808.86914301635
55071,"Wisconsin","Manitowoc","wheat",3253.34204896976
55073,"Wisconsin","Marathon","barley",246.20843487497
55073,"Wisconsin","Marathon","canola",26.0294221821926
55073,"Wisconsin","Marathon","corn",40846.6029246015
55073,"Wisconsin","Marathon","dry peas",4.32101878965657
55073,"Wisconsin","Marathon","grain sorghum",1.72815430644044
55073,"Wisconsin","Marathon","oats",2967.85054584216
55073,"Wisconsin","Marathon","soybeans",19721.1902730445
55073,"Wisconsin","Marathon","sunflower",53.7376228334988
55073,"Wisconsin","Marathon","wheat",1105.54246919874
55075,"Wisconsin","Marinette","barley",38.036177423438
55075,"Wisconsin","Marinette","canola",6.56673754785722
55075,"Wisconsin","Marinette","corn",11384.1885438402
55075,"Wisconsin","Marinette","oats",463.180201597747
55075,"Wisconsin","Marinette","soybeans",2639.35381884307
55075,"Wisconsin","Marinette","sunflower",17.04569998903
55075,"Wisconsin","Marinette","wheat",491.923513204249
55077,"Wisconsin","Marquette","barley",14.2665747484653
55077,"Wisconsin","Marquette","corn",6050.81698205494
55077,"Wisconsin","Marquette","oats",147.987418540314
55077,"Wisconsin","Marquette","soybeans",2657.63305520939
55077,"Wisconsin","Marquette","sunflower",3.19592832060872
55077,"Wisconsin","Marquette","wheat",113.072806290947
55078,"Wisconsin","Menominee","corn",44.5830270153584
55078,"Wisconsin","Menominee","oats",4.88048888335711
55078,"Wisconsin","Menominee","soybeans",8.41048062998279
55079,"Wisconsin","Milwaukee","corn",0
55079,"Wisconsin","Milwaukee","oats",0
55079,"Wisconsin","Milwaukee","soybeans",0
55079,"Wisconsin","Milwaukee","wheat",0
55081,"Wisconsin","Monroe","barley",48.5524288356277
55081,"Wisconsin","Monroe","corn",17340.1768466018
55081,"Wisconsin","Monroe","grain sorghum",12.5940091379835
55081,"Wisconsin","Monroe","oats",1099.9569126125
55081,"Wisconsin","Monroe","soybeans",8001.413834306
55081,"Wisconsin","Monroe","sunflower",6.24668260976912
55081,"Wisconsin","Monroe","wheat",118.137934478274
55083,"Wisconsin","Oconto","barley",29.8875543855812
55083,"Wisconsin","Oconto","corn",15922.0242907778
55083,"Wisconsin","Oconto","oats",480.23904522021
55083,"Wisconsin","Oconto","soybeans",6595.25883251447
55083,"Wisconsin","Oconto","sunflower",19.4285641440057
55083,"Wisconsin","Oconto","wheat",979.39397863727
55085,"Wisconsin","Oneida","barley",29.6235995677261
55085,"Wisconsin","Oneida","corn",332.412071234297
55085,"Wisconsin","Oneida","oats",707.503248829387
55085,"Wisconsin","Oneida","soybeans",220.464215530436
55085,"Wisconsin","Oneida","wheat",129.060587197372
55087,"Wisconsin","Outagamie","barley",26.3316693939841
55087,"Wisconsin","Outagamie","corn",13205.8386951583
55087,"Wisconsin","Outagamie","oats",459.964072617021
55087,"Wisconsin","Outagamie","soybeans",7814.21649059785
55087,"Wisconsin","Outagamie","wheat",748.025501481857
55089,"Wisconsin","Ozaukee","barley",30.8825858242429
55089,"Wisconsin","Ozaukee","corn",2701.78609865116
55089,"Wisconsin","Ozaukee","oats",140.926628298853
55089,"Wisconsin","Ozaukee","rice_short/medium grain",0.39156014981252
55089,"Wisconsin","Ozaukee","rice_temperate japonica",0.330430506170903
55089,"Wisconsin","Ozaukee","soybeans",1916.84438346848
55089,"Wisconsin","Ozaukee","sunflower",0.641035181971552
55089,"Wisconsin","Ozaukee","wheat",622.617157381449
55091,"Wisconsin","Pepin","barley",43.8070142158028
55091,"Wisconsin","Pepin","corn",7632.50265184132
55091,"Wisconsin","Pepin","oats",231.874457688242
55091,"Wisconsin","Pepin","soybeans",4567.12937569989
55091,"Wisconsin","Pepin","sunflower",3.58780218486123
55091,"Wisconsin","Pepin","wheat",9.66183522271983
55093,"Wisconsin","Pierce","barley",244.753955333766
55093,"Wisconsin","Pierce","corn",20692.2783543886
55093,"Wisconsin","Pierce","grain sorghum",5.44438312631246
55093,"Wisconsin","Pierce","oats",807.78968616813
55093,"Wisconsin","Pierce","soybeans",11672.5973499464
55093,"Wisconsin","Pierce","sunflower",4.08007953528529
55093,"Wisconsin","Pierce","wheat",127.146640952247
55095,"Wisconsin","Polk","barley",72.2532080750396
55095,"Wisconsin","Polk","canola",1.00614393242132
55095,"Wisconsin","Polk","corn",16887.3270274095
55095,"Wisconsin","Polk","dry peas",8.46167047166327
55095,"Wisconsin","Polk","oats",546.840233414918
55095,"Wisconsin","Polk","soybeans",9180.50950110971
55095,"Wisconsin","Polk","sunflower",22.2891065349294
55095,"Wisconsin","Polk","wheat",361.273083382725
55097,"Wisconsin","Portage","barley",50.6220968595087
55097,"Wisconsin","Portage","corn",29416.8791754431
55097,"Wisconsin","Portage","grain sorghum",1.99741071645576
55097,"Wisconsin","Portage","oats",1136.74473859924
55097,"Wisconsin","Portage","soybeans",8250.37076596011
55097,"Wisconsin","Portage","sunflower",27.210730083865
55097,"Wisconsin","Portage","wheat",443.380792148369
55099,"Wisconsin","Price","barley",4.17358916940155
55099,"Wisconsin","Price","corn",1584.18023172067
55099,"Wisconsin","Price","oats",125.534522426638
55099,"Wisconsin","Price","soybeans",275.024441001504
55099,"Wisconsin","Price","sunflower",1.07751871843414
55099,"Wisconsin","Price","wheat",7.02542204419056
55101,"Wisconsin","Racine","barley",1.4492053490704
55101,"Wisconsin","Racine","corn",2939.23560196298
55101,"Wisconsin","Racine","dry peas",0.0228735906279431
55101,"Wisconsin","Racine","grain sorghum",0.0816913950997969
55101,"Wisconsin","Racine","oats",16.5227381900947
55101,"Wisconsin","Racine","soybeans",2744.24988615122
55101,"Wisconsin","Racine","wheat",506.50282451497
55103,"Wisconsin","Richland","barley",9.64774612909744
55103,"Wisconsin","Richland","corn",16357.3912709131
55103,"Wisconsin","Richland","oats",939.553443034314
55103,"Wisconsin","Richland","soybeans",6038.33776513744
55103,"Wisconsin","Richland","sunflower",1.32500820810637
55103,"Wisconsin","Richland","wheat",353.816941810645
55105,"Wisconsin","Rock","barley",10.8269702388778
55105,"Wisconsin","Rock","corn",13387.9618356381
55105,"Wisconsin","Rock","grain sorghum",16.561985983616
55105,"Wisconsin","Rock","oats",76.8634421178191
55105,"Wisconsin","Rock","soybeans",8235.17521020607
55105,"Wisconsin","Rock","sunflower",23.9327513779506
55105,"Wisconsin","Rock","wheat",464.533781549552
55107,"Wisconsin","Rusk","barley",85.293438758276
55107,"Wisconsin","Rusk","corn",9098.13748862122
55107,"Wisconsin","Rusk","oats",384.095514427158
55107,"Wisconsin","Rusk","soybeans",5709.80743405893
55107,"Wisconsin","Rusk","sunflower",11.1567712679675
55107,"Wisconsin","Rusk","wheat",93.8534288416894
55111,"Wisconsin","Sauk","barley",61.0372444498206
55111,"Wisconsin","Sauk","corn",19751.4601339588
55111,"Wisconsin","Sauk","grain sorghum",0.465368953512558
55111,"Wisconsin","Sauk","oats",896.207074430412
55111,"Wisconsin","Sauk","soybeans",8891.26462990515
55111,"Wisconsin","Sauk","sunflower",5.32436832107015
55111,"Wisconsin","Sauk","wheat",874.946556915969
55113,"Wisconsin","Sawyer","barley",14.1197477033725
55113,"Wisconsin","Sawyer","corn",2260.79689209557
55113,"Wisconsin","Sawyer","oats",144.65982852388
55113,"Wisconsin","Sawyer","rapeseed",1.74524416207028
55113,"Wisconsin","Sawyer","soybeans",639.322860452404
55113,"Wisconsin","Sawyer","wheat",92.5521230065211
55115,"Wisconsin","Shawano","barley",70.8733634860858
55115,"Wisconsin","Shawano","corn",24723.0426708926
55115,"Wisconsin","Shawano","grain sorghum",3.0379898618206
55115,"Wisconsin","Shawano","oats",987.376411242563
55115,"Wisconsin","Shawano","safflower",3.06248978006109
55115,"Wisconsin","Shawano","soybeans",8752.95532771478
55115,"Wisconsin","Shawano","sunflower",83.5722836080871
55115,"Wisconsin","Shawano","wheat",891.733324166365
55117,"Wisconsin","Sheboygan","barley",23.8875991690403
55117,"Wisconsin","Sheboygan","corn",10780.4091178197
55117,"Wisconsin","Sheboygan","dry peas",10.1326339893256
55117,"Wisconsin","Sheboygan","grain sorghum",38.5498563622465
55117,"Wisconsin","Sheboygan","oats",341.590617058203
55117,"Wisconsin","Sheboygan","soybeans",6398.51284042299
55117,"Wisconsin","Sheboygan","wheat",1979.88772538612
55109,"Wisconsin","St. Croix","barley",26.5304908932245
55109,"Wisconsin","St. Croix","corn",26427.0127650909
55109,"Wisconsin","St. Croix","oats",867.909223648118
55109,"Wisconsin","St. Croix","soybeans",15810.8119519554
55109,"Wisconsin","St. Croix","sunflower",10.7680070353269
55109,"Wisconsin","St. Croix","wheat",134.73998900306
55119,"Wisconsin","Taylor","barley",50.0568254069286
55119,"Wisconsin","Taylor","canola",1.75010445659297
55119,"Wisconsin","Taylor","corn",19383.2435295117
55119,"Wisconsin","Taylor","oats",1631.05667129193
55119,"Wisconsin","Taylor","soybeans",11863.9558084747
55119,"Wisconsin","Taylor","sunflower",3.17910056625258
55119,"Wisconsin","Taylor","wheat",444.727640469187
55121,"Wisconsin","Trempealeau","barley",60.6223772542209
55121,"Wisconsin","Trempealeau","canola",6.25309299868634
55121,"Wisconsin","Trempealeau","corn",23886.4822098112
55121,"Wisconsin","Trempealeau","grain sorghum",6.71890311482037
55121,"Wisconsin","Trempealeau","oats",782.822537516674
55121,"Wisconsin","Trempealeau","soybeans",11311.5942952828
55121,"Wisconsin","Trempealeau","sunflower",1.50346105577111
55121,"Wisconsin","Trempealeau","wheat",112.909653414801
55123,"Wisconsin","Vernon","barley",81.2305324257455
55123,"Wisconsin","Vernon","corn",19501.1661948749
55123,"Wisconsin","Vernon","grain sorghum",1.24504222340686
55123,"Wisconsin","Vernon","oats",1518.35802917065
55123,"Wisconsin","Vernon","soybeans",10502.502203196
55123,"Wisconsin","Vernon","sunflower",1.78267770876045
55123,"Wisconsin","Vernon","wheat",317.027050453723
55125,"Wisconsin","Vilas","barley",0
55125,"Wisconsin","Vilas","oats",0
55127,"Wisconsin","Walworth","barley",14.0349696351659
55127,"Wisconsin","Walworth","canola",0.0169266816036253
55127,"Wisconsin","Walworth","corn",8774.81831820945
55127,"Wisconsin","Walworth","dry peas",2.67695469561334
55127,"Wisconsin","Walworth","grain sorghum",0.848308859701686
55127,"Wisconsin","Walworth","oats",70.7057958610314
55127,"Wisconsin","Walworth","soybeans",4681.73749266825
55127,"Wisconsin","Walworth","sunflower",0.275058576058911
55127,"Wisconsin","Walworth","wheat",340.422819006286
55129,"Wisconsin","Washburn","barley",35.7537177993041
55129,"Wisconsin","Washburn","corn",4007.23945366894
55129,"Wisconsin","Washburn","oats",263.643795466443
55129,"Wisconsin","Washburn","soybeans",2494.67451503961
55129,"Wisconsin","Washburn","sunflower",72.6641397025286
55129,"Wisconsin","Washburn","wheat",178.168749244043
55131,"Wisconsin","Washington","barley",28.8604005686213
55131,"Wisconsin","Washington","corn",5909.2841271069
55131,"Wisconsin","Washington","dry peas",24.5648137791894
55131,"Wisconsin","Washington","grain sorghum",2.42108222119988
55131,"Wisconsin","Washington","oats",347.539016240452
55131,"Wisconsin","Washington","soybeans",4038.9249285174
55131,"Wisconsin","Washington","sunflower",0.509894589010278
55131,"Wisconsin","Washington","wheat",843.165727524432
55133,"Wisconsin","Waukesha","barley",1.57596126547947
55133,"Wisconsin","Waukesha","corn",695.444991276276
55133,"Wisconsin","Waukesha","dry peas",1.38848631940013
55133,"Wisconsin","Waukesha","oats",13.5256143285768
55133,"Wisconsin","Waukesha","soybeans",570.903216916704
55133,"Wisconsin","Waukesha","sunflower",1.66266842804117
55133,"Wisconsin","Waukesha","wheat",68.3599269636411
55135,"Wisconsin","Waupaca","barley",21.882153561743
55135,"Wisconsin","Waupaca","corn",9920.73614067432
55135,"Wisconsin","Waupaca","grain sorghum",0.594116721485191
55135,"Wisconsin","Waupaca","oats",315.123764457222
55135,"Wisconsin","Waupaca","soybeans",4718.48973220204
55135,"Wisconsin","Waupaca","sunflower",1.88136961803644
55135,"Wisconsin","Waupaca","wheat",470.283811179553
55137,"Wisconsin","Waushara","barley",4.83305066123762
55137,"Wisconsin","Waushara","corn",6528.06648330555
55137,"Wisconsin","Waushara","mustard",36.3363090299302
55137,"Wisconsin","Waushara","oats",119.19466978742
55137,"Wisconsin","Waushara","soybeans",2874.73480530112
55137,"Wisconsin","Waushara","sunflower",17.7758510015446
55137,"Wisconsin","Waushara","wheat",100.719103666856
55139,"Wisconsin","Winnebago","barley",18.441623692467
55139,"Wisconsin","Winnebago","corn",9462.51541517332
55139,"Wisconsin","Winnebago","grain sorghum",21.2293872562026
55139,"Wisconsin","Winnebago","oats",120.63994559185
55139,"Wisconsin","Winnebago","soybeans",6931.08214068295
55139,"Wisconsin","Winnebago","sunflower",4.14594262447406
55139,"Wisconsin","Winnebago","wheat",1333.70084883089
55141,"Wisconsin","Wood","barley",71.1176396812774
55141,"Wisconsin","Wood","corn",10446.7571578795
55141,"Wisconsin","Wood","dry peas",6.94581671840674
55141,"Wisconsin","Wood","oats",512.061192905303
55141,"Wisconsin","Wood","soybeans",5742.06449568229
55141,"Wisconsin","Wood","sunflower",2.98052115856583
55141,"Wisconsin","Wood","wheat",330.903545010388
56003,"Wyoming","Big Horn","barley",16146.5356286353
56003,"Wyoming","Big Horn","canola",67.9482449723124
56003,"Wyoming","Big Horn","corn",9223.55297587258
56003,"Wyoming","Big Horn","dry peas",150.379173015866
56003,"Wyoming","Big Horn","grain sorghum",208.562284496444
56003,"Wyoming","Big Horn","mustard",40.2836023764424
56003,"Wyoming","Big Horn","oats",1891.56265732351
56003,"Wyoming","Big Horn","soybeans",56.9503361789367
56003,"Wyoming","Big Horn","sunflower",490.188346122401
56003,"Wyoming","Big Horn","wheat",684.823181777948
56005,"Wyoming","Campbell","barley",6145.19230543734
56005,"Wyoming","Campbell","corn",169.824494309022
56005,"Wyoming","Campbell","oats",3530.91088944589
56005,"Wyoming","Campbell","wheat",10007.6674584017
56007,"Wyoming","Carbon","barley",0
56009,"Wyoming","Converse","barley",2377.78214943624
56009,"Wyoming","Converse","corn",1667.56800382353
56009,"Wyoming","Converse","oats",4628.96821412848
56009,"Wyoming","Converse","wheat",958.726932516545
56011,"Wyoming","Crook","barley",11979.7353633188
56011,"Wyoming","Crook","corn",2620.82804324229
56011,"Wyoming","Crook","oats",21259.4738251132
56011,"Wyoming","Crook","safflower",504.688025749799
56011,"Wyoming","Crook","soybeans",78.7251469499154
56011,"Wyoming","Crook","wheat",32370.0055804769
56013,"Wyoming","Fremont","barley",14012.7438197909
56013,"Wyoming","Fremont","corn",15854.8143374498
56013,"Wyoming","Fremont","grain sorghum",326.368798949826
56013,"Wyoming","Fremont","oats",5533.28467555378
56013,"Wyoming","Fremont","wheat",193.406016647388
56015,"Wyoming","Goshen","barley",0
56015,"Wyoming","Goshen","corn",0
56015,"Wyoming","Goshen","grain sorghum",0
56015,"Wyoming","Goshen","oats",0
56015,"Wyoming","Goshen","safflower",0
56015,"Wyoming","Goshen","soybeans",0
56015,"Wyoming","Goshen","sunflower",0
56015,"Wyoming","Goshen","wheat",0
56017,"Wyoming","Hot Springs","barley",3363.34370900215
56017,"Wyoming","Hot Springs","corn",498.621491537079
56017,"Wyoming","Hot Springs","oats",791.311852261052
56017,"Wyoming","Hot Springs","wheat",737.729371273255
56019,"Wyoming","Johnson","barley",6011.57744173878
56019,"Wyoming","Johnson","corn",678.919395625755
56019,"Wyoming","Johnson","oats",2599.02761480999
56019,"Wyoming","Johnson","wheat",1074.84015838198
56021,"Wyoming","Laramie","barley",264.148477415102
56021,"Wyoming","Laramie","canola",8.28824556295952
56021,"Wyoming","Laramie","corn",5583.75801486717
56021,"Wyoming","Laramie","dry peas",540.770599297964
56021,"Wyoming","Laramie","grain sorghum",23.9542542019449
56021,"Wyoming","Laramie","lentils",102.788554036783
56021,"Wyoming","Laramie","oats",687.506117009316
56021,"Wyoming","Laramie","safflower",19.2044043107219
56021,"Wyoming","Laramie","soybeans",54.0393885879116
56021,"Wyoming","Laramie","sunflower",933.029431710974
56021,"Wyoming","Laramie","wheat",21668.2408327443
56023,"Wyoming","Lincoln","barley",5579.01668424576
56023,"Wyoming","Lincoln","oats",2720.47098153887
56023,"Wyoming","Lincoln","wheat",236.582929974433
56025,"Wyoming","Natrona","barley",1765.75362635324
56025,"Wyoming","Natrona","corn",1450.60337175817
56025,"Wyoming","Natrona","oats",580.355373780877
56025,"Wyoming","Natrona","wheat",950.845440806031
56027,"Wyoming","Niobrara","barley",0
56027,"Wyoming","Niobrara","corn",0
56027,"Wyoming","Niobrara","grain sorghum",0
56027,"Wyoming","Niobrara","oats",0
56027,"Wyoming","Niobrara","wheat",0
56029,"Wyoming","Park","barley",16578.8128575135
56029,"Wyoming","Park","corn",6547.51183286384
56029,"Wyoming","Park","flaxseed",31.7855751417581
56029,"Wyoming","Park","oats",863.46377953751
56029,"Wyoming","Park","safflower",262.679027498898
56029,"Wyoming","Park","soybeans",26.3926921922484
56029,"Wyoming","Park","sunflower",253.86900281502
56029,"Wyoming","Park","wheat",784.352770414367
56031,"Wyoming","Platte","barley",0
56031,"Wyoming","Platte","corn",0
56031,"Wyoming","Platte","oats",0
56031,"Wyoming","Platte","sunflower",0
56031,"Wyoming","Platte","wheat",0
56033,"Wyoming","Sheridan","barley",4647.65954009115
56033,"Wyoming","Sheridan","corn",4480.6464764858
56033,"Wyoming","Sheridan","dry peas",5.95725213404108
56033,"Wyoming","Sheridan","lentils",4.93723342332038
56033,"Wyoming","Sheridan","oats",2450.6249530568
56033,"Wyoming","Sheridan","sunflower",43.2436503830752
56033,"Wyoming","Sheridan","wheat",1951.01293127716
56035,"Wyoming","Sublette","barley",1563.22386909164
56037,"Wyoming","Sweetwater","barley",3898.12695876488
56037,"Wyoming","Sweetwater","oats",1935.36553343091
56039,"Wyoming","Teton","barley",568.056338299623
56039,"Wyoming","Teton","wheat",31.9074241309189
56041,"Wyoming","Uinta","oats",2993.22362740257
56043,"Wyoming","Washakie","barley",9191.45549166888
56043,"Wyoming","Washakie","corn",4541.20588062944
56043,"Wyoming","Washakie","grain sorghum",87.2960593813669
56043,"Wyoming","Washakie","oats",199.094769901185
56043,"Wyoming","Washakie","wheat",96.5068376993782
56045,"Wyoming","Weston","barley",2871.71659600346
56045,"Wyoming","Weston","oats",8902.17537289245
56045,"Wyoming","Weston","wheat",14140.7069194605
