"fips","state","county","crop","additional_base_acres"
1001,"Alabama","Autauga","corn",0
1001,"Alabama","Autauga","cotton",0
1001,"Alabama","Autauga","grain sorghum",0
1001,"Alabama","Autauga","oats",0
1001,"Alabama","Autauga","peanuts",0
1001,"Alabama","Autauga","rapeseed",0
1001,"Alabama","Autauga","sesame",0
1001,"Alabama","Autauga","soybeans",0
1001,"Alabama","Autauga","sunflower",0
1001,"Alabama","Autauga","wheat",0
1003,"Alabama","Baldwin","corn",282.100851418332
1003,"Alabama","Baldwin","cotton",465.989208833118
1003,"Alabama","Baldwin","grain sorghum",19.9432720884078
1003,"Alabama","Baldwin","oats",81.9857707071463
1003,"Alabama","Baldwin","peanuts",752.508103443351
1003,"Alabama","Baldwin","soybeans",423.583411964641
1003,"Alabama","Baldwin","wheat",87.5980615449937
1005,"Alabama","Barbour","corn",0
1005,"Alabama","Barbour","cotton",0
1005,"Alabama","Barbour","grain sorghum",0
1005,"Alabama","Barbour","oats",0
1005,"Alabama","Barbour","peanuts",0
1005,"Alabama","Barbour","sesame",0
1005,"Alabama","Barbour","soybeans",0
1005,"Alabama","Barbour","wheat",0
1007,"Alabama","Bibb","corn",0
1007,"Alabama","Bibb","cotton",0
1007,"Alabama","Bibb","soybeans",0
1007,"Alabama","Bibb","wheat",0
1009,"Alabama","Blount","corn",293.948218860211
1009,"Alabama","Blount","cotton",323.372938381333
1009,"Alabama","Blount","peanuts",35.0903360140777
1009,"Alabama","Blount","soybeans",395.16533013128
1009,"Alabama","Blount","wheat",33.7251766130978
1011,"Alabama","Bullock","corn",0
1011,"Alabama","Bullock","cotton",0
1011,"Alabama","Bullock","grain sorghum",0
1011,"Alabama","Bullock","peanuts",0
1011,"Alabama","Bullock","sesame",0
1011,"Alabama","Bullock","soybeans",0
1011,"Alabama","Bullock","wheat",0
1013,"Alabama","Butler","corn",0
1013,"Alabama","Butler","cotton",0
1013,"Alabama","Butler","grain sorghum",0
1013,"Alabama","Butler","peanuts",0
1013,"Alabama","Butler","soybeans",0
1013,"Alabama","Butler","wheat",0
1015,"Alabama","Calhoun","corn",247.533831996979
1015,"Alabama","Calhoun","cotton",559.314953805749
1015,"Alabama","Calhoun","grain sorghum",5.97677057120013
1015,"Alabama","Calhoun","peanuts",7.8965631675846
1015,"Alabama","Calhoun","soybeans",327.608274366927
1015,"Alabama","Calhoun","wheat",154.504146091558
1017,"Alabama","Chambers","corn",0
1017,"Alabama","Chambers","cotton",0
1017,"Alabama","Chambers","wheat",0
1019,"Alabama","Cherokee","corn",762.089900518836
1019,"Alabama","Cherokee","cotton",5050.49449867956
1019,"Alabama","Cherokee","oats",55.526334461031
1019,"Alabama","Cherokee","peanuts",28.0835610849973
1019,"Alabama","Cherokee","soybeans",1103.57776241278
1019,"Alabama","Cherokee","sunflower",6.77692049173234
1019,"Alabama","Cherokee","wheat",283.19196901773
1021,"Alabama","Chilton","corn",0
1021,"Alabama","Chilton","cotton",0
1021,"Alabama","Chilton","soybeans",0
1021,"Alabama","Chilton","wheat",0
1023,"Alabama","Choctaw","cotton",0
1023,"Alabama","Choctaw","soybeans",0
1025,"Alabama","Clarke","corn",0
1025,"Alabama","Clarke","cotton",0
1025,"Alabama","Clarke","peanuts",0
1027,"Alabama","Clay","corn",14.0304467078146
1027,"Alabama","Clay","soybeans",25.8205532921853
1029,"Alabama","Cleburne","corn",0
1029,"Alabama","Cleburne","grain sorghum",0
1029,"Alabama","Cleburne","soybeans",0
1029,"Alabama","Cleburne","wheat",0
1031,"Alabama","Coffee","corn",0
1031,"Alabama","Coffee","cotton",0
1031,"Alabama","Coffee","dry peas",0
1031,"Alabama","Coffee","oats",0
1031,"Alabama","Coffee","peanuts",0
1031,"Alabama","Coffee","soybeans",0
1031,"Alabama","Coffee","sunflower",0
1031,"Alabama","Coffee","wheat",0
1033,"Alabama","Colbert","corn",5704.26384310313
1033,"Alabama","Colbert","cotton",3137.56937504111
1033,"Alabama","Colbert","peanuts",6.06631325666357
1033,"Alabama","Colbert","soybeans",6500.22727877821
1033,"Alabama","Colbert","wheat",5045.72997982089
1035,"Alabama","Conecuh","corn",0
1035,"Alabama","Conecuh","cotton",0
1035,"Alabama","Conecuh","grain sorghum",0
1035,"Alabama","Conecuh","oats",0
1035,"Alabama","Conecuh","peanuts",0
1035,"Alabama","Conecuh","soybeans",0
1035,"Alabama","Conecuh","sunflower",0
1035,"Alabama","Conecuh","wheat",0
1039,"Alabama","Covington","barley",0
1039,"Alabama","Covington","corn",0
1039,"Alabama","Covington","cotton",0
1039,"Alabama","Covington","oats",0
1039,"Alabama","Covington","peanuts",0
1039,"Alabama","Covington","soybeans",0
1039,"Alabama","Covington","sunflower",0
1039,"Alabama","Covington","wheat",0
1041,"Alabama","Crenshaw","corn",0
1041,"Alabama","Crenshaw","cotton",0
1041,"Alabama","Crenshaw","oats",0
1041,"Alabama","Crenshaw","peanuts",0
1041,"Alabama","Crenshaw","soybeans",0
1041,"Alabama","Crenshaw","wheat",0
1043,"Alabama","Cullman","corn",633.90583943258
1043,"Alabama","Cullman","cotton",91.441206789672
1043,"Alabama","Cullman","oats",1.0380769669399
1043,"Alabama","Cullman","peanuts",3.34562229017851
1043,"Alabama","Cullman","soybeans",1659.99272445009
1043,"Alabama","Cullman","wheat",269.902983403872
1045,"Alabama","Dale","corn",0
1045,"Alabama","Dale","cotton",0
1045,"Alabama","Dale","dry peas",0
1045,"Alabama","Dale","grain sorghum",0
1045,"Alabama","Dale","oats",0
1045,"Alabama","Dale","peanuts",0
1045,"Alabama","Dale","soybeans",0
1045,"Alabama","Dale","sunflower",0
1045,"Alabama","Dale","wheat",0
1047,"Alabama","Dallas","corn",0
1047,"Alabama","Dallas","cotton",0
1047,"Alabama","Dallas","grain sorghum",0
1047,"Alabama","Dallas","oats",0
1047,"Alabama","Dallas","peanuts",0
1047,"Alabama","Dallas","soybeans",0
1047,"Alabama","Dallas","wheat",0
1049,"Alabama","DeKalb","barley",0
1049,"Alabama","DeKalb","corn",0
1049,"Alabama","DeKalb","cotton",0
1049,"Alabama","DeKalb","grain sorghum",0
1049,"Alabama","DeKalb","oats",0
1049,"Alabama","DeKalb","peanuts",0
1049,"Alabama","DeKalb","soybeans",0
1049,"Alabama","DeKalb","wheat",0
1051,"Alabama","Elmore","corn",0
1051,"Alabama","Elmore","cotton",0
1051,"Alabama","Elmore","grain sorghum",0
1051,"Alabama","Elmore","peanuts",0
1051,"Alabama","Elmore","soybeans",0
1051,"Alabama","Elmore","wheat",0
1053,"Alabama","Escambia","corn",672.576951171728
1053,"Alabama","Escambia","cotton",2088.11088768519
1053,"Alabama","Escambia","grain sorghum",1.65962262332963
1053,"Alabama","Escambia","oats",52.9307190793474
1053,"Alabama","Escambia","peanuts",1365.44369902929
1053,"Alabama","Escambia","soybeans",422.882765811975
1053,"Alabama","Escambia","wheat",120.402087932463
1055,"Alabama","Etowah","corn",730.822178827368
1055,"Alabama","Etowah","cotton",968.869109962358
1055,"Alabama","Etowah","oats",44.9910335753282
1055,"Alabama","Etowah","soybeans",813.586275190646
1055,"Alabama","Etowah","wheat",48.4792624443015
1057,"Alabama","Fayette","corn",0
1057,"Alabama","Fayette","cotton",0
1057,"Alabama","Fayette","grain sorghum",0
1057,"Alabama","Fayette","peanuts",0
1057,"Alabama","Fayette","soybeans",0
1057,"Alabama","Fayette","wheat",0
1059,"Alabama","Franklin","corn",1403.16366382839
1059,"Alabama","Franklin","cotton",585.982950967156
1059,"Alabama","Franklin","grain sorghum",42.5620411511039
1059,"Alabama","Franklin","peanuts",81.6980248336566
1059,"Alabama","Franklin","soybeans",1401.74295008913
1059,"Alabama","Franklin","wheat",580.174369130566
1061,"Alabama","Geneva","corn",0
1061,"Alabama","Geneva","cotton",0
1061,"Alabama","Geneva","grain sorghum",0
1061,"Alabama","Geneva","oats",0
1061,"Alabama","Geneva","peanuts",0
1061,"Alabama","Geneva","soybeans",0
1061,"Alabama","Geneva","sunflower",0
1061,"Alabama","Geneva","wheat",0
1063,"Alabama","Greene","corn",0
1063,"Alabama","Greene","cotton",0
1063,"Alabama","Greene","grain sorghum",0
1063,"Alabama","Greene","oats",0
1063,"Alabama","Greene","peanuts",0
1063,"Alabama","Greene","soybeans",0
1063,"Alabama","Greene","wheat",0
1065,"Alabama","Hale","corn",0
1065,"Alabama","Hale","cotton",0
1065,"Alabama","Hale","grain sorghum",0
1065,"Alabama","Hale","oats",0
1065,"Alabama","Hale","soybeans",0
1065,"Alabama","Hale","wheat",0
1067,"Alabama","Henry","corn",0
1067,"Alabama","Henry","cotton",0
1067,"Alabama","Henry","grain sorghum",0
1067,"Alabama","Henry","oats",0
1067,"Alabama","Henry","peanuts",0
1067,"Alabama","Henry","soybeans",0
1067,"Alabama","Henry","sunflower",0
1067,"Alabama","Henry","wheat",0
1069,"Alabama","Houston","corn",0
1069,"Alabama","Houston","cotton",0
1069,"Alabama","Houston","grain sorghum",0
1069,"Alabama","Houston","oats",0
1069,"Alabama","Houston","peanuts",0
1069,"Alabama","Houston","sesame",0
1069,"Alabama","Houston","soybeans",0
1069,"Alabama","Houston","sunflower",0
1069,"Alabama","Houston","wheat",0
1071,"Alabama","Jackson","barley",0
1071,"Alabama","Jackson","corn",0
1071,"Alabama","Jackson","cotton",0
1071,"Alabama","Jackson","grain sorghum",0
1071,"Alabama","Jackson","oats",0
1071,"Alabama","Jackson","peanuts",0
1071,"Alabama","Jackson","rapeseed",0
1071,"Alabama","Jackson","soybeans",0
1071,"Alabama","Jackson","wheat",0
1075,"Alabama","Lamar","corn",0
1075,"Alabama","Lamar","cotton",0
1075,"Alabama","Lamar","peanuts",0
1075,"Alabama","Lamar","soybeans",0
1075,"Alabama","Lamar","wheat",0
1077,"Alabama","Lauderdale","corn",6553.3192337986
1077,"Alabama","Lauderdale","cotton",5102.4352900553
1077,"Alabama","Lauderdale","grain sorghum",36.0616509638992
1077,"Alabama","Lauderdale","oats",18.3552689156071
1077,"Alabama","Lauderdale","rapeseed",64.2225641860729
1077,"Alabama","Lauderdale","soybeans",5948.79612800874
1077,"Alabama","Lauderdale","sunflower",16.8608627969424
1077,"Alabama","Lauderdale","wheat",3318.79633460817
1079,"Alabama","Lawrence","barley",3.0652788260763
1079,"Alabama","Lawrence","corn",11428.9787304706
1079,"Alabama","Lawrence","cotton",6493.13845244702
1079,"Alabama","Lawrence","grain sorghum",40.305825143606
1079,"Alabama","Lawrence","peanuts",127.040258825078
1079,"Alabama","Lawrence","rapeseed",40.7963437963296
1079,"Alabama","Lawrence","soybeans",9920.66089814687
1079,"Alabama","Lawrence","sunflower",14.0121743438391
1079,"Alabama","Lawrence","wheat",5492.3984380006
1081,"Alabama","Lee","corn",0
1081,"Alabama","Lee","cotton",0
1081,"Alabama","Lee","grain sorghum",0
1081,"Alabama","Lee","peanuts",0
1081,"Alabama","Lee","sesame",0
1081,"Alabama","Lee","soybeans",0
1081,"Alabama","Lee","wheat",0
1083,"Alabama","Limestone","barley",3.30205874230822
1083,"Alabama","Limestone","corn",5723.10789180711
1083,"Alabama","Limestone","cotton",6341.63791216951
1083,"Alabama","Limestone","grain sorghum",462.321244510574
1083,"Alabama","Limestone","oats",5.43442667628341
1083,"Alabama","Limestone","rapeseed",150.642459869287
1083,"Alabama","Limestone","soybeans",12836.7402134493
1083,"Alabama","Limestone","sunflower",9.60391084974413
1083,"Alabama","Limestone","wheat",7005.99886192587
1085,"Alabama","Lowndes","corn",0
1085,"Alabama","Lowndes","cotton",0
1085,"Alabama","Lowndes","grain sorghum",0
1085,"Alabama","Lowndes","oats",0
1085,"Alabama","Lowndes","peanuts",0
1085,"Alabama","Lowndes","sesame",0
1085,"Alabama","Lowndes","soybeans",0
1085,"Alabama","Lowndes","sunflower",0
1085,"Alabama","Lowndes","wheat",0
1087,"Alabama","Macon","corn",0
1087,"Alabama","Macon","cotton",0
1087,"Alabama","Macon","grain sorghum",0
1087,"Alabama","Macon","peanuts",0
1087,"Alabama","Macon","sesame",0
1087,"Alabama","Macon","soybeans",0
1087,"Alabama","Macon","wheat",0
1089,"Alabama","Madison","corn",2816.34697767779
1089,"Alabama","Madison","cotton",2671.00812583619
1089,"Alabama","Madison","soybeans",3154.25797226206
1089,"Alabama","Madison","wheat",1339.34364422395
1091,"Alabama","Marengo","canola",0
1091,"Alabama","Marengo","corn",0
1091,"Alabama","Marengo","cotton",0
1091,"Alabama","Marengo","grain sorghum",0
1091,"Alabama","Marengo","oats",0
1091,"Alabama","Marengo","soybeans",0
1091,"Alabama","Marengo","sunflower",0
1091,"Alabama","Marengo","wheat",0
1093,"Alabama","Marion","corn",0
1093,"Alabama","Marion","cotton",0
1093,"Alabama","Marion","peanuts",0
1093,"Alabama","Marion","soybeans",0
1093,"Alabama","Marion","wheat",0
1095,"Alabama","Marshall","corn",0
1095,"Alabama","Marshall","cotton",0
1095,"Alabama","Marshall","grain sorghum",0
1095,"Alabama","Marshall","soybeans",0
1095,"Alabama","Marshall","wheat",0
1097,"Alabama","Mobile","corn",0
1097,"Alabama","Mobile","cotton",0
1097,"Alabama","Mobile","dry peas",0
1097,"Alabama","Mobile","grain sorghum",0
1097,"Alabama","Mobile","oats",0
1097,"Alabama","Mobile","peanuts",0
1097,"Alabama","Mobile","soybeans",0
1097,"Alabama","Mobile","wheat",0
1099,"Alabama","Monroe","corn",0
1099,"Alabama","Monroe","cotton",0
1099,"Alabama","Monroe","grain sorghum",0
1099,"Alabama","Monroe","oats",0
1099,"Alabama","Monroe","peanuts",0
1099,"Alabama","Monroe","soybeans",0
1099,"Alabama","Monroe","sunflower",0
1099,"Alabama","Monroe","wheat",0
1101,"Alabama","Montgomery","corn",0
1101,"Alabama","Montgomery","cotton",0
1101,"Alabama","Montgomery","grain sorghum",0
1101,"Alabama","Montgomery","oats",0
1101,"Alabama","Montgomery","sesame",0
1101,"Alabama","Montgomery","soybeans",0
1101,"Alabama","Montgomery","sunflower",0
1101,"Alabama","Montgomery","wheat",0
1103,"Alabama","Morgan","corn",655.270189295987
1103,"Alabama","Morgan","cotton",192.006239852958
1103,"Alabama","Morgan","grain sorghum",6.02648925442462
1103,"Alabama","Morgan","rice_long grain",2.01512702342307
1103,"Alabama","Morgan","soybeans",1191.49221564745
1103,"Alabama","Morgan","wheat",317.306938925755
1105,"Alabama","Perry","corn",0
1105,"Alabama","Perry","cotton",0
1105,"Alabama","Perry","soybeans",0
1105,"Alabama","Perry","wheat",0
1107,"Alabama","Pickens","corn",0
1107,"Alabama","Pickens","cotton",0
1107,"Alabama","Pickens","peanuts",0
1107,"Alabama","Pickens","soybeans",0
1107,"Alabama","Pickens","sunflower",0
1107,"Alabama","Pickens","wheat",0
1109,"Alabama","Pike","corn",0
1109,"Alabama","Pike","cotton",0
1109,"Alabama","Pike","oats",0
1109,"Alabama","Pike","peanuts",0
1109,"Alabama","Pike","soybeans",0
1109,"Alabama","Pike","wheat",0
1111,"Alabama","Randolph","corn",0
1111,"Alabama","Randolph","cotton",0
1111,"Alabama","Randolph","grain sorghum",0
1111,"Alabama","Randolph","oats",0
1111,"Alabama","Randolph","soybeans",0
1111,"Alabama","Randolph","wheat",0
1113,"Alabama","Russell","corn",0
1113,"Alabama","Russell","cotton",0
1113,"Alabama","Russell","grain sorghum",0
1113,"Alabama","Russell","oats",0
1113,"Alabama","Russell","peanuts",0
1113,"Alabama","Russell","sesame",0
1113,"Alabama","Russell","soybeans",0
1113,"Alabama","Russell","wheat",0
1117,"Alabama","Shelby","corn",275.780701823245
1117,"Alabama","Shelby","cotton",1094.85372908241
1117,"Alabama","Shelby","soybeans",346.707299912871
1117,"Alabama","Shelby","sunflower",1.81439987850824
1117,"Alabama","Shelby","wheat",68.559369302964
1115,"Alabama","St. Clair","corn",45.3714231531835
1115,"Alabama","St. Clair","cotton",152.405840251096
1115,"Alabama","St. Clair","soybeans",76.1486027380355
1115,"Alabama","St. Clair","wheat",80.5501338576847
1119,"Alabama","Sumter","corn",0
1119,"Alabama","Sumter","cotton",0
1119,"Alabama","Sumter","soybeans",0
1119,"Alabama","Sumter","wheat",0
1121,"Alabama","Talladega","corn",0
1121,"Alabama","Talladega","cotton",0
1121,"Alabama","Talladega","oats",0
1121,"Alabama","Talladega","soybeans",0
1121,"Alabama","Talladega","wheat",0
1123,"Alabama","Tallapoosa","corn",0
1123,"Alabama","Tallapoosa","cotton",0
1123,"Alabama","Tallapoosa","grain sorghum",0
1123,"Alabama","Tallapoosa","peanuts",0
1123,"Alabama","Tallapoosa","soybeans",0
1123,"Alabama","Tallapoosa","wheat",0
1125,"Alabama","Tuscaloosa","corn",0
1125,"Alabama","Tuscaloosa","cotton",0
1125,"Alabama","Tuscaloosa","grain sorghum",0
1125,"Alabama","Tuscaloosa","peanuts",0
1125,"Alabama","Tuscaloosa","soybeans",0
1125,"Alabama","Tuscaloosa","wheat",0
1127,"Alabama","Walker","corn",616.827719774235
1127,"Alabama","Walker","cotton",326.849151896227
1127,"Alabama","Walker","grain sorghum",130.279059312803
1127,"Alabama","Walker","soybeans",549.345863253787
1127,"Alabama","Walker","wheat",267.598205762947
1129,"Alabama","Washington","corn",0
1129,"Alabama","Washington","cotton",0
1129,"Alabama","Washington","grain sorghum",0
1129,"Alabama","Washington","peanuts",0
1129,"Alabama","Washington","soybeans",0
1131,"Alabama","Wilcox","corn",0
1131,"Alabama","Wilcox","cotton",0
1131,"Alabama","Wilcox","soybeans",0
1131,"Alabama","Wilcox","sunflower",0
1131,"Alabama","Wilcox","wheat",0
1133,"Alabama","Winston","corn",172.315057043435
1133,"Alabama","Winston","soybeans",126.34041139013
1133,"Alabama","Winston","wheat",7.46719823310194
2002,"Alaska","Delta","barley",5949.00179748999
2002,"Alaska","Delta","canola",61.4026895659982
2002,"Alaska","Delta","dry peas",239.579416549067
2002,"Alaska","Delta","oats",1324.80155535522
2002,"Alaska","Delta","wheat",398.153274373057
2001,"Alaska","Fairbanks","barley",86.9820527936647
2001,"Alaska","Fairbanks","corn",1.45062720633524
2003,"Alaska","Homer","oats",9.99
2005,"Alaska","Palmer","dry peas",0.02
4003,"Arizona","Cochise","barley",1170.65964912644
4003,"Arizona","Cochise","corn",14223.6554145873
4003,"Arizona","Cochise","cotton",1652.08318407316
4003,"Arizona","Cochise","dry peas",67.0330062591161
4003,"Arizona","Cochise","grain sorghum",1011.94244353859
4003,"Arizona","Cochise","oats",1499.03993672278
4003,"Arizona","Cochise","sunflower",95.9557387136278
4003,"Arizona","Cochise","wheat",2906.38496031229
4009,"Arizona","Graham","barley",0
4009,"Arizona","Graham","corn",0
4009,"Arizona","Graham","cotton",0
4009,"Arizona","Graham","grain sorghum",0
4009,"Arizona","Graham","oats",0
4009,"Arizona","Graham","sunflower",0
4009,"Arizona","Graham","wheat",0
4011,"Arizona","Greenlee","barley",0
4011,"Arizona","Greenlee","corn",0
4011,"Arizona","Greenlee","cotton",0
4011,"Arizona","Greenlee","oats",0
4011,"Arizona","Greenlee","wheat",0
4012,"Arizona","La Paz","barley",0
4012,"Arizona","La Paz","chickpeas_large",0
4012,"Arizona","La Paz","corn",0
4012,"Arizona","La Paz","cotton",0
4012,"Arizona","La Paz","dry peas",0
4012,"Arizona","La Paz","grain sorghum",0
4012,"Arizona","La Paz","oats",0
4012,"Arizona","La Paz","wheat",0
4013,"Arizona","Maricopa","barley",0
4013,"Arizona","Maricopa","chickpeas_large",0
4013,"Arizona","Maricopa","corn",0
4013,"Arizona","Maricopa","cotton",0
4013,"Arizona","Maricopa","dry peas",0
4013,"Arizona","Maricopa","oats",0
4013,"Arizona","Maricopa","sunflower",0
4013,"Arizona","Maricopa","wheat",0
4015,"Arizona","Mohave","oats",0
4015,"Arizona","Mohave","wheat",0
4017,"Arizona","Navajo","corn",464.76
4019,"Arizona","Pima","barley",0
4019,"Arizona","Pima","corn",0
4019,"Arizona","Pima","cotton",0
4019,"Arizona","Pima","grain sorghum",0
4019,"Arizona","Pima","oats",0
4019,"Arizona","Pima","sesame",0
4019,"Arizona","Pima","wheat",0
4021,"Arizona","Pinal","barley",0
4021,"Arizona","Pinal","chickpeas_large",0
4021,"Arizona","Pinal","corn",0
4021,"Arizona","Pinal","cotton",0
4021,"Arizona","Pinal","dry peas",0
4021,"Arizona","Pinal","grain sorghum",0
4021,"Arizona","Pinal","mustard",0
4021,"Arizona","Pinal","oats",0
4021,"Arizona","Pinal","soybeans",0
4021,"Arizona","Pinal","sunflower",0
4021,"Arizona","Pinal","wheat",0
4023,"Arizona","Santa Cruz","barley",205.09
4025,"Arizona","Yavapai","barley",10.9369050764718
4025,"Arizona","Yavapai","corn",18.4762600488165
4025,"Arizona","Yavapai","oats",89.9982909734196
4025,"Arizona","Yavapai","wheat",18.9285439012921
4027,"Arizona","Yuma","barley",0
4027,"Arizona","Yuma","corn",0
4027,"Arizona","Yuma","cotton",0
4027,"Arizona","Yuma","dry peas",0
4027,"Arizona","Yuma","grain sorghum",0
4027,"Arizona","Yuma","mustard",0
4027,"Arizona","Yuma","oats",0
4027,"Arizona","Yuma","safflower",0
4027,"Arizona","Yuma","sunflower",0
4027,"Arizona","Yuma","wheat",0
5001,"Arkansas","Arkansas","corn",0
5001,"Arkansas","Arkansas","dry peas",0
5001,"Arkansas","Arkansas","grain sorghum",0
5001,"Arkansas","Arkansas","oats",0
5001,"Arkansas","Arkansas","rice_long grain",0
5001,"Arkansas","Arkansas","rice_short/medium grain",0
5001,"Arkansas","Arkansas","soybeans",0
5001,"Arkansas","Arkansas","sunflower",0
5001,"Arkansas","Arkansas","wheat",0
5003,"Arkansas","Ashley","corn",2520.744571658
5003,"Arkansas","Ashley","cotton",1347.14515883889
5003,"Arkansas","Ashley","grain sorghum",3.8666938486739
5003,"Arkansas","Ashley","oats",46.3904069406343
5003,"Arkansas","Ashley","peanuts",15.3292434124434
5003,"Arkansas","Ashley","rice_long grain",426.898381293559
5003,"Arkansas","Ashley","rice_short/medium grain",8.92104992253047
5003,"Arkansas","Ashley","sesame",11.4650851007194
5003,"Arkansas","Ashley","soybeans",2845.96569221509
5003,"Arkansas","Ashley","sunflower",0.591811041944397
5003,"Arkansas","Ashley","wheat",125.270905727495
5007,"Arkansas","Benton","corn",0
5007,"Arkansas","Benton","soybeans",0
5007,"Arkansas","Benton","wheat",0
5009,"Arkansas","Boone","corn",0
5015,"Arkansas","Carroll","corn",204.116596625309
5015,"Arkansas","Carroll","soybeans",135.178385700388
5015,"Arkansas","Carroll","wheat",152.223684340969
5017,"Arkansas","Chicot","corn",3184.75905344045
5017,"Arkansas","Chicot","cotton",1384.8391114007
5017,"Arkansas","Chicot","grain sorghum",46.7350691095342
5017,"Arkansas","Chicot","oats",6.81977957768602
5017,"Arkansas","Chicot","rice_long grain",1780.41231724152
5017,"Arkansas","Chicot","rice_short/medium grain",55.6806510900789
5017,"Arkansas","Chicot","soybeans",11688.1224601911
5017,"Arkansas","Chicot","sunflower",4.7564613136184
5017,"Arkansas","Chicot","wheat",285.735596635305
5019,"Arkansas","Clark","corn",0
5019,"Arkansas","Clark","cotton",0
5019,"Arkansas","Clark","grain sorghum",0
5019,"Arkansas","Clark","rice_long grain",0
5019,"Arkansas","Clark","rice_short/medium grain",0
5019,"Arkansas","Clark","soybeans",0
5019,"Arkansas","Clark","wheat",0
5021,"Arkansas","Clay","corn",0
5021,"Arkansas","Clay","cotton",0
5021,"Arkansas","Clay","grain sorghum",0
5021,"Arkansas","Clay","oats",0
5021,"Arkansas","Clay","peanuts",0
5021,"Arkansas","Clay","rice_long grain",0
5021,"Arkansas","Clay","rice_short/medium grain",0
5021,"Arkansas","Clay","soybeans",0
5021,"Arkansas","Clay","sunflower",0
5021,"Arkansas","Clay","wheat",0
5023,"Arkansas","Cleburne","corn",0
5029,"Arkansas","Conway","barley",0
5029,"Arkansas","Conway","corn",0
5029,"Arkansas","Conway","oats",0
5029,"Arkansas","Conway","rice_long grain",0
5029,"Arkansas","Conway","soybeans",0
5029,"Arkansas","Conway","wheat",0
5031,"Arkansas","Craighead","corn",2059.41251409733
5031,"Arkansas","Craighead","cotton",3381.82779875536
5031,"Arkansas","Craighead","dry peas",0.675270990272688
5031,"Arkansas","Craighead","grain sorghum",17.0013159726628
5031,"Arkansas","Craighead","oats",0.754080258179205
5031,"Arkansas","Craighead","peanuts",445.728959682938
5031,"Arkansas","Craighead","rice_long grain",2381.50499654578
5031,"Arkansas","Craighead","rice_short/medium grain",678.993359388723
5031,"Arkansas","Craighead","soybeans",3777.80778589388
5031,"Arkansas","Craighead","sunflower",0.163321838095744
5031,"Arkansas","Craighead","wheat",190.001429910072
5033,"Arkansas","Crawford","corn",0
5033,"Arkansas","Crawford","grain sorghum",0
5033,"Arkansas","Crawford","soybeans",0
5033,"Arkansas","Crawford","wheat",0
5035,"Arkansas","Crittenden","corn",0
5035,"Arkansas","Crittenden","cotton",0
5035,"Arkansas","Crittenden","grain sorghum",0
5035,"Arkansas","Crittenden","oats",0
5035,"Arkansas","Crittenden","peanuts",0
5035,"Arkansas","Crittenden","rice_long grain",0
5035,"Arkansas","Crittenden","rice_short/medium grain",0
5035,"Arkansas","Crittenden","soybeans",0
5035,"Arkansas","Crittenden","sunflower",0
5035,"Arkansas","Crittenden","wheat",0
5037,"Arkansas","Cross","corn",0
5037,"Arkansas","Cross","cotton",0
5037,"Arkansas","Cross","grain sorghum",0
5037,"Arkansas","Cross","oats",0
5037,"Arkansas","Cross","rice_long grain",0
5037,"Arkansas","Cross","rice_short/medium grain",0
5037,"Arkansas","Cross","soybeans",0
5037,"Arkansas","Cross","sunflower",0
5037,"Arkansas","Cross","wheat",0
5041,"Arkansas","Desha","corn",4202.05992005218
5041,"Arkansas","Desha","cotton",2933.08572616802
5041,"Arkansas","Desha","grain sorghum",14.6431678986535
5041,"Arkansas","Desha","oats",4.02491936959733
5041,"Arkansas","Desha","rice_long grain",2059.04538143354
5041,"Arkansas","Desha","rice_short/medium grain",175.03635236142
5041,"Arkansas","Desha","soybeans",11571.0026716762
5041,"Arkansas","Desha","sunflower",1.46772598748333
5041,"Arkansas","Desha","wheat",374.093468386227
5043,"Arkansas","Drew","corn",2061.42916028598
5043,"Arkansas","Drew","cotton",1307.58932732148
5043,"Arkansas","Drew","grain sorghum",2.0417734429435
5043,"Arkansas","Drew","oats",9.35108457611511
5043,"Arkansas","Drew","rice_long grain",1382.57116015357
5043,"Arkansas","Drew","rice_short/medium grain",113.079012204269
5043,"Arkansas","Drew","sesame",13.9486957549952
5043,"Arkansas","Drew","soybeans",3012.86099668803
5043,"Arkansas","Drew","sunflower",2.02556031343363
5043,"Arkansas","Drew","wheat",147.429229259189
5045,"Arkansas","Faulkner","corn",0
5045,"Arkansas","Faulkner","grain sorghum",0
5045,"Arkansas","Faulkner","oats",0
5045,"Arkansas","Faulkner","rice_long grain",0
5045,"Arkansas","Faulkner","soybeans",0
5045,"Arkansas","Faulkner","wheat",0
5047,"Arkansas","Franklin","corn",133.2606803399
5047,"Arkansas","Franklin","cotton",59.8809989193303
5047,"Arkansas","Franklin","grain sorghum",15.2148632816096
5047,"Arkansas","Franklin","oats",2.96326151928664
5047,"Arkansas","Franklin","rice_long grain",19.1258902202457
5047,"Arkansas","Franklin","soybeans",380.843870527174
5047,"Arkansas","Franklin","sunflower",7.80969865103183
5047,"Arkansas","Franklin","wheat",95.2747365414217
5055,"Arkansas","Greene","corn",0
5055,"Arkansas","Greene","cotton",0
5055,"Arkansas","Greene","grain sorghum",0
5055,"Arkansas","Greene","oats",0
5055,"Arkansas","Greene","peanuts",0
5055,"Arkansas","Greene","rice_long grain",0
5055,"Arkansas","Greene","rice_short/medium grain",0
5055,"Arkansas","Greene","sesame",0
5055,"Arkansas","Greene","soybeans",0
5055,"Arkansas","Greene","sunflower",0
5055,"Arkansas","Greene","wheat",0
5057,"Arkansas","Hempstead","corn",0
5057,"Arkansas","Hempstead","soybeans",0
5059,"Arkansas","Hot Spring","corn",0
5059,"Arkansas","Hot Spring","cotton",0
5059,"Arkansas","Hot Spring","rice_long grain",0
5059,"Arkansas","Hot Spring","rice_short/medium grain",0
5059,"Arkansas","Hot Spring","soybeans",0
5059,"Arkansas","Hot Spring","wheat",0
5063,"Arkansas","Independence","corn",0
5063,"Arkansas","Independence","cotton",0
5063,"Arkansas","Independence","grain sorghum",0
5063,"Arkansas","Independence","rice_long grain",0
5063,"Arkansas","Independence","rice_short/medium grain",0
5063,"Arkansas","Independence","soybeans",0
5063,"Arkansas","Independence","sunflower",0
5063,"Arkansas","Independence","wheat",0
5067,"Arkansas","Jackson","corn",0
5067,"Arkansas","Jackson","cotton",0
5067,"Arkansas","Jackson","dry peas",0
5067,"Arkansas","Jackson","grain sorghum",0
5067,"Arkansas","Jackson","rice_long grain",0
5067,"Arkansas","Jackson","rice_short/medium grain",0
5067,"Arkansas","Jackson","sesame",0
5067,"Arkansas","Jackson","soybeans",0
5067,"Arkansas","Jackson","sunflower",0
5067,"Arkansas","Jackson","wheat",0
5069,"Arkansas","Jefferson","corn",976.413439020518
5069,"Arkansas","Jefferson","cotton",182.930228569107
5069,"Arkansas","Jefferson","grain sorghum",2.17554231278142
5069,"Arkansas","Jefferson","oats",5.840006278017
5069,"Arkansas","Jefferson","rice_long grain",1188.20168313521
5069,"Arkansas","Jefferson","rice_short/medium grain",54.4465592656162
5069,"Arkansas","Jefferson","soybeans",1672.87582342599
5069,"Arkansas","Jefferson","sunflower",1.20943158752647
5069,"Arkansas","Jefferson","wheat",189.502786405262
5071,"Arkansas","Johnson","corn",0
5071,"Arkansas","Johnson","grain sorghum",0
5071,"Arkansas","Johnson","rice_long grain",0
5071,"Arkansas","Johnson","soybeans",0
5071,"Arkansas","Johnson","wheat",0
5073,"Arkansas","Lafayette","corn",0
5073,"Arkansas","Lafayette","cotton",0
5073,"Arkansas","Lafayette","grain sorghum",0
5073,"Arkansas","Lafayette","rice_long grain",0
5073,"Arkansas","Lafayette","soybeans",0
5073,"Arkansas","Lafayette","sunflower",0
5073,"Arkansas","Lafayette","wheat",0
5075,"Arkansas","Lawrence","corn",0
5075,"Arkansas","Lawrence","cotton",0
5075,"Arkansas","Lawrence","grain sorghum",0
5075,"Arkansas","Lawrence","oats",0
5075,"Arkansas","Lawrence","peanuts",0
5075,"Arkansas","Lawrence","rice_long grain",0
5075,"Arkansas","Lawrence","rice_short/medium grain",0
5075,"Arkansas","Lawrence","soybeans",0
5075,"Arkansas","Lawrence","wheat",0
5077,"Arkansas","Lee","corn",0
5077,"Arkansas","Lee","cotton",0
5077,"Arkansas","Lee","grain sorghum",0
5077,"Arkansas","Lee","oats",0
5077,"Arkansas","Lee","peanuts",0
5077,"Arkansas","Lee","rice_long grain",0
5077,"Arkansas","Lee","rice_short/medium grain",0
5077,"Arkansas","Lee","soybeans",0
5077,"Arkansas","Lee","sunflower",0
5077,"Arkansas","Lee","wheat",0
5079,"Arkansas","Lincoln","corn",4126.77929159292
5079,"Arkansas","Lincoln","cotton",3071.17251912579
5079,"Arkansas","Lincoln","grain sorghum",4.14710843023477
5079,"Arkansas","Lincoln","rice_long grain",2686.93232028337
5079,"Arkansas","Lincoln","rice_short/medium grain",328.119459475625
5079,"Arkansas","Lincoln","soybeans",6126.43605698195
5079,"Arkansas","Lincoln","wheat",200.304244110115
5081,"Arkansas","Little River","corn",0
5081,"Arkansas","Little River","cotton",0
5081,"Arkansas","Little River","grain sorghum",0
5081,"Arkansas","Little River","rice_long grain",0
5081,"Arkansas","Little River","rice_short/medium grain",0
5081,"Arkansas","Little River","soybeans",0
5081,"Arkansas","Little River","wheat",0
5083,"Arkansas","Logan","corn",141.505436926789
5083,"Arkansas","Logan","rapeseed",0.869376406646058
5083,"Arkansas","Logan","rice_long grain",18.1751844145752
5083,"Arkansas","Logan","soybeans",402.917933191509
5083,"Arkansas","Logan","wheat",154.930419060481
5085,"Arkansas","Lonoke","barley",0
5085,"Arkansas","Lonoke","corn",0
5085,"Arkansas","Lonoke","cotton",0
5085,"Arkansas","Lonoke","dry peas",0
5085,"Arkansas","Lonoke","grain sorghum",0
5085,"Arkansas","Lonoke","oats",0
5085,"Arkansas","Lonoke","rice_long grain",0
5085,"Arkansas","Lonoke","rice_short/medium grain",0
5085,"Arkansas","Lonoke","soybeans",0
5085,"Arkansas","Lonoke","sunflower",0
5085,"Arkansas","Lonoke","wheat",0
5087,"Arkansas","Madison","corn",0
5091,"Arkansas","Miller","corn",2202.86291841758
5091,"Arkansas","Miller","cotton",973.758485973819
5091,"Arkansas","Miller","grain sorghum",77.1479893724635
5091,"Arkansas","Miller","rice_long grain",605.347647868582
5091,"Arkansas","Miller","rice_short/medium grain",239.419520026489
5091,"Arkansas","Miller","soybeans",1588.8857682093
5091,"Arkansas","Miller","wheat",1485.25817013178
5093,"Arkansas","Mississippi","corn",854.593950258814
5093,"Arkansas","Mississippi","cotton",2857.02489907274
5093,"Arkansas","Mississippi","grain sorghum",14.7920380614746
5093,"Arkansas","Mississippi","oats",0.62730646307125
5093,"Arkansas","Mississippi","peanuts",247.314644788248
5093,"Arkansas","Mississippi","rice_long grain",1552.33137067755
5093,"Arkansas","Mississippi","rice_short/medium grain",58.4593142466931
5093,"Arkansas","Mississippi","soybeans",6862.64095347334
5093,"Arkansas","Mississippi","sunflower",5.5270955278156
5093,"Arkansas","Mississippi","wheat",558.642214096881
5095,"Arkansas","Monroe","corn",0
5095,"Arkansas","Monroe","cotton",0
5095,"Arkansas","Monroe","grain sorghum",0
5095,"Arkansas","Monroe","oats",0
5095,"Arkansas","Monroe","rice_long grain",0
5095,"Arkansas","Monroe","rice_short/medium grain",0
5095,"Arkansas","Monroe","soybeans",0
5095,"Arkansas","Monroe","sunflower",0
5095,"Arkansas","Monroe","wheat",0
5099,"Arkansas","Nevada","cotton",0
5099,"Arkansas","Nevada","soybeans",0
5099,"Arkansas","Nevada","wheat",0
5105,"Arkansas","Perry","corn",0
5105,"Arkansas","Perry","grain sorghum",0
5105,"Arkansas","Perry","rice_long grain",0
5105,"Arkansas","Perry","rice_short/medium grain",0
5105,"Arkansas","Perry","soybeans",0
5105,"Arkansas","Perry","wheat",0
5107,"Arkansas","Phillips","canola",60.4256724527961
5107,"Arkansas","Phillips","corn",11911.8378326788
5107,"Arkansas","Phillips","cotton",5276.25719254812
5107,"Arkansas","Phillips","dry peas",17.0780854254551
5107,"Arkansas","Phillips","grain sorghum",29.2748955106585
5107,"Arkansas","Phillips","peanuts",79.0142206505416
5107,"Arkansas","Phillips","rice_long grain",3920.73237935125
5107,"Arkansas","Phillips","rice_short/medium grain",194.24382954967
5107,"Arkansas","Phillips","soybeans",27647.2475756694
5107,"Arkansas","Phillips","sunflower",11.3747971410586
5107,"Arkansas","Phillips","wheat",3264.77491235559
5111,"Arkansas","Poinsett","corn",0
5111,"Arkansas","Poinsett","cotton",0
5111,"Arkansas","Poinsett","grain sorghum",0
5111,"Arkansas","Poinsett","oats",0
5111,"Arkansas","Poinsett","peanuts",0
5111,"Arkansas","Poinsett","rice_long grain",0
5111,"Arkansas","Poinsett","rice_short/medium grain",0
5111,"Arkansas","Poinsett","soybeans",0
5111,"Arkansas","Poinsett","sunflower",0
5111,"Arkansas","Poinsett","wheat",0
5115,"Arkansas","Pope","corn",0
5115,"Arkansas","Pope","oats",0
5115,"Arkansas","Pope","rice_long grain",0
5115,"Arkansas","Pope","sesame",0
5115,"Arkansas","Pope","soybeans",0
5115,"Arkansas","Pope","wheat",0
5117,"Arkansas","Prairie","corn",0
5117,"Arkansas","Prairie","cotton",0
5117,"Arkansas","Prairie","grain sorghum",0
5117,"Arkansas","Prairie","oats",0
5117,"Arkansas","Prairie","peanuts",0
5117,"Arkansas","Prairie","rice_long grain",0
5117,"Arkansas","Prairie","rice_short/medium grain",0
5117,"Arkansas","Prairie","soybeans",0
5117,"Arkansas","Prairie","wheat",0
5119,"Arkansas","Pulaski","corn",0
5119,"Arkansas","Pulaski","cotton",0
5119,"Arkansas","Pulaski","grain sorghum",0
5119,"Arkansas","Pulaski","rice_long grain",0
5119,"Arkansas","Pulaski","rice_short/medium grain",0
5119,"Arkansas","Pulaski","soybeans",0
5119,"Arkansas","Pulaski","sunflower",0
5119,"Arkansas","Pulaski","wheat",0
5121,"Arkansas","Randolph","corn",0
5121,"Arkansas","Randolph","grain sorghum",0
5121,"Arkansas","Randolph","peanuts",0
5121,"Arkansas","Randolph","rice_long grain",0
5121,"Arkansas","Randolph","rice_short/medium grain",0
5121,"Arkansas","Randolph","soybeans",0
5121,"Arkansas","Randolph","sunflower",0
5121,"Arkansas","Randolph","wheat",0
5129,"Arkansas","Searcy","corn",0
5131,"Arkansas","Sebastian","corn",153.234523823684
5131,"Arkansas","Sebastian","grain sorghum",2.79437705380666
5131,"Arkansas","Sebastian","soybeans",988.58774779491
5131,"Arkansas","Sebastian","wheat",238.1233513276
5133,"Arkansas","Sevier","soybeans",0
5133,"Arkansas","Sevier","wheat",0
5123,"Arkansas","St. Francis","corn",0
5123,"Arkansas","St. Francis","cotton",0
5123,"Arkansas","St. Francis","grain sorghum",0
5123,"Arkansas","St. Francis","oats",0
5123,"Arkansas","St. Francis","peanuts",0
5123,"Arkansas","St. Francis","rice_long grain",0
5123,"Arkansas","St. Francis","rice_short/medium grain",0
5123,"Arkansas","St. Francis","soybeans",0
5123,"Arkansas","St. Francis","sunflower",0
5123,"Arkansas","St. Francis","wheat",0
5137,"Arkansas","Stone","corn",0
5137,"Arkansas","Stone","soybeans",0
5137,"Arkansas","Stone","wheat",0
5139,"Arkansas","Union","corn",0
5143,"Arkansas","Washington","corn",97.8258715181163
5143,"Arkansas","Washington","dry peas",0.0102589441239679
5143,"Arkansas","Washington","soybeans",222.248055677619
5143,"Arkansas","Washington","wheat",103.179330526807
5145,"Arkansas","White","corn",0
5145,"Arkansas","White","cotton",0
5145,"Arkansas","White","grain sorghum",0
5145,"Arkansas","White","oats",0
5145,"Arkansas","White","rice_long grain",0
5145,"Arkansas","White","rice_short/medium grain",0
5145,"Arkansas","White","sesame",0
5145,"Arkansas","White","soybeans",0
5145,"Arkansas","White","wheat",0
5147,"Arkansas","Woodruff","corn",0
5147,"Arkansas","Woodruff","cotton",0
5147,"Arkansas","Woodruff","dry peas",0
5147,"Arkansas","Woodruff","grain sorghum",0
5147,"Arkansas","Woodruff","oats",0
5147,"Arkansas","Woodruff","rice_long grain",0
5147,"Arkansas","Woodruff","rice_short/medium grain",0
5147,"Arkansas","Woodruff","sesame",0
5147,"Arkansas","Woodruff","soybeans",0
5147,"Arkansas","Woodruff","wheat",0
5149,"Arkansas","Yell","corn",0
5149,"Arkansas","Yell","oats",0
5149,"Arkansas","Yell","rice_long grain",0
5149,"Arkansas","Yell","soybeans",0
5149,"Arkansas","Yell","wheat",0
6001,"California","Alameda","barley",0
6001,"California","Alameda","oats",0
6001,"California","Alameda","wheat",0
6005,"California","Amador","corn",0
6005,"California","Amador","oats",0
6005,"California","Amador","wheat",0
6007,"California","Butte","barley",0
6007,"California","Butte","corn",0
6007,"California","Butte","cotton",0
6007,"California","Butte","oats",0
6007,"California","Butte","rice_long grain",0
6007,"California","Butte","rice_short/medium grain",0
6007,"California","Butte","rice_temperate japonica",0
6007,"California","Butte","safflower",0
6007,"California","Butte","sunflower",0
6007,"California","Butte","wheat",0
6011,"California","Colusa","barley",0
6011,"California","Colusa","corn",0
6011,"California","Colusa","cotton",0
6011,"California","Colusa","dry peas",0
6011,"California","Colusa","grain sorghum",0
6011,"California","Colusa","mustard",0
6011,"California","Colusa","oats",0
6011,"California","Colusa","rice_long grain",0
6011,"California","Colusa","rice_short/medium grain",0
6011,"California","Colusa","rice_temperate japonica",0
6011,"California","Colusa","safflower",0
6011,"California","Colusa","sunflower",0
6011,"California","Colusa","wheat",0
6013,"California","Contra Costa","corn",0
6013,"California","Contra Costa","safflower",0
6013,"California","Contra Costa","wheat",0
6019,"California","Fresno","barley",0
6019,"California","Fresno","chickpeas_large",0
6019,"California","Fresno","chickpeas_small",0
6019,"California","Fresno","corn",0
6019,"California","Fresno","cotton",0
6019,"California","Fresno","dry peas",0
6019,"California","Fresno","grain sorghum",0
6019,"California","Fresno","mustard",0
6019,"California","Fresno","oats",0
6019,"California","Fresno","rice_short/medium grain",0
6019,"California","Fresno","rice_temperate japonica",0
6019,"California","Fresno","safflower",0
6019,"California","Fresno","wheat",0
6021,"California","Glenn","barley",0
6021,"California","Glenn","corn",0
6021,"California","Glenn","cotton",0
6021,"California","Glenn","mustard",0
6021,"California","Glenn","oats",0
6021,"California","Glenn","rice_long grain",0
6021,"California","Glenn","rice_short/medium grain",0
6021,"California","Glenn","rice_temperate japonica",0
6021,"California","Glenn","safflower",0
6021,"California","Glenn","sunflower",0
6021,"California","Glenn","wheat",0
6023,"California","Humboldt","corn",0
6025,"California","Imperial","barley",0
6025,"California","Imperial","canola",0
6025,"California","Imperial","corn",0
6025,"California","Imperial","cotton",0
6025,"California","Imperial","flaxseed",0
6025,"California","Imperial","mustard",0
6025,"California","Imperial","oats",0
6025,"California","Imperial","sunflower",0
6025,"California","Imperial","wheat",0
6029,"California","Kern","barley",0
6029,"California","Kern","corn",0
6029,"California","Kern","cotton",0
6029,"California","Kern","dry peas",0
6029,"California","Kern","grain sorghum",0
6029,"California","Kern","oats",0
6029,"California","Kern","safflower",0
6029,"California","Kern","wheat",0
6031,"California","Kings","barley",0
6031,"California","Kings","canola",0
6031,"California","Kings","chickpeas_large",0
6031,"California","Kings","chickpeas_small",0
6031,"California","Kings","corn",0
6031,"California","Kings","cotton",0
6031,"California","Kings","dry peas",0
6031,"California","Kings","grain sorghum",0
6031,"California","Kings","mustard",0
6031,"California","Kings","oats",0
6031,"California","Kings","safflower",0
6031,"California","Kings","wheat",0
6033,"California","Lake","oats",159.14
6035,"California","Lassen","barley",39.793772204174
6035,"California","Lassen","corn",1.70723937137257
6035,"California","Lassen","oats",6.55202352303323
6035,"California","Lassen","wheat",327.096298234754
6037,"California","Los Angeles","corn",0
6039,"California","Madera","barley",0
6039,"California","Madera","corn",0
6039,"California","Madera","cotton",0
6039,"California","Madera","dry peas",0
6039,"California","Madera","grain sorghum",0
6039,"California","Madera","oats",0
6039,"California","Madera","wheat",0
6041,"California","Marin","oats",0
6045,"California","Mendocino","barley",6.61358333333333
6045,"California","Mendocino","oats",35.1564166666667
6047,"California","Merced","barley",0
6047,"California","Merced","chickpeas_large",0
6047,"California","Merced","corn",0
6047,"California","Merced","cotton",0
6047,"California","Merced","grain sorghum",0
6047,"California","Merced","mustard",0
6047,"California","Merced","oats",0
6047,"California","Merced","rice_short/medium grain",0
6047,"California","Merced","rice_temperate japonica",0
6047,"California","Merced","safflower",0
6047,"California","Merced","wheat",0
6049,"California","Modoc","barley",0
6049,"California","Modoc","corn",0
6049,"California","Modoc","oats",0
6049,"California","Modoc","wheat",0
6051,"California","Mono","wheat",208.64
6053,"California","Monterey","barley",0
6053,"California","Monterey","oats",0
6053,"California","Monterey","wheat",0
6061,"California","Placer","corn",0
6061,"California","Placer","oats",0
6061,"California","Placer","rice_long grain",0
6061,"California","Placer","rice_short/medium grain",0
6061,"California","Placer","rice_temperate japonica",0
6061,"California","Placer","wheat",0
6063,"California","Plumas","corn",220.634546076532
6063,"California","Plumas","oats",80.190628655816
6063,"California","Plumas","wheat",531.753325267651
6065,"California","Riverside","barley",0
6065,"California","Riverside","corn",0
6065,"California","Riverside","cotton",0
6065,"California","Riverside","oats",0
6065,"California","Riverside","safflower",0
6065,"California","Riverside","wheat",0
6067,"California","Sacramento","barley",0
6067,"California","Sacramento","corn",0
6067,"California","Sacramento","grain sorghum",0
6067,"California","Sacramento","oats",0
6067,"California","Sacramento","rice_long grain",0
6067,"California","Sacramento","rice_short/medium grain",0
6067,"California","Sacramento","rice_temperate japonica",0
6067,"California","Sacramento","safflower",0
6067,"California","Sacramento","sunflower",0
6067,"California","Sacramento","wheat",0
6069,"California","San Benito","barley",0
6069,"California","San Benito","oats",0
6069,"California","San Benito","wheat",0
6071,"California","San Bernardino","barley",25.6348781572883
6071,"California","San Bernardino","oats",25.8843754030182
6071,"California","San Bernardino","wheat",58.6632464396935
6077,"California","San Joaquin","barley",0
6077,"California","San Joaquin","canola",0
6077,"California","San Joaquin","chickpeas_large",0
6077,"California","San Joaquin","corn",0
6077,"California","San Joaquin","cotton",0
6077,"California","San Joaquin","dry peas",0
6077,"California","San Joaquin","grain sorghum",0
6077,"California","San Joaquin","oats",0
6077,"California","San Joaquin","rice_short/medium grain",0
6077,"California","San Joaquin","rice_temperate japonica",0
6077,"California","San Joaquin","safflower",0
6077,"California","San Joaquin","sunflower",0
6077,"California","San Joaquin","wheat",0
6079,"California","San Luis Obispo","barley",0
6079,"California","San Luis Obispo","chickpeas_large",0
6079,"California","San Luis Obispo","oats",0
6079,"California","San Luis Obispo","safflower",0
6079,"California","San Luis Obispo","wheat",0
6083,"California","Santa Barbara","chickpeas_large",0
6083,"California","Santa Barbara","dry peas",0
6083,"California","Santa Barbara","oats",0
6085,"California","Santa Clara","oats",0
6089,"California","Shasta","oats",0
6089,"California","Shasta","rice_long grain",0
6089,"California","Shasta","wheat",0
6091,"California","Sierra","wheat",646.456
6093,"California","Siskiyou","barley",0
6093,"California","Siskiyou","corn",0
6093,"California","Siskiyou","mustard",0
6093,"California","Siskiyou","oats",0
6093,"California","Siskiyou","wheat",0
6095,"California","Solano","barley",0
6095,"California","Solano","canola",0
6095,"California","Solano","corn",0
6095,"California","Solano","dry peas",0
6095,"California","Solano","grain sorghum",0
6095,"California","Solano","oats",0
6095,"California","Solano","safflower",0
6095,"California","Solano","sunflower",0
6095,"California","Solano","wheat",0
6097,"California","Sonoma","barley",0
6097,"California","Sonoma","oats",0
6097,"California","Sonoma","wheat",0
6099,"California","Stanislaus","corn",0
6099,"California","Stanislaus","dry peas",0
6099,"California","Stanislaus","oats",0
6099,"California","Stanislaus","rice_short/medium grain",0
6099,"California","Stanislaus","rice_temperate japonica",0
6099,"California","Stanislaus","wheat",0
6101,"California","Sutter","barley",0
6101,"California","Sutter","corn",0
6101,"California","Sutter","cotton",0
6101,"California","Sutter","dry peas",0
6101,"California","Sutter","grain sorghum",0
6101,"California","Sutter","lentils",0
6101,"California","Sutter","oats",0
6101,"California","Sutter","rice_long grain",0
6101,"California","Sutter","rice_short/medium grain",0
6101,"California","Sutter","rice_temperate japonica",0
6101,"California","Sutter","safflower",0
6101,"California","Sutter","soybeans",0
6101,"California","Sutter","sunflower",0
6101,"California","Sutter","wheat",0
6103,"California","Tehama","barley",0
6103,"California","Tehama","corn",0
6103,"California","Tehama","oats",0
6103,"California","Tehama","rice_short/medium grain",0
6103,"California","Tehama","rice_temperate japonica",0
6103,"California","Tehama","safflower",0
6103,"California","Tehama","sunflower",0
6103,"California","Tehama","wheat",0
6107,"California","Tulare","barley",0
6107,"California","Tulare","corn",0
6107,"California","Tulare","cotton",0
6107,"California","Tulare","dry peas",0
6107,"California","Tulare","grain sorghum",0
6107,"California","Tulare","oats",0
6107,"California","Tulare","safflower",0
6107,"California","Tulare","wheat",0
6113,"California","Yolo","barley",0
6113,"California","Yolo","canola",0
6113,"California","Yolo","chickpeas_large",0
6113,"California","Yolo","chickpeas_small",0
6113,"California","Yolo","corn",0
6113,"California","Yolo","cotton",0
6113,"California","Yolo","dry peas",0
6113,"California","Yolo","grain sorghum",0
6113,"California","Yolo","mustard",0
6113,"California","Yolo","oats",0
6113,"California","Yolo","rice_long grain",0
6113,"California","Yolo","rice_short/medium grain",0
6113,"California","Yolo","rice_temperate japonica",0
6113,"California","Yolo","safflower",0
6113,"California","Yolo","sunflower",0
6113,"California","Yolo","wheat",0
6115,"California","Yuba","corn",0
6115,"California","Yuba","rice_long grain",0
6115,"California","Yuba","rice_short/medium grain",0
6115,"California","Yuba","rice_temperate japonica",0
6115,"California","Yuba","sunflower",0
6115,"California","Yuba","wheat",0
8001,"Colorado","Adams","barley",0
8001,"Colorado","Adams","corn",0
8001,"Colorado","Adams","dry peas",0
8001,"Colorado","Adams","grain sorghum",0
8001,"Colorado","Adams","oats",0
8001,"Colorado","Adams","soybeans",0
8001,"Colorado","Adams","sunflower",0
8001,"Colorado","Adams","wheat",0
8003,"Colorado","Alamosa","barley",5921.5995764837
8003,"Colorado","Alamosa","canola",74.0000731074176
8003,"Colorado","Alamosa","corn",87.086401825361
8003,"Colorado","Alamosa","mustard",1754.19120671478
8003,"Colorado","Alamosa","oats",1096.19346191756
8003,"Colorado","Alamosa","wheat",1455.40227995117
8005,"Colorado","Arapahoe","barley",0
8005,"Colorado","Arapahoe","corn",0
8005,"Colorado","Arapahoe","grain sorghum",0
8005,"Colorado","Arapahoe","oats",0
8005,"Colorado","Arapahoe","safflower",0
8005,"Colorado","Arapahoe","sunflower",0
8005,"Colorado","Arapahoe","wheat",0
8009,"Colorado","Baca","barley",1.41094439165138
8009,"Colorado","Baca","canola",0.00112230177558829
8009,"Colorado","Baca","corn",46.1032024821343
8009,"Colorado","Baca","cotton",0.000351766228169462
8009,"Colorado","Baca","dry peas",0.000703532456338925
8009,"Colorado","Baca","grain sorghum",53.6791223900208
8009,"Colorado","Baca","oats",1.6489624872336
8009,"Colorado","Baca","soybeans",0.346198271300723
8009,"Colorado","Baca","sunflower",3.4837399567427
8009,"Colorado","Baca","wheat",117.69048575387
8011,"Colorado","Bent","barley",0
8011,"Colorado","Bent","corn",0
8011,"Colorado","Bent","grain sorghum",0
8011,"Colorado","Bent","oats",0
8011,"Colorado","Bent","sunflower",0
8011,"Colorado","Bent","wheat",0
8013,"Colorado","Boulder","barley",0
8013,"Colorado","Boulder","corn",0
8013,"Colorado","Boulder","dry peas",0
8013,"Colorado","Boulder","grain sorghum",0
8013,"Colorado","Boulder","oats",0
8013,"Colorado","Boulder","sunflower",0
8013,"Colorado","Boulder","wheat",0
8014,"Colorado","Broomfield","corn",0
8014,"Colorado","Broomfield","oats",0
8014,"Colorado","Broomfield","wheat",0
8017,"Colorado","Cheyenne","barley",0.333801891032208
8017,"Colorado","Cheyenne","corn",1951.39929704142
8017,"Colorado","Cheyenne","dry peas",7.48339912940083
8017,"Colorado","Cheyenne","grain sorghum",1794.17105386436
8017,"Colorado","Cheyenne","oats",17.6505986149679
8017,"Colorado","Cheyenne","soybeans",6.74310900135622
8017,"Colorado","Cheyenne","sunflower",138.004144716903
8017,"Colorado","Cheyenne","wheat",4936.64726240725
8021,"Colorado","Conejos","barley",0
8021,"Colorado","Conejos","canola",0
8021,"Colorado","Conejos","corn",0
8021,"Colorado","Conejos","dry peas",0
8021,"Colorado","Conejos","oats",0
8021,"Colorado","Conejos","soybeans",0
8021,"Colorado","Conejos","wheat",0
8023,"Colorado","Costilla","barley",0
8023,"Colorado","Costilla","corn",0
8023,"Colorado","Costilla","dry peas",0
8023,"Colorado","Costilla","oats",0
8023,"Colorado","Costilla","wheat",0
8025,"Colorado","Crowley","corn",0
8025,"Colorado","Crowley","grain sorghum",0
8025,"Colorado","Crowley","oats",0
8025,"Colorado","Crowley","wheat",0
8029,"Colorado","Delta","barley",0
8029,"Colorado","Delta","corn",0
8029,"Colorado","Delta","grain sorghum",0
8029,"Colorado","Delta","oats",0
8029,"Colorado","Delta","soybeans",0
8029,"Colorado","Delta","wheat",0
8031,"Colorado","Denver","corn",515.024776597932
8031,"Colorado","Denver","grain sorghum",43.9976816105529
8031,"Colorado","Denver","sunflower",238.578323218765
8031,"Colorado","Denver","wheat",1124.98871857275
8033,"Colorado","Dolores","barley",0
8033,"Colorado","Dolores","corn",0
8033,"Colorado","Dolores","grain sorghum",0
8033,"Colorado","Dolores","oats",0
8033,"Colorado","Dolores","safflower",0
8033,"Colorado","Dolores","wheat",0
8035,"Colorado","Douglas","wheat",0
8037,"Colorado","Eagle","oats",29.122
8041,"Colorado","El Paso","oats",0
8039,"Colorado","Elbert","corn",0
8039,"Colorado","Elbert","grain sorghum",0
8039,"Colorado","Elbert","oats",0
8039,"Colorado","Elbert","sunflower",0
8039,"Colorado","Elbert","wheat",0
8043,"Colorado","Fremont","oats",0
8043,"Colorado","Fremont","soybeans",0
8043,"Colorado","Fremont","sunflower",0
8045,"Colorado","Garfield","barley",0
8045,"Colorado","Garfield","corn",0
8045,"Colorado","Garfield","oats",0
8045,"Colorado","Garfield","wheat",0
8055,"Colorado","Huerfano","barley",0
8055,"Colorado","Huerfano","oats",0
8061,"Colorado","Kiowa","barley",35.5533758996845
8061,"Colorado","Kiowa","corn",2209.80094970387
8061,"Colorado","Kiowa","grain sorghum",6373.48450690154
8061,"Colorado","Kiowa","oats",56.5667323334993
8061,"Colorado","Kiowa","soybeans",7.80063057305644
8061,"Colorado","Kiowa","sunflower",733.148937951975
8061,"Colorado","Kiowa","wheat",13189.451033303
8063,"Colorado","Kit Carson","barley",19.2218594665357
8063,"Colorado","Kit Carson","corn",18895.8399217657
8063,"Colorado","Kit Carson","cotton",2.87287402382985
8063,"Colorado","Kit Carson","dry peas",34.1766088730431
8063,"Colorado","Kit Carson","grain sorghum",1741.99025292739
8063,"Colorado","Kit Carson","lentils",0.226542054914706
8063,"Colorado","Kit Carson","oats",383.574725684482
8063,"Colorado","Kit Carson","safflower",13.7194937681384
8063,"Colorado","Kit Carson","soybeans",152.97108581001
8063,"Colorado","Kit Carson","sunflower",364.43920613976
8063,"Colorado","Kit Carson","wheat",19067.8639294862
8067,"Colorado","La Plata","barley",0
8067,"Colorado","La Plata","corn",0
8067,"Colorado","La Plata","grain sorghum",0
8067,"Colorado","La Plata","oats",0
8067,"Colorado","La Plata","safflower",0
8067,"Colorado","La Plata","soybeans",0
8067,"Colorado","La Plata","wheat",0
8069,"Colorado","Larimer","barley",0
8069,"Colorado","Larimer","corn",0
8069,"Colorado","Larimer","grain sorghum",0
8069,"Colorado","Larimer","oats",0
8069,"Colorado","Larimer","wheat",0
8071,"Colorado","Las Animas","corn",0
8071,"Colorado","Las Animas","dry peas",0
8071,"Colorado","Las Animas","grain sorghum",0
8071,"Colorado","Las Animas","oats",0
8071,"Colorado","Las Animas","wheat",0
8073,"Colorado","Lincoln","corn",0
8073,"Colorado","Lincoln","cotton",0
8073,"Colorado","Lincoln","dry peas",0
8073,"Colorado","Lincoln","grain sorghum",0
8073,"Colorado","Lincoln","oats",0
8073,"Colorado","Lincoln","sunflower",0
8073,"Colorado","Lincoln","wheat",0
8075,"Colorado","Logan","barley",0
8075,"Colorado","Logan","corn",0
8075,"Colorado","Logan","dry peas",0
8075,"Colorado","Logan","grain sorghum",0
8075,"Colorado","Logan","oats",0
8075,"Colorado","Logan","soybeans",0
8075,"Colorado","Logan","sunflower",0
8075,"Colorado","Logan","wheat",0
8077,"Colorado","Mesa","barley",0
8077,"Colorado","Mesa","corn",0
8077,"Colorado","Mesa","oats",0
8077,"Colorado","Mesa","sunflower",0
8077,"Colorado","Mesa","wheat",0
8081,"Colorado","Moffat","corn",0
8081,"Colorado","Moffat","oats",0
8081,"Colorado","Moffat","safflower",0
8081,"Colorado","Moffat","wheat",0
8083,"Colorado","Montezuma","barley",0
8083,"Colorado","Montezuma","corn",0
8083,"Colorado","Montezuma","dry peas",0
8083,"Colorado","Montezuma","flaxseed",0
8083,"Colorado","Montezuma","grain sorghum",0
8083,"Colorado","Montezuma","oats",0
8083,"Colorado","Montezuma","safflower",0
8083,"Colorado","Montezuma","sunflower",0
8083,"Colorado","Montezuma","wheat",0
8085,"Colorado","Montrose","barley",28.8345649391028
8085,"Colorado","Montrose","corn",2207.32782089511
8085,"Colorado","Montrose","grain sorghum",5.21848189397261
8085,"Colorado","Montrose","oats",148.674222162626
8085,"Colorado","Montrose","soybeans",11.5602934695081
8085,"Colorado","Montrose","sunflower",4.54679229670935
8085,"Colorado","Montrose","wheat",49.6448243429731
8087,"Colorado","Morgan","barley",0
8087,"Colorado","Morgan","corn",0
8087,"Colorado","Morgan","dry peas",0
8087,"Colorado","Morgan","grain sorghum",0
8087,"Colorado","Morgan","lentils",0
8087,"Colorado","Morgan","oats",0
8087,"Colorado","Morgan","soybeans",0
8087,"Colorado","Morgan","sunflower",0
8087,"Colorado","Morgan","wheat",0
8089,"Colorado","Otero","canola",0
8089,"Colorado","Otero","corn",0
8089,"Colorado","Otero","cotton",0
8089,"Colorado","Otero","grain sorghum",0
8089,"Colorado","Otero","oats",0
8089,"Colorado","Otero","soybeans",0
8089,"Colorado","Otero","sunflower",0
8089,"Colorado","Otero","wheat",0
8095,"Colorado","Phillips","barley",19.0086079442692
8095,"Colorado","Phillips","corn",2697.52244492421
8095,"Colorado","Phillips","dry peas",56.8191087167219
8095,"Colorado","Phillips","grain sorghum",107.839133474427
8095,"Colorado","Phillips","lentils",3.07131437005928
8095,"Colorado","Phillips","mustard",0.00994220999209912
8095,"Colorado","Phillips","oats",38.2498359851036
8095,"Colorado","Phillips","soybeans",14.9187832036443
8095,"Colorado","Phillips","sunflower",20.200582261947
8095,"Colorado","Phillips","wheat",2016.85758024299
8097,"Colorado","Pitkin","oats",0
8099,"Colorado","Prowers","barley",0
8099,"Colorado","Prowers","corn",0
8099,"Colorado","Prowers","grain sorghum",0
8099,"Colorado","Prowers","oats",0
8099,"Colorado","Prowers","soybeans",0
8099,"Colorado","Prowers","sunflower",0
8099,"Colorado","Prowers","wheat",0
8101,"Colorado","Pueblo","barley",0
8101,"Colorado","Pueblo","corn",0
8101,"Colorado","Pueblo","grain sorghum",0
8101,"Colorado","Pueblo","mustard",0
8101,"Colorado","Pueblo","oats",0
8101,"Colorado","Pueblo","peanuts",0
8101,"Colorado","Pueblo","sunflower",0
8101,"Colorado","Pueblo","wheat",0
8103,"Colorado","Rio Blanco","oats",0
8103,"Colorado","Rio Blanco","safflower",0
8103,"Colorado","Rio Blanco","wheat",0
8105,"Colorado","Rio Grande","barley",0
8105,"Colorado","Rio Grande","canola",0
8105,"Colorado","Rio Grande","corn",0
8105,"Colorado","Rio Grande","dry peas",0
8105,"Colorado","Rio Grande","oats",0
8105,"Colorado","Rio Grande","wheat",0
8107,"Colorado","Routt","barley",0
8107,"Colorado","Routt","oats",0
8107,"Colorado","Routt","safflower",0
8107,"Colorado","Routt","wheat",0
8109,"Colorado","Saguache","barley",0
8109,"Colorado","Saguache","canola",0
8109,"Colorado","Saguache","dry peas",0
8109,"Colorado","Saguache","flaxseed",0
8109,"Colorado","Saguache","oats",0
8109,"Colorado","Saguache","wheat",0
8113,"Colorado","San Miguel","oats",0
8113,"Colorado","San Miguel","safflower",0
8113,"Colorado","San Miguel","wheat",0
8115,"Colorado","Sedgwick","barley",0.106702864573094
8115,"Colorado","Sedgwick","corn",226.279792070961
8115,"Colorado","Sedgwick","dry peas",2.19250877772128
8115,"Colorado","Sedgwick","grain sorghum",13.9125434375824
8115,"Colorado","Sedgwick","oats",4.3253270105173
8115,"Colorado","Sedgwick","soybeans",4.73163315419213
8115,"Colorado","Sedgwick","sunflower",6.343620820912
8115,"Colorado","Sedgwick","wheat",153.551871863559
8121,"Colorado","Washington","barley",61.5879163997872
8121,"Colorado","Washington","canola",0.240114836637263
8121,"Colorado","Washington","corn",12801.4713182558
8121,"Colorado","Washington","dry peas",144.736913771464
8121,"Colorado","Washington","grain sorghum",1617.31823246883
8121,"Colorado","Washington","oats",384.186447607521
8121,"Colorado","Washington","soybeans",36.1071146395614
8121,"Colorado","Washington","sunflower",203.044061119997
8121,"Colorado","Washington","wheat",29275.467047567
8123,"Colorado","Weld","barley",0
8123,"Colorado","Weld","canola",0
8123,"Colorado","Weld","corn",0
8123,"Colorado","Weld","dry peas",0
8123,"Colorado","Weld","grain sorghum",0
8123,"Colorado","Weld","oats",0
8123,"Colorado","Weld","safflower",0
8123,"Colorado","Weld","soybeans",0
8123,"Colorado","Weld","sunflower",0
8123,"Colorado","Weld","wheat",0
8125,"Colorado","Yuma","barley",0
8125,"Colorado","Yuma","canola",0
8125,"Colorado","Yuma","corn",0
8125,"Colorado","Yuma","dry peas",0
8125,"Colorado","Yuma","grain sorghum",0
8125,"Colorado","Yuma","oats",0
8125,"Colorado","Yuma","soybeans",0
8125,"Colorado","Yuma","sunflower",0
8125,"Colorado","Yuma","wheat",0
9001,"Connecticut","Fairfield","corn",27.9503
9003,"Connecticut","Hartford","barley",91.7695653900386
9003,"Connecticut","Hartford","corn",4003.42473615566
9003,"Connecticut","Hartford","oats",86.1804016964268
9003,"Connecticut","Hartford","soybeans",247.288392576752
9003,"Connecticut","Hartford","sunflower",4.39128723814352
9003,"Connecticut","Hartford","wheat",21.9008502763107
9005,"Connecticut","Litchfield","barley",39.8831591829111
9005,"Connecticut","Litchfield","corn",3570.42750414829
9005,"Connecticut","Litchfield","grain sorghum",9.6663186677597
9005,"Connecticut","Litchfield","oats",35.7791954076103
9005,"Connecticut","Litchfield","sunflower",1.56895592676526
9007,"Connecticut","Middlesex","corn",154.654498460847
9007,"Connecticut","Middlesex","soybeans",0.00139295749158618
9007,"Connecticut","Middlesex","sunflower",4.41567524832818
9009,"Connecticut","New Haven","corn",623.7522207377
9009,"Connecticut","New Haven","grain sorghum",10.1582192622994
9011,"Connecticut","New London","corn",5721.53908805977
9011,"Connecticut","New London","oats",13.8842219934175
9011,"Connecticut","New London","soybeans",12.7632294139345
9011,"Connecticut","New London","sunflower",15.4626599752905
9011,"Connecticut","New London","wheat",9.12880055758372
9013,"Connecticut","Tolland","barley",63.8310979294231
9013,"Connecticut","Tolland","corn",3669.27173193246
9013,"Connecticut","Tolland","oats",78.945318073806
9013,"Connecticut","Tolland","soybeans",63.1149164210431
9013,"Connecticut","Tolland","sunflower",3.10035285012983
9013,"Connecticut","Tolland","wheat",22.4010827931381
9015,"Connecticut","Windham","corn",6237.63782417637
9015,"Connecticut","Windham","grain sorghum",78.3250486897777
9015,"Connecticut","Windham","mustard",0.653346773039528
9015,"Connecticut","Windham","oats",5.25739981430245
9015,"Connecticut","Windham","soybeans",33.4942306616045
9015,"Connecticut","Windham","sunflower",2.28671370563835
9015,"Connecticut","Windham","wheat",23.877782845929
10001,"Delaware","Kent","barley",54.0724358725976
10001,"Delaware","Kent","canola",0.28156263642343
10001,"Delaware","Kent","corn",507.863960837687
10001,"Delaware","Kent","grain sorghum",23.0168526800495
10001,"Delaware","Kent","oats",0.417293503757594
10001,"Delaware","Kent","soybeans",530.136282542804
10001,"Delaware","Kent","sunflower",0.454630765602341
10001,"Delaware","Kent","wheat",158.231834494397
10003,"Delaware","New Castle","barley",0
10003,"Delaware","New Castle","corn",0
10003,"Delaware","New Castle","grain sorghum",0
10003,"Delaware","New Castle","oats",0
10003,"Delaware","New Castle","soybeans",0
10003,"Delaware","New Castle","sunflower",0
10003,"Delaware","New Castle","wheat",0
10005,"Delaware","Sussex","barley",345.693346241448
10005,"Delaware","Sussex","corn",6202.75205051738
10005,"Delaware","Sussex","cotton",0.0735355656539206
10005,"Delaware","Sussex","grain sorghum",99.2403445536252
10005,"Delaware","Sussex","oats",3.48859956468657
10005,"Delaware","Sussex","rapeseed",0.0566585505858076
10005,"Delaware","Sussex","soybeans",4380.70953992894
10005,"Delaware","Sussex","sunflower",0.649765080122347
10005,"Delaware","Sussex","wheat",1056.35214333084
12001,"Florida","Alachua","corn",0
12001,"Florida","Alachua","cotton",0
12001,"Florida","Alachua","grain sorghum",0
12001,"Florida","Alachua","oats",0
12001,"Florida","Alachua","peanuts",0
12001,"Florida","Alachua","soybeans",0
12001,"Florida","Alachua","sunflower",0
12003,"Florida","Baker","corn",0
12003,"Florida","Baker","oats",0
12007,"Florida","Bradford","soybeans",48.42
12009,"Florida","Brevard","corn",264.561868774429
12009,"Florida","Brevard","soybeans",0.791464558904859
12013,"Florida","Calhoun","corn",0
12013,"Florida","Calhoun","cotton",0
12013,"Florida","Calhoun","oats",0
12013,"Florida","Calhoun","peanuts",0
12013,"Florida","Calhoun","soybeans",0
12013,"Florida","Calhoun","wheat",0
12015,"Florida","Charlotte","corn",980
12017,"Florida","Citrus","peanuts",233.01
12023,"Florida","Columbia","corn",0
12023,"Florida","Columbia","grain sorghum",0
12023,"Florida","Columbia","oats",0
12023,"Florida","Columbia","peanuts",0
12023,"Florida","Columbia","sesame",0
12023,"Florida","Columbia","soybeans",0
12023,"Florida","Columbia","wheat",0
12025,"Florida","Dade, Monroe","corn",465.385
12029,"Florida","Dixie","corn",1627.39054245366
12029,"Florida","Dixie","peanuts",3598.64546736698
12029,"Florida","Dixie","sesame",252.612826950573
12029,"Florida","Dixie","wheat",117.403163228787
12031,"Florida","Duval","rice_short/medium grain",0
12033,"Florida","Escambia","corn",0
12033,"Florida","Escambia","cotton",0
12033,"Florida","Escambia","grain sorghum",0
12033,"Florida","Escambia","oats",0
12033,"Florida","Escambia","peanuts",0
12033,"Florida","Escambia","soybeans",0
12035,"Florida","Flagler","corn",332.5993
12039,"Florida","Gadsden","corn",0
12039,"Florida","Gadsden","cotton",0
12039,"Florida","Gadsden","oats",0
12039,"Florida","Gadsden","peanuts",0
12039,"Florida","Gadsden","soybeans",0
12041,"Florida","Gilchrist","corn",1525.3010504168
12041,"Florida","Gilchrist","cotton",55.1047578849889
12041,"Florida","Gilchrist","oats",22.4644532489652
12041,"Florida","Gilchrist","peanuts",1926.41686926899
12041,"Florida","Gilchrist","wheat",252.930035846919
12043,"Florida","Glades","corn",11743.0306333333
12043,"Florida","Glades","peanuts",0
12043,"Florida","Glades","rice_long grain",0
12045,"Florida","Gulf","peanuts",0
12045,"Florida","Gulf","soybeans",0
12047,"Florida","Hamilton","barley",0
12047,"Florida","Hamilton","corn",0
12047,"Florida","Hamilton","cotton",0
12047,"Florida","Hamilton","dry peas",0
12047,"Florida","Hamilton","grain sorghum",0
12047,"Florida","Hamilton","oats",0
12047,"Florida","Hamilton","peanuts",0
12047,"Florida","Hamilton","soybeans",0
12047,"Florida","Hamilton","wheat",0
12051,"Florida","Hendry","corn",4193.98624660527
12051,"Florida","Hendry","rice_long grain",25908.1176467281
12055,"Florida","Highlands","corn",3214.978
12057,"Florida","Hillsborough","peanuts",36.93
12059,"Florida","Holmes","corn",190.738635612359
12059,"Florida","Holmes","cotton",430.666485550103
12059,"Florida","Holmes","grain sorghum",5.46114002336219
12059,"Florida","Holmes","oats",50.9432840918913
12059,"Florida","Holmes","peanuts",622.152813255688
12059,"Florida","Holmes","soybeans",228.723814398125
12059,"Florida","Holmes","sunflower",0.825411225830193
12059,"Florida","Holmes","wheat",17.2854158426433
12061,"Florida","Indian River","corn",2126.71355424385
12061,"Florida","Indian River","cotton",64.6215646058748
12061,"Florida","Indian River","grain sorghum",193.484881150274
12063,"Florida","Jackson","corn",0
12063,"Florida","Jackson","cotton",0
12063,"Florida","Jackson","grain sorghum",0
12063,"Florida","Jackson","oats",0
12063,"Florida","Jackson","peanuts",0
12063,"Florida","Jackson","sesame",0
12063,"Florida","Jackson","soybeans",0
12063,"Florida","Jackson","sunflower",0
12063,"Florida","Jackson","wheat",0
12065,"Florida","Jefferson","corn",0
12065,"Florida","Jefferson","cotton",0
12065,"Florida","Jefferson","dry peas",0
12065,"Florida","Jefferson","oats",0
12065,"Florida","Jefferson","peanuts",0
12065,"Florida","Jefferson","sesame",0
12065,"Florida","Jefferson","soybeans",0
12067,"Florida","Lafayette","corn",2402.11333091293
12067,"Florida","Lafayette","cotton",1269.56604251009
12067,"Florida","Lafayette","dry peas",124.072208095937
12067,"Florida","Lafayette","oats",754.015351031856
12067,"Florida","Lafayette","peanuts",2041.85643142871
12067,"Florida","Lafayette","soybeans",116.061138708246
12067,"Florida","Lafayette","sunflower",4.04322578164058
12067,"Florida","Lafayette","wheat",122.112271530599
12073,"Florida","Leon","corn",0
12073,"Florida","Leon","grain sorghum",0
12073,"Florida","Leon","oats",0
12073,"Florida","Leon","peanuts",0
12073,"Florida","Leon","soybeans",0
12073,"Florida","Leon","sunflower",0
12075,"Florida","Levy","corn",0
12075,"Florida","Levy","cotton",0
12075,"Florida","Levy","grain sorghum",0
12075,"Florida","Levy","oats",0
12075,"Florida","Levy","peanuts",0
12075,"Florida","Levy","wheat",0
12077,"Florida","Liberty","peanuts",81.6949999999999
12079,"Florida","Madison","barley",77.1839520182363
12079,"Florida","Madison","corn",4833.48248345221
12079,"Florida","Madison","cotton",1333.24694350261
12079,"Florida","Madison","dry peas",26.5453094648354
12079,"Florida","Madison","grain sorghum",58.2181877674272
12079,"Florida","Madison","oats",522.053072471762
12079,"Florida","Madison","peanuts",5803.94925134688
12079,"Florida","Madison","soybeans",708.599851208305
12079,"Florida","Madison","sunflower",5.02876173033516
12079,"Florida","Madison","wheat",2.60018703740184
12081,"Florida","Manatee","corn",150.566666666667
12083,"Florida","Marion","corn",0
12083,"Florida","Marion","cotton",0
12083,"Florida","Marion","oats",0
12083,"Florida","Marion","peanuts",0
12083,"Florida","Marion","sunflower",0
12085,"Florida","Martin","corn",9614.30746666667
12089,"Florida","Nassau","corn",0
12091,"Florida","Okaloosa","corn",0
12091,"Florida","Okaloosa","cotton",0
12091,"Florida","Okaloosa","oats",0
12091,"Florida","Okaloosa","peanuts",0
12091,"Florida","Okaloosa","soybeans",0
12091,"Florida","Okaloosa","wheat",0
12093,"Florida","Okeechobee","corn",0
12097,"Florida","Osceola","corn",0
12097,"Florida","Osceola","cotton",0
12099,"Florida","Palm Beach","corn",581.939715940263
12099,"Florida","Palm Beach","rice_long grain",29304.32754719
12099,"Florida","Palm Beach","soybeans",1.46484686973661
12101,"Florida","Pasco","peanuts",0
12107,"Florida","Putnam","corn",0
12107,"Florida","Putnam","oats",0
12107,"Florida","Putnam","peanuts",0
12107,"Florida","Putnam","rapeseed",0
12113,"Florida","Santa Rosa","corn",0
12113,"Florida","Santa Rosa","cotton",0
12113,"Florida","Santa Rosa","grain sorghum",0
12113,"Florida","Santa Rosa","oats",0
12113,"Florida","Santa Rosa","peanuts",0
12113,"Florida","Santa Rosa","soybeans",0
12113,"Florida","Santa Rosa","sunflower",0
12113,"Florida","Santa Rosa","wheat",0
12109,"Florida","St. Johns","corn",0
12111,"Florida","St. Lucie","corn",4625.87294523452
12111,"Florida","St. Lucie","grain sorghum",1377.85205476548
12119,"Florida","Sumter","oats",0
12119,"Florida","Sumter","peanuts",0
12121,"Florida","Suwannee","corn",6392.69228671625
12121,"Florida","Suwannee","cotton",309.207613179155
12121,"Florida","Suwannee","dry peas",783.863784708345
12121,"Florida","Suwannee","grain sorghum",2.19026329880663
12121,"Florida","Suwannee","oats",296.644768342577
12121,"Florida","Suwannee","peanuts",7130.2977105538
12121,"Florida","Suwannee","rapeseed",71.76201136449
12121,"Florida","Suwannee","soybeans",537.36565619792
12121,"Florida","Suwannee","wheat",29.6097389719867
12125,"Florida","Union","corn",0
12129,"Florida","Wakulla","corn",0
12129,"Florida","Wakulla","peanuts",0
12131,"Florida","Walton","corn",0
12131,"Florida","Walton","cotton",0
12131,"Florida","Walton","grain sorghum",0
12131,"Florida","Walton","oats",0
12131,"Florida","Walton","peanuts",0
12131,"Florida","Walton","soybeans",0
12131,"Florida","Walton","sunflower",0
12131,"Florida","Walton","wheat",0
12133,"Florida","Washington","corn",30.935332187352
12133,"Florida","Washington","cotton",145.960478936076
12133,"Florida","Washington","oats",3.58515424095511
12133,"Florida","Washington","peanuts",140.286709492533
12133,"Florida","Washington","soybeans",49.3691900409306
12133,"Florida","Washington","wheat",6.16193510215504
13001,"Georgia","Appling","corn",160.561553067107
13001,"Georgia","Appling","cotton",839.395347898761
13001,"Georgia","Appling","grain sorghum",3.42415420528336
13001,"Georgia","Appling","oats",4.5287534518865
13001,"Georgia","Appling","peanuts",490.505106622697
13001,"Georgia","Appling","sesame",22.8189581483724
13001,"Georgia","Appling","soybeans",53.614136757246
13001,"Georgia","Appling","sunflower",0.219505907106744
13001,"Georgia","Appling","wheat",14.3984839415476
13003,"Georgia","Atkinson","corn",915.6638730953
13003,"Georgia","Atkinson","cotton",5180.12384079622
13003,"Georgia","Atkinson","grain sorghum",16.9544797653494
13003,"Georgia","Atkinson","oats",35.9235615813267
13003,"Georgia","Atkinson","peanuts",3991.36561523005
13003,"Georgia","Atkinson","soybeans",64.7062442284362
13003,"Georgia","Atkinson","sunflower",2.79778324117633
13003,"Georgia","Atkinson","wheat",2.44860206214924
13005,"Georgia","Bacon","corn",266.205506362976
13005,"Georgia","Bacon","cotton",1169.50567657269
13005,"Georgia","Bacon","grain sorghum",20.8583934879922
13005,"Georgia","Bacon","peanuts",549.5791487547
13005,"Georgia","Bacon","soybeans",35.0064295823316
13005,"Georgia","Bacon","sunflower",3.367553537945
13005,"Georgia","Bacon","wheat",23.7612917013559
13007,"Georgia","Baker","corn",0
13007,"Georgia","Baker","cotton",0
13007,"Georgia","Baker","grain sorghum",0
13007,"Georgia","Baker","oats",0
13007,"Georgia","Baker","peanuts",0
13007,"Georgia","Baker","soybeans",0
13007,"Georgia","Baker","sunflower",0
13007,"Georgia","Baker","wheat",0
13009,"Georgia","Baldwin","wheat",0
13011,"Georgia","Banks","corn",0
13011,"Georgia","Banks","grain sorghum",0
13011,"Georgia","Banks","oats",0
13011,"Georgia","Banks","soybeans",0
13011,"Georgia","Banks","wheat",0
13015,"Georgia","Bartow","canola",0
13015,"Georgia","Bartow","corn",0
13015,"Georgia","Bartow","cotton",0
13015,"Georgia","Bartow","oats",0
13015,"Georgia","Bartow","soybeans",0
13015,"Georgia","Bartow","sunflower",0
13015,"Georgia","Bartow","wheat",0
13017,"Georgia","Ben Hill","corn",0
13017,"Georgia","Ben Hill","cotton",0
13017,"Georgia","Ben Hill","grain sorghum",0
13017,"Georgia","Ben Hill","oats",0
13017,"Georgia","Ben Hill","peanuts",0
13017,"Georgia","Ben Hill","soybeans",0
13017,"Georgia","Ben Hill","sunflower",0
13017,"Georgia","Ben Hill","wheat",0
13019,"Georgia","Berrien","corn",818.265316069434
13019,"Georgia","Berrien","cotton",2985.30445010785
13019,"Georgia","Berrien","grain sorghum",18.071289337646
13019,"Georgia","Berrien","oats",32.1236699378266
13019,"Georgia","Berrien","peanuts",2589.82508750998
13019,"Georgia","Berrien","soybeans",204.771831590798
13019,"Georgia","Berrien","sunflower",4.35610827194933
13019,"Georgia","Berrien","wheat",72.757613841198
13021,"Georgia","Bibb","corn",0
13021,"Georgia","Bibb","oats",0
13021,"Georgia","Bibb","peanuts",0
13021,"Georgia","Bibb","soybeans",0
13021,"Georgia","Bibb","sunflower",0
13021,"Georgia","Bibb","wheat",0
13023,"Georgia","Bleckley","corn",0
13023,"Georgia","Bleckley","cotton",0
13023,"Georgia","Bleckley","grain sorghum",0
13023,"Georgia","Bleckley","oats",0
13023,"Georgia","Bleckley","peanuts",0
13023,"Georgia","Bleckley","soybeans",0
13023,"Georgia","Bleckley","sunflower",0
13023,"Georgia","Bleckley","wheat",0
13025,"Georgia","Brantley","corn",0
13025,"Georgia","Brantley","cotton",0
13025,"Georgia","Brantley","dry peas",0
13025,"Georgia","Brantley","peanuts",0
13025,"Georgia","Brantley","soybeans",0
13027,"Georgia","Brooks","canola",0
13027,"Georgia","Brooks","corn",0
13027,"Georgia","Brooks","cotton",0
13027,"Georgia","Brooks","dry peas",0
13027,"Georgia","Brooks","grain sorghum",0
13027,"Georgia","Brooks","oats",0
13027,"Georgia","Brooks","peanuts",0
13027,"Georgia","Brooks","sesame",0
13027,"Georgia","Brooks","soybeans",0
13027,"Georgia","Brooks","sunflower",0
13027,"Georgia","Brooks","wheat",0
13029,"Georgia","Bryan","corn",0
13029,"Georgia","Bryan","cotton",0
13029,"Georgia","Bryan","peanuts",0
13031,"Georgia","Bulloch","corn",0
13031,"Georgia","Bulloch","cotton",0
13031,"Georgia","Bulloch","grain sorghum",0
13031,"Georgia","Bulloch","oats",0
13031,"Georgia","Bulloch","peanuts",0
13031,"Georgia","Bulloch","rice_short/medium grain",0
13031,"Georgia","Bulloch","sesame",0
13031,"Georgia","Bulloch","soybeans",0
13031,"Georgia","Bulloch","sunflower",0
13031,"Georgia","Bulloch","wheat",0
13033,"Georgia","Burke","corn",0
13033,"Georgia","Burke","cotton",0
13033,"Georgia","Burke","grain sorghum",0
13033,"Georgia","Burke","oats",0
13033,"Georgia","Burke","peanuts",0
13033,"Georgia","Burke","sesame",0
13033,"Georgia","Burke","soybeans",0
13033,"Georgia","Burke","sunflower",0
13033,"Georgia","Burke","wheat",0
13035,"Georgia","Butts","oats",0
13035,"Georgia","Butts","sesame",0
13035,"Georgia","Butts","soybeans",0
13037,"Georgia","Calhoun","corn",0
13037,"Georgia","Calhoun","cotton",0
13037,"Georgia","Calhoun","grain sorghum",0
13037,"Georgia","Calhoun","oats",0
13037,"Georgia","Calhoun","peanuts",0
13037,"Georgia","Calhoun","sesame",0
13037,"Georgia","Calhoun","soybeans",0
13037,"Georgia","Calhoun","wheat",0
13043,"Georgia","Candler","corn",0
13043,"Georgia","Candler","cotton",0
13043,"Georgia","Candler","grain sorghum",0
13043,"Georgia","Candler","oats",0
13043,"Georgia","Candler","peanuts",0
13043,"Georgia","Candler","sesame",0
13043,"Georgia","Candler","soybeans",0
13043,"Georgia","Candler","sunflower",0
13043,"Georgia","Candler","wheat",0
13045,"Georgia","Carroll","corn",0
13045,"Georgia","Carroll","soybeans",0
13047,"Georgia","Catoosa","corn",0
13047,"Georgia","Catoosa","soybeans",0
13047,"Georgia","Catoosa","sunflower",0
13047,"Georgia","Catoosa","wheat",0
13049,"Georgia","Charlton","corn",0
13049,"Georgia","Charlton","dry peas",0
13051,"Georgia","Chatham","corn",0
13051,"Georgia","Chatham","cotton",0
13055,"Georgia","Chattooga","corn",13.2917113277004
13055,"Georgia","Chattooga","cotton",5.33305967994561
13055,"Georgia","Chattooga","soybeans",5.65782348701443
13055,"Georgia","Chattooga","wheat",2.37020550533937
13057,"Georgia","Cherokee","corn",0
13059,"Georgia","Clarke","corn",0
13059,"Georgia","Clarke","cotton",0
13059,"Georgia","Clarke","grain sorghum",0
13059,"Georgia","Clarke","oats",0
13059,"Georgia","Clarke","soybeans",0
13059,"Georgia","Clarke","wheat",0
13061,"Georgia","Clay","corn",0
13061,"Georgia","Clay","cotton",0
13061,"Georgia","Clay","grain sorghum",0
13061,"Georgia","Clay","oats",0
13061,"Georgia","Clay","peanuts",0
13061,"Georgia","Clay","soybeans",0
13061,"Georgia","Clay","wheat",0
13065,"Georgia","Clinch","corn",104.991162263198
13065,"Georgia","Clinch","cotton",36.4152006845424
13065,"Georgia","Clinch","peanuts",95.8090494399518
13065,"Georgia","Clinch","soybeans",28.8491153785908
13065,"Georgia","Clinch","wheat",28.9081389003837
13069,"Georgia","Coffee","corn",395.91288783543
13069,"Georgia","Coffee","cotton",2080.00323703733
13069,"Georgia","Coffee","grain sorghum",7.14262384226236
13069,"Georgia","Coffee","oats",20.5923131385474
13069,"Georgia","Coffee","peanuts",1519.35685044196
13069,"Georgia","Coffee","soybeans",80.5341749487329
13069,"Georgia","Coffee","sunflower",3.34620128832191
13069,"Georgia","Coffee","wheat",10.8712448007325
13071,"Georgia","Colquitt","corn",0
13071,"Georgia","Colquitt","cotton",0
13071,"Georgia","Colquitt","grain sorghum",0
13071,"Georgia","Colquitt","oats",0
13071,"Georgia","Colquitt","peanuts",0
13071,"Georgia","Colquitt","soybeans",0
13071,"Georgia","Colquitt","sunflower",0
13071,"Georgia","Colquitt","wheat",0
13075,"Georgia","Cook","corn",0
13075,"Georgia","Cook","cotton",0
13075,"Georgia","Cook","grain sorghum",0
13075,"Georgia","Cook","oats",0
13075,"Georgia","Cook","peanuts",0
13075,"Georgia","Cook","soybeans",0
13075,"Georgia","Cook","sunflower",0
13075,"Georgia","Cook","wheat",0
13077,"Georgia","Coweta","corn",0
13077,"Georgia","Coweta","soybeans",0
13077,"Georgia","Coweta","wheat",0
13079,"Georgia","Crawford","corn",0
13079,"Georgia","Crawford","cotton",0
13079,"Georgia","Crawford","grain sorghum",0
13079,"Georgia","Crawford","oats",0
13079,"Georgia","Crawford","peanuts",0
13079,"Georgia","Crawford","soybeans",0
13079,"Georgia","Crawford","sunflower",0
13079,"Georgia","Crawford","wheat",0
13081,"Georgia","Crisp","corn",0
13081,"Georgia","Crisp","cotton",0
13081,"Georgia","Crisp","grain sorghum",0
13081,"Georgia","Crisp","oats",0
13081,"Georgia","Crisp","peanuts",0
13081,"Georgia","Crisp","sesame",0
13081,"Georgia","Crisp","soybeans",0
13081,"Georgia","Crisp","sunflower",0
13081,"Georgia","Crisp","wheat",0
13083,"Georgia","Dade","corn",228.670370870329
13083,"Georgia","Dade","grain sorghum",10.2568943246483
13083,"Georgia","Dade","soybeans",236.296925744475
13083,"Georgia","Dade","wheat",36.6258090605472
13085,"Georgia","Dawson","corn",0
13085,"Georgia","Dawson","soybeans",0
13087,"Georgia","Decatur","corn",753.550938551502
13087,"Georgia","Decatur","cotton",1065.2791027935
13087,"Georgia","Decatur","grain sorghum",38.8568205246551
13087,"Georgia","Decatur","oats",131.549820230035
13087,"Georgia","Decatur","peanuts",1078.86038114334
13087,"Georgia","Decatur","sesame",0.454092691888327
13087,"Georgia","Decatur","soybeans",61.4532158173379
13087,"Georgia","Decatur","sunflower",5.57128181038588
13087,"Georgia","Decatur","wheat",31.772846437349
13091,"Georgia","Dodge","corn",0
13091,"Georgia","Dodge","cotton",0
13091,"Georgia","Dodge","grain sorghum",0
13091,"Georgia","Dodge","oats",0
13091,"Georgia","Dodge","peanuts",0
13091,"Georgia","Dodge","sesame",0
13091,"Georgia","Dodge","soybeans",0
13091,"Georgia","Dodge","sunflower",0
13091,"Georgia","Dodge","wheat",0
13093,"Georgia","Dooly","corn",0
13093,"Georgia","Dooly","cotton",0
13093,"Georgia","Dooly","grain sorghum",0
13093,"Georgia","Dooly","oats",0
13093,"Georgia","Dooly","peanuts",0
13093,"Georgia","Dooly","rice_short/medium grain",0
13093,"Georgia","Dooly","soybeans",0
13093,"Georgia","Dooly","sunflower",0
13093,"Georgia","Dooly","wheat",0
13095,"Georgia","Dougherty","corn",0
13095,"Georgia","Dougherty","cotton",0
13095,"Georgia","Dougherty","grain sorghum",0
13095,"Georgia","Dougherty","oats",0
13095,"Georgia","Dougherty","peanuts",0
13095,"Georgia","Dougherty","soybeans",0
13095,"Georgia","Dougherty","sunflower",0
13095,"Georgia","Dougherty","wheat",0
13099,"Georgia","Early","corn",0
13099,"Georgia","Early","cotton",0
13099,"Georgia","Early","dry peas",0
13099,"Georgia","Early","grain sorghum",0
13099,"Georgia","Early","oats",0
13099,"Georgia","Early","peanuts",0
13099,"Georgia","Early","soybeans",0
13099,"Georgia","Early","sunflower",0
13099,"Georgia","Early","wheat",0
13101,"Georgia","Echols","corn",0
13101,"Georgia","Echols","cotton",0
13101,"Georgia","Echols","oats",0
13101,"Georgia","Echols","peanuts",0
13101,"Georgia","Echols","sesame",0
13101,"Georgia","Echols","soybeans",0
13101,"Georgia","Echols","sunflower",0
13103,"Georgia","Effingham","corn",0
13103,"Georgia","Effingham","cotton",0
13103,"Georgia","Effingham","grain sorghum",0
13103,"Georgia","Effingham","peanuts",0
13103,"Georgia","Effingham","soybeans",0
13103,"Georgia","Effingham","sunflower",0
13103,"Georgia","Effingham","wheat",0
13105,"Georgia","Elbert","corn",0
13105,"Georgia","Elbert","cotton",0
13105,"Georgia","Elbert","soybeans",0
13105,"Georgia","Elbert","sunflower",0
13105,"Georgia","Elbert","wheat",0
13107,"Georgia","Emanuel","corn",0
13107,"Georgia","Emanuel","cotton",0
13107,"Georgia","Emanuel","grain sorghum",0
13107,"Georgia","Emanuel","oats",0
13107,"Georgia","Emanuel","peanuts",0
13107,"Georgia","Emanuel","sesame",0
13107,"Georgia","Emanuel","soybeans",0
13107,"Georgia","Emanuel","sunflower",0
13107,"Georgia","Emanuel","wheat",0
13109,"Georgia","Evans","corn",0
13109,"Georgia","Evans","cotton",0
13109,"Georgia","Evans","dry peas",0
13109,"Georgia","Evans","grain sorghum",0
13109,"Georgia","Evans","peanuts",0
13109,"Georgia","Evans","soybeans",0
13109,"Georgia","Evans","wheat",0
13111,"Georgia","Fannin","corn",0
13115,"Georgia","Floyd","corn",0
13115,"Georgia","Floyd","cotton",0
13115,"Georgia","Floyd","grain sorghum",0
13115,"Georgia","Floyd","peanuts",0
13115,"Georgia","Floyd","soybeans",0
13115,"Georgia","Floyd","sunflower",0
13115,"Georgia","Floyd","wheat",0
13117,"Georgia","Forsyth","corn",0
13117,"Georgia","Forsyth","wheat",0
13119,"Georgia","Franklin","corn",0
13119,"Georgia","Franklin","cotton",0
13119,"Georgia","Franklin","grain sorghum",0
13119,"Georgia","Franklin","oats",0
13119,"Georgia","Franklin","soybeans",0
13119,"Georgia","Franklin","wheat",0
13121,"Georgia","Fulton","corn",0
13123,"Georgia","Gilmer","corn",0
13123,"Georgia","Gilmer","soybeans",0
13123,"Georgia","Gilmer","wheat",0
13125,"Georgia","Glascock","corn",0
13125,"Georgia","Glascock","cotton",0
13125,"Georgia","Glascock","grain sorghum",0
13125,"Georgia","Glascock","oats",0
13125,"Georgia","Glascock","peanuts",0
13125,"Georgia","Glascock","sesame",0
13125,"Georgia","Glascock","soybeans",0
13125,"Georgia","Glascock","wheat",0
13129,"Georgia","Gordon","barley",0
13129,"Georgia","Gordon","canola",0
13129,"Georgia","Gordon","corn",0
13129,"Georgia","Gordon","cotton",0
13129,"Georgia","Gordon","grain sorghum",0
13129,"Georgia","Gordon","oats",0
13129,"Georgia","Gordon","soybeans",0
13129,"Georgia","Gordon","sunflower",0
13129,"Georgia","Gordon","wheat",0
13131,"Georgia","Grady","corn",0
13131,"Georgia","Grady","cotton",0
13131,"Georgia","Grady","dry peas",0
13131,"Georgia","Grady","grain sorghum",0
13131,"Georgia","Grady","oats",0
13131,"Georgia","Grady","peanuts",0
13131,"Georgia","Grady","soybeans",0
13131,"Georgia","Grady","sunflower",0
13131,"Georgia","Grady","wheat",0
13133,"Georgia","Greene","corn",157.055368946491
13133,"Georgia","Greene","cotton",1.87158727276562
13133,"Georgia","Greene","soybeans",70.2210186805296
13133,"Georgia","Greene","sunflower",0.935793636382809
13133,"Georgia","Greene","wheat",133.768331463832
13137,"Georgia","Habersham","corn",0
13137,"Georgia","Habersham","soybeans",0
13137,"Georgia","Habersham","wheat",0
13139,"Georgia","Hall","corn",0
13139,"Georgia","Hall","oats",0
13139,"Georgia","Hall","soybeans",0
13139,"Georgia","Hall","wheat",0
13141,"Georgia","Hancock","cotton",0
13141,"Georgia","Hancock","wheat",0
13143,"Georgia","Haralson","corn",0
13145,"Georgia","Harris","corn",0
13147,"Georgia","Hart","corn",0
13147,"Georgia","Hart","cotton",0
13147,"Georgia","Hart","grain sorghum",0
13147,"Georgia","Hart","oats",0
13147,"Georgia","Hart","soybeans",0
13147,"Georgia","Hart","sunflower",0
13147,"Georgia","Hart","wheat",0
13149,"Georgia","Heard","corn",0
13149,"Georgia","Heard","soybeans",0
13151,"Georgia","Henry","corn",0
13151,"Georgia","Henry","oats",0
13151,"Georgia","Henry","soybeans",0
13151,"Georgia","Henry","wheat",0
13153,"Georgia","Houston","corn",0
13153,"Georgia","Houston","cotton",0
13153,"Georgia","Houston","grain sorghum",0
13153,"Georgia","Houston","oats",0
13153,"Georgia","Houston","peanuts",0
13153,"Georgia","Houston","rapeseed",0
13153,"Georgia","Houston","soybeans",0
13153,"Georgia","Houston","sunflower",0
13153,"Georgia","Houston","wheat",0
13155,"Georgia","Irwin","corn",0
13155,"Georgia","Irwin","cotton",0
13155,"Georgia","Irwin","dry peas",0
13155,"Georgia","Irwin","grain sorghum",0
13155,"Georgia","Irwin","oats",0
13155,"Georgia","Irwin","peanuts",0
13155,"Georgia","Irwin","sesame",0
13155,"Georgia","Irwin","soybeans",0
13155,"Georgia","Irwin","sunflower",0
13155,"Georgia","Irwin","wheat",0
13157,"Georgia","Jackson","corn",0
13157,"Georgia","Jackson","grain sorghum",0
13157,"Georgia","Jackson","oats",0
13157,"Georgia","Jackson","soybeans",0
13157,"Georgia","Jackson","wheat",0
13159,"Georgia","Jasper","corn",21.7677070857345
13159,"Georgia","Jasper","cotton",5.47165529506318
13159,"Georgia","Jasper","grain sorghum",6.62842773189235
13159,"Georgia","Jasper","oats",21.3043897666969
13159,"Georgia","Jasper","soybeans",7.08778507384416
13159,"Georgia","Jasper","wheat",8.21953504676892
13161,"Georgia","Jeff Davis","corn",446.328302751734
13161,"Georgia","Jeff Davis","cotton",1602.68878897707
13161,"Georgia","Jeff Davis","grain sorghum",18.6469572669068
13161,"Georgia","Jeff Davis","oats",21.0753658931962
13161,"Georgia","Jeff Davis","peanuts",1151.79613259372
13161,"Georgia","Jeff Davis","soybeans",76.90832658849
13161,"Georgia","Jeff Davis","sunflower",4.38286677249411
13161,"Georgia","Jeff Davis","wheat",65.8717591563867
13163,"Georgia","Jefferson","barley",0
13163,"Georgia","Jefferson","canola",0
13163,"Georgia","Jefferson","corn",0
13163,"Georgia","Jefferson","cotton",0
13163,"Georgia","Jefferson","grain sorghum",0
13163,"Georgia","Jefferson","oats",0
13163,"Georgia","Jefferson","peanuts",0
13163,"Georgia","Jefferson","sesame",0
13163,"Georgia","Jefferson","soybeans",0
13163,"Georgia","Jefferson","sunflower",0
13163,"Georgia","Jefferson","wheat",0
13165,"Georgia","Jenkins","corn",0
13165,"Georgia","Jenkins","cotton",0
13165,"Georgia","Jenkins","grain sorghum",0
13165,"Georgia","Jenkins","oats",0
13165,"Georgia","Jenkins","peanuts",0
13165,"Georgia","Jenkins","sesame",0
13165,"Georgia","Jenkins","soybeans",0
13165,"Georgia","Jenkins","sunflower",0
13165,"Georgia","Jenkins","wheat",0
13167,"Georgia","Johnson","corn",0
13167,"Georgia","Johnson","cotton",0
13167,"Georgia","Johnson","dry peas",0
13167,"Georgia","Johnson","grain sorghum",0
13167,"Georgia","Johnson","oats",0
13167,"Georgia","Johnson","peanuts",0
13167,"Georgia","Johnson","sesame",0
13167,"Georgia","Johnson","soybeans",0
13167,"Georgia","Johnson","sunflower",0
13167,"Georgia","Johnson","wheat",0
13169,"Georgia","Jones","grain sorghum",6.59000000000003
13171,"Georgia","Lamar","corn",0
13171,"Georgia","Lamar","cotton",0
13171,"Georgia","Lamar","oats",0
13171,"Georgia","Lamar","soybeans",0
13171,"Georgia","Lamar","wheat",0
13173,"Georgia","Lanier","corn",857.305613574871
13173,"Georgia","Lanier","cotton",2290.58157610541
13173,"Georgia","Lanier","oats",18.8395649081797
13173,"Georgia","Lanier","peanuts",1971.42316575135
13173,"Georgia","Lanier","soybeans",107.844088145986
13173,"Georgia","Lanier","sunflower",6.75599151420379
13175,"Georgia","Laurens","barley",0
13175,"Georgia","Laurens","canola",0
13175,"Georgia","Laurens","corn",0
13175,"Georgia","Laurens","cotton",0
13175,"Georgia","Laurens","dry peas",0
13175,"Georgia","Laurens","grain sorghum",0
13175,"Georgia","Laurens","oats",0
13175,"Georgia","Laurens","peanuts",0
13175,"Georgia","Laurens","rapeseed",0
13175,"Georgia","Laurens","sesame",0
13175,"Georgia","Laurens","soybeans",0
13175,"Georgia","Laurens","sunflower",0
13175,"Georgia","Laurens","wheat",0
13177,"Georgia","Lee","corn",0
13177,"Georgia","Lee","cotton",0
13177,"Georgia","Lee","grain sorghum",0
13177,"Georgia","Lee","oats",0
13177,"Georgia","Lee","peanuts",0
13177,"Georgia","Lee","sesame",0
13177,"Georgia","Lee","soybeans",0
13177,"Georgia","Lee","sunflower",0
13177,"Georgia","Lee","wheat",0
13179,"Georgia","Liberty","corn",64.5080242802232
13179,"Georgia","Liberty","cotton",66.2546733870541
13179,"Georgia","Liberty","peanuts",38.0723023327227
13181,"Georgia","Lincoln","oats",0
13183,"Georgia","Long","corn",0
13183,"Georgia","Long","cotton",0
13183,"Georgia","Long","peanuts",0
13183,"Georgia","Long","soybeans",0
13183,"Georgia","Long","wheat",0
13185,"Georgia","Lowndes","corn",32.0508514708529
13185,"Georgia","Lowndes","cotton",165.778216084789
13185,"Georgia","Lowndes","oats",0.252717658113509
13185,"Georgia","Lowndes","peanuts",101.475649404449
13185,"Georgia","Lowndes","soybeans",25.8728220014774
13185,"Georgia","Lowndes","wheat",4.31141004698277
13187,"Georgia","Lumpkin","corn",0
13193,"Georgia","Macon","corn",0
13193,"Georgia","Macon","cotton",0
13193,"Georgia","Macon","grain sorghum",0
13193,"Georgia","Macon","oats",0
13193,"Georgia","Macon","peanuts",0
13193,"Georgia","Macon","rapeseed",0
13193,"Georgia","Macon","sesame",0
13193,"Georgia","Macon","soybeans",0
13193,"Georgia","Macon","sunflower",0
13193,"Georgia","Macon","wheat",0
13195,"Georgia","Madison","canola",0
13195,"Georgia","Madison","corn",0
13195,"Georgia","Madison","cotton",0
13195,"Georgia","Madison","grain sorghum",0
13195,"Georgia","Madison","oats",0
13195,"Georgia","Madison","soybeans",0
13195,"Georgia","Madison","sunflower",0
13195,"Georgia","Madison","wheat",0
13197,"Georgia","Marion","corn",0
13197,"Georgia","Marion","cotton",0
13197,"Georgia","Marion","grain sorghum",0
13197,"Georgia","Marion","oats",0
13197,"Georgia","Marion","peanuts",0
13197,"Georgia","Marion","soybeans",0
13197,"Georgia","Marion","sunflower",0
13197,"Georgia","Marion","wheat",0
13189,"Georgia","McDuffie","corn",0
13189,"Georgia","McDuffie","cotton",0
13189,"Georgia","McDuffie","grain sorghum",0
13189,"Georgia","McDuffie","sesame",0
13189,"Georgia","McDuffie","soybeans",0
13189,"Georgia","McDuffie","wheat",0
13199,"Georgia","Meriwether","corn",0
13199,"Georgia","Meriwether","soybeans",0
13199,"Georgia","Meriwether","wheat",0
13201,"Georgia","Miller","canola",0
13201,"Georgia","Miller","corn",0
13201,"Georgia","Miller","cotton",0
13201,"Georgia","Miller","grain sorghum",0
13201,"Georgia","Miller","oats",0
13201,"Georgia","Miller","peanuts",0
13201,"Georgia","Miller","soybeans",0
13201,"Georgia","Miller","sunflower",0
13201,"Georgia","Miller","wheat",0
13205,"Georgia","Mitchell","barley",0.620913264168629
13205,"Georgia","Mitchell","canola",0.993461222669806
13205,"Georgia","Mitchell","corn",1036.84418407196
13205,"Georgia","Mitchell","cotton",2724.09789339811
13205,"Georgia","Mitchell","grain sorghum",15.0518068020174
13205,"Georgia","Mitchell","oats",56.7565389972483
13205,"Georgia","Mitchell","peanuts",2034.29594178099
13205,"Georgia","Mitchell","soybeans",61.5250535199411
13205,"Georgia","Mitchell","sunflower",3.4179039904732
13205,"Georgia","Mitchell","wheat",66.6579696191092
13207,"Georgia","Monroe","barley",0
13207,"Georgia","Monroe","corn",0
13207,"Georgia","Monroe","cotton",0
13207,"Georgia","Monroe","soybeans",0
13207,"Georgia","Monroe","wheat",0
13209,"Georgia","Montgomery","corn",0
13209,"Georgia","Montgomery","cotton",0
13209,"Georgia","Montgomery","grain sorghum",0
13209,"Georgia","Montgomery","oats",0
13209,"Georgia","Montgomery","peanuts",0
13209,"Georgia","Montgomery","soybeans",0
13209,"Georgia","Montgomery","sunflower",0
13209,"Georgia","Montgomery","wheat",0
13211,"Georgia","Morgan","corn",448.00031714618
13211,"Georgia","Morgan","cotton",268.917665688178
13211,"Georgia","Morgan","grain sorghum",88.242853195984
13211,"Georgia","Morgan","oats",14.7310033685969
13211,"Georgia","Morgan","soybeans",146.765476042167
13211,"Georgia","Morgan","sunflower",2.6606838058552
13211,"Georgia","Morgan","wheat",398.120667419706
13213,"Georgia","Murray","corn",239.584460600213
13213,"Georgia","Murray","grain sorghum",36.4931995805716
13213,"Georgia","Murray","oats",44.7544916102563
13213,"Georgia","Murray","soybeans",301.379108975396
13213,"Georgia","Murray","sunflower",25.334935546268
13213,"Georgia","Murray","wheat",24.4906370206285
13217,"Georgia","Newton","corn",0
13217,"Georgia","Newton","cotton",0
13217,"Georgia","Newton","dry peas",0
13217,"Georgia","Newton","grain sorghum",0
13217,"Georgia","Newton","mustard",0
13217,"Georgia","Newton","oats",0
13217,"Georgia","Newton","soybeans",0
13217,"Georgia","Newton","wheat",0
13219,"Georgia","Oconee","corn",0
13219,"Georgia","Oconee","cotton",0
13219,"Georgia","Oconee","grain sorghum",0
13219,"Georgia","Oconee","oats",0
13219,"Georgia","Oconee","soybeans",0
13219,"Georgia","Oconee","sunflower",0
13219,"Georgia","Oconee","wheat",0
13221,"Georgia","Oglethorpe","corn",269.854930183956
13221,"Georgia","Oglethorpe","cotton",33.5026381945159
13221,"Georgia","Oglethorpe","grain sorghum",74.7070366517674
13221,"Georgia","Oglethorpe","oats",6.93131895908257
13221,"Georgia","Oglethorpe","soybeans",71.3433194794974
13221,"Georgia","Oglethorpe","sunflower",0.937945020433536
13221,"Georgia","Oglethorpe","wheat",235.243811510746
13225,"Georgia","Peach","canola",0
13225,"Georgia","Peach","corn",0
13225,"Georgia","Peach","cotton",0
13225,"Georgia","Peach","grain sorghum",0
13225,"Georgia","Peach","oats",0
13225,"Georgia","Peach","peanuts",0
13225,"Georgia","Peach","soybeans",0
13225,"Georgia","Peach","sunflower",0
13225,"Georgia","Peach","wheat",0
13229,"Georgia","Pierce","corn",870.523691245543
13229,"Georgia","Pierce","cotton",1563.36025948124
13229,"Georgia","Pierce","grain sorghum",14.6193681276419
13229,"Georgia","Pierce","oats",29.1925347981198
13229,"Georgia","Pierce","peanuts",1165.301971212
13229,"Georgia","Pierce","soybeans",350.981496996368
13229,"Georgia","Pierce","sunflower",2.65161039063522
13229,"Georgia","Pierce","wheat",95.8234210817877
13231,"Georgia","Pike","canola",0
13231,"Georgia","Pike","corn",0
13231,"Georgia","Pike","cotton",0
13231,"Georgia","Pike","grain sorghum",0
13231,"Georgia","Pike","oats",0
13231,"Georgia","Pike","soybeans",0
13231,"Georgia","Pike","wheat",0
13233,"Georgia","Polk","corn",0
13233,"Georgia","Polk","cotton",0
13233,"Georgia","Polk","soybeans",0
13233,"Georgia","Polk","sunflower",0
13233,"Georgia","Polk","wheat",0
13235,"Georgia","Pulaski","corn",0
13235,"Georgia","Pulaski","cotton",0
13235,"Georgia","Pulaski","grain sorghum",0
13235,"Georgia","Pulaski","oats",0
13235,"Georgia","Pulaski","peanuts",0
13235,"Georgia","Pulaski","soybeans",0
13235,"Georgia","Pulaski","wheat",0
13237,"Georgia","Putnam","corn",888.76968141924
13237,"Georgia","Putnam","cotton",95.2699267131157
13237,"Georgia","Putnam","grain sorghum",174.819977716173
13237,"Georgia","Putnam","oats",849.423423671154
13237,"Georgia","Putnam","soybeans",112.862192837757
13237,"Georgia","Putnam","wheat",376.313797642561
13239,"Georgia","Quitman","corn",0
13239,"Georgia","Quitman","cotton",0
13239,"Georgia","Quitman","grain sorghum",0
13239,"Georgia","Quitman","peanuts",0
13239,"Georgia","Quitman","sesame",0
13239,"Georgia","Quitman","wheat",0
13241,"Georgia","Rabun","corn",0
13241,"Georgia","Rabun","grain sorghum",0
13241,"Georgia","Rabun","soybeans",0
13243,"Georgia","Randolph","corn",0
13243,"Georgia","Randolph","cotton",0
13243,"Georgia","Randolph","grain sorghum",0
13243,"Georgia","Randolph","oats",0
13243,"Georgia","Randolph","peanuts",0
13243,"Georgia","Randolph","sesame",0
13243,"Georgia","Randolph","soybeans",0
13243,"Georgia","Randolph","wheat",0
13245,"Georgia","Richmond","corn",0
13245,"Georgia","Richmond","oats",0
13245,"Georgia","Richmond","soybeans",0
13245,"Georgia","Richmond","wheat",0
13249,"Georgia","Schley","corn",0
13249,"Georgia","Schley","cotton",0
13249,"Georgia","Schley","grain sorghum",0
13249,"Georgia","Schley","oats",0
13249,"Georgia","Schley","peanuts",0
13249,"Georgia","Schley","soybeans",0
13249,"Georgia","Schley","wheat",0
13251,"Georgia","Screven","corn",0
13251,"Georgia","Screven","cotton",0
13251,"Georgia","Screven","dry peas",0
13251,"Georgia","Screven","grain sorghum",0
13251,"Georgia","Screven","oats",0
13251,"Georgia","Screven","peanuts",0
13251,"Georgia","Screven","soybeans",0
13251,"Georgia","Screven","sunflower",0
13251,"Georgia","Screven","wheat",0
13253,"Georgia","Seminole","corn",372.531863254949
13253,"Georgia","Seminole","cotton",739.092486960009
13253,"Georgia","Seminole","grain sorghum",17.6753674708349
13253,"Georgia","Seminole","oats",37.9608532409107
13253,"Georgia","Seminole","peanuts",650.587233287876
13253,"Georgia","Seminole","soybeans",52.5130929343072
13253,"Georgia","Seminole","sunflower",0.805135735393149
13253,"Georgia","Seminole","wheat",23.1944671157087
13255,"Georgia","Spalding","oats",0
13255,"Georgia","Spalding","soybeans",0
13255,"Georgia","Spalding","wheat",0
13257,"Georgia","Stephens","corn",0
13257,"Georgia","Stephens","wheat",0
13259,"Georgia","Stewart","corn",0
13259,"Georgia","Stewart","cotton",0
13259,"Georgia","Stewart","grain sorghum",0
13259,"Georgia","Stewart","oats",0
13259,"Georgia","Stewart","peanuts",0
13259,"Georgia","Stewart","soybeans",0
13259,"Georgia","Stewart","wheat",0
13261,"Georgia","Sumter","corn",0
13261,"Georgia","Sumter","cotton",0
13261,"Georgia","Sumter","grain sorghum",0
13261,"Georgia","Sumter","oats",0
13261,"Georgia","Sumter","peanuts",0
13261,"Georgia","Sumter","soybeans",0
13261,"Georgia","Sumter","sunflower",0
13261,"Georgia","Sumter","wheat",0
13263,"Georgia","Talbot","corn",0
13263,"Georgia","Talbot","cotton",0
13263,"Georgia","Talbot","grain sorghum",0
13263,"Georgia","Talbot","soybeans",0
13263,"Georgia","Talbot","wheat",0
13265,"Georgia","Taliaferro","wheat",0
13267,"Georgia","Tattnall","corn",0
13267,"Georgia","Tattnall","cotton",0
13267,"Georgia","Tattnall","grain sorghum",0
13267,"Georgia","Tattnall","oats",0
13267,"Georgia","Tattnall","peanuts",0
13267,"Georgia","Tattnall","soybeans",0
13267,"Georgia","Tattnall","sunflower",0
13267,"Georgia","Tattnall","wheat",0
13269,"Georgia","Taylor","corn",0
13269,"Georgia","Taylor","cotton",0
13269,"Georgia","Taylor","grain sorghum",0
13269,"Georgia","Taylor","oats",0
13269,"Georgia","Taylor","sesame",0
13269,"Georgia","Taylor","soybeans",0
13269,"Georgia","Taylor","wheat",0
13271,"Georgia","Telfair","corn",0
13271,"Georgia","Telfair","cotton",0
13271,"Georgia","Telfair","grain sorghum",0
13271,"Georgia","Telfair","oats",0
13271,"Georgia","Telfair","peanuts",0
13271,"Georgia","Telfair","soybeans",0
13271,"Georgia","Telfair","sunflower",0
13271,"Georgia","Telfair","wheat",0
13273,"Georgia","Terrell","corn",0
13273,"Georgia","Terrell","cotton",0
13273,"Georgia","Terrell","grain sorghum",0
13273,"Georgia","Terrell","lentils",0
13273,"Georgia","Terrell","oats",0
13273,"Georgia","Terrell","peanuts",0
13273,"Georgia","Terrell","sesame",0
13273,"Georgia","Terrell","soybeans",0
13273,"Georgia","Terrell","sunflower",0
13273,"Georgia","Terrell","wheat",0
13275,"Georgia","Thomas","corn",0
13275,"Georgia","Thomas","cotton",0
13275,"Georgia","Thomas","grain sorghum",0
13275,"Georgia","Thomas","oats",0
13275,"Georgia","Thomas","peanuts",0
13275,"Georgia","Thomas","soybeans",0
13275,"Georgia","Thomas","wheat",0
13277,"Georgia","Tift","corn",202.829077642993
13277,"Georgia","Tift","cotton",1193.70536175618
13277,"Georgia","Tift","dry peas",0.146155552017341
13277,"Georgia","Tift","grain sorghum",30.2448701898013
13277,"Georgia","Tift","oats",18.6269290801959
13277,"Georgia","Tift","peanuts",733.885275898002
13277,"Georgia","Tift","sesame",0.181398734773296
13277,"Georgia","Tift","soybeans",15.1873240137395
13277,"Georgia","Tift","sunflower",0.414625679481819
13277,"Georgia","Tift","wheat",44.8024814528278
13279,"Georgia","Toombs","corn",0
13279,"Georgia","Toombs","cotton",0
13279,"Georgia","Toombs","grain sorghum",0
13279,"Georgia","Toombs","oats",0
13279,"Georgia","Toombs","peanuts",0
13279,"Georgia","Toombs","soybeans",0
13279,"Georgia","Toombs","sunflower",0
13279,"Georgia","Toombs","wheat",0
13281,"Georgia","Towns","corn",0
13281,"Georgia","Towns","soybeans",0
13283,"Georgia","Treutlen","corn",0
13283,"Georgia","Treutlen","cotton",0
13283,"Georgia","Treutlen","grain sorghum",0
13283,"Georgia","Treutlen","oats",0
13283,"Georgia","Treutlen","peanuts",0
13283,"Georgia","Treutlen","soybeans",0
13283,"Georgia","Treutlen","wheat",0
13287,"Georgia","Turner","corn",0
13287,"Georgia","Turner","cotton",0
13287,"Georgia","Turner","grain sorghum",0
13287,"Georgia","Turner","oats",0
13287,"Georgia","Turner","peanuts",0
13287,"Georgia","Turner","sesame",0
13287,"Georgia","Turner","soybeans",0
13287,"Georgia","Turner","sunflower",0
13287,"Georgia","Turner","wheat",0
13289,"Georgia","Twiggs","corn",0
13289,"Georgia","Twiggs","cotton",0
13289,"Georgia","Twiggs","grain sorghum",0
13289,"Georgia","Twiggs","oats",0
13289,"Georgia","Twiggs","peanuts",0
13289,"Georgia","Twiggs","soybeans",0
13289,"Georgia","Twiggs","sunflower",0
13289,"Georgia","Twiggs","wheat",0
13291,"Georgia","Union","corn",0
13291,"Georgia","Union","grain sorghum",0
13291,"Georgia","Union","soybeans",0
13291,"Georgia","Union","wheat",0
13293,"Georgia","Upson","barley",0
13293,"Georgia","Upson","corn",0
13293,"Georgia","Upson","oats",0
13293,"Georgia","Upson","soybeans",0
13293,"Georgia","Upson","wheat",0
13295,"Georgia","Walker","corn",36.5688534709282
13295,"Georgia","Walker","cotton",4.33676943421244
13295,"Georgia","Walker","grain sorghum",0.079881359760034
13295,"Georgia","Walker","soybeans",16.5897072432143
13295,"Georgia","Walker","sunflower",0.0922775980840617
13295,"Georgia","Walker","wheat",5.69634422713383
13297,"Georgia","Walton","corn",0
13297,"Georgia","Walton","cotton",0
13297,"Georgia","Walton","grain sorghum",0
13297,"Georgia","Walton","oats",0
13297,"Georgia","Walton","soybeans",0
13297,"Georgia","Walton","wheat",0
13299,"Georgia","Ware","corn",41.3102169308778
13299,"Georgia","Ware","cotton",382.063475434151
13299,"Georgia","Ware","oats",4.75051875730328
13299,"Georgia","Ware","peanuts",310.699318241603
13299,"Georgia","Ware","soybeans",12.7244602972734
13299,"Georgia","Ware","sunflower",1.69837395520858
13299,"Georgia","Ware","wheat",31.0241363835824
13301,"Georgia","Warren","corn",0
13301,"Georgia","Warren","cotton",0
13301,"Georgia","Warren","grain sorghum",0
13301,"Georgia","Warren","oats",0
13301,"Georgia","Warren","peanuts",0
13301,"Georgia","Warren","sesame",0
13301,"Georgia","Warren","soybeans",0
13301,"Georgia","Warren","sunflower",0
13301,"Georgia","Warren","wheat",0
13303,"Georgia","Washington","canola",0
13303,"Georgia","Washington","corn",0
13303,"Georgia","Washington","cotton",0
13303,"Georgia","Washington","grain sorghum",0
13303,"Georgia","Washington","oats",0
13303,"Georgia","Washington","peanuts",0
13303,"Georgia","Washington","sesame",0
13303,"Georgia","Washington","soybeans",0
13303,"Georgia","Washington","sunflower",0
13303,"Georgia","Washington","wheat",0
13305,"Georgia","Wayne","corn",811.805275606873
13305,"Georgia","Wayne","cotton",1696.68899953576
13305,"Georgia","Wayne","grain sorghum",7.21816507669872
13305,"Georgia","Wayne","oats",11.3324246712015
13305,"Georgia","Wayne","peanuts",935.904795365415
13305,"Georgia","Wayne","soybeans",53.1091891015299
13305,"Georgia","Wayne","sunflower",1.44820047742188
13305,"Georgia","Wayne","wheat",68.6404501650999
13307,"Georgia","Webster","corn",0
13307,"Georgia","Webster","cotton",0
13307,"Georgia","Webster","grain sorghum",0
13307,"Georgia","Webster","oats",0
13307,"Georgia","Webster","peanuts",0
13307,"Georgia","Webster","soybeans",0
13307,"Georgia","Webster","sunflower",0
13307,"Georgia","Webster","wheat",0
13309,"Georgia","Wheeler","corn",0
13309,"Georgia","Wheeler","cotton",0
13309,"Georgia","Wheeler","grain sorghum",0
13309,"Georgia","Wheeler","oats",0
13309,"Georgia","Wheeler","peanuts",0
13309,"Georgia","Wheeler","soybeans",0
13309,"Georgia","Wheeler","sunflower",0
13309,"Georgia","Wheeler","wheat",0
13311,"Georgia","White","corn",33.5563878171952
13311,"Georgia","White","oats",0.83736394717857
13311,"Georgia","White","soybeans",3.09641479250965
13311,"Georgia","White","wheat",2.50983344311659
13313,"Georgia","Whitfield","corn",0
13313,"Georgia","Whitfield","soybeans",0
13315,"Georgia","Wilcox","corn",209.307197171159
13315,"Georgia","Wilcox","cotton",1868.09961901989
13315,"Georgia","Wilcox","grain sorghum",60.06466871972
13315,"Georgia","Wilcox","oats",108.435049643338
13315,"Georgia","Wilcox","peanuts",1055.50595386078
13315,"Georgia","Wilcox","soybeans",60.1515018120377
13315,"Georgia","Wilcox","sunflower",9.44672824845736
13315,"Georgia","Wilcox","wheat",151.260781524615
13317,"Georgia","Wilkes","corn",0
13317,"Georgia","Wilkes","cotton",0
13317,"Georgia","Wilkes","grain sorghum",0
13317,"Georgia","Wilkes","oats",0
13317,"Georgia","Wilkes","soybeans",0
13317,"Georgia","Wilkes","sunflower",0
13317,"Georgia","Wilkes","wheat",0
13319,"Georgia","Wilkinson","corn",0
13319,"Georgia","Wilkinson","cotton",0
13319,"Georgia","Wilkinson","oats",0
13319,"Georgia","Wilkinson","peanuts",0
13319,"Georgia","Wilkinson","soybeans",0
13319,"Georgia","Wilkinson","wheat",0
13321,"Georgia","Worth","corn",0
13321,"Georgia","Worth","cotton",0
13321,"Georgia","Worth","dry peas",0
13321,"Georgia","Worth","grain sorghum",0
13321,"Georgia","Worth","oats",0
13321,"Georgia","Worth","peanuts",0
13321,"Georgia","Worth","sesame",0
13321,"Georgia","Worth","soybeans",0
13321,"Georgia","Worth","sunflower",0
13321,"Georgia","Worth","wheat",0
14001,"Guam","Guam","corn",3.536
15009,"Hawaii","Maui","corn",3.7375
16001,"Idaho","Ada","barley",0
16001,"Idaho","Ada","corn",0
16001,"Idaho","Ada","dry peas",0
16001,"Idaho","Ada","grain sorghum",0
16001,"Idaho","Ada","mustard",0
16001,"Idaho","Ada","oats",0
16001,"Idaho","Ada","sunflower",0
16001,"Idaho","Ada","wheat",0
16003,"Idaho","Adams","barley",0
16003,"Idaho","Adams","corn",0
16003,"Idaho","Adams","oats",0
16003,"Idaho","Adams","wheat",0
16005,"Idaho","Bannock","barley",0
16005,"Idaho","Bannock","canola",0
16005,"Idaho","Bannock","corn",0
16005,"Idaho","Bannock","dry peas",0
16005,"Idaho","Bannock","mustard",0
16005,"Idaho","Bannock","oats",0
16005,"Idaho","Bannock","safflower",0
16005,"Idaho","Bannock","wheat",0
16007,"Idaho","Bear Lake","barley",0
16007,"Idaho","Bear Lake","mustard",0
16007,"Idaho","Bear Lake","oats",0
16007,"Idaho","Bear Lake","safflower",0
16007,"Idaho","Bear Lake","wheat",0
16009,"Idaho","Benewah, South Shoshone","barley",1981.76208432976
16009,"Idaho","Benewah, South Shoshone","canola",1532.14913177691
16009,"Idaho","Benewah, South Shoshone","dry peas",9026.80383826874
16009,"Idaho","Benewah, South Shoshone","lentils",6339.408048718
16009,"Idaho","Benewah, South Shoshone","oats",568.558050939593
16009,"Idaho","Benewah, South Shoshone","sunflower",18.3248190032099
16009,"Idaho","Benewah, South Shoshone","wheat",37146.3086936304
16011,"Idaho","Bingham","barley",4298.49974169378
16011,"Idaho","Bingham","canola",164.012997015121
16011,"Idaho","Bingham","corn",2207.51383336609
16011,"Idaho","Bingham","flaxseed",0.344858562137385
16011,"Idaho","Bingham","mustard",25.1681682707058
16011,"Idaho","Bingham","oats",141.428448362139
16011,"Idaho","Bingham","soybeans",0.867568709779585
16011,"Idaho","Bingham","wheat",24373.9095506869
16013,"Idaho","Blaine","barley",0
16013,"Idaho","Blaine","mustard",0
16013,"Idaho","Blaine","wheat",0
16015,"Idaho","Boise","wheat",205.5
16017,"Idaho","Bonner","barley",86.0933742895373
16017,"Idaho","Bonner","canola",34.2344913260438
16017,"Idaho","Bonner","dry peas",10.5269136580633
16017,"Idaho","Bonner","oats",148.751986367827
16017,"Idaho","Bonner","wheat",73.8449010251956
16019,"Idaho","Bonneville","barley",0
16019,"Idaho","Bonneville","canola",0
16019,"Idaho","Bonneville","corn",0
16019,"Idaho","Bonneville","dry peas",0
16019,"Idaho","Bonneville","flaxseed",0
16019,"Idaho","Bonneville","mustard",0
16019,"Idaho","Bonneville","oats",0
16019,"Idaho","Bonneville","safflower",0
16019,"Idaho","Bonneville","wheat",0
16021,"Idaho","Boundary","barley",0
16021,"Idaho","Boundary","canola",0
16021,"Idaho","Boundary","corn",0
16021,"Idaho","Boundary","dry peas",0
16021,"Idaho","Boundary","mustard",0
16021,"Idaho","Boundary","oats",0
16021,"Idaho","Boundary","wheat",0
16023,"Idaho","Butte","barley",0
16023,"Idaho","Butte","corn",0
16023,"Idaho","Butte","oats",0
16023,"Idaho","Butte","wheat",0
16025,"Idaho","Camas","barley",0
16025,"Idaho","Camas","canola",0
16025,"Idaho","Camas","corn",0
16025,"Idaho","Camas","mustard",0
16025,"Idaho","Camas","oats",0
16025,"Idaho","Camas","wheat",0
16027,"Idaho","Canyon","barley",208.892977300953
16027,"Idaho","Canyon","corn",10836.8524719592
16027,"Idaho","Canyon","dry peas",10.6483379834151
16027,"Idaho","Canyon","grain sorghum",23.8704732309496
16027,"Idaho","Canyon","mustard",7.37273204669562
16027,"Idaho","Canyon","oats",105.082156718964
16027,"Idaho","Canyon","safflower",0.224459063731346
16027,"Idaho","Canyon","soybeans",1.79567250985077
16027,"Idaho","Canyon","sunflower",4.48992947150603
16027,"Idaho","Canyon","wheat",7909.40468971472
16029,"Idaho","Caribou","barley",0
16029,"Idaho","Caribou","canola",0
16029,"Idaho","Caribou","corn",0
16029,"Idaho","Caribou","dry peas",0
16029,"Idaho","Caribou","flaxseed",0
16029,"Idaho","Caribou","grain sorghum",0
16029,"Idaho","Caribou","mustard",0
16029,"Idaho","Caribou","oats",0
16029,"Idaho","Caribou","safflower",0
16029,"Idaho","Caribou","sunflower",0
16029,"Idaho","Caribou","wheat",0
16031,"Idaho","Cassia","barley",1665.55305275224
16031,"Idaho","Cassia","canola",40.9744606373197
16031,"Idaho","Cassia","corn",2001.00386563463
16031,"Idaho","Cassia","mustard",55.986048786349
16031,"Idaho","Cassia","oats",130.919890706488
16031,"Idaho","Cassia","safflower",107.970675159654
16031,"Idaho","Cassia","wheat",3023.6340063233
16033,"Idaho","Clark","barley",0
16033,"Idaho","Clark","corn",0
16033,"Idaho","Clark","oats",0
16033,"Idaho","Clark","wheat",0
16035,"Idaho","Clearwater","barley",0
16035,"Idaho","Clearwater","canola",0
16035,"Idaho","Clearwater","dry peas",0
16035,"Idaho","Clearwater","lentils",0
16035,"Idaho","Clearwater","mustard",0
16035,"Idaho","Clearwater","oats",0
16035,"Idaho","Clearwater","wheat",0
16039,"Idaho","Elmore","barley",1516.10423840089
16039,"Idaho","Elmore","corn",11991.4771327002
16039,"Idaho","Elmore","dry peas",173.776784665996
16039,"Idaho","Elmore","oats",290.055280307324
16039,"Idaho","Elmore","safflower",301.118269508643
16039,"Idaho","Elmore","sunflower",583.201162075497
16039,"Idaho","Elmore","wheat",8379.42013234143
16041,"Idaho","Franklin","barley",0
16041,"Idaho","Franklin","canola",0
16041,"Idaho","Franklin","chickpeas_large",0
16041,"Idaho","Franklin","corn",0
16041,"Idaho","Franklin","dry peas",0
16041,"Idaho","Franklin","flaxseed",0
16041,"Idaho","Franklin","mustard",0
16041,"Idaho","Franklin","oats",0
16041,"Idaho","Franklin","rapeseed",0
16041,"Idaho","Franklin","safflower",0
16041,"Idaho","Franklin","wheat",0
16043,"Idaho","Fremont","barley",6288.62517392211
16043,"Idaho","Fremont","canola",36.8885292499031
16043,"Idaho","Fremont","corn",71.9269573173082
16043,"Idaho","Fremont","flaxseed",22.5910840746854
16043,"Idaho","Fremont","lentils",3.78093059934512
16043,"Idaho","Fremont","mustard",58.6231817325364
16043,"Idaho","Fremont","oats",32.5207518740356
16043,"Idaho","Fremont","wheat",3766.16189123009
16045,"Idaho","Gem","barley",0
16045,"Idaho","Gem","canola",0
16045,"Idaho","Gem","corn",0
16045,"Idaho","Gem","oats",0
16045,"Idaho","Gem","wheat",0
16047,"Idaho","Gooding","barley",680.638608256725
16047,"Idaho","Gooding","corn",13102.2975265564
16047,"Idaho","Gooding","oats",164.40303841913
16047,"Idaho","Gooding","wheat",1011.38082676774
16049,"Idaho","Idaho","barley",0
16049,"Idaho","Idaho","canola",0
16049,"Idaho","Idaho","corn",0
16049,"Idaho","Idaho","dry peas",0
16049,"Idaho","Idaho","grain sorghum",0
16049,"Idaho","Idaho","lentils",0
16049,"Idaho","Idaho","mustard",0
16049,"Idaho","Idaho","oats",0
16049,"Idaho","Idaho","sunflower",0
16049,"Idaho","Idaho","wheat",0
16051,"Idaho","Jefferson","barley",0
16051,"Idaho","Jefferson","canola",0
16051,"Idaho","Jefferson","corn",0
16051,"Idaho","Jefferson","dry peas",0
16051,"Idaho","Jefferson","grain sorghum",0
16051,"Idaho","Jefferson","mustard",0
16051,"Idaho","Jefferson","oats",0
16051,"Idaho","Jefferson","soybeans",0
16051,"Idaho","Jefferson","sunflower",0
16051,"Idaho","Jefferson","wheat",0
16053,"Idaho","Jerome","barley",8435.10314138104
16053,"Idaho","Jerome","canola",9.736144328186
16053,"Idaho","Jerome","corn",15107.5689475795
16053,"Idaho","Jerome","oats",245.832138550134
16053,"Idaho","Jerome","wheat",3073.8579281611
16055,"Idaho","Kootenai, North Shoshone","barley",499.594964183129
16055,"Idaho","Kootenai, North Shoshone","canola",1580.25348819411
16055,"Idaho","Kootenai, North Shoshone","corn",3.06811181187746
16055,"Idaho","Kootenai, North Shoshone","dry peas",911.227162719732
16055,"Idaho","Kootenai, North Shoshone","lentils",1041.21692396536
16055,"Idaho","Kootenai, North Shoshone","oats",576.502300267524
16055,"Idaho","Kootenai, North Shoshone","rapeseed",201.237453741043
16055,"Idaho","Kootenai, North Shoshone","wheat",10771.1055951172
16057,"Idaho","Latah","barley",0
16057,"Idaho","Latah","canola",0
16057,"Idaho","Latah","corn",0
16057,"Idaho","Latah","dry peas",0
16057,"Idaho","Latah","flaxseed",0
16057,"Idaho","Latah","lentils",0
16057,"Idaho","Latah","mustard",0
16057,"Idaho","Latah","oats",0
16057,"Idaho","Latah","rapeseed",0
16057,"Idaho","Latah","soybeans",0
16057,"Idaho","Latah","wheat",0
16059,"Idaho","Lemhi, North Custer","barley",1014.58405532722
16059,"Idaho","Lemhi, North Custer","corn",272.147453302182
16059,"Idaho","Lemhi, North Custer","oats",195.122576279769
16059,"Idaho","Lemhi, North Custer","wheat",2352.58991509083
16061,"Idaho","Lewis","barley",0
16061,"Idaho","Lewis","canola",0
16061,"Idaho","Lewis","corn",0
16061,"Idaho","Lewis","dry peas",0
16061,"Idaho","Lewis","flaxseed",0
16061,"Idaho","Lewis","lentils",0
16061,"Idaho","Lewis","mustard",0
16061,"Idaho","Lewis","oats",0
16061,"Idaho","Lewis","wheat",0
16063,"Idaho","Lincoln","barley",6.41997566418556
16063,"Idaho","Lincoln","corn",20.8973468230875
16063,"Idaho","Lincoln","oats",1.51608374825656
16063,"Idaho","Lincoln","wheat",7.34592709780023
16065,"Idaho","Madison","barley",9256.02310289828
16065,"Idaho","Madison","chickpeas_large",10.7242486044163
16065,"Idaho","Madison","chickpeas_small",34.5515613412025
16065,"Idaho","Madison","corn",172.189044639452
16065,"Idaho","Madison","dry peas",1.20898649260193
16065,"Idaho","Madison","lentils",83.4567781057052
16065,"Idaho","Madison","mustard",107.447573226511
16065,"Idaho","Madison","oats",34.5221932482648
16065,"Idaho","Madison","wheat",10040.0802114436
16067,"Idaho","Minidoka","barley",1656.3614874047
16067,"Idaho","Minidoka","canola",15.4776207879638
16067,"Idaho","Minidoka","chickpeas_large",0.906710873151051
16067,"Idaho","Minidoka","corn",408.794899073053
16067,"Idaho","Minidoka","dry peas",0.906379956773988
16067,"Idaho","Minidoka","oats",34.7420500452039
16067,"Idaho","Minidoka","wheat",860.06245185914
16069,"Idaho","Nez Perce","barley",0
16069,"Idaho","Nez Perce","canola",0
16069,"Idaho","Nez Perce","chickpeas_large",0
16069,"Idaho","Nez Perce","chickpeas_small",0
16069,"Idaho","Nez Perce","dry peas",0
16069,"Idaho","Nez Perce","flaxseed",0
16069,"Idaho","Nez Perce","lentils",0
16069,"Idaho","Nez Perce","mustard",0
16069,"Idaho","Nez Perce","oats",0
16069,"Idaho","Nez Perce","wheat",0
16071,"Idaho","Oneida","barley",0
16071,"Idaho","Oneida","canola",0
16071,"Idaho","Oneida","corn",0
16071,"Idaho","Oneida","mustard",0
16071,"Idaho","Oneida","oats",0
16071,"Idaho","Oneida","safflower",0
16071,"Idaho","Oneida","sunflower",0
16071,"Idaho","Oneida","wheat",0
16073,"Idaho","Owyhee","barley",29.0312250400683
16073,"Idaho","Owyhee","corn",2133.57715062163
16073,"Idaho","Owyhee","grain sorghum",10.1749292294847
16073,"Idaho","Owyhee","oats",41.9879214396428
16073,"Idaho","Owyhee","sunflower",176.786666686401
16073,"Idaho","Owyhee","wheat",776.772773649438
16075,"Idaho","Payette","barley",0
16075,"Idaho","Payette","corn",0
16075,"Idaho","Payette","mustard",0
16075,"Idaho","Payette","oats",0
16075,"Idaho","Payette","sunflower",0
16075,"Idaho","Payette","wheat",0
16077,"Idaho","Power","barley",0
16077,"Idaho","Power","canola",0
16077,"Idaho","Power","chickpeas_small",0
16077,"Idaho","Power","corn",0
16077,"Idaho","Power","dry peas",0
16077,"Idaho","Power","flaxseed",0
16077,"Idaho","Power","grain sorghum",0
16077,"Idaho","Power","lentils",0
16077,"Idaho","Power","mustard",0
16077,"Idaho","Power","oats",0
16077,"Idaho","Power","rapeseed",0
16077,"Idaho","Power","safflower",0
16077,"Idaho","Power","sunflower",0
16077,"Idaho","Power","wheat",0
16037,"Idaho","South Custer","barley",1933.74598732908
16037,"Idaho","South Custer","corn",116.890222397562
16037,"Idaho","South Custer","oats",449.161950238182
16037,"Idaho","South Custer","wheat",211.740590035179
16081,"Idaho","Teton","barley",0
16081,"Idaho","Teton","dry peas",0
16081,"Idaho","Teton","mustard",0
16081,"Idaho","Teton","oats",0
16081,"Idaho","Teton","wheat",0
16083,"Idaho","Twin Falls","barley",5731.81811263344
16083,"Idaho","Twin Falls","chickpeas_small",3.3786404786951
16083,"Idaho","Twin Falls","corn",10372.6019434889
16083,"Idaho","Twin Falls","dry peas",3.35937799021908
16083,"Idaho","Twin Falls","grain sorghum",2.49834475534068
16083,"Idaho","Twin Falls","oats",267.914247217667
16083,"Idaho","Twin Falls","wheat",4269.57333343576
16085,"Idaho","Valley","corn",0
16085,"Idaho","Valley","oats",0
16085,"Idaho","Valley","wheat",0
16087,"Idaho","Washington","barley",0
16087,"Idaho","Washington","corn",0
16087,"Idaho","Washington","dry peas",0
16087,"Idaho","Washington","oats",0
16087,"Idaho","Washington","wheat",0
17001,"Illinois","Adams","barley",0.479001842359436
17001,"Illinois","Adams","corn",6894.43676090723
17001,"Illinois","Adams","grain sorghum",0.78278481078379
17001,"Illinois","Adams","oats",29.7691980996911
17001,"Illinois","Adams","soybeans",6419.3197192897
17001,"Illinois","Adams","sunflower",0.401020342423319
17001,"Illinois","Adams","wheat",240.08884804103
17003,"Illinois","Alexander","corn",65.1027857183818
17003,"Illinois","Alexander","rice_long grain",16.3770632248883
17003,"Illinois","Alexander","rice_short/medium grain",3.94468114916801
17003,"Illinois","Alexander","soybeans",311.573458196428
17003,"Illinois","Alexander","wheat",14.1900117111291
17005,"Illinois","Bond","barley",2.56458418952486
17005,"Illinois","Bond","corn",6417.35159365172
17005,"Illinois","Bond","grain sorghum",10.7898130868497
17005,"Illinois","Bond","oats",1.76736969639953
17005,"Illinois","Bond","soybeans",7363.94704180169
17005,"Illinois","Bond","sunflower",1.11216342868101
17005,"Illinois","Bond","wheat",1365.00443414512
17007,"Illinois","Boone","barley",0.0186058278005313
17007,"Illinois","Boone","corn",70.4595926284802
17007,"Illinois","Boone","dry peas",0.234576552039007
17007,"Illinois","Boone","oats",0.19415896918616
17007,"Illinois","Boone","soybeans",48.8184561657745
17007,"Illinois","Boone","sunflower",0.00202159475140389
17007,"Illinois","Boone","wheat",2.28388826199559
17009,"Illinois","Brown","corn",472.200708465108
17009,"Illinois","Brown","oats",0.222420980233153
17009,"Illinois","Brown","soybeans",463.358529057765
17009,"Illinois","Brown","sunflower",0.0997112638747875
17009,"Illinois","Brown","wheat",10.3686302330338
17011,"Illinois","Bureau","barley",0
17011,"Illinois","Bureau","corn",0
17011,"Illinois","Bureau","dry peas",0
17011,"Illinois","Bureau","grain sorghum",0
17011,"Illinois","Bureau","oats",0
17011,"Illinois","Bureau","soybeans",0
17011,"Illinois","Bureau","sunflower",0
17011,"Illinois","Bureau","wheat",0
17013,"Illinois","Calhoun","corn",0
17013,"Illinois","Calhoun","grain sorghum",0
17013,"Illinois","Calhoun","oats",0
17013,"Illinois","Calhoun","soybeans",0
17013,"Illinois","Calhoun","sunflower",0
17013,"Illinois","Calhoun","wheat",0
17015,"Illinois","Carroll","barley",0.057545226169348
17015,"Illinois","Carroll","corn",3457.97292761567
17015,"Illinois","Carroll","grain sorghum",0.125448593049179
17015,"Illinois","Carroll","oats",16.9373554726956
17015,"Illinois","Carroll","soybeans",1262.94765676481
17015,"Illinois","Carroll","wheat",35.8995663276573
17017,"Illinois","Cass","barley",1.51272760034519
17017,"Illinois","Cass","corn",2367.21100330303
17017,"Illinois","Cass","oats",0.42359819967129
17017,"Illinois","Cass","soybeans",1755.97942666951
17017,"Illinois","Cass","sunflower",5.03819299115346
17017,"Illinois","Cass","wheat",27.4935512363079
17019,"Illinois","Champaign","barley",0.332360076231426
17019,"Illinois","Champaign","corn",3093.30258380649
17019,"Illinois","Champaign","flaxseed",0.0486309786143384
17019,"Illinois","Champaign","grain sorghum",0.149231779150865
17019,"Illinois","Champaign","oats",2.12597218449847
17019,"Illinois","Champaign","soybeans",2970.71201849682
17019,"Illinois","Champaign","sunflower",0.544715349514037
17019,"Illinois","Champaign","wheat",41.0037539953057
17021,"Illinois","Christian","barley",0.00830978240897412
17021,"Illinois","Christian","corn",522.917117674698
17021,"Illinois","Christian","grain sorghum",0.106808403230014
17021,"Illinois","Christian","oats",0.577330442645886
17021,"Illinois","Christian","soybeans",489.296934656655
17021,"Illinois","Christian","sunflower",0.0820729509259677
17021,"Illinois","Christian","wheat",6.68109275608989
17023,"Illinois","Clark","barley",0
17023,"Illinois","Clark","corn",0
17023,"Illinois","Clark","grain sorghum",0
17023,"Illinois","Clark","oats",0
17023,"Illinois","Clark","soybeans",0
17023,"Illinois","Clark","sunflower",0
17023,"Illinois","Clark","wheat",0
17025,"Illinois","Clay","barley",2.52784729735048
17025,"Illinois","Clay","corn",4626.40105031408
17025,"Illinois","Clay","grain sorghum",7.22626446462887
17025,"Illinois","Clay","oats",0.848768529419782
17025,"Illinois","Clay","soybeans",7001.07919716555
17025,"Illinois","Clay","wheat",1041.17187222895
17027,"Illinois","Clinton","barley",5.29230035365844
17027,"Illinois","Clinton","corn",7721.96048216548
17027,"Illinois","Clinton","grain sorghum",12.7295381171325
17027,"Illinois","Clinton","oats",3.05434407350288
17027,"Illinois","Clinton","soybeans",8455.2408987051
17027,"Illinois","Clinton","sunflower",0.702997392721964
17027,"Illinois","Clinton","wheat",2601.00127252574
17029,"Illinois","Coles","barley",0.50863600011901
17029,"Illinois","Coles","corn",769.593300602881
17029,"Illinois","Coles","oats",0.031661850442093
17029,"Illinois","Coles","soybeans",778.586525447232
17029,"Illinois","Coles","wheat",7.9728760993249
17031,"Illinois","Cook","corn",0
17031,"Illinois","Cook","oats",0
17031,"Illinois","Cook","soybeans",0
17031,"Illinois","Cook","sunflower",0
17031,"Illinois","Cook","wheat",0
17033,"Illinois","Crawford","corn",1115.8791603144
17033,"Illinois","Crawford","grain sorghum",4.75291209145753
17033,"Illinois","Crawford","oats",0.207909856177225
17033,"Illinois","Crawford","soybeans",1275.12394022492
17033,"Illinois","Crawford","sunflower",0.0622745546223873
17033,"Illinois","Crawford","wheat",85.5498029583892
17035,"Illinois","Cumberland","barley",0.14852761100185
17035,"Illinois","Cumberland","corn",937.202898145446
17035,"Illinois","Cumberland","grain sorghum",0.756421417310223
17035,"Illinois","Cumberland","oats",0.271122301122777
17035,"Illinois","Cumberland","soybeans",1075.08984256751
17035,"Illinois","Cumberland","sunflower",0.0617874861767697
17035,"Illinois","Cumberland","wheat",33.090733804802
17037,"Illinois","DeKalb","barley",0.113036104815853
17037,"Illinois","DeKalb","corn",1413.49734736421
17037,"Illinois","DeKalb","dry peas",0.975704003340058
17037,"Illinois","DeKalb","mustard",0.216201451182998
17037,"Illinois","DeKalb","oats",27.7405612048924
17037,"Illinois","DeKalb","soybeans",896.656060765739
17037,"Illinois","DeKalb","sunflower",0.00484440449210798
17037,"Illinois","DeKalb","wheat",38.8765780347338
17039,"Illinois","DeWitt","corn",97010.2838266465
17039,"Illinois","DeWitt","oats",29.9102799017591
17039,"Illinois","DeWitt","soybeans",94626.3995181487
17039,"Illinois","DeWitt","wheat",681.264375302997
17041,"Illinois","Douglas","barley",0.243848162348605
17041,"Illinois","Douglas","corn",857.315170004747
17041,"Illinois","Douglas","oats",0.231683214609818
17041,"Illinois","Douglas","soybeans",855.045940425026
17041,"Illinois","Douglas","wheat",10.1960248599049
17043,"Illinois","DuPage","corn",0
17043,"Illinois","DuPage","soybeans",0
17043,"Illinois","DuPage","wheat",0
17045,"Illinois","Edgar","barley",0.351801543368219
17045,"Illinois","Edgar","corn",1119.74931569684
17045,"Illinois","Edgar","grain sorghum",1.62491145216994
17045,"Illinois","Edgar","oats",0.339347648391977
17045,"Illinois","Edgar","soybeans",1140.06503272936
17045,"Illinois","Edgar","sunflower",0.196029904182228
17045,"Illinois","Edgar","wheat",8.6880610256736
17047,"Illinois","Edwards","canola",24.5107895405217
17047,"Illinois","Edwards","corn",2705.60129876762
17047,"Illinois","Edwards","grain sorghum",8.53788281381413
17047,"Illinois","Edwards","oats",2.77241714793113
17047,"Illinois","Edwards","soybeans",3211.49443071522
17047,"Illinois","Edwards","wheat",438.765181014881
17049,"Illinois","Effingham","barley",0.415238151406997
17049,"Illinois","Effingham","corn",2004.6494917921
17049,"Illinois","Effingham","grain sorghum",0.437962255462393
17049,"Illinois","Effingham","oats",0.479672946458812
17049,"Illinois","Effingham","soybeans",2318.57280832079
17049,"Illinois","Effingham","sunflower",0.123472615390473
17049,"Illinois","Effingham","wheat",166.72252058507
17051,"Illinois","Fayette","corn",3903.53016023007
17051,"Illinois","Fayette","grain sorghum",8.939004275593
17051,"Illinois","Fayette","oats",0.955148111052518
17051,"Illinois","Fayette","rice_short/medium grain",0.126840322722239
17051,"Illinois","Fayette","soybeans",4999.00617321515
17051,"Illinois","Fayette","sunflower",0.492720679170484
17051,"Illinois","Fayette","wheat",416.476286499578
17053,"Illinois","Ford","barley",0.143335149828245
17053,"Illinois","Ford","corn",1190.58035161876
17053,"Illinois","Ford","dry peas",0.694389155312129
17053,"Illinois","Ford","oats",0.900198660099995
17053,"Illinois","Ford","soybeans",1164.29743002798
17053,"Illinois","Ford","sunflower",0.378917027743444
17053,"Illinois","Ford","wheat",17.1577116935782
17055,"Illinois","Franklin","corn",6254.25754335078
17055,"Illinois","Franklin","grain sorghum",93.938583822572
17055,"Illinois","Franklin","soybeans",14354.7001565164
17055,"Illinois","Franklin","sunflower",2.12773745740149
17055,"Illinois","Franklin","wheat",3429.85376551956
17057,"Illinois","Fulton","barley",0.284464471747645
17057,"Illinois","Fulton","corn",2430.0976537845
17057,"Illinois","Fulton","oats",1.69634313115302
17057,"Illinois","Fulton","soybeans",2280.35046034195
17057,"Illinois","Fulton","sunflower",0.389069911839599
17057,"Illinois","Fulton","wheat",22.2888083587622
17059,"Illinois","Gallatin","canola",17.1511625572631
17059,"Illinois","Gallatin","corn",2700.04397389716
17059,"Illinois","Gallatin","grain sorghum",6.03199638377556
17059,"Illinois","Gallatin","soybeans",3350.02905953515
17059,"Illinois","Gallatin","sunflower",0.105524628095265
17059,"Illinois","Gallatin","wheat",279.594282998536
17061,"Illinois","Greene","corn",4124.27508385908
17061,"Illinois","Greene","grain sorghum",5.2859836324408
17061,"Illinois","Greene","oats",2.42017613783846
17061,"Illinois","Greene","soybeans",4141.2203850306
17061,"Illinois","Greene","sunflower",0.280909669386024
17061,"Illinois","Greene","wheat",94.4897950040196
17063,"Illinois","Grundy","canola",0
17063,"Illinois","Grundy","corn",0
17063,"Illinois","Grundy","dry peas",0
17063,"Illinois","Grundy","grain sorghum",0
17063,"Illinois","Grundy","oats",0
17063,"Illinois","Grundy","soybeans",0
17063,"Illinois","Grundy","sunflower",0
17063,"Illinois","Grundy","wheat",0
17065,"Illinois","Hamilton","barley",2.24072524867043
17065,"Illinois","Hamilton","corn",5907.44771668092
17065,"Illinois","Hamilton","grain sorghum",29.4690317291196
17065,"Illinois","Hamilton","oats",15.5000627293349
17065,"Illinois","Hamilton","soybeans",7786.92085613566
17065,"Illinois","Hamilton","sunflower",0.248535488591059
17065,"Illinois","Hamilton","wheat",1568.62690532106
17067,"Illinois","Hancock","corn",5365.06689648046
17067,"Illinois","Hancock","oats",3.34759610976259
17067,"Illinois","Hancock","soybeans",5110.73001207364
17067,"Illinois","Hancock","sunflower",0.0638042460564662
17067,"Illinois","Hancock","wheat",69.3740244234142
17069,"Illinois","Hardin","corn",156.488619349621
17069,"Illinois","Hardin","grain sorghum",21.4073219714542
17069,"Illinois","Hardin","soybeans",466.872000834548
17069,"Illinois","Hardin","wheat",11.9720578443747
17071,"Illinois","Henderson","corn",1702.1652104031
17071,"Illinois","Henderson","dry peas",2.63384953878229
17071,"Illinois","Henderson","oats",2.40629939543857
17071,"Illinois","Henderson","soybeans",1043.66191294351
17071,"Illinois","Henderson","wheat",9.42656105255844
17073,"Illinois","Henry","barley",0.336994233629801
17073,"Illinois","Henry","corn",4052.63256223917
17073,"Illinois","Henry","dry peas",3.2530585468443
17073,"Illinois","Henry","grain sorghum",0.607772056441114
17073,"Illinois","Henry","oats",8.93375260660324
17073,"Illinois","Henry","soybeans",3154.50497342312
17073,"Illinois","Henry","sunflower",0.544086058464619
17073,"Illinois","Henry","wheat",21.1294675024341
17075,"Illinois","Iroquois","barley",0.0711049854362491
17075,"Illinois","Iroquois","corn",5579.12925822157
17075,"Illinois","Iroquois","grain sorghum",0.354636114863292
17075,"Illinois","Iroquois","oats",6.07282793866101
17075,"Illinois","Iroquois","soybeans",5112.93836621597
17075,"Illinois","Iroquois","sunflower",0.839892087972975
17075,"Illinois","Iroquois","wheat",116.941214435555
17077,"Illinois","Jackson","corn",5125.54214847623
17077,"Illinois","Jackson","grain sorghum",46.1392882939054
17077,"Illinois","Jackson","soybeans",13912.574973095
17077,"Illinois","Jackson","sunflower",6.28699656211883
17077,"Illinois","Jackson","wheat",2894.12376023941
17079,"Illinois","Jasper","barley",3.10172869264574
17079,"Illinois","Jasper","corn",1613.48156076821
17079,"Illinois","Jasper","grain sorghum",0.39088441223616
17079,"Illinois","Jasper","oats",0.0764263652659244
17079,"Illinois","Jasper","soybeans",1965.65650494517
17079,"Illinois","Jasper","sunflower",0.0165664086559085
17079,"Illinois","Jasper","wheat",104.838661741147
17081,"Illinois","Jefferson","barley",13.8664466016728
17081,"Illinois","Jefferson","corn",7475.10429934711
17081,"Illinois","Jefferson","grain sorghum",129.443420627436
17081,"Illinois","Jefferson","oats",3.27321474118817
17081,"Illinois","Jefferson","soybeans",15449.3103499367
17081,"Illinois","Jefferson","sunflower",2.40982237377777
17081,"Illinois","Jefferson","wheat",3569.6499463721
17083,"Illinois","Jersey","corn",0
17083,"Illinois","Jersey","grain sorghum",0
17083,"Illinois","Jersey","oats",0
17083,"Illinois","Jersey","soybeans",0
17083,"Illinois","Jersey","wheat",0
17085,"Illinois","Jo Daviess","barley",6.09923512498255
17085,"Illinois","Jo Daviess","corn",8742.59385288431
17085,"Illinois","Jo Daviess","dry peas",1.84274387801527
17085,"Illinois","Jo Daviess","grain sorghum",1.91820106267538
17085,"Illinois","Jo Daviess","oats",296.965236263533
17085,"Illinois","Jo Daviess","soybeans",3990.70880258205
17085,"Illinois","Jo Daviess","sunflower",0.0608952718309645
17085,"Illinois","Jo Daviess","wheat",73.7715329326134
17087,"Illinois","Johnson","corn",949.493794594137
17087,"Illinois","Johnson","grain sorghum",39.9319990986617
17087,"Illinois","Johnson","soybeans",2967.10293461655
17087,"Illinois","Johnson","sunflower",2.22119322253204
17087,"Illinois","Johnson","wheat",239.943578468113
17089,"Illinois","Kane","barley",0
17089,"Illinois","Kane","corn",0
17089,"Illinois","Kane","dry peas",0
17089,"Illinois","Kane","grain sorghum",0
17089,"Illinois","Kane","mustard",0
17089,"Illinois","Kane","oats",0
17089,"Illinois","Kane","soybeans",0
17089,"Illinois","Kane","sunflower",0
17089,"Illinois","Kane","wheat",0
17091,"Illinois","Kankakee","barley",0.147997770868856
17091,"Illinois","Kankakee","corn",1633.14574264174
17091,"Illinois","Kankakee","oats",1.31961658662059
17091,"Illinois","Kankakee","soybeans",1233.01916441375
17091,"Illinois","Kankakee","sunflower",0.0625371684251892
17091,"Illinois","Kankakee","wheat",42.8447080851917
17093,"Illinois","Kendall","corn",0
17093,"Illinois","Kendall","grain sorghum",0
17093,"Illinois","Kendall","oats",0
17093,"Illinois","Kendall","soybeans",0
17093,"Illinois","Kendall","sunflower",0
17093,"Illinois","Kendall","wheat",0
17095,"Illinois","Knox","corn",5048.93388210355
17095,"Illinois","Knox","grain sorghum",8.09561631294247
17095,"Illinois","Knox","oats",5.98834249970369
17095,"Illinois","Knox","soybeans",4338.37684500796
17095,"Illinois","Knox","sunflower",0.954082706014287
17095,"Illinois","Knox","wheat",18.8148980363714
17099,"Illinois","La Salle","barley",0.22473520112964
17099,"Illinois","La Salle","canola",0.485725204953913
17099,"Illinois","La Salle","corn",4088.67397039357
17099,"Illinois","La Salle","grain sorghum",0.481379086188266
17099,"Illinois","La Salle","oats",4.65324449175335
17099,"Illinois","La Salle","soybeans",3700.82188607629
17099,"Illinois","La Salle","sunflower",1.98123581610752
17099,"Illinois","La Salle","wheat",49.8741570632828
17097,"Illinois","Lake","barley",0
17097,"Illinois","Lake","corn",0
17097,"Illinois","Lake","oats",0
17097,"Illinois","Lake","soybeans",0
17097,"Illinois","Lake","sunflower",0
17097,"Illinois","Lake","wheat",0
17101,"Illinois","Lawrence","barley",0.281473054390521
17101,"Illinois","Lawrence","canola",1.99602175008491
17101,"Illinois","Lawrence","corn",1018.55065790882
17101,"Illinois","Lawrence","grain sorghum",2.69150804978871
17101,"Illinois","Lawrence","soybeans",1185.43918091479
17101,"Illinois","Lawrence","wheat",123.882991655468
17103,"Illinois","Lee","corn",3184.99497900583
17103,"Illinois","Lee","dry peas",0.487091374414404
17103,"Illinois","Lee","oats",6.52723393930057
17103,"Illinois","Lee","soybeans",1826.63421086724
17103,"Illinois","Lee","sunflower",0.137998905372269
17103,"Illinois","Lee","wheat",17.9854859078939
17105,"Illinois","Livingston","corn",2586.50572377082
17105,"Illinois","Livingston","cotton",0.699169530435553
17105,"Illinois","Livingston","oats",7.25461142200501
17105,"Illinois","Livingston","soybeans",2504.79986119559
17105,"Illinois","Livingston","sunflower",0.103338493422726
17105,"Illinois","Livingston","wheat",48.2372955878123
17107,"Illinois","Logan","barley",0.156361248977932
17107,"Illinois","Logan","canola",0.00716158392265336
17107,"Illinois","Logan","corn",1490.59966424894
17107,"Illinois","Logan","oats",2.31494221642035
17107,"Illinois","Logan","soybeans",1246.85397775874
17107,"Illinois","Logan","wheat",11.8718929429455
17115,"Illinois","Macon","corn",620.348520340086
17115,"Illinois","Macon","grain sorghum",0.0722065690106975
17115,"Illinois","Macon","oats",0.0701334850342346
17115,"Illinois","Macon","soybeans",584.185213026215
17115,"Illinois","Macon","sunflower",0.950690544460391
17115,"Illinois","Macon","wheat",9.60290270190382
17117,"Illinois","Macoupin","corn",5367.07978620149
17117,"Illinois","Macoupin","grain sorghum",1.16388712341927
17117,"Illinois","Macoupin","oats",1.78824912288643
17117,"Illinois","Macoupin","soybeans",5353.75668855836
17117,"Illinois","Macoupin","sunflower",0.387048763118879
17117,"Illinois","Macoupin","wheat",295.774173564038
17119,"Illinois","Madison","corn",0
17119,"Illinois","Madison","grain sorghum",0
17119,"Illinois","Madison","oats",0
17119,"Illinois","Madison","soybeans",0
17119,"Illinois","Madison","sunflower",0
17119,"Illinois","Madison","wheat",0
17121,"Illinois","Marion","corn",7071.01127014569
17121,"Illinois","Marion","grain sorghum",10.7841151315006
17121,"Illinois","Marion","oats",2.06472703054158
17121,"Illinois","Marion","soybeans",8885.59611944204
17121,"Illinois","Marion","wheat",1856.89276825024
17123,"Illinois","Marshall","corn",1233.44702216683
17123,"Illinois","Marshall","oats",4.93047293772141
17123,"Illinois","Marshall","soybeans",1072.3674859064
17123,"Illinois","Marshall","sunflower",0.104812989896791
17123,"Illinois","Marshall","wheat",9.41153933250318
17125,"Illinois","Mason","corn",7161.8134696449
17125,"Illinois","Mason","grain sorghum",2.84157920306953
17125,"Illinois","Mason","oats",10.3491152120793
17125,"Illinois","Mason","soybeans",4661.76098253678
17125,"Illinois","Mason","sunflower",1.19696475749353
17125,"Illinois","Mason","wheat",123.752388645683
17127,"Illinois","Massac","corn",1538.72459397795
17127,"Illinois","Massac","grain sorghum",4.38741302853042
17127,"Illinois","Massac","oats",1.09000065802517
17127,"Illinois","Massac","soybeans",2331.13034468547
17127,"Illinois","Massac","sunflower",0.253575326971292
17127,"Illinois","Massac","wheat",245.654072323051
17109,"Illinois","McDonough","corn",2913.50235067583
17109,"Illinois","McDonough","grain sorghum",0.427334879897467
17109,"Illinois","McDonough","oats",4.41419420496402
17109,"Illinois","McDonough","soybeans",2620.27701239417
17109,"Illinois","McDonough","sunflower",0.304110187246395
17109,"Illinois","McDonough","wheat",8.05333099122379
17111,"Illinois","McHenry","barley",0
17111,"Illinois","McHenry","corn",0
17111,"Illinois","McHenry","dry peas",0
17111,"Illinois","McHenry","grain sorghum",0
17111,"Illinois","McHenry","mustard",0
17111,"Illinois","McHenry","oats",0
17111,"Illinois","McHenry","soybeans",0
17111,"Illinois","McHenry","sunflower",0
17111,"Illinois","McHenry","wheat",0
17113,"Illinois","McLean","barley",0.0363792073574425
17113,"Illinois","McLean","corn",653.261847398369
17113,"Illinois","McLean","grain sorghum",0.0413542339346543
17113,"Illinois","McLean","oats",0.56719188033507
17113,"Illinois","McLean","soybeans",630.423993291585
17113,"Illinois","McLean","sunflower",0.0291465331447585
17113,"Illinois","McLean","wheat",3.30398745508486
17129,"Illinois","Menard","barley",0
17129,"Illinois","Menard","corn",0
17129,"Illinois","Menard","grain sorghum",0
17129,"Illinois","Menard","oats",0
17129,"Illinois","Menard","soybeans",0
17129,"Illinois","Menard","sunflower",0
17129,"Illinois","Menard","wheat",0
17131,"Illinois","Mercer","barley",0.0650507477049109
17131,"Illinois","Mercer","corn",5951.81850819814
17131,"Illinois","Mercer","oats",15.1197019218873
17131,"Illinois","Mercer","soybeans",4463.70481038689
17131,"Illinois","Mercer","sunflower",0.0438008367879733
17131,"Illinois","Mercer","wheat",12.0851279086183
17133,"Illinois","Monroe","barley",1.37155945164236
17133,"Illinois","Monroe","corn",1481.72630514731
17133,"Illinois","Monroe","grain sorghum",14.2966899075359
17133,"Illinois","Monroe","oats",0.343645286919036
17133,"Illinois","Monroe","soybeans",2476.71151177427
17133,"Illinois","Monroe","sunflower",0.154280826340315
17133,"Illinois","Monroe","wheat",722.124627605994
17135,"Illinois","Montgomery","corn",2531.79983937638
17135,"Illinois","Montgomery","grain sorghum",3.5331583539819
17135,"Illinois","Montgomery","oats",1.03621336683506
17135,"Illinois","Montgomery","soybeans",2532.99199277944
17135,"Illinois","Montgomery","sunflower",0.248528486686359
17135,"Illinois","Montgomery","wheat",141.522514303379
17137,"Illinois","Morgan","corn",2562.76294491197
17137,"Illinois","Morgan","grain sorghum",0.142393196437371
17137,"Illinois","Morgan","oats",0.489728827423266
17137,"Illinois","Morgan","soybeans",2390.36306300706
17137,"Illinois","Morgan","sunflower",0.0779799718141501
17137,"Illinois","Morgan","wheat",32.5028900852504
17139,"Illinois","Moultrie","barley",0.261890421997385
17139,"Illinois","Moultrie","corn",460.784283365571
17139,"Illinois","Moultrie","grain sorghum",0.01213477102768
17139,"Illinois","Moultrie","oats",0.314047874196358
17139,"Illinois","Moultrie","soybeans",441.0602279682
17139,"Illinois","Moultrie","sunflower",0.241272342860354
17139,"Illinois","Moultrie","wheat",5.7741432561511
17141,"Illinois","Ogle","corn",0
17141,"Illinois","Ogle","dry peas",0
17141,"Illinois","Ogle","oats",0
17141,"Illinois","Ogle","soybeans",0
17141,"Illinois","Ogle","sunflower",0
17141,"Illinois","Ogle","wheat",0
17143,"Illinois","Peoria","corn",0
17143,"Illinois","Peoria","dry peas",0
17143,"Illinois","Peoria","oats",0
17143,"Illinois","Peoria","soybeans",0
17143,"Illinois","Peoria","sunflower",0
17143,"Illinois","Peoria","wheat",0
17145,"Illinois","Perry","barley",2.11636834101548
17145,"Illinois","Perry","corn",6715.76805909617
17145,"Illinois","Perry","grain sorghum",33.5543967426512
17145,"Illinois","Perry","oats",0.64479739570546
17145,"Illinois","Perry","soybeans",13582.7998556924
17145,"Illinois","Perry","sunflower",4.14504423621501
17145,"Illinois","Perry","wheat",4735.52647849583
17147,"Illinois","Piatt","corn",55.7424153879166
17147,"Illinois","Piatt","oats",0.045493419570952
17147,"Illinois","Piatt","soybeans",52.7093873943229
17147,"Illinois","Piatt","sunflower",0.070791154980748
17147,"Illinois","Piatt","wheat",0.653912643159516
17149,"Illinois","Pike","corn",9822.43475397373
17149,"Illinois","Pike","grain sorghum",2.78652653750521
17149,"Illinois","Pike","oats",5.49712135488132
17149,"Illinois","Pike","soybeans",8449.17298320033
17149,"Illinois","Pike","sunflower",0.182416611176029
17149,"Illinois","Pike","wheat",192.920198322445
17151,"Illinois","Pope","corn",0
17151,"Illinois","Pope","grain sorghum",0
17151,"Illinois","Pope","soybeans",0
17151,"Illinois","Pope","wheat",0
17153,"Illinois","Pulaski","corn",1848.14487971895
17153,"Illinois","Pulaski","soybeans",5086.10471089168
17153,"Illinois","Pulaski","wheat",664.259742722713
17155,"Illinois","Putnam","corn",0
17155,"Illinois","Putnam","dry peas",0
17155,"Illinois","Putnam","oats",0
17155,"Illinois","Putnam","soybeans",0
17155,"Illinois","Putnam","sunflower",0
17155,"Illinois","Putnam","wheat",0
17157,"Illinois","Randolph","barley",2.71811160020313
17157,"Illinois","Randolph","corn",4417.88983786293
17157,"Illinois","Randolph","grain sorghum",17.4269050562043
17157,"Illinois","Randolph","oats",0.548472565867318
17157,"Illinois","Randolph","soybeans",8039.1792490243
17157,"Illinois","Randolph","sunflower",0.518687262643804
17157,"Illinois","Randolph","wheat",2381.78356996119
17159,"Illinois","Richland","barley",0.915500686920188
17159,"Illinois","Richland","corn",1516.95077446618
17159,"Illinois","Richland","grain sorghum",2.78622473093565
17159,"Illinois","Richland","soybeans",1811.4199951412
17159,"Illinois","Richland","wheat",222.382504974778
17161,"Illinois","Rock Island","barley",0.0955266901810024
17161,"Illinois","Rock Island","corn",169.201621484685
17161,"Illinois","Rock Island","oats",0.774564146112023
17161,"Illinois","Rock Island","soybeans",121.203552041258
17161,"Illinois","Rock Island","sunflower",0.0741243798212373
17161,"Illinois","Rock Island","wheat",0.915277924583896
17165,"Illinois","Saline","corn",1233.92087634186
17165,"Illinois","Saline","grain sorghum",7.93258181782351
17165,"Illinois","Saline","oats",0.269913310479627
17165,"Illinois","Saline","soybeans",1541.67612262292
17165,"Illinois","Saline","sunflower",0.0465398698135968
17165,"Illinois","Saline","wheat",71.5652993704277
17167,"Illinois","Sangamon","barley",0.439990970599033
17167,"Illinois","Sangamon","corn",2589.86368857841
17167,"Illinois","Sangamon","oats",2.93120894934442
17167,"Illinois","Sangamon","soybeans",2218.62418415284
17167,"Illinois","Sangamon","sunflower",0.0679055832002737
17167,"Illinois","Sangamon","wheat",22.1705217654614
17169,"Illinois","Schuyler","corn",0
17169,"Illinois","Schuyler","grain sorghum",0
17169,"Illinois","Schuyler","oats",0
17169,"Illinois","Schuyler","soybeans",0
17169,"Illinois","Schuyler","sunflower",0
17169,"Illinois","Schuyler","wheat",0
17171,"Illinois","Scott","corn",1726.74663022972
17171,"Illinois","Scott","oats",0.70546291139842
17171,"Illinois","Scott","soybeans",1678.09018669789
17171,"Illinois","Scott","sunflower",0.119076358895114
17171,"Illinois","Scott","wheat",16.1386438021041
17173,"Illinois","Shelby","corn",4188.97482459533
17173,"Illinois","Shelby","grain sorghum",0.0321556698000211
17173,"Illinois","Shelby","oats",1.8649283619331
17173,"Illinois","Shelby","soybeans",4297.86713650876
17173,"Illinois","Shelby","sunflower",0.284795398411125
17173,"Illinois","Shelby","wheat",189.241492799169
17163,"Illinois","St. Clair","barley",0
17163,"Illinois","St. Clair","corn",0
17163,"Illinois","St. Clair","grain sorghum",0
17163,"Illinois","St. Clair","oats",0
17163,"Illinois","St. Clair","soybeans",0
17163,"Illinois","St. Clair","sunflower",0
17163,"Illinois","St. Clair","wheat",0
17175,"Illinois","Stark","corn",0
17175,"Illinois","Stark","oats",0
17175,"Illinois","Stark","soybeans",0
17175,"Illinois","Stark","wheat",0
17177,"Illinois","Stephenson","barley",1.75184567587919
17177,"Illinois","Stephenson","corn",12537.6714510065
17177,"Illinois","Stephenson","dry peas",3.75810636199844
17177,"Illinois","Stephenson","oats",100.277218600638
17177,"Illinois","Stephenson","soybeans",6424.83008561616
17177,"Illinois","Stephenson","wheat",222.282292738859
17179,"Illinois","Tazewell","corn",1179.85484590248
17179,"Illinois","Tazewell","dry peas",0.723695233223624
17179,"Illinois","Tazewell","grain sorghum",2.5517535515145
17179,"Illinois","Tazewell","oats",1.30107093595985
17179,"Illinois","Tazewell","soybeans",1011.99317090941
17179,"Illinois","Tazewell","sunflower",0.791123664953632
17179,"Illinois","Tazewell","wheat",25.8248398025126
17181,"Illinois","Union","corn",1889.50402860449
17181,"Illinois","Union","cotton",103.953841127318
17181,"Illinois","Union","oats",0.35087930173487
17181,"Illinois","Union","rice_long grain",74.4711733991135
17181,"Illinois","Union","soybeans",4621.51852137637
17181,"Illinois","Union","wheat",443.445389524314
17183,"Illinois","Vermilion","barley",0.0442654369248459
17183,"Illinois","Vermilion","corn",1008.48696736061
17183,"Illinois","Vermilion","dry peas",0.528542530445921
17183,"Illinois","Vermilion","grain sorghum",0.551260420995624
17183,"Illinois","Vermilion","oats",0.931924302030354
17183,"Illinois","Vermilion","soybeans",982.804934794094
17183,"Illinois","Vermilion","sunflower",0.0452092628720708
17183,"Illinois","Vermilion","wheat",18.8548958920463
17185,"Illinois","Wabash","corn",653.410210958802
17185,"Illinois","Wabash","grain sorghum",0.73063523428718
17185,"Illinois","Wabash","oats",0.713436811542321
17185,"Illinois","Wabash","soybeans",725.978475856208
17185,"Illinois","Wabash","wheat",61.7647411391495
17187,"Illinois","Warren","corn",3555.16064329107
17187,"Illinois","Warren","grain sorghum",1.53065956223165
17187,"Illinois","Warren","oats",5.48402483869566
17187,"Illinois","Warren","soybeans",2832.05874195495
17187,"Illinois","Warren","sunflower",0.550920580462083
17187,"Illinois","Warren","wheat",4.57755643917611
17189,"Illinois","Washington","barley",7.0495860815537
17189,"Illinois","Washington","corn",7516.753249643
17189,"Illinois","Washington","grain sorghum",7.58988718282454
17189,"Illinois","Washington","oats",9.89691318347189
17189,"Illinois","Washington","soybeans",11082.7839510749
17189,"Illinois","Washington","sunflower",1.93545705268775
17189,"Illinois","Washington","wheat",4170.86345578158
17191,"Illinois","Wayne","barley",0.974704076808923
17191,"Illinois","Wayne","canola",7.94706928923076
17191,"Illinois","Wayne","corn",15288.2179625699
17191,"Illinois","Wayne","grain sorghum",169.021764576762
17191,"Illinois","Wayne","oats",1.48999134945894
17191,"Illinois","Wayne","soybeans",19831.7645325257
17191,"Illinois","Wayne","sunflower",0.757145818780854
17191,"Illinois","Wayne","wheat",3297.58732979338
17193,"Illinois","White","barley",0
17193,"Illinois","White","corn",0
17193,"Illinois","White","cotton",0
17193,"Illinois","White","grain sorghum",0
17193,"Illinois","White","oats",0
17193,"Illinois","White","soybeans",0
17193,"Illinois","White","sunflower",0
17193,"Illinois","White","wheat",0
17195,"Illinois","Whiteside","corn",6481.66854590083
17195,"Illinois","Whiteside","dry peas",4.09821069650337
17195,"Illinois","Whiteside","grain sorghum",0.0344914442704951
17195,"Illinois","Whiteside","oats",13.7642526686917
17195,"Illinois","Whiteside","soybeans",2759.73331569517
17195,"Illinois","Whiteside","sunflower",1.1228817956226
17195,"Illinois","Whiteside","wheat",38.7682351323421
17197,"Illinois","Will","corn",0
17197,"Illinois","Will","oats",0
17197,"Illinois","Will","soybeans",0
17197,"Illinois","Will","sunflower",0
17197,"Illinois","Will","wheat",0
17199,"Illinois","Williamson","corn",2465.90409580836
17199,"Illinois","Williamson","grain sorghum",75.4984217775197
17199,"Illinois","Williamson","soybeans",3983.93528831642
17199,"Illinois","Williamson","sunflower",0.193543906008537
17199,"Illinois","Williamson","wheat",494.882803525025
17201,"Illinois","Winnebago","barley",0.0211398281935549
17201,"Illinois","Winnebago","corn",509.073327023349
17201,"Illinois","Winnebago","oats",2.20884427506936
17201,"Illinois","Winnebago","soybeans",312.994548674643
17201,"Illinois","Winnebago","sunflower",0.440441273803318
17201,"Illinois","Winnebago","wheat",15.4668989249392
17203,"Illinois","Woodford","barley",0
17203,"Illinois","Woodford","corn",0
17203,"Illinois","Woodford","dry peas",0
17203,"Illinois","Woodford","oats",0
17203,"Illinois","Woodford","soybeans",0
17203,"Illinois","Woodford","sunflower",0
17203,"Illinois","Woodford","wheat",0
18001,"Indiana","Adams","barley",1.54024921272605
18001,"Indiana","Adams","corn",1405.58413978045
18001,"Indiana","Adams","oats",7.06062554905128
18001,"Indiana","Adams","soybeans",1929.49551811212
18001,"Indiana","Adams","sunflower",0.018606591481842
18001,"Indiana","Adams","wheat",126.86386075417
18003,"Indiana","Allen","barley",0
18003,"Indiana","Allen","corn",0
18003,"Indiana","Allen","grain sorghum",0
18003,"Indiana","Allen","oats",0
18003,"Indiana","Allen","soybeans",0
18003,"Indiana","Allen","sunflower",0
18003,"Indiana","Allen","wheat",0
18005,"Indiana","Bartholomew","barley",5.51148545696275
18005,"Indiana","Bartholomew","corn",3333.08893982896
18005,"Indiana","Bartholomew","grain sorghum",6.52580117449795
18005,"Indiana","Bartholomew","oats",1.06747602350579
18005,"Indiana","Bartholomew","soybeans",3984.39531286323
18005,"Indiana","Bartholomew","wheat",357.072651319529
18007,"Indiana","Benton","corn",0
18007,"Indiana","Benton","grain sorghum",0
18007,"Indiana","Benton","oats",0
18007,"Indiana","Benton","soybeans",0
18007,"Indiana","Benton","sunflower",0
18007,"Indiana","Benton","wheat",0
18009,"Indiana","Blackford","barley",4.73106623630552
18009,"Indiana","Blackford","corn",1496.71163546384
18009,"Indiana","Blackford","dry peas",7.51440780130085
18009,"Indiana","Blackford","grain sorghum",0.904432402576848
18009,"Indiana","Blackford","oats",11.5497922524042
18009,"Indiana","Blackford","soybeans",2357.72882502026
18009,"Indiana","Blackford","wheat",67.9683408233248
18011,"Indiana","Boone","barley",0.751352008131707
18011,"Indiana","Boone","corn",872.518714466071
18011,"Indiana","Boone","oats",0.534617876065617
18011,"Indiana","Boone","soybeans",931.867471436973
18011,"Indiana","Boone","wheat",29.0308708793847
18013,"Indiana","Brown","corn",186.052327073608
18013,"Indiana","Brown","soybeans",119.796710825759
18013,"Indiana","Brown","wheat",8.51896210063382
18015,"Indiana","Carroll","barley",0.374751321604216
18015,"Indiana","Carroll","corn",522.665938494757
18015,"Indiana","Carroll","oats",0.19852361177531
18015,"Indiana","Carroll","soybeans",462.499169019216
18015,"Indiana","Carroll","sunflower",0.0264285261960665
18015,"Indiana","Carroll","wheat",25.3921890264289
18017,"Indiana","Cass","corn",966.748562130979
18017,"Indiana","Cass","grain sorghum",1.07755695972266
18017,"Indiana","Cass","oats",0.270929193665024
18017,"Indiana","Cass","soybeans",787.019637821613
18017,"Indiana","Cass","wheat",29.405313894017
18019,"Indiana","Clark","barley",0.69250793902567
18019,"Indiana","Clark","corn",592.402210357267
18019,"Indiana","Clark","grain sorghum",0.618386294175827
18019,"Indiana","Clark","oats",2.10427820126567
18019,"Indiana","Clark","soybeans",1137.84948817484
18019,"Indiana","Clark","sunflower",0.0694155086689
18019,"Indiana","Clark","wheat",105.787046858079
18021,"Indiana","Clay","corn",3760.03999196727
18021,"Indiana","Clay","grain sorghum",4.98910733667223
18021,"Indiana","Clay","soybeans",4507.33203633727
18021,"Indiana","Clay","sunflower",0.752315758231551
18021,"Indiana","Clay","wheat",77.2125486005385
18023,"Indiana","Clinton","corn",1045.04777561435
18023,"Indiana","Clinton","oats",0.301092244720042
18023,"Indiana","Clinton","soybeans",1038.9174196246
18023,"Indiana","Clinton","sunflower",0.0179915124605079
18023,"Indiana","Clinton","wheat",18.980387670523
18025,"Indiana","Crawford","barley",3.79986255952435
18025,"Indiana","Crawford","corn",1655.05470319708
18025,"Indiana","Crawford","grain sorghum",37.3891550046814
18025,"Indiana","Crawford","oats",62.3339156041121
18025,"Indiana","Crawford","soybeans",1767.3191859786
18025,"Indiana","Crawford","wheat",35.3601776559993
18027,"Indiana","Daviess","corn",2774.27478115709
18027,"Indiana","Daviess","grain sorghum",7.64380525621761
18027,"Indiana","Daviess","oats",0.520344252456762
18027,"Indiana","Daviess","soybeans",1980.32061701063
18027,"Indiana","Daviess","sunflower",2.08976567961535
18027,"Indiana","Daviess","wheat",68.8333533107069
18033,"Indiana","DeKalb","corn",2490.57700387626
18033,"Indiana","DeKalb","grain sorghum",0.42840484612906
18033,"Indiana","DeKalb","oats",7.14595614254264
18033,"Indiana","DeKalb","soybeans",4134.27176365994
18033,"Indiana","DeKalb","wheat",409.37710480844
18029,"Indiana","Dearborn","corn",1108.3776750834
18029,"Indiana","Dearborn","oats",1.35258731476405
18029,"Indiana","Dearborn","soybeans",1854.77327837902
18029,"Indiana","Dearborn","wheat",130.516459222818
18031,"Indiana","Decatur","barley",10.8867830656579
18031,"Indiana","Decatur","corn",2431.07241869005
18031,"Indiana","Decatur","oats",1.25799479961631
18031,"Indiana","Decatur","soybeans",2547.66276654557
18031,"Indiana","Decatur","sunflower",0.0716628616499696
18031,"Indiana","Decatur","wheat",189.618374037523
18035,"Indiana","Delaware","barley",4.23092801616326
18035,"Indiana","Delaware","corn",2887.36968886392
18035,"Indiana","Delaware","oats",0.548618890631417
18035,"Indiana","Delaware","soybeans",3586.29685193212
18035,"Indiana","Delaware","wheat",93.9285789638357
18037,"Indiana","Dubois","barley",1.13364963037798
18037,"Indiana","Dubois","corn",1305.02590565092
18037,"Indiana","Dubois","grain sorghum",6.13098234449135
18037,"Indiana","Dubois","oats",0.149792213534732
18037,"Indiana","Dubois","soybeans",1141.82405906835
18037,"Indiana","Dubois","sunflower",0.0203267095610805
18037,"Indiana","Dubois","wheat",108.572684382773
18039,"Indiana","Elkhart","barley",0
18039,"Indiana","Elkhart","corn",0
18039,"Indiana","Elkhart","grain sorghum",0
18039,"Indiana","Elkhart","oats",0
18039,"Indiana","Elkhart","soybeans",0
18039,"Indiana","Elkhart","sunflower",0
18039,"Indiana","Elkhart","wheat",0
18041,"Indiana","Fayette","corn",1084.82806442522
18041,"Indiana","Fayette","oats",0.556837403700816
18041,"Indiana","Fayette","soybeans",1172.73779103994
18041,"Indiana","Fayette","wheat",55.2603071311421
18043,"Indiana","Floyd","corn",128.244211568543
18043,"Indiana","Floyd","soybeans",174.956988320211
18043,"Indiana","Floyd","wheat",5.43180011124787
18045,"Indiana","Fountain","barley",0.00963973088198749
18045,"Indiana","Fountain","corn",437.930254638495
18045,"Indiana","Fountain","grain sorghum",1.24790315282323
18045,"Indiana","Fountain","oats",0.196296912877223
18045,"Indiana","Fountain","soybeans",403.449433993383
18045,"Indiana","Fountain","sunflower",0.814788781448689
18045,"Indiana","Fountain","wheat",6.26084945674055
18047,"Indiana","Franklin","barley",2.25523240457219
18047,"Indiana","Franklin","corn",3163.20240206277
18047,"Indiana","Franklin","dry peas",1.54482668755778
18047,"Indiana","Franklin","oats",2.38263769444328
18047,"Indiana","Franklin","soybeans",3482.02390548835
18047,"Indiana","Franklin","sunflower",0.171647409728642
18047,"Indiana","Franklin","wheat",222.660848252584
18049,"Indiana","Fulton","corn",1980.71318153115
18049,"Indiana","Fulton","grain sorghum",2.76758991848539
18049,"Indiana","Fulton","oats",0.134809401300076
18049,"Indiana","Fulton","soybeans",1494.44344949085
18049,"Indiana","Fulton","wheat",35.3036363248643
18051,"Indiana","Gibson","corn",866.223305776154
18051,"Indiana","Gibson","grain sorghum",6.25323616959953
18051,"Indiana","Gibson","oats",0.345806163250161
18051,"Indiana","Gibson","rapeseed",1.00213782341004
18051,"Indiana","Gibson","soybeans",894.669492300546
18051,"Indiana","Gibson","wheat",145.950488433737
18053,"Indiana","Grant","corn",3482.85952763384
18053,"Indiana","Grant","oats",2.41713363915572
18053,"Indiana","Grant","soybeans",5050.20998946339
18053,"Indiana","Grant","sunflower",4.29655148431475
18053,"Indiana","Grant","wheat",72.5507977793003
18055,"Indiana","Greene","corn",4252.4070594757
18055,"Indiana","Greene","grain sorghum",25.1771512729777
18055,"Indiana","Greene","soybeans",4683.71493740739
18055,"Indiana","Greene","wheat",73.39285184393
18057,"Indiana","Hamilton","corn",2304.43975160911
18057,"Indiana","Hamilton","soybeans",2658.24516831337
18057,"Indiana","Hamilton","wheat",68.1070800775263
18059,"Indiana","Hancock","canola",4.0790857015013
18059,"Indiana","Hancock","corn",1214.52698810045
18059,"Indiana","Hancock","dry peas",0.623473139481324
18059,"Indiana","Hancock","oats",0.258348510561388
18059,"Indiana","Hancock","soybeans",1505.83519707292
18059,"Indiana","Hancock","sunflower",0.871322523360456
18059,"Indiana","Hancock","wheat",74.4775849517441
18061,"Indiana","Harrison","barley",2.96338739547376
18061,"Indiana","Harrison","corn",3072.96642834997
18061,"Indiana","Harrison","grain sorghum",1.31649126073334
18061,"Indiana","Harrison","oats",11.3618250776078
18061,"Indiana","Harrison","soybeans",3701.79056696362
18061,"Indiana","Harrison","sunflower",0.71978445390679
18061,"Indiana","Harrison","wheat",290.178849832018
18063,"Indiana","Hendricks","barley",0.338107830802186
18063,"Indiana","Hendricks","corn",476.751858306721
18063,"Indiana","Hendricks","grain sorghum",4.00616690007264
18063,"Indiana","Hendricks","soybeans",541.891360793413
18063,"Indiana","Hendricks","wheat",15.3395061689962
18065,"Indiana","Henry","barley",1.17016793368634
18065,"Indiana","Henry","corn",1956.04540952317
18065,"Indiana","Henry","oats",1.8189929790656
18065,"Indiana","Henry","soybeans",2408.61976638759
18065,"Indiana","Henry","sunflower",1.31030314179186
18065,"Indiana","Henry","wheat",102.057346701334
18067,"Indiana","Howard","corn",624.743032395824
18067,"Indiana","Howard","oats",0.355662911882764
18067,"Indiana","Howard","soybeans",679.655678925769
18067,"Indiana","Howard","sunflower",0.506404788739039
18067,"Indiana","Howard","wheat",19.1272209777916
18069,"Indiana","Huntington","barley",3.03485716243547
18069,"Indiana","Huntington","corn",1495.41819382196
18069,"Indiana","Huntington","grain sorghum",0.320562021872353
18069,"Indiana","Huntington","oats",0.775072382019118
18069,"Indiana","Huntington","soybeans",2105.49627028595
18069,"Indiana","Huntington","sunflower",2.40348308468474
18069,"Indiana","Huntington","wheat",117.558501241096
18071,"Indiana","Jackson","barley",0.337748323858108
18071,"Indiana","Jackson","corn",1161.86848183546
18071,"Indiana","Jackson","grain sorghum",7.79892410234533
18071,"Indiana","Jackson","oats",0.57776135120242
18071,"Indiana","Jackson","soybeans",1371.61976821078
18071,"Indiana","Jackson","sunflower",0.0181731678158788
18071,"Indiana","Jackson","wheat",78.386143008552
18073,"Indiana","Jasper","canola",0.449717411343273
18073,"Indiana","Jasper","corn",1625.3476924279
18073,"Indiana","Jasper","grain sorghum",19.3197009104447
18073,"Indiana","Jasper","oats",1.98775723764499
18073,"Indiana","Jasper","soybeans",984.100598497793
18073,"Indiana","Jasper","sunflower",0.01245435698158
18073,"Indiana","Jasper","wheat",25.1877124912399
18075,"Indiana","Jay","barley",2.62351032227828
18075,"Indiana","Jay","corn",4464.33108072477
18075,"Indiana","Jay","grain sorghum",2.42338984219905
18075,"Indiana","Jay","oats",2.92679183648656
18075,"Indiana","Jay","soybeans",5876.99144829289
18075,"Indiana","Jay","sunflower",1.12841077215912
18075,"Indiana","Jay","wheat",403.206034875825
18077,"Indiana","Jefferson","barley",3.36995415203587
18077,"Indiana","Jefferson","corn",1981.85492637271
18077,"Indiana","Jefferson","oats",15.7170313323015
18077,"Indiana","Jefferson","peanuts",0.0757333782554298
18077,"Indiana","Jefferson","soybeans",4323.04915105899
18077,"Indiana","Jefferson","wheat",284.807870372366
18079,"Indiana","Jennings","barley",1.38148909438585
18079,"Indiana","Jennings","corn",3026.40818684367
18079,"Indiana","Jennings","soybeans",5010.16209984171
18079,"Indiana","Jennings","sunflower",0.517713268215884
18079,"Indiana","Jennings","wheat",393.741510952037
18081,"Indiana","Johnson","barley",5.43182843446061
18081,"Indiana","Johnson","canola",1.78827136111028
18081,"Indiana","Johnson","corn",2205.05613464694
18081,"Indiana","Johnson","oats",0.284627692653962
18081,"Indiana","Johnson","soybeans",2371.57195726492
18081,"Indiana","Johnson","sunflower",1.78827136111028
18081,"Indiana","Johnson","wheat",158.136242572124
18083,"Indiana","Knox","corn",882.991158164934
18083,"Indiana","Knox","grain sorghum",8.6577759001234
18083,"Indiana","Knox","oats",0.155759878463446
18083,"Indiana","Knox","rapeseed",0.884371662595789
18083,"Indiana","Knox","soybeans",930.265700036372
18083,"Indiana","Knox","sunflower",0.0113551202192056
18083,"Indiana","Knox","wheat",100.934945903993
18085,"Indiana","Kosciusko","barley",1.12290799149436
18085,"Indiana","Kosciusko","corn",3184.50124177883
18085,"Indiana","Kosciusko","grain sorghum",0.377310584101365
18085,"Indiana","Kosciusko","oats",2.04773342862868
18085,"Indiana","Kosciusko","soybeans",2554.51320594154
18085,"Indiana","Kosciusko","wheat",113.122100275349
18087,"Indiana","LaGrange","barley",0
18087,"Indiana","LaGrange","corn",0
18087,"Indiana","LaGrange","grain sorghum",0
18087,"Indiana","LaGrange","oats",0
18087,"Indiana","LaGrange","soybeans",0
18087,"Indiana","LaGrange","wheat",0
18091,"Indiana","LaPorte","barley",1.2051059433723
18091,"Indiana","LaPorte","corn",4552.98529976735
18091,"Indiana","LaPorte","grain sorghum",5.20562810699025
18091,"Indiana","LaPorte","oats",5.37353009200216
18091,"Indiana","LaPorte","soybeans",3551.09255828078
18091,"Indiana","LaPorte","sunflower",0.0259222297107047
18091,"Indiana","LaPorte","wheat",222.616405579859
18089,"Indiana","Lake","corn",0
18089,"Indiana","Lake","grain sorghum",0
18089,"Indiana","Lake","oats",0
18089,"Indiana","Lake","soybeans",0
18089,"Indiana","Lake","sunflower",0
18089,"Indiana","Lake","wheat",0
18093,"Indiana","Lawrence","barley",1.34564558641345
18093,"Indiana","Lawrence","corn",1109.60672219026
18093,"Indiana","Lawrence","oats",4.41302744877643
18093,"Indiana","Lawrence","soybeans",1384.61299832721
18093,"Indiana","Lawrence","sunflower",0.0517555994774406
18093,"Indiana","Lawrence","wheat",53.9465175145196
18095,"Indiana","Madison","corn",575.077291448891
18095,"Indiana","Madison","grain sorghum",0.144778566375482
18095,"Indiana","Madison","oats",1.30022021448472
18095,"Indiana","Madison","soybeans",672.193353364909
18095,"Indiana","Madison","sunflower",1.2932007531939
18095,"Indiana","Madison","wheat",9.81665565215239
18097,"Indiana","Marion","corn",0
18097,"Indiana","Marion","oats",0
18097,"Indiana","Marion","soybeans",0
18097,"Indiana","Marion","wheat",0
18099,"Indiana","Marshall","barley",0
18099,"Indiana","Marshall","corn",0
18099,"Indiana","Marshall","grain sorghum",0
18099,"Indiana","Marshall","oats",0
18099,"Indiana","Marshall","soybeans",0
18099,"Indiana","Marshall","sunflower",0
18099,"Indiana","Marshall","wheat",0
18101,"Indiana","Martin","corn",1135.502746977
18101,"Indiana","Martin","grain sorghum",17.8141545012062
18101,"Indiana","Martin","soybeans",1121.35882429442
18101,"Indiana","Martin","wheat",58.1032742273728
18103,"Indiana","Miami","barley",3.98289219821585
18103,"Indiana","Miami","canola",1.87837834268516
18103,"Indiana","Miami","corn",2205.87241200405
18103,"Indiana","Miami","grain sorghum",0.770516769810827
18103,"Indiana","Miami","oats",2.31106909943303
18103,"Indiana","Miami","soybeans",2668.31011069454
18103,"Indiana","Miami","sunflower",3.9442626506737
18103,"Indiana","Miami","wheat",120.765191573983
18105,"Indiana","Monroe","corn",168.569401603986
18105,"Indiana","Monroe","oats",1.58644681473378
18105,"Indiana","Monroe","soybeans",213.424889360062
18105,"Indiana","Monroe","wheat",3.40126222121864
18107,"Indiana","Montgomery","corn",4026.3825926583
18107,"Indiana","Montgomery","oats",0.0581754557485898
18107,"Indiana","Montgomery","soybeans",4039.59534592579
18107,"Indiana","Montgomery","sunflower",3.18998344965832
18107,"Indiana","Montgomery","wheat",110.606902510493
18109,"Indiana","Morgan","barley",0.9998095330169
18109,"Indiana","Morgan","corn",958.2151757259
18109,"Indiana","Morgan","grain sorghum",0.237479709439144
18109,"Indiana","Morgan","soybeans",975.542584806403
18109,"Indiana","Morgan","wheat",11.8509502252313
18111,"Indiana","Newton","barley",0
18111,"Indiana","Newton","corn",0
18111,"Indiana","Newton","grain sorghum",0
18111,"Indiana","Newton","oats",0
18111,"Indiana","Newton","soybeans",0
18111,"Indiana","Newton","sunflower",0
18111,"Indiana","Newton","wheat",0
18113,"Indiana","Noble","barley",0.375712269756966
18113,"Indiana","Noble","corn",2664.14680460901
18113,"Indiana","Noble","grain sorghum",2.9573857372959
18113,"Indiana","Noble","oats",6.45912966726716
18113,"Indiana","Noble","soybeans",2693.37352863208
18113,"Indiana","Noble","sunflower",0.388335467580199
18113,"Indiana","Noble","wheat",134.650503616992
18115,"Indiana","Ohio","corn",396.36273486482
18115,"Indiana","Ohio","soybeans",484.087949647669
18115,"Indiana","Ohio","sunflower",0.462764563375272
18115,"Indiana","Ohio","wheat",46.7705509241372
18117,"Indiana","Orange","barley",5.96766509831058
18117,"Indiana","Orange","corn",1373.11811175297
18117,"Indiana","Orange","oats",2.48301335849678
18117,"Indiana","Orange","soybeans",1347.84868573358
18117,"Indiana","Orange","wheat",59.234024056654
18119,"Indiana","Owen","corn",1777.99661443661
18119,"Indiana","Owen","oats",2.36527664395784
18119,"Indiana","Owen","soybeans",2267.97642729481
18119,"Indiana","Owen","wheat",70.389681624621
18121,"Indiana","Parke","corn",391.208071640749
18121,"Indiana","Parke","grain sorghum",1.9049672809057
18121,"Indiana","Parke","oats",0.180830348267199
18121,"Indiana","Parke","soybeans",424.692784194984
18121,"Indiana","Parke","sunflower",0.548718955230654
18121,"Indiana","Parke","wheat",14.4919609132236
18123,"Indiana","Perry","corn",1944.69660015021
18123,"Indiana","Perry","grain sorghum",5.55596509181625
18123,"Indiana","Perry","soybeans",2110.55662337548
18123,"Indiana","Perry","sunflower",1.94130022882692
18123,"Indiana","Perry","wheat",54.1095111536654
18125,"Indiana","Pike","corn",2036.06552495447
18125,"Indiana","Pike","grain sorghum",21.982183281219
18125,"Indiana","Pike","oats",2.88642436632026
18125,"Indiana","Pike","soybeans",2623.05729704602
18125,"Indiana","Pike","wheat",158.01657035199
18127,"Indiana","Porter","barley",0.489377985930235
18127,"Indiana","Porter","corn",1279.61231039964
18127,"Indiana","Porter","grain sorghum",5.0809664108909
18127,"Indiana","Porter","oats",0.428812971918369
18127,"Indiana","Porter","soybeans",1153.70236263083
18127,"Indiana","Porter","sunflower",0.0532254002824425
18127,"Indiana","Porter","wheat",34.1043442004998
18129,"Indiana","Posey","barley",0
18129,"Indiana","Posey","canola",0
18129,"Indiana","Posey","corn",0
18129,"Indiana","Posey","grain sorghum",0
18129,"Indiana","Posey","oats",0
18129,"Indiana","Posey","rapeseed",0
18129,"Indiana","Posey","soybeans",0
18129,"Indiana","Posey","sunflower",0
18129,"Indiana","Posey","wheat",0
18131,"Indiana","Pulaski","corn",3530.23621149244
18131,"Indiana","Pulaski","grain sorghum",5.51282986833722
18131,"Indiana","Pulaski","oats",0.490452415179572
18131,"Indiana","Pulaski","soybeans",2174.07923351096
18131,"Indiana","Pulaski","sunflower",0.192764584512469
18131,"Indiana","Pulaski","wheat",41.8805081286178
18133,"Indiana","Putnam","barley",0.449512718751735
18133,"Indiana","Putnam","corn",3081.15209647674
18133,"Indiana","Putnam","grain sorghum",0.359610175001388
18133,"Indiana","Putnam","oats",1.87626608806974
18133,"Indiana","Putnam","soybeans",3264.91071306869
18133,"Indiana","Putnam","sunflower",0.499408630533178
18133,"Indiana","Putnam","wheat",168.170619508874
18135,"Indiana","Randolph","barley",9.13647125239011
18135,"Indiana","Randolph","canola",8.47749920375804
18135,"Indiana","Randolph","corn",4472.61410625431
18135,"Indiana","Randolph","grain sorghum",0.368526836005349
18135,"Indiana","Randolph","oats",4.51620424353655
18135,"Indiana","Randolph","soybeans",4962.53022710073
18135,"Indiana","Randolph","sunflower",1.70443661652474
18135,"Indiana","Randolph","wheat",140.092528492745
18137,"Indiana","Ripley","barley",7.57944045829344
18137,"Indiana","Ripley","corn",2705.40033447006
18137,"Indiana","Ripley","grain sorghum",2.52222646111911
18137,"Indiana","Ripley","oats",5.58169417704782
18137,"Indiana","Ripley","soybeans",4100.8677768298
18137,"Indiana","Ripley","wheat",227.25802760368
18139,"Indiana","Rush","barley",3.85570210031091
18139,"Indiana","Rush","corn",4957.21582534865
18139,"Indiana","Rush","oats",1.04120099744563
18139,"Indiana","Rush","soybeans",4890.9457213597
18139,"Indiana","Rush","sunflower",0.00198683522077213
18139,"Indiana","Rush","wheat",307.018096692078
18143,"Indiana","Scott","barley",0.650624975812155
18143,"Indiana","Scott","corn",528.230624732566
18143,"Indiana","Scott","oats",0.322494900877359
18143,"Indiana","Scott","soybeans",729.11527844828
18143,"Indiana","Scott","sunflower",0.0949379725740718
18143,"Indiana","Scott","wheat",12.6587056365648
18145,"Indiana","Shelby","barley",0.357962508565922
18145,"Indiana","Shelby","corn",3075.80019308411
18145,"Indiana","Shelby","grain sorghum",1.34343329464791
18145,"Indiana","Shelby","oats",0.520119524946285
18145,"Indiana","Shelby","soybeans",3208.9627832144
18145,"Indiana","Shelby","sunflower",0.381230071622707
18145,"Indiana","Shelby","wheat",176.646944968352
18147,"Indiana","Spencer","barley",0
18147,"Indiana","Spencer","corn",0
18147,"Indiana","Spencer","grain sorghum",0
18147,"Indiana","Spencer","oats",0
18147,"Indiana","Spencer","soybeans",0
18147,"Indiana","Spencer","wheat",0
18141,"Indiana","St. Joseph","barley",0
18141,"Indiana","St. Joseph","corn",0
18141,"Indiana","St. Joseph","grain sorghum",0
18141,"Indiana","St. Joseph","oats",0
18141,"Indiana","St. Joseph","soybeans",0
18141,"Indiana","St. Joseph","wheat",0
18149,"Indiana","Starke","corn",839.078244715494
18149,"Indiana","Starke","grain sorghum",0.445978812530185
18149,"Indiana","Starke","oats",1.08724360411436
18149,"Indiana","Starke","soybeans",578.523483786314
18149,"Indiana","Starke","sunflower",0.618509439892212
18149,"Indiana","Starke","wheat",13.8220396416763
18151,"Indiana","Steuben","corn",2109.10187420083
18151,"Indiana","Steuben","grain sorghum",0.461788362887336
18151,"Indiana","Steuben","oats",1.19141397624933
18151,"Indiana","Steuben","soybeans",1934.96466376473
18151,"Indiana","Steuben","sunflower",0.222171512366907
18151,"Indiana","Steuben","wheat",193.006088182941
18153,"Indiana","Sullivan","canola",3.58391228119322
18153,"Indiana","Sullivan","corn",2674.16340608345
18153,"Indiana","Sullivan","grain sorghum",14.8054945540343
18153,"Indiana","Sullivan","rapeseed",3.38746397157658
18153,"Indiana","Sullivan","soybeans",3169.71560202301
18153,"Indiana","Sullivan","wheat",113.193787753409
18155,"Indiana","Switzerland","corn",387.181301904702
18155,"Indiana","Switzerland","oats",1.07151945546694
18155,"Indiana","Switzerland","soybeans",543.596095708982
18155,"Indiana","Switzerland","wheat",41.9845829308501
18157,"Indiana","Tippecanoe","canola",0.0120197117567176
18157,"Indiana","Tippecanoe","corn",722.059947342545
18157,"Indiana","Tippecanoe","cotton",0.00431141834751828
18157,"Indiana","Tippecanoe","grain sorghum",0.493759307042694
18157,"Indiana","Tippecanoe","oats",0.755423206024804
18157,"Indiana","Tippecanoe","soybeans",694.817526195468
18157,"Indiana","Tippecanoe","sunflower",0.0637149242338702
18157,"Indiana","Tippecanoe","wheat",19.5229645612323
18159,"Indiana","Tipton","corn",2302.24465964303
18159,"Indiana","Tipton","dry peas",0.00222540666400287
18159,"Indiana","Tipton","oats",0.179304194071088
18159,"Indiana","Tipton","soybeans",2498.21694616174
18159,"Indiana","Tipton","sunflower",0.0848833684698237
18159,"Indiana","Tipton","wheat",53.1783812260601
18161,"Indiana","Union","corn",1278.73303860907
18161,"Indiana","Union","oats",1.10370139678429
18161,"Indiana","Union","soybeans",1343.85577784563
18161,"Indiana","Union","wheat",26.9954821485237
18163,"Indiana","Vanderburgh","corn",0
18163,"Indiana","Vanderburgh","grain sorghum",0
18163,"Indiana","Vanderburgh","oats",0
18163,"Indiana","Vanderburgh","soybeans",0
18163,"Indiana","Vanderburgh","sunflower",0
18163,"Indiana","Vanderburgh","wheat",0
18165,"Indiana","Vermillion","corn",613.98641941432
18165,"Indiana","Vermillion","grain sorghum",11.2187483289406
18165,"Indiana","Vermillion","oats",0.365493364544499
18165,"Indiana","Vermillion","soybeans",603.066844214785
18165,"Indiana","Vermillion","wheat",8.60449467740859
18167,"Indiana","Vigo","corn",1840.10725982762
18167,"Indiana","Vigo","grain sorghum",25.1185516586512
18167,"Indiana","Vigo","soybeans",2321.57276542326
18167,"Indiana","Vigo","sunflower",0.547487569821041
18167,"Indiana","Vigo","wheat",39.9999355206265
18169,"Indiana","Wabash","barley",0.886771254324271
18169,"Indiana","Wabash","corn",2896.83713146442
18169,"Indiana","Wabash","grain sorghum",0.821446684640921
18169,"Indiana","Wabash","oats",1.31337589921446
18169,"Indiana","Wabash","soybeans",3355.77299471247
18169,"Indiana","Wabash","wheat",163.342013318249
18171,"Indiana","Warren","barley",0.413227785431682
18171,"Indiana","Warren","corn",2028.74283810565
18171,"Indiana","Warren","grain sorghum",6.97244973255172
18171,"Indiana","Warren","oats",0.506792208089279
18171,"Indiana","Warren","soybeans",1983.02186812011
18171,"Indiana","Warren","sunflower",0.262776676400059
18171,"Indiana","Warren","wheat",75.7250473717784
18173,"Indiana","Warrick","barley",3.99367770172188
18173,"Indiana","Warrick","corn",3624.61572277697
18173,"Indiana","Warrick","grain sorghum",14.7576986397398
18173,"Indiana","Warrick","soybeans",4450.41411997547
18173,"Indiana","Warrick","wheat",481.527780906085
18175,"Indiana","Washington","barley",4.52556187786833
18175,"Indiana","Washington","corn",3866.93151867732
18175,"Indiana","Washington","grain sorghum",18.6625320059314
18175,"Indiana","Washington","oats",21.0438814435815
18175,"Indiana","Washington","soybeans",4685.49313146029
18175,"Indiana","Washington","wheat",208.465874535036
18177,"Indiana","Wayne","barley",1.37474160116861
18177,"Indiana","Wayne","canola",2.77269566112293
18177,"Indiana","Wayne","corn",1322.55070883482
18177,"Indiana","Wayne","oats",2.02564497818397
18177,"Indiana","Wayne","soybeans",1491.79354851524
18177,"Indiana","Wayne","wheat",72.5309937428044
18179,"Indiana","Wells","barley",0.670148665399701
18179,"Indiana","Wells","corn",873.119687993355
18179,"Indiana","Wells","grain sorghum",1.1778660265164
18179,"Indiana","Wells","oats",0.217048659583538
18179,"Indiana","Wells","soybeans",1103.00266104703
18179,"Indiana","Wells","wheat",35.2295876081283
18181,"Indiana","White","barley",5.74658081453757
18181,"Indiana","White","canola",1.44762980661836
18181,"Indiana","White","corn",2576.59886734352
18181,"Indiana","White","dry peas",1.92148130232511
18181,"Indiana","White","grain sorghum",7.11640426550414
18181,"Indiana","White","oats",7.30644838719784
18181,"Indiana","White","soybeans",1893.48756582431
18181,"Indiana","White","sunflower",10.5647483797639
18181,"Indiana","White","wheat",69.1483305429439
18183,"Indiana","Whitley","barley",0.0510759356106263
18183,"Indiana","Whitley","corn",2978.20031571888
18183,"Indiana","Whitley","grain sorghum",1.83260456970927
18183,"Indiana","Whitley","oats",1.12852279731679
18183,"Indiana","Whitley","soybeans",3398.1663736206
18183,"Indiana","Whitley","wheat",282.086774024572
19001,"Iowa","Adair","corn",6978.63456500877
19001,"Iowa","Adair","grain sorghum",0.232833034519283
19001,"Iowa","Adair","oats",126.716613442454
19001,"Iowa","Adair","soybeans",6750.50223227883
19001,"Iowa","Adair","sunflower",0.491922361215598
19001,"Iowa","Adair","wheat",29.6543672075449
19003,"Iowa","Adams","corn",4058.91981659618
19003,"Iowa","Adams","grain sorghum",2.13035018384527
19003,"Iowa","Adams","oats",76.9998376611595
19003,"Iowa","Adams","soybeans",4056.47705343672
19003,"Iowa","Adams","wheat",0.579608788757903
19005,"Iowa","Allamakee","barley",26.5659887863712
19005,"Iowa","Allamakee","corn",5792.01395801503
19005,"Iowa","Allamakee","flaxseed",0.324603649386002
19005,"Iowa","Allamakee","grain sorghum",1.92736027856154
19005,"Iowa","Allamakee","oats",357.089957550634
19005,"Iowa","Allamakee","soybeans",2079.6382005213
19005,"Iowa","Allamakee","sunflower",0.578521407554357
19005,"Iowa","Allamakee","wheat",12.0070764578288
19007,"Iowa","Appanoose","corn",1069.61152205247
19007,"Iowa","Appanoose","grain sorghum",4.48338546961694
19007,"Iowa","Appanoose","oats",17.9016449449469
19007,"Iowa","Appanoose","soybeans",1451.30040843515
19007,"Iowa","Appanoose","wheat",33.9340390978184
19009,"Iowa","Audubon","barley",6.36793376825908
19009,"Iowa","Audubon","corn",4152.69528507366
19009,"Iowa","Audubon","grain sorghum",0.109660205897657
19009,"Iowa","Audubon","oats",32.2045660421047
19009,"Iowa","Audubon","soybeans",3617.16099609972
19009,"Iowa","Audubon","wheat",4.34905881037843
19011,"Iowa","Benton","barley",0.357467874275411
19011,"Iowa","Benton","corn",1663.97179599655
19011,"Iowa","Benton","oats",8.8229673450988
19011,"Iowa","Benton","soybeans",1322.75502805895
19011,"Iowa","Benton","sunflower",0.146527080664411
19011,"Iowa","Benton","wheat",1.3097136444412
19013,"Iowa","Black Hawk","corn",0
19013,"Iowa","Black Hawk","grain sorghum",0
19013,"Iowa","Black Hawk","oats",0
19013,"Iowa","Black Hawk","soybeans",0
19013,"Iowa","Black Hawk","wheat",0
19015,"Iowa","Boone","corn",0
19015,"Iowa","Boone","grain sorghum",0
19015,"Iowa","Boone","oats",0
19015,"Iowa","Boone","soybeans",0
19015,"Iowa","Boone","sunflower",0
19015,"Iowa","Boone","wheat",0
19017,"Iowa","Bremer","barley",0.435208530624398
19017,"Iowa","Bremer","corn",1702.15883127916
19017,"Iowa","Bremer","oats",12.2572805010201
19017,"Iowa","Bremer","soybeans",974.837524214351
19017,"Iowa","Bremer","wheat",0.103822141546665
19019,"Iowa","Buchanan","barley",0.0430147562131197
19019,"Iowa","Buchanan","corn",771.015626933701
19019,"Iowa","Buchanan","grain sorghum",0.00786725645024928
19019,"Iowa","Buchanan","oats",4.33123511354918
19019,"Iowa","Buchanan","soybeans",341.553596266724
19019,"Iowa","Buchanan","wheat",0.256659673404511
19021,"Iowa","Buena Vista","corn",1825.2952925049
19021,"Iowa","Buena Vista","grain sorghum",0.0212580530668119
19021,"Iowa","Buena Vista","oats",4.6654489643283
19021,"Iowa","Buena Vista","soybeans",1582.92741845711
19021,"Iowa","Buena Vista","wheat",0.598582020565493
19023,"Iowa","Butler","barley",1.71668308723489
19023,"Iowa","Butler","corn",3406.68170046541
19023,"Iowa","Butler","grain sorghum",0.139531342037757
19023,"Iowa","Butler","oats",18.5650713249526
19023,"Iowa","Butler","soybeans",2068.46571300571
19023,"Iowa","Butler","sunflower",0.283467441308884
19025,"Iowa","Calhoun","corn",2600.78507818177
19025,"Iowa","Calhoun","oats",3.07465536847055
19025,"Iowa","Calhoun","soybeans",1989.71526644972
19027,"Iowa","Carroll","barley",1.19743046930298
19027,"Iowa","Carroll","corn",2984.14787097106
19027,"Iowa","Carroll","oats",4.63376988503723
19027,"Iowa","Carroll","soybeans",1911.48380593197
19027,"Iowa","Carroll","wheat",0.667622742656982
19029,"Iowa","Cass","barley",4.19447019992449
19029,"Iowa","Cass","canola",6.25119532612489
19029,"Iowa","Cass","corn",6605.46608564009
19029,"Iowa","Cass","oats",41.2393558394282
19029,"Iowa","Cass","soybeans",6040.21128077844
19029,"Iowa","Cass","wheat",3.47494554929117
19031,"Iowa","Cedar","barley",0.195618824041129
19031,"Iowa","Cedar","corn",932.802574606979
19031,"Iowa","Cedar","dry peas",0.11799230656449
19031,"Iowa","Cedar","oats",5.51302285094806
19031,"Iowa","Cedar","soybeans",714.601836444855
19031,"Iowa","Cedar","wheat",1.49678829986314
19033,"Iowa","Cerro Gordo","barley",0.0318625990517773
19033,"Iowa","Cerro Gordo","corn",505.237291652603
19033,"Iowa","Cerro Gordo","oats",1.70675511879074
19033,"Iowa","Cerro Gordo","soybeans",312.656423962926
19035,"Iowa","Cherokee","barley",0.86798323641338
19035,"Iowa","Cherokee","corn",3260.92397640678
19035,"Iowa","Cherokee","grain sorghum",0.994302269681235
19035,"Iowa","Cherokee","oats",8.01659010523807
19035,"Iowa","Cherokee","soybeans",2901.13514798186
19037,"Iowa","Chickasaw","barley",0.328694499813248
19037,"Iowa","Chickasaw","corn",3445.19753193742
19037,"Iowa","Chickasaw","oats",24.6185072822197
19037,"Iowa","Chickasaw","soybeans",1935.27020817879
19037,"Iowa","Chickasaw","wheat",1.22645810174911
19039,"Iowa","Clarke","corn",0
19039,"Iowa","Clarke","grain sorghum",0
19039,"Iowa","Clarke","oats",0
19039,"Iowa","Clarke","soybeans",0
19039,"Iowa","Clarke","wheat",0
19041,"Iowa","Clay","barley",0.397192513493393
19041,"Iowa","Clay","corn",1243.59050751592
19041,"Iowa","Clay","grain sorghum",0.431931750399995
19041,"Iowa","Clay","oats",3.36243364293017
19041,"Iowa","Clay","soybeans",1000.44445997749
19041,"Iowa","Clay","sunflower",0.0899721243624211
19041,"Iowa","Clay","wheat",0.357102475383817
19043,"Iowa","Clayton","barley",0.471016633000898
19043,"Iowa","Clayton","corn",5597.86828212055
19043,"Iowa","Clayton","dry peas",3.92643782672168
19043,"Iowa","Clayton","grain sorghum",0.526683143627145
19043,"Iowa","Clayton","oats",183.471062487283
19043,"Iowa","Clayton","soybeans",2429.43363522606
19043,"Iowa","Clayton","sunflower",0.0929440841694961
19043,"Iowa","Clayton","wheat",10.9953051452265
19045,"Iowa","Clinton","barley",0
19045,"Iowa","Clinton","corn",0
19045,"Iowa","Clinton","oats",0
19045,"Iowa","Clinton","soybeans",0
19045,"Iowa","Clinton","wheat",0
19047,"Iowa","Crawford","barley",2.46188459084539
19047,"Iowa","Crawford","canola",2.36268871838436
19047,"Iowa","Crawford","corn",10612.8796786288
19047,"Iowa","Crawford","oats",28.6756611770559
19047,"Iowa","Crawford","soybeans",7497.35321395861
19047,"Iowa","Crawford","wheat",27.6738729263029
19049,"Iowa","Dallas","barley",0
19049,"Iowa","Dallas","canola",0
19049,"Iowa","Dallas","corn",0
19049,"Iowa","Dallas","dry peas",0
19049,"Iowa","Dallas","grain sorghum",0
19049,"Iowa","Dallas","oats",0
19049,"Iowa","Dallas","soybeans",0
19049,"Iowa","Dallas","sunflower",0
19049,"Iowa","Dallas","wheat",0
19051,"Iowa","Davis","corn",1011.66688591585
19051,"Iowa","Davis","grain sorghum",1.70253931388305
19051,"Iowa","Davis","oats",23.6736563079406
19051,"Iowa","Davis","soybeans",1172.11912168072
19051,"Iowa","Davis","sunflower",0.0122677014888429
19051,"Iowa","Davis","wheat",35.5805290800891
19053,"Iowa","Decatur","corn",0
19053,"Iowa","Decatur","oats",0
19053,"Iowa","Decatur","soybeans",0
19053,"Iowa","Decatur","wheat",0
19055,"Iowa","Delaware","barley",0.250585973057098
19055,"Iowa","Delaware","corn",4693.0208288382
19055,"Iowa","Delaware","grain sorghum",0.141239366632182
19055,"Iowa","Delaware","oats",77.9629306056998
19055,"Iowa","Delaware","soybeans",1581.73470581778
19055,"Iowa","Delaware","wheat",2.33530939860545
19057,"Iowa","Des Moines","corn",0
19057,"Iowa","Des Moines","grain sorghum",0
19057,"Iowa","Des Moines","oats",0
19057,"Iowa","Des Moines","soybeans",0
19057,"Iowa","Des Moines","wheat",0
19059,"Iowa","Dickinson","corn",55.1611566540995
19059,"Iowa","Dickinson","oats",0.416886149830165
19059,"Iowa","Dickinson","soybeans",46.2889449601676
19059,"Iowa","Dickinson","sunflower",0.0290122359106898
19061,"Iowa","Dubuque","barley",18.3735268662924
19061,"Iowa","Dubuque","corn",12831.4013271453
19061,"Iowa","Dubuque","grain sorghum",6.32407623283306
19061,"Iowa","Dubuque","oats",428.888838403505
19061,"Iowa","Dubuque","soybeans",3442.45377146322
19061,"Iowa","Dubuque","sunflower",0.87200143365864
19061,"Iowa","Dubuque","wheat",32.3591251218773
19155,"Iowa","East Pottawattamie","corn",120275.004239592
19155,"Iowa","East Pottawattamie","grain sorghum",66.722798729607
19155,"Iowa","East Pottawattamie","oats",294.167563126399
19155,"Iowa","East Pottawattamie","soybeans",107747.781827975
19155,"Iowa","East Pottawattamie","wheat",29.0948372437079
19063,"Iowa","Emmet","barley",0.0130233008029283
19063,"Iowa","Emmet","corn",258.330594108111
19063,"Iowa","Emmet","dry peas",0.951026541133841
19063,"Iowa","Emmet","oats",0.683775385356949
19063,"Iowa","Emmet","soybeans",195.979605383372
19063,"Iowa","Emmet","sunflower",0.0253086145603574
19065,"Iowa","Fayette","barley",3.45448736616317
19065,"Iowa","Fayette","corn",3069.34382559391
19065,"Iowa","Fayette","grain sorghum",0.483013021834106
19065,"Iowa","Fayette","oats",45.9747734571687
19065,"Iowa","Fayette","soybeans",1759.2054773629
19065,"Iowa","Fayette","sunflower",0.0601765726340702
19065,"Iowa","Fayette","wheat",1.33124662545265
19067,"Iowa","Floyd","corn",578.229994861445
19067,"Iowa","Floyd","grain sorghum",0.315356023409588
19067,"Iowa","Floyd","oats",2.58146876268071
19067,"Iowa","Floyd","soybeans",378.911448573751
19067,"Iowa","Floyd","wheat",0.0640651120273892
19069,"Iowa","Franklin","barley",0.332729308422651
19069,"Iowa","Franklin","corn",3164.95711191693
19069,"Iowa","Franklin","dry peas",0.650949597516729
19069,"Iowa","Franklin","oats",14.9527018791862
19069,"Iowa","Franklin","soybeans",1777.39516695884
19069,"Iowa","Franklin","sunflower",0.161294648580779
19069,"Iowa","Franklin","wheat",0.124712357150087
19071,"Iowa","Fremont","corn",1550.94556726212
19071,"Iowa","Fremont","grain sorghum",1.05066641014245
19071,"Iowa","Fremont","oats",1.30074681308526
19071,"Iowa","Fremont","soybeans",1378.88569668093
19071,"Iowa","Fremont","sunflower",0.446142102884648
19071,"Iowa","Fremont","wheat",0.382754064153283
19073,"Iowa","Greene","barley",0.57360238076879
19073,"Iowa","Greene","corn",360.461728455634
19073,"Iowa","Greene","dry peas",0.110299985584453
19073,"Iowa","Greene","oats",1.06971880938585
19073,"Iowa","Greene","soybeans",270.960460926585
19073,"Iowa","Greene","sunflower",0.0608390605629414
19073,"Iowa","Greene","wheat",0.468350381437605
19075,"Iowa","Grundy","corn",2085.2704172581
19075,"Iowa","Grundy","oats",3.13830987248533
19075,"Iowa","Grundy","soybeans",1585.7491617394
19075,"Iowa","Grundy","wheat",0.484111130061309
19077,"Iowa","Guthrie","barley",0
19077,"Iowa","Guthrie","corn",0
19077,"Iowa","Guthrie","dry peas",0
19077,"Iowa","Guthrie","grain sorghum",0
19077,"Iowa","Guthrie","oats",0
19077,"Iowa","Guthrie","soybeans",0
19077,"Iowa","Guthrie","wheat",0
19079,"Iowa","Hamilton","corn",1641.12754034732
19079,"Iowa","Hamilton","oats",4.75987852659617
19079,"Iowa","Hamilton","soybeans",1059.18371754962
19079,"Iowa","Hamilton","sunflower",0.110365124775947
19079,"Iowa","Hamilton","wheat",0.0188317850314988
19081,"Iowa","Hancock","barley",0.0354211547976428
19081,"Iowa","Hancock","corn",196.300254336369
19081,"Iowa","Hancock","dry peas",0.036135831313106
19081,"Iowa","Hancock","grain sorghum",0.00195419359696958
19081,"Iowa","Hancock","oats",0.98266904194129
19081,"Iowa","Hancock","soybeans",131.394825089231
19081,"Iowa","Hancock","sunflower",0.00140701938981809
19081,"Iowa","Hancock","wheat",0
19083,"Iowa","Hardin","corn",1781.26868179945
19083,"Iowa","Hardin","oats",3.46119379879937
19083,"Iowa","Hardin","soybeans",948.923773785658
19083,"Iowa","Hardin","sunflower",0.0248506160166525
19085,"Iowa","Harrison","barley",0.335704652317919
19085,"Iowa","Harrison","corn",6961.77191038271
19085,"Iowa","Harrison","grain sorghum",0.956658938203017
19085,"Iowa","Harrison","oats",18.6648608419865
19085,"Iowa","Harrison","soybeans",4970.45380887664
19085,"Iowa","Harrison","sunflower",0.255585790522124
19085,"Iowa","Harrison","wheat",4.46507051763443
19087,"Iowa","Henry","barley",0
19087,"Iowa","Henry","corn",0
19087,"Iowa","Henry","grain sorghum",0
19087,"Iowa","Henry","oats",0
19087,"Iowa","Henry","soybeans",0
19087,"Iowa","Henry","wheat",0
19089,"Iowa","Howard","barley",0.513169347342289
19089,"Iowa","Howard","corn",3340.07731276172
19089,"Iowa","Howard","oats",29.9053254232742
19089,"Iowa","Howard","soybeans",2094.36599392829
19089,"Iowa","Howard","sunflower",0.311835130381976
19089,"Iowa","Howard","wheat",0.956363408995543
19091,"Iowa","Humboldt","canola",0.388877528925472
19091,"Iowa","Humboldt","corn",756.068182600088
19091,"Iowa","Humboldt","oats",4.37255063080279
19091,"Iowa","Humboldt","soybeans",592.046389240202
19093,"Iowa","Ida","barley",3.91039574583308
19093,"Iowa","Ida","corn",5376.62927128854
19093,"Iowa","Ida","oats",27.6758030505357
19093,"Iowa","Ida","soybeans",4079.42795347745
19093,"Iowa","Ida","wheat",2.69390977096826
19095,"Iowa","Iowa","barley",2.07579739821844
19095,"Iowa","Iowa","corn",6107.47695582234
19095,"Iowa","Iowa","grain sorghum",7.11659402481121
19095,"Iowa","Iowa","oats",70.4372406938274
19095,"Iowa","Iowa","soybeans",4756.65025317623
19095,"Iowa","Iowa","sunflower",0.267663975030713
19095,"Iowa","Iowa","wheat",6.47516157620978
19097,"Iowa","Jackson","corn",6033.20097550215
19097,"Iowa","Jackson","grain sorghum",0.277127075455894
19097,"Iowa","Jackson","oats",187.142094271567
19097,"Iowa","Jackson","soybeans",2811.55504851625
19097,"Iowa","Jackson","wheat",9.77525463458005
19099,"Iowa","Jasper","corn",6105.44652573985
19099,"Iowa","Jasper","grain sorghum",1.03791817795906
19099,"Iowa","Jasper","oats",50.1449767220179
19099,"Iowa","Jasper","soybeans",4809.66519263887
19099,"Iowa","Jasper","wheat",0.18885338801255
19101,"Iowa","Jefferson","barley",0.953801200692249
19101,"Iowa","Jefferson","corn",2098.8448423573
19101,"Iowa","Jefferson","dry peas",1.11696408605947
19101,"Iowa","Jefferson","oats",27.7037810607989
19101,"Iowa","Jefferson","soybeans",2024.93079045738
19101,"Iowa","Jefferson","sunflower",0.0602299318446734
19101,"Iowa","Jefferson","wheat",8.41659090590651
19103,"Iowa","Johnson","barley",0.250948960299572
19103,"Iowa","Johnson","corn",1814.51538508018
19103,"Iowa","Johnson","grain sorghum",0.328239621419251
19103,"Iowa","Johnson","mustard",0.00260140594643648
19103,"Iowa","Johnson","oats",17.4666372888647
19103,"Iowa","Johnson","soybeans",1586.07101419617
19103,"Iowa","Johnson","sunflower",0.0960785929550539
19103,"Iowa","Johnson","wheat",6.94509485414563
19105,"Iowa","Jones","barley",0.95075601953466
19105,"Iowa","Jones","corn",3060.85245636835
19105,"Iowa","Jones","grain sorghum",0.759407641206488
19105,"Iowa","Jones","oats",39.2475277329031
19105,"Iowa","Jones","soybeans",1505.6340328828
19105,"Iowa","Jones","wheat",12.9398193552273
19107,"Iowa","Keokuk","corn",10445.0679142992
19107,"Iowa","Keokuk","dry peas",3.29093872827428
19107,"Iowa","Keokuk","grain sorghum",2.16490401746476
19107,"Iowa","Keokuk","oats",84.3533414831264
19107,"Iowa","Keokuk","soybeans",8991.25090316185
19107,"Iowa","Keokuk","wheat",27.967998310094
19109,"Iowa","Kossuth","barley",0.814929924385981
19109,"Iowa","Kossuth","corn",2030.599071408
19109,"Iowa","Kossuth","dry peas",0.0147162598948581
19109,"Iowa","Kossuth","grain sorghum",0.0681308328465654
19109,"Iowa","Kossuth","oats",24.2707643792616
19109,"Iowa","Kossuth","soybeans",1473.0928871955
19111,"Iowa","Lee","corn",3293.38677289589
19111,"Iowa","Lee","grain sorghum",0.362315100003227
19111,"Iowa","Lee","oats",22.4491870873287
19111,"Iowa","Lee","soybeans",3096.03050937374
19111,"Iowa","Lee","wheat",45.61421554303
19113,"Iowa","Linn","barley",0.00815082499147089
19113,"Iowa","Linn","corn",1069.91020024738
19113,"Iowa","Linn","oats",8.65130020099183
19113,"Iowa","Linn","soybeans",731.03867312798
19113,"Iowa","Linn","sunflower",0.00685906478076903
19113,"Iowa","Linn","wheat",0.909049867263046
19115,"Iowa","Louisa","corn",745.718010558551
19115,"Iowa","Louisa","grain sorghum",0.0493452734866812
19115,"Iowa","Louisa","oats",3.02547714612479
19115,"Iowa","Louisa","soybeans",661.07854994863
19115,"Iowa","Louisa","sunflower",0.0860910538097631
19115,"Iowa","Louisa","wheat",1.12252601938442
19117,"Iowa","Lucas","barley",3.72422756423808
19117,"Iowa","Lucas","corn",1395.47858059449
19117,"Iowa","Lucas","grain sorghum",0.127164610661441
19117,"Iowa","Lucas","oats",58.1001541886988
19117,"Iowa","Lucas","soybeans",1602.42787873665
19117,"Iowa","Lucas","wheat",17.8489943052541
19119,"Iowa","Lyon","barley",0.362418006780424
19119,"Iowa","Lyon","corn",4413.2795075803
19119,"Iowa","Lyon","oats",13.5782823929678
19119,"Iowa","Lyon","soybeans",2800.39159432183
19119,"Iowa","Lyon","wheat",0.0121976981280433
19121,"Iowa","Madison","corn",0
19121,"Iowa","Madison","dry peas",0
19121,"Iowa","Madison","oats",0
19121,"Iowa","Madison","soybeans",0
19121,"Iowa","Madison","sunflower",0
19121,"Iowa","Madison","wheat",0
19123,"Iowa","Mahaska","barley",0.548077039007367
19123,"Iowa","Mahaska","corn",8645.86680148666
19123,"Iowa","Mahaska","cotton",0.119725566773454
19123,"Iowa","Mahaska","grain sorghum",1.11145234488023
19123,"Iowa","Mahaska","oats",46.9392066239777
19123,"Iowa","Mahaska","soybeans",7013.40370996534
19123,"Iowa","Mahaska","sunflower",0.558719311609451
19123,"Iowa","Mahaska","wheat",0.738307661769632
19125,"Iowa","Marion","corn",1422.58864677393
19125,"Iowa","Marion","grain sorghum",0.39601589648839
19125,"Iowa","Marion","oats",29.351454835058
19125,"Iowa","Marion","soybeans",1389.16109982612
19125,"Iowa","Marion","wheat",0.719652668374745
19127,"Iowa","Marshall","corn",3638.93531249722
19127,"Iowa","Marshall","grain sorghum",0.696722010039057
19127,"Iowa","Marshall","oats",12.4171729359249
19127,"Iowa","Marshall","soybeans",2841.895565113
19127,"Iowa","Marshall","wheat",0.19722744377835
19129,"Iowa","Mills","corn",0
19129,"Iowa","Mills","grain sorghum",0
19129,"Iowa","Mills","oats",0
19129,"Iowa","Mills","soybeans",0
19129,"Iowa","Mills","sunflower",0
19129,"Iowa","Mills","wheat",0
19131,"Iowa","Mitchell","barley",0
19131,"Iowa","Mitchell","corn",0
19131,"Iowa","Mitchell","dry peas",0
19131,"Iowa","Mitchell","oats",0
19131,"Iowa","Mitchell","soybeans",0
19131,"Iowa","Mitchell","sunflower",0
19131,"Iowa","Mitchell","wheat",0
19133,"Iowa","Monona","corn",8994.76293059343
19133,"Iowa","Monona","dry peas",4.71803765236796
19133,"Iowa","Monona","oats",13.8097617737992
19133,"Iowa","Monona","soybeans",7279.25757440352
19133,"Iowa","Monona","sunflower",0.679853713911433
19133,"Iowa","Monona","wheat",2.60534186303397
19135,"Iowa","Monroe","corn",0
19135,"Iowa","Monroe","grain sorghum",0
19135,"Iowa","Monroe","oats",0
19135,"Iowa","Monroe","soybeans",0
19135,"Iowa","Monroe","wheat",0
19137,"Iowa","Montgomery","corn",2648.16246776037
19137,"Iowa","Montgomery","grain sorghum",0.651803960218818
19137,"Iowa","Montgomery","oats",14.4031859977203
19137,"Iowa","Montgomery","soybeans",2508.20713282234
19137,"Iowa","Montgomery","wheat",1.17307612604314
19139,"Iowa","Muscatine","corn",2066.69177266635
19139,"Iowa","Muscatine","grain sorghum",0.162419687229675
19139,"Iowa","Muscatine","oats",17.5448769022982
19139,"Iowa","Muscatine","soybeans",1752.6298681117
19139,"Iowa","Muscatine","sunflower",0.011995545585648
19139,"Iowa","Muscatine","wheat",1.24840042018956
19141,"Iowa","O&#39;Brien","barley",1.09267342316139
19141,"Iowa","O&#39;Brien","canola",3.42574587201967
19141,"Iowa","O&#39;Brien","corn",2622.00644367725
19141,"Iowa","O&#39;Brien","oats",9.81694758020492
19141,"Iowa","O&#39;Brien","soybeans",2096.49891804516
19141,"Iowa","O&#39;Brien","sunflower",0.234066799400439
19141,"Iowa","O&#39;Brien","wheat",0.222037936067012
19143,"Iowa","Osceola","corn",2775.88267139509
19143,"Iowa","Osceola","oats",22.7203099341434
19143,"Iowa","Osceola","soybeans",2215.07306476219
19143,"Iowa","Osceola","wheat",1.23578724189899
19145,"Iowa","Page","corn",9394.89490579647
19145,"Iowa","Page","grain sorghum",10.0385837864121
19145,"Iowa","Page","oats",51.9769746246548
19145,"Iowa","Page","soybeans",9080.13265512183
19145,"Iowa","Page","wheat",11.2326806706408
19147,"Iowa","Palo Alto","barley",1.06817165140719
19147,"Iowa","Palo Alto","canola",0.963118334324997
19147,"Iowa","Palo Alto","corn",1315.2996310852
19147,"Iowa","Palo Alto","dry peas",0.954810650893878
19147,"Iowa","Palo Alto","oats",44.5403310379287
19147,"Iowa","Palo Alto","soybeans",908.473421131711
19147,"Iowa","Palo Alto","sunflower",0.0245547293530636
19147,"Iowa","Palo Alto","wheat",1.744961379201
19149,"Iowa","Plymouth","barley",0.0898996591629542
19149,"Iowa","Plymouth","corn",6428.85081718468
19149,"Iowa","Plymouth","grain sorghum",0.220612660522587
19149,"Iowa","Plymouth","oats",31.0003807503037
19149,"Iowa","Plymouth","soybeans",5285.11569539679
19149,"Iowa","Plymouth","sunflower",0.173364782394
19149,"Iowa","Plymouth","wheat",1.8188962328436
19151,"Iowa","Pocahontas","barley",0.220436645159329
19151,"Iowa","Pocahontas","canola",0.0677424693819485
19151,"Iowa","Pocahontas","corn",251.245548687533
19151,"Iowa","Pocahontas","oats",1.10999722747323
19151,"Iowa","Pocahontas","soybeans",202.327144714202
19151,"Iowa","Pocahontas","sunflower",0.00913025628999901
19153,"Iowa","Polk","corn",0
19153,"Iowa","Polk","cotton",0
19153,"Iowa","Polk","dry peas",0
19153,"Iowa","Polk","oats",0
19153,"Iowa","Polk","soybeans",0
19153,"Iowa","Polk","sunflower",0
19153,"Iowa","Polk","wheat",0
19157,"Iowa","Poweshiek","barley",2.55452665792451
19157,"Iowa","Poweshiek","corn",11300.2160025438
19157,"Iowa","Poweshiek","oats",135.505664859186
19157,"Iowa","Poweshiek","soybeans",9362.24935593906
19159,"Iowa","Ringgold","corn",2170.66193553327
19159,"Iowa","Ringgold","grain sorghum",3.07361723663309
19159,"Iowa","Ringgold","oats",64.1913215506214
19159,"Iowa","Ringgold","soybeans",2333.97632465161
19159,"Iowa","Ringgold","sunflower",0.239135500329607
19159,"Iowa","Ringgold","wheat",8.4459321941994
19161,"Iowa","Sac","barley",1.31692597829928
19161,"Iowa","Sac","canola",1.34162360406165
19161,"Iowa","Sac","corn",1588.38892320036
19161,"Iowa","Sac","grain sorghum",0.0782940198136705
19161,"Iowa","Sac","oats",5.84753992485035
19161,"Iowa","Sac","soybeans",1289.82293501217
19161,"Iowa","Sac","sunflower",0.238750244284839
19161,"Iowa","Sac","wheat",0.538608016229128
19163,"Iowa","Scott","barley",0
19163,"Iowa","Scott","corn",0
19163,"Iowa","Scott","grain sorghum",0
19163,"Iowa","Scott","oats",0
19163,"Iowa","Scott","soybeans",0
19163,"Iowa","Scott","sunflower",0
19163,"Iowa","Scott","wheat",0
19165,"Iowa","Shelby","barley",3.35829310056865
19165,"Iowa","Shelby","corn",5936.086744446
19165,"Iowa","Shelby","grain sorghum",0.104804736312347
19165,"Iowa","Shelby","oats",16.8034132427828
19165,"Iowa","Shelby","soybeans",4835.16727833821
19165,"Iowa","Shelby","sunflower",0.246291130334016
19165,"Iowa","Shelby","wheat",3.83317500577059
19167,"Iowa","Sioux","barley",0.718756477189272
19167,"Iowa","Sioux","corn",4040.23813662332
19167,"Iowa","Sioux","dry peas",0.0643398435438534
19167,"Iowa","Sioux","grain sorghum",1.8561723163184
19167,"Iowa","Sioux","oats",11.9968715670304
19167,"Iowa","Sioux","soybeans",2467.10673256017
19167,"Iowa","Sioux","wheat",1.67132394581691
19169,"Iowa","Story","barley",0
19169,"Iowa","Story","canola",0
19169,"Iowa","Story","corn",0
19169,"Iowa","Story","dry peas",0
19169,"Iowa","Story","grain sorghum",0
19169,"Iowa","Story","oats",0
19169,"Iowa","Story","soybeans",0
19169,"Iowa","Story","sunflower",0
19169,"Iowa","Story","wheat",0
19171,"Iowa","Tama","barley",0.283390907030446
19171,"Iowa","Tama","corn",5528.94951472535
19171,"Iowa","Tama","grain sorghum",2.07888901376194
19171,"Iowa","Tama","oats",52.1841417303151
19171,"Iowa","Tama","soybeans",4600.36784407169
19171,"Iowa","Tama","wheat",2.55735288514946
19173,"Iowa","Taylor","barley",0.665369044464617
19173,"Iowa","Taylor","corn",9495.60667498038
19173,"Iowa","Taylor","grain sorghum",4.65254808605096
19173,"Iowa","Taylor","oats",145.56668216274
19173,"Iowa","Taylor","soybeans",9683.45738008937
19173,"Iowa","Taylor","sunflower",1.27878735272479
19173,"Iowa","Taylor","wheat",16.0027249509456
19175,"Iowa","Union","corn",2406.76302759637
19175,"Iowa","Union","oats",46.7659232951951
19175,"Iowa","Union","soybeans",2352.12915296212
19175,"Iowa","Union","sunflower",0.497157836000432
19175,"Iowa","Union","wheat",3.95840497698275
19177,"Iowa","Van Buren","corn",2411.96604468088
19177,"Iowa","Van Buren","grain sorghum",1.06863267854273
19177,"Iowa","Van Buren","oats",34.1595394783163
19177,"Iowa","Van Buren","soybeans",2361.56781779278
19177,"Iowa","Van Buren","wheat",37.5339653694745
19179,"Iowa","Wapello","corn",2109.35900330192
19179,"Iowa","Wapello","grain sorghum",1.16760065072627
19179,"Iowa","Wapello","oats",36.5295576477236
19179,"Iowa","Wapello","soybeans",2076.83580997233
19179,"Iowa","Wapello","sunflower",0.130686423544954
19179,"Iowa","Wapello","wheat",13.6638420037472
19181,"Iowa","Warren","corn",0
19181,"Iowa","Warren","dry peas",0
19181,"Iowa","Warren","flaxseed",0
19181,"Iowa","Warren","grain sorghum",0
19181,"Iowa","Warren","oats",0
19181,"Iowa","Warren","soybeans",0
19181,"Iowa","Warren","sunflower",0
19181,"Iowa","Warren","wheat",0
19183,"Iowa","Washington","barley",0.250085139253191
19183,"Iowa","Washington","corn",1068.75173069868
19183,"Iowa","Washington","dry peas",0.683722595110054
19183,"Iowa","Washington","flaxseed",0.592112016231101
19183,"Iowa","Washington","grain sorghum",0.410540631632107
19183,"Iowa","Washington","mustard",0.153537283037351
19183,"Iowa","Washington","oats",7.9816266270918
19183,"Iowa","Washington","soybeans",868.167770151543
19183,"Iowa","Washington","wheat",1.63520819076733
19185,"Iowa","Wayne","barley",0.172761680535338
19185,"Iowa","Wayne","corn",2871.212231372
19185,"Iowa","Wayne","dry peas",3.37230800404979
19185,"Iowa","Wayne","grain sorghum",3.10850091787233
19185,"Iowa","Wayne","oats",18.5971902437472
19185,"Iowa","Wayne","soybeans",3298.84308616147
19185,"Iowa","Wayne","wheat",22.8932549536195
19187,"Iowa","Webster","corn",334.797130910086
19187,"Iowa","Webster","oats",0.679899450786719
19187,"Iowa","Webster","soybeans",256.904494457954
19187,"Iowa","Webster","sunflower",0.0514030614068142
19187,"Iowa","Webster","wheat",0.0220721197829736
19156,"Iowa","West Pottawattamie","corn",114939.036982187
19156,"Iowa","West Pottawattamie","oats",469.322210346186
19156,"Iowa","West Pottawattamie","soybeans",84198.4121742006
19156,"Iowa","West Pottawattamie","sunflower",3.43519837624179
19156,"Iowa","West Pottawattamie","wheat",299.837734890021
19189,"Iowa","Winnebago","corn",580.441525081986
19189,"Iowa","Winnebago","dry peas",0.658978095596804
19189,"Iowa","Winnebago","oats",1.45486157289595
19189,"Iowa","Winnebago","soybeans",402.904208643904
19189,"Iowa","Winnebago","sunflower",0.000906388041327722
19189,"Iowa","Winnebago","wheat",0.0643535509342683
19191,"Iowa","Winneshiek","barley",15.8520192667166
19191,"Iowa","Winneshiek","corn",10774.5605610722
19191,"Iowa","Winneshiek","grain sorghum",1.03324125882872
19191,"Iowa","Winneshiek","oats",351.575478355484
19191,"Iowa","Winneshiek","soybeans",4445.28650954271
19191,"Iowa","Winneshiek","sunflower",1.1559552592346
19191,"Iowa","Winneshiek","wheat",15.7890685781967
19193,"Iowa","Woodbury","corn",9877.3214555257
19193,"Iowa","Woodbury","oats",18.6269710495255
19193,"Iowa","Woodbury","soybeans",7866.64073930795
19193,"Iowa","Woodbury","sunflower",0.731658027146125
19193,"Iowa","Woodbury","wheat",6.84217608967693
19195,"Iowa","Worth","barley",0
19195,"Iowa","Worth","corn",0
19195,"Iowa","Worth","oats",0
19195,"Iowa","Worth","soybeans",0
19197,"Iowa","Wright","barley",0.0871493960394934
19197,"Iowa","Wright","corn",1049.24568642093
19197,"Iowa","Wright","oats",1.77439721153253
19197,"Iowa","Wright","soybeans",783.598464404254
19197,"Iowa","Wright","wheat",0.46830256724765
20001,"Kansas","Allen","barley",0
20001,"Kansas","Allen","corn",0
20001,"Kansas","Allen","grain sorghum",0
20001,"Kansas","Allen","oats",0
20001,"Kansas","Allen","soybeans",0
20001,"Kansas","Allen","wheat",0
20003,"Kansas","Anderson","barley",0
20003,"Kansas","Anderson","corn",0
20003,"Kansas","Anderson","grain sorghum",0
20003,"Kansas","Anderson","oats",0
20003,"Kansas","Anderson","soybeans",0
20003,"Kansas","Anderson","sunflower",0
20003,"Kansas","Anderson","wheat",0
20005,"Kansas","Atchison","corn",5856.0605584972
20005,"Kansas","Atchison","grain sorghum",8.92698545540599
20005,"Kansas","Atchison","oats",19.8693042051208
20005,"Kansas","Atchison","soybeans",6247.83132232662
20005,"Kansas","Atchison","wheat",159.018829515657
20007,"Kansas","Barber","barley",11.7022308449912
20007,"Kansas","Barber","canola",220.755015947349
20007,"Kansas","Barber","corn",425.327686569455
20007,"Kansas","Barber","cotton",604.234121797441
20007,"Kansas","Barber","grain sorghum",934.394058365965
20007,"Kansas","Barber","oats",131.020916155981
20007,"Kansas","Barber","sesame",273.5458308188
20007,"Kansas","Barber","soybeans",1497.51628872319
20007,"Kansas","Barber","sunflower",10.6860116957507
20007,"Kansas","Barber","wheat",17480.1028390811
20009,"Kansas","Barton","barley",0
20009,"Kansas","Barton","corn",0
20009,"Kansas","Barton","cotton",0
20009,"Kansas","Barton","grain sorghum",0
20009,"Kansas","Barton","oats",0
20009,"Kansas","Barton","soybeans",0
20009,"Kansas","Barton","sunflower",0
20009,"Kansas","Barton","wheat",0
20011,"Kansas","Bourbon","barley",0
20011,"Kansas","Bourbon","corn",0
20011,"Kansas","Bourbon","grain sorghum",0
20011,"Kansas","Bourbon","oats",0
20011,"Kansas","Bourbon","soybeans",0
20011,"Kansas","Bourbon","sunflower",0
20011,"Kansas","Bourbon","wheat",0
20013,"Kansas","Brown","barley",8.58278449561197
20013,"Kansas","Brown","corn",9021.33377746705
20013,"Kansas","Brown","grain sorghum",7.14015023429674
20013,"Kansas","Brown","oats",11.7127297804341
20013,"Kansas","Brown","rice_long grain",0.208952606830344
20013,"Kansas","Brown","soybeans",8852.99763298997
20013,"Kansas","Brown","sunflower",3.82480631929235
20013,"Kansas","Brown","wheat",142.244599439868
20015,"Kansas","Butler","barley",8.63430700236107
20015,"Kansas","Butler","canola",35.2339391339404
20015,"Kansas","Butler","corn",6955.22603244814
20015,"Kansas","Butler","cotton",603.818143762617
20015,"Kansas","Butler","grain sorghum",340.254253024955
20015,"Kansas","Butler","oats",24.1796395451954
20015,"Kansas","Butler","soybeans",8598.6278657365
20015,"Kansas","Butler","sunflower",27.7280012353829
20015,"Kansas","Butler","wheat",3519.59165144426
20017,"Kansas","Chase","corn",0
20017,"Kansas","Chase","grain sorghum",0
20017,"Kansas","Chase","oats",0
20017,"Kansas","Chase","soybeans",0
20017,"Kansas","Chase","sunflower",0
20017,"Kansas","Chase","wheat",0
20019,"Kansas","Chautauqua","corn",0
20019,"Kansas","Chautauqua","grain sorghum",0
20019,"Kansas","Chautauqua","oats",0
20019,"Kansas","Chautauqua","soybeans",0
20019,"Kansas","Chautauqua","sunflower",0
20019,"Kansas","Chautauqua","wheat",0
20021,"Kansas","Cherokee","barley",0.872732108451208
20021,"Kansas","Cherokee","canola",16.6627326427904
20021,"Kansas","Cherokee","corn",4318.00572486025
20021,"Kansas","Cherokee","grain sorghum",125.428147949625
20021,"Kansas","Cherokee","oats",4.8454086661211
20021,"Kansas","Cherokee","soybeans",7581.3599421253
20021,"Kansas","Cherokee","sunflower",8.98155174219134
20021,"Kansas","Cherokee","wheat",4422.34395990528
20023,"Kansas","Cheyenne","barley",0
20023,"Kansas","Cheyenne","corn",0
20023,"Kansas","Cheyenne","dry peas",0
20023,"Kansas","Cheyenne","grain sorghum",0
20023,"Kansas","Cheyenne","oats",0
20023,"Kansas","Cheyenne","soybeans",0
20023,"Kansas","Cheyenne","sunflower",0
20023,"Kansas","Cheyenne","wheat",0
20025,"Kansas","Clark","barley",23.2679253282679
20025,"Kansas","Clark","canola",17.731320501633
20025,"Kansas","Clark","corn",430.701754078891
20025,"Kansas","Clark","cotton",106.158657035712
20025,"Kansas","Clark","grain sorghum",3364.93687897511
20025,"Kansas","Clark","oats",82.5683763007243
20025,"Kansas","Clark","sesame",4.69879993293275
20025,"Kansas","Clark","soybeans",82.651536193877
20025,"Kansas","Clark","sunflower",39.4060866828292
20025,"Kansas","Clark","wheat",13823.3324983034
20027,"Kansas","Clay","barley",0.0792227123215476
20027,"Kansas","Clay","corn",3655.45106702005
20027,"Kansas","Clay","grain sorghum",1189.99965793342
20027,"Kansas","Clay","oats",51.4874596652138
20027,"Kansas","Clay","soybeans",7107.41277952427
20027,"Kansas","Clay","sunflower",4.80324829095783
20027,"Kansas","Clay","wheat",3045.86856485372
20029,"Kansas","Cloud","canola",0.336891809002944
20029,"Kansas","Cloud","corn",103.899292364499
20029,"Kansas","Cloud","cotton",0.0121000838772324
20029,"Kansas","Cloud","dry peas",0.264787671409436
20029,"Kansas","Cloud","grain sorghum",50.4809955047257
20029,"Kansas","Cloud","oats",1.47521000937058
20029,"Kansas","Cloud","sesame",0.718213028155727
20029,"Kansas","Cloud","soybeans",181.694278846342
20029,"Kansas","Cloud","sunflower",0.212172910401471
20029,"Kansas","Cloud","wheat",105.28725777219
20031,"Kansas","Coffey","barley",0
20031,"Kansas","Coffey","canola",0
20031,"Kansas","Coffey","corn",0
20031,"Kansas","Coffey","grain sorghum",0
20031,"Kansas","Coffey","oats",0
20031,"Kansas","Coffey","soybeans",0
20031,"Kansas","Coffey","sunflower",0
20031,"Kansas","Coffey","wheat",0
20033,"Kansas","Comanche","grain sorghum",0
20033,"Kansas","Comanche","wheat",0
20035,"Kansas","Cowley","barley",0.0225329488399679
20035,"Kansas","Cowley","corn",122.913292655978
20035,"Kansas","Cowley","cotton",35.1671908584042
20035,"Kansas","Cowley","grain sorghum",49.9418165625095
20035,"Kansas","Cowley","oats",2.82064989037439
20035,"Kansas","Cowley","soybeans",407.154066754178
20035,"Kansas","Cowley","sunflower",0.728697374822739
20035,"Kansas","Cowley","wheat",313.231419621574
20037,"Kansas","Crawford","barley",0
20037,"Kansas","Crawford","corn",0
20037,"Kansas","Crawford","grain sorghum",0
20037,"Kansas","Crawford","oats",0
20037,"Kansas","Crawford","soybeans",0
20037,"Kansas","Crawford","sunflower",0
20037,"Kansas","Crawford","wheat",0
20039,"Kansas","Decatur","barley",0
20039,"Kansas","Decatur","corn",0
20039,"Kansas","Decatur","dry peas",0
20039,"Kansas","Decatur","grain sorghum",0
20039,"Kansas","Decatur","oats",0
20039,"Kansas","Decatur","soybeans",0
20039,"Kansas","Decatur","sunflower",0
20039,"Kansas","Decatur","wheat",0
20041,"Kansas","Dickinson","corn",220.055446923053
20041,"Kansas","Dickinson","grain sorghum",237.702330620997
20041,"Kansas","Dickinson","oats",14.6563675207429
20041,"Kansas","Dickinson","soybeans",964.904689111591
20041,"Kansas","Dickinson","sunflower",1.21898869030583
20041,"Kansas","Dickinson","wheat",888.371223799948
20043,"Kansas","Doniphan","corn",6807.05948348178
20043,"Kansas","Doniphan","oats",4.34737544529208
20043,"Kansas","Doniphan","soybeans",4995.81407000346
20043,"Kansas","Doniphan","wheat",28.1920710694699
20045,"Kansas","Douglas","barley",0
20045,"Kansas","Douglas","corn",0
20045,"Kansas","Douglas","grain sorghum",0
20045,"Kansas","Douglas","oats",0
20045,"Kansas","Douglas","soybeans",0
20045,"Kansas","Douglas","sunflower",0
20045,"Kansas","Douglas","wheat",0
20047,"Kansas","Edwards","barley",0
20047,"Kansas","Edwards","canola",0
20047,"Kansas","Edwards","corn",0
20047,"Kansas","Edwards","cotton",0
20047,"Kansas","Edwards","grain sorghum",0
20047,"Kansas","Edwards","oats",0
20047,"Kansas","Edwards","soybeans",0
20047,"Kansas","Edwards","sunflower",0
20047,"Kansas","Edwards","wheat",0
20049,"Kansas","Elk","corn",0
20049,"Kansas","Elk","grain sorghum",0
20049,"Kansas","Elk","oats",0
20049,"Kansas","Elk","soybeans",0
20049,"Kansas","Elk","wheat",0
20051,"Kansas","Ellis","barley",0
20051,"Kansas","Ellis","corn",0
20051,"Kansas","Ellis","cotton",0
20051,"Kansas","Ellis","grain sorghum",0
20051,"Kansas","Ellis","oats",0
20051,"Kansas","Ellis","soybeans",0
20051,"Kansas","Ellis","sunflower",0
20051,"Kansas","Ellis","wheat",0
20053,"Kansas","Ellsworth","barley",0
20053,"Kansas","Ellsworth","corn",0
20053,"Kansas","Ellsworth","grain sorghum",0
20053,"Kansas","Ellsworth","oats",0
20053,"Kansas","Ellsworth","soybeans",0
20053,"Kansas","Ellsworth","sunflower",0
20053,"Kansas","Ellsworth","wheat",0
20055,"Kansas","Finney","barley",0
20055,"Kansas","Finney","canola",0
20055,"Kansas","Finney","corn",0
20055,"Kansas","Finney","cotton",0
20055,"Kansas","Finney","grain sorghum",0
20055,"Kansas","Finney","oats",0
20055,"Kansas","Finney","soybeans",0
20055,"Kansas","Finney","sunflower",0
20055,"Kansas","Finney","wheat",0
20057,"Kansas","Ford","barley",15.72016115767
20057,"Kansas","Ford","corn",1613.63330451069
20057,"Kansas","Ford","cotton",55.1694380018447
20057,"Kansas","Ford","grain sorghum",4154.61428308783
20057,"Kansas","Ford","oats",40.2494043282672
20057,"Kansas","Ford","soybeans",400.529083135525
20057,"Kansas","Ford","sunflower",5.0514947152945
20057,"Kansas","Ford","wheat",8007.09516439624
20059,"Kansas","Franklin","barley",0
20059,"Kansas","Franklin","corn",0
20059,"Kansas","Franklin","grain sorghum",0
20059,"Kansas","Franklin","oats",0
20059,"Kansas","Franklin","soybeans",0
20059,"Kansas","Franklin","sunflower",0
20059,"Kansas","Franklin","wheat",0
20061,"Kansas","Geary","corn",0
20061,"Kansas","Geary","dry peas",0
20061,"Kansas","Geary","grain sorghum",0
20061,"Kansas","Geary","oats",0
20061,"Kansas","Geary","soybeans",0
20061,"Kansas","Geary","sunflower",0
20061,"Kansas","Geary","wheat",0
20063,"Kansas","Gove","barley",15.0547879479597
20063,"Kansas","Gove","corn",2281.39565126805
20063,"Kansas","Gove","grain sorghum",509.81059811578
20063,"Kansas","Gove","oats",53.1437925489253
20063,"Kansas","Gove","soybeans",30.1379585890293
20063,"Kansas","Gove","sunflower",44.5812371422958
20063,"Kansas","Gove","wheat",1600.83097438798
20065,"Kansas","Graham","barley",0
20065,"Kansas","Graham","corn",0
20065,"Kansas","Graham","dry peas",0
20065,"Kansas","Graham","grain sorghum",0
20065,"Kansas","Graham","oats",0
20065,"Kansas","Graham","soybeans",0
20065,"Kansas","Graham","sunflower",0
20065,"Kansas","Graham","wheat",0
20067,"Kansas","Grant","barley",0
20067,"Kansas","Grant","corn",0
20067,"Kansas","Grant","cotton",0
20067,"Kansas","Grant","grain sorghum",0
20067,"Kansas","Grant","oats",0
20067,"Kansas","Grant","soybeans",0
20067,"Kansas","Grant","sunflower",0
20067,"Kansas","Grant","wheat",0
20069,"Kansas","Gray","barley",0
20069,"Kansas","Gray","canola",0
20069,"Kansas","Gray","corn",0
20069,"Kansas","Gray","cotton",0
20069,"Kansas","Gray","grain sorghum",0
20069,"Kansas","Gray","oats",0
20069,"Kansas","Gray","soybeans",0
20069,"Kansas","Gray","sunflower",0
20069,"Kansas","Gray","wheat",0
20071,"Kansas","Greeley","barley",2.50270665637943
20071,"Kansas","Greeley","corn",3474.31850418312
20071,"Kansas","Greeley","dry peas",5.87173484765944
20071,"Kansas","Greeley","grain sorghum",3730.16240877097
20071,"Kansas","Greeley","oats",19.9314595534575
20071,"Kansas","Greeley","sunflower",59.3696885923746
20071,"Kansas","Greeley","wheat",7886.20299739601
20073,"Kansas","Greenwood","barley",0
20073,"Kansas","Greenwood","corn",0
20073,"Kansas","Greenwood","grain sorghum",0
20073,"Kansas","Greenwood","oats",0
20073,"Kansas","Greenwood","soybeans",0
20073,"Kansas","Greenwood","sunflower",0
20073,"Kansas","Greenwood","wheat",0
20075,"Kansas","Hamilton","barley",47.7335993655238
20075,"Kansas","Hamilton","corn",562.182838067054
20075,"Kansas","Hamilton","grain sorghum",1070.81802529921
20075,"Kansas","Hamilton","oats",14.9837650505588
20075,"Kansas","Hamilton","soybeans",13.8138184472025
20075,"Kansas","Hamilton","sunflower",8.09862743937845
20075,"Kansas","Hamilton","wheat",2294.68815966445
20077,"Kansas","Harper","barley",137.989527000095
20077,"Kansas","Harper","canola",953.126525307318
20077,"Kansas","Harper","corn",630.163519016521
20077,"Kansas","Harper","cotton",2138.25318112747
20077,"Kansas","Harper","grain sorghum",4724.83733538317
20077,"Kansas","Harper","oats",372.312235393577
20077,"Kansas","Harper","sesame",242.233885093731
20077,"Kansas","Harper","soybeans",5472.16672248348
20077,"Kansas","Harper","sunflower",15.4122809953337
20077,"Kansas","Harper","wheat",86119.6857881993
20079,"Kansas","Harvey","barley",41.7385152581633
20079,"Kansas","Harvey","canola",7.61584272721866
20079,"Kansas","Harvey","corn",8309.49380885168
20079,"Kansas","Harvey","cotton",256.797058004596
20079,"Kansas","Harvey","dry peas",6.71292090524023
20079,"Kansas","Harvey","grain sorghum",1190.64137911112
20079,"Kansas","Harvey","oats",72.2168006570017
20079,"Kansas","Harvey","soybeans",12064.5916200848
20079,"Kansas","Harvey","sunflower",33.6012955719333
20079,"Kansas","Harvey","wheat",9009.89359216164
20081,"Kansas","Haskell","barley",0
20081,"Kansas","Haskell","corn",0
20081,"Kansas","Haskell","cotton",0
20081,"Kansas","Haskell","grain sorghum",0
20081,"Kansas","Haskell","oats",0
20081,"Kansas","Haskell","soybeans",0
20081,"Kansas","Haskell","sunflower",0
20081,"Kansas","Haskell","wheat",0
20083,"Kansas","Hodgeman","corn",0
20083,"Kansas","Hodgeman","cotton",0
20083,"Kansas","Hodgeman","grain sorghum",0
20083,"Kansas","Hodgeman","oats",0
20083,"Kansas","Hodgeman","soybeans",0
20083,"Kansas","Hodgeman","sunflower",0
20083,"Kansas","Hodgeman","wheat",0
20085,"Kansas","Jackson","barley",0
20085,"Kansas","Jackson","corn",0
20085,"Kansas","Jackson","grain sorghum",0
20085,"Kansas","Jackson","oats",0
20085,"Kansas","Jackson","soybeans",0
20085,"Kansas","Jackson","sunflower",0
20085,"Kansas","Jackson","wheat",0
20087,"Kansas","Jefferson","corn",2966.22769187467
20087,"Kansas","Jefferson","grain sorghum",21.2403250743822
20087,"Kansas","Jefferson","oats",19.7637948341625
20087,"Kansas","Jefferson","soybeans",3046.52642561944
20087,"Kansas","Jefferson","sunflower",1.28096249657371
20087,"Kansas","Jefferson","wheat",141.267133434095
20089,"Kansas","Jewell","barley",1.41033507368969
20089,"Kansas","Jewell","canola",1.55264248319383
20089,"Kansas","Jewell","corn",1583.86222063795
20089,"Kansas","Jewell","grain sorghum",453.885060258894
20089,"Kansas","Jewell","oats",38.3524673111105
20089,"Kansas","Jewell","soybeans",2098.45570099766
20089,"Kansas","Jewell","sunflower",7.69438209749471
20089,"Kansas","Jewell","wheat",1300.1260244733
20091,"Kansas","Johnson","corn",1107.16073328537
20091,"Kansas","Johnson","grain sorghum",2.12662907100929
20091,"Kansas","Johnson","mustard",0.000906233979123279
20091,"Kansas","Johnson","oats",4.15032506588984
20091,"Kansas","Johnson","soybeans",2698.10795144106
20091,"Kansas","Johnson","sunflower",0.933118920503936
20091,"Kansas","Johnson","wheat",205.72616931553
20093,"Kansas","Kearny","barley",0
20093,"Kansas","Kearny","corn",0
20093,"Kansas","Kearny","grain sorghum",0
20093,"Kansas","Kearny","oats",0
20093,"Kansas","Kearny","soybeans",0
20093,"Kansas","Kearny","sunflower",0
20093,"Kansas","Kearny","wheat",0
20095,"Kansas","Kingman","barley",0
20095,"Kansas","Kingman","canola",0
20095,"Kansas","Kingman","corn",0
20095,"Kansas","Kingman","cotton",0
20095,"Kansas","Kingman","grain sorghum",0
20095,"Kansas","Kingman","oats",0
20095,"Kansas","Kingman","soybeans",0
20095,"Kansas","Kingman","sunflower",0
20095,"Kansas","Kingman","wheat",0
20097,"Kansas","Kiowa","corn",0
20097,"Kansas","Kiowa","cotton",0
20097,"Kansas","Kiowa","grain sorghum",0
20097,"Kansas","Kiowa","oats",0
20097,"Kansas","Kiowa","soybeans",0
20097,"Kansas","Kiowa","sunflower",0
20097,"Kansas","Kiowa","wheat",0
20099,"Kansas","Labette","barley",0
20099,"Kansas","Labette","corn",0
20099,"Kansas","Labette","grain sorghum",0
20099,"Kansas","Labette","oats",0
20099,"Kansas","Labette","soybeans",0
20099,"Kansas","Labette","sunflower",0
20099,"Kansas","Labette","wheat",0
20101,"Kansas","Lane","barley",0
20101,"Kansas","Lane","corn",0
20101,"Kansas","Lane","grain sorghum",0
20101,"Kansas","Lane","oats",0
20101,"Kansas","Lane","soybeans",0
20101,"Kansas","Lane","sunflower",0
20101,"Kansas","Lane","wheat",0
20103,"Kansas","Leavenworth","corn",0
20103,"Kansas","Leavenworth","grain sorghum",0
20103,"Kansas","Leavenworth","oats",0
20103,"Kansas","Leavenworth","soybeans",0
20103,"Kansas","Leavenworth","sunflower",0
20103,"Kansas","Leavenworth","wheat",0
20105,"Kansas","Lincoln","barley",0
20105,"Kansas","Lincoln","corn",0
20105,"Kansas","Lincoln","grain sorghum",0
20105,"Kansas","Lincoln","oats",0
20105,"Kansas","Lincoln","soybeans",0
20105,"Kansas","Lincoln","sunflower",0
20105,"Kansas","Lincoln","wheat",0
20107,"Kansas","Linn","corn",0
20107,"Kansas","Linn","grain sorghum",0
20107,"Kansas","Linn","oats",0
20107,"Kansas","Linn","soybeans",0
20107,"Kansas","Linn","sunflower",0
20107,"Kansas","Linn","wheat",0
20109,"Kansas","Logan","barley",14.3711016006002
20109,"Kansas","Logan","corn",11095.2263263501
20109,"Kansas","Logan","grain sorghum",2379.97213848268
20109,"Kansas","Logan","oats",71.4754917254512
20109,"Kansas","Logan","soybeans",89.5215383384539
20109,"Kansas","Logan","sunflower",62.4064388927942
20109,"Kansas","Logan","wheat",7349.13246460994
20111,"Kansas","Lyon","corn",0
20111,"Kansas","Lyon","grain sorghum",0
20111,"Kansas","Lyon","oats",0
20111,"Kansas","Lyon","soybeans",0
20111,"Kansas","Lyon","sunflower",0
20111,"Kansas","Lyon","wheat",0
20115,"Kansas","Marion","barley",26.8295623152101
20115,"Kansas","Marion","corn",5099.7515733148
20115,"Kansas","Marion","cotton",15.3605017271652
20115,"Kansas","Marion","grain sorghum",1029.0806852148
20115,"Kansas","Marion","oats",284.315764971659
20115,"Kansas","Marion","soybeans",8795.15040137335
20115,"Kansas","Marion","sunflower",107.328823406593
20115,"Kansas","Marion","wheat",7884.31259434306
20117,"Kansas","Marshall","barley",2.14320031144679
20117,"Kansas","Marshall","corn",6891.68361818099
20117,"Kansas","Marshall","grain sorghum",221.162141962711
20117,"Kansas","Marshall","oats",43.5497331588483
20117,"Kansas","Marshall","soybeans",7648.74286200136
20117,"Kansas","Marshall","sunflower",2.97388021680155
20117,"Kansas","Marshall","wheat",496.07489750119
20113,"Kansas","McPherson","barley",11.6220487557722
20113,"Kansas","McPherson","canola",5.75382734770773
20113,"Kansas","McPherson","corn",3723.95476984219
20113,"Kansas","McPherson","cotton",10.4735323897902
20113,"Kansas","McPherson","grain sorghum",2927.87820540283
20113,"Kansas","McPherson","oats",121.165723398122
20113,"Kansas","McPherson","soybeans",8339.74207594834
20113,"Kansas","McPherson","sunflower",94.6608910569907
20113,"Kansas","McPherson","wheat",13054.9979258583
20119,"Kansas","Meade","corn",0
20119,"Kansas","Meade","cotton",0
20119,"Kansas","Meade","dry peas",0
20119,"Kansas","Meade","grain sorghum",0
20119,"Kansas","Meade","oats",0
20119,"Kansas","Meade","soybeans",0
20119,"Kansas","Meade","sunflower",0
20119,"Kansas","Meade","wheat",0
20121,"Kansas","Miami","corn",1458.99567179046
20121,"Kansas","Miami","grain sorghum",18.0152347111257
20121,"Kansas","Miami","oats",10.2323369642068
20121,"Kansas","Miami","soybeans",3772.58644259538
20121,"Kansas","Miami","sunflower",2.96055167820119
20121,"Kansas","Miami","wheat",262.063095593957
20123,"Kansas","Mitchell","barley",0.32327141043073
20123,"Kansas","Mitchell","corn",311.127514409254
20123,"Kansas","Mitchell","grain sorghum",457.633372206651
20123,"Kansas","Mitchell","oats",27.7431752863691
20123,"Kansas","Mitchell","soybeans",697.37775009725
20123,"Kansas","Mitchell","sunflower",0.860812073078522
20123,"Kansas","Mitchell","wheat",951.299437850288
20125,"Kansas","Montgomery","canola",12.7433165952427
20125,"Kansas","Montgomery","corn",2693.76031509663
20125,"Kansas","Montgomery","grain sorghum",42.1592150852277
20125,"Kansas","Montgomery","oats",8.91636878642085
20125,"Kansas","Montgomery","soybeans",6494.28983904471
20125,"Kansas","Montgomery","sunflower",2.11157151266197
20125,"Kansas","Montgomery","wheat",3224.35404054576
20127,"Kansas","Morris","barley",0
20127,"Kansas","Morris","corn",0
20127,"Kansas","Morris","grain sorghum",0
20127,"Kansas","Morris","oats",0
20127,"Kansas","Morris","soybeans",0
20127,"Kansas","Morris","sunflower",0
20127,"Kansas","Morris","wheat",0
20129,"Kansas","Morton","barley",58.247456026346
20129,"Kansas","Morton","corn",4076.15313750025
20129,"Kansas","Morton","cotton",284.431915835252
20129,"Kansas","Morton","grain sorghum",8681.60714015
20129,"Kansas","Morton","oats",80.1348365087397
20129,"Kansas","Morton","soybeans",24.9994246041635
20129,"Kansas","Morton","sunflower",142.954757783398
20129,"Kansas","Morton","wheat",12339.0926649252
20131,"Kansas","Nemaha","barley",6.32763314148522
20131,"Kansas","Nemaha","corn",18928.3854647645
20131,"Kansas","Nemaha","grain sorghum",129.203032369873
20131,"Kansas","Nemaha","oats",76.9065738412086
20131,"Kansas","Nemaha","soybeans",18850.8389350424
20131,"Kansas","Nemaha","sunflower",19.2162014599648
20131,"Kansas","Nemaha","wheat",616.642326047293
20133,"Kansas","Neosho","barley",0
20133,"Kansas","Neosho","corn",0
20133,"Kansas","Neosho","grain sorghum",0
20133,"Kansas","Neosho","oats",0
20133,"Kansas","Neosho","soybeans",0
20133,"Kansas","Neosho","sunflower",0
20133,"Kansas","Neosho","wheat",0
20135,"Kansas","Ness","barley",0
20135,"Kansas","Ness","corn",0
20135,"Kansas","Ness","grain sorghum",0
20135,"Kansas","Ness","oats",0
20135,"Kansas","Ness","soybeans",0
20135,"Kansas","Ness","sunflower",0
20135,"Kansas","Ness","wheat",0
20137,"Kansas","Norton","barley",3.37339534635648
20137,"Kansas","Norton","corn",5789.62623564858
20137,"Kansas","Norton","grain sorghum",701.325851670731
20137,"Kansas","Norton","oats",180.586507850177
20137,"Kansas","Norton","soybeans",1108.1147587264
20137,"Kansas","Norton","wheat",2571.64375075774
20139,"Kansas","Osage","barley",0.941806453383936
20139,"Kansas","Osage","corn",1041.90505751817
20139,"Kansas","Osage","grain sorghum",57.2635619201892
20139,"Kansas","Osage","oats",5.98003058318
20139,"Kansas","Osage","soybeans",2745.60260042933
20139,"Kansas","Osage","sunflower",5.20301223395047
20139,"Kansas","Osage","wheat",199.73426419511
20141,"Kansas","Osborne","barley",1.3171054566884
20141,"Kansas","Osborne","corn",246.663917105912
20141,"Kansas","Osborne","dry peas",1.77291132063637
20141,"Kansas","Osborne","grain sorghum",373.91196564841
20141,"Kansas","Osborne","oats",19.0082874138205
20141,"Kansas","Osborne","soybeans",400.828989500262
20141,"Kansas","Osborne","sunflower",3.69833622965949
20141,"Kansas","Osborne","wheat",571.824653991318
20143,"Kansas","Ottawa","barley",0
20143,"Kansas","Ottawa","corn",0
20143,"Kansas","Ottawa","grain sorghum",0
20143,"Kansas","Ottawa","oats",0
20143,"Kansas","Ottawa","soybeans",0
20143,"Kansas","Ottawa","sunflower",0
20143,"Kansas","Ottawa","wheat",0
20145,"Kansas","Pawnee","barley",0
20145,"Kansas","Pawnee","canola",0
20145,"Kansas","Pawnee","corn",0
20145,"Kansas","Pawnee","cotton",0
20145,"Kansas","Pawnee","grain sorghum",0
20145,"Kansas","Pawnee","oats",0
20145,"Kansas","Pawnee","soybeans",0
20145,"Kansas","Pawnee","sunflower",0
20145,"Kansas","Pawnee","wheat",0
20147,"Kansas","Phillips","barley",15.6128112676186
20147,"Kansas","Phillips","corn",5957.94801587696
20147,"Kansas","Phillips","grain sorghum",1621.5864255514
20147,"Kansas","Phillips","oats",303.770965521652
20147,"Kansas","Phillips","soybeans",2704.57388721382
20147,"Kansas","Phillips","sunflower",12.7222739465502
20147,"Kansas","Phillips","wheat",4599.58762062203
20149,"Kansas","Pottawatomie","corn",0
20149,"Kansas","Pottawatomie","grain sorghum",0
20149,"Kansas","Pottawatomie","oats",0
20149,"Kansas","Pottawatomie","soybeans",0
20149,"Kansas","Pottawatomie","wheat",0
20151,"Kansas","Pratt","canola",16.2278602086837
20151,"Kansas","Pratt","corn",3598.65987033722
20151,"Kansas","Pratt","cotton",1405.54486296889
20151,"Kansas","Pratt","grain sorghum",2061.62314760891
20151,"Kansas","Pratt","oats",57.2384662282818
20151,"Kansas","Pratt","sesame",4.33433198093646
20151,"Kansas","Pratt","soybeans",2247.22270958293
20151,"Kansas","Pratt","sunflower",20.7527380498352
20151,"Kansas","Pratt","wheat",8641.57201303435
20153,"Kansas","Rawlins","barley",0.753906650107911
20153,"Kansas","Rawlins","corn",3140.73438969401
20153,"Kansas","Rawlins","dry peas",16.8525943642687
20153,"Kansas","Rawlins","grain sorghum",723.97554797741
20153,"Kansas","Rawlins","oats",44.9951718416822
20153,"Kansas","Rawlins","soybeans",56.3890586482585
20153,"Kansas","Rawlins","sunflower",26.6739800925387
20153,"Kansas","Rawlins","wheat",2881.12390406501
20155,"Kansas","Reno","barley",0
20155,"Kansas","Reno","canola",0
20155,"Kansas","Reno","corn",0
20155,"Kansas","Reno","cotton",0
20155,"Kansas","Reno","dry peas",0
20155,"Kansas","Reno","grain sorghum",0
20155,"Kansas","Reno","oats",0
20155,"Kansas","Reno","soybeans",0
20155,"Kansas","Reno","sunflower",0
20155,"Kansas","Reno","wheat",0
20157,"Kansas","Republic","corn",1376.16990714009
20157,"Kansas","Republic","grain sorghum",80.451872653824
20157,"Kansas","Republic","oats",16.7326391453902
20157,"Kansas","Republic","soybeans",1280.37353672424
20157,"Kansas","Republic","sunflower",3.84476267778021
20157,"Kansas","Republic","wheat",376.333281658743
20159,"Kansas","Rice","barley",14.6875198721299
20159,"Kansas","Rice","canola",0.75306947117914
20159,"Kansas","Rice","corn",2260.28576773891
20159,"Kansas","Rice","cotton",109.362546054401
20159,"Kansas","Rice","grain sorghum",2643.67002655975
20159,"Kansas","Rice","oats",102.068742825643
20159,"Kansas","Rice","soybeans",3781.62813524095
20159,"Kansas","Rice","sunflower",62.6427358727118
20159,"Kansas","Rice","wheat",9166.64088969761
20161,"Kansas","Riley","corn",0
20161,"Kansas","Riley","grain sorghum",0
20161,"Kansas","Riley","oats",0
20161,"Kansas","Riley","soybeans",0
20161,"Kansas","Riley","sunflower",0
20161,"Kansas","Riley","wheat",0
20163,"Kansas","Rooks","barley",40.7087367355455
20163,"Kansas","Rooks","canola",3.42455872065218
20163,"Kansas","Rooks","corn",1790.36131360326
20163,"Kansas","Rooks","dry peas",19.282280043578
20163,"Kansas","Rooks","grain sorghum",3723.17809235032
20163,"Kansas","Rooks","oats",204.067708310198
20163,"Kansas","Rooks","soybeans",1611.67724030906
20163,"Kansas","Rooks","sunflower",26.2297024646282
20163,"Kansas","Rooks","wheat",4888.34753412945
20165,"Kansas","Rush","barley",0
20165,"Kansas","Rush","corn",0
20165,"Kansas","Rush","cotton",0
20165,"Kansas","Rush","grain sorghum",0
20165,"Kansas","Rush","oats",0
20165,"Kansas","Rush","soybeans",0
20165,"Kansas","Rush","sunflower",0
20165,"Kansas","Rush","wheat",0
20167,"Kansas","Russell","barley",0
20167,"Kansas","Russell","corn",0
20167,"Kansas","Russell","dry peas",0
20167,"Kansas","Russell","grain sorghum",0
20167,"Kansas","Russell","oats",0
20167,"Kansas","Russell","soybeans",0
20167,"Kansas","Russell","sunflower",0
20167,"Kansas","Russell","wheat",0
20169,"Kansas","Saline","barley",0.203845686528397
20169,"Kansas","Saline","canola",1.72473338187075
20169,"Kansas","Saline","corn",290.82897773769
20169,"Kansas","Saline","grain sorghum",812.676470891853
20169,"Kansas","Saline","oats",20.9422606201053
20169,"Kansas","Saline","soybeans",1961.97580328154
20169,"Kansas","Saline","sunflower",17.7722613207482
20169,"Kansas","Saline","wheat",2727.3826470797
20171,"Kansas","Scott","barley",41.8629063288867
20171,"Kansas","Scott","corn",13137.3498200385
20171,"Kansas","Scott","cotton",56.4738306871911
20171,"Kansas","Scott","dry peas",11.2540265143584
20171,"Kansas","Scott","grain sorghum",11492.7326823972
20171,"Kansas","Scott","oats",53.7831316507178
20171,"Kansas","Scott","soybeans",67.2633548516945
20171,"Kansas","Scott","sunflower",292.543462194124
20171,"Kansas","Scott","wheat",16619.1266186707
20173,"Kansas","Sedgwick","barley",7.6915554531922
20173,"Kansas","Sedgwick","canola",7.88070027004129
20173,"Kansas","Sedgwick","corn",2584.07035396639
20173,"Kansas","Sedgwick","cotton",269.349228265202
20173,"Kansas","Sedgwick","grain sorghum",1292.11663241385
20173,"Kansas","Sedgwick","oats",65.8609461599841
20173,"Kansas","Sedgwick","soybeans",5595.49214406304
20173,"Kansas","Sedgwick","sunflower",5.35232770770329
20173,"Kansas","Sedgwick","wheat",7087.27511170062
20175,"Kansas","Seward","barley",0
20175,"Kansas","Seward","corn",0
20175,"Kansas","Seward","cotton",0
20175,"Kansas","Seward","grain sorghum",0
20175,"Kansas","Seward","oats",0
20175,"Kansas","Seward","soybeans",0
20175,"Kansas","Seward","wheat",0
20177,"Kansas","Shawnee","corn",110.655290179102
20177,"Kansas","Shawnee","grain sorghum",2.16215735967967
20177,"Kansas","Shawnee","oats",0.254966345616899
20177,"Kansas","Shawnee","soybeans",132.819053526715
20177,"Kansas","Shawnee","sunflower",0.167651822827495
20177,"Kansas","Shawnee","wheat",4.73488076605343
20179,"Kansas","Sheridan","barley",49.1653915618051
20179,"Kansas","Sheridan","corn",12977.6059637679
20179,"Kansas","Sheridan","dry peas",11.2798011449993
20179,"Kansas","Sheridan","grain sorghum",1284.28948321249
20179,"Kansas","Sheridan","oats",323.429951168341
20179,"Kansas","Sheridan","soybeans",939.270672158712
20179,"Kansas","Sheridan","sunflower",90.2166649650158
20179,"Kansas","Sheridan","wheat",6029.73607202077
20181,"Kansas","Sherman","barley",7.37241795148363
20181,"Kansas","Sherman","canola",0.147906870327688
20181,"Kansas","Sherman","corn",15387.8582114864
20181,"Kansas","Sherman","dry peas",54.7333810853721
20181,"Kansas","Sherman","grain sorghum",2536.1574785333
20181,"Kansas","Sherman","oats",80.9748701120403
20181,"Kansas","Sherman","soybeans",286.899837301338
20181,"Kansas","Sherman","sunflower",298.574237506455
20181,"Kansas","Sherman","wheat",9425.68582581995
20183,"Kansas","Smith","barley",5.4973702400114
20183,"Kansas","Smith","canola",16.4646846718655
20183,"Kansas","Smith","corn",12480.7831245457
20183,"Kansas","Smith","grain sorghum",3035.49457114812
20183,"Kansas","Smith","oats",229.064165459437
20183,"Kansas","Smith","soybeans",11616.7086591298
20183,"Kansas","Smith","sunflower",10.3171101012122
20183,"Kansas","Smith","wheat",9943.26098137061
20185,"Kansas","Stafford","barley",0
20185,"Kansas","Stafford","canola",0
20185,"Kansas","Stafford","corn",0
20185,"Kansas","Stafford","cotton",0
20185,"Kansas","Stafford","grain sorghum",0
20185,"Kansas","Stafford","oats",0
20185,"Kansas","Stafford","soybeans",0
20185,"Kansas","Stafford","sunflower",0
20185,"Kansas","Stafford","wheat",0
20187,"Kansas","Stanton","corn",1323.81798742172
20187,"Kansas","Stanton","cotton",4.9452582379848
20187,"Kansas","Stanton","grain sorghum",600.480059481288
20187,"Kansas","Stanton","oats",1.58492074536184
20187,"Kansas","Stanton","soybeans",2.22472972281009
20187,"Kansas","Stanton","sunflower",4.69183266061531
20187,"Kansas","Stanton","wheat",1273.91337839686
20189,"Kansas","Stevens","barley",0
20189,"Kansas","Stevens","canola",0
20189,"Kansas","Stevens","corn",0
20189,"Kansas","Stevens","cotton",0
20189,"Kansas","Stevens","grain sorghum",0
20189,"Kansas","Stevens","oats",0
20189,"Kansas","Stevens","soybeans",0
20189,"Kansas","Stevens","sunflower",0
20189,"Kansas","Stevens","wheat",0
20191,"Kansas","Sumner","barley",7.32670535580731
20191,"Kansas","Sumner","canola",320.669802865677
20191,"Kansas","Sumner","corn",6145.09584148833
20191,"Kansas","Sumner","cotton",6789.1889739583
20191,"Kansas","Sumner","grain sorghum",5292.78476329871
20191,"Kansas","Sumner","oats",262.672469627741
20191,"Kansas","Sumner","sesame",38.6239110576529
20191,"Kansas","Sumner","soybeans",25929.7136862427
20191,"Kansas","Sumner","sunflower",56.9105012671126
20191,"Kansas","Sumner","wheat",49509.5358315045
20193,"Kansas","Thomas","barley",33.419048285536
20193,"Kansas","Thomas","corn",23243.9007952559
20193,"Kansas","Thomas","dry peas",14.7640782399463
20193,"Kansas","Thomas","grain sorghum",2741.76848139755
20193,"Kansas","Thomas","oats",157.749438494866
20193,"Kansas","Thomas","soybeans",1293.54508118734
20193,"Kansas","Thomas","sunflower",99.0280366796322
20193,"Kansas","Thomas","wheat",11296.1933337924
20195,"Kansas","Trego","barley",8.45504910364054
20195,"Kansas","Trego","corn",911.403286171984
20195,"Kansas","Trego","flaxseed",1.78743900050102
20195,"Kansas","Trego","grain sorghum",1752.70862612827
20195,"Kansas","Trego","oats",35.9461132756757
20195,"Kansas","Trego","soybeans",39.4179787137312
20195,"Kansas","Trego","sunflower",17.9286440358489
20195,"Kansas","Trego","wheat",2072.62919690369
20197,"Kansas","Wabaunsee","barley",0
20197,"Kansas","Wabaunsee","corn",0
20197,"Kansas","Wabaunsee","grain sorghum",0
20197,"Kansas","Wabaunsee","oats",0
20197,"Kansas","Wabaunsee","rice_short/medium grain",0
20197,"Kansas","Wabaunsee","safflower",0
20197,"Kansas","Wabaunsee","soybeans",0
20197,"Kansas","Wabaunsee","wheat",0
20199,"Kansas","Wallace","barley",11.4958054110477
20199,"Kansas","Wallace","corn",9890.06516692281
20199,"Kansas","Wallace","grain sorghum",2540.54227429261
20199,"Kansas","Wallace","oats",62.2319479820823
20199,"Kansas","Wallace","soybeans",22.4215278856554
20199,"Kansas","Wallace","sunflower",78.6003892590817
20199,"Kansas","Wallace","wheat",7039.91488824674
20201,"Kansas","Washington","barley",0
20201,"Kansas","Washington","canola",0
20201,"Kansas","Washington","corn",0
20201,"Kansas","Washington","grain sorghum",0
20201,"Kansas","Washington","oats",0
20201,"Kansas","Washington","soybeans",0
20201,"Kansas","Washington","sunflower",0
20201,"Kansas","Washington","wheat",0
20203,"Kansas","Wichita","barley",0
20203,"Kansas","Wichita","corn",0
20203,"Kansas","Wichita","dry peas",0
20203,"Kansas","Wichita","grain sorghum",0
20203,"Kansas","Wichita","oats",0
20203,"Kansas","Wichita","soybeans",0
20203,"Kansas","Wichita","sunflower",0
20203,"Kansas","Wichita","wheat",0
20205,"Kansas","Wilson","canola",5.61542153626975
20205,"Kansas","Wilson","corn",3077.22936248647
20205,"Kansas","Wilson","grain sorghum",53.5349218489726
20205,"Kansas","Wilson","oats",7.34997315972197
20205,"Kansas","Wilson","soybeans",5913.69578772588
20205,"Kansas","Wilson","wheat",2181.71897324272
20207,"Kansas","Woodson","barley",0
20207,"Kansas","Woodson","corn",0
20207,"Kansas","Woodson","grain sorghum",0
20207,"Kansas","Woodson","oats",0
20207,"Kansas","Woodson","soybeans",0
20207,"Kansas","Woodson","sunflower",0
20207,"Kansas","Woodson","wheat",0
20209,"Kansas","Wyandotte","corn",0
20209,"Kansas","Wyandotte","soybeans",0
20209,"Kansas","Wyandotte","wheat",0
21001,"Kentucky","Adair","corn",4018.0877712576
21001,"Kentucky","Adair","oats",4.33873066598972
21001,"Kentucky","Adair","soybeans",3884.59356535649
21001,"Kentucky","Adair","wheat",946.945312719924
21003,"Kentucky","Allen","corn",1034.44366219291
21003,"Kentucky","Allen","cotton",0.102845251491254
21003,"Kentucky","Allen","oats",2.27185160544179
21003,"Kentucky","Allen","soybeans",900.073461452542
21003,"Kentucky","Allen","sunflower",7.03050139194209
21003,"Kentucky","Allen","wheat",308.817344772344
21005,"Kentucky","Anderson","corn",0
21005,"Kentucky","Anderson","soybeans",0
21005,"Kentucky","Anderson","wheat",0
21007,"Kentucky","Ballard","corn",2922.0200896
21007,"Kentucky","Ballard","oats",1.31964161348417
21007,"Kentucky","Ballard","soybeans",4031.99651641267
21007,"Kentucky","Ballard","wheat",1208.37308570718
21009,"Kentucky","Barren","corn",13498.9288352467
21009,"Kentucky","Barren","grain sorghum",154.421591709114
21009,"Kentucky","Barren","oats",14.1079801089051
21009,"Kentucky","Barren","soybeans",12998.896140577
21009,"Kentucky","Barren","sunflower",1.14699025275651
21009,"Kentucky","Barren","wheat",2881.33586210558
21011,"Kentucky","Bath","corn",227.423085343662
21011,"Kentucky","Bath","oats",0.22981035531467
21011,"Kentucky","Bath","soybeans",974.993719871827
21011,"Kentucky","Bath","sunflower",5.14315575194232
21011,"Kentucky","Bath","wheat",13.8335620105862
21013,"Kentucky","Bell","corn",0
21015,"Kentucky","Boone","corn",0
21015,"Kentucky","Boone","oats",0
21015,"Kentucky","Boone","soybeans",0
21015,"Kentucky","Boone","wheat",0
21017,"Kentucky","Bourbon","corn",0
21017,"Kentucky","Bourbon","oats",0
21017,"Kentucky","Bourbon","soybeans",0
21017,"Kentucky","Bourbon","sunflower",0
21017,"Kentucky","Bourbon","wheat",0
21019,"Kentucky","Boyd","corn",0
21019,"Kentucky","Boyd","sunflower",0
21019,"Kentucky","Boyd","wheat",0
21021,"Kentucky","Boyle","canola",48.8849414034981
21021,"Kentucky","Boyle","corn",2794.38173277902
21021,"Kentucky","Boyle","oats",11.0524398380055
21021,"Kentucky","Boyle","soybeans",2766.87828886413
21021,"Kentucky","Boyle","sunflower",4.09492895998102
21021,"Kentucky","Boyle","wheat",1326.19883482203
21023,"Kentucky","Bracken","corn",0
21023,"Kentucky","Bracken","oats",0
21023,"Kentucky","Bracken","soybeans",0
21023,"Kentucky","Bracken","wheat",0
21025,"Kentucky","Breathitt","corn",0
21025,"Kentucky","Breathitt","soybeans",0
21027,"Kentucky","Breckinridge","corn",1237.33384770005
21027,"Kentucky","Breckinridge","grain sorghum",1.0357436442631
21027,"Kentucky","Breckinridge","soybeans",1838.32130077588
21027,"Kentucky","Breckinridge","sunflower",0.940455228990894
21027,"Kentucky","Breckinridge","wheat",194.254652650824
21029,"Kentucky","Bullitt","corn",88.2639999264006
21029,"Kentucky","Bullitt","oats",2.25583338806144
21029,"Kentucky","Bullitt","soybeans",199.841898884001
21029,"Kentucky","Bullitt","wheat",16.6102678015387
21031,"Kentucky","Butler","corn",5284.20459928624
21031,"Kentucky","Butler","grain sorghum",6.52912215346721
21031,"Kentucky","Butler","soybeans",7464.34576597733
21031,"Kentucky","Butler","sunflower",3.84937648196907
21031,"Kentucky","Butler","wheat",333.545802767664
21033,"Kentucky","Caldwell","barley",63.947742346826
21033,"Kentucky","Caldwell","corn",10318.8800136354
21033,"Kentucky","Caldwell","soybeans",13247.3658324113
21033,"Kentucky","Caldwell","wheat",5961.48007827308
21035,"Kentucky","Calloway","canola",0
21035,"Kentucky","Calloway","corn",0
21035,"Kentucky","Calloway","grain sorghum",0
21035,"Kentucky","Calloway","oats",0
21035,"Kentucky","Calloway","rapeseed",0
21035,"Kentucky","Calloway","soybeans",0
21035,"Kentucky","Calloway","sunflower",0
21035,"Kentucky","Calloway","wheat",0
21037,"Kentucky","Campbell","corn",0
21037,"Kentucky","Campbell","soybeans",0
21039,"Kentucky","Carlisle","corn",4611.8203292342
21039,"Kentucky","Carlisle","grain sorghum",6.19951650656567
21039,"Kentucky","Carlisle","soybeans",6440.95280440639
21039,"Kentucky","Carlisle","sunflower",1.13897278950472
21039,"Kentucky","Carlisle","wheat",1568.71037706334
21041,"Kentucky","Carroll","corn",465.112113140888
21041,"Kentucky","Carroll","soybeans",772.548132944464
21041,"Kentucky","Carroll","wheat",17.2197539146477
21043,"Kentucky","Carter","corn",0
21043,"Kentucky","Carter","soybeans",0
21043,"Kentucky","Carter","wheat",0
21045,"Kentucky","Casey","corn",2889.40127501338
21045,"Kentucky","Casey","oats",4.97943053973134
21045,"Kentucky","Casey","soybeans",2389.00690962842
21045,"Kentucky","Casey","sunflower",0.90003207005644
21045,"Kentucky","Casey","wheat",490.809086081743
21047,"Kentucky","Christian","canola",76.8693367845239
21047,"Kentucky","Christian","corn",14457.8995485749
21047,"Kentucky","Christian","oats",3.96317924485969
21047,"Kentucky","Christian","soybeans",15160.9703079318
21047,"Kentucky","Christian","sunflower",37.7045233663099
21047,"Kentucky","Christian","wheat",11890.1014840976
21049,"Kentucky","Clark","corn",5.29507457241504
21049,"Kentucky","Clark","grain sorghum",0.0237316526708212
21049,"Kentucky","Clark","soybeans",6.99573226611143
21049,"Kentucky","Clark","sunflower",0.12255025439212
21049,"Kentucky","Clark","wheat",0.164911254409536
21051,"Kentucky","Clay","corn",0
21051,"Kentucky","Clay","soybeans",0
21051,"Kentucky","Clay","wheat",0
21053,"Kentucky","Clinton","corn",29.0684119095342
21053,"Kentucky","Clinton","oats",0.0763443976908107
21053,"Kentucky","Clinton","soybeans",32.3234936521404
21053,"Kentucky","Clinton","wheat",10.7267500406333
21055,"Kentucky","Crittenden","canola",140.62361453214
21055,"Kentucky","Crittenden","corn",7570.41428755926
21055,"Kentucky","Crittenden","grain sorghum",52.4369851695631
21055,"Kentucky","Crittenden","soybeans",8316.99740045156
21055,"Kentucky","Crittenden","sunflower",6.05857714264161
21055,"Kentucky","Crittenden","wheat",1678.99813514484
21057,"Kentucky","Cumberland","corn",0
21057,"Kentucky","Cumberland","soybeans",0
21057,"Kentucky","Cumberland","wheat",0
21059,"Kentucky","Daviess","corn",3943.61578136192
21059,"Kentucky","Daviess","cotton",0.0461710612635399
21059,"Kentucky","Daviess","grain sorghum",5.53821879856161
21059,"Kentucky","Daviess","oats",0.77567382922747
21059,"Kentucky","Daviess","soybeans",4996.72724689883
21059,"Kentucky","Daviess","sunflower",0.549291344469676
21059,"Kentucky","Daviess","wheat",262.25578337242
21061,"Kentucky","Edmonson","barley",28.2280394717144
21061,"Kentucky","Edmonson","corn",1829.3999553529
21061,"Kentucky","Edmonson","grain sorghum",452.975624223569
21061,"Kentucky","Edmonson","oats",21.5930760910193
21061,"Kentucky","Edmonson","soybeans",4443.11932453915
21061,"Kentucky","Edmonson","wheat",352.431980321647
21063,"Kentucky","Elliott","corn",0
21063,"Kentucky","Elliott","soybeans",0
21065,"Kentucky","Estill","corn",0
21065,"Kentucky","Estill","grain sorghum",0
21065,"Kentucky","Estill","soybeans",0
21065,"Kentucky","Estill","wheat",0
21067,"Kentucky","Fayette","corn",391.606012728622
21067,"Kentucky","Fayette","grain sorghum",0.992463301839465
21067,"Kentucky","Fayette","oats",3.48146711613646
21067,"Kentucky","Fayette","soybeans",544.22195889949
21067,"Kentucky","Fayette","sunflower",1.87312737797765
21067,"Kentucky","Fayette","wheat",45.4369705759338
21069,"Kentucky","Fleming","corn",0
21069,"Kentucky","Fleming","grain sorghum",0
21069,"Kentucky","Fleming","oats",0
21069,"Kentucky","Fleming","soybeans",0
21069,"Kentucky","Fleming","sunflower",0
21069,"Kentucky","Fleming","wheat",0
21073,"Kentucky","Franklin","corn",989.097776697009
21073,"Kentucky","Franklin","soybeans",933.372216151027
21073,"Kentucky","Franklin","wheat",23.9130071519647
21075,"Kentucky","Fulton","canola",0.325997533006965
21075,"Kentucky","Fulton","corn",180.890680297629
21075,"Kentucky","Fulton","rice_long grain",0.904319712151975
21075,"Kentucky","Fulton","soybeans",404.755582079752
21075,"Kentucky","Fulton","sunflower",0.0239586623963962
21075,"Kentucky","Fulton","wheat",82.9144617150803
21077,"Kentucky","Gallatin","corn",140.566711335757
21077,"Kentucky","Gallatin","soybeans",407.388684833572
21077,"Kentucky","Gallatin","wheat",29.7452704973373
21079,"Kentucky","Garrard","corn",126.799656594469
21079,"Kentucky","Garrard","soybeans",90.8036605019273
21079,"Kentucky","Garrard","sunflower",0.202259804623914
21079,"Kentucky","Garrard","wheat",18.5740897656477
21081,"Kentucky","Grant","corn",0
21081,"Kentucky","Grant","soybeans",0
21081,"Kentucky","Grant","wheat",0
21083,"Kentucky","Graves","canola",148.043608361471
21083,"Kentucky","Graves","corn",12845.4897339265
21083,"Kentucky","Graves","grain sorghum",20.4986589068311
21083,"Kentucky","Graves","rapeseed",41.442883643177
21083,"Kentucky","Graves","soybeans",15883.7890688801
21083,"Kentucky","Graves","sunflower",0.925469858445351
21083,"Kentucky","Graves","wheat",4352.84064309017
21085,"Kentucky","Grayson","corn",1923.28317542953
21085,"Kentucky","Grayson","oats",1.05709865319712
21085,"Kentucky","Grayson","rapeseed",9.97813037063646
21085,"Kentucky","Grayson","soybeans",3537.00161713687
21085,"Kentucky","Grayson","sunflower",0.564556749473086
21085,"Kentucky","Grayson","wheat",214.595254993628
21087,"Kentucky","Green","corn",4459.79826633864
21087,"Kentucky","Green","oats",5.55568955013795
21087,"Kentucky","Green","soybeans",4908.9120461096
21087,"Kentucky","Green","sunflower",4.41431659493954
21087,"Kentucky","Green","wheat",779.740348073344
21089,"Kentucky","Greenup","barley",0.430538059195677
21089,"Kentucky","Greenup","corn",106.413293594011
21089,"Kentucky","Greenup","soybeans",268.225641416966
21089,"Kentucky","Greenup","wheat",1.50186026316092
21091,"Kentucky","Hancock","corn",1036.79865561982
21091,"Kentucky","Hancock","grain sorghum",5.3182951016045
21091,"Kentucky","Hancock","soybeans",1906.5728871201
21091,"Kentucky","Hancock","sunflower",0.416116246118771
21091,"Kentucky","Hancock","wheat",180.590545912357
21093,"Kentucky","Hardin","barley",62.6197916351079
21093,"Kentucky","Hardin","corn",7107.31348629694
21093,"Kentucky","Hardin","grain sorghum",3.92261921714249
21093,"Kentucky","Hardin","oats",22.0883543032888
21093,"Kentucky","Hardin","soybeans",8674.51722014068
21093,"Kentucky","Hardin","sunflower",1.36564439204225
21093,"Kentucky","Hardin","wheat",1022.55455068147
21097,"Kentucky","Harrison","barley",13.077588183502
21097,"Kentucky","Harrison","corn",785.476281635963
21097,"Kentucky","Harrison","grain sorghum",0.078308911278455
21097,"Kentucky","Harrison","oats",1.25294258045528
21097,"Kentucky","Harrison","rapeseed",8.39471528905038
21097,"Kentucky","Harrison","soybeans",875.299421993156
21097,"Kentucky","Harrison","sunflower",1.51919287880203
21097,"Kentucky","Harrison","wheat",82.6785485277928
21099,"Kentucky","Hart","corn",2739.17901879554
21099,"Kentucky","Hart","grain sorghum",0.874863340599291
21099,"Kentucky","Hart","soybeans",4449.34317302417
21099,"Kentucky","Hart","wheat",423.569611506357
21101,"Kentucky","Henderson","canola",18.8553984939679
21101,"Kentucky","Henderson","corn",5271.78155563769
21101,"Kentucky","Henderson","grain sorghum",35.3945385828234
21101,"Kentucky","Henderson","soybeans",6023.51586147431
21101,"Kentucky","Henderson","sunflower",3.30890619798544
21101,"Kentucky","Henderson","wheat",274.063206279889
21103,"Kentucky","Henry","corn",2556.4040426265
21103,"Kentucky","Henry","grain sorghum",27.7507662373388
21103,"Kentucky","Henry","oats",20.2097275689224
21103,"Kentucky","Henry","soybeans",3336.00314975945
21103,"Kentucky","Henry","sunflower",1.7588288405326
21103,"Kentucky","Henry","wheat",147.669284967257
21105,"Kentucky","Hickman","canola",5.95451880383552
21105,"Kentucky","Hickman","corn",1081.41175830873
21105,"Kentucky","Hickman","oats",1.72924597373735
21105,"Kentucky","Hickman","rapeseed",7.31489969350242
21105,"Kentucky","Hickman","soybeans",1327.42577671118
21105,"Kentucky","Hickman","wheat",348.769133842353
21107,"Kentucky","Hopkins","corn",4859.23515254831
21107,"Kentucky","Hopkins","grain sorghum",69.0547958461523
21107,"Kentucky","Hopkins","soybeans",6700.45224224806
21107,"Kentucky","Hopkins","wheat",221.58914269082
21109,"Kentucky","Jackson","corn",0
21109,"Kentucky","Jackson","soybeans",0
21111,"Kentucky","Jefferson","corn",0
21111,"Kentucky","Jefferson","soybeans",0
21111,"Kentucky","Jefferson","wheat",0
21113,"Kentucky","Jessamine","corn",35.2094444860168
21113,"Kentucky","Jessamine","grain sorghum",1.2593749479745
21113,"Kentucky","Jessamine","oats",1.82929521250167
21113,"Kentucky","Jessamine","soybeans",125.648069566269
21113,"Kentucky","Jessamine","sunflower",0.265115248188648
21113,"Kentucky","Jessamine","wheat",15.2120338723823
21115,"Kentucky","Johnson","corn",0
21117,"Kentucky","Kenton","corn",0
21117,"Kentucky","Kenton","soybeans",0
21117,"Kentucky","Kenton","wheat",0
21121,"Kentucky","Knox","corn",0
21121,"Kentucky","Knox","soybeans",0
21121,"Kentucky","Knox","wheat",0
21123,"Kentucky","Larue","corn",7272.47507093346
21123,"Kentucky","Larue","oats",14.8189812360683
21123,"Kentucky","Larue","soybeans",10047.7886899327
21123,"Kentucky","Larue","sunflower",0.369153130491427
21123,"Kentucky","Larue","wheat",1795.19234476732
21125,"Kentucky","Laurel","corn",0
21125,"Kentucky","Laurel","soybeans",0
21125,"Kentucky","Laurel","wheat",0
21127,"Kentucky","Lawrence","corn",0
21129,"Kentucky","Lee","corn",0
21133,"Kentucky","Letcher","corn",0
21135,"Kentucky","Lewis","corn",477.744722994531
21135,"Kentucky","Lewis","oats",5.24480478659632
21135,"Kentucky","Lewis","soybeans",3404.15677894222
21135,"Kentucky","Lewis","wheat",6.49919327665056
21137,"Kentucky","Lincoln","corn",2037.10107649978
21137,"Kentucky","Lincoln","oats",20.518784738442
21137,"Kentucky","Lincoln","soybeans",2402.52984641325
21137,"Kentucky","Lincoln","sunflower",0.392466155856585
21137,"Kentucky","Lincoln","wheat",141.325492859333
21139,"Kentucky","Livingston","corn",5558.43501593278
21139,"Kentucky","Livingston","grain sorghum",30.5714217171412
21139,"Kentucky","Livingston","oats",10.2429952966263
21139,"Kentucky","Livingston","soybeans",6012.93006385637
21139,"Kentucky","Livingston","sunflower",1.26051338190127
21139,"Kentucky","Livingston","wheat",776.864989815181
21141,"Kentucky","Logan","barley",152.061619341209
21141,"Kentucky","Logan","corn",11537.4561049525
21141,"Kentucky","Logan","grain sorghum",16.9986344518896
21141,"Kentucky","Logan","oats",25.0863557997022
21141,"Kentucky","Logan","rapeseed",46.6280313780321
21141,"Kentucky","Logan","soybeans",13126.9650512573
21141,"Kentucky","Logan","sunflower",0.998016761357244
21141,"Kentucky","Logan","wheat",9512.63151939137
21143,"Kentucky","Lyon","corn",2868.76582776369
21143,"Kentucky","Lyon","soybeans",3392.45463810769
21143,"Kentucky","Lyon","wheat",1360.46220079529
21151,"Kentucky","Madison","corn",0
21151,"Kentucky","Madison","soybeans",0
21151,"Kentucky","Madison","sunflower",0
21151,"Kentucky","Madison","wheat",0
21153,"Kentucky","Magoffin","corn",0
21155,"Kentucky","Marion","barley",0.746161709793293
21155,"Kentucky","Marion","corn",3871.31925541992
21155,"Kentucky","Marion","dry peas",0.00497441139862195
21155,"Kentucky","Marion","oats",23.1849024604105
21155,"Kentucky","Marion","soybeans",4638.01782267243
21155,"Kentucky","Marion","sunflower",3.16372564952356
21155,"Kentucky","Marion","wheat",1535.5958243432
21157,"Kentucky","Marshall","corn",3942.77907628864
21157,"Kentucky","Marshall","soybeans",5081.85956845827
21157,"Kentucky","Marshall","wheat",1746.87435525309
21161,"Kentucky","Mason","corn",1783.77827712632
21161,"Kentucky","Mason","cotton",0.037289245198754
21161,"Kentucky","Mason","grain sorghum",0.248594967991693
21161,"Kentucky","Mason","oats",8.97676429418005
21161,"Kentucky","Mason","soybeans",2810.30010123829
21161,"Kentucky","Mason","sunflower",0.994379871966773
21161,"Kentucky","Mason","wheat",137.732053256054
21145,"Kentucky","McCracken","corn",828.592486936225
21145,"Kentucky","McCracken","soybeans",1352.42990802876
21145,"Kentucky","McCracken","wheat",384.519605035005
21147,"Kentucky","McCreary","corn",0
21147,"Kentucky","McCreary","soybeans",0
21149,"Kentucky","McLean","canola",6.81038793738972
21149,"Kentucky","McLean","corn",1573.60840554274
21149,"Kentucky","McLean","grain sorghum",3.71678703214904
21149,"Kentucky","McLean","oats",0.831979865839102
21149,"Kentucky","McLean","soybeans",1886.16534504515
21149,"Kentucky","McLean","sunflower",0.355839673363417
21149,"Kentucky","McLean","wheat",252.114921570024
21163,"Kentucky","Meade","barley",14.8907496550975
21163,"Kentucky","Meade","corn",3108.32709914865
21163,"Kentucky","Meade","soybeans",4114.83894681959
21163,"Kentucky","Meade","sunflower",0.0530654313584945
21163,"Kentucky","Meade","wheat",695.093472278648
21165,"Kentucky","Menifee","corn",0
21165,"Kentucky","Menifee","soybeans",0
21167,"Kentucky","Mercer","barley",365.61685095782
21167,"Kentucky","Mercer","corn",3537.83571776887
21167,"Kentucky","Mercer","soybeans",4663.20751317419
21167,"Kentucky","Mercer","sunflower",7.16347988556095
21167,"Kentucky","Mercer","wheat",1609.32683154689
21169,"Kentucky","Metcalfe","corn",2645.65843849205
21169,"Kentucky","Metcalfe","soybeans",2166.09772608188
21169,"Kentucky","Metcalfe","wheat",253.615368759405
21171,"Kentucky","Monroe","barley",31.6012613872883
21171,"Kentucky","Monroe","canola",15.1250453353327
21171,"Kentucky","Monroe","corn",4628.49158857212
21171,"Kentucky","Monroe","grain sorghum",48.0955434656168
21171,"Kentucky","Monroe","oats",16.6039386570096
21171,"Kentucky","Monroe","soybeans",2466.44450395388
21171,"Kentucky","Monroe","wheat",1376.39845196209
21173,"Kentucky","Montgomery","corn",0
21173,"Kentucky","Montgomery","oats",0
21173,"Kentucky","Montgomery","soybeans",0
21173,"Kentucky","Montgomery","sunflower",0
21173,"Kentucky","Montgomery","wheat",0
21175,"Kentucky","Morgan","corn",0
21175,"Kentucky","Morgan","oats",0
21175,"Kentucky","Morgan","soybeans",0
21175,"Kentucky","Morgan","wheat",0
21177,"Kentucky","Muhlenberg","corn",4734.43756698809
21177,"Kentucky","Muhlenberg","soybeans",7507.70120321481
21177,"Kentucky","Muhlenberg","wheat",761.470729797098
21179,"Kentucky","Nelson","barley",35.0335678576925
21179,"Kentucky","Nelson","corn",6484.85338520484
21179,"Kentucky","Nelson","grain sorghum",2.37220296734354
21179,"Kentucky","Nelson","oats",20.7235414893088
21179,"Kentucky","Nelson","soybeans",7200.83609834674
21179,"Kentucky","Nelson","sunflower",2.91163542293126
21179,"Kentucky","Nelson","wheat",1656.63074871114
21181,"Kentucky","Nicholas","corn",454.953847600831
21181,"Kentucky","Nicholas","oats",5.54058246076542
21181,"Kentucky","Nicholas","soybeans",622.889594559438
21181,"Kentucky","Nicholas","wheat",34.6999753789662
21183,"Kentucky","Ohio","canola",26.8292156346539
21183,"Kentucky","Ohio","corn",5109.82257774058
21183,"Kentucky","Ohio","grain sorghum",21.706948831242
21183,"Kentucky","Ohio","rapeseed",77.3906342190705
21183,"Kentucky","Ohio","soybeans",6426.31610402596
21183,"Kentucky","Ohio","wheat",205.451852881838
21185,"Kentucky","Oldham","corn",0
21185,"Kentucky","Oldham","oats",0
21185,"Kentucky","Oldham","soybeans",0
21185,"Kentucky","Oldham","sunflower",0
21185,"Kentucky","Oldham","wheat",0
21187,"Kentucky","Owen","corn",0
21187,"Kentucky","Owen","soybeans",0
21187,"Kentucky","Owen","sunflower",0
21187,"Kentucky","Owen","wheat",0
21189,"Kentucky","Owsley","corn",0
21191,"Kentucky","Pendleton","corn",257.107663336491
21191,"Kentucky","Pendleton","oats",4.78812229354272
21191,"Kentucky","Pendleton","soybeans",475.710269894043
21191,"Kentucky","Pendleton","sunflower",0.00557839490509831
21191,"Kentucky","Pendleton","wheat",32.5830327476856
21197,"Kentucky","Powell","corn",191.707763880125
21197,"Kentucky","Powell","soybeans",523.254236119875
21199,"Kentucky","Pulaski","corn",4329.34709299994
21199,"Kentucky","Pulaski","grain sorghum",25.1164989067171
21199,"Kentucky","Pulaski","oats",45.4142183885524
21199,"Kentucky","Pulaski","rapeseed",110.741394622538
21199,"Kentucky","Pulaski","soybeans",9007.24049344637
21199,"Kentucky","Pulaski","sunflower",0.00283941742371341
21199,"Kentucky","Pulaski","wheat",1616.02685555179
21201,"Kentucky","Robertson","corn",0
21201,"Kentucky","Robertson","soybeans",0
21201,"Kentucky","Robertson","wheat",0
21203,"Kentucky","Rockcastle","corn",756.623538371857
21203,"Kentucky","Rockcastle","oats",3.61243355271636
21203,"Kentucky","Rockcastle","soybeans",866.730632035467
21203,"Kentucky","Rockcastle","wheat",6.34939603996037
21205,"Kentucky","Rowan","corn",4.49982948409716
21205,"Kentucky","Rowan","soybeans",23.400650627129
21205,"Kentucky","Rowan","wheat",1.15351988877345
21207,"Kentucky","Russell","corn",1734.78021009487
21207,"Kentucky","Russell","oats",60.0501444641178
21207,"Kentucky","Russell","soybeans",2984.12720939446
21207,"Kentucky","Russell","wheat",412.91193604655
21209,"Kentucky","Scott","corn",0
21209,"Kentucky","Scott","oats",0
21209,"Kentucky","Scott","soybeans",0
21209,"Kentucky","Scott","sunflower",0
21209,"Kentucky","Scott","wheat",0
21211,"Kentucky","Shelby","barley",21.8626692550386
21211,"Kentucky","Shelby","corn",4843.52799690876
21211,"Kentucky","Shelby","oats",17.2991412851835
21211,"Kentucky","Shelby","soybeans",6670.35542250673
21211,"Kentucky","Shelby","sunflower",0.978205888500278
21211,"Kentucky","Shelby","wheat",536.490397489112
21213,"Kentucky","Simpson","barley",39.4343742233525
21213,"Kentucky","Simpson","corn",3671.13860688573
21213,"Kentucky","Simpson","oats",37.0143124848503
21213,"Kentucky","Simpson","rapeseed",27.1844576819495
21213,"Kentucky","Simpson","soybeans",3937.404502
21213,"Kentucky","Simpson","wheat",2845.57381339076
21215,"Kentucky","Spencer","corn",330.954530232026
21215,"Kentucky","Spencer","soybeans",817.393398235475
21215,"Kentucky","Spencer","wheat",49.5780715325023
21217,"Kentucky","Taylor","corn",2988.25626811038
21217,"Kentucky","Taylor","oats",12.1278406853781
21217,"Kentucky","Taylor","soybeans",3320.52317939517
21217,"Kentucky","Taylor","wheat",429.730711809076
21219,"Kentucky","Todd","barley",6.90180369553681
21219,"Kentucky","Todd","canola",28.8561972992151
21219,"Kentucky","Todd","corn",6144.10610098011
21219,"Kentucky","Todd","oats",0.444703846361908
21219,"Kentucky","Todd","soybeans",6467.57313298969
21219,"Kentucky","Todd","wheat",4604.95249452241
21221,"Kentucky","Trigg","barley",98.4622514214706
21221,"Kentucky","Trigg","canola",72.8440912220295
21221,"Kentucky","Trigg","corn",4523.3205941122
21221,"Kentucky","Trigg","soybeans",4505.43736453879
21221,"Kentucky","Trigg","wheat",3065.16603203885
21223,"Kentucky","Trimble","corn",391.024558557493
21223,"Kentucky","Trimble","oats",1.87925976089686
21223,"Kentucky","Trimble","soybeans",894.206894130915
21223,"Kentucky","Trimble","sunflower",0.447442800213538
21223,"Kentucky","Trimble","wheat",39.7322047504818
21225,"Kentucky","Union","corn",5651.1604216728
21225,"Kentucky","Union","grain sorghum",13.5201053251136
21225,"Kentucky","Union","soybeans",4369.73077672295
21225,"Kentucky","Union","sunflower",2.18025072508644
21225,"Kentucky","Union","wheat",461.752445554058
21227,"Kentucky","Warren","barley",46.2467522954106
21227,"Kentucky","Warren","canola",30.6763782767646
21227,"Kentucky","Warren","corn",6754.1846882817
21227,"Kentucky","Warren","grain sorghum",31.5118708579544
21227,"Kentucky","Warren","oats",17.3126930900222
21227,"Kentucky","Warren","rapeseed",47.6930123327156
21227,"Kentucky","Warren","soybeans",6942.18431959649
21227,"Kentucky","Warren","sunflower",0.587455721149058
21227,"Kentucky","Warren","wheat",3071.2983295478
21229,"Kentucky","Washington","barley",56.8642857789127
21229,"Kentucky","Washington","corn",2884.696691245
21229,"Kentucky","Washington","grain sorghum",2.3582061029961
21229,"Kentucky","Washington","oats",6.28190409964782
21229,"Kentucky","Washington","soybeans",3194.23535596494
21229,"Kentucky","Washington","sunflower",0.835435334394753
21229,"Kentucky","Washington","wheat",1144.51678814077
21231,"Kentucky","Wayne","barley",33.6605754030984
21231,"Kentucky","Wayne","corn",2061.18829276398
21231,"Kentucky","Wayne","soybeans",3570.54245762627
21231,"Kentucky","Wayne","sunflower",0.486263186296116
21231,"Kentucky","Wayne","wheat",676.847911020355
21233,"Kentucky","Webster","corn",3454.75381749315
21233,"Kentucky","Webster","grain sorghum",9.43571562642967
21233,"Kentucky","Webster","rapeseed",13.8923887133938
21233,"Kentucky","Webster","soybeans",3584.58225397923
21233,"Kentucky","Webster","sunflower",0.101802590524928
21233,"Kentucky","Webster","wheat",83.812688263942
21235,"Kentucky","Whitley","corn",0
21235,"Kentucky","Whitley","soybeans",0
21235,"Kentucky","Whitley","wheat",0
21237,"Kentucky","Wolfe","corn",0
21237,"Kentucky","Wolfe","soybeans",0
21239,"Kentucky","Woodford","corn",567.166396627034
21239,"Kentucky","Woodford","soybeans",823.730512715006
21239,"Kentucky","Woodford","sunflower",2.32202598682956
21239,"Kentucky","Woodford","wheat",62.7047313377967
22001,"Louisiana","Acadia","corn",0
22001,"Louisiana","Acadia","grain sorghum",0
22001,"Louisiana","Acadia","rice_long grain",0
22001,"Louisiana","Acadia","rice_short/medium grain",0
22001,"Louisiana","Acadia","soybeans",0
22001,"Louisiana","Acadia","wheat",0
22003,"Louisiana","Allen","corn",0
22003,"Louisiana","Allen","grain sorghum",0
22003,"Louisiana","Allen","rice_long grain",0
22003,"Louisiana","Allen","rice_short/medium grain",0
22003,"Louisiana","Allen","soybeans",0
22003,"Louisiana","Allen","wheat",0
22005,"Louisiana","Ascension","soybeans",2610.23
22007,"Louisiana","Assumption","soybeans",6928.7399
22009,"Louisiana","Avoyelles","corn",327.384018058289
22009,"Louisiana","Avoyelles","cotton",33.9013668671611
22009,"Louisiana","Avoyelles","grain sorghum",67.8166151827843
22009,"Louisiana","Avoyelles","oats",1.03831399209446
22009,"Louisiana","Avoyelles","rice_long grain",251.317284323126
22009,"Louisiana","Avoyelles","rice_short/medium grain",16.2104284992416
22009,"Louisiana","Avoyelles","soybeans",1204.86347726822
22009,"Louisiana","Avoyelles","sunflower",0.302588881382317
22009,"Louisiana","Avoyelles","wheat",82.7404069276876
22011,"Louisiana","Beauregard","corn",0
22011,"Louisiana","Beauregard","grain sorghum",0
22011,"Louisiana","Beauregard","rice_long grain",0
22011,"Louisiana","Beauregard","soybeans",0
22011,"Louisiana","Beauregard","wheat",0
22015,"Louisiana","Bossier","corn",0
22015,"Louisiana","Bossier","cotton",0
22015,"Louisiana","Bossier","grain sorghum",0
22015,"Louisiana","Bossier","rice_long grain",0
22015,"Louisiana","Bossier","soybeans",0
22015,"Louisiana","Bossier","wheat",0
22017,"Louisiana","Caddo","corn",0
22017,"Louisiana","Caddo","cotton",0
22017,"Louisiana","Caddo","grain sorghum",0
22017,"Louisiana","Caddo","rice_long grain",0
22017,"Louisiana","Caddo","soybeans",0
22017,"Louisiana","Caddo","wheat",0
22019,"Louisiana","Calcasieu","oats",0
22019,"Louisiana","Calcasieu","rice_long grain",0
22019,"Louisiana","Calcasieu","rice_short/medium grain",0
22019,"Louisiana","Calcasieu","soybeans",0
22019,"Louisiana","Calcasieu","wheat",0
22021,"Louisiana","Caldwell","corn",1168.39435037921
22021,"Louisiana","Caldwell","cotton",320.39126184039
22021,"Louisiana","Caldwell","grain sorghum",10.9091008046649
22021,"Louisiana","Caldwell","oats",54.5365580636668
22021,"Louisiana","Caldwell","rice_long grain",84.1284672835978
22021,"Louisiana","Caldwell","rice_short/medium grain",41.6666354347952
22021,"Louisiana","Caldwell","soybeans",939.502363916592
22021,"Louisiana","Caldwell","wheat",166.54726227708
22023,"Louisiana","Cameron","rice_long grain",0
22023,"Louisiana","Cameron","rice_short/medium grain",0
22023,"Louisiana","Cameron","soybeans",0
22023,"Louisiana","Cameron","wheat",0
22025,"Louisiana","Catahoula","corn",1578.66710492995
22025,"Louisiana","Catahoula","cotton",1030.83831799169
22025,"Louisiana","Catahoula","grain sorghum",88.954341999742
22025,"Louisiana","Catahoula","oats",28.1035191999242
22025,"Louisiana","Catahoula","rice_long grain",142.266321363205
22025,"Louisiana","Catahoula","rice_short/medium grain",11.2562149395232
22025,"Louisiana","Catahoula","sesame",1.68020432038711
22025,"Louisiana","Catahoula","soybeans",3479.81734926036
22025,"Louisiana","Catahoula","sunflower",1.62247399265425
22025,"Louisiana","Catahoula","wheat",130.569725335908
22027,"Louisiana","Claiborne","wheat",0
22029,"Louisiana","Concordia","corn",2159.09543389908
22029,"Louisiana","Concordia","cotton",1103.17327747745
22029,"Louisiana","Concordia","grain sorghum",22.217138040536
22029,"Louisiana","Concordia","oats",13.5530335996332
22029,"Louisiana","Concordia","rice_long grain",618.960544645842
22029,"Louisiana","Concordia","rice_short/medium grain",29.4828513692769
22029,"Louisiana","Concordia","sesame",21.1810585029382
22029,"Louisiana","Concordia","soybeans",12075.0483019833
22029,"Louisiana","Concordia","sunflower",1.20048600488248
22029,"Louisiana","Concordia","wheat",600.228327810425
22031,"Louisiana","De Soto","corn",0
22031,"Louisiana","De Soto","cotton",0
22031,"Louisiana","De Soto","soybeans",0
22033,"Louisiana","East Baton Rouge","corn",0
22033,"Louisiana","East Baton Rouge","soybeans",0
22035,"Louisiana","East Carroll","canola",112.421604807831
22035,"Louisiana","East Carroll","corn",7407.60082987954
22035,"Louisiana","East Carroll","cotton",1516.7332947847
22035,"Louisiana","East Carroll","grain sorghum",44.5573221400189
22035,"Louisiana","East Carroll","oats",16.5607192482861
22035,"Louisiana","East Carroll","peanuts",33.8907606737428
22035,"Louisiana","East Carroll","rice_long grain",178.698799896544
22035,"Louisiana","East Carroll","soybeans",16414.8373182643
22035,"Louisiana","East Carroll","sunflower",4.55833834611354
22035,"Louisiana","East Carroll","wheat",63.7585452922349
22037,"Louisiana","East Feliciana","corn",0
22037,"Louisiana","East Feliciana","grain sorghum",0
22037,"Louisiana","East Feliciana","soybeans",0
22037,"Louisiana","East Feliciana","wheat",0
22039,"Louisiana","Evangeline","corn",0
22039,"Louisiana","Evangeline","cotton",0
22039,"Louisiana","Evangeline","grain sorghum",0
22039,"Louisiana","Evangeline","oats",0
22039,"Louisiana","Evangeline","rice_long grain",0
22039,"Louisiana","Evangeline","rice_short/medium grain",0
22039,"Louisiana","Evangeline","soybeans",0
22039,"Louisiana","Evangeline","wheat",0
22041,"Louisiana","Franklin","corn",15223.178539764
22041,"Louisiana","Franklin","cotton",2426.79101820908
22041,"Louisiana","Franklin","grain sorghum",21.1858924086693
22041,"Louisiana","Franklin","oats",15.6001553703449
22041,"Louisiana","Franklin","peanuts",0.00108389296920685
22041,"Louisiana","Franklin","rice_long grain",461.435818094883
22041,"Louisiana","Franklin","rice_short/medium grain",191.634535066124
22041,"Louisiana","Franklin","soybeans",8790.52342420189
22041,"Louisiana","Franklin","sunflower",3.75328048725907
22041,"Louisiana","Franklin","wheat",792.811705838071
22043,"Louisiana","Grant","corn",0
22043,"Louisiana","Grant","cotton",0
22043,"Louisiana","Grant","grain sorghum",0
22043,"Louisiana","Grant","soybeans",0
22043,"Louisiana","Grant","wheat",0
22045,"Louisiana","Iberia","corn",11.8038803289003
22045,"Louisiana","Iberia","rice_long grain",1228.60872838989
22045,"Louisiana","Iberia","rice_short/medium grain",94.6385327151086
22045,"Louisiana","Iberia","soybeans",7166.1403585661
22047,"Louisiana","Iberville","corn",453.229979172283
22047,"Louisiana","Iberville","grain sorghum",1.21984602662123
22047,"Louisiana","Iberville","rice_long grain",86.7496360845809
22047,"Louisiana","Iberville","soybeans",3826.81645496531
22047,"Louisiana","Iberville","wheat",444.913424751204
22053,"Louisiana","Jefferson Davis","corn",0
22053,"Louisiana","Jefferson Davis","grain sorghum",0
22053,"Louisiana","Jefferson Davis","rice_long grain",0
22053,"Louisiana","Jefferson Davis","rice_short/medium grain",0
22053,"Louisiana","Jefferson Davis","soybeans",0
22053,"Louisiana","Jefferson Davis","sunflower",0
22053,"Louisiana","Jefferson Davis","wheat",0
22059,"Louisiana","La Salle","corn",304.154
22059,"Louisiana","La Salle","soybeans",1234.032
22055,"Louisiana","Lafayette","corn",0
22055,"Louisiana","Lafayette","rice_long grain",0
22055,"Louisiana","Lafayette","rice_short/medium grain",0
22055,"Louisiana","Lafayette","soybeans",0
22055,"Louisiana","Lafayette","wheat",0
22057,"Louisiana","Lafourche","soybeans",8158.198791
22061,"Louisiana","Lincoln","dry peas",0
22065,"Louisiana","Madison","corn",12562.8477579644
22065,"Louisiana","Madison","cotton",4264.57566058738
22065,"Louisiana","Madison","grain sorghum",82.0235691751675
22065,"Louisiana","Madison","peanuts",30.941769858464
22065,"Louisiana","Madison","rice_long grain",828.315050052796
22065,"Louisiana","Madison","rice_short/medium grain",389.23098230512
22065,"Louisiana","Madison","soybeans",15553.7812892098
22065,"Louisiana","Madison","sunflower",7.73106896842921
22065,"Louisiana","Madison","wheat",232.27813187842
22067,"Louisiana","Morehouse","corn",15083.3027112911
22067,"Louisiana","Morehouse","cotton",2539.91694848476
22067,"Louisiana","Morehouse","grain sorghum",35.7188622557254
22067,"Louisiana","Morehouse","oats",54.8208861550833
22067,"Louisiana","Morehouse","peanuts",189.26872496321
22067,"Louisiana","Morehouse","rice_long grain",4165.95846977491
22067,"Louisiana","Morehouse","rice_short/medium grain",2068.73555648103
22067,"Louisiana","Morehouse","soybeans",14463.1374170226
22067,"Louisiana","Morehouse","wheat",476.068923571609
22069,"Louisiana","Natchitoches","corn",0
22069,"Louisiana","Natchitoches","cotton",0
22069,"Louisiana","Natchitoches","grain sorghum",0
22069,"Louisiana","Natchitoches","rice_long grain",0
22069,"Louisiana","Natchitoches","rice_short/medium grain",0
22069,"Louisiana","Natchitoches","soybeans",0
22069,"Louisiana","Natchitoches","wheat",0
22073,"Louisiana","Ouachita","corn",0
22073,"Louisiana","Ouachita","cotton",0
22073,"Louisiana","Ouachita","grain sorghum",0
22073,"Louisiana","Ouachita","peanuts",0
22073,"Louisiana","Ouachita","rice_long grain",0
22073,"Louisiana","Ouachita","rice_short/medium grain",0
22073,"Louisiana","Ouachita","soybeans",0
22073,"Louisiana","Ouachita","sunflower",0
22073,"Louisiana","Ouachita","wheat",0
22077,"Louisiana","Pointe Coupee","corn",0
22077,"Louisiana","Pointe Coupee","cotton",0
22077,"Louisiana","Pointe Coupee","grain sorghum",0
22077,"Louisiana","Pointe Coupee","oats",0
22077,"Louisiana","Pointe Coupee","rice_long grain",0
22077,"Louisiana","Pointe Coupee","soybeans",0
22077,"Louisiana","Pointe Coupee","sunflower",0
22077,"Louisiana","Pointe Coupee","wheat",0
22079,"Louisiana","Rapides","corn",1844.24635097694
22079,"Louisiana","Rapides","cotton",1492.40724761244
22079,"Louisiana","Rapides","grain sorghum",440.297020340111
22079,"Louisiana","Rapides","peanuts",1.06152350349032
22079,"Louisiana","Rapides","rice_long grain",2142.93995743605
22079,"Louisiana","Rapides","rice_short/medium grain",265.736132405082
22079,"Louisiana","Rapides","soybeans",7683.39628623725
22079,"Louisiana","Rapides","sunflower",6.36914102094194
22079,"Louisiana","Rapides","wheat",595.250153801001
22081,"Louisiana","Red River","corn",0
22081,"Louisiana","Red River","cotton",0
22081,"Louisiana","Red River","grain sorghum",0
22081,"Louisiana","Red River","rice_long grain",0
22081,"Louisiana","Red River","soybeans",0
22081,"Louisiana","Red River","wheat",0
22083,"Louisiana","Richland","canola",77.3213460293469
22083,"Louisiana","Richland","corn",9858.23600821986
22083,"Louisiana","Richland","cotton",2386.50383883631
22083,"Louisiana","Richland","grain sorghum",134.023757772776
22083,"Louisiana","Richland","oats",3.42457153869835
22083,"Louisiana","Richland","peanuts",72.0414786138433
22083,"Louisiana","Richland","rice_long grain",782.881162730076
22083,"Louisiana","Richland","rice_short/medium grain",12.4262633024593
22083,"Louisiana","Richland","soybeans",6276.21746432121
22083,"Louisiana","Richland","wheat",682.205608635421
22089,"Louisiana","St. Charles","soybeans",766.3357
22091,"Louisiana","St. Helena","corn",0
22091,"Louisiana","St. Helena","soybeans",0
22093,"Louisiana","St. James","corn",53.296543521893
22093,"Louisiana","St. James","soybeans",4677.83355647811
22095,"Louisiana","St. John the Baptist","soybeans",1350.3896
22097,"Louisiana","St. Landry","corn",0
22097,"Louisiana","St. Landry","cotton",0
22097,"Louisiana","St. Landry","grain sorghum",0
22097,"Louisiana","St. Landry","rice_long grain",0
22097,"Louisiana","St. Landry","rice_short/medium grain",0
22097,"Louisiana","St. Landry","soybeans",0
22097,"Louisiana","St. Landry","wheat",0
22099,"Louisiana","St. Martin","corn",0
22099,"Louisiana","St. Martin","rice_long grain",0
22099,"Louisiana","St. Martin","rice_short/medium grain",0
22099,"Louisiana","St. Martin","soybeans",0
22099,"Louisiana","St. Martin","wheat",0
22101,"Louisiana","St. Mary","soybeans",10466.3323
22103,"Louisiana","St. Tammany","corn",0
22105,"Louisiana","Tangipahoa","corn",0
22105,"Louisiana","Tangipahoa","oats",0
22105,"Louisiana","Tangipahoa","soybeans",0
22105,"Louisiana","Tangipahoa","wheat",0
22107,"Louisiana","Tensas","corn",8979.24720374049
22107,"Louisiana","Tensas","cotton",5242.53270586009
22107,"Louisiana","Tensas","grain sorghum",83.8734203821845
22107,"Louisiana","Tensas","oats",2.9341153712504
22107,"Louisiana","Tensas","rice_long grain",280.99225009102
22107,"Louisiana","Tensas","soybeans",9656.2712787048
22107,"Louisiana","Tensas","sunflower",9.8545586683383
22107,"Louisiana","Tensas","wheat",271.430467181828
22109,"Louisiana","Terrebonne","soybeans",1618.24852
22113,"Louisiana","Vermilion","corn",0
22113,"Louisiana","Vermilion","rice_long grain",0
22113,"Louisiana","Vermilion","rice_short/medium grain",0
22113,"Louisiana","Vermilion","soybeans",0
22113,"Louisiana","Vermilion","wheat",0
22117,"Louisiana","Washington","corn",0
22117,"Louisiana","Washington","oats",0
22117,"Louisiana","Washington","soybeans",0
22117,"Louisiana","Washington","wheat",0
22121,"Louisiana","West Baton Rouge","corn",0
22121,"Louisiana","West Baton Rouge","rice_long grain",0
22121,"Louisiana","West Baton Rouge","soybeans",0
22121,"Louisiana","West Baton Rouge","wheat",0
22123,"Louisiana","West Carroll","corn",7916.78973163662
22123,"Louisiana","West Carroll","cotton",895.402360536706
22123,"Louisiana","West Carroll","grain sorghum",28.2244065488627
22123,"Louisiana","West Carroll","oats",36.5499317704999
22123,"Louisiana","West Carroll","peanuts",7.24629616300073
22123,"Louisiana","West Carroll","rice_long grain",119.709402792149
22123,"Louisiana","West Carroll","rice_short/medium grain",181.917260022882
22123,"Louisiana","West Carroll","soybeans",7521.02674336791
22123,"Louisiana","West Carroll","sunflower",0.328287278445948
22123,"Louisiana","West Carroll","wheat",630.94306654959
22125,"Louisiana","West Feliciana","corn",0
22125,"Louisiana","West Feliciana","cotton",0
22125,"Louisiana","West Feliciana","soybeans",0
22127,"Louisiana","Winn","corn",107.554544542209
22127,"Louisiana","Winn","soybeans",120.993455457791
23001,"Maine","Androscoggin","barley",0
23001,"Maine","Androscoggin","corn",0
23001,"Maine","Androscoggin","oats",0
23001,"Maine","Androscoggin","wheat",0
23003,"Maine","Aroostook","barley",0
23003,"Maine","Aroostook","canola",0
23003,"Maine","Aroostook","corn",0
23003,"Maine","Aroostook","dry peas",0
23003,"Maine","Aroostook","mustard",0
23003,"Maine","Aroostook","oats",0
23003,"Maine","Aroostook","soybeans",0
23003,"Maine","Aroostook","sunflower",0
23003,"Maine","Aroostook","wheat",0
23005,"Maine","Cumberland","corn",0
23005,"Maine","Cumberland","soybeans",0
23005,"Maine","Cumberland","sunflower",0
23005,"Maine","Cumberland","wheat",0
23004,"Maine","Fort Kent","barley",936.480347237265
23004,"Maine","Fort Kent","corn",14.4370191629786
23004,"Maine","Fort Kent","mustard",80.2698265461608
23004,"Maine","Fort Kent","oats",8431.15278089133
23004,"Maine","Fort Kent","sunflower",3.33495142664805
23004,"Maine","Fort Kent","wheat",56.3043747356164
23007,"Maine","Franklin","barley",0
23007,"Maine","Franklin","corn",0
23007,"Maine","Franklin","oats",0
23007,"Maine","Franklin","soybeans",0
23002,"Maine","Houlton","barley",570.554222678094
23002,"Maine","Houlton","corn",1098.53326232443
23002,"Maine","Houlton","dry peas",171.268852968099
23002,"Maine","Houlton","oats",9859.64674707207
23002,"Maine","Houlton","soybeans",366.330767243065
23002,"Maine","Houlton","sunflower",37.2716900345814
23002,"Maine","Houlton","wheat",389.129724346325
23011,"Maine","Kennebec","corn",0
23011,"Maine","Kennebec","oats",0
23011,"Maine","Kennebec","soybeans",0
23011,"Maine","Kennebec","wheat",0
23013,"Maine","Knox","corn",0
23015,"Maine","Lincoln","corn",0
23017,"Maine","Oxford","corn",1455.69252495581
23017,"Maine","Oxford","oats",22.265659141916
23017,"Maine","Oxford","sunflower",16.9951492356043
23019,"Maine","Penobscot","corn",78.6669999999995
23021,"Maine","Piscataquis","barley",0
23021,"Maine","Piscataquis","corn",0
23021,"Maine","Piscataquis","dry peas",0
23021,"Maine","Piscataquis","oats",0
23021,"Maine","Piscataquis","soybeans",0
23021,"Maine","Piscataquis","sunflower",0
23021,"Maine","Piscataquis","wheat",0
23023,"Maine","Sagadahoc","corn",4.09800000000001
23025,"Maine","Somerset","corn",0
23025,"Maine","Somerset","oats",0
23025,"Maine","Somerset","soybeans",0
23025,"Maine","Somerset","wheat",0
23027,"Maine","Waldo","corn",0
23027,"Maine","Waldo","oats",0
23031,"Maine","York","corn",0
23031,"Maine","York","oats",0
23031,"Maine","York","wheat",0
24001,"Maryland","Allegany","corn",0
24001,"Maryland","Allegany","grain sorghum",0
24001,"Maryland","Allegany","oats",0
24001,"Maryland","Allegany","soybeans",0
24001,"Maryland","Allegany","wheat",0
24003,"Maryland","Anne Arundel","barley",0
24003,"Maryland","Anne Arundel","corn",0
24003,"Maryland","Anne Arundel","grain sorghum",0
24003,"Maryland","Anne Arundel","oats",0
24003,"Maryland","Anne Arundel","soybeans",0
24003,"Maryland","Anne Arundel","wheat",0
24005,"Maryland","Baltimore","barley",4.0259823952499
24005,"Maryland","Baltimore","canola",0.0127214757584675
24005,"Maryland","Baltimore","corn",72.3161194523118
24005,"Maryland","Baltimore","grain sorghum",1.81744091275771
24005,"Maryland","Baltimore","oats",0.272298948118078
24005,"Maryland","Baltimore","soybeans",56.3538219621838
24005,"Maryland","Baltimore","sunflower",0.104884327136645
24005,"Maryland","Baltimore","wheat",14.1866505264894
24009,"Maryland","Calvert","barley",7.18453759626443
24009,"Maryland","Calvert","corn",261.983415032931
24009,"Maryland","Calvert","grain sorghum",54.9167464752414
24009,"Maryland","Calvert","oats",1.86528009199568
24009,"Maryland","Calvert","soybeans",309.405723817821
24009,"Maryland","Calvert","sunflower",1.00368433634178
24009,"Maryland","Calvert","wheat",136.962612649406
24011,"Maryland","Caroline","barley",0
24011,"Maryland","Caroline","canola",0
24011,"Maryland","Caroline","corn",0
24011,"Maryland","Caroline","grain sorghum",0
24011,"Maryland","Caroline","oats",0
24011,"Maryland","Caroline","rapeseed",0
24011,"Maryland","Caroline","soybeans",0
24011,"Maryland","Caroline","sunflower",0
24011,"Maryland","Caroline","wheat",0
24013,"Maryland","Carroll","barley",155.604677812737
24013,"Maryland","Carroll","corn",3271.38452796116
24013,"Maryland","Carroll","grain sorghum",19.3263662456252
24013,"Maryland","Carroll","oats",12.0222431897671
24013,"Maryland","Carroll","soybeans",3070.88049375202
24013,"Maryland","Carroll","sunflower",2.14068212259313
24013,"Maryland","Carroll","wheat",617.547295582777
24015,"Maryland","Cecil","barley",94.3040420916208
24015,"Maryland","Cecil","corn",2261.78499888868
24015,"Maryland","Cecil","grain sorghum",10.4801786220966
24015,"Maryland","Cecil","oats",4.20730254226981
24015,"Maryland","Cecil","soybeans",2222.58154208368
24015,"Maryland","Cecil","sunflower",0.714101013632479
24015,"Maryland","Cecil","wheat",731.400168091344
24017,"Maryland","Charles","barley",0.510595492282235
24017,"Maryland","Charles","corn",101.738909052894
24017,"Maryland","Charles","grain sorghum",21.9328336091803
24017,"Maryland","Charles","oats",1.95226186474113
24017,"Maryland","Charles","soybeans",262.861350346942
24017,"Maryland","Charles","wheat",81.8143496339579
24019,"Maryland","Dorchester","barley",29.9537750958487
24019,"Maryland","Dorchester","corn",590.438717097476
24019,"Maryland","Dorchester","grain sorghum",53.3558169190398
24019,"Maryland","Dorchester","oats",2.33904153740742
24019,"Maryland","Dorchester","soybeans",904.303632955992
24019,"Maryland","Dorchester","sunflower",0.193774151949839
24019,"Maryland","Dorchester","wheat",261.291108908955
24021,"Maryland","Frederick","barley",217.424502744751
24021,"Maryland","Frederick","corn",4487.7285299655
24021,"Maryland","Frederick","dry peas",0.294302415044646
24021,"Maryland","Frederick","grain sorghum",37.2994171988943
24021,"Maryland","Frederick","oats",29.3162876093593
24021,"Maryland","Frederick","soybeans",4396.99299055636
24021,"Maryland","Frederick","sunflower",1.13600732207233
24021,"Maryland","Frederick","wheat",1216.35941552135
24023,"Maryland","Garrett","barley",27.8704637138226
24023,"Maryland","Garrett","corn",2354.22215612914
24023,"Maryland","Garrett","grain sorghum",5.37880314581431
24023,"Maryland","Garrett","oats",232.137620474147
24023,"Maryland","Garrett","soybeans",830.830630354328
24023,"Maryland","Garrett","sunflower",4.96436870094066
24023,"Maryland","Garrett","wheat",44.5832908151416
24025,"Maryland","Harford","barley",91.6210855324948
24025,"Maryland","Harford","corn",3298.29829568926
24025,"Maryland","Harford","grain sorghum",32.5584925817238
24025,"Maryland","Harford","oats",10.6775122333408
24025,"Maryland","Harford","soybeans",2466.92616211707
24025,"Maryland","Harford","sunflower",4.2105074526947
24025,"Maryland","Harford","wheat",598.795944393416
24027,"Maryland","Howard","barley",0
24027,"Maryland","Howard","corn",0
24027,"Maryland","Howard","grain sorghum",0
24027,"Maryland","Howard","soybeans",0
24027,"Maryland","Howard","sunflower",0
24027,"Maryland","Howard","wheat",0
24029,"Maryland","Kent","barley",0
24029,"Maryland","Kent","corn",0
24029,"Maryland","Kent","grain sorghum",0
24029,"Maryland","Kent","oats",0
24029,"Maryland","Kent","soybeans",0
24029,"Maryland","Kent","sunflower",0
24029,"Maryland","Kent","wheat",0
24031,"Maryland","Montgomery","barley",0
24031,"Maryland","Montgomery","corn",0
24031,"Maryland","Montgomery","grain sorghum",0
24031,"Maryland","Montgomery","oats",0
24031,"Maryland","Montgomery","soybeans",0
24031,"Maryland","Montgomery","wheat",0
24033,"Maryland","Prince George&#39;s","corn",0
24033,"Maryland","Prince George&#39;s","grain sorghum",0
24033,"Maryland","Prince George&#39;s","oats",0
24033,"Maryland","Prince George&#39;s","soybeans",0
24033,"Maryland","Prince George&#39;s","sunflower",0
24033,"Maryland","Prince George&#39;s","wheat",0
24035,"Maryland","Queen Anne&#39;s","barley",0
24035,"Maryland","Queen Anne&#39;s","corn",0
24035,"Maryland","Queen Anne&#39;s","grain sorghum",0
24035,"Maryland","Queen Anne&#39;s","oats",0
24035,"Maryland","Queen Anne&#39;s","soybeans",0
24035,"Maryland","Queen Anne&#39;s","wheat",0
24039,"Maryland","Somerset","barley",23.6205571011871
24039,"Maryland","Somerset","corn",1019.71505730485
24039,"Maryland","Somerset","grain sorghum",17.5619748507606
24039,"Maryland","Somerset","oats",0.207502955691414
24039,"Maryland","Somerset","soybeans",1502.99498572354
24039,"Maryland","Somerset","sunflower",0.278910855423277
24039,"Maryland","Somerset","wheat",528.031511208535
24037,"Maryland","St. Mary&#39;s","barley",20.7793173783906
24037,"Maryland","St. Mary&#39;s","corn",333.627958546387
24037,"Maryland","St. Mary&#39;s","grain sorghum",17.1615482154911
24037,"Maryland","St. Mary&#39;s","oats",7.66419062059467
24037,"Maryland","St. Mary&#39;s","rapeseed",1.27383764310854
24037,"Maryland","St. Mary&#39;s","soybeans",652.256819149954
24037,"Maryland","St. Mary&#39;s","sunflower",1.42225443847934
24037,"Maryland","St. Mary&#39;s","wheat",191.788574007595
24041,"Maryland","Talbot","barley",0
24041,"Maryland","Talbot","corn",0
24041,"Maryland","Talbot","grain sorghum",0
24041,"Maryland","Talbot","oats",0
24041,"Maryland","Talbot","soybeans",0
24041,"Maryland","Talbot","sunflower",0
24041,"Maryland","Talbot","wheat",0
24043,"Maryland","Washington","barley",606.644387700412
24043,"Maryland","Washington","corn",5550.81950724414
24043,"Maryland","Washington","grain sorghum",134.895501815757
24043,"Maryland","Washington","oats",100.658898869396
24043,"Maryland","Washington","soybeans",4788.13571256429
24043,"Maryland","Washington","sunflower",3.13443447748232
24043,"Maryland","Washington","wheat",1880.26805732853
24045,"Maryland","Wicomico","barley",0
24045,"Maryland","Wicomico","corn",0
24045,"Maryland","Wicomico","dry peas",0
24045,"Maryland","Wicomico","grain sorghum",0
24045,"Maryland","Wicomico","oats",0
24045,"Maryland","Wicomico","soybeans",0
24045,"Maryland","Wicomico","sunflower",0
24045,"Maryland","Wicomico","wheat",0
24047,"Maryland","Worcester","barley",0.451866108006254
24047,"Maryland","Worcester","corn",112.810621127283
24047,"Maryland","Worcester","grain sorghum",0.982765938255013
24047,"Maryland","Worcester","soybeans",118.372260817242
24047,"Maryland","Worcester","sunflower",0.0369005916825294
24047,"Maryland","Worcester","wheat",19.4305854175376
25001,"Massachusetts","Barnstable","corn",0
25003,"Massachusetts","Berkshire","corn",0
25003,"Massachusetts","Berkshire","oats",0
25003,"Massachusetts","Berkshire","soybeans",0
25003,"Massachusetts","Berkshire","sunflower",0
25003,"Massachusetts","Berkshire","wheat",0
25005,"Massachusetts","Bristol","corn",0
25005,"Massachusetts","Bristol","oats",0
25005,"Massachusetts","Bristol","soybeans",0
25005,"Massachusetts","Bristol","sunflower",0
25005,"Massachusetts","Bristol","wheat",0
25007,"Massachusetts","Dukes","corn",0
25009,"Massachusetts","Essex","corn",0
25009,"Massachusetts","Essex","dry peas",0
25011,"Massachusetts","Franklin","barley",2.49777531144641
25011,"Massachusetts","Franklin","corn",542.984654033815
25011,"Massachusetts","Franklin","oats",3.78327694261853
25011,"Massachusetts","Franklin","soybeans",0.0742310735128653
25011,"Massachusetts","Franklin","wheat",3.44672930527304
25013,"Massachusetts","Hampden","barley",4.16837342169067
25013,"Massachusetts","Hampden","corn",35.164627729264
25013,"Massachusetts","Hampden","soybeans",4.5014989796038
25013,"Massachusetts","Hampden","sunflower",0.0107598694416383
25015,"Massachusetts","Hampshire","barley",0
25015,"Massachusetts","Hampshire","corn",0
25015,"Massachusetts","Hampshire","grain sorghum",0
25015,"Massachusetts","Hampshire","oats",0
25015,"Massachusetts","Hampshire","soybeans",0
25015,"Massachusetts","Hampshire","sunflower",0
25015,"Massachusetts","Hampshire","wheat",0
25017,"Massachusetts","Middlesex","corn",0
25017,"Massachusetts","Middlesex","mustard",0
25017,"Massachusetts","Middlesex","soybeans",0
25017,"Massachusetts","Middlesex","sunflower",0
25017,"Massachusetts","Middlesex","wheat",0
25021,"Massachusetts","Norfolk","corn",0
25021,"Massachusetts","Norfolk","soybeans",0
25021,"Massachusetts","Norfolk","sunflower",0
25023,"Massachusetts","Plymouth","chickpeas_large",0
25023,"Massachusetts","Plymouth","chickpeas_small",0
25023,"Massachusetts","Plymouth","corn",0
25023,"Massachusetts","Plymouth","dry peas",0
25023,"Massachusetts","Plymouth","oats",0
25027,"Massachusetts","Worcester","barley",0
25027,"Massachusetts","Worcester","corn",0
25027,"Massachusetts","Worcester","dry peas",0
25027,"Massachusetts","Worcester","oats",0
25027,"Massachusetts","Worcester","peanuts",0
25027,"Massachusetts","Worcester","soybeans",0
25027,"Massachusetts","Worcester","sunflower",0
25027,"Massachusetts","Worcester","wheat",0
26001,"Michigan","Alcona","barley",3.21143483084881
26001,"Michigan","Alcona","corn",578.515899016181
26001,"Michigan","Alcona","oats",44.073731618569
26001,"Michigan","Alcona","soybeans",468.94696116922
26001,"Michigan","Alcona","wheat",184.22797336518
26003,"Michigan","Alger","barley",0
26003,"Michigan","Alger","corn",0
26003,"Michigan","Alger","oats",0
26003,"Michigan","Alger","soybeans",0
26005,"Michigan","Allegan","barley",0
26005,"Michigan","Allegan","corn",0
26005,"Michigan","Allegan","dry peas",0
26005,"Michigan","Allegan","grain sorghum",0
26005,"Michigan","Allegan","oats",0
26005,"Michigan","Allegan","soybeans",0
26005,"Michigan","Allegan","sunflower",0
26005,"Michigan","Allegan","wheat",0
26007,"Michigan","Alpena","barley",15.1286563039684
26007,"Michigan","Alpena","corn",2510.80556901396
26007,"Michigan","Alpena","dry peas",5.62943695781488
26007,"Michigan","Alpena","oats",373.504348631424
26007,"Michigan","Alpena","soybeans",3514.25357817434
26007,"Michigan","Alpena","wheat",970.338744251825
26009,"Michigan","Antrim","barley",0
26009,"Michigan","Antrim","canola",0
26009,"Michigan","Antrim","corn",0
26009,"Michigan","Antrim","grain sorghum",0
26009,"Michigan","Antrim","oats",0
26009,"Michigan","Antrim","soybeans",0
26009,"Michigan","Antrim","sunflower",0
26009,"Michigan","Antrim","wheat",0
26011,"Michigan","Arenac","barley",5.43152763026439
26011,"Michigan","Arenac","corn",5909.11405559106
26011,"Michigan","Arenac","oats",199.842700229154
26011,"Michigan","Arenac","soybeans",6413.9580515848
26011,"Michigan","Arenac","wheat",2021.31266496473
26013,"Michigan","Baraga","barley",0
26013,"Michigan","Baraga","corn",0
26013,"Michigan","Baraga","grain sorghum",0
26013,"Michigan","Baraga","oats",0
26013,"Michigan","Baraga","soybeans",0
26015,"Michigan","Barry","barley",0.108434541263572
26015,"Michigan","Barry","corn",354.614801050985
26015,"Michigan","Barry","grain sorghum",0.113775532414011
26015,"Michigan","Barry","oats",1.39721984616781
26015,"Michigan","Barry","soybeans",282.521721594458
26015,"Michigan","Barry","wheat",53.6110474346949
26017,"Michigan","Bay","barley",33.5242991486959
26017,"Michigan","Bay","corn",19361.9550329064
26017,"Michigan","Bay","grain sorghum",8.53451246632857
26017,"Michigan","Bay","oats",118.173384783608
26017,"Michigan","Bay","soybeans",22535.5605738881
26017,"Michigan","Bay","wheat",5923.28626347353
26019,"Michigan","Benzie","corn",0
26019,"Michigan","Benzie","oats",0
26019,"Michigan","Benzie","soybeans",0
26019,"Michigan","Benzie","wheat",0
26021,"Michigan","Berrien","barley",2.50240334049974
26021,"Michigan","Berrien","corn",5634.32850092159
26021,"Michigan","Berrien","grain sorghum",7.45540313257796
26021,"Michigan","Berrien","oats",4.56118298511062
26021,"Michigan","Berrien","soybeans",4848.46922821017
26021,"Michigan","Berrien","sunflower",0.172399395065744
26021,"Michigan","Berrien","wheat",201.710122014971
26023,"Michigan","Branch","barley",0
26023,"Michigan","Branch","corn",0
26023,"Michigan","Branch","grain sorghum",0
26023,"Michigan","Branch","oats",0
26023,"Michigan","Branch","soybeans",0
26023,"Michigan","Branch","wheat",0
26025,"Michigan","Calhoun","barley",0.371557202425438
26025,"Michigan","Calhoun","corn",1987.60007679173
26025,"Michigan","Calhoun","grain sorghum",1.65562613144882
26025,"Michigan","Calhoun","oats",7.47919580160801
26025,"Michigan","Calhoun","soybeans",1860.90012313776
26025,"Michigan","Calhoun","sunflower",0.0330934938700012
26025,"Michigan","Calhoun","wheat",119.021660774541
26027,"Michigan","Cass","barley",3.9573604117056
26027,"Michigan","Cass","corn",4993.67828375789
26027,"Michigan","Cass","grain sorghum",14.6138654721625
26027,"Michigan","Cass","oats",8.05403870676051
26027,"Michigan","Cass","soybeans",3563.52990194152
26027,"Michigan","Cass","sunflower",0.0580491180622143
26027,"Michigan","Cass","wheat",116.838500591908
26029,"Michigan","Charlevoix","barley",0
26029,"Michigan","Charlevoix","corn",0
26029,"Michigan","Charlevoix","oats",0
26029,"Michigan","Charlevoix","sunflower",0
26029,"Michigan","Charlevoix","wheat",0
26031,"Michigan","Cheboygan","barley",0
26031,"Michigan","Cheboygan","corn",0
26031,"Michigan","Cheboygan","oats",0
26031,"Michigan","Cheboygan","rapeseed",0
26031,"Michigan","Cheboygan","soybeans",0
26031,"Michigan","Cheboygan","sunflower",0
26031,"Michigan","Cheboygan","wheat",0
26033,"Michigan","Chippewa","barley",0
26033,"Michigan","Chippewa","corn",0
26033,"Michigan","Chippewa","oats",0
26033,"Michigan","Chippewa","rapeseed",0
26033,"Michigan","Chippewa","soybeans",0
26033,"Michigan","Chippewa","wheat",0
26035,"Michigan","Clare","barley",5.88600052988473
26035,"Michigan","Clare","canola",8.48275721365428
26035,"Michigan","Clare","corn",679.433709160394
26035,"Michigan","Clare","oats",61.970499317244
26035,"Michigan","Clare","soybeans",651.436006873591
26035,"Michigan","Clare","wheat",130.779526905233
26037,"Michigan","Clinton","barley",0.0923062267660293
26037,"Michigan","Clinton","canola",0.637056976142582
26037,"Michigan","Clinton","corn",330.46426581717
26037,"Michigan","Clinton","grain sorghum",0.0190358291358787
26037,"Michigan","Clinton","oats",2.77958194469794
26037,"Michigan","Clinton","soybeans",300.710720996959
26037,"Michigan","Clinton","sunflower",0.000745643076751009
26037,"Michigan","Clinton","wheat",91.8146198993916
26041,"Michigan","Delta","barley",0
26041,"Michigan","Delta","corn",0
26041,"Michigan","Delta","dry peas",0
26041,"Michigan","Delta","oats",0
26041,"Michigan","Delta","soybeans",0
26041,"Michigan","Delta","sunflower",0
26041,"Michigan","Delta","wheat",0
26043,"Michigan","Dickinson","barley",0
26043,"Michigan","Dickinson","corn",0
26043,"Michigan","Dickinson","oats",0
26043,"Michigan","Dickinson","soybeans",0
26043,"Michigan","Dickinson","sunflower",0
26043,"Michigan","Dickinson","wheat",0
26045,"Michigan","Eaton","barley",0.490660414806594
26045,"Michigan","Eaton","corn",2365.96529362176
26045,"Michigan","Eaton","grain sorghum",0.584244762523488
26045,"Michigan","Eaton","oats",12.3893301587388
26045,"Michigan","Eaton","soybeans",3497.84749898051
26045,"Michigan","Eaton","wheat",732.510305394979
26047,"Michigan","Emmet","barley",0
26047,"Michigan","Emmet","corn",0
26047,"Michigan","Emmet","oats",0
26047,"Michigan","Emmet","soybeans",0
26049,"Michigan","Genesee","barley",1.93234146048635
26049,"Michigan","Genesee","corn",1044.33845554003
26049,"Michigan","Genesee","grain sorghum",0.656289222487884
26049,"Michigan","Genesee","oats",6.4943070448711
26049,"Michigan","Genesee","soybeans",1520.07600915442
26049,"Michigan","Genesee","wheat",191.964597577706
26051,"Michigan","Gladwin","barley",8.5844693933171
26051,"Michigan","Gladwin","corn",1230.81863775574
26051,"Michigan","Gladwin","oats",64.4167128637569
26051,"Michigan","Gladwin","soybeans",1838.15715611585
26051,"Michigan","Gladwin","sunflower",0.218028600967493
26051,"Michigan","Gladwin","wheat",297.788995270381
26053,"Michigan","Gogebic","oats",1.56666666666667
26055,"Michigan","Grand Traverse","barley",0
26055,"Michigan","Grand Traverse","corn",0
26055,"Michigan","Grand Traverse","grain sorghum",0
26055,"Michigan","Grand Traverse","mustard",0
26055,"Michigan","Grand Traverse","oats",0
26055,"Michigan","Grand Traverse","soybeans",0
26055,"Michigan","Grand Traverse","sunflower",0
26055,"Michigan","Grand Traverse","wheat",0
26057,"Michigan","Gratiot","barley",18.3953019630788
26057,"Michigan","Gratiot","corn",18635.1790808986
26057,"Michigan","Gratiot","flaxseed",1.90417700564968
26057,"Michigan","Gratiot","oats",40.4081594014908
26057,"Michigan","Gratiot","soybeans",16296.6937277804
26057,"Michigan","Gratiot","sunflower",2.4106880891525
26057,"Michigan","Gratiot","wheat",3845.23106486158
26059,"Michigan","Hillsdale","barley",0.327203348305014
26059,"Michigan","Hillsdale","canola",0.642337971724035
26059,"Michigan","Hillsdale","corn",1330.53902165932
26059,"Michigan","Hillsdale","dry peas",0.833844743265221
26059,"Michigan","Hillsdale","oats",3.79789907023991
26059,"Michigan","Hillsdale","soybeans",1522.67408979282
26059,"Michigan","Hillsdale","sunflower",0.871631492045325
26059,"Michigan","Hillsdale","wheat",170.696638588987
26061,"Michigan","Houghton","barley",0
26061,"Michigan","Houghton","corn",0
26061,"Michigan","Houghton","dry peas",0
26061,"Michigan","Houghton","grain sorghum",0
26061,"Michigan","Houghton","oats",0
26061,"Michigan","Houghton","sunflower",0
26061,"Michigan","Houghton","wheat",0
26063,"Michigan","Huron","barley",38.9157556632944
26063,"Michigan","Huron","corn",19202.9797591844
26063,"Michigan","Huron","grain sorghum",3.88659926633423
26063,"Michigan","Huron","oats",190.05797322593
26063,"Michigan","Huron","soybeans",10258.7982673358
26063,"Michigan","Huron","sunflower",38.7025375540105
26063,"Michigan","Huron","wheat",12485.7074077702
26065,"Michigan","Ingham","barley",0.165879625663287
26065,"Michigan","Ingham","canola",7.08594433125718
26065,"Michigan","Ingham","corn",800.007753078918
26065,"Michigan","Ingham","grain sorghum",0.151143166891377
26065,"Michigan","Ingham","oats",0.987690367001773
26065,"Michigan","Ingham","soybeans",797.397431992257
26065,"Michigan","Ingham","sunflower",0.450618237769953
26065,"Michigan","Ingham","wheat",203.091405866911
26067,"Michigan","Ionia","barley",0
26067,"Michigan","Ionia","corn",0
26067,"Michigan","Ionia","oats",0
26067,"Michigan","Ionia","soybeans",0
26067,"Michigan","Ionia","sunflower",0
26067,"Michigan","Ionia","wheat",0
26069,"Michigan","Iosco","barley",0
26069,"Michigan","Iosco","corn",0
26069,"Michigan","Iosco","oats",0
26069,"Michigan","Iosco","rapeseed",0
26069,"Michigan","Iosco","soybeans",0
26069,"Michigan","Iosco","sunflower",0
26069,"Michigan","Iosco","wheat",0
26071,"Michigan","Iron","corn",0
26071,"Michigan","Iron","oats",0
26071,"Michigan","Iron","soybeans",0
26073,"Michigan","Isabella","barley",11.9061386324399
26073,"Michigan","Isabella","corn",5700.00863996135
26073,"Michigan","Isabella","grain sorghum",2.03799139178322
26073,"Michigan","Isabella","oats",165.025720139295
26073,"Michigan","Isabella","soybeans",8060.66019238699
26073,"Michigan","Isabella","sunflower",4.62327822278315
26073,"Michigan","Isabella","wheat",1766.79281926536
26075,"Michigan","Jackson","barley",0
26075,"Michigan","Jackson","canola",0
26075,"Michigan","Jackson","corn",0
26075,"Michigan","Jackson","oats",0
26075,"Michigan","Jackson","soybeans",0
26075,"Michigan","Jackson","sunflower",0
26075,"Michigan","Jackson","wheat",0
26077,"Michigan","Kalamazoo","corn",0
26077,"Michigan","Kalamazoo","grain sorghum",0
26077,"Michigan","Kalamazoo","oats",0
26077,"Michigan","Kalamazoo","soybeans",0
26077,"Michigan","Kalamazoo","sunflower",0
26077,"Michigan","Kalamazoo","wheat",0
26079,"Michigan","Kalkaska","barley",0
26079,"Michigan","Kalkaska","corn",0
26079,"Michigan","Kalkaska","grain sorghum",0
26079,"Michigan","Kalkaska","oats",0
26079,"Michigan","Kalkaska","soybeans",0
26079,"Michigan","Kalkaska","wheat",0
26081,"Michigan","Kent","barley",0
26081,"Michigan","Kent","corn",0
26081,"Michigan","Kent","dry peas",0
26081,"Michigan","Kent","oats",0
26081,"Michigan","Kent","soybeans",0
26081,"Michigan","Kent","sunflower",0
26081,"Michigan","Kent","wheat",0
26085,"Michigan","Lake","corn",382.799508516857
26085,"Michigan","Lake","oats",34.1042537428155
26085,"Michigan","Lake","soybeans",68.3870898632637
26085,"Michigan","Lake","wheat",72.8701478770635
26087,"Michigan","Lapeer","barley",0
26087,"Michigan","Lapeer","corn",0
26087,"Michigan","Lapeer","dry peas",0
26087,"Michigan","Lapeer","oats",0
26087,"Michigan","Lapeer","soybeans",0
26087,"Michigan","Lapeer","sunflower",0
26087,"Michigan","Lapeer","wheat",0
26089,"Michigan","Leelanau","barley",0
26089,"Michigan","Leelanau","corn",0
26089,"Michigan","Leelanau","grain sorghum",0
26089,"Michigan","Leelanau","oats",0
26089,"Michigan","Leelanau","soybeans",0
26089,"Michigan","Leelanau","sunflower",0
26089,"Michigan","Leelanau","wheat",0
26091,"Michigan","Lenawee","barley",0.254756459310885
26091,"Michigan","Lenawee","corn",2607.23624617479
26091,"Michigan","Lenawee","grain sorghum",3.73275511056035
26091,"Michigan","Lenawee","oats",3.98377396645435
26091,"Michigan","Lenawee","soybeans",3367.43829883744
26091,"Michigan","Lenawee","sunflower",0.158671843169409
26091,"Michigan","Lenawee","wheat",752.775030941619
26093,"Michigan","Livingston","barley",0
26093,"Michigan","Livingston","corn",0
26093,"Michigan","Livingston","oats",0
26093,"Michigan","Livingston","soybeans",0
26093,"Michigan","Livingston","sunflower",0
26093,"Michigan","Livingston","wheat",0
26095,"Michigan","Luce","barley",0
26095,"Michigan","Luce","wheat",0
26097,"Michigan","Mackinac","corn",0
26097,"Michigan","Mackinac","oats",0
26097,"Michigan","Mackinac","soybeans",0
26097,"Michigan","Mackinac","sunflower",0
26097,"Michigan","Mackinac","wheat",0
26099,"Michigan","Macomb","barley",1.23401736239912
26099,"Michigan","Macomb","corn",166.447804274955
26099,"Michigan","Macomb","oats",1.03524357182083
26099,"Michigan","Macomb","soybeans",434.727188073808
26099,"Michigan","Macomb","wheat",42.0169133836842
26101,"Michigan","Manistee","corn",912.621917888813
26101,"Michigan","Manistee","oats",42.6453863144314
26101,"Michigan","Manistee","soybeans",36.7258735690136
26101,"Michigan","Manistee","wheat",46.4328222277418
26103,"Michigan","Marquette","corn",0
26103,"Michigan","Marquette","oats",0
26105,"Michigan","Mason","barley",6.34759783131481
26105,"Michigan","Mason","corn",4111.22442563809
26105,"Michigan","Mason","grain sorghum",6.33280783424968
26105,"Michigan","Mason","oats",343.203226441452
26105,"Michigan","Mason","soybeans",2024.74306876279
26105,"Michigan","Mason","sunflower",5.3711891159789
26105,"Michigan","Mason","wheat",1199.6193510428
26107,"Michigan","Mecosta","barley",6.2742933953513
26107,"Michigan","Mecosta","corn",6683.82358146209
26107,"Michigan","Mecosta","oats",304.518729721247
26107,"Michigan","Mecosta","soybeans",1787.36215510985
26107,"Michigan","Mecosta","sunflower",8.80832602424887
26107,"Michigan","Mecosta","wheat",720.53108095387
26109,"Michigan","Menominee","barley",41.2775253298857
26109,"Michigan","Menominee","corn",1308.61332899452
26109,"Michigan","Menominee","dry peas",41.6797052009382
26109,"Michigan","Menominee","oats",109.874412544155
26109,"Michigan","Menominee","soybeans",361.994569357475
26109,"Michigan","Menominee","sunflower",0.304731998005877
26109,"Michigan","Menominee","wheat",187.731059908357
26111,"Michigan","Midland","corn",5139.44384326702
26111,"Michigan","Midland","oats",28.5766281321445
26111,"Michigan","Midland","soybeans",6064.36518571342
26111,"Michigan","Midland","sunflower",12.7630278970268
26111,"Michigan","Midland","wheat",902.063314990387
26113,"Michigan","Missaukee","barley",4.98393397907447
26113,"Michigan","Missaukee","corn",3855.01931240638
26113,"Michigan","Missaukee","oats",75.8210254315249
26113,"Michigan","Missaukee","soybeans",9.02315376446678
26113,"Michigan","Missaukee","wheat",119.183241085223
26115,"Michigan","Monroe","barley",0
26115,"Michigan","Monroe","corn",0
26115,"Michigan","Monroe","grain sorghum",0
26115,"Michigan","Monroe","oats",0
26115,"Michigan","Monroe","soybeans",0
26115,"Michigan","Monroe","wheat",0
26117,"Michigan","Montcalm","barley",4.53193829883819
26117,"Michigan","Montcalm","corn",14885.3595062593
26117,"Michigan","Montcalm","dry peas",38.4462512655785
26117,"Michigan","Montcalm","oats",320.551709607392
26117,"Michigan","Montcalm","soybeans",7045.25215842243
26117,"Michigan","Montcalm","sunflower",3.41589539802964
26117,"Michigan","Montcalm","wheat",3544.32204074842
26119,"Michigan","Montmorency","barley",3.40041991147699
26119,"Michigan","Montmorency","corn",202.459584126318
26119,"Michigan","Montmorency","oats",30.9578604905328
26119,"Michigan","Montmorency","soybeans",506.974611049511
26119,"Michigan","Montmorency","sunflower",0.437885914585158
26119,"Michigan","Montmorency","wheat",69.9103051742425
26121,"Michigan","Muskegon","barley",0
26121,"Michigan","Muskegon","corn",0
26121,"Michigan","Muskegon","oats",0
26121,"Michigan","Muskegon","soybeans",0
26121,"Michigan","Muskegon","wheat",0
26123,"Michigan","Newaygo","barley",0
26123,"Michigan","Newaygo","corn",0
26123,"Michigan","Newaygo","oats",0
26123,"Michigan","Newaygo","safflower",0
26123,"Michigan","Newaygo","soybeans",0
26123,"Michigan","Newaygo","sunflower",0
26123,"Michigan","Newaygo","wheat",0
26125,"Michigan","Oakland","corn",0
26125,"Michigan","Oakland","oats",0
26125,"Michigan","Oakland","soybeans",0
26125,"Michigan","Oakland","wheat",0
26127,"Michigan","Oceana","corn",6030.0020882052
26127,"Michigan","Oceana","oats",204.735055500648
26127,"Michigan","Oceana","soybeans",1926.71426130699
26127,"Michigan","Oceana","sunflower",19.9565676813516
26127,"Michigan","Oceana","wheat",1058.97386063914
26129,"Michigan","Ogemaw","barley",7.878295871535
26129,"Michigan","Ogemaw","corn",430.743564121935
26129,"Michigan","Ogemaw","oats",41.8557316546551
26129,"Michigan","Ogemaw","soybeans",156.241616959651
26129,"Michigan","Ogemaw","wheat",98.2407913922192
26131,"Michigan","Ontonagon","barley",0
26131,"Michigan","Ontonagon","oats",0
26131,"Michigan","Ontonagon","wheat",0
26133,"Michigan","Osceola","corn",996.846870986966
26133,"Michigan","Osceola","oats",28.0938041012155
26133,"Michigan","Osceola","soybeans",45.8599031283236
26133,"Michigan","Osceola","wheat",104.189088450164
26135,"Michigan","Oscoda","barley",0
26135,"Michigan","Oscoda","corn",0
26137,"Michigan","Otsego","barley",0
26137,"Michigan","Otsego","corn",0
26137,"Michigan","Otsego","grain sorghum",0
26137,"Michigan","Otsego","oats",0
26137,"Michigan","Otsego","soybeans",0
26137,"Michigan","Otsego","sunflower",0
26137,"Michigan","Otsego","wheat",0
26139,"Michigan","Ottawa","barley",0
26139,"Michigan","Ottawa","corn",0
26139,"Michigan","Ottawa","grain sorghum",0
26139,"Michigan","Ottawa","oats",0
26139,"Michigan","Ottawa","soybeans",0
26139,"Michigan","Ottawa","sunflower",0
26139,"Michigan","Ottawa","wheat",0
26141,"Michigan","Presque Isle","barley",37.168632111551
26141,"Michigan","Presque Isle","corn",2426.09746444701
26141,"Michigan","Presque Isle","dry peas",1.23153780935536
26141,"Michigan","Presque Isle","oats",758.591165453827
26141,"Michigan","Presque Isle","soybeans",3460.7977647079
26141,"Michigan","Presque Isle","sunflower",43.2524288897664
26141,"Michigan","Presque Isle","wheat",1364.60300658059
26143,"Michigan","Roscommon","corn",0
26143,"Michigan","Roscommon","oats",0
26143,"Michigan","Roscommon","wheat",0
26145,"Michigan","Saginaw","barley",1.32472555761454
26145,"Michigan","Saginaw","corn",14725.3480227333
26145,"Michigan","Saginaw","oats",70.0385714124702
26145,"Michigan","Saginaw","soybeans",19021.4477767672
26145,"Michigan","Saginaw","sunflower",21.6294565419514
26145,"Michigan","Saginaw","wheat",3195.2685136541
26151,"Michigan","Sanilac","barley",14.0777474517888
26151,"Michigan","Sanilac","corn",20879.0853650972
26151,"Michigan","Sanilac","grain sorghum",27.0910179439033
26151,"Michigan","Sanilac","oats",268.863718518049
26151,"Michigan","Sanilac","soybeans",24881.175277047
26151,"Michigan","Sanilac","sunflower",4.54058516843214
26151,"Michigan","Sanilac","wheat",9241.73938877361
26153,"Michigan","Schoolcraft","barley",0
26153,"Michigan","Schoolcraft","corn",0
26153,"Michigan","Schoolcraft","dry peas",0
26153,"Michigan","Schoolcraft","oats",0
26153,"Michigan","Schoolcraft","soybeans",0
26155,"Michigan","Shiawassee","barley",0.623643322013697
26155,"Michigan","Shiawassee","canola",5.15891337313492
26155,"Michigan","Shiawassee","corn",2717.81952216495
26155,"Michigan","Shiawassee","oats",35.5498663368599
26155,"Michigan","Shiawassee","soybeans",4662.06138210782
26155,"Michigan","Shiawassee","sunflower",16.3725096307679
26155,"Michigan","Shiawassee","wheat",981.524163064438
26147,"Michigan","St. Clair","barley",0
26147,"Michigan","St. Clair","corn",0
26147,"Michigan","St. Clair","grain sorghum",0
26147,"Michigan","St. Clair","oats",0
26147,"Michigan","St. Clair","soybeans",0
26147,"Michigan","St. Clair","wheat",0
26149,"Michigan","St. Joseph","barley",4.07496975332126
26149,"Michigan","St. Joseph","corn",2814.44145588689
26149,"Michigan","St. Joseph","grain sorghum",27.0656978826003
26149,"Michigan","St. Joseph","oats",11.0675865906053
26149,"Michigan","St. Joseph","soybeans",1980.63772388877
26149,"Michigan","St. Joseph","sunflower",4.15033544116743
26149,"Michigan","St. Joseph","wheat",135.228230556636
26157,"Michigan","Tuscola","barley",14.127540385712
26157,"Michigan","Tuscola","canola",18.2578142100613
26157,"Michigan","Tuscola","corn",17687.7814262022
26157,"Michigan","Tuscola","dry peas",13.9887513102128
26157,"Michigan","Tuscola","grain sorghum",49.5641765172741
26157,"Michigan","Tuscola","oats",89.68995371303
26157,"Michigan","Tuscola","rice_long grain",10.1063681340815
26157,"Michigan","Tuscola","soybeans",16018.9539730217
26157,"Michigan","Tuscola","sunflower",3.3710159407357
26157,"Michigan","Tuscola","wheat",6943.66494723174
26159,"Michigan","Van Buren","barley",0.657489592204546
26159,"Michigan","Van Buren","corn",3476.92188118295
26159,"Michigan","Van Buren","grain sorghum",13.0682246206229
26159,"Michigan","Van Buren","oats",3.92314961360276
26159,"Michigan","Van Buren","soybeans",1766.16867991799
26159,"Michigan","Van Buren","sunflower",0.450820531056569
26159,"Michigan","Van Buren","wheat",122.239254541579
26161,"Michigan","Washtenaw","barley",0
26161,"Michigan","Washtenaw","corn",0
26161,"Michigan","Washtenaw","grain sorghum",0
26161,"Michigan","Washtenaw","oats",0
26161,"Michigan","Washtenaw","soybeans",0
26161,"Michigan","Washtenaw","sunflower",0
26161,"Michigan","Washtenaw","wheat",0
26163,"Michigan","Wayne","corn",0
26163,"Michigan","Wayne","oats",0
26163,"Michigan","Wayne","soybeans",0
26163,"Michigan","Wayne","wheat",0
26165,"Michigan","Wexford","corn",2239.4481435654
26165,"Michigan","Wexford","oats",85.6137730816263
26165,"Michigan","Wexford","soybeans",102.489845065114
26165,"Michigan","Wexford","wheat",157.688238287857
27001,"Minnesota","Aitkin","barley",5.94717706338774
27001,"Minnesota","Aitkin","canola",3.24404043235166
27001,"Minnesota","Aitkin","corn",286.267461750223
27001,"Minnesota","Aitkin","oats",47.5815636337275
27001,"Minnesota","Aitkin","soybeans",762.227655072735
27001,"Minnesota","Aitkin","sunflower",0.197482220268562
27001,"Minnesota","Aitkin","wheat",5.10195316063829
27003,"Minnesota","Anoka","corn",0
27003,"Minnesota","Anoka","dry peas",0
27003,"Minnesota","Anoka","oats",0
27003,"Minnesota","Anoka","soybeans",0
27003,"Minnesota","Anoka","wheat",0
27005,"Minnesota","Becker","barley",69.7066710448239
27005,"Minnesota","Becker","canola",3.76216311289939
27005,"Minnesota","Becker","corn",5258.81964712013
27005,"Minnesota","Becker","dry peas",24.8098471507118
27005,"Minnesota","Becker","flaxseed",2.15485046334764
27005,"Minnesota","Becker","grain sorghum",0.767604452262562
27005,"Minnesota","Becker","oats",149.914050823691
27005,"Minnesota","Becker","soybeans",5536.14462059311
27005,"Minnesota","Becker","sunflower",38.5834650444219
27005,"Minnesota","Becker","wheat",1876.36041352794
27007,"Minnesota","Beltrami","barley",114.264576278483
27007,"Minnesota","Beltrami","canola",451.838360832426
27007,"Minnesota","Beltrami","corn",1734.09387671969
27007,"Minnesota","Beltrami","dry peas",3.02869181721802
27007,"Minnesota","Beltrami","oats",740.514744945078
27007,"Minnesota","Beltrami","soybeans",6326.76049878206
27007,"Minnesota","Beltrami","sunflower",6.09984193093911
27007,"Minnesota","Beltrami","wheat",3982.26674202745
27009,"Minnesota","Benton","barley",28.3785259186108
27009,"Minnesota","Benton","corn",3131.07199450637
27009,"Minnesota","Benton","dry peas",13.3584018688862
27009,"Minnesota","Benton","grain sorghum",0.0726882780217753
27009,"Minnesota","Benton","oats",67.5612557616832
27009,"Minnesota","Benton","soybeans",1910.58810483831
27009,"Minnesota","Benton","sunflower",0.211061015610103
27009,"Minnesota","Benton","wheat",50.2906344791438
27011,"Minnesota","Big Stone","barley",1.52521268746206
27011,"Minnesota","Big Stone","corn",1900.5868841332
27011,"Minnesota","Big Stone","dry peas",1.16639725936827
27011,"Minnesota","Big Stone","grain sorghum",1.18919801935366
27011,"Minnesota","Big Stone","oats",4.90827874520196
27011,"Minnesota","Big Stone","soybeans",2021.7581622699
27011,"Minnesota","Big Stone","wheat",68.6252002188277
27013,"Minnesota","Blue Earth","barley",0.82040785427904
27013,"Minnesota","Blue Earth","corn",3003.21717550202
27013,"Minnesota","Blue Earth","grain sorghum",0.00826081318428245
27013,"Minnesota","Blue Earth","oats",8.20146002087538
27013,"Minnesota","Blue Earth","soybeans",2620.02789243421
27013,"Minnesota","Blue Earth","sunflower",0.0332510719367344
27013,"Minnesota","Blue Earth","wheat",5.05963897029321
27015,"Minnesota","Brown","barley",9.53133931212981
27015,"Minnesota","Brown","canola",2.2134748753953
27015,"Minnesota","Brown","corn",9868.13623198145
27015,"Minnesota","Brown","grain sorghum",0.218202023242916
27015,"Minnesota","Brown","oats",78.6733044988198
27015,"Minnesota","Brown","soybeans",7651.78838269656
27015,"Minnesota","Brown","sunflower",0.0698992065914305
27015,"Minnesota","Brown","wheat",59.8721654058898
27017,"Minnesota","Carlton","barley",0
27017,"Minnesota","Carlton","corn",0
27017,"Minnesota","Carlton","oats",0
27017,"Minnesota","Carlton","soybeans",0
27017,"Minnesota","Carlton","wheat",0
27019,"Minnesota","Carver","barley",2.04489382218982
27019,"Minnesota","Carver","corn",1225.09549778223
27019,"Minnesota","Carver","grain sorghum",1.50204995871323
27019,"Minnesota","Carver","oats",14.9611911767453
27019,"Minnesota","Carver","soybeans",974.868758786091
27019,"Minnesota","Carver","wheat",16.8456084740185
27021,"Minnesota","Cass","barley",0
27021,"Minnesota","Cass","corn",0
27021,"Minnesota","Cass","dry peas",0
27021,"Minnesota","Cass","grain sorghum",0
27021,"Minnesota","Cass","oats",0
27021,"Minnesota","Cass","soybeans",0
27021,"Minnesota","Cass","wheat",0
27023,"Minnesota","Chippewa","barley",1.70914082153034
27023,"Minnesota","Chippewa","corn",17028.4885806759
27023,"Minnesota","Chippewa","dry peas",9.39971340849516
27023,"Minnesota","Chippewa","flaxseed",0.0134666381210532
27023,"Minnesota","Chippewa","oats",22.8578226587384
27023,"Minnesota","Chippewa","soybeans",10791.2705032167
27023,"Minnesota","Chippewa","sunflower",5.00285606197128
27023,"Minnesota","Chippewa","wheat",128.493049851873
27025,"Minnesota","Chisago","barley",0
27025,"Minnesota","Chisago","corn",0
27025,"Minnesota","Chisago","grain sorghum",0
27025,"Minnesota","Chisago","oats",0
27025,"Minnesota","Chisago","soybeans",0
27025,"Minnesota","Chisago","sunflower",0
27025,"Minnesota","Chisago","wheat",0
27027,"Minnesota","Clay","barley",145.86802123798
27027,"Minnesota","Clay","canola",80.3831221410927
27027,"Minnesota","Clay","corn",20172.2021153083
27027,"Minnesota","Clay","dry peas",0.629782094624851
27027,"Minnesota","Clay","flaxseed",14.599033555494
27027,"Minnesota","Clay","grain sorghum",0.176686705932233
27027,"Minnesota","Clay","oats",167.969125210901
27027,"Minnesota","Clay","soybeans",22947.7722501137
27027,"Minnesota","Clay","sunflower",969.222699606324
27027,"Minnesota","Clay","wheat",8793.92464402574
27029,"Minnesota","Clearwater","barley",54.6072906139529
27029,"Minnesota","Clearwater","canola",65.5863352990957
27029,"Minnesota","Clearwater","corn",2160.36845323781
27029,"Minnesota","Clearwater","grain sorghum",16.8381204629742
27029,"Minnesota","Clearwater","oats",481.897679579063
27029,"Minnesota","Clearwater","soybeans",4643.83511910955
27029,"Minnesota","Clearwater","sunflower",44.5320218123372
27029,"Minnesota","Clearwater","wheat",2019.64497988521
27033,"Minnesota","Cottonwood","barley",0.0326674421581287
27033,"Minnesota","Cottonwood","corn",430.826961905007
27033,"Minnesota","Cottonwood","grain sorghum",0.00763434164687946
27033,"Minnesota","Cottonwood","oats",0.751384157532964
27033,"Minnesota","Cottonwood","soybeans",373.067279006927
27033,"Minnesota","Cottonwood","wheat",2.11507314676338
27035,"Minnesota","Crow Wing","barley",0
27035,"Minnesota","Crow Wing","corn",0
27035,"Minnesota","Crow Wing","dry peas",0
27035,"Minnesota","Crow Wing","grain sorghum",0
27035,"Minnesota","Crow Wing","oats",0
27035,"Minnesota","Crow Wing","soybeans",0
27035,"Minnesota","Crow Wing","sunflower",0
27035,"Minnesota","Crow Wing","wheat",0
27037,"Minnesota","Dakota","barley",9.16103173626737
27037,"Minnesota","Dakota","canola",0.213115085455531
27037,"Minnesota","Dakota","corn",4347.80116868
27037,"Minnesota","Dakota","oats",42.5726701404012
27037,"Minnesota","Dakota","peanuts",0.0249130344310447
27037,"Minnesota","Dakota","soybeans",2174.34184418443
27037,"Minnesota","Dakota","sunflower",1.14608887785827
27037,"Minnesota","Dakota","wheat",37.6029215945438
27039,"Minnesota","Dodge","barley",8.40824730751833
27039,"Minnesota","Dodge","corn",5515.45468995725
27039,"Minnesota","Dodge","oats",42.5159411633073
27039,"Minnesota","Dodge","soybeans",3961.84193110875
27039,"Minnesota","Dodge","sunflower",0.520460774362253
27039,"Minnesota","Dodge","wheat",4.14950302213696
27041,"Minnesota","Douglas","barley",3.78356770738083
27041,"Minnesota","Douglas","corn",4262.68100227186
27041,"Minnesota","Douglas","grain sorghum",1.7896244561383
27041,"Minnesota","Douglas","oats",150.370892837396
27041,"Minnesota","Douglas","soybeans",4309.67045496617
27041,"Minnesota","Douglas","sunflower",13.5392897193416
27041,"Minnesota","Douglas","wheat",456.844548041729
27111,"Minnesota","East Otter Tail","barley",2169.42969276705
27111,"Minnesota","East Otter Tail","corn",89938.4080980544
27111,"Minnesota","East Otter Tail","dry peas",195.230324969284
27111,"Minnesota","East Otter Tail","grain sorghum",14.1570749559372
27111,"Minnesota","East Otter Tail","oats",7827.2715552536
27111,"Minnesota","East Otter Tail","soybeans",46074.0631346749
27111,"Minnesota","East Otter Tail","sunflower",493.430879906542
27111,"Minnesota","East Otter Tail","wheat",6870.20357275163
27119,"Minnesota","East Polk","barley",409.412060783664
27119,"Minnesota","East Polk","canola",433.332943952386
27119,"Minnesota","East Polk","corn",40644.2852941898
27119,"Minnesota","East Polk","dry peas",992.635131540135
27119,"Minnesota","East Polk","grain sorghum",129.627190642114
27119,"Minnesota","East Polk","lentils",3.39666507769789
27119,"Minnesota","East Polk","oats",2886.63021065251
27119,"Minnesota","East Polk","soybeans",107314.230194021
27119,"Minnesota","East Polk","sunflower",2705.77503987241
27119,"Minnesota","East Polk","wheat",66064.3832692683
27043,"Minnesota","Faribault","barley",0.597743597526627
27043,"Minnesota","Faribault","corn",4909.99904782903
27043,"Minnesota","Faribault","dry peas",1.80682463891073
27043,"Minnesota","Faribault","oats",19.9965961578055
27043,"Minnesota","Faribault","soybeans",4078.4213364885
27043,"Minnesota","Faribault","wheat",0.482051288327925
27045,"Minnesota","Fillmore","barley",17.4158109513463
27045,"Minnesota","Fillmore","corn",6401.74446306968
27045,"Minnesota","Fillmore","oats",202.647411432107
27045,"Minnesota","Fillmore","soybeans",3516.61270878945
27045,"Minnesota","Fillmore","wheat",14.029105757457
27047,"Minnesota","Freeborn","barley",4.08116199054922
27047,"Minnesota","Freeborn","corn",8442.6909957145
27047,"Minnesota","Freeborn","dry peas",2.58801855775396
27047,"Minnesota","Freeborn","oats",46.0563927626532
27047,"Minnesota","Freeborn","soybeans",6623.35303286498
27047,"Minnesota","Freeborn","wheat",6.1863981095687
27049,"Minnesota","Goodhue","barley",39.3880445151795
27049,"Minnesota","Goodhue","canola",0.442602082380209
27049,"Minnesota","Goodhue","corn",13954.3735902744
27049,"Minnesota","Goodhue","dry peas",20.1662786794895
27049,"Minnesota","Goodhue","grain sorghum",3.46911512169608
27049,"Minnesota","Goodhue","oats",264.44907891552
27049,"Minnesota","Goodhue","soybeans",8043.88202400743
27049,"Minnesota","Goodhue","sunflower",2.1625537745097
27049,"Minnesota","Goodhue","wheat",36.6917126293193
27051,"Minnesota","Grant","barley",11.6705645709718
27051,"Minnesota","Grant","corn",9797.22388108118
27051,"Minnesota","Grant","oats",10.8853085471959
27051,"Minnesota","Grant","soybeans",6978.04429902963
27051,"Minnesota","Grant","sunflower",37.7194863765059
27051,"Minnesota","Grant","wheat",605.376460394554
27053,"Minnesota","Hennepin","corn",487.074972653767
27053,"Minnesota","Hennepin","grain sorghum",0.179873659738055
27053,"Minnesota","Hennepin","oats",10.9705844442538
27053,"Minnesota","Hennepin","soybeans",466.06623284261
27053,"Minnesota","Hennepin","sunflower",0.0111071984888249
27053,"Minnesota","Hennepin","wheat",16.8580292011401
27055,"Minnesota","Houston","barley",4.30361792783253
27055,"Minnesota","Houston","corn",1296.32103890611
27055,"Minnesota","Houston","grain sorghum",0.177499498136211
27055,"Minnesota","Houston","oats",70.0567107938836
27055,"Minnesota","Houston","soybeans",657.539782352504
27055,"Minnesota","Houston","sunflower",0.0425658268911778
27055,"Minnesota","Houston","wheat",10.2052846946406
27057,"Minnesota","Hubbard","barley",76.6700799547291
27057,"Minnesota","Hubbard","canola",21.6232073047487
27057,"Minnesota","Hubbard","corn",3636.26721759244
27057,"Minnesota","Hubbard","dry peas",193.774338433791
27057,"Minnesota","Hubbard","oats",411.636763383395
27057,"Minnesota","Hubbard","soybeans",678.916267189231
27057,"Minnesota","Hubbard","sunflower",76.5442961284531
27057,"Minnesota","Hubbard","wheat",488.865130013211
27059,"Minnesota","Isanti","barley",0
27059,"Minnesota","Isanti","corn",0
27059,"Minnesota","Isanti","grain sorghum",0
27059,"Minnesota","Isanti","oats",0
27059,"Minnesota","Isanti","soybeans",0
27059,"Minnesota","Isanti","sunflower",0
27059,"Minnesota","Isanti","wheat",0
27061,"Minnesota","Itasca","corn",451.540391126328
27061,"Minnesota","Itasca","oats",150.842701535497
27061,"Minnesota","Itasca","soybeans",1385.95765819744
27061,"Minnesota","Itasca","wheat",493.473749140735
27063,"Minnesota","Jackson","barley",1.20659001964952
27063,"Minnesota","Jackson","corn",2087.20667552392
27063,"Minnesota","Jackson","grain sorghum",0.0287050672826116
27063,"Minnesota","Jackson","oats",5.33770115374051
27063,"Minnesota","Jackson","soybeans",1866.38223296562
27063,"Minnesota","Jackson","wheat",1.88942860315274
27065,"Minnesota","Kanabec","barley",0
27065,"Minnesota","Kanabec","corn",0
27065,"Minnesota","Kanabec","grain sorghum",0
27065,"Minnesota","Kanabec","oats",0
27065,"Minnesota","Kanabec","soybeans",0
27065,"Minnesota","Kanabec","sunflower",0
27065,"Minnesota","Kanabec","wheat",0
27067,"Minnesota","Kandiyohi","barley",5.29831608500771
27067,"Minnesota","Kandiyohi","corn",18619.62553525
27067,"Minnesota","Kandiyohi","dry peas",49.3804798235599
27067,"Minnesota","Kandiyohi","grain sorghum",1.04835898327827
27067,"Minnesota","Kandiyohi","oats",121.64485909611
27067,"Minnesota","Kandiyohi","rapeseed",0.0597820052672939
27067,"Minnesota","Kandiyohi","soybeans",11272.9327348686
27067,"Minnesota","Kandiyohi","sunflower",0.0543472775157217
27067,"Minnesota","Kandiyohi","wheat",120.785519944031
27069,"Minnesota","Kittson","barley",0
27069,"Minnesota","Kittson","canola",0
27069,"Minnesota","Kittson","corn",0
27069,"Minnesota","Kittson","dry peas",0
27069,"Minnesota","Kittson","flaxseed",0
27069,"Minnesota","Kittson","oats",0
27069,"Minnesota","Kittson","soybeans",0
27069,"Minnesota","Kittson","sunflower",0
27069,"Minnesota","Kittson","wheat",0
27071,"Minnesota","Koochiching","barley",0
27071,"Minnesota","Koochiching","canola",0
27071,"Minnesota","Koochiching","corn",0
27071,"Minnesota","Koochiching","flaxseed",0
27071,"Minnesota","Koochiching","oats",0
27071,"Minnesota","Koochiching","soybeans",0
27071,"Minnesota","Koochiching","sunflower",0
27071,"Minnesota","Koochiching","wheat",0
27073,"Minnesota","Lac qui Parle","barley",2.02692914941833
27073,"Minnesota","Lac qui Parle","corn",5253.13231384899
27073,"Minnesota","Lac qui Parle","dry peas",14.7315968200873
27073,"Minnesota","Lac qui Parle","grain sorghum",0.133495996727566
27073,"Minnesota","Lac qui Parle","oats",23.9066542291804
27073,"Minnesota","Lac qui Parle","soybeans",4945.16793813237
27073,"Minnesota","Lac qui Parle","sunflower",7.47958358846244
27073,"Minnesota","Lac qui Parle","wheat",68.540488234832
27077,"Minnesota","Lake of the Woods","barley",179.87926017273
27077,"Minnesota","Lake of the Woods","canola",151.477877629823
27077,"Minnesota","Lake of the Woods","corn",68.4837618279479
27077,"Minnesota","Lake of the Woods","flaxseed",13.9984757965653
27077,"Minnesota","Lake of the Woods","oats",240.846331322251
27077,"Minnesota","Lake of the Woods","soybeans",1795.91688454306
27077,"Minnesota","Lake of the Woods","sunflower",219.437211942052
27077,"Minnesota","Lake of the Woods","wheat",858.466530098893
27079,"Minnesota","Le Sueur","barley",2.48359184073964
27079,"Minnesota","Le Sueur","corn",2950.7622850918
27079,"Minnesota","Le Sueur","dry peas",0.963321256246215
27079,"Minnesota","Le Sueur","oats",24.3058319210844
27079,"Minnesota","Le Sueur","soybeans",2747.81628680735
27079,"Minnesota","Le Sueur","sunflower",0.0192248578646764
27079,"Minnesota","Le Sueur","wheat",29.2290582248515
27081,"Minnesota","Lincoln","barley",8.21576711561333
27081,"Minnesota","Lincoln","corn",6938.29335105808
27081,"Minnesota","Lincoln","dry peas",3.69753517527389
27081,"Minnesota","Lincoln","grain sorghum",0.2569443767682
27081,"Minnesota","Lincoln","oats",92.5910207673155
27081,"Minnesota","Lincoln","soybeans",5292.84103838364
27081,"Minnesota","Lincoln","sunflower",6.41246343025843
27081,"Minnesota","Lincoln","wheat",169.270379693112
27083,"Minnesota","Lyon","barley",1.82001851336278
27083,"Minnesota","Lyon","corn",3890.62070864924
27083,"Minnesota","Lyon","dry peas",7.92918487930034
27083,"Minnesota","Lyon","oats",15.7953750077914
27083,"Minnesota","Lyon","soybeans",3053.72632563657
27083,"Minnesota","Lyon","sunflower",0.310420913974958
27083,"Minnesota","Lyon","wheat",36.8891797331281
27087,"Minnesota","Mahnomen","barley",103.112875511857
27087,"Minnesota","Mahnomen","corn",3173.28784906911
27087,"Minnesota","Mahnomen","dry peas",52.3323685967352
27087,"Minnesota","Mahnomen","flaxseed",2.42052809303032
27087,"Minnesota","Mahnomen","oats",144.2772549801
27087,"Minnesota","Mahnomen","soybeans",3989.75532086601
27087,"Minnesota","Mahnomen","sunflower",75.4149330471834
27087,"Minnesota","Mahnomen","wheat",2388.47903650263
27089,"Minnesota","Marshall","barley",791.878264412686
27089,"Minnesota","Marshall","canola",990.561708430586
27089,"Minnesota","Marshall","corn",3907.99243778438
27089,"Minnesota","Marshall","dry peas",3.59767445767056
27089,"Minnesota","Marshall","flaxseed",30.4622096331042
27089,"Minnesota","Marshall","oats",456.22500495399
27089,"Minnesota","Marshall","soybeans",19282.9900698525
27089,"Minnesota","Marshall","sunflower",1035.74459264214
27089,"Minnesota","Marshall","wheat",18475.926037833
27091,"Minnesota","Martin","barley",0
27091,"Minnesota","Martin","corn",0
27091,"Minnesota","Martin","oats",0
27091,"Minnesota","Martin","soybeans",0
27091,"Minnesota","Martin","wheat",0
27085,"Minnesota","McLeod","barley",2.03636884430376
27085,"Minnesota","McLeod","corn",4126.72222131221
27085,"Minnesota","McLeod","dry peas",2.75394356249081
27085,"Minnesota","McLeod","grain sorghum",1.44104768977993
27085,"Minnesota","McLeod","oats",20.5719206831065
27085,"Minnesota","McLeod","soybeans",3172.10770797954
27085,"Minnesota","McLeod","sunflower",0.0377286998240589
27085,"Minnesota","McLeod","wheat",50.8202945621086
27093,"Minnesota","Meeker","barley",6.50740132538946
27093,"Minnesota","Meeker","canola",0.765107282859559
27093,"Minnesota","Meeker","corn",2185.90903481247
27093,"Minnesota","Meeker","grain sorghum",0.0204153473272196
27093,"Minnesota","Meeker","oats",23.3715645389068
27093,"Minnesota","Meeker","soybeans",1723.76227354669
27093,"Minnesota","Meeker","sunflower",0.0629317128618879
27093,"Minnesota","Meeker","wheat",24.8051714335123
27095,"Minnesota","Mille Lacs","barley",0
27095,"Minnesota","Mille Lacs","corn",0
27095,"Minnesota","Mille Lacs","oats",0
27095,"Minnesota","Mille Lacs","soybeans",0
27095,"Minnesota","Mille Lacs","sunflower",0
27095,"Minnesota","Mille Lacs","wheat",0
27097,"Minnesota","Morrison","barley",64.2841454385067
27097,"Minnesota","Morrison","corn",15964.4165475627
27097,"Minnesota","Morrison","dry peas",16.6560810170056
27097,"Minnesota","Morrison","grain sorghum",40.0131671580619
27097,"Minnesota","Morrison","oats",574.678189393599
27097,"Minnesota","Morrison","soybeans",5204.56098868541
27097,"Minnesota","Morrison","sunflower",43.2593023939908
27097,"Minnesota","Morrison","wheat",185.968411684109
27099,"Minnesota","Mower","barley",26.959285510189
27099,"Minnesota","Mower","corn",11405.0383501593
27099,"Minnesota","Mower","oats",54.4673704824228
27099,"Minnesota","Mower","soybeans",8198.79645032643
27099,"Minnesota","Mower","sunflower",2.36699594064548
27099,"Minnesota","Mower","wheat",7.4274475809789
27101,"Minnesota","Murray","barley",2.29968412198879
27101,"Minnesota","Murray","corn",3793.16419915103
27101,"Minnesota","Murray","dry peas",2.80431197198626
27101,"Minnesota","Murray","grain sorghum",0.0980835076740388
27101,"Minnesota","Murray","oats",37.3156985956571
27101,"Minnesota","Murray","soybeans",3370.47140160641
27101,"Minnesota","Murray","wheat",15.1652877118906
27103,"Minnesota","Nicollet","barley",2.51378312558748
27103,"Minnesota","Nicollet","corn",1452.74958857484
27103,"Minnesota","Nicollet","grain sorghum",0.097371526684586
27103,"Minnesota","Nicollet","oats",7.80787001683008
27103,"Minnesota","Nicollet","soybeans",1076.65620368894
27103,"Minnesota","Nicollet","sunflower",0.00446964448599627
27103,"Minnesota","Nicollet","wheat",5.1247267559751
27105,"Minnesota","Nobles","barley",0.231087751100759
27105,"Minnesota","Nobles","corn",2342.39676464673
27105,"Minnesota","Nobles","flaxseed",0.0542612358177794
27105,"Minnesota","Nobles","grain sorghum",0.42082844050837
27105,"Minnesota","Nobles","oats",13.6220575253125
27105,"Minnesota","Nobles","soybeans",1819.16441022619
27105,"Minnesota","Nobles","wheat",8.49672350771743
27107,"Minnesota","Norman","barley",583.336353098801
27107,"Minnesota","Norman","corn",14904.2373825773
27107,"Minnesota","Norman","dry peas",8.72612847714423
27107,"Minnesota","Norman","flaxseed",14.805982097528
27107,"Minnesota","Norman","oats",198.354019308022
27107,"Minnesota","Norman","rapeseed",9.7010878011609
27107,"Minnesota","Norman","soybeans",21652.2072238355
27107,"Minnesota","Norman","sunflower",575.861907475202
27107,"Minnesota","Norman","wheat",12894.1027486626
27137,"Minnesota","North St. Louis","barley",47.9854308249382
27137,"Minnesota","North St. Louis","corn",14.1806904958233
27137,"Minnesota","North St. Louis","oats",289.545390169577
27137,"Minnesota","North St. Louis","soybeans",323.585631251568
27137,"Minnesota","North St. Louis","sunflower",7.62718567382497
27137,"Minnesota","North St. Louis","wheat",23.4006715842685
27109,"Minnesota","Olmsted","barley",12.6480054858495
27109,"Minnesota","Olmsted","corn",10617.5838565929
27109,"Minnesota","Olmsted","dry peas",3.29304049585711
27109,"Minnesota","Olmsted","grain sorghum",6.30597348839649
27109,"Minnesota","Olmsted","oats",171.565021100117
27109,"Minnesota","Olmsted","soybeans",6399.76900159105
27109,"Minnesota","Olmsted","sunflower",1.81458474991919
27109,"Minnesota","Olmsted","wheat",17.8283164959385
27113,"Minnesota","Pennington","barley",327.912774871361
27113,"Minnesota","Pennington","canola",316.922287183691
27113,"Minnesota","Pennington","corn",1007.91078124494
27113,"Minnesota","Pennington","dry peas",33.6383886150444
27113,"Minnesota","Pennington","oats",348.853956121325
27113,"Minnesota","Pennington","soybeans",6243.275824159
27113,"Minnesota","Pennington","sunflower",199.055709499809
27113,"Minnesota","Pennington","wheat",5281.67761163813
27115,"Minnesota","Pine","barley",0
27115,"Minnesota","Pine","corn",0
27115,"Minnesota","Pine","dry peas",0
27115,"Minnesota","Pine","grain sorghum",0
27115,"Minnesota","Pine","oats",0
27115,"Minnesota","Pine","soybeans",0
27115,"Minnesota","Pine","sunflower",0
27115,"Minnesota","Pine","wheat",0
27117,"Minnesota","Pipestone","barley",2.06512639815462
27117,"Minnesota","Pipestone","corn",1475.82608347331
27117,"Minnesota","Pipestone","grain sorghum",0.573270638167378
27117,"Minnesota","Pipestone","oats",21.2827887427093
27117,"Minnesota","Pipestone","soybeans",1090.18329124
27117,"Minnesota","Pipestone","sunflower",1.86958050028058
27117,"Minnesota","Pipestone","wheat",8.65365900733502
27121,"Minnesota","Pope","barley",4.7575932739574
27121,"Minnesota","Pope","canola",18.2985152967243
27121,"Minnesota","Pope","corn",5568.37153334275
27121,"Minnesota","Pope","dry peas",14.525876330898
27121,"Minnesota","Pope","oats",90.2511096399625
27121,"Minnesota","Pope","soybeans",4076.62992206463
27121,"Minnesota","Pope","sunflower",2.55140949129384
27121,"Minnesota","Pope","wheat",218.83604055985
27125,"Minnesota","Red Lake","barley",250.195414180677
27125,"Minnesota","Red Lake","canola",29.2651608750087
27125,"Minnesota","Red Lake","corn",3087.13073494003
27125,"Minnesota","Red Lake","dry peas",30.0128419245287
27125,"Minnesota","Red Lake","oats",174.235606696313
27125,"Minnesota","Red Lake","soybeans",9032.72532215316
27125,"Minnesota","Red Lake","sunflower",139.617460438648
27125,"Minnesota","Red Lake","wheat",7280.21445879163
27127,"Minnesota","Redwood","barley",0.276069927756927
27127,"Minnesota","Redwood","corn",8874.71810783477
27127,"Minnesota","Redwood","dry peas",2.8022670501968
27127,"Minnesota","Redwood","flaxseed",0.131069553330066
27127,"Minnesota","Redwood","oats",21.5943455346731
27127,"Minnesota","Redwood","soybeans",7545.5355510729
27127,"Minnesota","Redwood","sunflower",1.96417087776056
27127,"Minnesota","Redwood","wheat",30.7119181487505
27129,"Minnesota","Renville","barley",16.8275859132359
27129,"Minnesota","Renville","corn",45677.7516546661
27129,"Minnesota","Renville","dry peas",31.0934111663853
27129,"Minnesota","Renville","oats",94.0757890353762
27129,"Minnesota","Renville","soybeans",31361.1622960705
27129,"Minnesota","Renville","sunflower",19.1585815927258
27129,"Minnesota","Renville","wheat",274.88868155587
27131,"Minnesota","Rice","barley",5.56035437346044
27131,"Minnesota","Rice","corn",2906.15764628763
27131,"Minnesota","Rice","dry peas",1.25335403940424
27131,"Minnesota","Rice","grain sorghum",1.4047288587387
27131,"Minnesota","Rice","mustard",0.0184154281428775
27131,"Minnesota","Rice","oats",49.8708946154392
27131,"Minnesota","Rice","soybeans",2407.8111894208
27131,"Minnesota","Rice","wheat",13.144416976398
27133,"Minnesota","Rock","barley",0.287134794596181
27133,"Minnesota","Rock","corn",3191.16840639846
27133,"Minnesota","Rock","oats",21.1942268879036
27133,"Minnesota","Rock","soybeans",2316.60563719665
27133,"Minnesota","Rock","wheat",1.78292805569455
27135,"Minnesota","Roseau","barley",0
27135,"Minnesota","Roseau","canola",0
27135,"Minnesota","Roseau","corn",0
27135,"Minnesota","Roseau","flaxseed",0
27135,"Minnesota","Roseau","oats",0
27135,"Minnesota","Roseau","soybeans",0
27135,"Minnesota","Roseau","sunflower",0
27135,"Minnesota","Roseau","wheat",0
27139,"Minnesota","Scott","barley",0
27139,"Minnesota","Scott","corn",0
27139,"Minnesota","Scott","oats",0
27139,"Minnesota","Scott","soybeans",0
27139,"Minnesota","Scott","wheat",0
27141,"Minnesota","Sherburne","corn",4066.04625033553
27141,"Minnesota","Sherburne","dry peas",9.72678343907073
27141,"Minnesota","Sherburne","grain sorghum",0.489540526897827
27141,"Minnesota","Sherburne","mustard",0.00666948946727285
27141,"Minnesota","Sherburne","oats",55.5629831926927
27141,"Minnesota","Sherburne","peanuts",0.117383014624002
27141,"Minnesota","Sherburne","soybeans",2569.94397202068
27141,"Minnesota","Sherburne","sunflower",0.0266779578690914
27141,"Minnesota","Sherburne","wheat",45.6950733564945
27143,"Minnesota","Sibley","barley",8.61063914267723
27143,"Minnesota","Sibley","canola",1.8398303236076
27143,"Minnesota","Sibley","corn",10639.3811448591
27143,"Minnesota","Sibley","grain sorghum",7.26432939471687
27143,"Minnesota","Sibley","oats",45.1823504701622
27143,"Minnesota","Sibley","soybeans",7836.33203496138
27143,"Minnesota","Sibley","wheat",52.2125041816722
27138,"Minnesota","South St. Louis","barley",15.8940113486372
27138,"Minnesota","South St. Louis","corn",103.705245247588
27138,"Minnesota","South St. Louis","oats",146.610599082856
27138,"Minnesota","South St. Louis","wheat",45.2661443209188
27145,"Minnesota","Stearns","barley",163.118942672123
27145,"Minnesota","Stearns","canola",0.06808003323561
27145,"Minnesota","Stearns","corn",14754.1817672237
27145,"Minnesota","Stearns","dry peas",32.8472544355171
27145,"Minnesota","Stearns","grain sorghum",3.46005422247782
27145,"Minnesota","Stearns","oats",931.26595766951
27145,"Minnesota","Stearns","safflower",0.54464026588488
27145,"Minnesota","Stearns","soybeans",6752.53624661084
27145,"Minnesota","Stearns","sunflower",1.50661113550405
27145,"Minnesota","Stearns","wheat",211.609559064485
27147,"Minnesota","Steele","barley",3.07954372551134
27147,"Minnesota","Steele","corn",7817.08309072855
27147,"Minnesota","Steele","dry peas",49.9940344836318
27147,"Minnesota","Steele","flaxseed",2.05870201812417
27147,"Minnesota","Steele","grain sorghum",1.84665571025738
27147,"Minnesota","Steele","oats",57.0220657448044
27147,"Minnesota","Steele","soybeans",5814.55399239011
27147,"Minnesota","Steele","wheat",28.6775818656685
27149,"Minnesota","Stevens","barley",0
27149,"Minnesota","Stevens","corn",0
27149,"Minnesota","Stevens","oats",0
27149,"Minnesota","Stevens","soybeans",0
27149,"Minnesota","Stevens","sunflower",0
27149,"Minnesota","Stevens","wheat",0
27151,"Minnesota","Swift","barley",2.58596241332821
27151,"Minnesota","Swift","corn",7764.83450518277
27151,"Minnesota","Swift","grain sorghum",0.810602565563698
27151,"Minnesota","Swift","oats",34.5231776371129
27151,"Minnesota","Swift","soybeans",4527.93260092901
27151,"Minnesota","Swift","sunflower",2.14239025016835
27151,"Minnesota","Swift","wheat",123.608594355313
27153,"Minnesota","Todd","barley",12.968956192404
27153,"Minnesota","Todd","corn",1435.99567485708
27153,"Minnesota","Todd","dry peas",0.462424168343157
27153,"Minnesota","Todd","grain sorghum",1.89340072365041
27153,"Minnesota","Todd","mustard",1.24232809585906
27153,"Minnesota","Todd","oats",98.9375453949556
27153,"Minnesota","Todd","soybeans",954.131411525507
27153,"Minnesota","Todd","sunflower",3.70417577648946
27153,"Minnesota","Todd","wheat",56.3635832657323
27155,"Minnesota","Traverse","corn",6559.8885896835
27155,"Minnesota","Traverse","oats",7.85893370792343
27155,"Minnesota","Traverse","soybeans",5262.47072626397
27155,"Minnesota","Traverse","sunflower",15.2961898496447
27155,"Minnesota","Traverse","wheat",212.253560494997
27157,"Minnesota","Wabasha","barley",86.6343662544288
27157,"Minnesota","Wabasha","canola",4.54538873923158
27157,"Minnesota","Wabasha","corn",11683.5437561994
27157,"Minnesota","Wabasha","dry peas",8.33527689782795
27157,"Minnesota","Wabasha","grain sorghum",1.82063254677668
27157,"Minnesota","Wabasha","mustard",0.247705108404991
27157,"Minnesota","Wabasha","oats",451.039296151613
27157,"Minnesota","Wabasha","soybeans",4801.74197608632
27157,"Minnesota","Wabasha","sunflower",0.123852554202495
27157,"Minnesota","Wabasha","wheat",19.5637494618262
27159,"Minnesota","Wadena","barley",54.2783355822727
27159,"Minnesota","Wadena","corn",1874.96503590128
27159,"Minnesota","Wadena","dry peas",8.61939758882357
27159,"Minnesota","Wadena","lentils",0.0820953648005674
27159,"Minnesota","Wadena","oats",225.031768645565
27159,"Minnesota","Wadena","soybeans",1080.30948867436
27159,"Minnesota","Wadena","sunflower",43.7254690093486
27159,"Minnesota","Wadena","wheat",124.953742566892
27161,"Minnesota","Waseca","barley",0.282704151645768
27161,"Minnesota","Waseca","corn",5466.01147459451
27161,"Minnesota","Waseca","dry peas",42.4953170640692
27161,"Minnesota","Waseca","flaxseed",0.0719610567825591
27161,"Minnesota","Waseca","grain sorghum",3.96813827400969
27161,"Minnesota","Waseca","oats",15.5351585412382
27161,"Minnesota","Waseca","soybeans",4046.28715926347
27161,"Minnesota","Waseca","wheat",3.31308705426902
27163,"Minnesota","Washington","barley",0
27163,"Minnesota","Washington","corn",0
27163,"Minnesota","Washington","oats",0
27163,"Minnesota","Washington","soybeans",0
27163,"Minnesota","Washington","sunflower",0
27163,"Minnesota","Washington","wheat",0
27165,"Minnesota","Watonwan","barley",0.266097965347875
27165,"Minnesota","Watonwan","corn",1766.06592416173
27165,"Minnesota","Watonwan","oats",4.77720355229733
27165,"Minnesota","Watonwan","soybeans",1331.99405192769
27165,"Minnesota","Watonwan","wheat",3.32412239292219
27112,"Minnesota","West Otter Tail","barley",133.706733707935
27112,"Minnesota","West Otter Tail","corn",102254.985507637
27112,"Minnesota","West Otter Tail","oats",2320.03752159832
27112,"Minnesota","West Otter Tail","soybeans",105348.986847524
27112,"Minnesota","West Otter Tail","sunflower",240.752922633087
27112,"Minnesota","West Otter Tail","wheat",15633.5486335664
27120,"Minnesota","West Polk","barley",6634.83596454084
27120,"Minnesota","West Polk","canola",662.109829782493
27120,"Minnesota","West Polk","corn",87337.8216469989
27120,"Minnesota","West Polk","dry peas",153.954037201961
27120,"Minnesota","West Polk","oats",1811.80750409502
27120,"Minnesota","West Polk","soybeans",235222.843269198
27120,"Minnesota","West Polk","sunflower",8358.76300225777
27120,"Minnesota","West Polk","wheat",261140.461227592
27167,"Minnesota","Wilkin","barley",190.78937227753
27167,"Minnesota","Wilkin","corn",16721.9633045536
27167,"Minnesota","Wilkin","oats",64.9555044732539
27167,"Minnesota","Wilkin","soybeans",19269.3414796455
27167,"Minnesota","Wilkin","sunflower",608.486051400055
27167,"Minnesota","Wilkin","wheat",7374.32278765011
27169,"Minnesota","Winona","barley",53.0127959017469
27169,"Minnesota","Winona","corn",7182.414752163
27169,"Minnesota","Winona","dry peas",7.75597842526653
27169,"Minnesota","Winona","grain sorghum",1.34072784537399
27169,"Minnesota","Winona","oats",438.768498643866
27169,"Minnesota","Winona","soybeans",2886.55099176458
27169,"Minnesota","Winona","sunflower",0.399704085974613
27169,"Minnesota","Winona","wheat",27.1200511701794
27171,"Minnesota","Wright","barley",3.17513033505406
27171,"Minnesota","Wright","corn",2093.1005549995
27171,"Minnesota","Wright","dry peas",0.680458950197605
27171,"Minnesota","Wright","oats",47.3878689690695
27171,"Minnesota","Wright","soybeans",1899.66580332421
27171,"Minnesota","Wright","wheat",53.5940900885997
27173,"Minnesota","Yellow Medicine","barley",1.48006200577249
27173,"Minnesota","Yellow Medicine","corn",4447.34112660059
27173,"Minnesota","Yellow Medicine","dry peas",1.34953706492683
27173,"Minnesota","Yellow Medicine","oats",11.8570420944855
27173,"Minnesota","Yellow Medicine","rapeseed",0.221438282350979
27173,"Minnesota","Yellow Medicine","soybeans",3569.52697551827
27173,"Minnesota","Yellow Medicine","sunflower",16.0400000075736
27173,"Minnesota","Yellow Medicine","wheat",40.9943184260613
28001,"Mississippi","Adams","corn",0
28001,"Mississippi","Adams","cotton",0
28001,"Mississippi","Adams","grain sorghum",0
28001,"Mississippi","Adams","oats",0
28001,"Mississippi","Adams","soybeans",0
28001,"Mississippi","Adams","sunflower",0
28001,"Mississippi","Adams","wheat",0
28003,"Mississippi","Alcorn","corn",0
28003,"Mississippi","Alcorn","cotton",0
28003,"Mississippi","Alcorn","dry peas",0
28003,"Mississippi","Alcorn","grain sorghum",0
28003,"Mississippi","Alcorn","soybeans",0
28003,"Mississippi","Alcorn","wheat",0
28005,"Mississippi","Amite","corn",0
28005,"Mississippi","Amite","oats",0
28005,"Mississippi","Amite","soybeans",0
28005,"Mississippi","Amite","wheat",0
28007,"Mississippi","Attala","corn",339.297134168199
28007,"Mississippi","Attala","cotton",411.883105373814
28007,"Mississippi","Attala","peanuts",86.4802405306722
28007,"Mississippi","Attala","soybeans",305.783186062187
28007,"Mississippi","Attala","sunflower",2.55248178445163
28007,"Mississippi","Attala","wheat",16.0281854140105
28009,"Mississippi","Benton","corn",372.313284280278
28009,"Mississippi","Benton","cotton",71.4844723900273
28009,"Mississippi","Benton","sesame",50.9118002132812
28009,"Mississippi","Benton","soybeans",1191.15593121019
28009,"Mississippi","Benton","wheat",55.4825119062189
28011,"Mississippi","Bolivar","corn",2543.16872913553
28011,"Mississippi","Bolivar","cotton",1095.49374054486
28011,"Mississippi","Bolivar","dry peas",1.02825205932428
28011,"Mississippi","Bolivar","oats",7.60727697454867
28011,"Mississippi","Bolivar","rice_long grain",1954.13198228811
28011,"Mississippi","Bolivar","soybeans",17833.6804881208
28011,"Mississippi","Bolivar","sunflower",3.67488344680243
28011,"Mississippi","Bolivar","wheat",380.765314096683
28013,"Mississippi","Calhoun","corn",1186.53294509049
28013,"Mississippi","Calhoun","cotton",1170.26054832791
28013,"Mississippi","Calhoun","grain sorghum",29.1935613280043
28013,"Mississippi","Calhoun","soybeans",2780.50702138249
28013,"Mississippi","Calhoun","wheat",50.5365905377773
28015,"Mississippi","Carroll","corn",818.998993528022
28015,"Mississippi","Carroll","cotton",737.01223987706
28015,"Mississippi","Carroll","grain sorghum",0.558328620787215
28015,"Mississippi","Carroll","peanuts",33.4844330012389
28015,"Mississippi","Carroll","rice_long grain",10.6916441326872
28015,"Mississippi","Carroll","soybeans",681.042551692796
28015,"Mississippi","Carroll","sunflower",1.54559320449421
28015,"Mississippi","Carroll","wheat",60.2622226095817
28017,"Mississippi","Chickasaw","corn",2827.5013524221
28017,"Mississippi","Chickasaw","cotton",993.97270279054
28017,"Mississippi","Chickasaw","grain sorghum",17.8782304825629
28017,"Mississippi","Chickasaw","soybeans",13061.0992590093
28017,"Mississippi","Chickasaw","wheat",121.199095295512
28019,"Mississippi","Choctaw","corn",0
28019,"Mississippi","Choctaw","cotton",0
28019,"Mississippi","Choctaw","peanuts",0
28019,"Mississippi","Choctaw","soybeans",0
28021,"Mississippi","Claiborne","corn",0
28021,"Mississippi","Claiborne","cotton",0
28021,"Mississippi","Claiborne","peanuts",0
28021,"Mississippi","Claiborne","soybeans",0
28021,"Mississippi","Claiborne","wheat",0
28023,"Mississippi","Clarke","canola",24.419823408242
28023,"Mississippi","Clarke","corn",1156.76829576874
28023,"Mississippi","Clarke","cotton",923.960375186547
28023,"Mississippi","Clarke","soybeans",1302.28090172023
28023,"Mississippi","Clarke","wheat",295.672603916248
28025,"Mississippi","Clay","corn",0
28025,"Mississippi","Clay","cotton",0
28025,"Mississippi","Clay","grain sorghum",0
28025,"Mississippi","Clay","soybeans",0
28025,"Mississippi","Clay","wheat",0
28027,"Mississippi","Coahoma","corn",6090.65179574362
28027,"Mississippi","Coahoma","cotton",9486.89566409129
28027,"Mississippi","Coahoma","oats",15.7840993546779
28027,"Mississippi","Coahoma","peanuts",37.6038001281954
28027,"Mississippi","Coahoma","rice_long grain",711.60674250619
28027,"Mississippi","Coahoma","soybeans",12595.2890300988
28027,"Mississippi","Coahoma","sunflower",3.66041741428496
28027,"Mississippi","Coahoma","wheat",755.345450662975
28029,"Mississippi","Copiah","corn",0
28029,"Mississippi","Copiah","cotton",0
28029,"Mississippi","Copiah","oats",0
28029,"Mississippi","Copiah","peanuts",0
28029,"Mississippi","Copiah","soybeans",0
28029,"Mississippi","Copiah","wheat",0
28031,"Mississippi","Covington","corn",80.7734165434974
28031,"Mississippi","Covington","cotton",200.139350778705
28031,"Mississippi","Covington","grain sorghum",60.2979285657707
28031,"Mississippi","Covington","peanuts",90.4881852240725
28031,"Mississippi","Covington","soybeans",639.306990294207
28031,"Mississippi","Covington","wheat",22.7941285937471
28033,"Mississippi","DeSoto","corn",0
28033,"Mississippi","DeSoto","cotton",0
28033,"Mississippi","DeSoto","grain sorghum",0
28033,"Mississippi","DeSoto","peanuts",0
28033,"Mississippi","DeSoto","rice_long grain",0
28033,"Mississippi","DeSoto","rice_short/medium grain",0
28033,"Mississippi","DeSoto","soybeans",0
28033,"Mississippi","DeSoto","wheat",0
28035,"Mississippi","Forrest","corn",0
28035,"Mississippi","Forrest","cotton",0
28035,"Mississippi","Forrest","peanuts",0
28035,"Mississippi","Forrest","soybeans",0
28037,"Mississippi","Franklin","corn",0
28037,"Mississippi","Franklin","soybeans",0
28039,"Mississippi","George","corn",0
28039,"Mississippi","George","cotton",0
28039,"Mississippi","George","grain sorghum",0
28039,"Mississippi","George","oats",0
28039,"Mississippi","George","peanuts",0
28039,"Mississippi","George","soybeans",0
28039,"Mississippi","George","wheat",0
28041,"Mississippi","Greene","corn",0
28041,"Mississippi","Greene","cotton",0
28041,"Mississippi","Greene","peanuts",0
28043,"Mississippi","Grenada","corn",278.723201021065
28043,"Mississippi","Grenada","cotton",543.9362774632
28043,"Mississippi","Grenada","grain sorghum",18.6982914367664
28043,"Mississippi","Grenada","rice_long grain",28.7476840834696
28043,"Mississippi","Grenada","soybeans",224.708627855656
28043,"Mississippi","Grenada","wheat",25.0124514731685
28045,"Mississippi","Hancock","corn",0
28045,"Mississippi","Hancock","peanuts",0
28045,"Mississippi","Hancock","soybeans",0
28045,"Mississippi","Hancock","wheat",0
28047,"Mississippi","Harrison","peanuts",60.625
28049,"Mississippi","Hinds","corn",0
28049,"Mississippi","Hinds","cotton",0
28049,"Mississippi","Hinds","grain sorghum",0
28049,"Mississippi","Hinds","soybeans",0
28049,"Mississippi","Hinds","sunflower",0
28049,"Mississippi","Hinds","wheat",0
28051,"Mississippi","Holmes","corn",4404.28494998922
28051,"Mississippi","Holmes","cotton",2372.30921380672
28051,"Mississippi","Holmes","grain sorghum",2.84989175458117
28051,"Mississippi","Holmes","oats",0.0354889789318535
28051,"Mississippi","Holmes","peanuts",126.954977825626
28051,"Mississippi","Holmes","rice_long grain",59.7573566962816
28051,"Mississippi","Holmes","sesame",83.5431688448054
28051,"Mississippi","Holmes","soybeans",4293.07947402814
28051,"Mississippi","Holmes","wheat",224.711144742364
28053,"Mississippi","Humphreys","corn",8814.0748924904
28053,"Mississippi","Humphreys","cotton",4241.31176589112
28053,"Mississippi","Humphreys","grain sorghum",9.98501376466509
28053,"Mississippi","Humphreys","oats",38.5655773295263
28053,"Mississippi","Humphreys","peanuts",130.332015977668
28053,"Mississippi","Humphreys","rice_long grain",932.478712096636
28053,"Mississippi","Humphreys","soybeans",18515.0009803909
28053,"Mississippi","Humphreys","sunflower",23.1905090496051
28053,"Mississippi","Humphreys","wheat",383.875313009516
28055,"Mississippi","Issaquena","corn",2794.68756246738
28055,"Mississippi","Issaquena","cotton",1044.21842068593
28055,"Mississippi","Issaquena","rice_long grain",38.868562489011
28055,"Mississippi","Issaquena","soybeans",6486.44460678418
28055,"Mississippi","Issaquena","sunflower",3.08410855772124
28055,"Mississippi","Issaquena","wheat",229.703585682452
28057,"Mississippi","Itawamba","corn",325.441505832891
28057,"Mississippi","Itawamba","cotton",413.088038534186
28057,"Mississippi","Itawamba","dry peas",17.9201922897426
28057,"Mississippi","Itawamba","peanuts",34.219203575502
28057,"Mississippi","Itawamba","soybeans",1503.43493253198
28057,"Mississippi","Itawamba","wheat",70.569793902369
28059,"Mississippi","Jackson","corn",122.307405399182
28059,"Mississippi","Jackson","cotton",506.591356062494
28059,"Mississippi","Jackson","peanuts",549.642912191701
28059,"Mississippi","Jackson","soybeans",45.8536596799557
28061,"Mississippi","Jasper","corn",0
28061,"Mississippi","Jasper","grain sorghum",0
28061,"Mississippi","Jasper","peanuts",0
28061,"Mississippi","Jasper","soybeans",0
28061,"Mississippi","Jasper","wheat",0
28063,"Mississippi","Jefferson","corn",192.131987450013
28063,"Mississippi","Jefferson","cotton",453.662463575972
28063,"Mississippi","Jefferson","grain sorghum",9.11322806027213
28063,"Mississippi","Jefferson","soybeans",624.863251667001
28063,"Mississippi","Jefferson","sunflower",0.31424924345766
28063,"Mississippi","Jefferson","wheat",214.090153336617
28065,"Mississippi","Jefferson Davis","corn",0
28065,"Mississippi","Jefferson Davis","cotton",0
28065,"Mississippi","Jefferson Davis","dry peas",0
28065,"Mississippi","Jefferson Davis","grain sorghum",0
28065,"Mississippi","Jefferson Davis","oats",0
28065,"Mississippi","Jefferson Davis","peanuts",0
28065,"Mississippi","Jefferson Davis","soybeans",0
28067,"Mississippi","Jones","corn",0
28067,"Mississippi","Jones","cotton",0
28067,"Mississippi","Jones","grain sorghum",0
28067,"Mississippi","Jones","peanuts",0
28067,"Mississippi","Jones","soybeans",0
28067,"Mississippi","Jones","wheat",0
28069,"Mississippi","Kemper","corn",0
28069,"Mississippi","Kemper","cotton",0
28069,"Mississippi","Kemper","soybeans",0
28071,"Mississippi","Lafayette","corn",0
28071,"Mississippi","Lafayette","cotton",0
28071,"Mississippi","Lafayette","grain sorghum",0
28071,"Mississippi","Lafayette","soybeans",0
28071,"Mississippi","Lafayette","wheat",0
28073,"Mississippi","Lamar","corn",43.3161238661004
28073,"Mississippi","Lamar","grain sorghum",242.027101100073
28073,"Mississippi","Lamar","peanuts",235.543610534262
28073,"Mississippi","Lamar","soybeans",173.229675429139
28073,"Mississippi","Lamar","wheat",27.7184890704254
28075,"Mississippi","Lauderdale","soybeans",0
28077,"Mississippi","Lawrence","corn",0
28077,"Mississippi","Lawrence","grain sorghum",0
28077,"Mississippi","Lawrence","oats",0
28077,"Mississippi","Lawrence","soybeans",0
28077,"Mississippi","Lawrence","wheat",0
28079,"Mississippi","Leake","corn",0
28079,"Mississippi","Leake","cotton",0
28079,"Mississippi","Leake","soybeans",0
28079,"Mississippi","Leake","sunflower",0
28081,"Mississippi","Lee","corn",93.5976970713138
28081,"Mississippi","Lee","cotton",148.709554723692
28081,"Mississippi","Lee","dry peas",4.77647288362034
28081,"Mississippi","Lee","grain sorghum",0.830610829676098
28081,"Mississippi","Lee","oats",1.06158730358683
28081,"Mississippi","Lee","peanuts",0.832285785977119
28081,"Mississippi","Lee","soybeans",682.404063334846
28081,"Mississippi","Lee","wheat",19.8137280672927
28083,"Mississippi","Leflore","corn",11712.633271091
28083,"Mississippi","Leflore","cotton",4474.72432877196
28083,"Mississippi","Leflore","grain sorghum",54.5854221452019
28083,"Mississippi","Leflore","peanuts",44.971005349035
28083,"Mississippi","Leflore","rice_long grain",889.32588909123
28083,"Mississippi","Leflore","sesame",22.0744270839288
28083,"Mississippi","Leflore","soybeans",19463.1696726319
28083,"Mississippi","Leflore","sunflower",29.8503728111858
28083,"Mississippi","Leflore","wheat",444.832944357907
28085,"Mississippi","Lincoln","corn",0
28085,"Mississippi","Lincoln","oats",0
28085,"Mississippi","Lincoln","soybeans",0
28085,"Mississippi","Lincoln","wheat",0
28087,"Mississippi","Lowndes","corn",0
28087,"Mississippi","Lowndes","cotton",0
28087,"Mississippi","Lowndes","grain sorghum",0
28087,"Mississippi","Lowndes","peanuts",0
28087,"Mississippi","Lowndes","soybeans",0
28087,"Mississippi","Lowndes","sunflower",0
28087,"Mississippi","Lowndes","wheat",0
28089,"Mississippi","Madison","corn",0
28089,"Mississippi","Madison","cotton",0
28089,"Mississippi","Madison","grain sorghum",0
28089,"Mississippi","Madison","oats",0
28089,"Mississippi","Madison","peanuts",0
28089,"Mississippi","Madison","soybeans",0
28089,"Mississippi","Madison","sunflower",0
28089,"Mississippi","Madison","wheat",0
28091,"Mississippi","Marion","corn",0
28091,"Mississippi","Marion","grain sorghum",0
28091,"Mississippi","Marion","oats",0
28091,"Mississippi","Marion","peanuts",0
28091,"Mississippi","Marion","soybeans",0
28091,"Mississippi","Marion","wheat",0
28093,"Mississippi","Marshall","corn",0
28093,"Mississippi","Marshall","cotton",0
28093,"Mississippi","Marshall","grain sorghum",0
28093,"Mississippi","Marshall","sesame",0
28093,"Mississippi","Marshall","soybeans",0
28093,"Mississippi","Marshall","sunflower",0
28093,"Mississippi","Marshall","wheat",0
28095,"Mississippi","Monroe","canola",6.95460942389246
28095,"Mississippi","Monroe","corn",525.084189018923
28095,"Mississippi","Monroe","cotton",319.792460082321
28095,"Mississippi","Monroe","oats",0.22990444376504
28095,"Mississippi","Monroe","peanuts",79.8891947862485
28095,"Mississippi","Monroe","soybeans",997.813821818469
28095,"Mississippi","Monroe","sunflower",0.181844017329735
28095,"Mississippi","Monroe","wheat",49.3849764090567
28097,"Mississippi","Montgomery","corn",699.621983473274
28097,"Mississippi","Montgomery","cotton",877.974130304548
28097,"Mississippi","Montgomery","soybeans",205.883158433832
28097,"Mississippi","Montgomery","sunflower",2.3281523659704
28097,"Mississippi","Montgomery","wheat",21.6318420890455
28099,"Mississippi","Neshoba","corn",0
28099,"Mississippi","Neshoba","grain sorghum",0
28101,"Mississippi","Newton","corn",0
28101,"Mississippi","Newton","soybeans",0
28101,"Mississippi","Newton","sunflower",0
28103,"Mississippi","Noxubee","corn",2754.32316670176
28103,"Mississippi","Noxubee","cotton",2506.74180867996
28103,"Mississippi","Noxubee","grain sorghum",8.11008862469988
28103,"Mississippi","Noxubee","oats",5.01281472926899
28103,"Mississippi","Noxubee","soybeans",889.807612719281
28103,"Mississippi","Noxubee","wheat",86.3611752116875
28105,"Mississippi","Oktibbeha","corn",0
28105,"Mississippi","Oktibbeha","cotton",0
28105,"Mississippi","Oktibbeha","soybeans",0
28105,"Mississippi","Oktibbeha","wheat",0
28107,"Mississippi","Panola","corn",64.0201402296679
28107,"Mississippi","Panola","cotton",85.8808200411831
28107,"Mississippi","Panola","dry peas",0.207739024457073
28107,"Mississippi","Panola","grain sorghum",0.75717707416739
28107,"Mississippi","Panola","peanuts",4.43716445059952
28107,"Mississippi","Panola","rice_long grain",28.6065776873757
28107,"Mississippi","Panola","rice_short/medium grain",3.0437121160868
28107,"Mississippi","Panola","soybeans",160.976865821477
28107,"Mississippi","Panola","sunflower",0.47661313426672
28107,"Mississippi","Panola","wheat",13.3754570873954
28109,"Mississippi","Pearl River","corn",0
28109,"Mississippi","Pearl River","grain sorghum",0
28109,"Mississippi","Pearl River","peanuts",0
28109,"Mississippi","Pearl River","soybeans",0
28109,"Mississippi","Pearl River","wheat",0
28111,"Mississippi","Perry","corn",0
28111,"Mississippi","Perry","cotton",0
28111,"Mississippi","Perry","grain sorghum",0
28111,"Mississippi","Perry","peanuts",0
28111,"Mississippi","Perry","soybeans",0
28111,"Mississippi","Perry","wheat",0
28113,"Mississippi","Pike","corn",0
28113,"Mississippi","Pike","oats",0
28113,"Mississippi","Pike","soybeans",0
28113,"Mississippi","Pike","wheat",0
28115,"Mississippi","Pontotoc","corn",0
28115,"Mississippi","Pontotoc","cotton",0
28115,"Mississippi","Pontotoc","grain sorghum",0
28115,"Mississippi","Pontotoc","soybeans",0
28115,"Mississippi","Pontotoc","wheat",0
28117,"Mississippi","Prentiss","corn",0
28117,"Mississippi","Prentiss","cotton",0
28117,"Mississippi","Prentiss","dry peas",0
28117,"Mississippi","Prentiss","grain sorghum",0
28117,"Mississippi","Prentiss","oats",0
28117,"Mississippi","Prentiss","peanuts",0
28117,"Mississippi","Prentiss","soybeans",0
28117,"Mississippi","Prentiss","sunflower",0
28117,"Mississippi","Prentiss","wheat",0
28119,"Mississippi","Quitman","corn",1090.8454558688
28119,"Mississippi","Quitman","cotton",1171.38963489092
28119,"Mississippi","Quitman","grain sorghum",28.5745604575592
28119,"Mississippi","Quitman","oats",0.985708639392731
28119,"Mississippi","Quitman","peanuts",0.62314913984598
28119,"Mississippi","Quitman","rice_long grain",654.216296862923
28119,"Mississippi","Quitman","rice_short/medium grain",9.97066948714469
28119,"Mississippi","Quitman","soybeans",4381.60836931646
28119,"Mississippi","Quitman","wheat",79.5191553369966
28121,"Mississippi","Rankin","corn",232.798513946279
28121,"Mississippi","Rankin","cotton",148.986191075532
28121,"Mississippi","Rankin","grain sorghum",21.5767220888525
28121,"Mississippi","Rankin","soybeans",617.464765730837
28121,"Mississippi","Rankin","wheat",12.6718071584998
28123,"Mississippi","Scott","corn",365.365543193077
28123,"Mississippi","Scott","cotton",188.57526114891
28123,"Mississippi","Scott","grain sorghum",20.1016195300267
28123,"Mississippi","Scott","soybeans",1546.19757612799
28125,"Mississippi","Sharkey","corn",4267.91660198471
28125,"Mississippi","Sharkey","cotton",1363.41197388649
28125,"Mississippi","Sharkey","rice_long grain",82.4923529574883
28125,"Mississippi","Sharkey","soybeans",10351.6598154201
28125,"Mississippi","Sharkey","sunflower",3.03970014702614
28125,"Mississippi","Sharkey","wheat",134.078108937491
28127,"Mississippi","Simpson","corn",0
28127,"Mississippi","Simpson","cotton",0
28127,"Mississippi","Simpson","peanuts",0
28127,"Mississippi","Simpson","soybeans",0
28129,"Mississippi","Smith","corn",78.6555190348626
28129,"Mississippi","Smith","cotton",307.942044746351
28129,"Mississippi","Smith","oats",105.578978428595
28129,"Mississippi","Smith","peanuts",152.401041646687
28129,"Mississippi","Smith","soybeans",201.554416143504
28131,"Mississippi","Stone","corn",263.670204366043
28131,"Mississippi","Stone","cotton",437.568679118756
28131,"Mississippi","Stone","dry peas",11.9573856824471
28131,"Mississippi","Stone","oats",5.70706975158232
28131,"Mississippi","Stone","peanuts",377.732798853003
28131,"Mississippi","Stone","soybeans",41.1583602534355
28131,"Mississippi","Stone","wheat",217.292501974733
28133,"Mississippi","Sunflower","corn",9326.8787449644
28133,"Mississippi","Sunflower","cotton",1324.36577696332
28133,"Mississippi","Sunflower","grain sorghum",43.5385837869787
28133,"Mississippi","Sunflower","rice_long grain",1832.18091231232
28133,"Mississippi","Sunflower","soybeans",32774.5047274957
28133,"Mississippi","Sunflower","wheat",473.350754477266
28135,"Mississippi","Tallahatchie","corn",4737.10649404852
28135,"Mississippi","Tallahatchie","cotton",3097.93592186781
28135,"Mississippi","Tallahatchie","grain sorghum",12.2887288660008
28135,"Mississippi","Tallahatchie","oats",3.64566422395593
28135,"Mississippi","Tallahatchie","peanuts",5.93346374353534
28135,"Mississippi","Tallahatchie","rice_long grain",783.266242228613
28135,"Mississippi","Tallahatchie","soybeans",11319.3705701038
28135,"Mississippi","Tallahatchie","wheat",469.261414917774
28137,"Mississippi","Tate","corn",253.679402850573
28137,"Mississippi","Tate","cotton",100.462755388896
28137,"Mississippi","Tate","dry peas",18.131325928983
28137,"Mississippi","Tate","grain sorghum",3.59842873782129
28137,"Mississippi","Tate","peanuts",30.8494160297804
28137,"Mississippi","Tate","rice_long grain",24.133006693433
28137,"Mississippi","Tate","soybeans",491.801248694221
28137,"Mississippi","Tate","sunflower",0.31981243683371
28137,"Mississippi","Tate","wheat",49.3797365728038
28139,"Mississippi","Tippah","corn",0
28139,"Mississippi","Tippah","cotton",0
28139,"Mississippi","Tippah","sesame",0
28139,"Mississippi","Tippah","soybeans",0
28139,"Mississippi","Tippah","sunflower",0
28139,"Mississippi","Tippah","wheat",0
28141,"Mississippi","Tishomingo","corn",0
28141,"Mississippi","Tishomingo","cotton",0
28141,"Mississippi","Tishomingo","dry peas",0
28141,"Mississippi","Tishomingo","soybeans",0
28141,"Mississippi","Tishomingo","sunflower",0
28141,"Mississippi","Tishomingo","wheat",0
28143,"Mississippi","Tunica","corn",6105.27423981361
28143,"Mississippi","Tunica","cotton",6593.60152302181
28143,"Mississippi","Tunica","grain sorghum",107.455777329089
28143,"Mississippi","Tunica","oats",142.2704203144
28143,"Mississippi","Tunica","peanuts",51.6729257631004
28143,"Mississippi","Tunica","rice_long grain",6008.91729768514
28143,"Mississippi","Tunica","rice_short/medium grain",229.740411218936
28143,"Mississippi","Tunica","soybeans",18401.7525521978
28143,"Mississippi","Tunica","sunflower",11.0335131020802
28143,"Mississippi","Tunica","wheat",1136.89133955396
28145,"Mississippi","Union","corn",0
28145,"Mississippi","Union","cotton",0
28145,"Mississippi","Union","grain sorghum",0
28145,"Mississippi","Union","soybeans",0
28145,"Mississippi","Union","sunflower",0
28145,"Mississippi","Union","wheat",0
28147,"Mississippi","Walthall","corn",0
28147,"Mississippi","Walthall","grain sorghum",0
28147,"Mississippi","Walthall","oats",0
28147,"Mississippi","Walthall","peanuts",0
28147,"Mississippi","Walthall","sesame",0
28147,"Mississippi","Walthall","soybeans",0
28147,"Mississippi","Walthall","wheat",0
28149,"Mississippi","Warren","corn",440.789513662124
28149,"Mississippi","Warren","cotton",106.194196855571
28149,"Mississippi","Warren","peanuts",24.240028145567
28149,"Mississippi","Warren","soybeans",637.426039091618
28149,"Mississippi","Warren","sunflower",0.107792544708508
28149,"Mississippi","Warren","wheat",20.0284297004126
28151,"Mississippi","Washington","corn",14231.5601781821
28151,"Mississippi","Washington","cotton",2238.3849460252
28151,"Mississippi","Washington","grain sorghum",12.3179884357026
28151,"Mississippi","Washington","peanuts",1.97152906724573
28151,"Mississippi","Washington","rice_long grain",1145.67275273819
28151,"Mississippi","Washington","soybeans",40535.1866464762
28151,"Mississippi","Washington","sunflower",1.22610331515377
28151,"Mississippi","Washington","wheat",522.460835760309
28153,"Mississippi","Wayne","corn",0
28153,"Mississippi","Wayne","oats",0
28153,"Mississippi","Wayne","soybeans",0
28153,"Mississippi","Wayne","wheat",0
28155,"Mississippi","Webster","corn",528.496598569145
28155,"Mississippi","Webster","cotton",895.973342798864
28155,"Mississippi","Webster","grain sorghum",12.3650673472657
28155,"Mississippi","Webster","peanuts",22.2668767022753
28155,"Mississippi","Webster","soybeans",400.215300239576
28155,"Mississippi","Webster","wheat",42.2674810095427
28157,"Mississippi","Wilkinson","soybeans",0
28159,"Mississippi","Winston","corn",0
28159,"Mississippi","Winston","cotton",0
28159,"Mississippi","Winston","oats",0
28159,"Mississippi","Winston","soybeans",0
28159,"Mississippi","Winston","sunflower",0
28159,"Mississippi","Winston","wheat",0
28161,"Mississippi","Yalobusha","corn",0
28161,"Mississippi","Yalobusha","cotton",0
28161,"Mississippi","Yalobusha","grain sorghum",0
28161,"Mississippi","Yalobusha","peanuts",0
28161,"Mississippi","Yalobusha","soybeans",0
28161,"Mississippi","Yalobusha","wheat",0
28163,"Mississippi","Yazoo","corn",7085.0651230904
28163,"Mississippi","Yazoo","cotton",3779.80344414434
28163,"Mississippi","Yazoo","grain sorghum",21.5888107405097
28163,"Mississippi","Yazoo","oats",5.23995897622675
28163,"Mississippi","Yazoo","peanuts",12.1595809601332
28163,"Mississippi","Yazoo","rice_long grain",204.096851520171
28163,"Mississippi","Yazoo","sesame",47.8261751388315
28163,"Mississippi","Yazoo","soybeans",6467.65050342505
28163,"Mississippi","Yazoo","sunflower",1.29426087920524
28163,"Mississippi","Yazoo","wheat",349.528524458459
29001,"Missouri","Adair","corn",3913.8432300558
29001,"Missouri","Adair","grain sorghum",54.2375967758773
29001,"Missouri","Adair","oats",20.7840595942242
29001,"Missouri","Adair","soybeans",9045.71829375919
29001,"Missouri","Adair","wheat",198.734153148224
29003,"Missouri","Andrew","corn",7034.08429757396
29003,"Missouri","Andrew","grain sorghum",30.7184429598695
29003,"Missouri","Andrew","oats",10.7588780194253
29003,"Missouri","Andrew","soybeans",8076.63995764513
29003,"Missouri","Andrew","wheat",82.1549238016111
29005,"Missouri","Atchison","barley",0.778039445470432
29005,"Missouri","Atchison","corn",8343.89126694242
29005,"Missouri","Atchison","cotton",0.000588643423847499
29005,"Missouri","Atchison","grain sorghum",2.36909356651157
29005,"Missouri","Atchison","oats",6.5711442690944
29005,"Missouri","Atchison","soybeans",7298.67045643421
29005,"Missouri","Atchison","wheat",16.9100773655519
29007,"Missouri","Audrain","barley",5.23478029836291
29007,"Missouri","Audrain","corn",7587.71399868382
29007,"Missouri","Audrain","dry peas",5.75960019725888
29007,"Missouri","Audrain","grain sorghum",138.497734870213
29007,"Missouri","Audrain","oats",27.2876528113466
29007,"Missouri","Audrain","soybeans",11679.597730635
29007,"Missouri","Audrain","sunflower",7.29276014622117
29007,"Missouri","Audrain","wheat",1192.67707569104
29009,"Missouri","Barry","barley",44.5664783388627
29009,"Missouri","Barry","corn",2551.74451505234
29009,"Missouri","Barry","grain sorghum",117.316275031374
29009,"Missouri","Barry","oats",125.351744417999
29009,"Missouri","Barry","soybeans",1946.43663009194
29009,"Missouri","Barry","wheat",2255.19635706749
29011,"Missouri","Barton","barley",16.7557520743903
29011,"Missouri","Barton","canola",15.6896386712629
29011,"Missouri","Barton","corn",5534.71262921676
29011,"Missouri","Barton","grain sorghum",145.822557644199
29011,"Missouri","Barton","oats",5.13042752747787
29011,"Missouri","Barton","soybeans",8561.52268614752
29011,"Missouri","Barton","wheat",3356.94778871838
29013,"Missouri","Bates","corn",6458.68808410986
29013,"Missouri","Bates","grain sorghum",14.5554539568747
29013,"Missouri","Bates","oats",12.4985103945298
29013,"Missouri","Bates","soybeans",10644.6833574531
29013,"Missouri","Bates","sunflower",3.55760944630915
29013,"Missouri","Bates","wheat",1496.84998463935
29015,"Missouri","Benton","corn",0
29015,"Missouri","Benton","grain sorghum",0
29015,"Missouri","Benton","oats",0
29015,"Missouri","Benton","soybeans",0
29015,"Missouri","Benton","wheat",0
29017,"Missouri","Bollinger","barley",1.56785736142454
29017,"Missouri","Bollinger","corn",638.383743525049
29017,"Missouri","Bollinger","grain sorghum",10.8976944356966
29017,"Missouri","Bollinger","oats",3.84629335156488
29017,"Missouri","Bollinger","rice_long grain",43.006004104567
29017,"Missouri","Bollinger","soybeans",1437.94332031777
29017,"Missouri","Bollinger","sunflower",0.922425160468762
29017,"Missouri","Bollinger","wheat",279.304161743457
29019,"Missouri","Boone","corn",407.366774833118
29019,"Missouri","Boone","grain sorghum",18.7868784985166
29019,"Missouri","Boone","oats",0.631007039351635
29019,"Missouri","Boone","soybeans",812.782300603802
29019,"Missouri","Boone","sunflower",0.617706551003961
29019,"Missouri","Boone","wheat",76.5733324741944
29021,"Missouri","Buchanan","corn",2550.28939476922
29021,"Missouri","Buchanan","grain sorghum",2.54489691926672
29021,"Missouri","Buchanan","oats",1.04916596885276
29021,"Missouri","Buchanan","soybeans",2806.06767914402
29021,"Missouri","Buchanan","sunflower",0.517032855116846
29021,"Missouri","Buchanan","wheat",53.2559303435177
29023,"Missouri","Butler","canola",0
29023,"Missouri","Butler","corn",0
29023,"Missouri","Butler","cotton",0
29023,"Missouri","Butler","dry peas",0
29023,"Missouri","Butler","grain sorghum",0
29023,"Missouri","Butler","oats",0
29023,"Missouri","Butler","peanuts",0
29023,"Missouri","Butler","rapeseed",0
29023,"Missouri","Butler","rice_long grain",0
29023,"Missouri","Butler","rice_short/medium grain",0
29023,"Missouri","Butler","soybeans",0
29023,"Missouri","Butler","sunflower",0
29023,"Missouri","Butler","wheat",0
29025,"Missouri","Caldwell","corn",620.716226605056
29025,"Missouri","Caldwell","grain sorghum",17.919617543862
29025,"Missouri","Caldwell","oats",2.57061890923676
29025,"Missouri","Caldwell","soybeans",1339.86191669667
29025,"Missouri","Caldwell","wheat",64.4625202451888
29027,"Missouri","Callaway","barley",3.80562676878274
29027,"Missouri","Callaway","corn",1432.88598288402
29027,"Missouri","Callaway","grain sorghum",43.8448345153656
29027,"Missouri","Callaway","oats",4.75951999707405
29027,"Missouri","Callaway","soybeans",2813.71946586452
29027,"Missouri","Callaway","sunflower",1.47256458714481
29027,"Missouri","Callaway","wheat",379.861005383091
29029,"Missouri","Camden","corn",172.176018228864
29029,"Missouri","Camden","grain sorghum",10.6458812706485
29029,"Missouri","Camden","soybeans",139.632100500488
29031,"Missouri","Cape Girardeau","barley",27.369757305482
29031,"Missouri","Cape Girardeau","corn",3490.05706498653
29031,"Missouri","Cape Girardeau","grain sorghum",12.203512206966
29031,"Missouri","Cape Girardeau","oats",13.6998993593712
29031,"Missouri","Cape Girardeau","rice_long grain",51.9777344162237
29031,"Missouri","Cape Girardeau","soybeans",8035.31611167501
29031,"Missouri","Cape Girardeau","sunflower",1.21823343638342
29031,"Missouri","Cape Girardeau","wheat",1492.59868661404
29033,"Missouri","Carroll","barley",0.357563252521556
29033,"Missouri","Carroll","corn",5700.19446940758
29033,"Missouri","Carroll","grain sorghum",9.38827014901909
29033,"Missouri","Carroll","oats",4.98729224617066
29033,"Missouri","Carroll","soybeans",7694.84569837922
29033,"Missouri","Carroll","sunflower",1.18961294113922
29033,"Missouri","Carroll","wheat",304.573093624366
29035,"Missouri","Carter","soybeans",0
29037,"Missouri","Cass","corn",0
29037,"Missouri","Cass","grain sorghum",0
29037,"Missouri","Cass","oats",0
29037,"Missouri","Cass","soybeans",0
29037,"Missouri","Cass","sunflower",0
29037,"Missouri","Cass","wheat",0
29039,"Missouri","Cedar","barley",0
29039,"Missouri","Cedar","corn",0
29039,"Missouri","Cedar","grain sorghum",0
29039,"Missouri","Cedar","soybeans",0
29039,"Missouri","Cedar","wheat",0
29041,"Missouri","Chariton","corn",7247.93743758146
29041,"Missouri","Chariton","grain sorghum",4.30498271028476
29041,"Missouri","Chariton","oats",2.58086219523102
29041,"Missouri","Chariton","soybeans",12038.4377493955
29041,"Missouri","Chariton","sunflower",0.953738107773112
29041,"Missouri","Chariton","wheat",551.539896676401
29043,"Missouri","Christian","barley",20.4265737456859
29043,"Missouri","Christian","corn",321.239606225004
29043,"Missouri","Christian","grain sorghum",3.3899901108459
29043,"Missouri","Christian","oats",27.9146852349766
29043,"Missouri","Christian","soybeans",317.580450899357
29043,"Missouri","Christian","sunflower",71.3385752270732
29043,"Missouri","Christian","wheat",224.456518557057
29045,"Missouri","Clark","corn",1039.99775718418
29045,"Missouri","Clark","grain sorghum",0.722549372005118
29045,"Missouri","Clark","oats",2.58830520861572
29045,"Missouri","Clark","soybeans",1141.1256481612
29045,"Missouri","Clark","sunflower",0.491034096351772
29045,"Missouri","Clark","wheat",20.7022059776221
29047,"Missouri","Clay","corn",1509.0608162819
29047,"Missouri","Clay","dry peas",12.1290250085344
29047,"Missouri","Clay","grain sorghum",9.93140805338764
29047,"Missouri","Clay","oats",9.79117389000296
29047,"Missouri","Clay","soybeans",2459.08650507562
29047,"Missouri","Clay","sunflower",0.69625031996252
29047,"Missouri","Clay","wheat",101.480821370594
29049,"Missouri","Clinton","corn",10129.9913131727
29049,"Missouri","Clinton","dry peas",0.867195285553651
29049,"Missouri","Clinton","grain sorghum",63.9496903419936
29049,"Missouri","Clinton","oats",16.3097753330503
29049,"Missouri","Clinton","soybeans",12556.0793477553
29049,"Missouri","Clinton","wheat",104.190044778129
29051,"Missouri","Cole","barley",0
29051,"Missouri","Cole","corn",0
29051,"Missouri","Cole","grain sorghum",0
29051,"Missouri","Cole","oats",0
29051,"Missouri","Cole","soybeans",0
29051,"Missouri","Cole","sunflower",0
29051,"Missouri","Cole","wheat",0
29053,"Missouri","Cooper","barley",0.526285131226376
29053,"Missouri","Cooper","corn",1723.73694262798
29053,"Missouri","Cooper","grain sorghum",7.86047080897457
29053,"Missouri","Cooper","oats",3.71943514447176
29053,"Missouri","Cooper","soybeans",2348.66602269894
29053,"Missouri","Cooper","sunflower",1.37867848356135
29053,"Missouri","Cooper","wheat",346.884665104836
29055,"Missouri","Crawford","corn",0
29055,"Missouri","Crawford","grain sorghum",0
29055,"Missouri","Crawford","soybeans",0
29055,"Missouri","Crawford","sunflower",0
29055,"Missouri","Crawford","wheat",0
29057,"Missouri","Dade","canola",23.7181308043043
29057,"Missouri","Dade","corn",5629.45554908209
29057,"Missouri","Dade","grain sorghum",97.6911936819919
29057,"Missouri","Dade","oats",19.0644098039133
29057,"Missouri","Dade","soybeans",8158.04106097612
29057,"Missouri","Dade","wheat",4371.86832231824
29059,"Missouri","Dallas","corn",235.871551168146
29059,"Missouri","Dallas","grain sorghum",39.05821078965
29059,"Missouri","Dallas","oats",87.5228399974879
29059,"Missouri","Dallas","soybeans",320.020737489533
29059,"Missouri","Dallas","sunflower",12.047119368615
29059,"Missouri","Dallas","wheat",129.930541186568
29061,"Missouri","Daviess","corn",4597.64238058142
29061,"Missouri","Daviess","dry peas",5.52536267740281
29061,"Missouri","Daviess","grain sorghum",35.5605057513894
29061,"Missouri","Daviess","oats",16.8172058658568
29061,"Missouri","Daviess","soybeans",8151.79331344615
29061,"Missouri","Daviess","wheat",184.046565011098
29063,"Missouri","DeKalb","barley",3.22997998901546
29063,"Missouri","DeKalb","corn",5539.17036622564
29063,"Missouri","DeKalb","grain sorghum",9.94496528579935
29063,"Missouri","DeKalb","oats",24.6315786741442
29063,"Missouri","DeKalb","soybeans",7559.26501313576
29063,"Missouri","DeKalb","sunflower",0.439522593441978
29063,"Missouri","DeKalb","wheat",135.020574096201
29065,"Missouri","Dent","corn",0
29065,"Missouri","Dent","grain sorghum",0
29067,"Missouri","Douglas","corn",0
29067,"Missouri","Douglas","oats",0
29067,"Missouri","Douglas","soybeans",0
29069,"Missouri","Dunklin","corn",3798.26326615207
29069,"Missouri","Dunklin","cotton",12307.5038430995
29069,"Missouri","Dunklin","grain sorghum",27.5587725359216
29069,"Missouri","Dunklin","oats",1.52716539548898
29069,"Missouri","Dunklin","peanuts",1353.3062615105
29069,"Missouri","Dunklin","rice_long grain",2804.32527361074
29069,"Missouri","Dunklin","soybeans",9017.09057457477
29069,"Missouri","Dunklin","sunflower",3.458171935806
29069,"Missouri","Dunklin","wheat",1821.52433785193
29071,"Missouri","Franklin","barley",0
29071,"Missouri","Franklin","corn",0
29071,"Missouri","Franklin","grain sorghum",0
29071,"Missouri","Franklin","oats",0
29071,"Missouri","Franklin","soybeans",0
29071,"Missouri","Franklin","sunflower",0
29071,"Missouri","Franklin","wheat",0
29073,"Missouri","Gasconade","barley",0
29073,"Missouri","Gasconade","corn",0
29073,"Missouri","Gasconade","grain sorghum",0
29073,"Missouri","Gasconade","oats",0
29073,"Missouri","Gasconade","soybeans",0
29073,"Missouri","Gasconade","sunflower",0
29073,"Missouri","Gasconade","wheat",0
29075,"Missouri","Gentry","barley",6.79536970777591
29075,"Missouri","Gentry","corn",5009.19128839401
29075,"Missouri","Gentry","grain sorghum",4.29979879877861
29075,"Missouri","Gentry","oats",37.2680392401022
29075,"Missouri","Gentry","soybeans",7561.3478084773
29075,"Missouri","Gentry","sunflower",0.356578620348061
29075,"Missouri","Gentry","wheat",181.330116761671
29077,"Missouri","Greene","corn",1568.58278199203
29077,"Missouri","Greene","grain sorghum",31.7712854900023
29077,"Missouri","Greene","oats",43.4195232395401
29077,"Missouri","Greene","soybeans",1996.69206459264
29077,"Missouri","Greene","sunflower",37.78506987221
29077,"Missouri","Greene","wheat",881.781774813582
29079,"Missouri","Grundy","barley",2.03563592900052
29079,"Missouri","Grundy","corn",4435.12526904069
29079,"Missouri","Grundy","grain sorghum",13.6163687290845
29079,"Missouri","Grundy","oats",11.5612811678735
29079,"Missouri","Grundy","soybeans",8192.04970325008
29079,"Missouri","Grundy","wheat",83.7150752166067
29081,"Missouri","Harrison","corn",5556.57281595298
29081,"Missouri","Harrison","grain sorghum",22.7594024294436
29081,"Missouri","Harrison","oats",31.924316675176
29081,"Missouri","Harrison","soybeans",7672.23475089707
29081,"Missouri","Harrison","wheat",97.7000473786792
29083,"Missouri","Henry","barley",5.68787337477599
29083,"Missouri","Henry","corn",1813.9840258407
29083,"Missouri","Henry","grain sorghum",28.5454226704351
29083,"Missouri","Henry","oats",7.88676355668717
29083,"Missouri","Henry","soybeans",4377.9402281956
29083,"Missouri","Henry","sunflower",0.361094735890329
29083,"Missouri","Henry","wheat",602.162591625918
29085,"Missouri","Hickory","corn",0
29085,"Missouri","Hickory","grain sorghum",0
29085,"Missouri","Hickory","oats",0
29085,"Missouri","Hickory","soybeans",0
29085,"Missouri","Hickory","wheat",0
29087,"Missouri","Holt","corn",1033.34041979714
29087,"Missouri","Holt","dry peas",0.0475709068513362
29087,"Missouri","Holt","grain sorghum",1.83443004753467
29087,"Missouri","Holt","oats",0.533900456894299
29087,"Missouri","Holt","soybeans",894.874287719738
29087,"Missouri","Holt","sunflower",0.12906835192223
29087,"Missouri","Holt","wheat",13.897656053258
29089,"Missouri","Howard","barley",1.14487032965212
29089,"Missouri","Howard","corn",1838.89440058812
29089,"Missouri","Howard","grain sorghum",14.5844256121765
29089,"Missouri","Howard","oats",3.60368309384531
29089,"Missouri","Howard","soybeans",2448.52532910864
29089,"Missouri","Howard","sunflower",0.950580269368275
29089,"Missouri","Howard","wheat",190.476210998191
29091,"Missouri","Howell","corn",912.684380494198
29091,"Missouri","Howell","grain sorghum",7.35163995166264
29091,"Missouri","Howell","soybeans",259.083448947225
29091,"Missouri","Howell","sunflower",7.4286204747167
29091,"Missouri","Howell","wheat",99.0332434655311
29093,"Missouri","Iron","corn",0
29093,"Missouri","Iron","soybeans",0
29093,"Missouri","Iron","wheat",0
29095,"Missouri","Jackson","corn",0
29095,"Missouri","Jackson","grain sorghum",0
29095,"Missouri","Jackson","oats",0
29095,"Missouri","Jackson","soybeans",0
29095,"Missouri","Jackson","sunflower",0
29095,"Missouri","Jackson","wheat",0
29097,"Missouri","Jasper","barley",20.579986926232
29097,"Missouri","Jasper","corn",4915.7640448468
29097,"Missouri","Jasper","grain sorghum",121.442513343659
29097,"Missouri","Jasper","oats",15.9595883829542
29097,"Missouri","Jasper","soybeans",9204.1896413558
29097,"Missouri","Jasper","sunflower",21.9508275669817
29097,"Missouri","Jasper","wheat",5097.26223091091
29099,"Missouri","Jefferson","barley",0
29099,"Missouri","Jefferson","corn",0
29099,"Missouri","Jefferson","soybeans",0
29099,"Missouri","Jefferson","wheat",0
29101,"Missouri","Johnson","corn",3031.66685327864
29101,"Missouri","Johnson","grain sorghum",10.4835992161649
29101,"Missouri","Johnson","oats",4.8359738135561
29101,"Missouri","Johnson","soybeans",5222.25196489849
29101,"Missouri","Johnson","sunflower",0.0859081434997395
29101,"Missouri","Johnson","wheat",311.161700649654
29103,"Missouri","Knox","barley",10.6741142753798
29103,"Missouri","Knox","corn",8042.04556298604
29103,"Missouri","Knox","grain sorghum",18.8648771393611
29103,"Missouri","Knox","oats",32.7289700700591
29103,"Missouri","Knox","rice_long grain",0.411613299215277
29103,"Missouri","Knox","rice_short/medium grain",0.65916720514902
29103,"Missouri","Knox","soybeans",12040.635156005
29103,"Missouri","Knox","sunflower",2.87006283841921
29103,"Missouri","Knox","wheat",276.147876181422
29105,"Missouri","Laclede","corn",0
29105,"Missouri","Laclede","grain sorghum",0
29105,"Missouri","Laclede","oats",0
29105,"Missouri","Laclede","soybeans",0
29105,"Missouri","Laclede","wheat",0
29107,"Missouri","Lafayette","barley",1.61431375244718
29107,"Missouri","Lafayette","corn",6796.01672795374
29107,"Missouri","Lafayette","dry peas",0.0000652511621846072
29107,"Missouri","Lafayette","grain sorghum",7.03309651606789
29107,"Missouri","Lafayette","oats",2.19847478190488
29107,"Missouri","Lafayette","soybeans",7340.57134598398
29107,"Missouri","Lafayette","sunflower",0.631304994136075
29107,"Missouri","Lafayette","wheat",283.015170766541
29109,"Missouri","Lawrence","barley",57.5125930649783
29109,"Missouri","Lawrence","corn",3608.24503405483
29109,"Missouri","Lawrence","grain sorghum",49.4438687754389
29109,"Missouri","Lawrence","oats",113.642385056998
29109,"Missouri","Lawrence","soybeans",3797.68538588798
29109,"Missouri","Lawrence","sunflower",21.9201373873401
29109,"Missouri","Lawrence","wheat",2202.7647624391
29111,"Missouri","Lewis","corn",9710.09192605732
29111,"Missouri","Lewis","grain sorghum",4.07594406764384
29111,"Missouri","Lewis","oats",3.70188885777892
29111,"Missouri","Lewis","rice_long grain",10.2525132522065
29111,"Missouri","Lewis","soybeans",11109.66975598
29111,"Missouri","Lewis","sunflower",1.99208854917473
29111,"Missouri","Lewis","wheat",351.244549902534
29113,"Missouri","Lincoln","corn",121.665079307774
29113,"Missouri","Lincoln","grain sorghum",4.68310790139591
29113,"Missouri","Lincoln","oats",0.061531616865293
29113,"Missouri","Lincoln","soybeans",231.271329925808
29113,"Missouri","Lincoln","wheat",20.8362512481346
29115,"Missouri","Linn","corn",7176.88335973407
29115,"Missouri","Linn","grain sorghum",29.0832815917915
29115,"Missouri","Linn","oats",15.1582611041452
29115,"Missouri","Linn","soybeans",14861.0111326585
29115,"Missouri","Linn","wheat",826.932298244828
29117,"Missouri","Livingston","barley",1.16538789188368
29117,"Missouri","Livingston","corn",3621.58371293299
29117,"Missouri","Livingston","grain sorghum",132.094781815975
29117,"Missouri","Livingston","oats",2.56918649317476
29117,"Missouri","Livingston","soybeans",8849.82399926731
29117,"Missouri","Livingston","wheat",261.851044932019
29121,"Missouri","Macon","corn",6251.61243710172
29121,"Missouri","Macon","grain sorghum",11.5869804211848
29121,"Missouri","Macon","oats",14.8482117560493
29121,"Missouri","Macon","soybeans",14987.6737598478
29121,"Missouri","Macon","wheat",515.580277539937
29123,"Missouri","Madison","corn",57.965880020902
29123,"Missouri","Madison","grain sorghum",3.28969891512581
29123,"Missouri","Madison","oats",3.60036521868957
29123,"Missouri","Madison","soybeans",210.150023169079
29123,"Missouri","Madison","wheat",21.5431993428699
29125,"Missouri","Maries","barley",1.57996180423676
29125,"Missouri","Maries","corn",116.417456744141
29125,"Missouri","Maries","grain sorghum",10.3747930506377
29125,"Missouri","Maries","oats",2.11410774452028
29125,"Missouri","Maries","soybeans",228.232642595475
29125,"Missouri","Maries","sunflower",0.561049051078794
29125,"Missouri","Maries","wheat",24.290989009912
29127,"Missouri","Marion","corn",4239.54127718334
29127,"Missouri","Marion","dry peas",2.42606271171556
29127,"Missouri","Marion","grain sorghum",1.30877804448038
29127,"Missouri","Marion","oats",3.18469324156893
29127,"Missouri","Marion","rice_long grain",7.92307447851606
29127,"Missouri","Marion","soybeans",5097.89507880678
29127,"Missouri","Marion","sunflower",0.382986754490409
29127,"Missouri","Marion","wheat",250.228715445796
29119,"Missouri","McDonald","canola",138.287830825576
29119,"Missouri","McDonald","corn",486.854419489001
29119,"Missouri","McDonald","oats",83.6033096094077
29119,"Missouri","McDonald","soybeans",536.180392739854
29119,"Missouri","McDonald","wheat",467.585380669495
29129,"Missouri","Mercer","corn",41.7123493400103
29129,"Missouri","Mercer","grain sorghum",0.210557872345862
29129,"Missouri","Mercer","oats",0.233338446341014
29129,"Missouri","Mercer","soybeans",75.9487443539021
29129,"Missouri","Mercer","wheat",1.94734332071925
29131,"Missouri","Miller","barley",2.13176213086784
29131,"Missouri","Miller","corn",104.923234797871
29131,"Missouri","Miller","grain sorghum",10.812434626446
29131,"Missouri","Miller","oats",6.59889426001727
29131,"Missouri","Miller","soybeans",251.200186342199
29131,"Missouri","Miller","wheat",15.5244878425996
29133,"Missouri","Mississippi","corn",2479.39841220296
29133,"Missouri","Mississippi","cotton",91.2364890054647
29133,"Missouri","Mississippi","grain sorghum",11.7053242278976
29133,"Missouri","Mississippi","peanuts",16.9692241540009
29133,"Missouri","Mississippi","rice_long grain",32.1615023290898
29133,"Missouri","Mississippi","soybeans",6990.75811113317
29133,"Missouri","Mississippi","sunflower",4.15159870080211
29133,"Missouri","Mississippi","wheat",1651.20283824662
29135,"Missouri","Moniteau","barley",1.00294430132733
29135,"Missouri","Moniteau","corn",624.535581884452
29135,"Missouri","Moniteau","grain sorghum",14.1014538621339
29135,"Missouri","Moniteau","oats",1.42568152530536
29135,"Missouri","Moniteau","soybeans",934.785232347616
29135,"Missouri","Moniteau","sunflower",0.95887553657204
29135,"Missouri","Moniteau","wheat",125.913730542593
29137,"Missouri","Monroe","corn",6334.42410272567
29137,"Missouri","Monroe","grain sorghum",99.9189798922911
29137,"Missouri","Monroe","oats",13.2484741056736
29137,"Missouri","Monroe","soybeans",10129.6260410759
29137,"Missouri","Monroe","sunflower",0.382988850349725
29137,"Missouri","Monroe","wheat",559.15258001677
29139,"Missouri","Montgomery","barley",5.96743008296995
29139,"Missouri","Montgomery","corn",2238.20971121368
29139,"Missouri","Montgomery","grain sorghum",49.8990706537627
29139,"Missouri","Montgomery","oats",4.99955025087156
29139,"Missouri","Montgomery","soybeans",3599.81462282176
29139,"Missouri","Montgomery","sunflower",0.0654678891431922
29139,"Missouri","Montgomery","wheat",498.402647087785
29141,"Missouri","Morgan","barley",3.75002083075288
29141,"Missouri","Morgan","corn",294.848091385546
29141,"Missouri","Morgan","grain sorghum",9.92225415932768
29141,"Missouri","Morgan","oats",3.11681078496616
29141,"Missouri","Morgan","soybeans",494.18417841705
29141,"Missouri","Morgan","sunflower",0.30371993475235
29141,"Missouri","Morgan","wheat",70.6849244876021
29143,"Missouri","New Madrid","corn",2170.67506508349
29143,"Missouri","New Madrid","cotton",3758.18722985512
29143,"Missouri","New Madrid","grain sorghum",7.85229185562247
29143,"Missouri","New Madrid","peanuts",34.1260762129044
29143,"Missouri","New Madrid","rice_long grain",833.157273900284
29143,"Missouri","New Madrid","rice_short/medium grain",8.74314500292596
29143,"Missouri","New Madrid","soybeans",6839.56401808043
29143,"Missouri","New Madrid","sunflower",0.910149667400348
29143,"Missouri","New Madrid","wheat",408.419250341918
29145,"Missouri","Newton","barley",0
29145,"Missouri","Newton","corn",0
29145,"Missouri","Newton","grain sorghum",0
29145,"Missouri","Newton","oats",0
29145,"Missouri","Newton","soybeans",0
29145,"Missouri","Newton","sunflower",0
29145,"Missouri","Newton","wheat",0
29147,"Missouri","Nodaway","barley",1.59090088771933
29147,"Missouri","Nodaway","corn",16692.0380564296
29147,"Missouri","Nodaway","dry peas",5.85847299078313
29147,"Missouri","Nodaway","grain sorghum",0.8605445882017
29147,"Missouri","Nodaway","oats",77.3784508856862
29147,"Missouri","Nodaway","soybeans",18316.0809767993
29147,"Missouri","Nodaway","sunflower",2.03961652271709
29147,"Missouri","Nodaway","wheat",252.072647562715
29149,"Missouri","Oregon","corn",0
29149,"Missouri","Oregon","soybeans",0
29149,"Missouri","Oregon","wheat",0
29151,"Missouri","Osage","barley",1.74290268957251
29151,"Missouri","Osage","corn",228.148857252233
29151,"Missouri","Osage","grain sorghum",15.0466524158527
29151,"Missouri","Osage","oats",0.306503817391046
29151,"Missouri","Osage","soybeans",297.825504505998
29151,"Missouri","Osage","wheat",29.3515793189509
29153,"Missouri","Ozark","wheat",0
29155,"Missouri","Pemiscot","corn",359.324317735105
29155,"Missouri","Pemiscot","cotton",526.731678326842
29155,"Missouri","Pemiscot","grain sorghum",1.71733225829416
29155,"Missouri","Pemiscot","peanuts",0.155841806698385
29155,"Missouri","Pemiscot","rice_long grain",724.43780820647
29155,"Missouri","Pemiscot","rice_short/medium grain",23.9956323649765
29155,"Missouri","Pemiscot","soybeans",2707.06780541926
29155,"Missouri","Pemiscot","sunflower",0.226859650153555
29155,"Missouri","Pemiscot","wheat",367.086557565574
29157,"Missouri","Perry","barley",23.7471264460454
29157,"Missouri","Perry","corn",5274.54113253766
29157,"Missouri","Perry","grain sorghum",35.9174837808389
29157,"Missouri","Perry","oats",10.6482532294576
29157,"Missouri","Perry","soybeans",9902.45675388516
29157,"Missouri","Perry","sunflower",0.160088945136952
29157,"Missouri","Perry","wheat",2700.94549450901
29159,"Missouri","Pettis","barley",3.56808426282016
29159,"Missouri","Pettis","corn",1240.17914325051
29159,"Missouri","Pettis","grain sorghum",2.97890292190923
29159,"Missouri","Pettis","oats",1.31277807617931
29159,"Missouri","Pettis","soybeans",1913.79548432532
29159,"Missouri","Pettis","sunflower",2.96818651649608
29159,"Missouri","Pettis","wheat",179.823087313391
29161,"Missouri","Phelps","corn",0
29161,"Missouri","Phelps","grain sorghum",0
29161,"Missouri","Phelps","oats",0
29161,"Missouri","Phelps","soybeans",0
29161,"Missouri","Phelps","wheat",0
29163,"Missouri","Pike","barley",0.278539085079691
29163,"Missouri","Pike","corn",1396.16882394596
29163,"Missouri","Pike","grain sorghum",20.3761680933848
29163,"Missouri","Pike","oats",0.824566168568859
29163,"Missouri","Pike","soybeans",1942.3255670561
29163,"Missouri","Pike","wheat",156.386835650917
29165,"Missouri","Platte","corn",0
29165,"Missouri","Platte","grain sorghum",0
29165,"Missouri","Platte","oats",0
29165,"Missouri","Platte","soybeans",0
29165,"Missouri","Platte","sunflower",0
29165,"Missouri","Platte","wheat",0
29167,"Missouri","Polk","corn",787.125833862045
29167,"Missouri","Polk","grain sorghum",51.4869865660095
29167,"Missouri","Polk","oats",8.59577111431324
29167,"Missouri","Polk","soybeans",800.401024228049
29167,"Missouri","Polk","wheat",306.465884229581
29169,"Missouri","Pulaski","corn",155.048912001193
29169,"Missouri","Pulaski","soybeans",160.183415098469
29169,"Missouri","Pulaski","wheat",22.8256729003384
29171,"Missouri","Putnam","corn",4081.707716305
29171,"Missouri","Putnam","dry peas",59.9900440110177
29171,"Missouri","Putnam","grain sorghum",55.0465499771664
29171,"Missouri","Putnam","oats",34.3295272619788
29171,"Missouri","Putnam","soybeans",6999.88929963861
29171,"Missouri","Putnam","wheat",211.487362806226
29173,"Missouri","Ralls","barley",1.15629246666271
29173,"Missouri","Ralls","corn",2982.82152021314
29173,"Missouri","Ralls","grain sorghum",20.2530474113127
29173,"Missouri","Ralls","oats",4.47368213055407
29173,"Missouri","Ralls","soybeans",4128.51219053264
29173,"Missouri","Ralls","sunflower",0.735866059837172
29173,"Missouri","Ralls","wheat",220.571321185857
29175,"Missouri","Randolph","barley",8.75904419483831
29175,"Missouri","Randolph","corn",5338.47464363202
29175,"Missouri","Randolph","grain sorghum",56.3781716926104
29175,"Missouri","Randolph","oats",15.2467270339181
29175,"Missouri","Randolph","soybeans",12277.2830993266
29175,"Missouri","Randolph","wheat",912.700147453383
29177,"Missouri","Ray","corn",2037.1667775929
29177,"Missouri","Ray","grain sorghum",21.0541685926283
29177,"Missouri","Ray","oats",1.97277333084376
29177,"Missouri","Ray","soybeans",3973.94331324245
29177,"Missouri","Ray","sunflower",3.9822680099897
29177,"Missouri","Ray","wheat",120.842199231163
29179,"Missouri","Reynolds","soybeans",0
29179,"Missouri","Reynolds","wheat",0
29181,"Missouri","Ripley","corn",0
29181,"Missouri","Ripley","grain sorghum",0
29181,"Missouri","Ripley","rice_long grain",0
29181,"Missouri","Ripley","rice_short/medium grain",0
29181,"Missouri","Ripley","soybeans",0
29181,"Missouri","Ripley","sunflower",0
29181,"Missouri","Ripley","wheat",0
29195,"Missouri","Saline","barley",0.573547995960525
29195,"Missouri","Saline","corn",6114.77081044276
29195,"Missouri","Saline","grain sorghum",4.86670906044031
29195,"Missouri","Saline","oats",4.51087748174359
29195,"Missouri","Saline","soybeans",5966.93006253533
29195,"Missouri","Saline","sunflower",2.39909805994766
29195,"Missouri","Saline","wheat",200.304494423887
29197,"Missouri","Schuyler","corn",0
29197,"Missouri","Schuyler","oats",0
29197,"Missouri","Schuyler","soybeans",0
29197,"Missouri","Schuyler","wheat",0
29199,"Missouri","Scotland","barley",0.849518598695773
29199,"Missouri","Scotland","corn",2061.614301569
29199,"Missouri","Scotland","grain sorghum",1.56629991634533
29199,"Missouri","Scotland","oats",3.08118625916543
29199,"Missouri","Scotland","soybeans",2586.51272953465
29199,"Missouri","Scotland","sunflower",1.4015582019802
29199,"Missouri","Scotland","wheat",57.4537392534814
29201,"Missouri","Scott","barley",0
29201,"Missouri","Scott","corn",0
29201,"Missouri","Scott","cotton",0
29201,"Missouri","Scott","grain sorghum",0
29201,"Missouri","Scott","oats",0
29201,"Missouri","Scott","peanuts",0
29201,"Missouri","Scott","rice_long grain",0
29201,"Missouri","Scott","rice_short/medium grain",0
29201,"Missouri","Scott","soybeans",0
29201,"Missouri","Scott","sunflower",0
29201,"Missouri","Scott","wheat",0
29205,"Missouri","Shelby","corn",7209.01283910738
29205,"Missouri","Shelby","grain sorghum",57.3530763722114
29205,"Missouri","Shelby","oats",16.6362069424989
29205,"Missouri","Shelby","rice_long grain",0.0860479975396096
29205,"Missouri","Shelby","soybeans",13748.2906457283
29205,"Missouri","Shelby","sunflower",1.10069730186084
29205,"Missouri","Shelby","wheat",343.207653216887
29183,"Missouri","St. Charles","corn",0
29183,"Missouri","St. Charles","grain sorghum",0
29183,"Missouri","St. Charles","oats",0
29183,"Missouri","St. Charles","soybeans",0
29183,"Missouri","St. Charles","wheat",0
29185,"Missouri","St. Clair","barley",0.952712700309727
29185,"Missouri","St. Clair","corn",522.4725290099
29185,"Missouri","St. Clair","grain sorghum",23.5754787518859
29185,"Missouri","St. Clair","oats",3.45804561076345
29185,"Missouri","St. Clair","soybeans",1182.57960274413
29185,"Missouri","St. Clair","sunflower",0.39535567120448
29185,"Missouri","St. Clair","wheat",325.402942178478
29187,"Missouri","St. Francois","corn",0
29187,"Missouri","St. Francois","grain sorghum",0
29187,"Missouri","St. Francois","oats",0
29187,"Missouri","St. Francois","soybeans",0
29187,"Missouri","St. Francois","wheat",0
29189,"Missouri","St. Louis","corn",0
29189,"Missouri","St. Louis","grain sorghum",0
29189,"Missouri","St. Louis","soybeans",0
29189,"Missouri","St. Louis","wheat",0
29193,"Missouri","Ste. Genevieve","corn",14950.5469534893
29193,"Missouri","Ste. Genevieve","grain sorghum",13.2135999096193
29193,"Missouri","Ste. Genevieve","oats",13.1483103623654
29193,"Missouri","Ste. Genevieve","soybeans",27900.3670476571
29193,"Missouri","Ste. Genevieve","sunflower",15.1672640543711
29193,"Missouri","Ste. Genevieve","wheat",4439.26332452723
29207,"Missouri","Stoddard","corn",0
29207,"Missouri","Stoddard","cotton",0
29207,"Missouri","Stoddard","grain sorghum",0
29207,"Missouri","Stoddard","oats",0
29207,"Missouri","Stoddard","peanuts",0
29207,"Missouri","Stoddard","rice_long grain",0
29207,"Missouri","Stoddard","rice_short/medium grain",0
29207,"Missouri","Stoddard","soybeans",0
29207,"Missouri","Stoddard","sunflower",0
29207,"Missouri","Stoddard","wheat",0
29209,"Missouri","Stone","corn",453.61695324694
29209,"Missouri","Stone","oats",51.1703053784583
29209,"Missouri","Stone","soybeans",105.178892831566
29209,"Missouri","Stone","wheat",119.304515209703
29211,"Missouri","Sullivan","corn",4896.29774133506
29211,"Missouri","Sullivan","grain sorghum",28.5984621892778
29211,"Missouri","Sullivan","oats",55.8736086880731
29211,"Missouri","Sullivan","soybeans",10261.7186436388
29211,"Missouri","Sullivan","wheat",121.156344148779
29213,"Missouri","Taney","wheat",0
29215,"Missouri","Texas","corn",0
29215,"Missouri","Texas","soybeans",0
29215,"Missouri","Texas","wheat",0
29217,"Missouri","Vernon","corn",1503.14782373462
29217,"Missouri","Vernon","grain sorghum",48.4155012344515
29217,"Missouri","Vernon","oats",5.72264314906226
29217,"Missouri","Vernon","soybeans",2363.89632978464
29217,"Missouri","Vernon","sunflower",0.99224972362858
29217,"Missouri","Vernon","wheat",621.873452373634
29219,"Missouri","Warren","corn",0
29219,"Missouri","Warren","grain sorghum",0
29219,"Missouri","Warren","soybeans",0
29219,"Missouri","Warren","wheat",0
29221,"Missouri","Washington","corn",124.984193227787
29221,"Missouri","Washington","soybeans",1084.89955842916
29221,"Missouri","Washington","wheat",73.6402483430537
29223,"Missouri","Wayne","barley",0
29223,"Missouri","Wayne","corn",0
29223,"Missouri","Wayne","grain sorghum",0
29223,"Missouri","Wayne","oats",0
29223,"Missouri","Wayne","soybeans",0
29223,"Missouri","Wayne","wheat",0
29225,"Missouri","Webster","barley",1.97461322353525
29225,"Missouri","Webster","corn",258.651181645325
29225,"Missouri","Webster","grain sorghum",4.27303275345867
29225,"Missouri","Webster","oats",2.99278735236044
29225,"Missouri","Webster","soybeans",98.1341918030327
29225,"Missouri","Webster","sunflower",0.136747639905746
29225,"Missouri","Webster","wheat",39.7852789157147
29227,"Missouri","Worth","barley",0
29227,"Missouri","Worth","corn",0
29227,"Missouri","Worth","grain sorghum",0
29227,"Missouri","Worth","oats",0
29227,"Missouri","Worth","soybeans",0
29227,"Missouri","Worth","wheat",0
29229,"Missouri","Wright","corn",0
29229,"Missouri","Wright","grain sorghum",0
29229,"Missouri","Wright","oats",0
29229,"Missouri","Wright","soybeans",0
29229,"Missouri","Wright","wheat",0
30001,"Montana","Beaverhead","barley",0
30001,"Montana","Beaverhead","canola",0
30001,"Montana","Beaverhead","corn",0
30001,"Montana","Beaverhead","oats",0
30001,"Montana","Beaverhead","wheat",0
30003,"Montana","Big Horn","barley",0
30003,"Montana","Big Horn","canola",0
30003,"Montana","Big Horn","corn",0
30003,"Montana","Big Horn","dry peas",0
30003,"Montana","Big Horn","flaxseed",0
30003,"Montana","Big Horn","grain sorghum",0
30003,"Montana","Big Horn","lentils",0
30003,"Montana","Big Horn","oats",0
30003,"Montana","Big Horn","safflower",0
30003,"Montana","Big Horn","soybeans",0
30003,"Montana","Big Horn","sunflower",0
30003,"Montana","Big Horn","wheat",0
30005,"Montana","Blaine","barley",0
30005,"Montana","Blaine","canola",0
30005,"Montana","Blaine","corn",0
30005,"Montana","Blaine","dry peas",0
30005,"Montana","Blaine","flaxseed",0
30005,"Montana","Blaine","lentils",0
30005,"Montana","Blaine","mustard",0
30005,"Montana","Blaine","oats",0
30005,"Montana","Blaine","safflower",0
30005,"Montana","Blaine","soybeans",0
30005,"Montana","Blaine","wheat",0
30007,"Montana","Broadwater","barley",0
30007,"Montana","Broadwater","canola",0
30007,"Montana","Broadwater","corn",0
30007,"Montana","Broadwater","dry peas",0
30007,"Montana","Broadwater","mustard",0
30007,"Montana","Broadwater","oats",0
30007,"Montana","Broadwater","safflower",0
30007,"Montana","Broadwater","sunflower",0
30007,"Montana","Broadwater","wheat",0
30009,"Montana","Carbon","barley",0
30009,"Montana","Carbon","canola",0
30009,"Montana","Carbon","corn",0
30009,"Montana","Carbon","dry peas",0
30009,"Montana","Carbon","oats",0
30009,"Montana","Carbon","safflower",0
30009,"Montana","Carbon","wheat",0
30011,"Montana","Carter","barley",0
30011,"Montana","Carter","canola",0
30011,"Montana","Carter","corn",0
30011,"Montana","Carter","dry peas",0
30011,"Montana","Carter","flaxseed",0
30011,"Montana","Carter","lentils",0
30011,"Montana","Carter","oats",0
30011,"Montana","Carter","safflower",0
30011,"Montana","Carter","soybeans",0
30011,"Montana","Carter","wheat",0
30013,"Montana","Cascade","barley",0
30013,"Montana","Cascade","canola",0
30013,"Montana","Cascade","corn",0
30013,"Montana","Cascade","dry peas",0
30013,"Montana","Cascade","lentils",0
30013,"Montana","Cascade","mustard",0
30013,"Montana","Cascade","oats",0
30013,"Montana","Cascade","safflower",0
30013,"Montana","Cascade","soybeans",0
30013,"Montana","Cascade","wheat",0
30015,"Montana","Chouteau","barley",0
30015,"Montana","Chouteau","canola",0
30015,"Montana","Chouteau","corn",0
30015,"Montana","Chouteau","dry peas",0
30015,"Montana","Chouteau","flaxseed",0
30015,"Montana","Chouteau","lentils",0
30015,"Montana","Chouteau","mustard",0
30015,"Montana","Chouteau","oats",0
30015,"Montana","Chouteau","safflower",0
30015,"Montana","Chouteau","wheat",0
30017,"Montana","Custer","barley",0
30017,"Montana","Custer","canola",0
30017,"Montana","Custer","corn",0
30017,"Montana","Custer","dry peas",0
30017,"Montana","Custer","grain sorghum",0
30017,"Montana","Custer","lentils",0
30017,"Montana","Custer","oats",0
30017,"Montana","Custer","safflower",0
30017,"Montana","Custer","soybeans",0
30017,"Montana","Custer","sunflower",0
30017,"Montana","Custer","wheat",0
30019,"Montana","Daniels","barley",246.758353960204
30019,"Montana","Daniels","canola",764.147669039036
30019,"Montana","Daniels","chickpeas_large",4.10569264825887
30019,"Montana","Daniels","chickpeas_small",23.0251757419246
30019,"Montana","Daniels","corn",53.0112404113548
30019,"Montana","Daniels","dry peas",2126.4985368793
30019,"Montana","Daniels","flaxseed",186.137935418658
30019,"Montana","Daniels","lentils",3074.39279494
30019,"Montana","Daniels","mustard",134.158871475476
30019,"Montana","Daniels","oats",107.266417866884
30019,"Montana","Daniels","safflower",77.1596171504459
30019,"Montana","Daniels","soybeans",84.991895706358
30019,"Montana","Daniels","sunflower",106.037322684842
30019,"Montana","Daniels","wheat",15800.6369760773
30021,"Montana","Dawson","barley",0
30021,"Montana","Dawson","canola",0
30021,"Montana","Dawson","chickpeas_large",0
30021,"Montana","Dawson","corn",0
30021,"Montana","Dawson","dry peas",0
30021,"Montana","Dawson","flaxseed",0
30021,"Montana","Dawson","grain sorghum",0
30021,"Montana","Dawson","lentils",0
30021,"Montana","Dawson","mustard",0
30021,"Montana","Dawson","oats",0
30021,"Montana","Dawson","safflower",0
30021,"Montana","Dawson","soybeans",0
30021,"Montana","Dawson","sunflower",0
30021,"Montana","Dawson","wheat",0
30023,"Montana","Deer Lodge","barley",0
30023,"Montana","Deer Lodge","corn",0
30023,"Montana","Deer Lodge","wheat",0
30025,"Montana","Fallon","barley",0
30025,"Montana","Fallon","canola",0
30025,"Montana","Fallon","corn",0
30025,"Montana","Fallon","dry peas",0
30025,"Montana","Fallon","flaxseed",0
30025,"Montana","Fallon","lentils",0
30025,"Montana","Fallon","oats",0
30025,"Montana","Fallon","safflower",0
30025,"Montana","Fallon","soybeans",0
30025,"Montana","Fallon","sunflower",0
30025,"Montana","Fallon","wheat",0
30027,"Montana","Fergus","barley",0
30027,"Montana","Fergus","canola",0
30027,"Montana","Fergus","chickpeas_large",0
30027,"Montana","Fergus","corn",0
30027,"Montana","Fergus","dry peas",0
30027,"Montana","Fergus","lentils",0
30027,"Montana","Fergus","mustard",0
30027,"Montana","Fergus","oats",0
30027,"Montana","Fergus","safflower",0
30027,"Montana","Fergus","soybeans",0
30027,"Montana","Fergus","wheat",0
30029,"Montana","Flathead","barley",0
30029,"Montana","Flathead","canola",0
30029,"Montana","Flathead","corn",0
30029,"Montana","Flathead","dry peas",0
30029,"Montana","Flathead","lentils",0
30029,"Montana","Flathead","mustard",0
30029,"Montana","Flathead","oats",0
30029,"Montana","Flathead","soybeans",0
30029,"Montana","Flathead","sunflower",0
30029,"Montana","Flathead","wheat",0
30031,"Montana","Gallatin","barley",0
30031,"Montana","Gallatin","canola",0
30031,"Montana","Gallatin","corn",0
30031,"Montana","Gallatin","dry peas",0
30031,"Montana","Gallatin","flaxseed",0
30031,"Montana","Gallatin","lentils",0
30031,"Montana","Gallatin","mustard",0
30031,"Montana","Gallatin","oats",0
30031,"Montana","Gallatin","soybeans",0
30031,"Montana","Gallatin","sunflower",0
30031,"Montana","Gallatin","wheat",0
30033,"Montana","Garfield","barley",0
30033,"Montana","Garfield","canola",0
30033,"Montana","Garfield","corn",0
30033,"Montana","Garfield","dry peas",0
30033,"Montana","Garfield","flaxseed",0
30033,"Montana","Garfield","lentils",0
30033,"Montana","Garfield","oats",0
30033,"Montana","Garfield","safflower",0
30033,"Montana","Garfield","soybeans",0
30033,"Montana","Garfield","wheat",0
30035,"Montana","Glacier","barley",0
30035,"Montana","Glacier","canola",0
30035,"Montana","Glacier","dry peas",0
30035,"Montana","Glacier","lentils",0
30035,"Montana","Glacier","mustard",0
30035,"Montana","Glacier","oats",0
30035,"Montana","Glacier","sunflower",0
30035,"Montana","Glacier","wheat",0
30037,"Montana","Golden Valley","barley",0
30037,"Montana","Golden Valley","canola",0
30037,"Montana","Golden Valley","corn",0
30037,"Montana","Golden Valley","dry peas",0
30037,"Montana","Golden Valley","flaxseed",0
30037,"Montana","Golden Valley","lentils",0
30037,"Montana","Golden Valley","mustard",0
30037,"Montana","Golden Valley","oats",0
30037,"Montana","Golden Valley","safflower",0
30037,"Montana","Golden Valley","wheat",0
30039,"Montana","Granite","barley",0
30039,"Montana","Granite","corn",0
30039,"Montana","Granite","dry peas",0
30039,"Montana","Granite","oats",0
30039,"Montana","Granite","wheat",0
30041,"Montana","Hill","barley",0
30041,"Montana","Hill","canola",0
30041,"Montana","Hill","corn",0
30041,"Montana","Hill","dry peas",0
30041,"Montana","Hill","flaxseed",0
30041,"Montana","Hill","grain sorghum",0
30041,"Montana","Hill","lentils",0
30041,"Montana","Hill","mustard",0
30041,"Montana","Hill","oats",0
30041,"Montana","Hill","safflower",0
30041,"Montana","Hill","soybeans",0
30041,"Montana","Hill","wheat",0
30043,"Montana","Jefferson","barley",0
30043,"Montana","Jefferson","canola",0
30043,"Montana","Jefferson","corn",0
30043,"Montana","Jefferson","oats",0
30043,"Montana","Jefferson","wheat",0
30045,"Montana","Judith Basin","barley",0
30045,"Montana","Judith Basin","canola",0
30045,"Montana","Judith Basin","corn",0
30045,"Montana","Judith Basin","dry peas",0
30045,"Montana","Judith Basin","flaxseed",0
30045,"Montana","Judith Basin","lentils",0
30045,"Montana","Judith Basin","oats",0
30045,"Montana","Judith Basin","safflower",0
30045,"Montana","Judith Basin","soybeans",0
30045,"Montana","Judith Basin","wheat",0
30047,"Montana","Lake","barley",0
30047,"Montana","Lake","canola",0
30047,"Montana","Lake","corn",0
30047,"Montana","Lake","dry peas",0
30047,"Montana","Lake","oats",0
30047,"Montana","Lake","wheat",0
30049,"Montana","Lewis and Clark","barley",0
30049,"Montana","Lewis and Clark","canola",0
30049,"Montana","Lewis and Clark","corn",0
30049,"Montana","Lewis and Clark","dry peas",0
30049,"Montana","Lewis and Clark","oats",0
30049,"Montana","Lewis and Clark","soybeans",0
30049,"Montana","Lewis and Clark","wheat",0
30051,"Montana","Liberty","barley",0
30051,"Montana","Liberty","canola",0
30051,"Montana","Liberty","corn",0
30051,"Montana","Liberty","dry peas",0
30051,"Montana","Liberty","flaxseed",0
30051,"Montana","Liberty","lentils",0
30051,"Montana","Liberty","mustard",0
30051,"Montana","Liberty","oats",0
30051,"Montana","Liberty","safflower",0
30051,"Montana","Liberty","soybeans",0
30051,"Montana","Liberty","wheat",0
30053,"Montana","Lincoln","barley",22.89
30057,"Montana","Madison","barley",0
30057,"Montana","Madison","canola",0
30057,"Montana","Madison","corn",0
30057,"Montana","Madison","dry peas",0
30057,"Montana","Madison","oats",0
30057,"Montana","Madison","sunflower",0
30057,"Montana","Madison","wheat",0
30055,"Montana","McCone","barley",0
30055,"Montana","McCone","canola",0
30055,"Montana","McCone","corn",0
30055,"Montana","McCone","dry peas",0
30055,"Montana","McCone","flaxseed",0
30055,"Montana","McCone","lentils",0
30055,"Montana","McCone","mustard",0
30055,"Montana","McCone","oats",0
30055,"Montana","McCone","safflower",0
30055,"Montana","McCone","soybeans",0
30055,"Montana","McCone","sunflower",0
30055,"Montana","McCone","wheat",0
30059,"Montana","Meagher","barley",0
30059,"Montana","Meagher","canola",0
30059,"Montana","Meagher","corn",0
30059,"Montana","Meagher","dry peas",0
30059,"Montana","Meagher","mustard",0
30059,"Montana","Meagher","oats",0
30059,"Montana","Meagher","wheat",0
30061,"Montana","Mineral","wheat",0
30063,"Montana","Missoula","barley",0
30063,"Montana","Missoula","oats",0
30063,"Montana","Missoula","wheat",0
30065,"Montana","Musselshell","barley",0
30065,"Montana","Musselshell","corn",0
30065,"Montana","Musselshell","dry peas",0
30065,"Montana","Musselshell","lentils",0
30065,"Montana","Musselshell","mustard",0
30065,"Montana","Musselshell","oats",0
30065,"Montana","Musselshell","safflower",0
30065,"Montana","Musselshell","soybeans",0
30065,"Montana","Musselshell","sunflower",0
30065,"Montana","Musselshell","wheat",0
30067,"Montana","Park","barley",0
30067,"Montana","Park","canola",0
30067,"Montana","Park","chickpeas_small",0
30067,"Montana","Park","dry peas",0
30067,"Montana","Park","flaxseed",0
30067,"Montana","Park","lentils",0
30067,"Montana","Park","mustard",0
30067,"Montana","Park","oats",0
30067,"Montana","Park","sunflower",0
30067,"Montana","Park","wheat",0
30069,"Montana","Petroleum","barley",0
30069,"Montana","Petroleum","corn",0
30069,"Montana","Petroleum","oats",0
30069,"Montana","Petroleum","safflower",0
30069,"Montana","Petroleum","sunflower",0
30069,"Montana","Petroleum","wheat",0
30071,"Montana","Phillips","barley",0
30071,"Montana","Phillips","canola",0
30071,"Montana","Phillips","corn",0
30071,"Montana","Phillips","dry peas",0
30071,"Montana","Phillips","flaxseed",0
30071,"Montana","Phillips","grain sorghum",0
30071,"Montana","Phillips","lentils",0
30071,"Montana","Phillips","mustard",0
30071,"Montana","Phillips","oats",0
30071,"Montana","Phillips","safflower",0
30071,"Montana","Phillips","soybeans",0
30071,"Montana","Phillips","wheat",0
30073,"Montana","Pondera","barley",0
30073,"Montana","Pondera","canola",0
30073,"Montana","Pondera","chickpeas_large",0
30073,"Montana","Pondera","corn",0
30073,"Montana","Pondera","dry peas",0
30073,"Montana","Pondera","flaxseed",0
30073,"Montana","Pondera","grain sorghum",0
30073,"Montana","Pondera","lentils",0
30073,"Montana","Pondera","mustard",0
30073,"Montana","Pondera","oats",0
30073,"Montana","Pondera","safflower",0
30073,"Montana","Pondera","soybeans",0
30073,"Montana","Pondera","sunflower",0
30073,"Montana","Pondera","wheat",0
30075,"Montana","Powder River","barley",0
30075,"Montana","Powder River","corn",0
30075,"Montana","Powder River","dry peas",0
30075,"Montana","Powder River","oats",0
30075,"Montana","Powder River","wheat",0
30077,"Montana","Powell","barley",0
30077,"Montana","Powell","corn",0
30077,"Montana","Powell","oats",0
30077,"Montana","Powell","wheat",0
30079,"Montana","Prairie","barley",0
30079,"Montana","Prairie","canola",0
30079,"Montana","Prairie","corn",0
30079,"Montana","Prairie","dry peas",0
30079,"Montana","Prairie","lentils",0
30079,"Montana","Prairie","oats",0
30079,"Montana","Prairie","safflower",0
30079,"Montana","Prairie","soybeans",0
30079,"Montana","Prairie","wheat",0
30081,"Montana","Ravalli","barley",0
30081,"Montana","Ravalli","canola",0
30081,"Montana","Ravalli","corn",0
30081,"Montana","Ravalli","oats",0
30081,"Montana","Ravalli","soybeans",0
30081,"Montana","Ravalli","wheat",0
30083,"Montana","Richland","barley",0
30083,"Montana","Richland","canola",0
30083,"Montana","Richland","chickpeas_small",0
30083,"Montana","Richland","corn",0
30083,"Montana","Richland","dry peas",0
30083,"Montana","Richland","flaxseed",0
30083,"Montana","Richland","lentils",0
30083,"Montana","Richland","mustard",0
30083,"Montana","Richland","oats",0
30083,"Montana","Richland","safflower",0
30083,"Montana","Richland","soybeans",0
30083,"Montana","Richland","wheat",0
30085,"Montana","Roosevelt","barley",730.232407874789
30085,"Montana","Roosevelt","canola",767.014580926912
30085,"Montana","Roosevelt","corn",142.277185560064
30085,"Montana","Roosevelt","dry peas",3053.45056321432
30085,"Montana","Roosevelt","flaxseed",37.489555523524
30085,"Montana","Roosevelt","grain sorghum",9.06988576702864
30085,"Montana","Roosevelt","lentils",1860.37999764129
30085,"Montana","Roosevelt","mustard",886.44716019402
30085,"Montana","Roosevelt","oats",242.126861982371
30085,"Montana","Roosevelt","safflower",60.9459073540634
30085,"Montana","Roosevelt","soybeans",286.100858937821
30085,"Montana","Roosevelt","wheat",21251.1037016905
30087,"Montana","Rosebud","barley",0
30087,"Montana","Rosebud","canola",0
30087,"Montana","Rosebud","corn",0
30087,"Montana","Rosebud","dry peas",0
30087,"Montana","Rosebud","flaxseed",0
30087,"Montana","Rosebud","lentils",0
30087,"Montana","Rosebud","mustard",0
30087,"Montana","Rosebud","oats",0
30087,"Montana","Rosebud","safflower",0
30087,"Montana","Rosebud","soybeans",0
30087,"Montana","Rosebud","sunflower",0
30087,"Montana","Rosebud","wheat",0
30089,"Montana","Sanders","barley",0
30089,"Montana","Sanders","canola",0
30089,"Montana","Sanders","oats",0
30089,"Montana","Sanders","wheat",0
30091,"Montana","Sheridan","barley",1084.74676196903
30091,"Montana","Sheridan","canola",2406.28861077787
30091,"Montana","Sheridan","corn",245.970769124823
30091,"Montana","Sheridan","dry peas",12743.3609174322
30091,"Montana","Sheridan","lentils",12063.8625781436
30091,"Montana","Sheridan","mustard",1250.79878305822
30091,"Montana","Sheridan","oats",410.329881065388
30091,"Montana","Sheridan","safflower",101.589569082749
30091,"Montana","Sheridan","soybeans",1015.33748687527
30091,"Montana","Sheridan","wheat",47206.2093091375
30093,"Montana","Silver Bow","barley",0
30093,"Montana","Silver Bow","oats",0
30095,"Montana","Stillwater","barley",0
30095,"Montana","Stillwater","chickpeas_small",0
30095,"Montana","Stillwater","corn",0
30095,"Montana","Stillwater","dry peas",0
30095,"Montana","Stillwater","mustard",0
30095,"Montana","Stillwater","oats",0
30095,"Montana","Stillwater","safflower",0
30095,"Montana","Stillwater","sunflower",0
30095,"Montana","Stillwater","wheat",0
30097,"Montana","Sweet Grass","barley",0
30097,"Montana","Sweet Grass","oats",0
30097,"Montana","Sweet Grass","wheat",0
30099,"Montana","Teton","barley",0
30099,"Montana","Teton","canola",0
30099,"Montana","Teton","chickpeas_large",0
30099,"Montana","Teton","chickpeas_small",0
30099,"Montana","Teton","corn",0
30099,"Montana","Teton","dry peas",0
30099,"Montana","Teton","flaxseed",0
30099,"Montana","Teton","lentils",0
30099,"Montana","Teton","mustard",0
30099,"Montana","Teton","oats",0
30099,"Montana","Teton","safflower",0
30099,"Montana","Teton","sunflower",0
30099,"Montana","Teton","wheat",0
30101,"Montana","Toole","barley",0
30101,"Montana","Toole","canola",0
30101,"Montana","Toole","corn",0
30101,"Montana","Toole","dry peas",0
30101,"Montana","Toole","flaxseed",0
30101,"Montana","Toole","grain sorghum",0
30101,"Montana","Toole","lentils",0
30101,"Montana","Toole","mustard",0
30101,"Montana","Toole","oats",0
30101,"Montana","Toole","safflower",0
30101,"Montana","Toole","sunflower",0
30101,"Montana","Toole","wheat",0
30103,"Montana","Treasure","barley",0
30103,"Montana","Treasure","canola",0
30103,"Montana","Treasure","corn",0
30103,"Montana","Treasure","dry peas",0
30103,"Montana","Treasure","oats",0
30103,"Montana","Treasure","safflower",0
30103,"Montana","Treasure","soybeans",0
30103,"Montana","Treasure","sunflower",0
30103,"Montana","Treasure","wheat",0
30105,"Montana","Valley","barley",0
30105,"Montana","Valley","canola",0
30105,"Montana","Valley","corn",0
30105,"Montana","Valley","dry peas",0
30105,"Montana","Valley","flaxseed",0
30105,"Montana","Valley","lentils",0
30105,"Montana","Valley","mustard",0
30105,"Montana","Valley","oats",0
30105,"Montana","Valley","safflower",0
30105,"Montana","Valley","soybeans",0
30105,"Montana","Valley","sunflower",0
30105,"Montana","Valley","wheat",0
30107,"Montana","Wheatland","barley",0
30107,"Montana","Wheatland","canola",0
30107,"Montana","Wheatland","dry peas",0
30107,"Montana","Wheatland","grain sorghum",0
30107,"Montana","Wheatland","lentils",0
30107,"Montana","Wheatland","mustard",0
30107,"Montana","Wheatland","oats",0
30107,"Montana","Wheatland","wheat",0
30109,"Montana","Wibaux","barley",0
30109,"Montana","Wibaux","canola",0
30109,"Montana","Wibaux","corn",0
30109,"Montana","Wibaux","dry peas",0
30109,"Montana","Wibaux","flaxseed",0
30109,"Montana","Wibaux","lentils",0
30109,"Montana","Wibaux","mustard",0
30109,"Montana","Wibaux","oats",0
30109,"Montana","Wibaux","safflower",0
30109,"Montana","Wibaux","soybeans",0
30109,"Montana","Wibaux","sunflower",0
30109,"Montana","Wibaux","wheat",0
30111,"Montana","Yellowstone","barley",0
30111,"Montana","Yellowstone","canola",0
30111,"Montana","Yellowstone","corn",0
30111,"Montana","Yellowstone","dry peas",0
30111,"Montana","Yellowstone","flaxseed",0
30111,"Montana","Yellowstone","lentils",0
30111,"Montana","Yellowstone","oats",0
30111,"Montana","Yellowstone","safflower",0
30111,"Montana","Yellowstone","soybeans",0
30111,"Montana","Yellowstone","sunflower",0
30111,"Montana","Yellowstone","wheat",0
31001,"Nebraska","Adams","barley",225.769873645468
31001,"Nebraska","Adams","corn",14540.2136808283
31001,"Nebraska","Adams","dry peas",29.0087679306261
31001,"Nebraska","Adams","grain sorghum",165.466713590021
31001,"Nebraska","Adams","oats",14.3922402027204
31001,"Nebraska","Adams","soybeans",6838.32889293865
31001,"Nebraska","Adams","sunflower",0.36105525625465
31001,"Nebraska","Adams","wheat",213.403442274541
31003,"Nebraska","Antelope","barley",3.90244172884621
31003,"Nebraska","Antelope","corn",23590.1675367332
31003,"Nebraska","Antelope","grain sorghum",18.8294186177477
31003,"Nebraska","Antelope","oats",136.496759052419
31003,"Nebraska","Antelope","peanuts",7.37172467503935
31003,"Nebraska","Antelope","soybeans",12461.3652920986
31003,"Nebraska","Antelope","wheat",40.6358270942364
31005,"Nebraska","Arthur","corn",0
31005,"Nebraska","Arthur","oats",0
31005,"Nebraska","Arthur","wheat",0
31007,"Nebraska","Banner","barley",0
31007,"Nebraska","Banner","corn",0
31007,"Nebraska","Banner","dry peas",0
31007,"Nebraska","Banner","grain sorghum",0
31007,"Nebraska","Banner","lentils",0
31007,"Nebraska","Banner","oats",0
31007,"Nebraska","Banner","soybeans",0
31007,"Nebraska","Banner","sunflower",0
31007,"Nebraska","Banner","wheat",0
31009,"Nebraska","Blaine","corn",0
31009,"Nebraska","Blaine","oats",0
31009,"Nebraska","Blaine","soybeans",0
31011,"Nebraska","Boone","corn",19588.9130865888
31011,"Nebraska","Boone","grain sorghum",12.5913701093599
31011,"Nebraska","Boone","oats",55.7778914734204
31011,"Nebraska","Boone","soybeans",12366.1667370952
31011,"Nebraska","Boone","wheat",21.8352480665262
31013,"Nebraska","Box Butte","barley",129.202935652195
31013,"Nebraska","Box Butte","corn",24599.1227721739
31013,"Nebraska","Box Butte","dry peas",1392.62301200593
31013,"Nebraska","Box Butte","grain sorghum",464.914025819999
31013,"Nebraska","Box Butte","oats",1231.74295584079
31013,"Nebraska","Box Butte","soybeans",176.715392306504
31013,"Nebraska","Box Butte","sunflower",3433.26382601918
31013,"Nebraska","Box Butte","wheat",21486.9899135148
31015,"Nebraska","Boyd","barley",2.44773028724883
31015,"Nebraska","Boyd","corn",492.438350262428
31015,"Nebraska","Boyd","grain sorghum",1.87575561477408
31015,"Nebraska","Boyd","oats",35.6137204614418
31015,"Nebraska","Boyd","soybeans",301.041495409619
31015,"Nebraska","Boyd","wheat",20.2887812978152
31017,"Nebraska","Brown","corn",0
31017,"Nebraska","Brown","grain sorghum",0
31017,"Nebraska","Brown","oats",0
31017,"Nebraska","Brown","soybeans",0
31019,"Nebraska","Buffalo","barley",4.24759936465158
31019,"Nebraska","Buffalo","corn",10507.5971449182
31019,"Nebraska","Buffalo","grain sorghum",52.002868866228
31019,"Nebraska","Buffalo","oats",68.1739821740663
31019,"Nebraska","Buffalo","soybeans",4244.7816724656
31019,"Nebraska","Buffalo","wheat",118.382798877819
31021,"Nebraska","Burt","corn",6075.48759535988
31021,"Nebraska","Burt","dry peas",5.36678012644893
31021,"Nebraska","Burt","grain sorghum",2.2251424240052
31021,"Nebraska","Burt","oats",9.19542072393667
31021,"Nebraska","Burt","soybeans",5361.81709566337
31021,"Nebraska","Burt","wheat",2.7926323690673
31023,"Nebraska","Butler","barley",0.349652998184163
31023,"Nebraska","Butler","corn",3610.07936467702
31023,"Nebraska","Butler","dry peas",1.28825276518478
31023,"Nebraska","Butler","grain sorghum",9.22707164100647
31023,"Nebraska","Butler","oats",5.20786287482925
31023,"Nebraska","Butler","soybeans",2677.48933725462
31023,"Nebraska","Butler","wheat",13.0452911225025
31025,"Nebraska","Cass","corn",3278.0693086461
31025,"Nebraska","Cass","grain sorghum",0.652322926590358
31025,"Nebraska","Cass","oats",2.62275619597883
31025,"Nebraska","Cass","soybeans",3282.65579017079
31025,"Nebraska","Cass","wheat",10.51382206056
31027,"Nebraska","Cedar","barley",6.31297506408187
31027,"Nebraska","Cedar","corn",18442.5078320305
31027,"Nebraska","Cedar","dry peas",7.99117109552917
31027,"Nebraska","Cedar","grain sorghum",11.4559825581148
31027,"Nebraska","Cedar","oats",583.419419342394
31027,"Nebraska","Cedar","soybeans",12304.7822062582
31027,"Nebraska","Cedar","sunflower",17.2358788732536
31027,"Nebraska","Cedar","wheat",26.7020347778886
31029,"Nebraska","Chase","barley",4.88304577478746
31029,"Nebraska","Chase","canola",1.76409990716847
31029,"Nebraska","Chase","corn",5134.83693922009
31029,"Nebraska","Chase","dry peas",111.899506492509
31029,"Nebraska","Chase","grain sorghum",140.394372564464
31029,"Nebraska","Chase","mustard",1.34504540541069
31029,"Nebraska","Chase","oats",178.245494667877
31029,"Nebraska","Chase","soybeans",449.0872364631
31029,"Nebraska","Chase","sunflower",2.34244035292517
31029,"Nebraska","Chase","wheat",1055.86981915167
31031,"Nebraska","Cherry","barley",106.917749785335
31031,"Nebraska","Cherry","corn",11763.4408386971
31031,"Nebraska","Cherry","dry peas",496.212548425365
31031,"Nebraska","Cherry","oats",1277.45695676506
31031,"Nebraska","Cherry","soybeans",2611.83659619763
31031,"Nebraska","Cherry","sunflower",124.15867863183
31031,"Nebraska","Cherry","wheat",873.488631497684
31033,"Nebraska","Cheyenne","barley",99.4460410471997
31033,"Nebraska","Cheyenne","canola",2.61452480347706
31033,"Nebraska","Cheyenne","corn",9372.54242104114
31033,"Nebraska","Cheyenne","dry peas",1227.60093915292
31033,"Nebraska","Cheyenne","grain sorghum",1796.59735151437
31033,"Nebraska","Cheyenne","oats",543.016202395854
31033,"Nebraska","Cheyenne","safflower",9.20507753653088
31033,"Nebraska","Cheyenne","soybeans",513.752539322755
31033,"Nebraska","Cheyenne","sunflower",457.156670520887
31033,"Nebraska","Cheyenne","wheat",19771.7842326648
31035,"Nebraska","Clay","corn",3536.9117148115
31035,"Nebraska","Clay","grain sorghum",43.466721633133
31035,"Nebraska","Clay","oats",4.43732332521055
31035,"Nebraska","Clay","soybeans",1878.50632233017
31035,"Nebraska","Clay","wheat",33.894584566657
31037,"Nebraska","Colfax","barley",0.106485561615439
31037,"Nebraska","Colfax","corn",4520.61842823905
31037,"Nebraska","Colfax","grain sorghum",6.38555578205607
31037,"Nebraska","Colfax","oats",10.8750722482123
31037,"Nebraska","Colfax","soybeans",3206.00280146153
31037,"Nebraska","Colfax","wheat",46.2341567075393
31039,"Nebraska","Cuming","barley",4.30500975252538
31039,"Nebraska","Cuming","corn",10029.8007344439
31039,"Nebraska","Cuming","grain sorghum",3.2792029555666
31039,"Nebraska","Cuming","oats",20.2129895334407
31039,"Nebraska","Cuming","soybeans",7397.13876920328
31039,"Nebraska","Cuming","wheat",4.45079411132385
31041,"Nebraska","Custer","barley",5.02937234866731
31041,"Nebraska","Custer","corn",16936.1138353661
31041,"Nebraska","Custer","dry peas",13.4019202013868
31041,"Nebraska","Custer","grain sorghum",12.0615744013262
31041,"Nebraska","Custer","oats",271.425868149322
31041,"Nebraska","Custer","soybeans",6149.5054849749
31041,"Nebraska","Custer","wheat",214.39904455826
31043,"Nebraska","Dakota","corn",4250.14571610101
31043,"Nebraska","Dakota","oats",4.52247153810103
31043,"Nebraska","Dakota","soybeans",3654.74661766023
31043,"Nebraska","Dakota","wheat",4.71319470066051
31045,"Nebraska","Dawes, North Sioux","barley",913.953956763395
31045,"Nebraska","Dawes, North Sioux","corn",11275.0577529846
31045,"Nebraska","Dawes, North Sioux","dry peas",453.275981336132
31045,"Nebraska","Dawes, North Sioux","grain sorghum",154.592376031152
31045,"Nebraska","Dawes, North Sioux","oats",4799.87633508064
31045,"Nebraska","Dawes, North Sioux","safflower",43.0975917642514
31045,"Nebraska","Dawes, North Sioux","soybeans",675.677540993536
31045,"Nebraska","Dawes, North Sioux","sunflower",1661.63283878433
31045,"Nebraska","Dawes, North Sioux","wheat",28833.581126262
31047,"Nebraska","Dawson","barley",10.8742172532045
31047,"Nebraska","Dawson","corn",7232.85953635243
31047,"Nebraska","Dawson","grain sorghum",35.461559012836
31047,"Nebraska","Dawson","oats",74.5788341756279
31047,"Nebraska","Dawson","soybeans",2418.58395646895
31047,"Nebraska","Dawson","sunflower",0.839196866838869
31047,"Nebraska","Dawson","wheat",94.7686998701176
31049,"Nebraska","Deuel","barley",22.0992950757179
31049,"Nebraska","Deuel","corn",9836.8691661046
31049,"Nebraska","Deuel","dry peas",673.161824983358
31049,"Nebraska","Deuel","grain sorghum",2151.28711164308
31049,"Nebraska","Deuel","oats",213.880274460293
31049,"Nebraska","Deuel","soybeans",168.022037706536
31049,"Nebraska","Deuel","sunflower",1172.26958203062
31049,"Nebraska","Deuel","wheat",11139.6605413291
31051,"Nebraska","Dixon","barley",6.20226647411359
31051,"Nebraska","Dixon","corn",15467.6324324835
31051,"Nebraska","Dixon","grain sorghum",2.0158942754658
31051,"Nebraska","Dixon","oats",63.9777898393227
31051,"Nebraska","Dixon","soybeans",12381.663240291
31051,"Nebraska","Dixon","wheat",48.9808766365777
31053,"Nebraska","Dodge","corn",2094.90036508992
31053,"Nebraska","Dodge","grain sorghum",4.16215584311727
31053,"Nebraska","Dodge","oats",1.64015178088171
31053,"Nebraska","Dodge","soybeans",1690.29349469596
31053,"Nebraska","Dodge","wheat",4.12625259009589
31055,"Nebraska","Douglas","barley",0
31055,"Nebraska","Douglas","corn",0
31055,"Nebraska","Douglas","grain sorghum",0
31055,"Nebraska","Douglas","oats",0
31055,"Nebraska","Douglas","soybeans",0
31055,"Nebraska","Douglas","sunflower",0
31055,"Nebraska","Douglas","wheat",0
31057,"Nebraska","Dundy","barley",0
31057,"Nebraska","Dundy","corn",0
31057,"Nebraska","Dundy","dry peas",0
31057,"Nebraska","Dundy","grain sorghum",0
31057,"Nebraska","Dundy","oats",0
31057,"Nebraska","Dundy","soybeans",0
31057,"Nebraska","Dundy","sunflower",0
31057,"Nebraska","Dundy","wheat",0
31059,"Nebraska","Fillmore","barley",0.225619579437764
31059,"Nebraska","Fillmore","corn",6183.86001330663
31059,"Nebraska","Fillmore","dry peas",9.5862536166257
31059,"Nebraska","Fillmore","grain sorghum",49.8156428105927
31059,"Nebraska","Fillmore","oats",4.78152351565605
31059,"Nebraska","Fillmore","soybeans",3701.92196690274
31059,"Nebraska","Fillmore","wheat",41.7876469350382
31061,"Nebraska","Franklin","barley",3.96820727429416
31061,"Nebraska","Franklin","corn",3858.63946292613
31061,"Nebraska","Franklin","grain sorghum",71.0341955381825
31061,"Nebraska","Franklin","oats",41.4944006423724
31061,"Nebraska","Franklin","soybeans",2025.35750482339
31061,"Nebraska","Franklin","wheat",187.514728795652
31063,"Nebraska","Frontier","barley",0.179740824756002
31063,"Nebraska","Frontier","corn",2018.06070398149
31063,"Nebraska","Frontier","grain sorghum",243.244659511439
31063,"Nebraska","Frontier","oats",41.8505489907217
31063,"Nebraska","Frontier","soybeans",335.712479129897
31063,"Nebraska","Frontier","sunflower",1.75628110969212
31063,"Nebraska","Frontier","wheat",524.220086452006
31065,"Nebraska","Furnas","barley",20.0155039642373
31065,"Nebraska","Furnas","corn",11989.1882327696
31065,"Nebraska","Furnas","dry peas",34.4047088816497
31065,"Nebraska","Furnas","grain sorghum",1090.92857511812
31065,"Nebraska","Furnas","oats",308.937530162334
31065,"Nebraska","Furnas","soybeans",4696.69340677199
31065,"Nebraska","Furnas","wheat",2716.21604233208
31067,"Nebraska","Gage","corn",9904.80450770692
31067,"Nebraska","Gage","grain sorghum",56.5196517804913
31067,"Nebraska","Gage","oats",32.5554181773222
31067,"Nebraska","Gage","soybeans",9637.58224727761
31067,"Nebraska","Gage","wheat",200.583175057642
31069,"Nebraska","Garden","barley",26.562870693963
31069,"Nebraska","Garden","corn",6426.78653292616
31069,"Nebraska","Garden","dry peas",869.371441383089
31069,"Nebraska","Garden","grain sorghum",905.521160377165
31069,"Nebraska","Garden","oats",271.885386882862
31069,"Nebraska","Garden","soybeans",434.684012211985
31069,"Nebraska","Garden","sunflower",65.9558533846735
31069,"Nebraska","Garden","wheat",4709.66240880676
31071,"Nebraska","Garfield","corn",0
31071,"Nebraska","Garfield","grain sorghum",0
31071,"Nebraska","Garfield","oats",0
31071,"Nebraska","Garfield","soybeans",0
31071,"Nebraska","Garfield","wheat",0
31073,"Nebraska","Gosper","barley",23.6554494735289
31073,"Nebraska","Gosper","chickpeas_large",0.396641307966921
31073,"Nebraska","Gosper","corn",6993.00601213645
31073,"Nebraska","Gosper","dry peas",10.6443866957446
31073,"Nebraska","Gosper","grain sorghum",201.0837481232
31073,"Nebraska","Gosper","oats",113.168388254221
31073,"Nebraska","Gosper","soybeans",2733.69699106198
31073,"Nebraska","Gosper","wheat",757.637882946889
31077,"Nebraska","Greeley","corn",5654.08037934478
31077,"Nebraska","Greeley","grain sorghum",15.3193521419662
31077,"Nebraska","Greeley","oats",58.6120377100935
31077,"Nebraska","Greeley","soybeans",2874.35816638096
31077,"Nebraska","Greeley","wheat",16.1363977555124
31079,"Nebraska","Hall","corn",4459.91591617577
31079,"Nebraska","Hall","grain sorghum",34.2107289532077
31079,"Nebraska","Hall","oats",4.02427080458055
31079,"Nebraska","Hall","soybeans",1010.31232258878
31079,"Nebraska","Hall","wheat",11.8099614776576
31081,"Nebraska","Hamilton","barley",0.572828694290556
31081,"Nebraska","Hamilton","corn",4658.9903327289
31081,"Nebraska","Hamilton","dry peas",4.73056471858671
31081,"Nebraska","Hamilton","grain sorghum",21.5272905808069
31081,"Nebraska","Hamilton","oats",3.02401211996607
31081,"Nebraska","Hamilton","soybeans",1916.84532325195
31081,"Nebraska","Hamilton","wheat",21.7961479054366
31083,"Nebraska","Harlan","barley",4.81630140013433
31083,"Nebraska","Harlan","corn",13216.6421234153
31083,"Nebraska","Harlan","grain sorghum",802.248084338912
31083,"Nebraska","Harlan","oats",111.167102929546
31083,"Nebraska","Harlan","soybeans",6442.95328059937
31083,"Nebraska","Harlan","wheat",1879.25310731675
31085,"Nebraska","Hayes","barley",0
31085,"Nebraska","Hayes","corn",0
31085,"Nebraska","Hayes","grain sorghum",0
31085,"Nebraska","Hayes","oats",0
31085,"Nebraska","Hayes","soybeans",0
31085,"Nebraska","Hayes","wheat",0
31087,"Nebraska","Hitchcock","corn",0
31087,"Nebraska","Hitchcock","dry peas",0
31087,"Nebraska","Hitchcock","grain sorghum",0
31087,"Nebraska","Hitchcock","oats",0
31087,"Nebraska","Hitchcock","soybeans",0
31087,"Nebraska","Hitchcock","wheat",0
31089,"Nebraska","Holt","barley",7.12492722615755
31089,"Nebraska","Holt","corn",12015.948827632
31089,"Nebraska","Holt","dry peas",5.49334476324926
31089,"Nebraska","Holt","grain sorghum",32.0713280923144
31089,"Nebraska","Holt","oats",343.410363847532
31089,"Nebraska","Holt","soybeans",5425.08505190336
31089,"Nebraska","Holt","wheat",124.051656535267
31091,"Nebraska","Hooker","oats",1058.46170099614
31091,"Nebraska","Hooker","wheat",394.54763233719
31093,"Nebraska","Howard","barley",0.0290289382662154
31093,"Nebraska","Howard","corn",1769.23169907687
31093,"Nebraska","Howard","grain sorghum",14.3964905604749
31093,"Nebraska","Howard","oats",6.11234566013143
31093,"Nebraska","Howard","soybeans",784.050541662367
31093,"Nebraska","Howard","wheat",9.85822743520674
31095,"Nebraska","Jefferson","corn",3535.7729532556
31095,"Nebraska","Jefferson","dry peas",3.8574961689767
31095,"Nebraska","Jefferson","grain sorghum",29.8075890300872
31095,"Nebraska","Jefferson","oats",30.121784057869
31095,"Nebraska","Jefferson","soybeans",2975.9909626702
31095,"Nebraska","Jefferson","sunflower",5.13844061675611
31095,"Nebraska","Jefferson","wheat",162.868274200485
31097,"Nebraska","Johnson","corn",2198.01736762767
31097,"Nebraska","Johnson","grain sorghum",8.08826421731164
31097,"Nebraska","Johnson","oats",12.1010668211621
31097,"Nebraska","Johnson","soybeans",2071.26730920162
31097,"Nebraska","Johnson","wheat",50.6336587988903
31099,"Nebraska","Kearney","barley",4.95274578613231
31099,"Nebraska","Kearney","corn",5450.14301857144
31099,"Nebraska","Kearney","grain sorghum",14.8996307889535
31099,"Nebraska","Kearney","oats",10.6419099568865
31099,"Nebraska","Kearney","soybeans",2779.37261078402
31099,"Nebraska","Kearney","sunflower",0.106675767931707
31099,"Nebraska","Kearney","wheat",149.522575011331
31101,"Nebraska","Keith","barley",19.7661176631293
31101,"Nebraska","Keith","corn",8682.0657311606
31101,"Nebraska","Keith","dry peas",50.296927480016
31101,"Nebraska","Keith","grain sorghum",99.8724417718504
31101,"Nebraska","Keith","oats",94.4457242562008
31101,"Nebraska","Keith","soybeans",1506.71207205901
31101,"Nebraska","Keith","sunflower",12.1598871489091
31101,"Nebraska","Keith","wheat",2214.96909846028
31103,"Nebraska","Keya Paha","corn",2546.76179669962
31103,"Nebraska","Keya Paha","grain sorghum",5.99290938016727
31103,"Nebraska","Keya Paha","oats",112.947057409862
31103,"Nebraska","Keya Paha","soybeans",664.047030763161
31103,"Nebraska","Keya Paha","wheat",12.0627057471914
31105,"Nebraska","Kimball","barley",0
31105,"Nebraska","Kimball","corn",0
31105,"Nebraska","Kimball","dry peas",0
31105,"Nebraska","Kimball","grain sorghum",0
31105,"Nebraska","Kimball","oats",0
31105,"Nebraska","Kimball","soybeans",0
31105,"Nebraska","Kimball","sunflower",0
31105,"Nebraska","Kimball","wheat",0
31107,"Nebraska","Knox","barley",6.87594151588124
31107,"Nebraska","Knox","corn",10325.2245753024
31107,"Nebraska","Knox","dry peas",5.25163596145836
31107,"Nebraska","Knox","grain sorghum",7.53713867790097
31107,"Nebraska","Knox","oats",626.068529509297
31107,"Nebraska","Knox","soybeans",6164.95084025065
31107,"Nebraska","Knox","wheat",83.4146721157864
31109,"Nebraska","Lancaster","barley",0
31109,"Nebraska","Lancaster","corn",0
31109,"Nebraska","Lancaster","grain sorghum",0
31109,"Nebraska","Lancaster","oats",0
31109,"Nebraska","Lancaster","soybeans",0
31109,"Nebraska","Lancaster","sunflower",0
31109,"Nebraska","Lancaster","wheat",0
31111,"Nebraska","Lincoln","barley",4.50028700461932
31111,"Nebraska","Lincoln","corn",3849.9717161502
31111,"Nebraska","Lincoln","dry peas",9.85104260985009
31111,"Nebraska","Lincoln","grain sorghum",29.9743463594651
31111,"Nebraska","Lincoln","oats",49.2348081644522
31111,"Nebraska","Lincoln","soybeans",1031.84092598145
31111,"Nebraska","Lincoln","sunflower",2.5411476952912
31111,"Nebraska","Lincoln","wheat",172.098392701436
31113,"Nebraska","Logan","barley",0
31113,"Nebraska","Logan","corn",0
31113,"Nebraska","Logan","grain sorghum",0
31113,"Nebraska","Logan","oats",0
31113,"Nebraska","Logan","soybeans",0
31113,"Nebraska","Logan","wheat",0
31115,"Nebraska","Loup","corn",0
31115,"Nebraska","Loup","grain sorghum",0
31115,"Nebraska","Loup","oats",0
31115,"Nebraska","Loup","soybeans",0
31115,"Nebraska","Loup","wheat",0
31119,"Nebraska","Madison","barley",3.76427641303849
31119,"Nebraska","Madison","corn",7187.19564628939
31119,"Nebraska","Madison","grain sorghum",2.30186585157397
31119,"Nebraska","Madison","oats",18.3900763756565
31119,"Nebraska","Madison","soybeans",5239.25602428746
31119,"Nebraska","Madison","wheat",16.5661107828721
31117,"Nebraska","McPherson","corn",0
31117,"Nebraska","McPherson","grain sorghum",0
31117,"Nebraska","McPherson","oats",0
31117,"Nebraska","McPherson","soybeans",0
31117,"Nebraska","McPherson","wheat",0
31121,"Nebraska","Merrick","corn",1525.38985344094
31121,"Nebraska","Merrick","dry peas",3.6873824917403
31121,"Nebraska","Merrick","grain sorghum",10.2017012775569
31121,"Nebraska","Merrick","oats",1.85421656578887
31121,"Nebraska","Merrick","soybeans",682.230755987331
31121,"Nebraska","Merrick","wheat",9.9565902366165
31123,"Nebraska","Morrill","barley",28.640464965833
31123,"Nebraska","Morrill","corn",11510.6155404639
31123,"Nebraska","Morrill","dry peas",74.602552994622
31123,"Nebraska","Morrill","grain sorghum",132.157858236518
31123,"Nebraska","Morrill","oats",307.701742581145
31123,"Nebraska","Morrill","soybeans",149.584601144671
31123,"Nebraska","Morrill","sunflower",63.1860998069196
31123,"Nebraska","Morrill","wheat",3400.57380647303
31125,"Nebraska","Nance","barley",0
31125,"Nebraska","Nance","corn",0
31125,"Nebraska","Nance","grain sorghum",0
31125,"Nebraska","Nance","oats",0
31125,"Nebraska","Nance","soybeans",0
31125,"Nebraska","Nance","wheat",0
31127,"Nebraska","Nemaha","barley",2.51201719103448
31127,"Nebraska","Nemaha","corn",5282.98540223638
31127,"Nebraska","Nemaha","grain sorghum",8.4947471103314
31127,"Nebraska","Nemaha","oats",10.0269292493905
31127,"Nebraska","Nemaha","soybeans",5252.70731235056
31127,"Nebraska","Nemaha","wheat",43.8369251956303
31129,"Nebraska","Nuckolls","corn",6593.75386703025
31129,"Nebraska","Nuckolls","grain sorghum",64.9513117452795
31129,"Nebraska","Nuckolls","oats",29.3399400500721
31129,"Nebraska","Nuckolls","soybeans",3784.44186321544
31129,"Nebraska","Nuckolls","wheat",358.966851292298
31131,"Nebraska","Otoe","barley",5.48127383287
31131,"Nebraska","Otoe","corn",7402.85144870536
31131,"Nebraska","Otoe","grain sorghum",3.77511554510308
31131,"Nebraska","Otoe","oats",14.0644509908129
31131,"Nebraska","Otoe","soybeans",7278.92333322367
31131,"Nebraska","Otoe","wheat",51.5287110354931
31133,"Nebraska","Pawnee","corn",11432.232571632
31133,"Nebraska","Pawnee","grain sorghum",119.86509969761
31133,"Nebraska","Pawnee","oats",63.2645884889181
31133,"Nebraska","Pawnee","soybeans",11853.1017452681
31133,"Nebraska","Pawnee","wheat",239.250994913376
31135,"Nebraska","Perkins","barley",29.5490678818642
31135,"Nebraska","Perkins","canola",0.473782780946608
31135,"Nebraska","Perkins","chickpeas_large",4.14025017285278
31135,"Nebraska","Perkins","corn",38952.3887911319
31135,"Nebraska","Perkins","dry peas",675.392943221214
31135,"Nebraska","Perkins","grain sorghum",1449.50510067833
31135,"Nebraska","Perkins","oats",289.396915256738
31135,"Nebraska","Perkins","soybeans",4606.42553066893
31135,"Nebraska","Perkins","sunflower",206.323613195827
31135,"Nebraska","Perkins","wheat",11042.3220050113
31137,"Nebraska","Phelps","corn",6444.22962532369
31137,"Nebraska","Phelps","grain sorghum",26.5466329684635
31137,"Nebraska","Phelps","oats",10.4667452532346
31137,"Nebraska","Phelps","soybeans",2862.91530433428
31137,"Nebraska","Phelps","wheat",95.828692120414
31139,"Nebraska","Pierce","barley",21.6401225955045
31139,"Nebraska","Pierce","corn",7901.40648124758
31139,"Nebraska","Pierce","dry peas",36.526175683869
31139,"Nebraska","Pierce","grain sorghum",0.687715175769906
31139,"Nebraska","Pierce","oats",80.5520895766959
31139,"Nebraska","Pierce","soybeans",5336.57350592739
31139,"Nebraska","Pierce","wheat",44.8742431265013
31141,"Nebraska","Platte","barley",2.96971701179664
31141,"Nebraska","Platte","corn",9742.40974394794
31141,"Nebraska","Platte","grain sorghum",8.475442015101
31141,"Nebraska","Platte","oats",13.7692457307245
31141,"Nebraska","Platte","sesame",0.95057807639311
31141,"Nebraska","Platte","soybeans",6012.37146898397
31141,"Nebraska","Platte","wheat",22.7948042339955
31143,"Nebraska","Polk","corn",1518.05594055498
31143,"Nebraska","Polk","dry peas",2.40489955138583
31143,"Nebraska","Polk","grain sorghum",4.07125821544922
31143,"Nebraska","Polk","oats",1.59467068687218
31143,"Nebraska","Polk","soybeans",972.07257015405
31143,"Nebraska","Polk","wheat",7.95066083726441
31145,"Nebraska","Red Willow","barley",0
31145,"Nebraska","Red Willow","corn",0
31145,"Nebraska","Red Willow","dry peas",0
31145,"Nebraska","Red Willow","grain sorghum",0
31145,"Nebraska","Red Willow","oats",0
31145,"Nebraska","Red Willow","soybeans",0
31145,"Nebraska","Red Willow","sunflower",0
31145,"Nebraska","Red Willow","wheat",0
31147,"Nebraska","Richardson","barley",3.57829146497109
31147,"Nebraska","Richardson","corn",8234.18995396804
31147,"Nebraska","Richardson","grain sorghum",6.82691780285849
31147,"Nebraska","Richardson","oats",21.4055226746773
31147,"Nebraska","Richardson","soybeans",7807.22761460949
31147,"Nebraska","Richardson","wheat",87.5125661466497
31149,"Nebraska","Rock","corn",0
31149,"Nebraska","Rock","oats",0
31149,"Nebraska","Rock","soybeans",0
31149,"Nebraska","Rock","sunflower",0
31151,"Nebraska","Saline","barley",0.133555386815038
31151,"Nebraska","Saline","corn",3274.37192870284
31151,"Nebraska","Saline","grain sorghum",23.1760346599072
31151,"Nebraska","Saline","oats",8.49278474091222
31151,"Nebraska","Saline","soybeans",2604.43448828038
31151,"Nebraska","Saline","sunflower",2.66188111199576
31151,"Nebraska","Saline","wheat",54.5566604505595
31153,"Nebraska","Sarpy","corn",0
31153,"Nebraska","Sarpy","oats",0
31153,"Nebraska","Sarpy","soybeans",0
31153,"Nebraska","Sarpy","wheat",0
31155,"Nebraska","Saunders","barley",0.434640712998517
31155,"Nebraska","Saunders","corn",2613.05543792313
31155,"Nebraska","Saunders","dry peas",0.000937880700058452
31155,"Nebraska","Saunders","grain sorghum",3.50488697270987
31155,"Nebraska","Saunders","oats",10.2735987816231
31155,"Nebraska","Saunders","soybeans",2289.53405316639
31155,"Nebraska","Saunders","wheat",16.888444562544
31157,"Nebraska","Scotts Bluff","barley",104.627423680389
31157,"Nebraska","Scotts Bluff","canola",0.11721422170483
31157,"Nebraska","Scotts Bluff","corn",11773.5058075509
31157,"Nebraska","Scotts Bluff","dry peas",45.6273102874867
31157,"Nebraska","Scotts Bluff","grain sorghum",5.27910528040136
31157,"Nebraska","Scotts Bluff","lentils",12.9477061946998
31157,"Nebraska","Scotts Bluff","mustard",0.0669795552599031
31157,"Nebraska","Scotts Bluff","oats",233.69635687067
31157,"Nebraska","Scotts Bluff","soybeans",105.347453899433
31157,"Nebraska","Scotts Bluff","sunflower",120.242032500354
31157,"Nebraska","Scotts Bluff","wheat",1207.54760995869
31159,"Nebraska","Seward","barley",0.0686689128885894
31159,"Nebraska","Seward","corn",221.538834404341
31159,"Nebraska","Seward","dry peas",0.286911353790633
31159,"Nebraska","Seward","grain sorghum",2.0309306896301
31159,"Nebraska","Seward","oats",0.33124128919818
31159,"Nebraska","Seward","soybeans",165.718789553172
31159,"Nebraska","Seward","sunflower",0.0480139807407694
31159,"Nebraska","Seward","wheat",0.603629816253355
31161,"Nebraska","Sheridan","barley",0
31161,"Nebraska","Sheridan","chickpeas_large",0
31161,"Nebraska","Sheridan","corn",0
31161,"Nebraska","Sheridan","dry peas",0
31161,"Nebraska","Sheridan","grain sorghum",0
31161,"Nebraska","Sheridan","oats",0
31161,"Nebraska","Sheridan","safflower",0
31161,"Nebraska","Sheridan","soybeans",0
31161,"Nebraska","Sheridan","sunflower",0
31161,"Nebraska","Sheridan","wheat",0
31163,"Nebraska","Sherman","corn",3223.09016415007
31163,"Nebraska","Sherman","grain sorghum",7.03676706093421
31163,"Nebraska","Sherman","oats",18.8463824943099
31163,"Nebraska","Sherman","soybeans",1247.90086400546
31163,"Nebraska","Sherman","wheat",16.1858222892437
31165,"Nebraska","South Sioux","barley",32.6590265773779
31165,"Nebraska","South Sioux","corn",15475.9797831471
31165,"Nebraska","South Sioux","grain sorghum",9.20890033722701
31165,"Nebraska","South Sioux","oats",943.456309888877
31165,"Nebraska","South Sioux","soybeans",177.029720259934
31165,"Nebraska","South Sioux","sunflower",38.3171997388086
31165,"Nebraska","South Sioux","wheat",1506.52756005067
31167,"Nebraska","Stanton","barley",2.27421148398109
31167,"Nebraska","Stanton","corn",11484.3642371935
31167,"Nebraska","Stanton","grain sorghum",0.592088384270006
31167,"Nebraska","Stanton","oats",90.6172325296948
31167,"Nebraska","Stanton","soybeans",8576.06488729019
31167,"Nebraska","Stanton","wheat",29.3197431183433
31169,"Nebraska","Thayer","barley",1.29078148278714
31169,"Nebraska","Thayer","corn",11376.8844606719
31169,"Nebraska","Thayer","dry peas",2.39033607923544
31169,"Nebraska","Thayer","grain sorghum",86.9417384805113
31169,"Nebraska","Thayer","oats",32.1981529422213
31169,"Nebraska","Thayer","soybeans",6692.83367403895
31169,"Nebraska","Thayer","sunflower",0.325954919895742
31169,"Nebraska","Thayer","wheat",379.903501384406
31171,"Nebraska","Thomas","corn",358.147092823951
31171,"Nebraska","Thomas","oats",69.7675738427154
31173,"Nebraska","Thurston","barley",4.30769921351865
31173,"Nebraska","Thurston","corn",4021.79440940182
31173,"Nebraska","Thurston","dry peas",13.0169896898989
31173,"Nebraska","Thurston","grain sorghum",4.53099982181525
31173,"Nebraska","Thurston","oats",39.0302259167433
31173,"Nebraska","Thurston","soybeans",3143.34130255334
31173,"Nebraska","Thurston","wheat",11.491706736206
31175,"Nebraska","Valley","barley",0.909396198770263
31175,"Nebraska","Valley","corn",2318.68549753406
31175,"Nebraska","Valley","grain sorghum",24.0025443855907
31175,"Nebraska","Valley","oats",25.574684316634
31175,"Nebraska","Valley","soybeans",1053.06275953727
31175,"Nebraska","Valley","sunflower",4.35651785016906
31175,"Nebraska","Valley","wheat",15.5576001775029
31177,"Nebraska","Washington","corn",1883.62458521412
31177,"Nebraska","Washington","dry peas",1.05887411789863
31177,"Nebraska","Washington","grain sorghum",1.25010727267848
31177,"Nebraska","Washington","oats",2.5341376441179
31177,"Nebraska","Washington","soybeans",1731.45957163428
31177,"Nebraska","Washington","wheat",3.72422411691254
31179,"Nebraska","Wayne","barley",0.828233625023183
31179,"Nebraska","Wayne","corn",13699.1103245903
31179,"Nebraska","Wayne","grain sorghum",7.19989929109609
31179,"Nebraska","Wayne","oats",56.6408071854193
31179,"Nebraska","Wayne","soybeans",10848.6477209186
31179,"Nebraska","Wayne","wheat",8.74434772284859
31181,"Nebraska","Webster","barley",36.9337199671706
31181,"Nebraska","Webster","corn",9870.00363362471
31181,"Nebraska","Webster","grain sorghum",275.749192251427
31181,"Nebraska","Webster","oats",98.6685572707877
31181,"Nebraska","Webster","soybeans",5957.77035137592
31181,"Nebraska","Webster","sunflower",0.507667311830853
31181,"Nebraska","Webster","wheat",1274.66437819816
31183,"Nebraska","Wheeler","corn",0
31183,"Nebraska","Wheeler","grain sorghum",0
31183,"Nebraska","Wheeler","oats",0
31183,"Nebraska","Wheeler","soybeans",0
31183,"Nebraska","Wheeler","wheat",0
31185,"Nebraska","York","canola",0.119942268468019
31185,"Nebraska","York","corn",11235.5687349392
31185,"Nebraska","York","dry peas",5.63881366076676
31185,"Nebraska","York","grain sorghum",72.1024617571299
31185,"Nebraska","York","oats",2.70578096609973
31185,"Nebraska","York","soybeans",5580.93798182104
31185,"Nebraska","York","sunflower",0.0745474515825537
31185,"Nebraska","York","wheat",28.8013038023671
32001,"Nevada","Churchill","barley",21.9235966085839
32001,"Nevada","Churchill","chickpeas_large",0.794813170099719
32001,"Nevada","Churchill","corn",2609.40734643487
32001,"Nevada","Churchill","oats",182.159659555405
32001,"Nevada","Churchill","soybeans",8.15547426711016
32001,"Nevada","Churchill","wheat",1141.63277663059
32003,"Nevada","Clark","corn",0
32003,"Nevada","Clark","oats",0
32005,"Nevada","Douglas","wheat",0
32007,"Nevada","Elko","barley",104.829307941212
32007,"Nevada","Elko","corn",269.861711074763
32007,"Nevada","Elko","oats",101.407314317358
32009,"Nevada","Esmeralda","wheat",282.4975
32011,"Nevada","Eureka","barley",0
32011,"Nevada","Eureka","wheat",0
32013,"Nevada","Humboldt","barley",0
32013,"Nevada","Humboldt","canola",0
32013,"Nevada","Humboldt","corn",0
32013,"Nevada","Humboldt","oats",0
32013,"Nevada","Humboldt","wheat",0
32015,"Nevada","Lander","corn",0
32015,"Nevada","Lander","wheat",0
32017,"Nevada","Lincoln","barley",1043.9129943875
32017,"Nevada","Lincoln","corn",407.958009670364
32017,"Nevada","Lincoln","oats",185.390099733867
32017,"Nevada","Lincoln","wheat",1067.83889620827
32019,"Nevada","Lyon","barley",23.8486744959702
32019,"Nevada","Lyon","corn",1764.26203129096
32019,"Nevada","Lyon","oats",140.817503118873
32019,"Nevada","Lyon","wheat",2004.99045776086
32023,"Nevada","Northwest Nye","corn",386.145901437837
32023,"Nevada","Northwest Nye","wheat",320.661598562163
32027,"Nevada","Pershing","barley",0
32027,"Nevada","Pershing","corn",0
32027,"Nevada","Pershing","wheat",0
32035,"Nevada","Southeast Nye","barley",127.478038384477
32035,"Nevada","Southeast Nye","corn",254.463387324686
32035,"Nevada","Southeast Nye","oats",18.5294073605399
32035,"Nevada","Southeast Nye","wheat",5.80516693029632
32031,"Nevada","Washoe","corn",0
32031,"Nevada","Washoe","wheat",0
32033,"Nevada","White Pine","barley",168.153553212154
32033,"Nevada","White Pine","corn",308.790890727624
32033,"Nevada","White Pine","oats",159.026949591227
32033,"Nevada","White Pine","wheat",106.267273135661
33001,"New Hampshire","Belknap","corn",0
33003,"New Hampshire","Carroll","barley",0
33003,"New Hampshire","Carroll","corn",0
33003,"New Hampshire","Carroll","oats",0
33003,"New Hampshire","Carroll","soybeans",0
33005,"New Hampshire","Cheshire","corn",0
33005,"New Hampshire","Cheshire","soybeans",0
33007,"New Hampshire","Coos","barley",3.08829071662212
33007,"New Hampshire","Coos","corn",224.917372287677
33007,"New Hampshire","Coos","oats",3.06324779087273
33007,"New Hampshire","Coos","soybeans",4.2215011492357
33007,"New Hampshire","Coos","sunflower",0.108254722259609
33009,"New Hampshire","Grafton","barley",0
33009,"New Hampshire","Grafton","corn",0
33009,"New Hampshire","Grafton","oats",0
33009,"New Hampshire","Grafton","soybeans",0
33009,"New Hampshire","Grafton","sunflower",0
33009,"New Hampshire","Grafton","wheat",0
33011,"New Hampshire","Hillsborough","corn",0
33011,"New Hampshire","Hillsborough","oats",0
33013,"New Hampshire","Merrimack","barley",0
33013,"New Hampshire","Merrimack","corn",0
33013,"New Hampshire","Merrimack","oats",0
33013,"New Hampshire","Merrimack","wheat",0
33015,"New Hampshire","Rockingham","corn",0
33017,"New Hampshire","Strafford","barley",0
33017,"New Hampshire","Strafford","corn",0
33017,"New Hampshire","Strafford","oats",0
33017,"New Hampshire","Strafford","sunflower",0
33017,"New Hampshire","Strafford","wheat",0
33019,"New Hampshire","Sullivan","corn",0
33019,"New Hampshire","Sullivan","oats",0
33019,"New Hampshire","Sullivan","wheat",0
34001,"New Jersey","Atlantic","barley",42.6093735222446
34001,"New Jersey","Atlantic","corn",521.544058083964
34001,"New Jersey","Atlantic","grain sorghum",41.3177768873515
34001,"New Jersey","Atlantic","safflower",13.8214155362781
34001,"New Jersey","Atlantic","soybeans",258.65221270925
34001,"New Jersey","Atlantic","wheat",4.34082992757866
34005,"New Jersey","Burlington","barley",5.93350895050571
34005,"New Jersey","Burlington","corn",751.977837862765
34005,"New Jersey","Burlington","grain sorghum",51.2533748040589
34005,"New Jersey","Burlington","oats",7.21207795329381
34005,"New Jersey","Burlington","soybeans",2440.95312203938
34005,"New Jersey","Burlington","sunflower",1.20421768368197
34005,"New Jersey","Burlington","wheat",225.985360706313
34007,"New Jersey","Camden","corn",389.400002193783
34007,"New Jersey","Camden","grain sorghum",113.777289266334
34007,"New Jersey","Camden","soybeans",100.724108539883
34009,"New Jersey","Cape May","corn",0
34009,"New Jersey","Cape May","soybeans",0
34011,"New Jersey","Cumberland","barley",9.79161014987294
34011,"New Jersey","Cumberland","corn",564.54277512711
34011,"New Jersey","Cumberland","grain sorghum",11.1892209002263
34011,"New Jersey","Cumberland","oats",0.815304509287157
34011,"New Jersey","Cumberland","soybeans",852.749494275007
34011,"New Jersey","Cumberland","wheat",263.277435038499
34015,"New Jersey","Gloucester","barley",28.3018893045603
34015,"New Jersey","Gloucester","corn",2076.92557028507
34015,"New Jersey","Gloucester","grain sorghum",39.8048920408456
34015,"New Jersey","Gloucester","oats",5.23156135629751
34015,"New Jersey","Gloucester","soybeans",3392.22085569996
34015,"New Jersey","Gloucester","wheat",918.345564646602
34019,"New Jersey","Hunterdon","barley",0
34019,"New Jersey","Hunterdon","corn",0
34019,"New Jersey","Hunterdon","grain sorghum",0
34019,"New Jersey","Hunterdon","oats",0
34019,"New Jersey","Hunterdon","rice_short/medium grain",0
34019,"New Jersey","Hunterdon","soybeans",0
34019,"New Jersey","Hunterdon","sunflower",0
34019,"New Jersey","Hunterdon","wheat",0
34021,"New Jersey","Mercer","barley",0
34021,"New Jersey","Mercer","corn",0
34021,"New Jersey","Mercer","grain sorghum",0
34021,"New Jersey","Mercer","oats",0
34021,"New Jersey","Mercer","rice_long grain",0
34021,"New Jersey","Mercer","soybeans",0
34021,"New Jersey","Mercer","sunflower",0
34021,"New Jersey","Mercer","wheat",0
34023,"New Jersey","Middlesex","corn",0
34023,"New Jersey","Middlesex","oats",0
34023,"New Jersey","Middlesex","soybeans",0
34023,"New Jersey","Middlesex","wheat",0
34025,"New Jersey","Monmouth","barley",0
34025,"New Jersey","Monmouth","corn",0
34025,"New Jersey","Monmouth","grain sorghum",0
34025,"New Jersey","Monmouth","oats",0
34025,"New Jersey","Monmouth","soybeans",0
34025,"New Jersey","Monmouth","wheat",0
34027,"New Jersey","Morris, Bergen, Essex, Hudson, Passaic","corn",1104.21699087219
34027,"New Jersey","Morris, Bergen, Essex, Hudson, Passaic","oats",3.01057212220315
34027,"New Jersey","Morris, Bergen, Essex, Hudson, Passaic","soybeans",457.687389411356
34027,"New Jersey","Morris, Bergen, Essex, Hudson, Passaic","wheat",38.2440475942543
34029,"New Jersey","Ocean","corn",0
34029,"New Jersey","Ocean","grain sorghum",0
34029,"New Jersey","Ocean","oats",0
34029,"New Jersey","Ocean","soybeans",0
34033,"New Jersey","Salem","barley",89.0886316105768
34033,"New Jersey","Salem","corn",3327.82047120141
34033,"New Jersey","Salem","grain sorghum",15.6265703547392
34033,"New Jersey","Salem","oats",1.16478566530139
34033,"New Jersey","Salem","soybeans",4248.30302040776
34033,"New Jersey","Salem","wheat",1156.23452076021
34035,"New Jersey","Somerset, Union","barley",15.9201874328734
34035,"New Jersey","Somerset, Union","corn",1177.41036331884
34035,"New Jersey","Somerset, Union","dry peas",2.12269165771645
34035,"New Jersey","Somerset, Union","grain sorghum",182.997247811735
34035,"New Jersey","Somerset, Union","oats",205.266405992838
34035,"New Jersey","Somerset, Union","soybeans",1987.84130208504
34035,"New Jersey","Somerset, Union","wheat",598.618151700958
34037,"New Jersey","Sussex","barley",0
34037,"New Jersey","Sussex","corn",0
34037,"New Jersey","Sussex","oats",0
34037,"New Jersey","Sussex","soybeans",0
34037,"New Jersey","Sussex","sunflower",0
34037,"New Jersey","Sussex","wheat",0
34041,"New Jersey","Warren","barley",0.406759536747156
34041,"New Jersey","Warren","corn",123.03679943169
34041,"New Jersey","Warren","grain sorghum",2.62374049630111
34041,"New Jersey","Warren","oats",1.09731166673053
34041,"New Jersey","Warren","soybeans",73.1327744564383
34041,"New Jersey","Warren","wheat",4.58561441209131
35005,"New Mexico","Chaves","barley",1695.30725792445
35005,"New Mexico","Chaves","canola",10.399487504601
35005,"New Mexico","Chaves","corn",6949.43917568399
35005,"New Mexico","Chaves","cotton",619.434932394664
35005,"New Mexico","Chaves","grain sorghum",212.266927002651
35005,"New Mexico","Chaves","oats",190.291384834095
35005,"New Mexico","Chaves","soybeans",4.71097961703328
35005,"New Mexico","Chaves","wheat",4208.28511503851
35007,"New Mexico","Colfax","barley",0
35007,"New Mexico","Colfax","oats",0
35007,"New Mexico","Colfax","wheat",0
35009,"New Mexico","Curry","barley",0
35009,"New Mexico","Curry","canola",0
35009,"New Mexico","Curry","corn",0
35009,"New Mexico","Curry","cotton",0
35009,"New Mexico","Curry","grain sorghum",0
35009,"New Mexico","Curry","oats",0
35009,"New Mexico","Curry","soybeans",0
35009,"New Mexico","Curry","wheat",0
35011,"New Mexico","DeBaca","corn",0
35011,"New Mexico","DeBaca","grain sorghum",0
35011,"New Mexico","DeBaca","oats",0
35011,"New Mexico","DeBaca","wheat",0
35013,"New Mexico","Dona Ana","barley",248.267943617081
35013,"New Mexico","Dona Ana","corn",3197.31318665227
35013,"New Mexico","Dona Ana","cotton",12061.9199827881
35013,"New Mexico","Dona Ana","oats",370.964014315693
35013,"New Mexico","Dona Ana","wheat",2574.61207262682
35015,"New Mexico","Eddy","barley",0
35015,"New Mexico","Eddy","corn",0
35015,"New Mexico","Eddy","cotton",0
35015,"New Mexico","Eddy","oats",0
35015,"New Mexico","Eddy","wheat",0
35017,"New Mexico","Grant","oats",0.0465749914000687
35017,"New Mexico","Grant","wheat",0.777425008599929
35019,"New Mexico","Guadalupe","wheat",0
35021,"New Mexico","Harding","corn",0
35021,"New Mexico","Harding","cotton",0
35021,"New Mexico","Harding","oats",0
35021,"New Mexico","Harding","wheat",0
35023,"New Mexico","Hidalgo","barley",0
35023,"New Mexico","Hidalgo","corn",0
35023,"New Mexico","Hidalgo","cotton",0
35023,"New Mexico","Hidalgo","grain sorghum",0
35023,"New Mexico","Hidalgo","oats",0
35023,"New Mexico","Hidalgo","wheat",0
35025,"New Mexico","Lea","barley",251.25595833543
35025,"New Mexico","Lea","corn",1232.30885504406
35025,"New Mexico","Lea","cotton",3068.25240806282
35025,"New Mexico","Lea","grain sorghum",115.630486489731
35025,"New Mexico","Lea","oats",72.8317203640954
35025,"New Mexico","Lea","peanuts",537.739003385469
35025,"New Mexico","Lea","sesame",23.4327037356217
35025,"New Mexico","Lea","wheat",1766.27120458277
35029,"New Mexico","Luna","barley",0
35029,"New Mexico","Luna","corn",0
35029,"New Mexico","Luna","cotton",0
35029,"New Mexico","Luna","grain sorghum",0
35029,"New Mexico","Luna","oats",0
35029,"New Mexico","Luna","soybeans",0
35029,"New Mexico","Luna","wheat",0
35033,"New Mexico","Mora","barley",6.71587431088251
35033,"New Mexico","Mora","oats",108.521116481178
35033,"New Mexico","Mora","wheat",230.63500920794
35035,"New Mexico","Otero","barley",0
35035,"New Mexico","Otero","wheat",0
35037,"New Mexico","Quay","barley",0
35037,"New Mexico","Quay","corn",0
35037,"New Mexico","Quay","cotton",0
35037,"New Mexico","Quay","dry peas",0
35037,"New Mexico","Quay","grain sorghum",0
35037,"New Mexico","Quay","oats",0
35037,"New Mexico","Quay","soybeans",0
35037,"New Mexico","Quay","wheat",0
35039,"New Mexico","Rio Arriba","oats",0
35039,"New Mexico","Rio Arriba","wheat",0
35041,"New Mexico","Roosevelt","barley",0
35041,"New Mexico","Roosevelt","corn",0
35041,"New Mexico","Roosevelt","cotton",0
35041,"New Mexico","Roosevelt","dry peas",0
35041,"New Mexico","Roosevelt","grain sorghum",0
35041,"New Mexico","Roosevelt","oats",0
35041,"New Mexico","Roosevelt","peanuts",0
35041,"New Mexico","Roosevelt","wheat",0
35045,"New Mexico","San Juan","barley",339.116892355916
35045,"New Mexico","San Juan","corn",8240.56670826637
35045,"New Mexico","San Juan","oats",226.545253679324
35045,"New Mexico","San Juan","wheat",2553.61414569838
35047,"New Mexico","San Miguel","wheat",205.196
35043,"New Mexico","Sandoval","barley",4.15133429381419
35043,"New Mexico","Sandoval","oats",2.94680206348469
35043,"New Mexico","Sandoval","wheat",50.7543636427011
35049,"New Mexico","Santa Fe","corn",0
35049,"New Mexico","Santa Fe","oats",0
35049,"New Mexico","Santa Fe","wheat",0
35051,"New Mexico","Sierra","barley",22.189302336104
35051,"New Mexico","Sierra","corn",143.656262536478
35051,"New Mexico","Sierra","cotton",59.6220349742502
35051,"New Mexico","Sierra","oats",25.2226763258938
35051,"New Mexico","Sierra","wheat",102.305223827274
35053,"New Mexico","Socorro","corn",1716.47523786053
35053,"New Mexico","Socorro","oats",164.337035306095
35053,"New Mexico","Socorro","soybeans",48.1188021075204
35053,"New Mexico","Socorro","wheat",239.485424725852
35057,"New Mexico","Torrance","barley",0
35057,"New Mexico","Torrance","corn",0
35057,"New Mexico","Torrance","oats",0
35057,"New Mexico","Torrance","wheat",0
35059,"New Mexico","Union","corn",0
35059,"New Mexico","Union","cotton",0
35059,"New Mexico","Union","grain sorghum",0
35059,"New Mexico","Union","oats",0
35059,"New Mexico","Union","sunflower",0
35059,"New Mexico","Union","wheat",0
35061,"New Mexico","Valencia","corn",377.1450968398
35061,"New Mexico","Valencia","oats",237.102058450543
35061,"New Mexico","Valencia","wheat",77.2776780429906
36001,"New York","Albany","barley",0
36001,"New York","Albany","corn",0
36001,"New York","Albany","grain sorghum",0
36001,"New York","Albany","oats",0
36001,"New York","Albany","soybeans",0
36001,"New York","Albany","sunflower",0
36001,"New York","Albany","wheat",0
36003,"New York","Allegany","barley",0
36003,"New York","Allegany","corn",0
36003,"New York","Allegany","dry peas",0
36003,"New York","Allegany","oats",0
36003,"New York","Allegany","soybeans",0
36003,"New York","Allegany","sunflower",0
36003,"New York","Allegany","wheat",0
36007,"New York","Broome","barley",2.71743459402315
36007,"New York","Broome","corn",406.170819641132
36007,"New York","Broome","grain sorghum",0.252830669139042
36007,"New York","Broome","oats",12.7883468794495
36007,"New York","Broome","soybeans",48.9835326628111
36007,"New York","Broome","wheat",0.79281888677804
36009,"New York","Cattaraugus","barley",7.75663364706408
36009,"New York","Cattaraugus","corn",2863.99882767114
36009,"New York","Cattaraugus","grain sorghum",2.07780319318155
36009,"New York","Cattaraugus","oats",185.048056181626
36009,"New York","Cattaraugus","soybeans",627.385947480185
36009,"New York","Cattaraugus","sunflower",0.265330983301961
36009,"New York","Cattaraugus","wheat",206.3854008435
36011,"New York","Cayuga","barley",13.5094373334882
36011,"New York","Cayuga","corn",4027.6206269792
36011,"New York","Cayuga","grain sorghum",4.05392243084883
36011,"New York","Cayuga","oats",62.2091280779223
36011,"New York","Cayuga","soybeans",1967.06616108585
36011,"New York","Cayuga","sunflower",6.02250279834582
36011,"New York","Cayuga","wheat",388.654581294349
36013,"New York","Chautauqua","barley",8.91321266883371
36013,"New York","Chautauqua","corn",6702.41696389274
36013,"New York","Chautauqua","oats",265.341475307722
36013,"New York","Chautauqua","soybeans",1079.36727192293
36013,"New York","Chautauqua","sunflower",1.33599748112844
36013,"New York","Chautauqua","wheat",262.113705393316
36015,"New York","Chemung","barley",0
36015,"New York","Chemung","corn",0
36015,"New York","Chemung","grain sorghum",0
36015,"New York","Chemung","oats",0
36015,"New York","Chemung","soybeans",0
36015,"New York","Chemung","sunflower",0
36015,"New York","Chemung","wheat",0
36017,"New York","Chenango","barley",0
36017,"New York","Chenango","corn",0
36017,"New York","Chenango","oats",0
36017,"New York","Chenango","soybeans",0
36017,"New York","Chenango","sunflower",0
36017,"New York","Chenango","wheat",0
36019,"New York","Clinton","corn",2904.62087763035
36019,"New York","Clinton","grain sorghum",0.618977346503185
36019,"New York","Clinton","oats",35.5186886490571
36019,"New York","Clinton","soybeans",115.110214975398
36019,"New York","Clinton","wheat",6.83174139869087
36021,"New York","Columbia","barley",0
36021,"New York","Columbia","corn",0
36021,"New York","Columbia","dry peas",0
36021,"New York","Columbia","oats",0
36021,"New York","Columbia","safflower",0
36021,"New York","Columbia","soybeans",0
36021,"New York","Columbia","sunflower",0
36021,"New York","Columbia","wheat",0
36023,"New York","Cortland","barley",5.96989287430598
36023,"New York","Cortland","corn",1365.51197643669
36023,"New York","Cortland","mustard",0.00168927359205036
36023,"New York","Cortland","oats",82.1943094589577
36023,"New York","Cortland","rice_long grain",0.0422318398012591
36023,"New York","Cortland","soybeans",105.07974344726
36023,"New York","Cortland","sunflower",0.485103066517129
36023,"New York","Cortland","wheat",26.4063869362129
36025,"New York","Delaware","barley",0
36025,"New York","Delaware","corn",0
36025,"New York","Delaware","oats",0
36025,"New York","Delaware","soybeans",0
36025,"New York","Delaware","wheat",0
36027,"New York","Dutchess","barley",0
36027,"New York","Dutchess","corn",0
36027,"New York","Dutchess","oats",0
36027,"New York","Dutchess","soybeans",0
36027,"New York","Dutchess","sunflower",0
36027,"New York","Dutchess","wheat",0
36029,"New York","Erie","barley",17.3320595157007
36029,"New York","Erie","corn",5022.74415863392
36029,"New York","Erie","grain sorghum",4.32419417922372
36029,"New York","Erie","oats",310.991614506664
36029,"New York","Erie","soybeans",1723.54092628789
36029,"New York","Erie","sunflower",7.1369717212311
36029,"New York","Erie","wheat",387.195075155371
36031,"New York","Essex","barley",0
36031,"New York","Essex","corn",0
36031,"New York","Essex","oats",0
36031,"New York","Essex","soybeans",0
36031,"New York","Essex","sunflower",0
36031,"New York","Essex","wheat",0
36033,"New York","Franklin","barley",10.9463798631709
36033,"New York","Franklin","corn",4971.65640612586
36033,"New York","Franklin","oats",110.40499757419
36033,"New York","Franklin","soybeans",356.884489000453
36033,"New York","Franklin","sunflower",0.0663376756752374
36033,"New York","Franklin","wheat",9.79055642732271
36035,"New York","Fulton","corn",0
36035,"New York","Fulton","oats",0
36035,"New York","Fulton","soybeans",0
36035,"New York","Fulton","sunflower",0
36035,"New York","Fulton","wheat",0
36037,"New York","Genesee","barley",15.3423534576756
36037,"New York","Genesee","corn",11527.6668672555
36037,"New York","Genesee","grain sorghum",20.1374566265927
36037,"New York","Genesee","oats",159.799984032915
36037,"New York","Genesee","soybeans",3545.6876445014
36037,"New York","Genesee","sunflower",4.99936039768579
36037,"New York","Genesee","wheat",1818.96333372828
36039,"New York","Greene","corn",0
36039,"New York","Greene","oats",0
36039,"New York","Greene","soybeans",0
36043,"New York","Herkimer","barley",3.25064337488914
36043,"New York","Herkimer","corn",1038.33850819906
36043,"New York","Herkimer","oats",40.0339153166039
36043,"New York","Herkimer","soybeans",141.191858579006
36043,"New York","Herkimer","sunflower",2.24536250485731
36043,"New York","Herkimer","wheat",30.0983786922536
36045,"New York","Jefferson","barley",9.59736204121001
36045,"New York","Jefferson","corn",3507.04157833699
36045,"New York","Jefferson","oats",78.9078308287951
36045,"New York","Jefferson","soybeans",853.490325561148
36045,"New York","Jefferson","wheat",260.42056989853
36049,"New York","Lewis","barley",47.8770264151617
36049,"New York","Lewis","corn",8500.82121582924
36049,"New York","Lewis","oats",132.447217797074
36049,"New York","Lewis","soybeans",526.379628449706
36049,"New York","Lewis","sunflower",0.3449254085989
36049,"New York","Lewis","wheat",68.039986100219
36051,"New York","Livingston","barley",16.9471493915498
36051,"New York","Livingston","corn",13809.3179051245
36051,"New York","Livingston","dry peas",6.33340605014599
36051,"New York","Livingston","grain sorghum",26.107845416057
36051,"New York","Livingston","oats",277.938641919167
36051,"New York","Livingston","soybeans",5412.50351001147
36051,"New York","Livingston","sunflower",3.5531223638671
36051,"New York","Livingston","wheat",3292.39728638988
36053,"New York","Madison","barley",0
36053,"New York","Madison","corn",0
36053,"New York","Madison","grain sorghum",0
36053,"New York","Madison","oats",0
36053,"New York","Madison","rice_short/medium grain",0
36053,"New York","Madison","soybeans",0
36053,"New York","Madison","sunflower",0
36053,"New York","Madison","wheat",0
36055,"New York","Monroe","barley",10.6476040785114
36055,"New York","Monroe","corn",4241.93162622686
36055,"New York","Monroe","oats",41.3392246841575
36055,"New York","Monroe","soybeans",2816.26320951122
36055,"New York","Monroe","sunflower",1.68488913913382
36055,"New York","Monroe","wheat",1554.77988636012
36057,"New York","Montgomery","barley",0
36057,"New York","Montgomery","corn",0
36057,"New York","Montgomery","oats",0
36057,"New York","Montgomery","soybeans",0
36057,"New York","Montgomery","sunflower",0
36057,"New York","Montgomery","wheat",0
36063,"New York","Niagara","barley",1.30301856040931
36063,"New York","Niagara","corn",1416.29369482895
36063,"New York","Niagara","dry peas",0.0417567236151036
36063,"New York","Niagara","oats",51.4239062126835
36063,"New York","Niagara","soybeans",869.648325179242
36063,"New York","Niagara","sunflower",0.0835134472302073
36063,"New York","Niagara","wheat",277.638785047879
36065,"New York","Oneida","barley",9.02658287347788
36065,"New York","Oneida","corn",5312.27424638284
36065,"New York","Oneida","grain sorghum",41.545202173003
36065,"New York","Oneida","oats",193.693077028354
36065,"New York","Oneida","soybeans",1454.84416543478
36065,"New York","Oneida","sunflower",2.63162024003957
36065,"New York","Oneida","wheat",376.059705867501
36067,"New York","Onondaga","barley",0
36067,"New York","Onondaga","corn",0
36067,"New York","Onondaga","oats",0
36067,"New York","Onondaga","soybeans",0
36067,"New York","Onondaga","sunflower",0
36067,"New York","Onondaga","wheat",0
36069,"New York","Ontario","barley",0
36069,"New York","Ontario","corn",0
36069,"New York","Ontario","grain sorghum",0
36069,"New York","Ontario","oats",0
36069,"New York","Ontario","soybeans",0
36069,"New York","Ontario","sunflower",0
36069,"New York","Ontario","wheat",0
36071,"New York","Orange, Rockland","barley",37.7252737388565
36071,"New York","Orange, Rockland","corn",5177.35233627056
36071,"New York","Orange, Rockland","oats",105.616483150379
36071,"New York","Orange, Rockland","soybeans",1960.67328348729
36071,"New York","Orange, Rockland","wheat",14.8784566862459
36073,"New York","Orleans","barley",47.2115005957478
36073,"New York","Orleans","corn",7003.44023120916
36073,"New York","Orleans","grain sorghum",10.6389497043881
36073,"New York","Orleans","oats",42.5147935311277
36073,"New York","Orleans","soybeans",3823.15767270299
36073,"New York","Orleans","sunflower",6.89668339514106
36073,"New York","Orleans","wheat",948.356168861434
36075,"New York","Oswego","barley",3.12858000458295
36075,"New York","Oswego","corn",1407.19479981659
36075,"New York","Oswego","oats",32.9156324975562
36075,"New York","Oswego","soybeans",1131.94352241585
36075,"New York","Oswego","sunflower",2.16637192681515
36075,"New York","Oswego","wheat",48.7031700052643
36077,"New York","Otsego","barley",2.90764518547333
36077,"New York","Otsego","corn",1095.39679835542
36077,"New York","Otsego","oats",81.2550150098724
36077,"New York","Otsego","soybeans",258.068015241094
36077,"New York","Otsego","sunflower",7.02462021354971
36077,"New York","Otsego","wheat",13.8567059945857
36083,"New York","Rensselaer","barley",0
36083,"New York","Rensselaer","corn",0
36083,"New York","Rensselaer","oats",0
36083,"New York","Rensselaer","soybeans",0
36083,"New York","Rensselaer","sunflower",0
36083,"New York","Rensselaer","wheat",0
36091,"New York","Saratoga","barley",0
36091,"New York","Saratoga","corn",0
36091,"New York","Saratoga","oats",0
36091,"New York","Saratoga","soybeans",0
36091,"New York","Saratoga","sunflower",0
36091,"New York","Saratoga","wheat",0
36093,"New York","Schenectady","corn",0
36093,"New York","Schenectady","grain sorghum",0
36093,"New York","Schenectady","oats",0
36093,"New York","Schenectady","soybeans",0
36093,"New York","Schenectady","sunflower",0
36095,"New York","Schoharie","barley",0
36095,"New York","Schoharie","corn",0
36095,"New York","Schoharie","grain sorghum",0
36095,"New York","Schoharie","oats",0
36095,"New York","Schoharie","soybeans",0
36095,"New York","Schoharie","wheat",0
36097,"New York","Schuyler","barley",0
36097,"New York","Schuyler","corn",0
36097,"New York","Schuyler","dry peas",0
36097,"New York","Schuyler","oats",0
36097,"New York","Schuyler","soybeans",0
36097,"New York","Schuyler","wheat",0
36099,"New York","Seneca","barley",0
36099,"New York","Seneca","corn",0
36099,"New York","Seneca","grain sorghum",0
36099,"New York","Seneca","oats",0
36099,"New York","Seneca","soybeans",0
36099,"New York","Seneca","sunflower",0
36099,"New York","Seneca","wheat",0
36089,"New York","St. Lawrence","barley",2.62074364301439
36089,"New York","St. Lawrence","corn",1889.33806041725
36089,"New York","St. Lawrence","grain sorghum",0.579817187025594
36089,"New York","St. Lawrence","oats",24.6892767550583
36089,"New York","St. Lawrence","soybeans",309.994662565015
36089,"New York","St. Lawrence","sunflower",0.000138194769964649
36089,"New York","St. Lawrence","wheat",1.96627123786659
36101,"New York","Steuben","barley",160.61374191243
36101,"New York","Steuben","corn",9548.79813740922
36101,"New York","Steuben","dry peas",20.1428739159096
36101,"New York","Steuben","grain sorghum",6.37790396535814
36101,"New York","Steuben","oats",1132.76238995874
36101,"New York","Steuben","soybeans",1433.39713786508
36101,"New York","Steuben","sunflower",8.20067483140705
36101,"New York","Steuben","wheat",809.136240141851
36103,"New York","Suffolk, Nassau","barley",26.7082872981538
36103,"New York","Suffolk, Nassau","corn",722.053705252334
36103,"New York","Suffolk, Nassau","grain sorghum",33.0183154083609
36103,"New York","Suffolk, Nassau","oats",46.548171473873
36103,"New York","Suffolk, Nassau","sunflower",14.8379373878632
36103,"New York","Suffolk, Nassau","wheat",230.453472179415
36105,"New York","Sullivan","corn",0
36105,"New York","Sullivan","oats",0
36105,"New York","Sullivan","soybeans",0
36107,"New York","Tioga","barley",0
36107,"New York","Tioga","corn",0
36107,"New York","Tioga","grain sorghum",0
36107,"New York","Tioga","oats",0
36107,"New York","Tioga","soybeans",0
36107,"New York","Tioga","wheat",0
36109,"New York","Tompkins","barley",0
36109,"New York","Tompkins","corn",0
36109,"New York","Tompkins","oats",0
36109,"New York","Tompkins","soybeans",0
36109,"New York","Tompkins","sunflower",0
36109,"New York","Tompkins","wheat",0
36111,"New York","Ulster","barley",0
36111,"New York","Ulster","corn",0
36111,"New York","Ulster","oats",0
36111,"New York","Ulster","soybeans",0
36111,"New York","Ulster","sunflower",0
36111,"New York","Ulster","wheat",0
36113,"New York","Warren","corn",42.968
36115,"New York","Washington","barley",0
36115,"New York","Washington","corn",0
36115,"New York","Washington","flaxseed",0
36115,"New York","Washington","oats",0
36115,"New York","Washington","soybeans",0
36115,"New York","Washington","sunflower",0
36115,"New York","Washington","wheat",0
36117,"New York","Wayne","barley",0
36117,"New York","Wayne","corn",0
36117,"New York","Wayne","dry peas",0
36117,"New York","Wayne","oats",0
36117,"New York","Wayne","soybeans",0
36117,"New York","Wayne","sunflower",0
36117,"New York","Wayne","wheat",0
36119,"New York","Westchester","corn",0
36119,"New York","Westchester","sunflower",0
36121,"New York","Wyoming","barley",10.2027031150669
36121,"New York","Wyoming","corn",13133.3451931984
36121,"New York","Wyoming","dry peas",7.0727124352195
36121,"New York","Wyoming","oats",328.303360715651
36121,"New York","Wyoming","soybeans",976.122873752175
36121,"New York","Wyoming","sunflower",1.01622332021087
36121,"New York","Wyoming","wheat",1319.93573346327
36123,"New York","Yates","barley",0
36123,"New York","Yates","corn",0
36123,"New York","Yates","dry peas",0
36123,"New York","Yates","lentils",0
36123,"New York","Yates","oats",0
36123,"New York","Yates","soybeans",0
36123,"New York","Yates","sunflower",0
36123,"New York","Yates","wheat",0
37001,"North Carolina","Alamance","barley",26.0423352782457
37001,"North Carolina","Alamance","corn",627.530187723861
37001,"North Carolina","Alamance","cotton",80.2866398835617
37001,"North Carolina","Alamance","grain sorghum",13.1100219866337
37001,"North Carolina","Alamance","oats",35.9699878267752
37001,"North Carolina","Alamance","soybeans",880.308060891602
37001,"North Carolina","Alamance","sunflower",1.30823460423271
37001,"North Carolina","Alamance","wheat",321.953531805083
37003,"North Carolina","Alexander","barley",103.087427130198
37003,"North Carolina","Alexander","corn",988.01630129516
37003,"North Carolina","Alexander","oats",10.102634911646
37003,"North Carolina","Alexander","soybeans",1119.376897352
37003,"North Carolina","Alexander","wheat",722.607405977663
37005,"North Carolina","Alleghany","corn",0
37005,"North Carolina","Alleghany","soybeans",0
37005,"North Carolina","Alleghany","wheat",0
37007,"North Carolina","Anson","barley",13.4480867252594
37007,"North Carolina","Anson","corn",3703.69693522725
37007,"North Carolina","Anson","cotton",1037.38420307229
37007,"North Carolina","Anson","dry peas",0.396300191488456
37007,"North Carolina","Anson","grain sorghum",226.174283648884
37007,"North Carolina","Anson","oats",56.5361853177432
37007,"North Carolina","Anson","rapeseed",17.9139695649494
37007,"North Carolina","Anson","sesame",148.028929707979
37007,"North Carolina","Anson","soybeans",5517.90445038039
37007,"North Carolina","Anson","sunflower",23.0934929767364
37007,"North Carolina","Anson","wheat",3676.01932985369
37009,"North Carolina","Ashe","corn",0
37009,"North Carolina","Ashe","soybeans",0
37009,"North Carolina","Ashe","sunflower",0
37011,"North Carolina","Avery","corn",18.7215
37013,"North Carolina","Beaufort","corn",0
37013,"North Carolina","Beaufort","cotton",0
37013,"North Carolina","Beaufort","grain sorghum",0
37013,"North Carolina","Beaufort","oats",0
37013,"North Carolina","Beaufort","peanuts",0
37013,"North Carolina","Beaufort","soybeans",0
37013,"North Carolina","Beaufort","sunflower",0
37013,"North Carolina","Beaufort","wheat",0
37015,"North Carolina","Bertie","barley",16.4539626970424
37015,"North Carolina","Bertie","corn",976.014784427499
37015,"North Carolina","Bertie","cotton",2663.99247600236
37015,"North Carolina","Bertie","grain sorghum",10.2948164391208
37015,"North Carolina","Bertie","oats",0.560363039539517
37015,"North Carolina","Bertie","peanuts",772.100363506815
37015,"North Carolina","Bertie","soybeans",2299.08362400177
37015,"North Carolina","Bertie","sunflower",8.33743823075808
37015,"North Carolina","Bertie","wheat",545.882171655092
37017,"North Carolina","Bladen","barley",0
37017,"North Carolina","Bladen","canola",0
37017,"North Carolina","Bladen","corn",0
37017,"North Carolina","Bladen","cotton",0
37017,"North Carolina","Bladen","grain sorghum",0
37017,"North Carolina","Bladen","oats",0
37017,"North Carolina","Bladen","peanuts",0
37017,"North Carolina","Bladen","rapeseed",0
37017,"North Carolina","Bladen","rice_long grain",0
37017,"North Carolina","Bladen","rice_short/medium grain",0
37017,"North Carolina","Bladen","sesame",0
37017,"North Carolina","Bladen","soybeans",0
37017,"North Carolina","Bladen","sunflower",0
37017,"North Carolina","Bladen","wheat",0
37019,"North Carolina","Brunswick","corn",0
37019,"North Carolina","Brunswick","cotton",0
37019,"North Carolina","Brunswick","grain sorghum",0
37019,"North Carolina","Brunswick","oats",0
37019,"North Carolina","Brunswick","peanuts",0
37019,"North Carolina","Brunswick","soybeans",0
37019,"North Carolina","Brunswick","sunflower",0
37019,"North Carolina","Brunswick","wheat",0
37021,"North Carolina","Buncombe","barley",0
37021,"North Carolina","Buncombe","canola",0
37021,"North Carolina","Buncombe","corn",0
37021,"North Carolina","Buncombe","soybeans",0
37021,"North Carolina","Buncombe","sunflower",0
37021,"North Carolina","Buncombe","wheat",0
37023,"North Carolina","Burke","corn",0
37023,"North Carolina","Burke","grain sorghum",0
37023,"North Carolina","Burke","oats",0
37023,"North Carolina","Burke","soybeans",0
37023,"North Carolina","Burke","sunflower",0
37023,"North Carolina","Burke","wheat",0
37025,"North Carolina","Cabarrus","barley",59.762648644848
37025,"North Carolina","Cabarrus","corn",540.168028489469
37025,"North Carolina","Cabarrus","cotton",86.3703944141754
37025,"North Carolina","Cabarrus","grain sorghum",6.92737005031359
37025,"North Carolina","Cabarrus","oats",31.1220882835098
37025,"North Carolina","Cabarrus","safflower",0.40933157512017
37025,"North Carolina","Cabarrus","soybeans",681.843772909793
37025,"North Carolina","Cabarrus","sunflower",1.42323275944115
37025,"North Carolina","Cabarrus","wheat",377.537132873328
37027,"North Carolina","Caldwell","barley",13.4002631103253
37027,"North Carolina","Caldwell","corn",449.555483675871
37027,"North Carolina","Caldwell","soybeans",426.035654438099
37027,"North Carolina","Caldwell","wheat",246.700598775705
37029,"North Carolina","Camden","corn",0
37029,"North Carolina","Camden","cotton",0
37029,"North Carolina","Camden","grain sorghum",0
37029,"North Carolina","Camden","oats",0
37029,"North Carolina","Camden","soybeans",0
37029,"North Carolina","Camden","sunflower",0
37029,"North Carolina","Camden","wheat",0
37031,"North Carolina","Carteret","corn",0
37031,"North Carolina","Carteret","cotton",0
37031,"North Carolina","Carteret","grain sorghum",0
37031,"North Carolina","Carteret","oats",0
37031,"North Carolina","Carteret","peanuts",0
37031,"North Carolina","Carteret","soybeans",0
37031,"North Carolina","Carteret","sunflower",0
37031,"North Carolina","Carteret","wheat",0
37033,"North Carolina","Caswell","barley",0
37033,"North Carolina","Caswell","corn",0
37033,"North Carolina","Caswell","grain sorghum",0
37033,"North Carolina","Caswell","oats",0
37033,"North Carolina","Caswell","soybeans",0
37033,"North Carolina","Caswell","sunflower",0
37033,"North Carolina","Caswell","wheat",0
37035,"North Carolina","Catawba","barley",36.6168104884628
37035,"North Carolina","Catawba","canola",59.9717423258777
37035,"North Carolina","Catawba","corn",1601.50734963002
37035,"North Carolina","Catawba","grain sorghum",6.45316395690042
37035,"North Carolina","Catawba","oats",40.2863562540776
37035,"North Carolina","Catawba","rapeseed",59.3327340884291
37035,"North Carolina","Catawba","soybeans",2695.14471539027
37035,"North Carolina","Catawba","sunflower",1.2026462725314
37035,"North Carolina","Catawba","wheat",1078.51548159343
37037,"North Carolina","Chatham","barley",28.7718553922793
37037,"North Carolina","Chatham","corn",304.452329538565
37037,"North Carolina","Chatham","grain sorghum",7.03653471420068
37037,"North Carolina","Chatham","oats",19.7034259290374
37037,"North Carolina","Chatham","soybeans",256.482276543626
37037,"North Carolina","Chatham","sunflower",0.24031010381995
37037,"North Carolina","Chatham","wheat",88.672607778472
37039,"North Carolina","Cherokee","barley",43.4663120091752
37039,"North Carolina","Cherokee","corn",316.0699959876
37039,"North Carolina","Cherokee","soybeans",111.973005575184
37039,"North Carolina","Cherokee","wheat",43.1503530947073
37041,"North Carolina","Chowan","barley",10.2457162498882
37041,"North Carolina","Chowan","corn",520.200830439538
37041,"North Carolina","Chowan","cotton",1752.93924666407
37041,"North Carolina","Chowan","grain sorghum",52.3397851989777
37041,"North Carolina","Chowan","oats",4.71099361532168
37041,"North Carolina","Chowan","peanuts",589.307146957139
37041,"North Carolina","Chowan","soybeans",2212.56964352373
37041,"North Carolina","Chowan","sunflower",3.2407708741367
37041,"North Carolina","Chowan","wheat",519.577366477206
37043,"North Carolina","Clay","corn",0
37043,"North Carolina","Clay","soybeans",0
37045,"North Carolina","Cleveland","barley",27.4044131326494
37045,"North Carolina","Cleveland","corn",1050.11068787336
37045,"North Carolina","Cleveland","cotton",14.2288363188297
37045,"North Carolina","Cleveland","grain sorghum",20.0730241599894
37045,"North Carolina","Cleveland","oats",44.4232426428953
37045,"North Carolina","Cleveland","soybeans",2269.24615277339
37045,"North Carolina","Cleveland","sunflower",0.241795111342977
37045,"North Carolina","Cleveland","wheat",1070.93118132088
37047,"North Carolina","Columbus","corn",2999.53225833077
37047,"North Carolina","Columbus","cotton",327.302268908117
37047,"North Carolina","Columbus","dry peas",0.164259819496673
37047,"North Carolina","Columbus","grain sorghum",37.2216767111966
37047,"North Carolina","Columbus","oats",54.2646972590905
37047,"North Carolina","Columbus","peanuts",373.982098316317
37047,"North Carolina","Columbus","sesame",1.11166547766941
37047,"North Carolina","Columbus","soybeans",4416.41657742003
37047,"North Carolina","Columbus","sunflower",6.33757918494528
37047,"North Carolina","Columbus","wheat",628.253728572363
37049,"North Carolina","Craven","corn",0
37049,"North Carolina","Craven","cotton",0
37049,"North Carolina","Craven","grain sorghum",0
37049,"North Carolina","Craven","oats",0
37049,"North Carolina","Craven","peanuts",0
37049,"North Carolina","Craven","soybeans",0
37049,"North Carolina","Craven","sunflower",0
37049,"North Carolina","Craven","wheat",0
37051,"North Carolina","Cumberland","corn",0
37051,"North Carolina","Cumberland","cotton",0
37051,"North Carolina","Cumberland","dry peas",0
37051,"North Carolina","Cumberland","grain sorghum",0
37051,"North Carolina","Cumberland","mustard",0
37051,"North Carolina","Cumberland","oats",0
37051,"North Carolina","Cumberland","peanuts",0
37051,"North Carolina","Cumberland","rapeseed",0
37051,"North Carolina","Cumberland","soybeans",0
37051,"North Carolina","Cumberland","sunflower",0
37051,"North Carolina","Cumberland","wheat",0
37053,"North Carolina","Currituck","barley",0
37053,"North Carolina","Currituck","corn",0
37053,"North Carolina","Currituck","grain sorghum",0
37053,"North Carolina","Currituck","oats",0
37053,"North Carolina","Currituck","peanuts",0
37053,"North Carolina","Currituck","rapeseed",0
37053,"North Carolina","Currituck","soybeans",0
37053,"North Carolina","Currituck","sunflower",0
37053,"North Carolina","Currituck","wheat",0
37055,"North Carolina","Dare","corn",77.7378440737793
37055,"North Carolina","Dare","rice_long grain",14.4739764357302
37055,"North Carolina","Dare","rice_short/medium grain",4.62094645377237
37055,"North Carolina","Dare","soybeans",159.011591291581
37055,"North Carolina","Dare","wheat",43.3521417451374
37057,"North Carolina","Davidson","barley",48.2961730651283
37057,"North Carolina","Davidson","corn",2241.00695421156
37057,"North Carolina","Davidson","cotton",206.712846299819
37057,"North Carolina","Davidson","grain sorghum",38.5114714548361
37057,"North Carolina","Davidson","oats",108.064751271433
37057,"North Carolina","Davidson","soybeans",3715.2243440633
37057,"North Carolina","Davidson","sunflower",0.948960217168965
37057,"North Carolina","Davidson","wheat",978.569632750093
37059,"North Carolina","Davie","barley",110.160113656269
37059,"North Carolina","Davie","corn",2149.01476495909
37059,"North Carolina","Davie","grain sorghum",76.4076229155728
37059,"North Carolina","Davie","oats",3.93762136282654
37059,"North Carolina","Davie","soybeans",2747.45325396341
37059,"North Carolina","Davie","sunflower",2.40191730190144
37059,"North Carolina","Davie","wheat",802.540539174262
37061,"North Carolina","Duplin","barley",1.70766612893137
37061,"North Carolina","Duplin","corn",3423.35669413832
37061,"North Carolina","Duplin","cotton",288.756851149911
37061,"North Carolina","Duplin","grain sorghum",52.7546586509087
37061,"North Carolina","Duplin","oats",56.7298988694091
37061,"North Carolina","Duplin","peanuts",349.921974293359
37061,"North Carolina","Duplin","soybeans",4100.89149196143
37061,"North Carolina","Duplin","sunflower",0.40850350260786
37061,"North Carolina","Duplin","wheat",1430.28359463846
37063,"North Carolina","Durham","corn",0
37063,"North Carolina","Durham","cotton",0
37063,"North Carolina","Durham","oats",0
37063,"North Carolina","Durham","soybeans",0
37063,"North Carolina","Durham","wheat",0
37065,"North Carolina","Edgecombe","corn",855.657809760547
37065,"North Carolina","Edgecombe","cotton",2443.66066061495
37065,"North Carolina","Edgecombe","grain sorghum",6.33666235953853
37065,"North Carolina","Edgecombe","oats",20.062461905786
37065,"North Carolina","Edgecombe","peanuts",642.273302149213
37065,"North Carolina","Edgecombe","soybeans",3503.25665644883
37065,"North Carolina","Edgecombe","sunflower",3.44927565624462
37065,"North Carolina","Edgecombe","wheat",817.604037771559
37067,"North Carolina","Forsyth","barley",21.3506187937623
37067,"North Carolina","Forsyth","corn",486.177426095029
37067,"North Carolina","Forsyth","grain sorghum",6.74265830737105
37067,"North Carolina","Forsyth","oats",3.25348309573637
37067,"North Carolina","Forsyth","soybeans",1533.41096458373
37067,"North Carolina","Forsyth","sunflower",6.62811271562476
37067,"North Carolina","Forsyth","wheat",251.314969742085
37069,"North Carolina","Franklin","barley",3.17462125849384
37069,"North Carolina","Franklin","canola",31.1171215595803
37069,"North Carolina","Franklin","corn",447.559585764533
37069,"North Carolina","Franklin","cotton",31.5374728238852
37069,"North Carolina","Franklin","grain sorghum",35.3769921432746
37069,"North Carolina","Franklin","oats",71.3545373738098
37069,"North Carolina","Franklin","peanuts",0.179483887406012
37069,"North Carolina","Franklin","soybeans",3249.27255591153
37069,"North Carolina","Franklin","sunflower",1.71451983444593
37069,"North Carolina","Franklin","wheat",1235.82840944305
37071,"North Carolina","Gaston","barley",145.830033929659
37071,"North Carolina","Gaston","corn",385.487483420377
37071,"North Carolina","Gaston","oats",24.4942303423624
37071,"North Carolina","Gaston","soybeans",715.934360550255
37071,"North Carolina","Gaston","sunflower",1.32339179793595
37071,"North Carolina","Gaston","wheat",352.635033292745
37073,"North Carolina","Gates","corn",789.790706624743
37073,"North Carolina","Gates","cotton",2527.63519221943
37073,"North Carolina","Gates","grain sorghum",7.84870378264216
37073,"North Carolina","Gates","oats",11.6157673870985
37073,"North Carolina","Gates","peanuts",607.685214451602
37073,"North Carolina","Gates","rapeseed",62.4476515468391
37073,"North Carolina","Gates","sesame",2.92289499400136
37073,"North Carolina","Gates","soybeans",3709.4266727078
37073,"North Carolina","Gates","sunflower",9.02224612273371
37073,"North Carolina","Gates","wheat",1114.40961682978
37075,"North Carolina","Graham","corn",0
37077,"North Carolina","Granville","corn",0
37077,"North Carolina","Granville","grain sorghum",0
37077,"North Carolina","Granville","oats",0
37077,"North Carolina","Granville","soybeans",0
37077,"North Carolina","Granville","wheat",0
37079,"North Carolina","Greene","corn",872.583240819773
37079,"North Carolina","Greene","cotton",627.611752471237
37079,"North Carolina","Greene","dry peas",2.29212698803285
37079,"North Carolina","Greene","grain sorghum",15.050735252331
37079,"North Carolina","Greene","oats",12.966102249603
37079,"North Carolina","Greene","peanuts",367.279650991586
37079,"North Carolina","Greene","sesame",7.1600570476578
37079,"North Carolina","Greene","soybeans",2439.18009579496
37079,"North Carolina","Greene","sunflower",0.747281258025247
37079,"North Carolina","Greene","wheat",633.897457126803
37081,"North Carolina","Guilford","barley",84.020343834063
37081,"North Carolina","Guilford","corn",1008.34845230745
37081,"North Carolina","Guilford","grain sorghum",54.0203748100504
37081,"North Carolina","Guilford","oats",57.5363159736649
37081,"North Carolina","Guilford","soybeans",1969.11578079644
37081,"North Carolina","Guilford","sunflower",1.20409936408972
37081,"North Carolina","Guilford","wheat",846.775632914241
37083,"North Carolina","Halifax","barley",40.5012291735486
37083,"North Carolina","Halifax","corn",880.656826369932
37083,"North Carolina","Halifax","cotton",5486.1917119445
37083,"North Carolina","Halifax","grain sorghum",12.5229855434796
37083,"North Carolina","Halifax","oats",10.6402541038405
37083,"North Carolina","Halifax","peanuts",999.394331112863
37083,"North Carolina","Halifax","soybeans",3816.69688849085
37083,"North Carolina","Halifax","sunflower",7.91405166855199
37083,"North Carolina","Halifax","wheat",552.741941592422
37085,"North Carolina","Harnett","barley",9.72048333855416
37085,"North Carolina","Harnett","corn",661.53263545315
37085,"North Carolina","Harnett","cotton",646.440516603924
37085,"North Carolina","Harnett","dry peas",0.0139547164288338
37085,"North Carolina","Harnett","grain sorghum",10.0500007091604
37085,"North Carolina","Harnett","oats",26.4346984254684
37085,"North Carolina","Harnett","peanuts",102.342587848867
37085,"North Carolina","Harnett","rapeseed",24.6719386461781
37085,"North Carolina","Harnett","soybeans",2222.13434515952
37085,"North Carolina","Harnett","sunflower",2.53808382407628
37085,"North Carolina","Harnett","wheat",617.097655274686
37087,"North Carolina","Haywood","corn",477.688259992354
37087,"North Carolina","Haywood","oats",0.978662154855914
37087,"North Carolina","Haywood","soybeans",32.9143655921141
37087,"North Carolina","Haywood","wheat",76.1033789273421
37089,"North Carolina","Henderson","chickpeas_large",0
37089,"North Carolina","Henderson","corn",0
37089,"North Carolina","Henderson","dry peas",0
37089,"North Carolina","Henderson","soybeans",0
37089,"North Carolina","Henderson","sunflower",0
37091,"North Carolina","Hertford","corn",781.30234799221
37091,"North Carolina","Hertford","cotton",1423.8897768165
37091,"North Carolina","Hertford","grain sorghum",18.3458024850919
37091,"North Carolina","Hertford","peanuts",404.912236278974
37091,"North Carolina","Hertford","soybeans",1179.80332569645
37091,"North Carolina","Hertford","sunflower",9.28811145785023
37091,"North Carolina","Hertford","wheat",262.373065939584
37093,"North Carolina","Hoke","corn",105.590705691143
37093,"North Carolina","Hoke","cotton",80.9413663417443
37093,"North Carolina","Hoke","oats",1.79868713980153
37093,"North Carolina","Hoke","peanuts",6.7342991303989
37093,"North Carolina","Hoke","rapeseed",1.77011488643847
37093,"North Carolina","Hoke","sesame",0.519225788009943
37093,"North Carolina","Hoke","soybeans",134.882487316206
37093,"North Carolina","Hoke","sunflower",0.0628015953116788
37093,"North Carolina","Hoke","wheat",49.3286454442767
37095,"North Carolina","Hyde","corn",1970.45259427762
37095,"North Carolina","Hyde","cotton",827.744020295259
37095,"North Carolina","Hyde","grain sorghum",3.19088198159421
37095,"North Carolina","Hyde","oats",15.6624177415789
37095,"North Carolina","Hyde","rapeseed",24.6542341308851
37095,"North Carolina","Hyde","soybeans",2120.32190273394
37095,"North Carolina","Hyde","sunflower",0.780982649125772
37095,"North Carolina","Hyde","wheat",479.641966190003
37097,"North Carolina","Iredell","barley",1013.93984937049
37097,"North Carolina","Iredell","canola",838.14354652417
37097,"North Carolina","Iredell","corn",10581.7161527446
37097,"North Carolina","Iredell","cotton",713.309673703796
37097,"North Carolina","Iredell","grain sorghum",74.9693016760977
37097,"North Carolina","Iredell","oats",255.860503573444
37097,"North Carolina","Iredell","rapeseed",783.554627821689
37097,"North Carolina","Iredell","soybeans",8871.44265071
37097,"North Carolina","Iredell","sunflower",2.71299838243058
37097,"North Carolina","Iredell","wheat",4770.68624882656
37099,"North Carolina","Jackson","corn",11.252
37101,"North Carolina","Johnston","barley",0.407649977678201
37101,"North Carolina","Johnston","corn",37.9921291272624
37101,"North Carolina","Johnston","cotton",28.9313902527838
37101,"North Carolina","Johnston","dry peas",0.0129064204123278
37101,"North Carolina","Johnston","grain sorghum",1.55259185224911
37101,"North Carolina","Johnston","oats",3.41693117035813
37101,"North Carolina","Johnston","peanuts",12.3294712686716
37101,"North Carolina","Johnston","sesame",0.832303360469014
37101,"North Carolina","Johnston","soybeans",221.726565067999
37101,"North Carolina","Johnston","sunflower",0.310939092197071
37101,"North Carolina","Johnston","wheat",44.2731557432422
37103,"North Carolina","Jones","corn",1707.22125209021
37103,"North Carolina","Jones","cotton",1053.97548157046
37103,"North Carolina","Jones","grain sorghum",20.1288846746696
37103,"North Carolina","Jones","oats",10.4818703560195
37103,"North Carolina","Jones","peanuts",41.0546450153753
37103,"North Carolina","Jones","soybeans",2439.45480087177
37103,"North Carolina","Jones","sunflower",1.11021372953559
37103,"North Carolina","Jones","wheat",546.545851691957
37105,"North Carolina","Lee","corn",361.519842325929
37105,"North Carolina","Lee","cotton",71.2485347856316
37105,"North Carolina","Lee","grain sorghum",21.8836717246076
37105,"North Carolina","Lee","oats",73.2974769027833
37105,"North Carolina","Lee","soybeans",940.793642772757
37105,"North Carolina","Lee","sunflower",2.89633402939418
37105,"North Carolina","Lee","wheat",300.478247458898
37107,"North Carolina","Lenoir","corn",508.186829852595
37107,"North Carolina","Lenoir","cotton",210.638700088483
37107,"North Carolina","Lenoir","grain sorghum",6.97929226974868
37107,"North Carolina","Lenoir","oats",1.92186761236803
37107,"North Carolina","Lenoir","peanuts",47.3584764669354
37107,"North Carolina","Lenoir","soybeans",827.992616970347
37107,"North Carolina","Lenoir","sunflower",0.679765681648252
37107,"North Carolina","Lenoir","wheat",204.41445105788
37109,"North Carolina","Lincoln","barley",317.530148561943
37109,"North Carolina","Lincoln","corn",1257.55733471629
37109,"North Carolina","Lincoln","cotton",47.6648931589048
37109,"North Carolina","Lincoln","grain sorghum",1.94671791248469
37109,"North Carolina","Lincoln","oats",49.8227804720658
37109,"North Carolina","Lincoln","soybeans",2173.46699560026
37109,"North Carolina","Lincoln","sunflower",1.56562313470167
37109,"North Carolina","Lincoln","wheat",1193.02000644335
37113,"North Carolina","Macon","corn",0
37113,"North Carolina","Macon","soybeans",0
37115,"North Carolina","Madison","corn",31.9008030287587
37115,"North Carolina","Madison","grain sorghum",0.266863637907917
37117,"North Carolina","Martin","corn",663.606558667714
37117,"North Carolina","Martin","cotton",3640.06211136119
37117,"North Carolina","Martin","grain sorghum",20.3037317519414
37117,"North Carolina","Martin","oats",7.15303683729384
37117,"North Carolina","Martin","peanuts",971.667778041554
37117,"North Carolina","Martin","sesame",6.87358491315925
37117,"North Carolina","Martin","soybeans",2368.86355533084
37117,"North Carolina","Martin","sunflower",1.97914489312511
37117,"North Carolina","Martin","wheat",616.25999820317
37111,"North Carolina","McDowell","corn",0
37111,"North Carolina","McDowell","grain sorghum",0
37111,"North Carolina","McDowell","oats",0
37111,"North Carolina","McDowell","rice_short/medium grain",0
37111,"North Carolina","McDowell","soybeans",0
37111,"North Carolina","McDowell","sunflower",0
37119,"North Carolina","Mecklenburg","corn",53.6475306638114
37119,"North Carolina","Mecklenburg","dry peas",0.00717967418488029
37119,"North Carolina","Mecklenburg","oats",1.65204302994095
37119,"North Carolina","Mecklenburg","soybeans",68.4599164746379
37119,"North Carolina","Mecklenburg","wheat",42.7993301574247
37121,"North Carolina","Mitchell","corn",10.64
37123,"North Carolina","Montgomery","corn",554.571254747435
37123,"North Carolina","Montgomery","cotton",365.322637975817
37123,"North Carolina","Montgomery","oats",9.54061028439691
37123,"North Carolina","Montgomery","sesame",11.1913317119025
37123,"North Carolina","Montgomery","soybeans",318.784284432707
37123,"North Carolina","Montgomery","wheat",92.422014181074
37125,"North Carolina","Moore","corn",1547.87583517286
37125,"North Carolina","Moore","cotton",129.755979373978
37125,"North Carolina","Moore","grain sorghum",121.048827815717
37125,"North Carolina","Moore","oats",43.0610184250543
37125,"North Carolina","Moore","sesame",27.5726466011592
37125,"North Carolina","Moore","soybeans",1966.23342796174
37125,"North Carolina","Moore","sunflower",2.30356487941596
37125,"North Carolina","Moore","wheat",1037.36269977008
37127,"North Carolina","Nash","corn",0
37127,"North Carolina","Nash","cotton",0
37127,"North Carolina","Nash","grain sorghum",0
37127,"North Carolina","Nash","oats",0
37127,"North Carolina","Nash","peanuts",0
37127,"North Carolina","Nash","rapeseed",0
37127,"North Carolina","Nash","sesame",0
37127,"North Carolina","Nash","soybeans",0
37127,"North Carolina","Nash","sunflower",0
37127,"North Carolina","Nash","wheat",0
37129,"North Carolina","New Hanover","corn",28.8960223841396
37129,"North Carolina","New Hanover","soybeans",32.6325823663547
37129,"North Carolina","New Hanover","wheat",16.700728582839
37131,"North Carolina","Northampton","barley",49.8387212901692
37131,"North Carolina","Northampton","corn",2331.20826150579
37131,"North Carolina","Northampton","cotton",6564.25442800755
37131,"North Carolina","Northampton","grain sorghum",65.3061152062938
37131,"North Carolina","Northampton","oats",23.6623307253244
37131,"North Carolina","Northampton","peanuts",1325.97886130784
37131,"North Carolina","Northampton","sesame",6.98215443946345
37131,"North Carolina","Northampton","soybeans",5951.97995330063
37131,"North Carolina","Northampton","sunflower",6.65892336268205
37131,"North Carolina","Northampton","wheat",1465.35791752091
37133,"North Carolina","Onslow","corn",0
37133,"North Carolina","Onslow","cotton",0
37133,"North Carolina","Onslow","grain sorghum",0
37133,"North Carolina","Onslow","oats",0
37133,"North Carolina","Onslow","peanuts",0
37133,"North Carolina","Onslow","soybeans",0
37133,"North Carolina","Onslow","wheat",0
37135,"North Carolina","Orange","barley",0
37135,"North Carolina","Orange","corn",0
37135,"North Carolina","Orange","cotton",0
37135,"North Carolina","Orange","grain sorghum",0
37135,"North Carolina","Orange","oats",0
37135,"North Carolina","Orange","soybeans",0
37135,"North Carolina","Orange","sunflower",0
37135,"North Carolina","Orange","wheat",0
37137,"North Carolina","Pamlico","barley",0
37137,"North Carolina","Pamlico","corn",0
37137,"North Carolina","Pamlico","cotton",0
37137,"North Carolina","Pamlico","grain sorghum",0
37137,"North Carolina","Pamlico","rice_short/medium grain",0
37137,"North Carolina","Pamlico","soybeans",0
37137,"North Carolina","Pamlico","sunflower",0
37137,"North Carolina","Pamlico","wheat",0
37139,"North Carolina","Pasquotank","corn",0
37139,"North Carolina","Pasquotank","cotton",0
37139,"North Carolina","Pasquotank","grain sorghum",0
37139,"North Carolina","Pasquotank","oats",0
37139,"North Carolina","Pasquotank","rapeseed",0
37139,"North Carolina","Pasquotank","soybeans",0
37139,"North Carolina","Pasquotank","sunflower",0
37139,"North Carolina","Pasquotank","wheat",0
37141,"North Carolina","Pender","corn",0
37141,"North Carolina","Pender","cotton",0
37141,"North Carolina","Pender","grain sorghum",0
37141,"North Carolina","Pender","oats",0
37141,"North Carolina","Pender","peanuts",0
37141,"North Carolina","Pender","soybeans",0
37141,"North Carolina","Pender","sunflower",0
37141,"North Carolina","Pender","wheat",0
37143,"North Carolina","Perquimans","barley",22.4462038979369
37143,"North Carolina","Perquimans","corn",1815.89647701769
37143,"North Carolina","Perquimans","cotton",1369.70066841454
37143,"North Carolina","Perquimans","grain sorghum",67.0766229052742
37143,"North Carolina","Perquimans","oats",13.2637510878709
37143,"North Carolina","Perquimans","peanuts",151.38509675176
37143,"North Carolina","Perquimans","rapeseed",9.5683443658063
37143,"North Carolina","Perquimans","soybeans",5585.64539462163
37143,"North Carolina","Perquimans","sunflower",0.141386527010702
37143,"North Carolina","Perquimans","wheat",1983.92522107715
37145,"North Carolina","Person","barley",26.7643344427931
37145,"North Carolina","Person","corn",931.667488729224
37145,"North Carolina","Person","grain sorghum",28.9686431199267
37145,"North Carolina","Person","oats",16.860841852498
37145,"North Carolina","Person","rapeseed",105.806816502414
37145,"North Carolina","Person","soybeans",3582.45199995164
37145,"North Carolina","Person","sunflower",0.397411420156302
37145,"North Carolina","Person","wheat",2319.89446398135
37147,"North Carolina","Pitt","barley",4.13761469864937
37147,"North Carolina","Pitt","corn",1735.797297071
37147,"North Carolina","Pitt","cotton",1678.90107150388
37147,"North Carolina","Pitt","grain sorghum",29.4631477055656
37147,"North Carolina","Pitt","oats",3.34882926423928
37147,"North Carolina","Pitt","peanuts",758.114874219872
37147,"North Carolina","Pitt","sesame",6.89602449774896
37147,"North Carolina","Pitt","soybeans",5222.58541449517
37147,"North Carolina","Pitt","sunflower",0.642630885353322
37147,"North Carolina","Pitt","wheat",982.823095658543
37149,"North Carolina","Polk","corn",0
37149,"North Carolina","Polk","dry peas",0
37149,"North Carolina","Polk","oats",0
37149,"North Carolina","Polk","soybeans",0
37149,"North Carolina","Polk","sunflower",0
37151,"North Carolina","Randolph","barley",586.303448627714
37151,"North Carolina","Randolph","corn",3670.90218101299
37151,"North Carolina","Randolph","cotton",91.2183890644659
37151,"North Carolina","Randolph","grain sorghum",171.831371328042
37151,"North Carolina","Randolph","oats",261.592689869715
37151,"North Carolina","Randolph","soybeans",4101.57735359051
37151,"North Carolina","Randolph","sunflower",1.06369377234273
37151,"North Carolina","Randolph","wheat",1800.91637273422
37153,"North Carolina","Richmond","corn",836.021318158396
37153,"North Carolina","Richmond","cotton",540.983200958912
37153,"North Carolina","Richmond","grain sorghum",157.38546631147
37153,"North Carolina","Richmond","oats",6.43860249657961
37153,"North Carolina","Richmond","peanuts",31.066693911451
37153,"North Carolina","Richmond","soybeans",751.751401752015
37153,"North Carolina","Richmond","sunflower",3.67872484612124
37153,"North Carolina","Richmond","wheat",340.014924898389
37155,"North Carolina","Robeson","barley",0
37155,"North Carolina","Robeson","canola",0
37155,"North Carolina","Robeson","corn",0
37155,"North Carolina","Robeson","cotton",0
37155,"North Carolina","Robeson","dry peas",0
37155,"North Carolina","Robeson","grain sorghum",0
37155,"North Carolina","Robeson","oats",0
37155,"North Carolina","Robeson","peanuts",0
37155,"North Carolina","Robeson","rapeseed",0
37155,"North Carolina","Robeson","soybeans",0
37155,"North Carolina","Robeson","sunflower",0
37155,"North Carolina","Robeson","wheat",0
37157,"North Carolina","Rockingham","barley",11.7075978867191
37157,"North Carolina","Rockingham","corn",278.948685875426
37157,"North Carolina","Rockingham","dry peas",0.0466222697347802
37157,"North Carolina","Rockingham","grain sorghum",1.56744070848331
37157,"North Carolina","Rockingham","oats",7.62330056887338
37157,"North Carolina","Rockingham","soybeans",694.583982692045
37157,"North Carolina","Rockingham","sunflower",1.09133408995173
37157,"North Carolina","Rockingham","wheat",367.120535908764
37159,"North Carolina","Rowan","barley",559.386673131986
37159,"North Carolina","Rowan","corn",3605.16279784882
37159,"North Carolina","Rowan","cotton",155.171188906255
37159,"North Carolina","Rowan","grain sorghum",8.15393632207779
37159,"North Carolina","Rowan","oats",47.4438448264455
37159,"North Carolina","Rowan","rapeseed",1.04046546517118
37159,"North Carolina","Rowan","sesame",0.679839789846506
37159,"North Carolina","Rowan","soybeans",7017.28629520791
37159,"North Carolina","Rowan","sunflower",5.39040483116874
37159,"North Carolina","Rowan","wheat",2897.33155367032
37161,"North Carolina","Rutherford","barley",0
37161,"North Carolina","Rutherford","corn",0
37161,"North Carolina","Rutherford","cotton",0
37161,"North Carolina","Rutherford","dry peas",0
37161,"North Carolina","Rutherford","grain sorghum",0
37161,"North Carolina","Rutherford","soybeans",0
37161,"North Carolina","Rutherford","wheat",0
37163,"North Carolina","Sampson","barley",0
37163,"North Carolina","Sampson","corn",0
37163,"North Carolina","Sampson","cotton",0
37163,"North Carolina","Sampson","grain sorghum",0
37163,"North Carolina","Sampson","oats",0
37163,"North Carolina","Sampson","peanuts",0
37163,"North Carolina","Sampson","rapeseed",0
37163,"North Carolina","Sampson","sesame",0
37163,"North Carolina","Sampson","soybeans",0
37163,"North Carolina","Sampson","sunflower",0
37163,"North Carolina","Sampson","wheat",0
37165,"North Carolina","Scotland","corn",451.361430399101
37165,"North Carolina","Scotland","cotton",385.241643639705
37165,"North Carolina","Scotland","grain sorghum",14.1499703050559
37165,"North Carolina","Scotland","oats",5.05691805221832
37165,"North Carolina","Scotland","peanuts",32.5089706330917
37165,"North Carolina","Scotland","soybeans",807.219319930925
37165,"North Carolina","Scotland","sunflower",1.77252868443631
37165,"North Carolina","Scotland","wheat",292.471885022139
37167,"North Carolina","Stanly","barley",21.7892356915698
37167,"North Carolina","Stanly","corn",2647.59805861486
37167,"North Carolina","Stanly","cotton",2233.39875109006
37167,"North Carolina","Stanly","dry peas",11.4994093474045
37167,"North Carolina","Stanly","grain sorghum",82.9886946246667
37167,"North Carolina","Stanly","oats",133.088450704509
37167,"North Carolina","Stanly","sesame",40.8935319486136
37167,"North Carolina","Stanly","soybeans",3941.00851230527
37167,"North Carolina","Stanly","sunflower",5.86954128459758
37167,"North Carolina","Stanly","wheat",2149.88478772177
37169,"North Carolina","Stokes","barley",2.27142953313065
37169,"North Carolina","Stokes","corn",544.890241979642
37169,"North Carolina","Stokes","dry peas",0.00896616920972625
37169,"North Carolina","Stokes","grain sorghum",1.1954892279635
37169,"North Carolina","Stokes","oats",27.0126768504493
37169,"North Carolina","Stokes","soybeans",793.22025313529
37169,"North Carolina","Stokes","sunflower",0.820404482689952
37169,"North Carolina","Stokes","wheat",114.897871954958
37171,"North Carolina","Surry","barley",102.672878975662
37171,"North Carolina","Surry","canola",5.47398757941439
37171,"North Carolina","Surry","corn",3705.38686204453
37171,"North Carolina","Surry","grain sorghum",9.75781886651108
37171,"North Carolina","Surry","oats",3.26751488810265
37171,"North Carolina","Surry","soybeans",4078.53368673394
37171,"North Carolina","Surry","wheat",804.475667578508
37173,"North Carolina","Swain","corn",0
37173,"North Carolina","Swain","sunflower",0
37175,"North Carolina","Transylvania","corn",370.268784367688
37175,"North Carolina","Transylvania","soybeans",33.3456314362413
37175,"North Carolina","Transylvania","sunflower",0.000784196070435555
37177,"North Carolina","Tyrrell","barley",0
37177,"North Carolina","Tyrrell","corn",0
37177,"North Carolina","Tyrrell","cotton",0
37177,"North Carolina","Tyrrell","grain sorghum",0
37177,"North Carolina","Tyrrell","oats",0
37177,"North Carolina","Tyrrell","peanuts",0
37177,"North Carolina","Tyrrell","rice_long grain",0
37177,"North Carolina","Tyrrell","rice_short/medium grain",0
37177,"North Carolina","Tyrrell","soybeans",0
37177,"North Carolina","Tyrrell","sunflower",0
37177,"North Carolina","Tyrrell","wheat",0
37179,"North Carolina","Union","barley",34.4830235133409
37179,"North Carolina","Union","corn",6775.54076866656
37179,"North Carolina","Union","cotton",458.587806292526
37179,"North Carolina","Union","dry peas",0.0116091948050516
37179,"North Carolina","Union","grain sorghum",371.032187808411
37179,"North Carolina","Union","oats",53.4361949520682
37179,"North Carolina","Union","soybeans",14341.6328759727
37179,"North Carolina","Union","wheat",11210.6808669329
37181,"North Carolina","Vance","corn",2.90606718666776
37181,"North Carolina","Vance","grain sorghum",5.81415420549733
37181,"North Carolina","Vance","oats",1.10166134620815
37181,"North Carolina","Vance","soybeans",79.5251460707404
37181,"North Carolina","Vance","sunflower",0.162708701923262
37181,"North Carolina","Vance","wheat",21.8512624889639
37183,"North Carolina","Wake","barley",0
37183,"North Carolina","Wake","canola",0
37183,"North Carolina","Wake","corn",0
37183,"North Carolina","Wake","cotton",0
37183,"North Carolina","Wake","grain sorghum",0
37183,"North Carolina","Wake","oats",0
37183,"North Carolina","Wake","peanuts",0
37183,"North Carolina","Wake","soybeans",0
37183,"North Carolina","Wake","sunflower",0
37183,"North Carolina","Wake","wheat",0
37185,"North Carolina","Warren","barley",16.4103423351793
37185,"North Carolina","Warren","corn",253.449780674747
37185,"North Carolina","Warren","cotton",70.3064545351738
37185,"North Carolina","Warren","grain sorghum",13.1954238906479
37185,"North Carolina","Warren","oats",90.3072559429484
37185,"North Carolina","Warren","rapeseed",9.89259944901567
37185,"North Carolina","Warren","soybeans",1446.97306719911
37185,"North Carolina","Warren","sunflower",1.42300478452893
37185,"North Carolina","Warren","wheat",504.281571188646
37187,"North Carolina","Washington","corn",0
37187,"North Carolina","Washington","cotton",0
37187,"North Carolina","Washington","grain sorghum",0
37187,"North Carolina","Washington","oats",0
37187,"North Carolina","Washington","peanuts",0
37187,"North Carolina","Washington","rice_short/medium grain",0
37187,"North Carolina","Washington","soybeans",0
37187,"North Carolina","Washington","sunflower",0
37187,"North Carolina","Washington","wheat",0
37189,"North Carolina","Watauga","corn",0
37189,"North Carolina","Watauga","sunflower",0
37191,"North Carolina","Wayne","barley",0
37191,"North Carolina","Wayne","corn",0
37191,"North Carolina","Wayne","cotton",0
37191,"North Carolina","Wayne","grain sorghum",0
37191,"North Carolina","Wayne","oats",0
37191,"North Carolina","Wayne","peanuts",0
37191,"North Carolina","Wayne","sesame",0
37191,"North Carolina","Wayne","soybeans",0
37191,"North Carolina","Wayne","sunflower",0
37191,"North Carolina","Wayne","wheat",0
37193,"North Carolina","Wilkes","barley",26.5593600344639
37193,"North Carolina","Wilkes","corn",2401.96963424806
37193,"North Carolina","Wilkes","oats",8.9758018216019
37193,"North Carolina","Wilkes","soybeans",490.976522927086
37193,"North Carolina","Wilkes","wheat",164.40168096879
37195,"North Carolina","Wilson","corn",409.953695475956
37195,"North Carolina","Wilson","cotton",371.033611054339
37195,"North Carolina","Wilson","grain sorghum",4.72357065323022
37195,"North Carolina","Wilson","oats",9.58534870442084
37195,"North Carolina","Wilson","peanuts",169.165280436599
37195,"North Carolina","Wilson","sesame",2.37576888870951
37195,"North Carolina","Wilson","soybeans",1764.45046240686
37195,"North Carolina","Wilson","sunflower",1.50869226103415
37195,"North Carolina","Wilson","wheat",392.31937011887
37197,"North Carolina","Yadkin","barley",291.474175671143
37197,"North Carolina","Yadkin","corn",3424.28404486608
37197,"North Carolina","Yadkin","grain sorghum",68.5047395796012
37197,"North Carolina","Yadkin","oats",24.280594954262
37197,"North Carolina","Yadkin","soybeans",5497.85412826627
37197,"North Carolina","Yadkin","sunflower",0.404243588153559
37197,"North Carolina","Yadkin","wheat",944.937573074479
37199,"North Carolina","Yancey","corn",0
38001,"North Dakota","Adams","barley",124.241852334916
38001,"North Dakota","Adams","canola",414.356086652369
38001,"North Dakota","Adams","corn",1029.98928810856
38001,"North Dakota","Adams","dry peas",70.9399777223148
38001,"North Dakota","Adams","grain sorghum",11.9158455362784
38001,"North Dakota","Adams","lentils",14.7220427681342
38001,"North Dakota","Adams","mustard",3.56797729839285
38001,"North Dakota","Adams","oats",55.0497128570181
38001,"North Dakota","Adams","safflower",15.55224828554
38001,"North Dakota","Adams","soybeans",238.186707497939
38001,"North Dakota","Adams","sunflower",702.187418495839
38001,"North Dakota","Adams","wheat",2826.61187577604
38003,"North Dakota","Barnes","barley",0
38003,"North Dakota","Barnes","canola",0
38003,"North Dakota","Barnes","corn",0
38003,"North Dakota","Barnes","dry peas",0
38003,"North Dakota","Barnes","flaxseed",0
38003,"North Dakota","Barnes","grain sorghum",0
38003,"North Dakota","Barnes","mustard",0
38003,"North Dakota","Barnes","oats",0
38003,"North Dakota","Barnes","soybeans",0
38003,"North Dakota","Barnes","sunflower",0
38003,"North Dakota","Barnes","wheat",0
38005,"North Dakota","Benson","barley",0
38005,"North Dakota","Benson","canola",0
38005,"North Dakota","Benson","corn",0
38005,"North Dakota","Benson","dry peas",0
38005,"North Dakota","Benson","oats",0
38005,"North Dakota","Benson","soybeans",0
38005,"North Dakota","Benson","sunflower",0
38005,"North Dakota","Benson","wheat",0
38007,"North Dakota","Billings","barley",0
38007,"North Dakota","Billings","canola",0
38007,"North Dakota","Billings","corn",0
38007,"North Dakota","Billings","dry peas",0
38007,"North Dakota","Billings","oats",0
38007,"North Dakota","Billings","soybeans",0
38007,"North Dakota","Billings","sunflower",0
38007,"North Dakota","Billings","wheat",0
38009,"North Dakota","Bottineau","barley",788.885412731282
38009,"North Dakota","Bottineau","canola",3583.88933091003
38009,"North Dakota","Bottineau","corn",1128.59475494673
38009,"North Dakota","Bottineau","dry peas",179.160673086562
38009,"North Dakota","Bottineau","grain sorghum",1.43638722252899
38009,"North Dakota","Bottineau","mustard",32.0445088008692
38009,"North Dakota","Bottineau","oats",539.122241868423
38009,"North Dakota","Bottineau","soybeans",5595.2031963591
38009,"North Dakota","Bottineau","sunflower",137.267932595385
38009,"North Dakota","Bottineau","wheat",8019.85356147918
38011,"North Dakota","Bowman","barley",0
38011,"North Dakota","Bowman","canola",0
38011,"North Dakota","Bowman","corn",0
38011,"North Dakota","Bowman","dry peas",0
38011,"North Dakota","Bowman","flaxseed",0
38011,"North Dakota","Bowman","grain sorghum",0
38011,"North Dakota","Bowman","lentils",0
38011,"North Dakota","Bowman","mustard",0
38011,"North Dakota","Bowman","oats",0
38011,"North Dakota","Bowman","safflower",0
38011,"North Dakota","Bowman","soybeans",0
38011,"North Dakota","Bowman","sunflower",0
38011,"North Dakota","Bowman","wheat",0
38013,"North Dakota","Burke","barley",14.1900444984327
38013,"North Dakota","Burke","canola",159.404553564509
38013,"North Dakota","Burke","corn",4.8392016666177
38013,"North Dakota","Burke","dry peas",23.9399131202945
38013,"North Dakota","Burke","lentils",1.73167318042509
38013,"North Dakota","Burke","mustard",0.82798723575862
38013,"North Dakota","Burke","oats",7.07273786428273
38013,"North Dakota","Burke","safflower",0.396643508997562
38013,"North Dakota","Burke","soybeans",43.1064075880106
38013,"North Dakota","Burke","sunflower",6.80968123654931
38013,"North Dakota","Burke","wheat",271.595489869558
38015,"North Dakota","Burleigh","barley",540.034257320977
38015,"North Dakota","Burleigh","canola",294.663350678678
38015,"North Dakota","Burleigh","corn",2638.98841514706
38015,"North Dakota","Burleigh","dry peas",276.213140368926
38015,"North Dakota","Burleigh","lentils",2.94252384006415
38015,"North Dakota","Burleigh","oats",266.117642212152
38015,"North Dakota","Burleigh","soybeans",3094.77329187803
38015,"North Dakota","Burleigh","sunflower",600.080613633033
38015,"North Dakota","Burleigh","wheat",2665.31159825445
38017,"North Dakota","Cass","barley",790.372360368845
38017,"North Dakota","Cass","canola",32.588287454152
38017,"North Dakota","Cass","corn",18352.181761081
38017,"North Dakota","Cass","dry peas",18.8887893495998
38017,"North Dakota","Cass","grain sorghum",0.507507533899728
38017,"North Dakota","Cass","lentils",0.151361896075357
38017,"North Dakota","Cass","oats",32.4552670584246
38017,"North Dakota","Cass","safflower",0.0267109228368278
38017,"North Dakota","Cass","soybeans",22397.6911502198
38017,"North Dakota","Cass","sunflower",1429.57916775247
38017,"North Dakota","Cass","wheat",4354.56080302943
38019,"North Dakota","Cavalier","barley",591.683676352395
38019,"North Dakota","Cavalier","canola",6864.7878691951
38019,"North Dakota","Cavalier","corn",200.41658224841
38019,"North Dakota","Cavalier","dry peas",400.488545304346
38019,"North Dakota","Cavalier","flaxseed",1.70859551139665
38019,"North Dakota","Cavalier","oats",9.87151379064348
38019,"North Dakota","Cavalier","soybeans",3404.65496511654
38019,"North Dakota","Cavalier","sunflower",305.126599820134
38019,"North Dakota","Cavalier","wheat",8215.59831932783
38021,"North Dakota","Dickey","barley",246.190697859775
38021,"North Dakota","Dickey","corn",28539.8320855767
38021,"North Dakota","Dickey","grain sorghum",4.56280868636218
38021,"North Dakota","Dickey","oats",364.002401921211
38021,"North Dakota","Dickey","soybeans",19683.8965762506
38021,"North Dakota","Dickey","sunflower",129.617180791136
38021,"North Dakota","Dickey","wheat",1306.81841558099
38023,"North Dakota","Divide","barley",1121.44211082239
38023,"North Dakota","Divide","canola",8311.14755279528
38023,"North Dakota","Divide","corn",297.534584707007
38023,"North Dakota","Divide","dry peas",3365.03379571895
38023,"North Dakota","Divide","flaxseed",28.2593715885333
38023,"North Dakota","Divide","lentils",2306.81058501039
38023,"North Dakota","Divide","mustard",246.682375177019
38023,"North Dakota","Divide","oats",307.242876193577
38023,"North Dakota","Divide","safflower",84.7704838818168
38023,"North Dakota","Divide","soybeans",3413.0101661264
38023,"North Dakota","Divide","sunflower",1075.48390836282
38023,"North Dakota","Divide","wheat",22908.6147562825
38025,"North Dakota","Dunn","barley",0
38025,"North Dakota","Dunn","canola",0
38025,"North Dakota","Dunn","corn",0
38025,"North Dakota","Dunn","crambe",0
38025,"North Dakota","Dunn","dry peas",0
38025,"North Dakota","Dunn","flaxseed",0
38025,"North Dakota","Dunn","lentils",0
38025,"North Dakota","Dunn","mustard",0
38025,"North Dakota","Dunn","oats",0
38025,"North Dakota","Dunn","safflower",0
38025,"North Dakota","Dunn","soybeans",0
38025,"North Dakota","Dunn","sunflower",0
38025,"North Dakota","Dunn","wheat",0
38027,"North Dakota","Eddy","barley",224.542102489937
38027,"North Dakota","Eddy","canola",31.8222045566842
38027,"North Dakota","Eddy","corn",1672.56692550398
38027,"North Dakota","Eddy","dry peas",40.6006108573722
38027,"North Dakota","Eddy","oats",132.167113315949
38027,"North Dakota","Eddy","soybeans",2952.58218925792
38027,"North Dakota","Eddy","sunflower",216.173387928831
38027,"North Dakota","Eddy","wheat",1243.026132756
38029,"North Dakota","Emmons","barley",717.262116990693
38029,"North Dakota","Emmons","canola",151.944709395946
38029,"North Dakota","Emmons","corn",8558.38291553025
38029,"North Dakota","Emmons","dry peas",67.1846344161347
38029,"North Dakota","Emmons","grain sorghum",2.54918078895247
38029,"North Dakota","Emmons","lentils",33.0244943270211
38029,"North Dakota","Emmons","oats",695.951437435625
38029,"North Dakota","Emmons","soybeans",7500.49486595227
38029,"North Dakota","Emmons","sunflower",4130.7363819246
38029,"North Dakota","Emmons","wheat",4180.56026323853
38031,"North Dakota","Foster","barley",570.165608506029
38031,"North Dakota","Foster","canola",72.9208418131034
38031,"North Dakota","Foster","corn",5174.68467555615
38031,"North Dakota","Foster","dry peas",13.2782671113659
38031,"North Dakota","Foster","flaxseed",15.4578838144811
38031,"North Dakota","Foster","oats",58.9682961882271
38031,"North Dakota","Foster","soybeans",7900.4355292897
38031,"North Dakota","Foster","sunflower",290.400651794711
38031,"North Dakota","Foster","wheat",2069.48791259289
38033,"North Dakota","Golden Valley","barley",0
38033,"North Dakota","Golden Valley","canola",0
38033,"North Dakota","Golden Valley","corn",0
38033,"North Dakota","Golden Valley","dry peas",0
38033,"North Dakota","Golden Valley","flaxseed",0
38033,"North Dakota","Golden Valley","lentils",0
38033,"North Dakota","Golden Valley","mustard",0
38033,"North Dakota","Golden Valley","oats",0
38033,"North Dakota","Golden Valley","safflower",0
38033,"North Dakota","Golden Valley","soybeans",0
38033,"North Dakota","Golden Valley","sunflower",0
38033,"North Dakota","Golden Valley","wheat",0
38035,"North Dakota","Grand Forks","barley",2718.59658078643
38035,"North Dakota","Grand Forks","canola",1175.01734854228
38035,"North Dakota","Grand Forks","corn",32180.496892584
38035,"North Dakota","Grand Forks","dry peas",25.3959567706347
38035,"North Dakota","Grand Forks","lentils",0.0106202577163374
38035,"North Dakota","Grand Forks","oats",132.889072250839
38035,"North Dakota","Grand Forks","peanuts",0.00442510738180725
38035,"North Dakota","Grand Forks","safflower",2.66391464384796
38035,"North Dakota","Grand Forks","soybeans",37928.3892337342
38035,"North Dakota","Grand Forks","sunflower",4966.9588158876
38035,"North Dakota","Grand Forks","wheat",29364.807039435
38037,"North Dakota","Grant","barley",0
38037,"North Dakota","Grant","canola",0
38037,"North Dakota","Grant","corn",0
38037,"North Dakota","Grant","dry peas",0
38037,"North Dakota","Grant","flaxseed",0
38037,"North Dakota","Grant","grain sorghum",0
38037,"North Dakota","Grant","mustard",0
38037,"North Dakota","Grant","oats",0
38037,"North Dakota","Grant","safflower",0
38037,"North Dakota","Grant","soybeans",0
38037,"North Dakota","Grant","sunflower",0
38037,"North Dakota","Grant","wheat",0
38039,"North Dakota","Griggs","barley",74.9910891173733
38039,"North Dakota","Griggs","canola",5.43844016708452
38039,"North Dakota","Griggs","corn",545.40443466672
38039,"North Dakota","Griggs","dry peas",6.82890989179763
38039,"North Dakota","Griggs","oats",11.8213423084884
38039,"North Dakota","Griggs","soybeans",1271.80611672507
38039,"North Dakota","Griggs","sunflower",14.212356151047
38039,"North Dakota","Griggs","wheat",615.225310972424
38041,"North Dakota","Hettinger","barley",435.698899671895
38041,"North Dakota","Hettinger","canola",6596.25493242587
38041,"North Dakota","Hettinger","corn",3165.82195426649
38041,"North Dakota","Hettinger","dry peas",606.817632089358
38041,"North Dakota","Hettinger","grain sorghum",9.34054181702487
38041,"North Dakota","Hettinger","lentils",17.2124658830874
38041,"North Dakota","Hettinger","mustard",57.096649067019
38041,"North Dakota","Hettinger","oats",199.126274582271
38041,"North Dakota","Hettinger","safflower",11.867937864689
38041,"North Dakota","Hettinger","soybeans",1118.13032868062
38041,"North Dakota","Hettinger","sunflower",2800.17157985128
38041,"North Dakota","Hettinger","wheat",22757.9641371338
38043,"North Dakota","Kidder","barley",381.5184282542
38043,"North Dakota","Kidder","canola",386.977736607404
38043,"North Dakota","Kidder","corn",2592.17830769704
38043,"North Dakota","Kidder","dry peas",45.0645993452207
38043,"North Dakota","Kidder","grain sorghum",6.76998390130077
38043,"North Dakota","Kidder","lentils",57.7844837264603
38043,"North Dakota","Kidder","mustard",5.20687886579047
38043,"North Dakota","Kidder","oats",734.734033332777
38043,"North Dakota","Kidder","soybeans",4859.08591263789
38043,"North Dakota","Kidder","sunflower",92.1454063248528
38043,"North Dakota","Kidder","wheat",2705.71122930707
38045,"North Dakota","LaMoure","barley",284.895685057362
38045,"North Dakota","LaMoure","canola",14.5149997036815
38045,"North Dakota","LaMoure","corn",24137.7660959833
38045,"North Dakota","LaMoure","dry peas",29.3789861519559
38045,"North Dakota","LaMoure","oats",169.336535241125
38045,"North Dakota","LaMoure","soybeans",27520.0470536281
38045,"North Dakota","LaMoure","sunflower",148.664744626168
38045,"North Dakota","LaMoure","wheat",2667.90556627495
38047,"North Dakota","Logan","barley",0
38047,"North Dakota","Logan","canola",0
38047,"North Dakota","Logan","corn",0
38047,"North Dakota","Logan","dry peas",0
38047,"North Dakota","Logan","lentils",0
38047,"North Dakota","Logan","oats",0
38047,"North Dakota","Logan","soybeans",0
38047,"North Dakota","Logan","sunflower",0
38047,"North Dakota","Logan","wheat",0
38049,"North Dakota","McHenry","barley",751.4213540274
38049,"North Dakota","McHenry","canola",2118.68697131646
38049,"North Dakota","McHenry","corn",2864.24484101495
38049,"North Dakota","McHenry","dry peas",93.2560851531856
38049,"North Dakota","McHenry","grain sorghum",0.921456003855571
38049,"North Dakota","McHenry","lentils",8.182166101074
38049,"North Dakota","McHenry","oats",739.44929544363
38049,"North Dakota","McHenry","soybeans",6140.60128618923
38049,"North Dakota","McHenry","sunflower",184.36787033236
38049,"North Dakota","McHenry","wheat",5237.2866744178
38051,"North Dakota","McIntosh","barley",68.3712278441603
38051,"North Dakota","McIntosh","canola",19.502515516292
38051,"North Dakota","McIntosh","corn",1112.77802372017
38051,"North Dakota","McIntosh","dry peas",4.25979330567106
38051,"North Dakota","McIntosh","flaxseed",2.32825963038034
38051,"North Dakota","McIntosh","lentils",7.67365610394124
38051,"North Dakota","McIntosh","oats",59.7335567391282
38051,"North Dakota","McIntosh","soybeans",1910.18397435176
38051,"North Dakota","McIntosh","sunflower",237.559501907661
38051,"North Dakota","McIntosh","wheat",893.033490880889
38053,"North Dakota","McKenzie","barley",0
38053,"North Dakota","McKenzie","canola",0
38053,"North Dakota","McKenzie","corn",0
38053,"North Dakota","McKenzie","dry peas",0
38053,"North Dakota","McKenzie","lentils",0
38053,"North Dakota","McKenzie","mustard",0
38053,"North Dakota","McKenzie","oats",0
38053,"North Dakota","McKenzie","safflower",0
38053,"North Dakota","McKenzie","soybeans",0
38053,"North Dakota","McKenzie","sunflower",0
38053,"North Dakota","McKenzie","wheat",0
38055,"North Dakota","McLean","barley",629.419556965038
38055,"North Dakota","McLean","canola",5300.73694001287
38055,"North Dakota","McLean","corn",4315.88287273585
38055,"North Dakota","McLean","dry peas",1418.51003097245
38055,"North Dakota","McLean","lentils",62.209608512713
38055,"North Dakota","McLean","mustard",53.8997911782054
38055,"North Dakota","McLean","oats",348.264312384536
38055,"North Dakota","McLean","safflower",5.39178382652732
38055,"North Dakota","McLean","soybeans",8224.60683985667
38055,"North Dakota","McLean","sunflower",855.661488123263
38055,"North Dakota","McLean","wheat",16122.5395487651
38057,"North Dakota","Mercer","barley",96.3730638517556
38057,"North Dakota","Mercer","canola",59.0771850417533
38057,"North Dakota","Mercer","corn",195.167139293714
38057,"North Dakota","Mercer","dry peas",17.8432136091177
38057,"North Dakota","Mercer","flaxseed",12.1740342701301
38057,"North Dakota","Mercer","grain sorghum",0.201357123422282
38057,"North Dakota","Mercer","oats",58.216946119224
38057,"North Dakota","Mercer","soybeans",150.439764796689
38057,"North Dakota","Mercer","sunflower",116.534720045711
38057,"North Dakota","Mercer","wheat",388.314575848459
38059,"North Dakota","Morton","barley",0
38059,"North Dakota","Morton","canola",0
38059,"North Dakota","Morton","corn",0
38059,"North Dakota","Morton","dry peas",0
38059,"North Dakota","Morton","grain sorghum",0
38059,"North Dakota","Morton","mustard",0
38059,"North Dakota","Morton","oats",0
38059,"North Dakota","Morton","safflower",0
38059,"North Dakota","Morton","soybeans",0
38059,"North Dakota","Morton","sunflower",0
38059,"North Dakota","Morton","wheat",0
38061,"North Dakota","Mountrail","barley",0
38061,"North Dakota","Mountrail","canola",0
38061,"North Dakota","Mountrail","corn",0
38061,"North Dakota","Mountrail","dry peas",0
38061,"North Dakota","Mountrail","lentils",0
38061,"North Dakota","Mountrail","mustard",0
38061,"North Dakota","Mountrail","oats",0
38061,"North Dakota","Mountrail","safflower",0
38061,"North Dakota","Mountrail","soybeans",0
38061,"North Dakota","Mountrail","sunflower",0
38061,"North Dakota","Mountrail","wheat",0
38063,"North Dakota","Nelson","barley",0
38063,"North Dakota","Nelson","canola",0
38063,"North Dakota","Nelson","corn",0
38063,"North Dakota","Nelson","dry peas",0
38063,"North Dakota","Nelson","mustard",0
38063,"North Dakota","Nelson","oats",0
38063,"North Dakota","Nelson","soybeans",0
38063,"North Dakota","Nelson","sunflower",0
38063,"North Dakota","Nelson","wheat",0
38065,"North Dakota","Oliver","barley",0
38065,"North Dakota","Oliver","canola",0
38065,"North Dakota","Oliver","corn",0
38065,"North Dakota","Oliver","dry peas",0
38065,"North Dakota","Oliver","flaxseed",0
38065,"North Dakota","Oliver","oats",0
38065,"North Dakota","Oliver","soybeans",0
38065,"North Dakota","Oliver","sunflower",0
38065,"North Dakota","Oliver","wheat",0
38067,"North Dakota","Pembina","barley",1497.88325513839
38067,"North Dakota","Pembina","canola",7431.03601190108
38067,"North Dakota","Pembina","corn",6969.26104192354
38067,"North Dakota","Pembina","dry peas",332.373487335479
38067,"North Dakota","Pembina","mustard",76.1787731812422
38067,"North Dakota","Pembina","oats",219.178790139102
38067,"North Dakota","Pembina","soybeans",23427.4873238964
38067,"North Dakota","Pembina","sunflower",1623.00997414298
38067,"North Dakota","Pembina","wheat",43184.9954756751
38069,"North Dakota","Pierce","barley",45.7939782075701
38069,"North Dakota","Pierce","canola",75.2459460607182
38069,"North Dakota","Pierce","corn",80.0729777839476
38069,"North Dakota","Pierce","dry peas",5.92513869798456
38069,"North Dakota","Pierce","oats",22.2095491935352
38069,"North Dakota","Pierce","soybeans",320.848895705654
38069,"North Dakota","Pierce","sunflower",10.4492404376028
38069,"North Dakota","Pierce","wheat",343.189273912974
38071,"North Dakota","Ramsey","barley",0
38071,"North Dakota","Ramsey","canola",0
38071,"North Dakota","Ramsey","corn",0
38071,"North Dakota","Ramsey","dry peas",0
38071,"North Dakota","Ramsey","flaxseed",0
38071,"North Dakota","Ramsey","mustard",0
38071,"North Dakota","Ramsey","oats",0
38071,"North Dakota","Ramsey","safflower",0
38071,"North Dakota","Ramsey","soybeans",0
38071,"North Dakota","Ramsey","sunflower",0
38071,"North Dakota","Ramsey","wheat",0
38073,"North Dakota","Ransom","barley",68.0173774695172
38073,"North Dakota","Ransom","canola",46.309840877832
38073,"North Dakota","Ransom","corn",7702.05018684402
38073,"North Dakota","Ransom","dry peas",2.17812949983145
38073,"North Dakota","Ransom","flaxseed",5.33163727509158
38073,"North Dakota","Ransom","grain sorghum",5.9137637001355
38073,"North Dakota","Ransom","oats",94.0058988345762
38073,"North Dakota","Ransom","soybeans",6895.79428794312
38073,"North Dakota","Ransom","sunflower",71.0917697936684
38073,"North Dakota","Ransom","wheat",1262.42277442886
38075,"North Dakota","Renville","barley",824.515156361066
38075,"North Dakota","Renville","canola",3351.8400411927
38075,"North Dakota","Renville","corn",549.824427563363
38075,"North Dakota","Renville","dry peas",364.64464311061
38075,"North Dakota","Renville","mustard",14.9488493998352
38075,"North Dakota","Renville","oats",157.815745388061
38075,"North Dakota","Renville","soybeans",3363.791879015
38075,"North Dakota","Renville","sunflower",411.125595729789
38075,"North Dakota","Renville","wheat",6088.49466223968
38077,"North Dakota","Richland","barley",77.6047805159003
38077,"North Dakota","Richland","canola",74.0456003074295
38077,"North Dakota","Richland","corn",22056.5390877579
38077,"North Dakota","Richland","oats",63.7919849655788
38077,"North Dakota","Richland","soybeans",21957.1957771356
38077,"North Dakota","Richland","sunflower",479.975641662119
38077,"North Dakota","Richland","wheat",3473.10259432204
38079,"North Dakota","Rolette","barley",0
38079,"North Dakota","Rolette","canola",0
38079,"North Dakota","Rolette","corn",0
38079,"North Dakota","Rolette","dry peas",0
38079,"North Dakota","Rolette","oats",0
38079,"North Dakota","Rolette","soybeans",0
38079,"North Dakota","Rolette","sunflower",0
38079,"North Dakota","Rolette","wheat",0
38081,"North Dakota","Sargent","barley",25.066929889166
38081,"North Dakota","Sargent","corn",16433.7093014612
38081,"North Dakota","Sargent","dry peas",24.1368044942213
38081,"North Dakota","Sargent","oats",10.4697176649202
38081,"North Dakota","Sargent","soybeans",13667.8043690331
38081,"North Dakota","Sargent","sunflower",38.6577686540607
38081,"North Dakota","Sargent","wheat",842.133108803382
38083,"North Dakota","Sheridan","barley",603.33338747026
38083,"North Dakota","Sheridan","canola",1248.87656831589
38083,"North Dakota","Sheridan","corn",1450.46257266609
38083,"North Dakota","Sheridan","dry peas",16.6156826653002
38083,"North Dakota","Sheridan","lentils",49.2685146437162
38083,"North Dakota","Sheridan","oats",146.515363358136
38083,"North Dakota","Sheridan","soybeans",4779.57499687069
38083,"North Dakota","Sheridan","sunflower",456.82764926878
38083,"North Dakota","Sheridan","wheat",5076.52326474116
38085,"North Dakota","Sioux","barley",0
38085,"North Dakota","Sioux","canola",0
38085,"North Dakota","Sioux","corn",0
38085,"North Dakota","Sioux","grain sorghum",0
38085,"North Dakota","Sioux","oats",0
38085,"North Dakota","Sioux","soybeans",0
38085,"North Dakota","Sioux","sunflower",0
38085,"North Dakota","Sioux","wheat",0
38087,"North Dakota","Slope","barley",214.464127796704
38087,"North Dakota","Slope","canola",537.616419861455
38087,"North Dakota","Slope","corn",504.661050980801
38087,"North Dakota","Slope","dry peas",197.783479177595
38087,"North Dakota","Slope","lentils",39.1828543741547
38087,"North Dakota","Slope","mustard",12.7010066431623
38087,"North Dakota","Slope","oats",94.6203154425882
38087,"North Dakota","Slope","soybeans",68.9892648347292
38087,"North Dakota","Slope","sunflower",515.679967442925
38087,"North Dakota","Slope","wheat",3972.00051344588
38089,"North Dakota","Stark","barley",84.6909803967408
38089,"North Dakota","Stark","canola",227.36482754128
38089,"North Dakota","Stark","corn",353.079875061081
38089,"North Dakota","Stark","crambe",2.61353287680803
38089,"North Dakota","Stark","dry peas",45.0255747384473
38089,"North Dakota","Stark","flaxseed",17.8243486336923
38089,"North Dakota","Stark","lentils",2.94124474631343
38089,"North Dakota","Stark","mustard",2.89314991383111
38089,"North Dakota","Stark","oats",97.7077239380688
38089,"North Dakota","Stark","safflower",4.40645206260124
38089,"North Dakota","Stark","soybeans",36.1738612429461
38089,"North Dakota","Stark","sunflower",224.815590785414
38089,"North Dakota","Stark","wheat",2207.46883806277
38091,"North Dakota","Steele","barley",1376.51612967004
38091,"North Dakota","Steele","canola",84.7485541207862
38091,"North Dakota","Steele","corn",15031.7413547112
38091,"North Dakota","Steele","dry peas",171.210681669522
38091,"North Dakota","Steele","oats",19.8432794304143
38091,"North Dakota","Steele","soybeans",22042.3481268204
38091,"North Dakota","Steele","sunflower",344.423302280052
38091,"North Dakota","Steele","wheat",6848.6462379642
38093,"North Dakota","Stutsman","barley",451.173466369386
38093,"North Dakota","Stutsman","canola",59.5054511396473
38093,"North Dakota","Stutsman","chickpeas_large",13.353875755442
38093,"North Dakota","Stutsman","corn",9822.57205146757
38093,"North Dakota","Stutsman","dry peas",34.0897900258433
38093,"North Dakota","Stutsman","oats",250.502346664086
38093,"North Dakota","Stutsman","soybeans",17673.3937255916
38093,"North Dakota","Stutsman","sunflower",443.734785059709
38093,"North Dakota","Stutsman","wheat",3717.99600792667
38095,"North Dakota","Towner","barley",28.1349359759946
38095,"North Dakota","Towner","canola",130.224986651715
38095,"North Dakota","Towner","corn",32.7349641663228
38095,"North Dakota","Towner","dry peas",1.83335371770387
38095,"North Dakota","Towner","grain sorghum",0.0047820031374436
38095,"North Dakota","Towner","oats",1.0233423585375
38095,"North Dakota","Towner","soybeans",210.504267358113
38095,"North Dakota","Towner","sunflower",6.475911749797
38095,"North Dakota","Towner","wheat",320.575456018725
38097,"North Dakota","Traill","barley",2661.78820806367
38097,"North Dakota","Traill","canola",62.7917124896383
38097,"North Dakota","Traill","corn",20932.981331516
38097,"North Dakota","Traill","dry peas",45.6177633188448
38097,"North Dakota","Traill","oats",249.088959360524
38097,"North Dakota","Traill","soybeans",26451.4987078564
38097,"North Dakota","Traill","sunflower",1496.36635392535
38097,"North Dakota","Traill","wheat",11954.5391968028
38099,"North Dakota","Walsh","barley",1966.80114307975
38099,"North Dakota","Walsh","canola",5641.16316109554
38099,"North Dakota","Walsh","corn",7896.1964950635
38099,"North Dakota","Walsh","dry peas",64.1766662787994
38099,"North Dakota","Walsh","mustard",87.5071699696932
38099,"North Dakota","Walsh","oats",529.467611260397
38099,"North Dakota","Walsh","soybeans",13741.2668987384
38099,"North Dakota","Walsh","sunflower",2397.1132361436
38099,"North Dakota","Walsh","wheat",29302.6076517036
38101,"North Dakota","Ward","barley",447.521676206473
38101,"North Dakota","Ward","canola",3932.23386599556
38101,"North Dakota","Ward","corn",1134.25023418111
38101,"North Dakota","Ward","dry peas",486.444955597201
38101,"North Dakota","Ward","flaxseed",9.29245340612607
38101,"North Dakota","Ward","lentils",22.4087651888273
38101,"North Dakota","Ward","mustard",28.7951842810628
38101,"North Dakota","Ward","oats",182.657175019408
38101,"North Dakota","Ward","safflower",1.66144186075609
38101,"North Dakota","Ward","soybeans",4783.66485982519
38101,"North Dakota","Ward","sunflower",443.083447498109
38101,"North Dakota","Ward","wheat",9238.79277427374
38103,"North Dakota","Wells","barley",1891.56774243545
38103,"North Dakota","Wells","canola",582.417096876334
38103,"North Dakota","Wells","corn",12498.8978639601
38103,"North Dakota","Wells","dry peas",72.6365862933072
38103,"North Dakota","Wells","grain sorghum",0.99709652860544
38103,"North Dakota","Wells","mustard",5.05260476288707
38103,"North Dakota","Wells","oats",254.321510611785
38103,"North Dakota","Wells","safflower",23.2396249493465
38103,"North Dakota","Wells","soybeans",21945.8398379798
38103,"North Dakota","Wells","sunflower",1193.76311007664
38103,"North Dakota","Wells","wheat",15379.1369255256
38105,"North Dakota","Williams","barley",2903.21616246116
38105,"North Dakota","Williams","canola",18331.9215193473
38105,"North Dakota","Williams","corn",1574.35467137113
38105,"North Dakota","Williams","dry peas",11392.9323151729
38105,"North Dakota","Williams","lentils",9244.22840776413
38105,"North Dakota","Williams","mustard",493.603153013824
38105,"North Dakota","Williams","oats",907.492963051542
38105,"North Dakota","Williams","safflower",318.998082574128
38105,"North Dakota","Williams","soybeans",5676.62826601097
38105,"North Dakota","Williams","sunflower",1328.24947084305
38105,"North Dakota","Williams","wheat",64317.1339883899
39001,"Ohio","Adams","corn",0
39001,"Ohio","Adams","oats",0
39001,"Ohio","Adams","soybeans",0
39001,"Ohio","Adams","sunflower",0
39001,"Ohio","Adams","wheat",0
39003,"Ohio","Allen","barley",1.04959336138627
39003,"Ohio","Allen","corn",2421.1359506026
39003,"Ohio","Allen","dry peas",0.123010142682223
39003,"Ohio","Allen","grain sorghum",4.410845510178
39003,"Ohio","Allen","oats",2.29780461477004
39003,"Ohio","Allen","soybeans",3264.84663976882
39003,"Ohio","Allen","sunflower",0.146866655202411
39003,"Ohio","Allen","wheat",353.706122677723
39005,"Ohio","Ashland","barley",3.57167247490691
39005,"Ohio","Ashland","corn",2865.40963248472
39005,"Ohio","Ashland","oats",32.9533497016095
39005,"Ohio","Ashland","soybeans",2894.84258612513
39005,"Ohio","Ashland","sunflower",2.06030870265057
39005,"Ohio","Ashland","wheat",386.275450510963
39007,"Ohio","Ashtabula","corn",2935.68724412288
39007,"Ohio","Ashtabula","oats",59.3932784156897
39007,"Ohio","Ashtabula","soybeans",4867.64719219874
39007,"Ohio","Ashtabula","wheat",412.271451929354
39009,"Ohio","Athens","barley",0
39009,"Ohio","Athens","corn",0
39009,"Ohio","Athens","oats",0
39009,"Ohio","Athens","soybeans",0
39009,"Ohio","Athens","wheat",0
39011,"Ohio","Auglaize","barley",6.85842680651046
39011,"Ohio","Auglaize","corn",5166.60737911504
39011,"Ohio","Auglaize","grain sorghum",0.0938155096161729
39011,"Ohio","Auglaize","oats",9.62253955194384
39011,"Ohio","Auglaize","soybeans",7248.55992252991
39011,"Ohio","Auglaize","sunflower",3.09078128165157
39011,"Ohio","Auglaize","wheat",824.811301872015
39013,"Ohio","Belmont","barley",0
39013,"Ohio","Belmont","corn",0
39013,"Ohio","Belmont","grain sorghum",0
39013,"Ohio","Belmont","oats",0
39013,"Ohio","Belmont","soybeans",0
39013,"Ohio","Belmont","wheat",0
39015,"Ohio","Brown","barley",0.291404263974812
39015,"Ohio","Brown","corn",1536.14733958607
39015,"Ohio","Brown","oats",2.70248314410241
39015,"Ohio","Brown","soybeans",6241.8662415469
39015,"Ohio","Brown","sunflower",0.15954383452621
39015,"Ohio","Brown","wheat",139.212267624423
39017,"Ohio","Butler","barley",1.28373008784128
39017,"Ohio","Butler","corn",715.452371148405
39017,"Ohio","Butler","grain sorghum",0.097744548126213
39017,"Ohio","Butler","oats",0.638092930373236
39017,"Ohio","Butler","soybeans",1048.28918785818
39017,"Ohio","Butler","sunflower",0.178074046480643
39017,"Ohio","Butler","wheat",71.0462993805884
39019,"Ohio","Carroll","barley",5.23651896185759
39019,"Ohio","Carroll","corn",951.50559310834
39019,"Ohio","Carroll","grain sorghum",0.701837306720378
39019,"Ohio","Carroll","oats",35.5860105142779
39019,"Ohio","Carroll","soybeans",885.078309946943
39019,"Ohio","Carroll","wheat",74.7325968285319
39021,"Ohio","Champaign","barley",35.6990120306545
39021,"Ohio","Champaign","corn",5083.86180993014
39021,"Ohio","Champaign","oats",1.26794940070066
39021,"Ohio","Champaign","soybeans",5280.12355669437
39021,"Ohio","Champaign","wheat",216.428171944163
39023,"Ohio","Clark","barley",0.79221944199943
39023,"Ohio","Clark","corn",2057.79998634619
39023,"Ohio","Clark","dry peas",0.0067145578288061
39023,"Ohio","Clark","soybeans",2249.23099703655
39023,"Ohio","Clark","wheat",132.040082617427
39025,"Ohio","Clermont","corn",984.751811311342
39025,"Ohio","Clermont","dry peas",0.000737839668848532
39025,"Ohio","Clermont","oats",0.420414894645986
39025,"Ohio","Clermont","soybeans",2418.30517690172
39025,"Ohio","Clermont","wheat",53.5651923859532
39027,"Ohio","Clinton","barley",2.50482985479403
39027,"Ohio","Clinton","corn",1941.52953681517
39027,"Ohio","Clinton","oats",3.87186321825998
39027,"Ohio","Clinton","soybeans",2954.39270913204
39027,"Ohio","Clinton","wheat",146.709060979764
39029,"Ohio","Columbiana","barley",32.3775626905075
39029,"Ohio","Columbiana","corn",5126.86978574945
39029,"Ohio","Columbiana","grain sorghum",5.94023527537913
39029,"Ohio","Columbiana","oats",245.102764806432
39029,"Ohio","Columbiana","soybeans",4841.45652554262
39029,"Ohio","Columbiana","sunflower",11.9954744709684
39029,"Ohio","Columbiana","wheat",939.72191813131
39031,"Ohio","Coshocton","barley",0.177624230963319
39031,"Ohio","Coshocton","corn",868.135511861706
39031,"Ohio","Coshocton","oats",6.84841024520572
39031,"Ohio","Coshocton","soybeans",671.981736324498
39031,"Ohio","Coshocton","sunflower",0.113450857599667
39031,"Ohio","Coshocton","wheat",42.5934331466907
39033,"Ohio","Crawford","barley",4.72772159274527
39033,"Ohio","Crawford","corn",704.718382532874
39033,"Ohio","Crawford","oats",0.740940690853407
39033,"Ohio","Crawford","soybeans",848.045908952575
39033,"Ohio","Crawford","sunflower",0.0122101558952073
39033,"Ohio","Crawford","wheat",95.9855027417269
39035,"Ohio","Cuyahoga","barley",4.14844288003313
39035,"Ohio","Cuyahoga","corn",14.7303267601392
39035,"Ohio","Cuyahoga","oats",2.16157914891214
39035,"Ohio","Cuyahoga","soybeans",30.1818787649203
39035,"Ohio","Cuyahoga","wheat",8.18227244599526
39037,"Ohio","Darke","barley",3.50232322124667
39037,"Ohio","Darke","canola",0.775436610793757
39037,"Ohio","Darke","corn",3390.67198738861
39037,"Ohio","Darke","dry peas",0.78591194494835
39037,"Ohio","Darke","grain sorghum",0.261883353864828
39037,"Ohio","Darke","oats",4.6298358129763
39037,"Ohio","Darke","soybeans",3816.01589131132
39037,"Ohio","Darke","sunflower",1.7115124708482
39037,"Ohio","Darke","wheat",314.587284552118
39039,"Ohio","Defiance","barley",6.22538258551065
39039,"Ohio","Defiance","corn",3017.95520171102
39039,"Ohio","Defiance","oats",4.06736028072873
39039,"Ohio","Defiance","soybeans",6076.60992312623
39039,"Ohio","Defiance","sunflower",0.0283368651817574
39039,"Ohio","Defiance","wheat",713.496762097988
39041,"Ohio","Delaware","barley",0.705902706154418
39041,"Ohio","Delaware","corn",194.835623095801
39041,"Ohio","Delaware","oats",0.30970936092218
39041,"Ohio","Delaware","soybeans",400.598352006208
39041,"Ohio","Delaware","sunflower",0.0259345130974365
39041,"Ohio","Delaware","wheat",28.4533116511409
39094,"Ohio","East Lucas","barley",11.0169834646169
39094,"Ohio","East Lucas","corn",3399.3283066777
39094,"Ohio","East Lucas","dry peas",0.000100154395132881
39094,"Ohio","East Lucas","soybeans",11312.4509487863
39094,"Ohio","East Lucas","wheat",1011.99406091697
39043,"Ohio","Erie","barley",8.70177241165297
39043,"Ohio","Erie","corn",719.019623337745
39043,"Ohio","Erie","grain sorghum",1.17229599474139
39043,"Ohio","Erie","oats",7.97994878512521
39043,"Ohio","Erie","soybeans",991.51010913401
39043,"Ohio","Erie","sunflower",0.12917387733138
39043,"Ohio","Erie","wheat",185.588243126069
39045,"Ohio","Fairfield","barley",5.17595785622942
39045,"Ohio","Fairfield","corn",1628.41007764776
39045,"Ohio","Fairfield","grain sorghum",1.36385137345657
39045,"Ohio","Fairfield","oats",2.48342255395213
39045,"Ohio","Fairfield","soybeans",1927.83222839958
39045,"Ohio","Fairfield","wheat",157.615478835676
39047,"Ohio","Fayette","barley",9.75456551941143
39047,"Ohio","Fayette","corn",3977.51187556428
39047,"Ohio","Fayette","oats",2.01013630743121
39047,"Ohio","Fayette","soybeans",5140.56728723837
39047,"Ohio","Fayette","wheat",357.285468703851
39049,"Ohio","Franklin","barley",0
39049,"Ohio","Franklin","corn",0
39049,"Ohio","Franklin","oats",0
39049,"Ohio","Franklin","soybeans",0
39049,"Ohio","Franklin","wheat",0
39051,"Ohio","Fulton","barley",0
39051,"Ohio","Fulton","corn",0
39051,"Ohio","Fulton","grain sorghum",0
39051,"Ohio","Fulton","oats",0
39051,"Ohio","Fulton","safflower",0
39051,"Ohio","Fulton","soybeans",0
39051,"Ohio","Fulton","sunflower",0
39051,"Ohio","Fulton","wheat",0
39053,"Ohio","Gallia","barley",3.12293489489745
39053,"Ohio","Gallia","corn",772.512298217133
39053,"Ohio","Gallia","oats",1.8885004526666
39053,"Ohio","Gallia","soybeans",1011.54947331834
39053,"Ohio","Gallia","sunflower",0.163516502608937
39053,"Ohio","Gallia","wheat",49.9807766143544
39055,"Ohio","Geauga","barley",2.25959701607247
39055,"Ohio","Geauga","corn",289.761191450854
39055,"Ohio","Geauga","oats",5.84625001319074
39055,"Ohio","Geauga","soybeans",413.383941176258
39055,"Ohio","Geauga","sunflower",0.454920943460003
39055,"Ohio","Geauga","wheat",66.9380994001643
39057,"Ohio","Greene","barley",0.0557616554769906
39057,"Ohio","Greene","corn",62.8611235797486
39057,"Ohio","Greene","oats",0.0154187436881187
39057,"Ohio","Greene","soybeans",71.1561198954163
39057,"Ohio","Greene","sunflower",0.0140533236067458
39057,"Ohio","Greene","wheat",4.0891894687435
39059,"Ohio","Guernsey","barley",0
39059,"Ohio","Guernsey","corn",0
39059,"Ohio","Guernsey","oats",0
39059,"Ohio","Guernsey","soybeans",0
39059,"Ohio","Guernsey","wheat",0
39061,"Ohio","Hamilton","corn",0
39061,"Ohio","Hamilton","soybeans",0
39061,"Ohio","Hamilton","sunflower",0
39061,"Ohio","Hamilton","wheat",0
39063,"Ohio","Hancock","barley",2.92112027663754
39063,"Ohio","Hancock","corn",2123.31593681421
39063,"Ohio","Hancock","grain sorghum",0.0272767366062595
39063,"Ohio","Hancock","oats",3.03475516133922
39063,"Ohio","Hancock","soybeans",3584.65609705902
39063,"Ohio","Hancock","sunflower",7.6133917990838
39063,"Ohio","Hancock","wheat",554.991522153107
39065,"Ohio","Hardin","barley",3.46697089781687
39065,"Ohio","Hardin","corn",2902.56370406404
39065,"Ohio","Hardin","grain sorghum",5.22648666755049
39065,"Ohio","Hardin","oats",6.39485468833184
39065,"Ohio","Hardin","soybeans",4023.27772356499
39065,"Ohio","Hardin","sunflower",0.181012563251701
39065,"Ohio","Hardin","wheat",359.726914220676
39067,"Ohio","Harrison","barley",0
39067,"Ohio","Harrison","corn",0
39067,"Ohio","Harrison","oats",0
39067,"Ohio","Harrison","soybeans",0
39067,"Ohio","Harrison","wheat",0
39069,"Ohio","Henry","barley",8.2065721811746
39069,"Ohio","Henry","canola",1.5786102413713
39069,"Ohio","Henry","corn",3672.76756631016
39069,"Ohio","Henry","grain sorghum",0.929293424298611
39069,"Ohio","Henry","oats",3.08572960064592
39069,"Ohio","Henry","soybeans",4768.89437665404
39069,"Ohio","Henry","sunflower",3.02638864678735
39069,"Ohio","Henry","wheat",952.195862941524
39071,"Ohio","Highland","corn",92.7351055330299
39071,"Ohio","Highland","oats",0.114751274658743
39071,"Ohio","Highland","soybeans",242.618676174206
39071,"Ohio","Highland","sunflower",0.00222869939905887
39071,"Ohio","Highland","wheat",11.7258383186733
39073,"Ohio","Hocking","barley",0
39073,"Ohio","Hocking","corn",0
39073,"Ohio","Hocking","oats",0
39073,"Ohio","Hocking","soybeans",0
39073,"Ohio","Hocking","wheat",0
39075,"Ohio","Holmes","barley",2.29987871540609
39075,"Ohio","Holmes","corn",4056.91240259234
39075,"Ohio","Holmes","oats",35.681066595346
39075,"Ohio","Holmes","soybeans",2903.06335735216
39075,"Ohio","Holmes","sunflower",0.234345312729687
39075,"Ohio","Holmes","wheat",247.949616098676
39077,"Ohio","Huron","barley",3.26469841396635
39077,"Ohio","Huron","corn",2600.43815572598
39077,"Ohio","Huron","dry peas",0.127871763918185
39077,"Ohio","Huron","oats",1.41152789880998
39077,"Ohio","Huron","soybeans",5016.18975591986
39077,"Ohio","Huron","sunflower",0.229287300818814
39077,"Ohio","Huron","wheat",702.587702976685
39079,"Ohio","Jackson","corn",0
39079,"Ohio","Jackson","oats",0
39079,"Ohio","Jackson","soybeans",0
39079,"Ohio","Jackson","wheat",0
39081,"Ohio","Jefferson","barley",0
39081,"Ohio","Jefferson","corn",0
39081,"Ohio","Jefferson","dry peas",0
39081,"Ohio","Jefferson","grain sorghum",0
39081,"Ohio","Jefferson","oats",0
39081,"Ohio","Jefferson","soybeans",0
39081,"Ohio","Jefferson","sunflower",0
39081,"Ohio","Jefferson","wheat",0
39083,"Ohio","Knox","barley",25.1858920791096
39083,"Ohio","Knox","corn",5737.23186989819
39083,"Ohio","Knox","oats",28.1468198105908
39083,"Ohio","Knox","soybeans",6071.67286575645
39083,"Ohio","Knox","sunflower",0.783969278454076
39083,"Ohio","Knox","wheat",414.570583177195
39085,"Ohio","Lake","barley",1.36943383514889
39085,"Ohio","Lake","corn",61.1678163976777
39085,"Ohio","Lake","oats",4.20450423236587
39085,"Ohio","Lake","soybeans",197.320351872768
39085,"Ohio","Lake","wheat",12.3813936620399
39087,"Ohio","Lawrence","corn",0
39087,"Ohio","Lawrence","oats",0
39087,"Ohio","Lawrence","soybeans",0
39087,"Ohio","Lawrence","wheat",0
39089,"Ohio","Licking","barley",20.1111998924076
39089,"Ohio","Licking","corn",3254.33985140308
39089,"Ohio","Licking","grain sorghum",2.10651261665603
39089,"Ohio","Licking","oats",8.58855798199571
39089,"Ohio","Licking","soybeans",4143.07046090116
39089,"Ohio","Licking","sunflower",0.543332304055361
39089,"Ohio","Licking","wheat",264.567484900637
39091,"Ohio","Logan","barley",8.48798150454241
39091,"Ohio","Logan","canola",1.72517764569891
39091,"Ohio","Logan","corn",3912.9679113788
39091,"Ohio","Logan","grain sorghum",0.754026242029772
39091,"Ohio","Logan","oats",25.9527985904271
39091,"Ohio","Logan","soybeans",4977.09306167583
39091,"Ohio","Logan","sunflower",0.986737120717506
39091,"Ohio","Logan","wheat",332.636822508544
39093,"Ohio","Lorain","barley",1.78308396637038
39093,"Ohio","Lorain","corn",573.231267613418
39093,"Ohio","Lorain","oats",1.11536647711375
39093,"Ohio","Lorain","soybeans",1458.06826523092
39093,"Ohio","Lorain","sunflower",1.22165698308614
39093,"Ohio","Lorain","wheat",114.818193062423
39097,"Ohio","Madison","barley",0.702721960862241
39097,"Ohio","Madison","corn",1058.93467008047
39097,"Ohio","Madison","oats",0.233310114198735
39097,"Ohio","Madison","soybeans",1498.35495612812
39097,"Ohio","Madison","sunflower",0.0787767499630681
39097,"Ohio","Madison","wheat",92.8666649664193
39099,"Ohio","Mahoning","barley",6.52621157687998
39099,"Ohio","Mahoning","corn",1501.20980221509
39099,"Ohio","Mahoning","grain sorghum",0.945841486334411
39099,"Ohio","Mahoning","oats",43.2074403424023
39099,"Ohio","Mahoning","soybeans",1731.74316558505
39099,"Ohio","Mahoning","sunflower",4.24729219989606
39099,"Ohio","Mahoning","wheat",262.217746594341
39101,"Ohio","Marion","barley",0
39101,"Ohio","Marion","corn",0
39101,"Ohio","Marion","grain sorghum",0
39101,"Ohio","Marion","oats",0
39101,"Ohio","Marion","soybeans",0
39101,"Ohio","Marion","sunflower",0
39101,"Ohio","Marion","wheat",0
39103,"Ohio","Medina","barley",2.26035513691031
39103,"Ohio","Medina","corn",243.834304122336
39103,"Ohio","Medina","oats",1.32815663716097
39103,"Ohio","Medina","soybeans",433.341114630151
39103,"Ohio","Medina","wheat",53.7475694734425
39105,"Ohio","Meigs","corn",0
39105,"Ohio","Meigs","oats",0
39105,"Ohio","Meigs","soybeans",0
39105,"Ohio","Meigs","sunflower",0
39105,"Ohio","Meigs","wheat",0
39107,"Ohio","Mercer","barley",10.3369870676447
39107,"Ohio","Mercer","corn",5502.52105136861
39107,"Ohio","Mercer","cotton",0.0461751922385352
39107,"Ohio","Mercer","grain sorghum",1.09082685320497
39107,"Ohio","Mercer","oats",20.7165744739353
39107,"Ohio","Mercer","safflower",0.169805545651387
39107,"Ohio","Mercer","soybeans",5660.08720494132
39107,"Ohio","Mercer","sunflower",4.20333271454829
39107,"Ohio","Mercer","wheat",631.528968509487
39109,"Ohio","Miami","barley",0.408019493259412
39109,"Ohio","Miami","corn",365.082073553911
39109,"Ohio","Miami","oats",0.173479205439149
39109,"Ohio","Miami","soybeans",423.943676935284
39109,"Ohio","Miami","sunflower",0.00762831085837716
39109,"Ohio","Miami","wheat",18.6607891679314
39111,"Ohio","Monroe","barley",0
39111,"Ohio","Monroe","corn",0
39111,"Ohio","Monroe","oats",0
39111,"Ohio","Monroe","soybeans",0
39111,"Ohio","Monroe","wheat",0
39113,"Ohio","Montgomery","barley",0.708019401587808
39113,"Ohio","Montgomery","corn",366.56546774485
39113,"Ohio","Montgomery","grain sorghum",0.0425528961201567
39113,"Ohio","Montgomery","oats",0.296816582080026
39113,"Ohio","Montgomery","soybeans",469.327623750567
39113,"Ohio","Montgomery","sunflower",0.0635861847738342
39113,"Ohio","Montgomery","wheat",21.1202667733471
39115,"Ohio","Morgan","barley",0
39115,"Ohio","Morgan","corn",0
39115,"Ohio","Morgan","oats",0
39115,"Ohio","Morgan","soybeans",0
39115,"Ohio","Morgan","wheat",0
39117,"Ohio","Morrow","barley",4.40809858845165
39117,"Ohio","Morrow","corn",3138.83656219695
39117,"Ohio","Morrow","oats",27.635506359262
39117,"Ohio","Morrow","soybeans",5183.55968789441
39117,"Ohio","Morrow","sunflower",0.00447756564385878
39117,"Ohio","Morrow","wheat",563.957167395292
39119,"Ohio","Muskingum","barley",2.31033151578908
39119,"Ohio","Muskingum","corn",1971.68533833761
39119,"Ohio","Muskingum","flaxseed",0.640446836006676
39119,"Ohio","Muskingum","grain sorghum",1.58814207307977
39119,"Ohio","Muskingum","oats",15.5841371427388
39119,"Ohio","Muskingum","soybeans",1773.95957423647
39119,"Ohio","Muskingum","wheat",84.4665298583055
39121,"Ohio","Noble","corn",0
39121,"Ohio","Noble","oats",0
39121,"Ohio","Noble","soybeans",0
39123,"Ohio","Ottawa","barley",14.7791311143159
39123,"Ohio","Ottawa","canola",3.38307320373723
39123,"Ohio","Ottawa","corn",769.735981417959
39123,"Ohio","Ottawa","mustard",0.0008277306700821
39123,"Ohio","Ottawa","oats",6.48175194474541
39123,"Ohio","Ottawa","soybeans",2679.55091509493
39123,"Ohio","Ottawa","sunflower",4.61112201689336
39123,"Ohio","Ottawa","wheat",322.794847476736
39125,"Ohio","Paulding","barley",2.51214023254502
39125,"Ohio","Paulding","corn",2535.55010686256
39125,"Ohio","Paulding","grain sorghum",1.71432586912117
39125,"Ohio","Paulding","oats",5.83930591414353
39125,"Ohio","Paulding","soybeans",5022.69407778355
39125,"Ohio","Paulding","sunflower",0.0580768160409496
39125,"Ohio","Paulding","wheat",1006.67063318868
39127,"Ohio","Perry","barley",3.61204514310808
39127,"Ohio","Perry","corn",2510.15680866295
39127,"Ohio","Perry","grain sorghum",0.162549846336322
39127,"Ohio","Perry","oats",17.3793919360779
39127,"Ohio","Perry","soybeans",2609.25994890059
39127,"Ohio","Perry","wheat",188.953255510933
39129,"Ohio","Pickaway","barley",4.22817042689169
39129,"Ohio","Pickaway","corn",1968.66259467119
39129,"Ohio","Pickaway","grain sorghum",1.84602215147393
39129,"Ohio","Pickaway","oats",0.404400747935916
39129,"Ohio","Pickaway","soybeans",2673.74228854338
39129,"Ohio","Pickaway","sunflower",0.0683793253807913
39129,"Ohio","Pickaway","wheat",216.971977467146
39131,"Ohio","Pike","corn",2109.19313616975
39131,"Ohio","Pike","oats",3.19280670032377
39131,"Ohio","Pike","soybeans",2639.41657048521
39131,"Ohio","Pike","wheat",162.559153311384
39133,"Ohio","Portage","barley",0.224398407299561
39133,"Ohio","Portage","corn",178.203940447499
39133,"Ohio","Portage","oats",3.15555099673274
39133,"Ohio","Portage","soybeans",234.457731226129
39133,"Ohio","Portage","sunflower",0.0272098153657322
39133,"Ohio","Portage","wheat",25.2466691069782
39135,"Ohio","Preble","barley",5.76503546001486
39135,"Ohio","Preble","canola",0.443188470391219
39135,"Ohio","Preble","corn",1817.3541532827
39135,"Ohio","Preble","grain sorghum",2.62970111605504
39135,"Ohio","Preble","oats",1.19033451643053
39135,"Ohio","Preble","soybeans",2155.49878957219
39135,"Ohio","Preble","wheat",143.51563091558
39137,"Ohio","Putnam","barley",4.01728288358497
39137,"Ohio","Putnam","corn",1701.09311834092
39137,"Ohio","Putnam","grain sorghum",1.52119664570528
39137,"Ohio","Putnam","oats",1.46370225181539
39137,"Ohio","Putnam","soybeans",3137.2190776508
39137,"Ohio","Putnam","sunflower",1.84882202915305
39137,"Ohio","Putnam","wheat",631.26610019798
39139,"Ohio","Richland","barley",0
39139,"Ohio","Richland","corn",0
39139,"Ohio","Richland","oats",0
39139,"Ohio","Richland","soybeans",0
39139,"Ohio","Richland","sunflower",0
39139,"Ohio","Richland","wheat",0
39141,"Ohio","Ross","barley",14.7261433647179
39141,"Ohio","Ross","corn",3056.66567171377
39141,"Ohio","Ross","grain sorghum",1.17199708433887
39141,"Ohio","Ross","oats",3.92255704157377
39141,"Ohio","Ross","soybeans",3832.64798844696
39141,"Ohio","Ross","sunflower",4.07933118488883
39141,"Ohio","Ross","wheat",375.558144497092
39143,"Ohio","Sandusky","barley",2.87368780273523
39143,"Ohio","Sandusky","corn",1950.87041212785
39143,"Ohio","Sandusky","grain sorghum",0.748057607443464
39143,"Ohio","Sandusky","oats",4.38083740672248
39143,"Ohio","Sandusky","soybeans",2957.25526911533
39143,"Ohio","Sandusky","sunflower",1.99132709071133
39143,"Ohio","Sandusky","wheat",328.800568849213
39145,"Ohio","Scioto","corn",323.489214252214
39145,"Ohio","Scioto","oats",0.62453224702574
39145,"Ohio","Scioto","soybeans",671.04863604862
39145,"Ohio","Scioto","sunflower",0.0277211038326444
39145,"Ohio","Scioto","wheat",19.4545630149777
39147,"Ohio","Seneca","barley",6.04469082390912
39147,"Ohio","Seneca","corn",4677.1863895383
39147,"Ohio","Seneca","oats",5.58548389369207
39147,"Ohio","Seneca","soybeans",7375.16278456698
39147,"Ohio","Seneca","wheat",1331.79131784377
39149,"Ohio","Shelby","barley",6.3719893035571
39149,"Ohio","Shelby","corn",4662.41289035435
39149,"Ohio","Shelby","oats",8.70077753857835
39149,"Ohio","Shelby","soybeans",6123.96036201955
39149,"Ohio","Shelby","sunflower",1.90914569433698
39149,"Ohio","Shelby","wheat",608.841835089618
39151,"Ohio","Stark","barley",3.7787914671615
39151,"Ohio","Stark","corn",2443.62239632137
39151,"Ohio","Stark","grain sorghum",4.78435551099182
39151,"Ohio","Stark","oats",44.5001818764495
39151,"Ohio","Stark","soybeans",2380.59181019744
39151,"Ohio","Stark","sunflower",0.487712261040318
39151,"Ohio","Stark","wheat",384.113252365538
39153,"Ohio","Summit","barley",0
39153,"Ohio","Summit","corn",0
39153,"Ohio","Summit","oats",0
39153,"Ohio","Summit","soybeans",0
39153,"Ohio","Summit","wheat",0
39155,"Ohio","Trumbull","barley",22.1867679875952
39155,"Ohio","Trumbull","corn",1143.2703925302
39155,"Ohio","Trumbull","oats",40.9513563509507
39155,"Ohio","Trumbull","soybeans",1600.64020013303
39155,"Ohio","Trumbull","wheat",132.701116331554
39157,"Ohio","Tuscarawas","barley",6.45655126497865
39157,"Ohio","Tuscarawas","corn",4298.43658370792
39157,"Ohio","Tuscarawas","grain sorghum",1.96567418275893
39157,"Ohio","Tuscarawas","oats",47.8061335550078
39157,"Ohio","Tuscarawas","soybeans",2790.35980858457
39157,"Ohio","Tuscarawas","wheat",421.815165371429
39159,"Ohio","Union","barley",10.518241487836
39159,"Ohio","Union","corn",2670.9768741996
39159,"Ohio","Union","oats",0.765874329205889
39159,"Ohio","Union","soybeans",5084.78760021483
39159,"Ohio","Union","sunflower",0.0927601165848105
39159,"Ohio","Union","wheat",448.979149651963
39161,"Ohio","Van Wert","barley",2.16334685866391
39161,"Ohio","Van Wert","corn",1451.33410290378
39161,"Ohio","Van Wert","grain sorghum",3.5821275578835
39161,"Ohio","Van Wert","oats",1.526597896567
39161,"Ohio","Van Wert","soybeans",2363.25425060037
39161,"Ohio","Van Wert","wheat",194.230474182744
39163,"Ohio","Vinton","corn",0
39163,"Ohio","Vinton","oats",0
39163,"Ohio","Vinton","soybeans",0
39165,"Ohio","Warren","barley",0.493191059015761
39165,"Ohio","Warren","corn",435.882485063291
39165,"Ohio","Warren","oats",0.191514053844608
39165,"Ohio","Warren","soybeans",806.118964035528
39165,"Ohio","Warren","sunflower",1.13594950964025
39165,"Ohio","Warren","wheat",39.4376162786827
39167,"Ohio","Washington","barley",5.87227118025459
39167,"Ohio","Washington","corn",826.684518964628
39167,"Ohio","Washington","oats",14.0007351260791
39167,"Ohio","Washington","soybeans",715.750011897856
39167,"Ohio","Washington","wheat",27.19157616451
39169,"Ohio","Wayne","barley",7.0232305810562
39169,"Ohio","Wayne","canola",2.2587666448432
39169,"Ohio","Wayne","corn",1488.55632664113
39169,"Ohio","Wayne","grain sorghum",2.69295841736217
39169,"Ohio","Wayne","oats",25.8736287885707
39169,"Ohio","Wayne","soybeans",1043.83471099488
39169,"Ohio","Wayne","sunflower",6.03426513886701
39169,"Ohio","Wayne","wheat",167.898372793286
39095,"Ohio","West Lucas","corn",18037.3846959154
39095,"Ohio","West Lucas","oats",38.3644983384692
39095,"Ohio","West Lucas","soybeans",18564.5341615963
39095,"Ohio","West Lucas","wheat",3332.41676414981
39171,"Ohio","Williams","barley",3.77656723292687
39171,"Ohio","Williams","corn",3617.92350486723
39171,"Ohio","Williams","oats",8.94612726632221
39171,"Ohio","Williams","soybeans",5458.79819940678
39171,"Ohio","Williams","wheat",765.701267893427
39173,"Ohio","Wood","barley",2.5133571911244
39173,"Ohio","Wood","corn",1740.90281474282
39173,"Ohio","Wood","grain sorghum",0.0145617450238957
39173,"Ohio","Wood","oats",2.46228187045309
39173,"Ohio","Wood","soybeans",2851.62425275684
39173,"Ohio","Wood","sunflower",1.94594969517766
39173,"Ohio","Wood","wheat",463.731948665206
39175,"Ohio","Wyandot","barley",2.07358618795248
39175,"Ohio","Wyandot","corn",1585.27610840648
39175,"Ohio","Wyandot","oats",1.46822140211762
39175,"Ohio","Wyandot","soybeans",2286.33119696635
39175,"Ohio","Wyandot","sunflower",0.853901905506881
39175,"Ohio","Wyandot","wheat",237.278985131604
40001,"Oklahoma","Adair","corn",0
40001,"Oklahoma","Adair","soybeans",0
40001,"Oklahoma","Adair","wheat",0
40003,"Oklahoma","Alfalfa","barley",24.6606875394502
40003,"Oklahoma","Alfalfa","canola",400.590349986547
40003,"Oklahoma","Alfalfa","corn",546.397529765563
40003,"Oklahoma","Alfalfa","cotton",174.366905928805
40003,"Oklahoma","Alfalfa","grain sorghum",1290.82717119786
40003,"Oklahoma","Alfalfa","oats",156.595181678629
40003,"Oklahoma","Alfalfa","sesame",2057.54136042545
40003,"Oklahoma","Alfalfa","soybeans",4649.8320492901
40003,"Oklahoma","Alfalfa","sunflower",88.3981290523953
40003,"Oklahoma","Alfalfa","wheat",67127.9211351352
40005,"Oklahoma","Atoka","cotton",0
40005,"Oklahoma","Atoka","oats",0
40005,"Oklahoma","Atoka","peanuts",0
40005,"Oklahoma","Atoka","wheat",0
40007,"Oklahoma","Beaver","corn",0
40007,"Oklahoma","Beaver","cotton",0
40007,"Oklahoma","Beaver","grain sorghum",0
40007,"Oklahoma","Beaver","oats",0
40007,"Oklahoma","Beaver","sesame",0
40007,"Oklahoma","Beaver","soybeans",0
40007,"Oklahoma","Beaver","wheat",0
40009,"Oklahoma","Beckham","barley",0
40009,"Oklahoma","Beckham","corn",0
40009,"Oklahoma","Beckham","cotton",0
40009,"Oklahoma","Beckham","grain sorghum",0
40009,"Oklahoma","Beckham","mustard",0
40009,"Oklahoma","Beckham","oats",0
40009,"Oklahoma","Beckham","peanuts",0
40009,"Oklahoma","Beckham","sesame",0
40009,"Oklahoma","Beckham","soybeans",0
40009,"Oklahoma","Beckham","sunflower",0
40009,"Oklahoma","Beckham","wheat",0
40011,"Oklahoma","Blaine","barley",145.912995819762
40011,"Oklahoma","Blaine","canola",241.520070645079
40011,"Oklahoma","Blaine","corn",151.310583096289
40011,"Oklahoma","Blaine","cotton",572.077166209689
40011,"Oklahoma","Blaine","dry peas",8.52398563523838
40011,"Oklahoma","Blaine","grain sorghum",164.646439435344
40011,"Oklahoma","Blaine","oats",60.4247281794924
40011,"Oklahoma","Blaine","peanuts",90.9814247474964
40011,"Oklahoma","Blaine","sesame",223.176050665622
40011,"Oklahoma","Blaine","soybeans",405.599766929984
40011,"Oklahoma","Blaine","sunflower",53.8634376703233
40011,"Oklahoma","Blaine","wheat",48046.902824299
40013,"Oklahoma","Bryan","corn",0
40013,"Oklahoma","Bryan","cotton",0
40013,"Oklahoma","Bryan","grain sorghum",0
40013,"Oklahoma","Bryan","oats",0
40013,"Oklahoma","Bryan","soybeans",0
40013,"Oklahoma","Bryan","sunflower",0
40013,"Oklahoma","Bryan","wheat",0
40015,"Oklahoma","Caddo","barley",0
40015,"Oklahoma","Caddo","corn",0
40015,"Oklahoma","Caddo","cotton",0
40015,"Oklahoma","Caddo","grain sorghum",0
40015,"Oklahoma","Caddo","oats",0
40015,"Oklahoma","Caddo","peanuts",0
40015,"Oklahoma","Caddo","sesame",0
40015,"Oklahoma","Caddo","soybeans",0
40015,"Oklahoma","Caddo","sunflower",0
40015,"Oklahoma","Caddo","wheat",0
40017,"Oklahoma","Canadian","barley",0
40017,"Oklahoma","Canadian","canola",0
40017,"Oklahoma","Canadian","corn",0
40017,"Oklahoma","Canadian","cotton",0
40017,"Oklahoma","Canadian","grain sorghum",0
40017,"Oklahoma","Canadian","oats",0
40017,"Oklahoma","Canadian","peanuts",0
40017,"Oklahoma","Canadian","sesame",0
40017,"Oklahoma","Canadian","soybeans",0
40017,"Oklahoma","Canadian","sunflower",0
40017,"Oklahoma","Canadian","wheat",0
40019,"Oklahoma","Carter","oats",0
40019,"Oklahoma","Carter","soybeans",0
40019,"Oklahoma","Carter","wheat",0
40021,"Oklahoma","Cherokee","corn",0
40021,"Oklahoma","Cherokee","oats",0
40021,"Oklahoma","Cherokee","soybeans",0
40021,"Oklahoma","Cherokee","wheat",0
40023,"Oklahoma","Choctaw","corn",0
40023,"Oklahoma","Choctaw","grain sorghum",0
40023,"Oklahoma","Choctaw","oats",0
40023,"Oklahoma","Choctaw","peanuts",0
40023,"Oklahoma","Choctaw","soybeans",0
40023,"Oklahoma","Choctaw","wheat",0
40025,"Oklahoma","Cimarron","barley",353.026499748648
40025,"Oklahoma","Cimarron","corn",6542.17344333325
40025,"Oklahoma","Cimarron","cotton",2735.127372891
40025,"Oklahoma","Cimarron","grain sorghum",29942.1710808197
40025,"Oklahoma","Cimarron","oats",1313.43364253267
40025,"Oklahoma","Cimarron","sesame",330.909502636529
40025,"Oklahoma","Cimarron","sunflower",312.557298263375
40025,"Oklahoma","Cimarron","wheat",49782.1461597749
40027,"Oklahoma","Cleveland","corn",0
40027,"Oklahoma","Cleveland","cotton",0
40027,"Oklahoma","Cleveland","grain sorghum",0
40027,"Oklahoma","Cleveland","oats",0
40027,"Oklahoma","Cleveland","soybeans",0
40027,"Oklahoma","Cleveland","wheat",0
40029,"Oklahoma","Coal","soybeans",0
40029,"Oklahoma","Coal","wheat",0
40031,"Oklahoma","Comanche","barley",0
40031,"Oklahoma","Comanche","corn",0
40031,"Oklahoma","Comanche","cotton",0
40031,"Oklahoma","Comanche","grain sorghum",0
40031,"Oklahoma","Comanche","oats",0
40031,"Oklahoma","Comanche","sesame",0
40031,"Oklahoma","Comanche","wheat",0
40033,"Oklahoma","Cotton","barley",103.843019323205
40033,"Oklahoma","Cotton","canola",26.3212568237541
40033,"Oklahoma","Cotton","corn",180.699310122339
40033,"Oklahoma","Cotton","cotton",2260.17893668547
40033,"Oklahoma","Cotton","grain sorghum",458.147635367994
40033,"Oklahoma","Cotton","oats",251.500423293674
40033,"Oklahoma","Cotton","soybeans",39.2042238076924
40033,"Oklahoma","Cotton","wheat",45847.1543612425
40035,"Oklahoma","Craig","barley",0
40035,"Oklahoma","Craig","corn",0
40035,"Oklahoma","Craig","grain sorghum",0
40035,"Oklahoma","Craig","oats",0
40035,"Oklahoma","Craig","soybeans",0
40035,"Oklahoma","Craig","sunflower",0
40035,"Oklahoma","Craig","wheat",0
40037,"Oklahoma","Creek","corn",0
40037,"Oklahoma","Creek","grain sorghum",0
40037,"Oklahoma","Creek","oats",0
40037,"Oklahoma","Creek","soybeans",0
40037,"Oklahoma","Creek","wheat",0
40039,"Oklahoma","Custer","barley",0
40039,"Oklahoma","Custer","canola",0
40039,"Oklahoma","Custer","corn",0
40039,"Oklahoma","Custer","cotton",0
40039,"Oklahoma","Custer","grain sorghum",0
40039,"Oklahoma","Custer","oats",0
40039,"Oklahoma","Custer","peanuts",0
40039,"Oklahoma","Custer","sesame",0
40039,"Oklahoma","Custer","soybeans",0
40039,"Oklahoma","Custer","sunflower",0
40039,"Oklahoma","Custer","wheat",0
40041,"Oklahoma","Delaware","corn",0
40041,"Oklahoma","Delaware","grain sorghum",0
40041,"Oklahoma","Delaware","oats",0
40041,"Oklahoma","Delaware","soybeans",0
40041,"Oklahoma","Delaware","wheat",0
40043,"Oklahoma","Dewey","barley",42.5255938641804
40043,"Oklahoma","Dewey","canola",28.3639850138733
40043,"Oklahoma","Dewey","corn",3.03842630181959
40043,"Oklahoma","Dewey","cotton",55.8537821394975
40043,"Oklahoma","Dewey","dry peas",14.5961398199243
40043,"Oklahoma","Dewey","grain sorghum",65.5535193488464
40043,"Oklahoma","Dewey","oats",12.7741052239878
40043,"Oklahoma","Dewey","peanuts",2.45284669658242
40043,"Oklahoma","Dewey","sesame",67.3903444435029
40043,"Oklahoma","Dewey","soybeans",26.6582186885613
40043,"Oklahoma","Dewey","sunflower",4.1884609958458
40043,"Oklahoma","Dewey","wheat",6923.3074524634
40045,"Oklahoma","Ellis","barley",0
40045,"Oklahoma","Ellis","corn",0
40045,"Oklahoma","Ellis","cotton",0
40045,"Oklahoma","Ellis","grain sorghum",0
40045,"Oklahoma","Ellis","oats",0
40045,"Oklahoma","Ellis","sesame",0
40045,"Oklahoma","Ellis","soybeans",0
40045,"Oklahoma","Ellis","sunflower",0
40045,"Oklahoma","Ellis","wheat",0
40047,"Oklahoma","Garfield","barley",198.804004779152
40047,"Oklahoma","Garfield","canola",569.763819474431
40047,"Oklahoma","Garfield","corn",3881.46240504035
40047,"Oklahoma","Garfield","cotton",41.8761436216743
40047,"Oklahoma","Garfield","grain sorghum",3551.61640642482
40047,"Oklahoma","Garfield","oats",593.017492495444
40047,"Oklahoma","Garfield","sesame",673.46576416994
40047,"Oklahoma","Garfield","soybeans",11365.5985597347
40047,"Oklahoma","Garfield","sunflower",64.3013086243388
40047,"Oklahoma","Garfield","wheat",65387.9780956352
40049,"Oklahoma","Garvin","barley",0
40049,"Oklahoma","Garvin","corn",0
40049,"Oklahoma","Garvin","cotton",0
40049,"Oklahoma","Garvin","grain sorghum",0
40049,"Oklahoma","Garvin","oats",0
40049,"Oklahoma","Garvin","soybeans",0
40049,"Oklahoma","Garvin","wheat",0
40051,"Oklahoma","Grady","barley",0
40051,"Oklahoma","Grady","corn",0
40051,"Oklahoma","Grady","cotton",0
40051,"Oklahoma","Grady","grain sorghum",0
40051,"Oklahoma","Grady","oats",0
40051,"Oklahoma","Grady","peanuts",0
40051,"Oklahoma","Grady","sesame",0
40051,"Oklahoma","Grady","soybeans",0
40051,"Oklahoma","Grady","sunflower",0
40051,"Oklahoma","Grady","wheat",0
40053,"Oklahoma","Grant","barley",54.5209093668105
40053,"Oklahoma","Grant","canola",130.567167031778
40053,"Oklahoma","Grant","corn",711.03631283669
40053,"Oklahoma","Grant","cotton",739.896961599712
40053,"Oklahoma","Grant","grain sorghum",899.054401203251
40053,"Oklahoma","Grant","oats",85.6352044661483
40053,"Oklahoma","Grant","sesame",140.679568133242
40053,"Oklahoma","Grant","soybeans",4051.91631936565
40053,"Oklahoma","Grant","sunflower",19.4529418886546
40053,"Oklahoma","Grant","wheat",16031.0506941081
40055,"Oklahoma","Greer","barley",0
40055,"Oklahoma","Greer","canola",0
40055,"Oklahoma","Greer","corn",0
40055,"Oklahoma","Greer","cotton",0
40055,"Oklahoma","Greer","grain sorghum",0
40055,"Oklahoma","Greer","oats",0
40055,"Oklahoma","Greer","peanuts",0
40055,"Oklahoma","Greer","sesame",0
40055,"Oklahoma","Greer","wheat",0
40057,"Oklahoma","Harmon","barley",106.871680734347
40057,"Oklahoma","Harmon","corn",86.7721680222491
40057,"Oklahoma","Harmon","cotton",3580.61370222552
40057,"Oklahoma","Harmon","grain sorghum",112.135127381301
40057,"Oklahoma","Harmon","oats",10.7681637375031
40057,"Oklahoma","Harmon","peanuts",4.81507779229012
40057,"Oklahoma","Harmon","sesame",8.78062296204217
40057,"Oklahoma","Harmon","soybeans",9.47995758115676
40057,"Oklahoma","Harmon","wheat",8373.82319289694
40059,"Oklahoma","Harper","barley",0
40059,"Oklahoma","Harper","corn",0
40059,"Oklahoma","Harper","cotton",0
40059,"Oklahoma","Harper","grain sorghum",0
40059,"Oklahoma","Harper","oats",0
40059,"Oklahoma","Harper","sesame",0
40059,"Oklahoma","Harper","soybeans",0
40059,"Oklahoma","Harper","wheat",0
40061,"Oklahoma","Haskell","corn",0
40061,"Oklahoma","Haskell","soybeans",0
40061,"Oklahoma","Haskell","wheat",0
40063,"Oklahoma","Hughes","corn",0
40063,"Oklahoma","Hughes","cotton",0
40063,"Oklahoma","Hughes","grain sorghum",0
40063,"Oklahoma","Hughes","oats",0
40063,"Oklahoma","Hughes","soybeans",0
40063,"Oklahoma","Hughes","wheat",0
40065,"Oklahoma","Jackson","barley",178.697170386943
40065,"Oklahoma","Jackson","corn",16.6538141076965
40065,"Oklahoma","Jackson","cotton",20016.5477186064
40065,"Oklahoma","Jackson","dry peas",16.8226550011055
40065,"Oklahoma","Jackson","grain sorghum",456.324612154644
40065,"Oklahoma","Jackson","oats",105.93212946082
40065,"Oklahoma","Jackson","peanuts",8.66983491912047
40065,"Oklahoma","Jackson","sesame",130.004381694256
40065,"Oklahoma","Jackson","sunflower",42.4531996174958
40065,"Oklahoma","Jackson","wheat",27077.6839173849
40067,"Oklahoma","Jefferson","cotton",0
40067,"Oklahoma","Jefferson","oats",0
40067,"Oklahoma","Jefferson","wheat",0
40069,"Oklahoma","Johnston","corn",0
40069,"Oklahoma","Johnston","oats",0
40069,"Oklahoma","Johnston","soybeans",0
40069,"Oklahoma","Johnston","wheat",0
40071,"Oklahoma","Kay","barley",13.603973784178
40071,"Oklahoma","Kay","canola",19.5700723853092
40071,"Oklahoma","Kay","corn",2446.28038999236
40071,"Oklahoma","Kay","cotton",765.381233783394
40071,"Oklahoma","Kay","grain sorghum",1510.44177807098
40071,"Oklahoma","Kay","oats",217.806436211064
40071,"Oklahoma","Kay","sesame",130.967688821546
40071,"Oklahoma","Kay","soybeans",12206.3843277323
40071,"Oklahoma","Kay","wheat",15512.7780992189
40073,"Oklahoma","Kingfisher","barley",335.506372199605
40073,"Oklahoma","Kingfisher","canola",583.076728524549
40073,"Oklahoma","Kingfisher","corn",155.131796190757
40073,"Oklahoma","Kingfisher","cotton",91.9392507513221
40073,"Oklahoma","Kingfisher","grain sorghum",458.623301714332
40073,"Oklahoma","Kingfisher","oats",348.738696546533
40073,"Oklahoma","Kingfisher","sesame",458.924138746013
40073,"Oklahoma","Kingfisher","soybeans",543.897335335276
40073,"Oklahoma","Kingfisher","sunflower",28.1903319995513
40073,"Oklahoma","Kingfisher","wheat",69578.9817479921
40075,"Oklahoma","Kiowa","barley",0
40075,"Oklahoma","Kiowa","corn",0
40075,"Oklahoma","Kiowa","cotton",0
40075,"Oklahoma","Kiowa","grain sorghum",0
40075,"Oklahoma","Kiowa","oats",0
40075,"Oklahoma","Kiowa","peanuts",0
40075,"Oklahoma","Kiowa","sesame",0
40075,"Oklahoma","Kiowa","soybeans",0
40075,"Oklahoma","Kiowa","wheat",0
40079,"Oklahoma","Le Flore","corn",230.365586831439
40079,"Oklahoma","Le Flore","cotton",19.9875895393732
40079,"Oklahoma","Le Flore","oats",1.40907759422436
40079,"Oklahoma","Le Flore","soybeans",708.84437460909
40079,"Oklahoma","Le Flore","wheat",291.002704759214
40081,"Oklahoma","Lincoln","corn",0
40081,"Oklahoma","Lincoln","cotton",0
40081,"Oklahoma","Lincoln","grain sorghum",0
40081,"Oklahoma","Lincoln","oats",0
40081,"Oklahoma","Lincoln","soybeans",0
40081,"Oklahoma","Lincoln","sunflower",0
40081,"Oklahoma","Lincoln","wheat",0
40083,"Oklahoma","Logan","barley",0
40083,"Oklahoma","Logan","canola",0
40083,"Oklahoma","Logan","corn",0
40083,"Oklahoma","Logan","dry peas",0
40083,"Oklahoma","Logan","grain sorghum",0
40083,"Oklahoma","Logan","oats",0
40083,"Oklahoma","Logan","sesame",0
40083,"Oklahoma","Logan","soybeans",0
40083,"Oklahoma","Logan","wheat",0
40085,"Oklahoma","Love","corn",0
40085,"Oklahoma","Love","cotton",0
40085,"Oklahoma","Love","grain sorghum",0
40085,"Oklahoma","Love","oats",0
40085,"Oklahoma","Love","peanuts",0
40085,"Oklahoma","Love","sesame",0
40085,"Oklahoma","Love","soybeans",0
40085,"Oklahoma","Love","wheat",0
40093,"Oklahoma","Major","barley",73.6909824792467
40093,"Oklahoma","Major","canola",76.9384854908406
40093,"Oklahoma","Major","corn",866.872802168772
40093,"Oklahoma","Major","cotton",233.168684317141
40093,"Oklahoma","Major","grain sorghum",217.940286379687
40093,"Oklahoma","Major","oats",143.215288944426
40093,"Oklahoma","Major","peanuts",56.491744162894
40093,"Oklahoma","Major","sesame",310.812561827211
40093,"Oklahoma","Major","soybeans",647.710617397652
40093,"Oklahoma","Major","sunflower",36.7619215373048
40093,"Oklahoma","Major","wheat",20834.5559819615
40095,"Oklahoma","Marshall","barley",0
40095,"Oklahoma","Marshall","corn",0
40095,"Oklahoma","Marshall","cotton",0
40095,"Oklahoma","Marshall","grain sorghum",0
40095,"Oklahoma","Marshall","oats",0
40095,"Oklahoma","Marshall","soybeans",0
40095,"Oklahoma","Marshall","wheat",0
40097,"Oklahoma","Mayes","barley",0
40097,"Oklahoma","Mayes","corn",0
40097,"Oklahoma","Mayes","grain sorghum",0
40097,"Oklahoma","Mayes","oats",0
40097,"Oklahoma","Mayes","soybeans",0
40097,"Oklahoma","Mayes","sunflower",0
40097,"Oklahoma","Mayes","wheat",0
40087,"Oklahoma","McClain","corn",0
40087,"Oklahoma","McClain","cotton",0
40087,"Oklahoma","McClain","grain sorghum",0
40087,"Oklahoma","McClain","oats",0
40087,"Oklahoma","McClain","soybeans",0
40087,"Oklahoma","McClain","wheat",0
40089,"Oklahoma","McCurtain","corn",0
40089,"Oklahoma","McCurtain","cotton",0
40089,"Oklahoma","McCurtain","grain sorghum",0
40089,"Oklahoma","McCurtain","oats",0
40089,"Oklahoma","McCurtain","soybeans",0
40089,"Oklahoma","McCurtain","wheat",0
40091,"Oklahoma","McIntosh","corn",0
40091,"Oklahoma","McIntosh","grain sorghum",0
40091,"Oklahoma","McIntosh","soybeans",0
40091,"Oklahoma","McIntosh","wheat",0
40099,"Oklahoma","Murray","oats",0
40099,"Oklahoma","Murray","soybeans",0
40099,"Oklahoma","Murray","wheat",0
40101,"Oklahoma","Muskogee","corn",0
40101,"Oklahoma","Muskogee","cotton",0
40101,"Oklahoma","Muskogee","grain sorghum",0
40101,"Oklahoma","Muskogee","oats",0
40101,"Oklahoma","Muskogee","soybeans",0
40101,"Oklahoma","Muskogee","wheat",0
40103,"Oklahoma","Noble","barley",6.6882543997522
40103,"Oklahoma","Noble","canola",0.763036931202033
40103,"Oklahoma","Noble","corn",34.3654044543344
40103,"Oklahoma","Noble","cotton",2.91633952707349
40103,"Oklahoma","Noble","grain sorghum",25.6238537442861
40103,"Oklahoma","Noble","oats",3.49527763684983
40103,"Oklahoma","Noble","sesame",3.98139560170182
40103,"Oklahoma","Noble","soybeans",100.671231988476
40103,"Oklahoma","Noble","wheat",364.491739049707
40105,"Oklahoma","Nowata","corn",0
40105,"Oklahoma","Nowata","grain sorghum",0
40105,"Oklahoma","Nowata","oats",0
40105,"Oklahoma","Nowata","soybeans",0
40105,"Oklahoma","Nowata","wheat",0
40107,"Oklahoma","Okfuskee","corn",0
40107,"Oklahoma","Okfuskee","cotton",0
40107,"Oklahoma","Okfuskee","oats",0
40107,"Oklahoma","Okfuskee","soybeans",0
40107,"Oklahoma","Okfuskee","wheat",0
40109,"Oklahoma","Oklahoma","barley",0
40109,"Oklahoma","Oklahoma","corn",0
40109,"Oklahoma","Oklahoma","cotton",0
40109,"Oklahoma","Oklahoma","grain sorghum",0
40109,"Oklahoma","Oklahoma","oats",0
40109,"Oklahoma","Oklahoma","sesame",0
40109,"Oklahoma","Oklahoma","soybeans",0
40109,"Oklahoma","Oklahoma","wheat",0
40111,"Oklahoma","Okmulgee","canola",0
40111,"Oklahoma","Okmulgee","corn",0
40111,"Oklahoma","Okmulgee","cotton",0
40111,"Oklahoma","Okmulgee","grain sorghum",0
40111,"Oklahoma","Okmulgee","oats",0
40111,"Oklahoma","Okmulgee","soybeans",0
40111,"Oklahoma","Okmulgee","sunflower",0
40111,"Oklahoma","Okmulgee","wheat",0
40113,"Oklahoma","Osage","barley",0
40113,"Oklahoma","Osage","corn",0
40113,"Oklahoma","Osage","grain sorghum",0
40113,"Oklahoma","Osage","oats",0
40113,"Oklahoma","Osage","soybeans",0
40113,"Oklahoma","Osage","wheat",0
40115,"Oklahoma","Ottawa","canola",0
40115,"Oklahoma","Ottawa","corn",0
40115,"Oklahoma","Ottawa","grain sorghum",0
40115,"Oklahoma","Ottawa","oats",0
40115,"Oklahoma","Ottawa","soybeans",0
40115,"Oklahoma","Ottawa","sunflower",0
40115,"Oklahoma","Ottawa","wheat",0
40117,"Oklahoma","Pawnee","barley",0
40117,"Oklahoma","Pawnee","corn",0
40117,"Oklahoma","Pawnee","grain sorghum",0
40117,"Oklahoma","Pawnee","oats",0
40117,"Oklahoma","Pawnee","soybeans",0
40117,"Oklahoma","Pawnee","wheat",0
40119,"Oklahoma","Payne","barley",0
40119,"Oklahoma","Payne","canola",0
40119,"Oklahoma","Payne","corn",0
40119,"Oklahoma","Payne","dry peas",0
40119,"Oklahoma","Payne","grain sorghum",0
40119,"Oklahoma","Payne","oats",0
40119,"Oklahoma","Payne","soybeans",0
40119,"Oklahoma","Payne","wheat",0
40121,"Oklahoma","Pittsburg","corn",0
40121,"Oklahoma","Pittsburg","grain sorghum",0
40121,"Oklahoma","Pittsburg","soybeans",0
40121,"Oklahoma","Pittsburg","wheat",0
40123,"Oklahoma","Pontotoc","corn",0
40123,"Oklahoma","Pontotoc","oats",0
40123,"Oklahoma","Pontotoc","soybeans",0
40123,"Oklahoma","Pontotoc","wheat",0
40125,"Oklahoma","Pottawatomie","corn",0
40125,"Oklahoma","Pottawatomie","cotton",0
40125,"Oklahoma","Pottawatomie","grain sorghum",0
40125,"Oklahoma","Pottawatomie","oats",0
40125,"Oklahoma","Pottawatomie","soybeans",0
40125,"Oklahoma","Pottawatomie","wheat",0
40129,"Oklahoma","Roger Mills","barley",0
40129,"Oklahoma","Roger Mills","corn",0
40129,"Oklahoma","Roger Mills","cotton",0
40129,"Oklahoma","Roger Mills","grain sorghum",0
40129,"Oklahoma","Roger Mills","oats",0
40129,"Oklahoma","Roger Mills","sesame",0
40129,"Oklahoma","Roger Mills","soybeans",0
40129,"Oklahoma","Roger Mills","wheat",0
40131,"Oklahoma","Rogers","corn",0
40131,"Oklahoma","Rogers","grain sorghum",0
40131,"Oklahoma","Rogers","oats",0
40131,"Oklahoma","Rogers","soybeans",0
40131,"Oklahoma","Rogers","wheat",0
40133,"Oklahoma","Seminole","corn",0
40133,"Oklahoma","Seminole","grain sorghum",0
40133,"Oklahoma","Seminole","soybeans",0
40133,"Oklahoma","Seminole","wheat",0
40135,"Oklahoma","Sequoyah","corn",2267.86424529815
40135,"Oklahoma","Sequoyah","cotton",756.772244814216
40135,"Oklahoma","Sequoyah","grain sorghum",9.38516951650065
40135,"Oklahoma","Sequoyah","soybeans",5129.06916258622
40135,"Oklahoma","Sequoyah","wheat",1999.87804445158
40137,"Oklahoma","Stephens","barley",0
40137,"Oklahoma","Stephens","corn",0
40137,"Oklahoma","Stephens","cotton",0
40137,"Oklahoma","Stephens","oats",0
40137,"Oklahoma","Stephens","peanuts",0
40137,"Oklahoma","Stephens","wheat",0
40139,"Oklahoma","Texas","barley",0
40139,"Oklahoma","Texas","corn",0
40139,"Oklahoma","Texas","cotton",0
40139,"Oklahoma","Texas","grain sorghum",0
40139,"Oklahoma","Texas","oats",0
40139,"Oklahoma","Texas","sesame",0
40139,"Oklahoma","Texas","soybeans",0
40139,"Oklahoma","Texas","sunflower",0
40139,"Oklahoma","Texas","wheat",0
40141,"Oklahoma","Tillman","barley",604.987262119398
40141,"Oklahoma","Tillman","canola",6.84485301606864
40141,"Oklahoma","Tillman","corn",2210.84727645444
40141,"Oklahoma","Tillman","cotton",14014.2671243402
40141,"Oklahoma","Tillman","dry peas",21.418914057882
40141,"Oklahoma","Tillman","grain sorghum",411.485457708103
40141,"Oklahoma","Tillman","oats",435.461608852788
40141,"Oklahoma","Tillman","peanuts",27.5984473607888
40141,"Oklahoma","Tillman","sesame",119.410514321222
40141,"Oklahoma","Tillman","soybeans",65.6437831888221
40141,"Oklahoma","Tillman","sunflower",11.6869020396356
40141,"Oklahoma","Tillman","wheat",31387.5318365407
40143,"Oklahoma","Tulsa","corn",0
40143,"Oklahoma","Tulsa","grain sorghum",0
40143,"Oklahoma","Tulsa","soybeans",0
40143,"Oklahoma","Tulsa","wheat",0
40145,"Oklahoma","Wagoner","barley",0
40145,"Oklahoma","Wagoner","canola",0
40145,"Oklahoma","Wagoner","corn",0
40145,"Oklahoma","Wagoner","cotton",0
40145,"Oklahoma","Wagoner","grain sorghum",0
40145,"Oklahoma","Wagoner","oats",0
40145,"Oklahoma","Wagoner","soybeans",0
40145,"Oklahoma","Wagoner","wheat",0
40147,"Oklahoma","Washington","corn",0
40147,"Oklahoma","Washington","grain sorghum",0
40147,"Oklahoma","Washington","oats",0
40147,"Oklahoma","Washington","soybeans",0
40147,"Oklahoma","Washington","wheat",0
40149,"Oklahoma","Washita","barley",314.216445529472
40149,"Oklahoma","Washita","corn",249.367187879435
40149,"Oklahoma","Washita","cotton",4855.86239039699
40149,"Oklahoma","Washita","dry peas",57.9949842662572
40149,"Oklahoma","Washita","grain sorghum",601.22856044892
40149,"Oklahoma","Washita","oats",225.662972747007
40149,"Oklahoma","Washita","peanuts",9.10647367377289
40149,"Oklahoma","Washita","safflower",7.80167471966816
40149,"Oklahoma","Washita","sesame",619.705422015469
40149,"Oklahoma","Washita","soybeans",273.417776644323
40149,"Oklahoma","Washita","sunflower",22.3252247541839
40149,"Oklahoma","Washita","wheat",32459.8079069245
40151,"Oklahoma","Woods","barley",0
40151,"Oklahoma","Woods","canola",0
40151,"Oklahoma","Woods","corn",0
40151,"Oklahoma","Woods","grain sorghum",0
40151,"Oklahoma","Woods","oats",0
40151,"Oklahoma","Woods","sesame",0
40151,"Oklahoma","Woods","soybeans",0
40151,"Oklahoma","Woods","sunflower",0
40151,"Oklahoma","Woods","wheat",0
40153,"Oklahoma","Woodward","barley",0
40153,"Oklahoma","Woodward","corn",0
40153,"Oklahoma","Woodward","grain sorghum",0
40153,"Oklahoma","Woodward","oats",0
40153,"Oklahoma","Woodward","sesame",0
40153,"Oklahoma","Woodward","soybeans",0
40153,"Oklahoma","Woodward","sunflower",0
40153,"Oklahoma","Woodward","wheat",0
41001,"Oregon","Baker","barley",0
41001,"Oregon","Baker","canola",0
41001,"Oregon","Baker","corn",0
41001,"Oregon","Baker","oats",0
41001,"Oregon","Baker","sunflower",0
41001,"Oregon","Baker","wheat",0
41003,"Oregon","Benton","barley",0
41003,"Oregon","Benton","corn",0
41003,"Oregon","Benton","mustard",0
41003,"Oregon","Benton","oats",0
41003,"Oregon","Benton","sunflower",0
41003,"Oregon","Benton","wheat",0
41005,"Oregon","Clackamas","barley",0
41005,"Oregon","Clackamas","corn",0
41005,"Oregon","Clackamas","flaxseed",0
41005,"Oregon","Clackamas","grain sorghum",0
41005,"Oregon","Clackamas","oats",0
41005,"Oregon","Clackamas","wheat",0
41007,"Oregon","Clatsop","oats",2
41009,"Oregon","Columbia","corn",0
41009,"Oregon","Columbia","oats",0
41009,"Oregon","Columbia","wheat",0
41013,"Oregon","Crook","barley",0
41013,"Oregon","Crook","oats",0
41013,"Oregon","Crook","wheat",0
41017,"Oregon","Deschutes","corn",0
41017,"Oregon","Deschutes","dry peas",0
41017,"Oregon","Deschutes","mustard",0
41017,"Oregon","Deschutes","oats",0
41017,"Oregon","Deschutes","soybeans",0
41017,"Oregon","Deschutes","wheat",0
41021,"Oregon","Gilliam","barley",0
41021,"Oregon","Gilliam","chickpeas_small",0
41021,"Oregon","Gilliam","dry peas",0
41021,"Oregon","Gilliam","oats",0
41021,"Oregon","Gilliam","sunflower",0
41021,"Oregon","Gilliam","wheat",0
41023,"Oregon","Grant","barley",74.1684744114232
41023,"Oregon","Grant","oats",417.66590388251
41023,"Oregon","Grant","wheat",39.3931217060672
41025,"Oregon","Harney","barley",920.774134230236
41025,"Oregon","Harney","corn",36.5773328806228
41025,"Oregon","Harney","oats",582.266112651562
41025,"Oregon","Harney","sunflower",44.8322476720704
41025,"Oregon","Harney","wheat",764.946172565508
41027,"Oregon","Hood River","barley",0
41027,"Oregon","Hood River","corn",0
41027,"Oregon","Hood River","oats",0
41029,"Oregon","Jackson","barley",0
41029,"Oregon","Jackson","corn",0
41029,"Oregon","Jackson","wheat",0
41031,"Oregon","Jefferson","barley",0
41031,"Oregon","Jefferson","canola",0
41031,"Oregon","Jefferson","corn",0
41031,"Oregon","Jefferson","flaxseed",0
41031,"Oregon","Jefferson","grain sorghum",0
41031,"Oregon","Jefferson","oats",0
41031,"Oregon","Jefferson","sunflower",0
41031,"Oregon","Jefferson","wheat",0
41033,"Oregon","Josephine","barley",0
41033,"Oregon","Josephine","corn",0
41033,"Oregon","Josephine","wheat",0
41035,"Oregon","Klamath","barley",0
41035,"Oregon","Klamath","corn",0
41035,"Oregon","Klamath","dry peas",0
41035,"Oregon","Klamath","oats",0
41035,"Oregon","Klamath","wheat",0
41037,"Oregon","Lake","barley",0
41037,"Oregon","Lake","canola",0
41037,"Oregon","Lake","oats",0
41037,"Oregon","Lake","wheat",0
41039,"Oregon","Lane","barley",0
41039,"Oregon","Lane","corn",0
41039,"Oregon","Lane","mustard",0
41039,"Oregon","Lane","oats",0
41039,"Oregon","Lane","sunflower",0
41039,"Oregon","Lane","wheat",0
41043,"Oregon","Linn","barley",0
41043,"Oregon","Linn","canola",0
41043,"Oregon","Linn","corn",0
41043,"Oregon","Linn","mustard",0
41043,"Oregon","Linn","oats",0
41043,"Oregon","Linn","wheat",0
41045,"Oregon","Malheur","barley",112.548342147278
41045,"Oregon","Malheur","chickpeas_small",0.0229851262129553
41045,"Oregon","Malheur","corn",1027.86245611097
41045,"Oregon","Malheur","dry peas",6.76319925841806
41045,"Oregon","Malheur","flaxseed",0.56278733272933
41045,"Oregon","Malheur","grain sorghum",0.672140811984905
41045,"Oregon","Malheur","mustard",1.16858471223593
41045,"Oregon","Malheur","oats",47.3843949031883
41045,"Oregon","Malheur","wheat",815.831109596987
41047,"Oregon","Marion","barley",0
41047,"Oregon","Marion","canola",0
41047,"Oregon","Marion","corn",0
41047,"Oregon","Marion","grain sorghum",0
41047,"Oregon","Marion","mustard",0
41047,"Oregon","Marion","oats",0
41047,"Oregon","Marion","rapeseed",0
41047,"Oregon","Marion","wheat",0
41049,"Oregon","Morrow","barley",0
41049,"Oregon","Morrow","canola",0
41049,"Oregon","Morrow","corn",0
41049,"Oregon","Morrow","dry peas",0
41049,"Oregon","Morrow","grain sorghum",0
41049,"Oregon","Morrow","oats",0
41049,"Oregon","Morrow","soybeans",0
41049,"Oregon","Morrow","sunflower",0
41049,"Oregon","Morrow","wheat",0
41051,"Oregon","Multnomah","corn",0
41051,"Oregon","Multnomah","oats",0
41051,"Oregon","Multnomah","wheat",0
41053,"Oregon","Polk","barley",0
41053,"Oregon","Polk","canola",0
41053,"Oregon","Polk","chickpeas_large",0
41053,"Oregon","Polk","chickpeas_small",0
41053,"Oregon","Polk","corn",0
41053,"Oregon","Polk","mustard",0
41053,"Oregon","Polk","oats",0
41053,"Oregon","Polk","wheat",0
41055,"Oregon","Sherman","barley",0
41055,"Oregon","Sherman","canola",0
41055,"Oregon","Sherman","sunflower",0
41055,"Oregon","Sherman","wheat",0
41057,"Oregon","Tillamook","corn",1041.56
41059,"Oregon","Umatilla","barley",0
41059,"Oregon","Umatilla","canola",0
41059,"Oregon","Umatilla","chickpeas_large",0
41059,"Oregon","Umatilla","chickpeas_small",0
41059,"Oregon","Umatilla","corn",0
41059,"Oregon","Umatilla","dry peas",0
41059,"Oregon","Umatilla","mustard",0
41059,"Oregon","Umatilla","oats",0
41059,"Oregon","Umatilla","safflower",0
41059,"Oregon","Umatilla","soybeans",0
41059,"Oregon","Umatilla","sunflower",0
41059,"Oregon","Umatilla","wheat",0
41061,"Oregon","Union","barley",0
41061,"Oregon","Union","canola",0
41061,"Oregon","Union","chickpeas_large",0
41061,"Oregon","Union","corn",0
41061,"Oregon","Union","dry peas",0
41061,"Oregon","Union","flaxseed",0
41061,"Oregon","Union","lentils",0
41061,"Oregon","Union","mustard",0
41061,"Oregon","Union","oats",0
41061,"Oregon","Union","soybeans",0
41061,"Oregon","Union","sunflower",0
41061,"Oregon","Union","wheat",0
41063,"Oregon","Wallowa","barley",0
41063,"Oregon","Wallowa","canola",0
41063,"Oregon","Wallowa","corn",0
41063,"Oregon","Wallowa","dry peas",0
41063,"Oregon","Wallowa","flaxseed",0
41063,"Oregon","Wallowa","lentils",0
41063,"Oregon","Wallowa","mustard",0
41063,"Oregon","Wallowa","oats",0
41063,"Oregon","Wallowa","wheat",0
41065,"Oregon","Wasco","barley",0
41065,"Oregon","Wasco","canola",0
41065,"Oregon","Wasco","corn",0
41065,"Oregon","Wasco","grain sorghum",0
41065,"Oregon","Wasco","mustard",0
41065,"Oregon","Wasco","oats",0
41065,"Oregon","Wasco","safflower",0
41065,"Oregon","Wasco","sunflower",0
41065,"Oregon","Wasco","wheat",0
41067,"Oregon","Washington","barley",0
41067,"Oregon","Washington","chickpeas_small",0
41067,"Oregon","Washington","corn",0
41067,"Oregon","Washington","dry peas",0
41067,"Oregon","Washington","oats",0
41067,"Oregon","Washington","sunflower",0
41067,"Oregon","Washington","wheat",0
41069,"Oregon","Wheeler","barley",0
41069,"Oregon","Wheeler","oats",0
41069,"Oregon","Wheeler","wheat",0
41071,"Oregon","Yamhill","barley",0
41071,"Oregon","Yamhill","canola",0
41071,"Oregon","Yamhill","corn",0
41071,"Oregon","Yamhill","dry peas",0
41071,"Oregon","Yamhill","mustard",0
41071,"Oregon","Yamhill","oats",0
41071,"Oregon","Yamhill","soybeans",0
41071,"Oregon","Yamhill","sunflower",0
41071,"Oregon","Yamhill","wheat",0
42001,"Pennsylvania","Adams","barley",67.0274473459674
42001,"Pennsylvania","Adams","corn",5343.0479796551
42001,"Pennsylvania","Adams","grain sorghum",157.379592043751
42001,"Pennsylvania","Adams","oats",57.4279222095551
42001,"Pennsylvania","Adams","rapeseed",23.2872345299947
42001,"Pennsylvania","Adams","soybeans",5055.09697555953
42001,"Pennsylvania","Adams","sunflower",2.75373270745777
42001,"Pennsylvania","Adams","wheat",1425.05301594864
42003,"Pennsylvania","Allegheny","corn",0
42003,"Pennsylvania","Allegheny","oats",0
42003,"Pennsylvania","Allegheny","soybeans",0
42003,"Pennsylvania","Allegheny","sunflower",0
42003,"Pennsylvania","Allegheny","wheat",0
42005,"Pennsylvania","Armstrong","barley",29.1380689872362
42005,"Pennsylvania","Armstrong","corn",2143.67850548883
42005,"Pennsylvania","Armstrong","grain sorghum",15.2677366503518
42005,"Pennsylvania","Armstrong","oats",309.158658462289
42005,"Pennsylvania","Armstrong","soybeans",1381.8552298777
42005,"Pennsylvania","Armstrong","sunflower",2.01608049128397
42005,"Pennsylvania","Armstrong","wheat",225.679720042307
42007,"Pennsylvania","Beaver","barley",6.56082146233443
42007,"Pennsylvania","Beaver","corn",1525.96790433187
42007,"Pennsylvania","Beaver","oats",82.800326714385
42007,"Pennsylvania","Beaver","soybeans",1248.0169895052
42007,"Pennsylvania","Beaver","sunflower",2.34069793062252
42007,"Pennsylvania","Beaver","wheat",142.535093388927
42009,"Pennsylvania","Bedford","barley",42.0406072164452
42009,"Pennsylvania","Bedford","corn",4284.08133997015
42009,"Pennsylvania","Bedford","grain sorghum",26.8957682409076
42009,"Pennsylvania","Bedford","oats",199.541457359741
42009,"Pennsylvania","Bedford","soybeans",1509.11497859745
42009,"Pennsylvania","Bedford","sunflower",0.536784538723242
42009,"Pennsylvania","Bedford","wheat",607.562264076595
42011,"Pennsylvania","Berks","barley",384.372239582998
42011,"Pennsylvania","Berks","canola",4.54114905078875
42011,"Pennsylvania","Berks","corn",6907.44547506406
42011,"Pennsylvania","Berks","flaxseed",1.52488768864124
42011,"Pennsylvania","Berks","grain sorghum",102.788489839414
42011,"Pennsylvania","Berks","oats",74.6641986184481
42011,"Pennsylvania","Berks","soybeans",4366.38965918338
42011,"Pennsylvania","Berks","sunflower",6.32744605748278
42011,"Pennsylvania","Berks","wheat",1208.62095491478
42013,"Pennsylvania","Blair","barley",35.2192687267003
42013,"Pennsylvania","Blair","corn",4852.04785919859
42013,"Pennsylvania","Blair","grain sorghum",10.0651094312991
42013,"Pennsylvania","Blair","oats",83.2411752966899
42013,"Pennsylvania","Blair","soybeans",868.759039363198
42013,"Pennsylvania","Blair","wheat",325.647547983528
42015,"Pennsylvania","Bradford","barley",2.85712435234657
42015,"Pennsylvania","Bradford","corn",2618.57621808962
42015,"Pennsylvania","Bradford","grain sorghum",15.9027684610664
42015,"Pennsylvania","Bradford","oats",108.087068031085
42015,"Pennsylvania","Bradford","soybeans",579.629139662759
42015,"Pennsylvania","Bradford","sunflower",1.94255824148751
42015,"Pennsylvania","Bradford","wheat",172.483556494962
42017,"Pennsylvania","Bucks","barley",0
42017,"Pennsylvania","Bucks","corn",0
42017,"Pennsylvania","Bucks","grain sorghum",0
42017,"Pennsylvania","Bucks","oats",0
42017,"Pennsylvania","Bucks","soybeans",0
42017,"Pennsylvania","Bucks","wheat",0
42019,"Pennsylvania","Butler","barley",21.8444721408068
42019,"Pennsylvania","Butler","corn",3651.01799930165
42019,"Pennsylvania","Butler","oats",397.212577073247
42019,"Pennsylvania","Butler","soybeans",2506.95527785579
42019,"Pennsylvania","Butler","sunflower",2.69048907958323
42019,"Pennsylvania","Butler","wheat",440.495184548921
42021,"Pennsylvania","Cambria","barley",96.8675776457456
42021,"Pennsylvania","Cambria","corn",4373.64596443192
42021,"Pennsylvania","Cambria","grain sorghum",3.54837147830353
42021,"Pennsylvania","Cambria","oats",952.993025293952
42021,"Pennsylvania","Cambria","soybeans",3113.07898127093
42021,"Pennsylvania","Cambria","sunflower",5.28753153088131
42021,"Pennsylvania","Cambria","wheat",772.182348348263
42023,"Pennsylvania","Cameron","corn",0
42023,"Pennsylvania","Cameron","oats",0
42023,"Pennsylvania","Cameron","wheat",0
42025,"Pennsylvania","Carbon","barley",0
42025,"Pennsylvania","Carbon","corn",0
42025,"Pennsylvania","Carbon","grain sorghum",0
42025,"Pennsylvania","Carbon","oats",0
42025,"Pennsylvania","Carbon","soybeans",0
42025,"Pennsylvania","Carbon","sunflower",0
42025,"Pennsylvania","Carbon","wheat",0
42027,"Pennsylvania","Centre","barley",19.596262432227
42027,"Pennsylvania","Centre","canola",3.56032095548602
42027,"Pennsylvania","Centre","corn",2081.44824043609
42027,"Pennsylvania","Centre","grain sorghum",2.08085222244993
42027,"Pennsylvania","Centre","oats",106.278856573724
42027,"Pennsylvania","Centre","soybeans",1300.91434643558
42027,"Pennsylvania","Centre","sunflower",3.54587536980951
42027,"Pennsylvania","Centre","wheat",231.352245574628
42029,"Pennsylvania","Chester","barley",74.9540673079567
42029,"Pennsylvania","Chester","corn",2954.8736015081
42029,"Pennsylvania","Chester","grain sorghum",18.3710008268912
42029,"Pennsylvania","Chester","oats",16.7813362587698
42029,"Pennsylvania","Chester","soybeans",1582.13625671068
42029,"Pennsylvania","Chester","sunflower",3.33593389229836
42029,"Pennsylvania","Chester","wheat",643.612963495311
42031,"Pennsylvania","Clarion","barley",2.26599820205049
42031,"Pennsylvania","Clarion","corn",582.154236014073
42031,"Pennsylvania","Clarion","oats",128.819086368185
42031,"Pennsylvania","Clarion","soybeans",338.929391370879
42031,"Pennsylvania","Clarion","sunflower",0.609724631899574
42031,"Pennsylvania","Clarion","wheat",37.123730079583
42033,"Pennsylvania","Clearfield","barley",14.8450688718932
42033,"Pennsylvania","Clearfield","corn",1074.17324386987
42033,"Pennsylvania","Clearfield","grain sorghum",1.76950993308352
42033,"Pennsylvania","Clearfield","oats",139.14086516669
42033,"Pennsylvania","Clearfield","soybeans",281.175410585461
42033,"Pennsylvania","Clearfield","sunflower",0.575725719854925
42033,"Pennsylvania","Clearfield","wheat",79.7978425198136
42035,"Pennsylvania","Clinton","barley",0.376311058775131
42035,"Pennsylvania","Clinton","canola",0.407478297610196
42035,"Pennsylvania","Clinton","corn",360.529133252761
42035,"Pennsylvania","Clinton","grain sorghum",2.51310623073717
42035,"Pennsylvania","Clinton","oats",4.41832598844427
42035,"Pennsylvania","Clinton","rapeseed",4.97754144259313
42035,"Pennsylvania","Clinton","soybeans",162.680471314187
42035,"Pennsylvania","Clinton","sunflower",2.91759312021015
42035,"Pennsylvania","Clinton","wheat",56.9305392946817
42037,"Pennsylvania","Columbia","barley",0.903145755644753
42037,"Pennsylvania","Columbia","corn",429.99294446895
42037,"Pennsylvania","Columbia","grain sorghum",0.821062474933881
42037,"Pennsylvania","Columbia","oats",13.0453162031397
42037,"Pennsylvania","Columbia","soybeans",328.723029910258
42037,"Pennsylvania","Columbia","sunflower",0.0975322697497216
42037,"Pennsylvania","Columbia","wheat",73.2744355839924
42039,"Pennsylvania","Crawford","barley",27.8282897154421
42039,"Pennsylvania","Crawford","corn",7407.94061325681
42039,"Pennsylvania","Crawford","grain sorghum",25.8704190704159
42039,"Pennsylvania","Crawford","oats",484.02514977575
42039,"Pennsylvania","Crawford","rapeseed",4.73788885566236
42039,"Pennsylvania","Crawford","soybeans",5707.93233604279
42039,"Pennsylvania","Crawford","sunflower",14.0144538876277
42039,"Pennsylvania","Crawford","wheat",407.830516062168
42041,"Pennsylvania","Cumberland","barley",50.4078968459286
42041,"Pennsylvania","Cumberland","corn",892.687721672468
42041,"Pennsylvania","Cumberland","grain sorghum",8.66382039694448
42041,"Pennsylvania","Cumberland","oats",13.2622258600239
42041,"Pennsylvania","Cumberland","soybeans",610.019633711903
42041,"Pennsylvania","Cumberland","sunflower",0.0173522115254089
42041,"Pennsylvania","Cumberland","wheat",240.755549301208
42043,"Pennsylvania","Dauphin","barley",48.5773663536664
42043,"Pennsylvania","Dauphin","corn",1154.95643439034
42043,"Pennsylvania","Dauphin","grain sorghum",6.21431126851707
42043,"Pennsylvania","Dauphin","oats",24.1241637885145
42043,"Pennsylvania","Dauphin","soybeans",1062.07061472042
42043,"Pennsylvania","Dauphin","sunflower",0.746982180945613
42043,"Pennsylvania","Dauphin","wheat",221.89800729759
42045,"Pennsylvania","Delaware","barley",0
42045,"Pennsylvania","Delaware","corn",0
42045,"Pennsylvania","Delaware","grain sorghum",0
42045,"Pennsylvania","Delaware","soybeans",0
42045,"Pennsylvania","Delaware","wheat",0
42047,"Pennsylvania","Elk","barley",0
42047,"Pennsylvania","Elk","corn",0
42047,"Pennsylvania","Elk","oats",0
42047,"Pennsylvania","Elk","soybeans",0
42049,"Pennsylvania","Erie","barley",13.092812835684
42049,"Pennsylvania","Erie","corn",3624.27537766568
42049,"Pennsylvania","Erie","grain sorghum",16.8299208579546
42049,"Pennsylvania","Erie","oats",376.807721606909
42049,"Pennsylvania","Erie","soybeans",3834.10180824692
42049,"Pennsylvania","Erie","sunflower",8.07958453744399
42049,"Pennsylvania","Erie","wheat",327.233434249412
42051,"Pennsylvania","Fayette","barley",7.13980606790998
42051,"Pennsylvania","Fayette","corn",1021.76390264484
42051,"Pennsylvania","Fayette","grain sorghum",2.19365857490242
42051,"Pennsylvania","Fayette","oats",26.878991074555
42051,"Pennsylvania","Fayette","soybeans",652.258294339922
42051,"Pennsylvania","Fayette","sunflower",1.24738915893462
42051,"Pennsylvania","Fayette","wheat",36.9279581389323
42053,"Pennsylvania","Forest","barley",1.69866147584458
42053,"Pennsylvania","Forest","corn",74.3241790317292
42053,"Pennsylvania","Forest","oats",17.6568321975541
42053,"Pennsylvania","Forest","soybeans",23.1209939615387
42055,"Pennsylvania","Franklin","barley",1082.9994528166
42055,"Pennsylvania","Franklin","corn",14399.9795821493
42055,"Pennsylvania","Franklin","grain sorghum",207.12326630963
42055,"Pennsylvania","Franklin","oats",98.5442943940811
42055,"Pennsylvania","Franklin","rapeseed",27.3300341029543
42055,"Pennsylvania","Franklin","soybeans",6006.17583462439
42055,"Pennsylvania","Franklin","sunflower",66.0690560136967
42055,"Pennsylvania","Franklin","wheat",3129.12947958934
42057,"Pennsylvania","Fulton","barley",79.1192701045841
42057,"Pennsylvania","Fulton","corn",1733.11644230183
42057,"Pennsylvania","Fulton","grain sorghum",79.7601402194427
42057,"Pennsylvania","Fulton","oats",83.9662578434131
42057,"Pennsylvania","Fulton","soybeans",541.819439009524
42057,"Pennsylvania","Fulton","sunflower",4.20535057416207
42057,"Pennsylvania","Fulton","wheat",404.504099947042
42059,"Pennsylvania","Greene","barley",0
42059,"Pennsylvania","Greene","corn",0
42059,"Pennsylvania","Greene","oats",0
42059,"Pennsylvania","Greene","soybeans",0
42059,"Pennsylvania","Greene","wheat",0
42061,"Pennsylvania","Huntingdon","barley",45.0203595517595
42061,"Pennsylvania","Huntingdon","corn",4241.45574941825
42061,"Pennsylvania","Huntingdon","grain sorghum",72.8491592376959
42061,"Pennsylvania","Huntingdon","oats",137.504472246635
42061,"Pennsylvania","Huntingdon","rapeseed",2.42409169030902
42061,"Pennsylvania","Huntingdon","soybeans",817.918435333455
42061,"Pennsylvania","Huntingdon","sunflower",0.417577074937438
42061,"Pennsylvania","Huntingdon","wheat",520.332322113614
42063,"Pennsylvania","Indiana","barley",27.5384096924961
42063,"Pennsylvania","Indiana","corn",6261.20029707947
42063,"Pennsylvania","Indiana","dry peas",0.122074426030148
42063,"Pennsylvania","Indiana","grain sorghum",34.2784988292657
42063,"Pennsylvania","Indiana","oats",654.085840408873
42063,"Pennsylvania","Indiana","soybeans",4344.21956570413
42063,"Pennsylvania","Indiana","sunflower",1.7694644141406
42063,"Pennsylvania","Indiana","wheat",434.279682778925
42065,"Pennsylvania","Jefferson","barley",40.100719512897
42065,"Pennsylvania","Jefferson","corn",3860.11975424854
42065,"Pennsylvania","Jefferson","grain sorghum",17.1035250255223
42065,"Pennsylvania","Jefferson","oats",622.516258857444
42065,"Pennsylvania","Jefferson","soybeans",2269.6402261732
42065,"Pennsylvania","Jefferson","wheat",443.161516182399
42067,"Pennsylvania","Juniata","barley",16.9596120432281
42067,"Pennsylvania","Juniata","corn",684.367838795634
42067,"Pennsylvania","Juniata","grain sorghum",3.79192169289887
42067,"Pennsylvania","Juniata","oats",13.4935869543765
42067,"Pennsylvania","Juniata","soybeans",353.333572622013
42067,"Pennsylvania","Juniata","sunflower",1.75110385435544
42067,"Pennsylvania","Juniata","wheat",132.314464037491
42069,"Pennsylvania","Lackawanna","barley",0
42069,"Pennsylvania","Lackawanna","corn",0
42069,"Pennsylvania","Lackawanna","oats",0
42069,"Pennsylvania","Lackawanna","soybeans",0
42069,"Pennsylvania","Lackawanna","sunflower",0
42069,"Pennsylvania","Lackawanna","wheat",0
42071,"Pennsylvania","Lancaster","barley",1562.36981995773
42071,"Pennsylvania","Lancaster","corn",29204.0313597027
42071,"Pennsylvania","Lancaster","grain sorghum",66.4312787825127
42071,"Pennsylvania","Lancaster","oats",53.9830093525911
42071,"Pennsylvania","Lancaster","safflower",0.21417674003867
42071,"Pennsylvania","Lancaster","soybeans",11431.3065485015
42071,"Pennsylvania","Lancaster","wheat",4818.98807362954
42073,"Pennsylvania","Lawrence","barley",11.9645395233928
42073,"Pennsylvania","Lawrence","corn",3093.7890656661
42073,"Pennsylvania","Lawrence","oats",209.847671302633
42073,"Pennsylvania","Lawrence","soybeans",2176.55516775726
42073,"Pennsylvania","Lawrence","sunflower",2.4959671953242
42073,"Pennsylvania","Lawrence","wheat",282.144821888626
42075,"Pennsylvania","Lebanon","barley",182.745232496217
42075,"Pennsylvania","Lebanon","canola",22.7451090588387
42075,"Pennsylvania","Lebanon","corn",3450.01400864911
42075,"Pennsylvania","Lebanon","grain sorghum",16.9975744746497
42075,"Pennsylvania","Lebanon","oats",11.5505558708049
42075,"Pennsylvania","Lebanon","soybeans",1675.65402393072
42075,"Pennsylvania","Lebanon","wheat",438.262828852993
42077,"Pennsylvania","Lehigh","barley",0
42077,"Pennsylvania","Lehigh","canola",0
42077,"Pennsylvania","Lehigh","corn",0
42077,"Pennsylvania","Lehigh","grain sorghum",0
42077,"Pennsylvania","Lehigh","oats",0
42077,"Pennsylvania","Lehigh","soybeans",0
42077,"Pennsylvania","Lehigh","sunflower",0
42077,"Pennsylvania","Lehigh","wheat",0
42079,"Pennsylvania","Luzerne","barley",0.0311422987770718
42079,"Pennsylvania","Luzerne","corn",43.8856484800656
42079,"Pennsylvania","Luzerne","dry peas",0.00390227732116404
42079,"Pennsylvania","Luzerne","mustard",0.00607358337924364
42079,"Pennsylvania","Luzerne","oats",2.76006708369672
42079,"Pennsylvania","Luzerne","rapeseed",0.108109784150537
42079,"Pennsylvania","Luzerne","soybeans",20.2523151894209
42079,"Pennsylvania","Luzerne","sunflower",0.0479205728622323
42079,"Pennsylvania","Luzerne","wheat",4.38635406365651
42081,"Pennsylvania","Lycoming","barley",9.75935270301222
42081,"Pennsylvania","Lycoming","canola",8.78438808332794
42081,"Pennsylvania","Lycoming","corn",1766.62854412124
42081,"Pennsylvania","Lycoming","grain sorghum",13.4445895453365
42081,"Pennsylvania","Lycoming","oats",82.0590188564403
42081,"Pennsylvania","Lycoming","soybeans",1109.23342532509
42081,"Pennsylvania","Lycoming","sunflower",9.45003870641326
42081,"Pennsylvania","Lycoming","wheat",181.182722659138
42083,"Pennsylvania","McKean","corn",0
42083,"Pennsylvania","McKean","oats",0
42083,"Pennsylvania","McKean","soybeans",0
42083,"Pennsylvania","McKean","sunflower",0
42083,"Pennsylvania","McKean","wheat",0
42085,"Pennsylvania","Mercer","barley",28.1464386287328
42085,"Pennsylvania","Mercer","corn",5489.4827423659
42085,"Pennsylvania","Mercer","oats",270.310230783829
42085,"Pennsylvania","Mercer","soybeans",4323.38452066641
42085,"Pennsylvania","Mercer","sunflower",1.39062534076747
42085,"Pennsylvania","Mercer","wheat",363.564892214349
42087,"Pennsylvania","Mifflin","barley",73.0654407045872
42087,"Pennsylvania","Mifflin","canola",1.64811743119266
42087,"Pennsylvania","Mifflin","corn",3737.89792096881
42087,"Pennsylvania","Mifflin","grain sorghum",20.0207811816514
42087,"Pennsylvania","Mifflin","oats",41.4320241027523
42087,"Pennsylvania","Mifflin","soybeans",1477.09668033761
42087,"Pennsylvania","Mifflin","sunflower",2.22633196330275
42087,"Pennsylvania","Mifflin","wheat",354.077703310092
42089,"Pennsylvania","Monroe","barley",0
42089,"Pennsylvania","Monroe","corn",0
42089,"Pennsylvania","Monroe","oats",0
42089,"Pennsylvania","Monroe","soybeans",0
42089,"Pennsylvania","Monroe","wheat",0
42091,"Pennsylvania","Montgomery","barley",0
42091,"Pennsylvania","Montgomery","corn",0
42091,"Pennsylvania","Montgomery","grain sorghum",0
42091,"Pennsylvania","Montgomery","oats",0
42091,"Pennsylvania","Montgomery","soybeans",0
42091,"Pennsylvania","Montgomery","sunflower",0
42091,"Pennsylvania","Montgomery","wheat",0
42093,"Pennsylvania","Montour","barley",0
42093,"Pennsylvania","Montour","corn",0
42093,"Pennsylvania","Montour","grain sorghum",0
42093,"Pennsylvania","Montour","oats",0
42093,"Pennsylvania","Montour","soybeans",0
42093,"Pennsylvania","Montour","wheat",0
42095,"Pennsylvania","Northampton","barley",0
42095,"Pennsylvania","Northampton","canola",0
42095,"Pennsylvania","Northampton","corn",0
42095,"Pennsylvania","Northampton","grain sorghum",0
42095,"Pennsylvania","Northampton","oats",0
42095,"Pennsylvania","Northampton","soybeans",0
42095,"Pennsylvania","Northampton","sunflower",0
42095,"Pennsylvania","Northampton","wheat",0
42097,"Pennsylvania","Northumberland","barley",28.6007683487609
42097,"Pennsylvania","Northumberland","canola",0.47100408541411
42097,"Pennsylvania","Northumberland","corn",710.288894567847
42097,"Pennsylvania","Northumberland","grain sorghum",22.7398575513907
42097,"Pennsylvania","Northumberland","oats",9.96900473459197
42097,"Pennsylvania","Northumberland","soybeans",548.347139634155
42097,"Pennsylvania","Northumberland","sunflower",1.78084304047048
42097,"Pennsylvania","Northumberland","wheat",92.2763013707
42099,"Pennsylvania","Perry","barley",100.180341296798
42099,"Pennsylvania","Perry","canola",1.17789218029482
42099,"Pennsylvania","Perry","corn",1911.53304319374
42099,"Pennsylvania","Perry","grain sorghum",3.6948539861277
42099,"Pennsylvania","Perry","oats",67.4606529712681
42099,"Pennsylvania","Perry","soybeans",1089.58880856088
42099,"Pennsylvania","Perry","sunflower",2.17793338652814
42099,"Pennsylvania","Perry","wheat",370.371541091031
42103,"Pennsylvania","Pike","corn",0
42103,"Pennsylvania","Pike","soybeans",0
42105,"Pennsylvania","Potter","barley",23.5769629115632
42105,"Pennsylvania","Potter","corn",992.205972320104
42105,"Pennsylvania","Potter","grain sorghum",18.3889181781427
42105,"Pennsylvania","Potter","oats",168.138037935044
42105,"Pennsylvania","Potter","soybeans",117.423727764053
42105,"Pennsylvania","Potter","sunflower",1.69552502959735
42105,"Pennsylvania","Potter","wheat",363.063189194831
42107,"Pennsylvania","Schuylkill","barley",33.2085031341415
42107,"Pennsylvania","Schuylkill","canola",5.12354946324415
42107,"Pennsylvania","Schuylkill","corn",1725.60914979681
42107,"Pennsylvania","Schuylkill","grain sorghum",50.1824310838172
42107,"Pennsylvania","Schuylkill","oats",83.9156959959109
42107,"Pennsylvania","Schuylkill","rapeseed",9.94105812730031
42107,"Pennsylvania","Schuylkill","soybeans",992.082251748696
42107,"Pennsylvania","Schuylkill","sunflower",4.45718797649663
42107,"Pennsylvania","Schuylkill","wheat",192.322039340248
42109,"Pennsylvania","Snyder","barley",37.449873592999
42109,"Pennsylvania","Snyder","corn",3349.30561672979
42109,"Pennsylvania","Snyder","grain sorghum",24.988181548266
42109,"Pennsylvania","Snyder","oats",78.3962227668298
42109,"Pennsylvania","Snyder","soybeans",2035.33874879434
42109,"Pennsylvania","Snyder","sunflower",3.51682033649855
42109,"Pennsylvania","Snyder","wheat",418.904869564606
42111,"Pennsylvania","Somerset","barley",30.947406816683
42111,"Pennsylvania","Somerset","corn",5307.36767548577
42111,"Pennsylvania","Somerset","grain sorghum",14.5857289761927
42111,"Pennsylvania","Somerset","oats",429.29533713106
42111,"Pennsylvania","Somerset","soybeans",2347.54439335703
42111,"Pennsylvania","Somerset","sunflower",5.41150045410072
42111,"Pennsylvania","Somerset","wheat",343.017457779167
42113,"Pennsylvania","Sullivan","corn",0
42113,"Pennsylvania","Sullivan","oats",0
42113,"Pennsylvania","Sullivan","soybeans",0
42113,"Pennsylvania","Sullivan","sunflower",0
42113,"Pennsylvania","Sullivan","wheat",0
42115,"Pennsylvania","Susquehanna","barley",0
42115,"Pennsylvania","Susquehanna","corn",0
42115,"Pennsylvania","Susquehanna","oats",0
42115,"Pennsylvania","Susquehanna","soybeans",0
42115,"Pennsylvania","Susquehanna","wheat",0
42117,"Pennsylvania","Tioga","barley",0
42117,"Pennsylvania","Tioga","corn",0
42117,"Pennsylvania","Tioga","grain sorghum",0
42117,"Pennsylvania","Tioga","oats",0
42117,"Pennsylvania","Tioga","soybeans",0
42117,"Pennsylvania","Tioga","sunflower",0
42117,"Pennsylvania","Tioga","wheat",0
42119,"Pennsylvania","Union","barley",17.7330324103907
42119,"Pennsylvania","Union","canola",1.8248184540254
42119,"Pennsylvania","Union","corn",899.930476411876
42119,"Pennsylvania","Union","grain sorghum",0.36631326599559
42119,"Pennsylvania","Union","oats",6.46012724228802
42119,"Pennsylvania","Union","soybeans",620.544466656483
42119,"Pennsylvania","Union","sunflower",1.08158811696593
42119,"Pennsylvania","Union","wheat",118.305110775303
42121,"Pennsylvania","Venango","barley",6.17502743199446
42121,"Pennsylvania","Venango","corn",2237.61970517704
42121,"Pennsylvania","Venango","oats",132.649519993366
42121,"Pennsylvania","Venango","soybeans",1170.93592319003
42121,"Pennsylvania","Venango","wheat",121.665824207571
42123,"Pennsylvania","Warren","barley",0.131286921137521
42123,"Pennsylvania","Warren","corn",565.065735495788
42123,"Pennsylvania","Warren","oats",21.1203895772352
42123,"Pennsylvania","Warren","soybeans",90.2547693790423
42123,"Pennsylvania","Warren","sunflower",0.525147684550083
42123,"Pennsylvania","Warren","wheat",5.64533760891339
42125,"Pennsylvania","Washington","barley",0
42125,"Pennsylvania","Washington","corn",0
42125,"Pennsylvania","Washington","grain sorghum",0
42125,"Pennsylvania","Washington","oats",0
42125,"Pennsylvania","Washington","soybeans",0
42125,"Pennsylvania","Washington","sunflower",0
42125,"Pennsylvania","Washington","wheat",0
42127,"Pennsylvania","Wayne","barley",0
42127,"Pennsylvania","Wayne","corn",0
42127,"Pennsylvania","Wayne","oats",0
42127,"Pennsylvania","Wayne","soybeans",0
42127,"Pennsylvania","Wayne","sunflower",0
42127,"Pennsylvania","Wayne","wheat",0
42129,"Pennsylvania","Westmoreland","barley",0
42129,"Pennsylvania","Westmoreland","corn",0
42129,"Pennsylvania","Westmoreland","grain sorghum",0
42129,"Pennsylvania","Westmoreland","oats",0
42129,"Pennsylvania","Westmoreland","soybeans",0
42129,"Pennsylvania","Westmoreland","sunflower",0
42129,"Pennsylvania","Westmoreland","wheat",0
42131,"Pennsylvania","Wyoming","barley",0
42131,"Pennsylvania","Wyoming","corn",0
42131,"Pennsylvania","Wyoming","grain sorghum",0
42131,"Pennsylvania","Wyoming","oats",0
42131,"Pennsylvania","Wyoming","soybeans",0
42131,"Pennsylvania","Wyoming","sunflower",0
42131,"Pennsylvania","Wyoming","wheat",0
42133,"Pennsylvania","York","barley",456.241760014515
42133,"Pennsylvania","York","corn",14412.8482361852
42133,"Pennsylvania","York","grain sorghum",57.3555699366718
42133,"Pennsylvania","York","oats",71.9487196169226
42133,"Pennsylvania","York","soybeans",9707.44550913005
42133,"Pennsylvania","York","sunflower",18.3338742067419
42133,"Pennsylvania","York","wheat",3610.80207757661
72001,"Puerto Rico","Adjuntas","corn",2.94373333333333
72013,"Puerto Rico","Arecibo","corn",124.669326265209
72013,"Puerto Rico","Arecibo","grain sorghum",182.856573734791
72019,"Puerto Rico","Barranquitas","corn",17.63868
72047,"Puerto Rico","Corozal","corn",8.8836
72097,"Puerto Rico","Mayaguez","corn",10.0131704431831
72097,"Puerto Rico","Mayaguez","dry peas",22.5017962234835
72113,"Puerto Rico","Ponce","corn",39.7019043478261
72113,"Puerto Rico","Ponce","cotton",3.34331826086957
72113,"Puerto Rico","Ponce","grain sorghum",5.01497739130435
44001,"Rhode Island","Bristol","barley",1.50142426619329
44001,"Rhode Island","Bristol","corn",17.1492679684597
44001,"Rhode Island","Bristol","wheat",5.59530776534698
44003,"Rhode Island","Kent","corn",0
44005,"Rhode Island","Newport","corn",126.684834533187
44005,"Rhode Island","Newport","oats",0.870520215838782
44005,"Rhode Island","Newport","sunflower",0.213027605688645
44005,"Rhode Island","Newport","wheat",3.1752509786184
44007,"Rhode Island","Providence","corn",249.0343
44009,"Rhode Island","Washington","corn",0
44009,"Rhode Island","Washington","oats",0
45001,"South Carolina","Abbeville","corn",0
45001,"South Carolina","Abbeville","cotton",0
45001,"South Carolina","Abbeville","grain sorghum",0
45001,"South Carolina","Abbeville","oats",0
45001,"South Carolina","Abbeville","soybeans",0
45001,"South Carolina","Abbeville","wheat",0
45003,"South Carolina","Aiken","barley",0
45003,"South Carolina","Aiken","corn",0
45003,"South Carolina","Aiken","cotton",0
45003,"South Carolina","Aiken","grain sorghum",0
45003,"South Carolina","Aiken","oats",0
45003,"South Carolina","Aiken","peanuts",0
45003,"South Carolina","Aiken","soybeans",0
45003,"South Carolina","Aiken","sunflower",0
45003,"South Carolina","Aiken","wheat",0
45005,"South Carolina","Allendale","corn",0
45005,"South Carolina","Allendale","cotton",0
45005,"South Carolina","Allendale","grain sorghum",0
45005,"South Carolina","Allendale","oats",0
45005,"South Carolina","Allendale","peanuts",0
45005,"South Carolina","Allendale","soybeans",0
45005,"South Carolina","Allendale","wheat",0
45007,"South Carolina","Anderson","barley",0
45007,"South Carolina","Anderson","corn",0
45007,"South Carolina","Anderson","cotton",0
45007,"South Carolina","Anderson","grain sorghum",0
45007,"South Carolina","Anderson","oats",0
45007,"South Carolina","Anderson","soybeans",0
45007,"South Carolina","Anderson","sunflower",0
45007,"South Carolina","Anderson","wheat",0
45009,"South Carolina","Bamberg","corn",0
45009,"South Carolina","Bamberg","cotton",0
45009,"South Carolina","Bamberg","dry peas",0
45009,"South Carolina","Bamberg","grain sorghum",0
45009,"South Carolina","Bamberg","oats",0
45009,"South Carolina","Bamberg","peanuts",0
45009,"South Carolina","Bamberg","sesame",0
45009,"South Carolina","Bamberg","soybeans",0
45009,"South Carolina","Bamberg","sunflower",0
45009,"South Carolina","Bamberg","wheat",0
45011,"South Carolina","Barnwell","corn",0
45011,"South Carolina","Barnwell","cotton",0
45011,"South Carolina","Barnwell","grain sorghum",0
45011,"South Carolina","Barnwell","oats",0
45011,"South Carolina","Barnwell","peanuts",0
45011,"South Carolina","Barnwell","sesame",0
45011,"South Carolina","Barnwell","soybeans",0
45011,"South Carolina","Barnwell","sunflower",0
45011,"South Carolina","Barnwell","wheat",0
45013,"South Carolina","Beaufort","corn",0
45013,"South Carolina","Beaufort","rice_long grain",0
45013,"South Carolina","Beaufort","soybeans",0
45015,"South Carolina","Berkeley","corn",0
45015,"South Carolina","Berkeley","cotton",0
45015,"South Carolina","Berkeley","oats",0
45015,"South Carolina","Berkeley","peanuts",0
45015,"South Carolina","Berkeley","soybeans",0
45015,"South Carolina","Berkeley","wheat",0
45017,"South Carolina","Calhoun","corn",0
45017,"South Carolina","Calhoun","cotton",0
45017,"South Carolina","Calhoun","dry peas",0
45017,"South Carolina","Calhoun","grain sorghum",0
45017,"South Carolina","Calhoun","oats",0
45017,"South Carolina","Calhoun","peanuts",0
45017,"South Carolina","Calhoun","rice_long grain",0
45017,"South Carolina","Calhoun","rice_short/medium grain",0
45017,"South Carolina","Calhoun","sesame",0
45017,"South Carolina","Calhoun","soybeans",0
45017,"South Carolina","Calhoun","wheat",0
45019,"South Carolina","Charleston","corn",243.431526035639
45019,"South Carolina","Charleston","peanuts",260.181764552938
45019,"South Carolina","Charleston","soybeans",128.265353738619
45019,"South Carolina","Charleston","wheat",114.440355672805
45021,"South Carolina","Cherokee","corn",90.4807008829435
45021,"South Carolina","Cherokee","grain sorghum",126.70740361357
45021,"South Carolina","Cherokee","oats",8.03568745086735
45021,"South Carolina","Cherokee","soybeans",779.06844696526
45021,"South Carolina","Cherokee","wheat",314.409094420692
45023,"South Carolina","Chester","corn",0
45023,"South Carolina","Chester","cotton",0
45023,"South Carolina","Chester","grain sorghum",0
45023,"South Carolina","Chester","oats",0
45023,"South Carolina","Chester","soybeans",0
45023,"South Carolina","Chester","sunflower",0
45023,"South Carolina","Chester","wheat",0
45025,"South Carolina","Chesterfield","corn",2786.51838085931
45025,"South Carolina","Chesterfield","cotton",734.834554910258
45025,"South Carolina","Chesterfield","grain sorghum",128.22504324013
45025,"South Carolina","Chesterfield","oats",53.9705189070044
45025,"South Carolina","Chesterfield","peanuts",283.156201669428
45025,"South Carolina","Chesterfield","sesame",22.818879015218
45025,"South Carolina","Chesterfield","soybeans",4488.3523844996
45025,"South Carolina","Chesterfield","sunflower",3.45078211238299
45025,"South Carolina","Chesterfield","wheat",2753.26975478666
45027,"South Carolina","Clarendon","barley",0.353727211172054
45027,"South Carolina","Clarendon","corn",1215.27305301539
45027,"South Carolina","Clarendon","cotton",219.145326591845
45027,"South Carolina","Clarendon","dry peas",8.63319494394193
45027,"South Carolina","Clarendon","grain sorghum",26.7538682038255
45027,"South Carolina","Clarendon","oats",42.2327780225994
45027,"South Carolina","Clarendon","peanuts",54.6758079729795
45027,"South Carolina","Clarendon","rice_short/medium grain",1.08562096810623
45027,"South Carolina","Clarendon","sesame",5.14255051005771
45027,"South Carolina","Clarendon","soybeans",882.953718798294
45027,"South Carolina","Clarendon","sunflower",0.209020624783486
45027,"South Carolina","Clarendon","wheat",367.511253137006
45029,"South Carolina","Colleton","barley",0
45029,"South Carolina","Colleton","corn",0
45029,"South Carolina","Colleton","cotton",0
45029,"South Carolina","Colleton","grain sorghum",0
45029,"South Carolina","Colleton","oats",0
45029,"South Carolina","Colleton","peanuts",0
45029,"South Carolina","Colleton","sesame",0
45029,"South Carolina","Colleton","soybeans",0
45029,"South Carolina","Colleton","sunflower",0
45029,"South Carolina","Colleton","wheat",0
45031,"South Carolina","Darlington","corn",0
45031,"South Carolina","Darlington","cotton",0
45031,"South Carolina","Darlington","dry peas",0
45031,"South Carolina","Darlington","grain sorghum",0
45031,"South Carolina","Darlington","oats",0
45031,"South Carolina","Darlington","peanuts",0
45031,"South Carolina","Darlington","rice_long grain",0
45031,"South Carolina","Darlington","sesame",0
45031,"South Carolina","Darlington","soybeans",0
45031,"South Carolina","Darlington","wheat",0
45033,"South Carolina","Dillon","corn",0
45033,"South Carolina","Dillon","cotton",0
45033,"South Carolina","Dillon","dry peas",0
45033,"South Carolina","Dillon","grain sorghum",0
45033,"South Carolina","Dillon","oats",0
45033,"South Carolina","Dillon","peanuts",0
45033,"South Carolina","Dillon","sesame",0
45033,"South Carolina","Dillon","soybeans",0
45033,"South Carolina","Dillon","wheat",0
45035,"South Carolina","Dorchester","barley",0
45035,"South Carolina","Dorchester","corn",0
45035,"South Carolina","Dorchester","cotton",0
45035,"South Carolina","Dorchester","grain sorghum",0
45035,"South Carolina","Dorchester","oats",0
45035,"South Carolina","Dorchester","peanuts",0
45035,"South Carolina","Dorchester","sesame",0
45035,"South Carolina","Dorchester","soybeans",0
45035,"South Carolina","Dorchester","wheat",0
45037,"South Carolina","Edgefield","corn",0
45037,"South Carolina","Edgefield","cotton",0
45037,"South Carolina","Edgefield","grain sorghum",0
45037,"South Carolina","Edgefield","oats",0
45037,"South Carolina","Edgefield","sesame",0
45037,"South Carolina","Edgefield","soybeans",0
45037,"South Carolina","Edgefield","wheat",0
45039,"South Carolina","Fairfield","corn",0
45039,"South Carolina","Fairfield","wheat",0
45041,"South Carolina","Florence","corn",0
45041,"South Carolina","Florence","cotton",0
45041,"South Carolina","Florence","grain sorghum",0
45041,"South Carolina","Florence","oats",0
45041,"South Carolina","Florence","peanuts",0
45041,"South Carolina","Florence","sesame",0
45041,"South Carolina","Florence","soybeans",0
45041,"South Carolina","Florence","wheat",0
45043,"South Carolina","Georgetown","corn",0
45043,"South Carolina","Georgetown","cotton",0
45043,"South Carolina","Georgetown","grain sorghum",0
45043,"South Carolina","Georgetown","oats",0
45043,"South Carolina","Georgetown","peanuts",0
45043,"South Carolina","Georgetown","sesame",0
45043,"South Carolina","Georgetown","soybeans",0
45043,"South Carolina","Georgetown","wheat",0
45045,"South Carolina","Greenville","barley",0
45045,"South Carolina","Greenville","corn",0
45045,"South Carolina","Greenville","grain sorghum",0
45045,"South Carolina","Greenville","oats",0
45045,"South Carolina","Greenville","soybeans",0
45045,"South Carolina","Greenville","sunflower",0
45045,"South Carolina","Greenville","wheat",0
45047,"South Carolina","Greenwood","corn",0
45047,"South Carolina","Greenwood","oats",0
45047,"South Carolina","Greenwood","wheat",0
45049,"South Carolina","Hampton","corn",0
45049,"South Carolina","Hampton","cotton",0
45049,"South Carolina","Hampton","grain sorghum",0
45049,"South Carolina","Hampton","oats",0
45049,"South Carolina","Hampton","peanuts",0
45049,"South Carolina","Hampton","soybeans",0
45049,"South Carolina","Hampton","sunflower",0
45049,"South Carolina","Hampton","wheat",0
45051,"South Carolina","Horry","corn",0
45051,"South Carolina","Horry","cotton",0
45051,"South Carolina","Horry","grain sorghum",0
45051,"South Carolina","Horry","oats",0
45051,"South Carolina","Horry","peanuts",0
45051,"South Carolina","Horry","sesame",0
45051,"South Carolina","Horry","soybeans",0
45051,"South Carolina","Horry","sunflower",0
45051,"South Carolina","Horry","wheat",0
45053,"South Carolina","Jasper","corn",0
45053,"South Carolina","Jasper","cotton",0
45053,"South Carolina","Jasper","oats",0
45053,"South Carolina","Jasper","peanuts",0
45053,"South Carolina","Jasper","rice_long grain",0
45053,"South Carolina","Jasper","soybeans",0
45053,"South Carolina","Jasper","sunflower",0
45053,"South Carolina","Jasper","wheat",0
45055,"South Carolina","Kershaw","corn",0
45055,"South Carolina","Kershaw","cotton",0
45055,"South Carolina","Kershaw","grain sorghum",0
45055,"South Carolina","Kershaw","oats",0
45055,"South Carolina","Kershaw","sesame",0
45055,"South Carolina","Kershaw","soybeans",0
45055,"South Carolina","Kershaw","sunflower",0
45055,"South Carolina","Kershaw","wheat",0
45057,"South Carolina","Lancaster","corn",542.432445575657
45057,"South Carolina","Lancaster","cotton",308.833706328211
45057,"South Carolina","Lancaster","grain sorghum",150.574230755933
45057,"South Carolina","Lancaster","oats",58.9222726206784
45057,"South Carolina","Lancaster","soybeans",911.034287582538
45057,"South Carolina","Lancaster","wheat",727.844390470316
45059,"South Carolina","Laurens","barley",0
45059,"South Carolina","Laurens","corn",0
45059,"South Carolina","Laurens","grain sorghum",0
45059,"South Carolina","Laurens","oats",0
45059,"South Carolina","Laurens","sesame",0
45059,"South Carolina","Laurens","soybeans",0
45059,"South Carolina","Laurens","wheat",0
45061,"South Carolina","Lee","corn",0
45061,"South Carolina","Lee","cotton",0
45061,"South Carolina","Lee","grain sorghum",0
45061,"South Carolina","Lee","oats",0
45061,"South Carolina","Lee","peanuts",0
45061,"South Carolina","Lee","soybeans",0
45061,"South Carolina","Lee","sunflower",0
45061,"South Carolina","Lee","wheat",0
45063,"South Carolina","Lexington","corn",0
45063,"South Carolina","Lexington","cotton",0
45063,"South Carolina","Lexington","grain sorghum",0
45063,"South Carolina","Lexington","oats",0
45063,"South Carolina","Lexington","peanuts",0
45063,"South Carolina","Lexington","sesame",0
45063,"South Carolina","Lexington","soybeans",0
45063,"South Carolina","Lexington","sunflower",0
45063,"South Carolina","Lexington","wheat",0
45067,"South Carolina","Marion","corn",0
45067,"South Carolina","Marion","cotton",0
45067,"South Carolina","Marion","grain sorghum",0
45067,"South Carolina","Marion","oats",0
45067,"South Carolina","Marion","peanuts",0
45067,"South Carolina","Marion","sesame",0
45067,"South Carolina","Marion","soybeans",0
45067,"South Carolina","Marion","wheat",0
45069,"South Carolina","Marlboro","barley",0
45069,"South Carolina","Marlboro","corn",0
45069,"South Carolina","Marlboro","cotton",0
45069,"South Carolina","Marlboro","dry peas",0
45069,"South Carolina","Marlboro","grain sorghum",0
45069,"South Carolina","Marlboro","oats",0
45069,"South Carolina","Marlboro","peanuts",0
45069,"South Carolina","Marlboro","rice_long grain",0
45069,"South Carolina","Marlboro","sesame",0
45069,"South Carolina","Marlboro","soybeans",0
45069,"South Carolina","Marlboro","sunflower",0
45069,"South Carolina","Marlboro","wheat",0
45071,"South Carolina","Newberry","barley",0
45071,"South Carolina","Newberry","corn",0
45071,"South Carolina","Newberry","cotton",0
45071,"South Carolina","Newberry","grain sorghum",0
45071,"South Carolina","Newberry","oats",0
45071,"South Carolina","Newberry","sesame",0
45071,"South Carolina","Newberry","soybeans",0
45071,"South Carolina","Newberry","sunflower",0
45071,"South Carolina","Newberry","wheat",0
45073,"South Carolina","Oconee","barley",0
45073,"South Carolina","Oconee","corn",0
45073,"South Carolina","Oconee","cotton",0
45073,"South Carolina","Oconee","grain sorghum",0
45073,"South Carolina","Oconee","oats",0
45073,"South Carolina","Oconee","soybeans",0
45073,"South Carolina","Oconee","sunflower",0
45073,"South Carolina","Oconee","wheat",0
45075,"South Carolina","Orangeburg","corn",0
45075,"South Carolina","Orangeburg","cotton",0
45075,"South Carolina","Orangeburg","dry peas",0
45075,"South Carolina","Orangeburg","grain sorghum",0
45075,"South Carolina","Orangeburg","oats",0
45075,"South Carolina","Orangeburg","peanuts",0
45075,"South Carolina","Orangeburg","rice_long grain",0
45075,"South Carolina","Orangeburg","sesame",0
45075,"South Carolina","Orangeburg","soybeans",0
45075,"South Carolina","Orangeburg","sunflower",0
45075,"South Carolina","Orangeburg","wheat",0
45077,"South Carolina","Pickens","corn",0
45077,"South Carolina","Pickens","oats",0
45077,"South Carolina","Pickens","soybeans",0
45077,"South Carolina","Pickens","wheat",0
45079,"South Carolina","Richland","barley",0
45079,"South Carolina","Richland","corn",0
45079,"South Carolina","Richland","cotton",0
45079,"South Carolina","Richland","grain sorghum",0
45079,"South Carolina","Richland","oats",0
45079,"South Carolina","Richland","peanuts",0
45079,"South Carolina","Richland","sesame",0
45079,"South Carolina","Richland","soybeans",0
45079,"South Carolina","Richland","wheat",0
45081,"South Carolina","Saluda","corn",0
45081,"South Carolina","Saluda","cotton",0
45081,"South Carolina","Saluda","grain sorghum",0
45081,"South Carolina","Saluda","oats",0
45081,"South Carolina","Saluda","sesame",0
45081,"South Carolina","Saluda","soybeans",0
45081,"South Carolina","Saluda","sunflower",0
45081,"South Carolina","Saluda","wheat",0
45083,"South Carolina","Spartanburg","corn",80.6820499468027
45083,"South Carolina","Spartanburg","grain sorghum",5.51367588102468
45083,"South Carolina","Spartanburg","oats",29.853902574033
45083,"South Carolina","Spartanburg","soybeans",329.909151037037
45083,"South Carolina","Spartanburg","wheat",161.229220561104
45085,"South Carolina","Sumter","corn",0
45085,"South Carolina","Sumter","cotton",0
45085,"South Carolina","Sumter","grain sorghum",0
45085,"South Carolina","Sumter","oats",0
45085,"South Carolina","Sumter","peanuts",0
45085,"South Carolina","Sumter","sesame",0
45085,"South Carolina","Sumter","soybeans",0
45085,"South Carolina","Sumter","sunflower",0
45085,"South Carolina","Sumter","wheat",0
45087,"South Carolina","Union","corn",0
45087,"South Carolina","Union","soybeans",0
45087,"South Carolina","Union","wheat",0
45089,"South Carolina","Williamsburg","corn",1401.93803862458
45089,"South Carolina","Williamsburg","cotton",1357.0215781505
45089,"South Carolina","Williamsburg","grain sorghum",41.0498396856017
45089,"South Carolina","Williamsburg","oats",23.9143774762528
45089,"South Carolina","Williamsburg","peanuts",129.241539186918
45089,"South Carolina","Williamsburg","sesame",26.5092207253081
45089,"South Carolina","Williamsburg","soybeans",2205.40498664257
45089,"South Carolina","Williamsburg","wheat",340.078752841592
45091,"South Carolina","York","corn",0
45091,"South Carolina","York","cotton",0
45091,"South Carolina","York","grain sorghum",0
45091,"South Carolina","York","oats",0
45091,"South Carolina","York","soybeans",0
45091,"South Carolina","York","sunflower",0
45091,"South Carolina","York","wheat",0
46003,"South Dakota","Aurora","barley",8.13598823800012
46003,"South Dakota","Aurora","corn",6797.3286116865
46003,"South Dakota","Aurora","dry peas",11.6429292531828
46003,"South Dakota","Aurora","grain sorghum",240.683540763036
46003,"South Dakota","Aurora","oats",325.063931646434
46003,"South Dakota","Aurora","soybeans",5550.20274662738
46003,"South Dakota","Aurora","sunflower",159.260000289326
46003,"South Dakota","Aurora","wheat",727.984584829523
46005,"South Dakota","Beadle","barley",43.5217562867874
46005,"South Dakota","Beadle","corn",29578.7156768497
46005,"South Dakota","Beadle","dry peas",25.5183876705019
46005,"South Dakota","Beadle","grain sorghum",70.9817669062007
46005,"South Dakota","Beadle","oats",410.40327496912
46005,"South Dakota","Beadle","soybeans",22849.3749166363
46005,"South Dakota","Beadle","sunflower",130.425189937855
46005,"South Dakota","Beadle","wheat",1318.61453074358
46007,"South Dakota","Bennett","barley",0
46007,"South Dakota","Bennett","corn",0
46007,"South Dakota","Bennett","dry peas",0
46007,"South Dakota","Bennett","grain sorghum",0
46007,"South Dakota","Bennett","oats",0
46007,"South Dakota","Bennett","safflower",0
46007,"South Dakota","Bennett","soybeans",0
46007,"South Dakota","Bennett","sunflower",0
46007,"South Dakota","Bennett","wheat",0
46009,"South Dakota","Bon Homme","barley",4.17885726292024
46009,"South Dakota","Bon Homme","corn",1688.35296388539
46009,"South Dakota","Bon Homme","grain sorghum",1.36226657179333
46009,"South Dakota","Bon Homme","oats",21.0475739296145
46009,"South Dakota","Bon Homme","soybeans",1339.08291070686
46009,"South Dakota","Bon Homme","sunflower",22.797767501378
46009,"South Dakota","Bon Homme","wheat",62.3994934754128
46011,"South Dakota","Brookings","barley",5.56602803422608
46011,"South Dakota","Brookings","canola",0.0526057823787707
46011,"South Dakota","Brookings","chickpeas_small",0.00125536526131157
46011,"South Dakota","Brookings","corn",923.172121099941
46011,"South Dakota","Brookings","dry peas",0.0016538939156962
46011,"South Dakota","Brookings","grain sorghum",0.459314237394642
46011,"South Dakota","Brookings","oats",23.0804761663352
46011,"South Dakota","Brookings","rapeseed",0.0029889649078847
46011,"South Dakota","Brookings","soybeans",716.724832601067
46011,"South Dakota","Brookings","sunflower",0.0358914906138795
46011,"South Dakota","Brookings","wheat",15.710322364052
46013,"South Dakota","Brown","barley",80.3484759947413
46013,"South Dakota","Brown","corn",43924.9015377603
46013,"South Dakota","Brown","grain sorghum",14.7466552511441
46013,"South Dakota","Brown","oats",300.132396958148
46013,"South Dakota","Brown","soybeans",29812.4638466176
46013,"South Dakota","Brown","sunflower",275.91522327193
46013,"South Dakota","Brown","wheat",1193.23586414605
46015,"South Dakota","Brule","barley",4.83820160707314
46015,"South Dakota","Brule","corn",3707.44759095551
46015,"South Dakota","Brule","grain sorghum",136.909370793972
46015,"South Dakota","Brule","oats",281.094592931416
46015,"South Dakota","Brule","soybeans",2992.35527098512
46015,"South Dakota","Brule","sunflower",31.9348632233655
46015,"South Dakota","Brule","wheat",778.319276170186
46017,"South Dakota","Buffalo","barley",9.92828741118965
46017,"South Dakota","Buffalo","corn",2313.02382074836
46017,"South Dakota","Buffalo","dry peas",19.414209838098
46017,"South Dakota","Buffalo","grain sorghum",282.510607607409
46017,"South Dakota","Buffalo","oats",201.917909216481
46017,"South Dakota","Buffalo","soybeans",1557.47934318546
46017,"South Dakota","Buffalo","sunflower",365.689904732513
46017,"South Dakota","Buffalo","wheat",1130.60741726049
46019,"South Dakota","Butte","barley",0
46019,"South Dakota","Butte","corn",0
46019,"South Dakota","Butte","dry peas",0
46019,"South Dakota","Butte","flaxseed",0
46019,"South Dakota","Butte","grain sorghum",0
46019,"South Dakota","Butte","lentils",0
46019,"South Dakota","Butte","oats",0
46019,"South Dakota","Butte","soybeans",0
46019,"South Dakota","Butte","sunflower",0
46019,"South Dakota","Butte","wheat",0
46021,"South Dakota","Campbell","barley",55.3720984778014
46021,"South Dakota","Campbell","corn",3052.07199502206
46021,"South Dakota","Campbell","dry peas",12.7544467456563
46021,"South Dakota","Campbell","grain sorghum",13.5832432883865
46021,"South Dakota","Campbell","oats",243.898150425391
46021,"South Dakota","Campbell","soybeans",2914.76253510956
46021,"South Dakota","Campbell","sunflower",201.761842369058
46021,"South Dakota","Campbell","wheat",972.450188562058
46023,"South Dakota","Charles Mix","barley",5.33868649040875
46023,"South Dakota","Charles Mix","corn",4738.02786483649
46023,"South Dakota","Charles Mix","dry peas",13.7767897838606
46023,"South Dakota","Charles Mix","grain sorghum",122.506581188358
46023,"South Dakota","Charles Mix","oats",141.865973435471
46023,"South Dakota","Charles Mix","soybeans",4224.42914169416
46023,"South Dakota","Charles Mix","sunflower",79.9012624751444
46023,"South Dakota","Charles Mix","wheat",921.968200096147
46025,"South Dakota","Clark","barley",16.7075132467544
46025,"South Dakota","Clark","corn",12005.9363775173
46025,"South Dakota","Clark","dry peas",30.0639505102538
46025,"South Dakota","Clark","flaxseed",7.22254857873063
46025,"South Dakota","Clark","grain sorghum",3.75209230345839
46025,"South Dakota","Clark","oats",418.067491590354
46025,"South Dakota","Clark","soybeans",10932.3506387561
46025,"South Dakota","Clark","sunflower",68.2003216347099
46025,"South Dakota","Clark","wheat",691.870732528907
46027,"South Dakota","Clay","barley",0.107389995777104
46027,"South Dakota","Clay","canola",0.0102276186454385
46027,"South Dakota","Clay","corn",2656.17397907034
46027,"South Dakota","Clay","grain sorghum",1.00767612704183
46027,"South Dakota","Clay","oats",7.14424731430492
46027,"South Dakota","Clay","soybeans",2170.61179560743
46027,"South Dakota","Clay","wheat",16.8379842664515
46029,"South Dakota","Codington","barley",0.559724057533042
46029,"South Dakota","Codington","corn",2218.72055639528
46029,"South Dakota","Codington","grain sorghum",0.0411551770140744
46029,"South Dakota","Codington","oats",90.4166134863251
46029,"South Dakota","Codington","soybeans",1972.61583293468
46029,"South Dakota","Codington","sunflower",11.9001934729254
46029,"South Dakota","Codington","wheat",247.977591142926
46031,"South Dakota","Corson","barley",0
46031,"South Dakota","Corson","canola",0
46031,"South Dakota","Corson","corn",0
46031,"South Dakota","Corson","dry peas",0
46031,"South Dakota","Corson","flaxseed",0
46031,"South Dakota","Corson","grain sorghum",0
46031,"South Dakota","Corson","oats",0
46031,"South Dakota","Corson","soybeans",0
46031,"South Dakota","Corson","sunflower",0
46031,"South Dakota","Corson","wheat",0
46033,"South Dakota","Custer","barley",0
46033,"South Dakota","Custer","corn",0
46033,"South Dakota","Custer","grain sorghum",0
46033,"South Dakota","Custer","oats",0
46033,"South Dakota","Custer","soybeans",0
46033,"South Dakota","Custer","sunflower",0
46033,"South Dakota","Custer","wheat",0
46035,"South Dakota","Davison","barley",4.85293171337204
46035,"South Dakota","Davison","corn",3821.07508825334
46035,"South Dakota","Davison","grain sorghum",44.1776833492813
46035,"South Dakota","Davison","oats",49.0462359917066
46035,"South Dakota","Davison","soybeans",3246.41895566241
46035,"South Dakota","Davison","sunflower",40.1133556428204
46035,"South Dakota","Davison","wheat",360.970749387124
46037,"South Dakota","Day","barley",6.44352026061506
46037,"South Dakota","Day","canola",4.11392162329534
46037,"South Dakota","Day","corn",2732.01140127965
46037,"South Dakota","Day","grain sorghum",1.00435767177467
46037,"South Dakota","Day","oats",74.7063942194552
46037,"South Dakota","Day","soybeans",2668.74031273983
46037,"South Dakota","Day","sunflower",8.87355466511224
46037,"South Dakota","Day","wheat",341.703370873639
46039,"South Dakota","Deuel","barley",2.69806470824421
46039,"South Dakota","Deuel","corn",8724.77274409684
46039,"South Dakota","Deuel","dry peas",5.63126368086488
46039,"South Dakota","Deuel","flaxseed",37.2350036171216
46039,"South Dakota","Deuel","grain sorghum",3.6667957024688
46039,"South Dakota","Deuel","oats",528.309707311064
46039,"South Dakota","Deuel","soybeans",7072.7098990137
46039,"South Dakota","Deuel","wheat",511.951521869674
46041,"South Dakota","Dewey","barley",0
46041,"South Dakota","Dewey","corn",0
46041,"South Dakota","Dewey","flaxseed",0
46041,"South Dakota","Dewey","grain sorghum",0
46041,"South Dakota","Dewey","oats",0
46041,"South Dakota","Dewey","soybeans",0
46041,"South Dakota","Dewey","sunflower",0
46041,"South Dakota","Dewey","wheat",0
46043,"South Dakota","Douglas","barley",23.6112767499041
46043,"South Dakota","Douglas","corn",6543.23079429444
46043,"South Dakota","Douglas","dry peas",0.0827482637851182
46043,"South Dakota","Douglas","grain sorghum",64.9148093283156
46043,"South Dakota","Douglas","oats",123.403087588302
46043,"South Dakota","Douglas","soybeans",5873.61078055085
46043,"South Dakota","Douglas","sunflower",37.5711721403838
46043,"South Dakota","Douglas","wheat",381.597831083956
46045,"South Dakota","Edmunds","barley",58.5829338587211
46045,"South Dakota","Edmunds","corn",33371.2318057952
46045,"South Dakota","Edmunds","dry peas",87.4293261020531
46045,"South Dakota","Edmunds","flaxseed",31.4397981916298
46045,"South Dakota","Edmunds","grain sorghum",7.99364547211217
46045,"South Dakota","Edmunds","oats",740.669520468607
46045,"South Dakota","Edmunds","soybeans",34861.1704184438
46045,"South Dakota","Edmunds","sunflower",566.983158548637
46045,"South Dakota","Edmunds","wheat",5495.20405978589
46047,"South Dakota","Fall River","barley",0
46047,"South Dakota","Fall River","corn",0
46047,"South Dakota","Fall River","dry peas",0
46047,"South Dakota","Fall River","grain sorghum",0
46047,"South Dakota","Fall River","oats",0
46047,"South Dakota","Fall River","safflower",0
46047,"South Dakota","Fall River","soybeans",0
46047,"South Dakota","Fall River","sunflower",0
46047,"South Dakota","Fall River","wheat",0
46049,"South Dakota","Faulk","barley",64.8528724380756
46049,"South Dakota","Faulk","corn",22579.0707869182
46049,"South Dakota","Faulk","dry peas",10.2757259679276
46049,"South Dakota","Faulk","grain sorghum",151.473977892324
46049,"South Dakota","Faulk","oats",464.729816966564
46049,"South Dakota","Faulk","soybeans",22251.8356079204
46049,"South Dakota","Faulk","sunflower",561.617228567243
46049,"South Dakota","Faulk","wheat",2606.69198332919
46051,"South Dakota","Grant","barley",8.29880341061549
46051,"South Dakota","Grant","corn",8965.29159838198
46051,"South Dakota","Grant","dry peas",7.20203113494133
46051,"South Dakota","Grant","grain sorghum",5.08447331053871
46051,"South Dakota","Grant","oats",116.763401831334
46051,"South Dakota","Grant","soybeans",7446.33125435511
46051,"South Dakota","Grant","sunflower",8.70488609219206
46051,"South Dakota","Grant","wheat",751.43571814997
46053,"South Dakota","Gregory","corn",0
46053,"South Dakota","Gregory","dry peas",0
46053,"South Dakota","Gregory","grain sorghum",0
46053,"South Dakota","Gregory","oats",0
46053,"South Dakota","Gregory","soybeans",0
46053,"South Dakota","Gregory","sunflower",0
46053,"South Dakota","Gregory","wheat",0
46055,"South Dakota","Haakon","barley",0
46055,"South Dakota","Haakon","corn",0
46055,"South Dakota","Haakon","dry peas",0
46055,"South Dakota","Haakon","grain sorghum",0
46055,"South Dakota","Haakon","oats",0
46055,"South Dakota","Haakon","safflower",0
46055,"South Dakota","Haakon","soybeans",0
46055,"South Dakota","Haakon","sunflower",0
46055,"South Dakota","Haakon","wheat",0
46057,"South Dakota","Hamlin","barley",2.2716906020341
46057,"South Dakota","Hamlin","corn",1424.07841771123
46057,"South Dakota","Hamlin","grain sorghum",0.0957480680215471
46057,"South Dakota","Hamlin","oats",47.5351990739138
46057,"South Dakota","Hamlin","soybeans",1162.36192850389
46057,"South Dakota","Hamlin","sunflower",10.2546426990069
46057,"South Dakota","Hamlin","wheat",44.9278733419203
46059,"South Dakota","Hand","barley",73.5036642549719
46059,"South Dakota","Hand","corn",31889.1920414781
46059,"South Dakota","Hand","dry peas",27.6477493504917
46059,"South Dakota","Hand","grain sorghum",234.934856883197
46059,"South Dakota","Hand","oats",606.384971415759
46059,"South Dakota","Hand","soybeans",27368.8867984612
46059,"South Dakota","Hand","sunflower",2034.29253125884
46059,"South Dakota","Hand","wheat",3751.01405356413
46061,"South Dakota","Hanson","barley",3.62768398676943
46061,"South Dakota","Hanson","corn",4473.0361258979
46061,"South Dakota","Hanson","grain sorghum",29.2988101756741
46061,"South Dakota","Hanson","oats",50.6161277032885
46061,"South Dakota","Hanson","soybeans",3435.95314929219
46061,"South Dakota","Hanson","sunflower",24.859976165111
46061,"South Dakota","Hanson","wheat",126.443126779058
46063,"South Dakota","Harding","barley",0
46063,"South Dakota","Harding","corn",0
46063,"South Dakota","Harding","dry peas",0
46063,"South Dakota","Harding","oats",0
46063,"South Dakota","Harding","safflower",0
46063,"South Dakota","Harding","sunflower",0
46063,"South Dakota","Harding","wheat",0
46065,"South Dakota","Hughes","barley",31.9572158431372
46065,"South Dakota","Hughes","canola",3.00954312665607
46065,"South Dakota","Hughes","corn",7533.05808967037
46065,"South Dakota","Hughes","dry peas",202.471601123476
46065,"South Dakota","Hughes","flaxseed",14.4047743508214
46065,"South Dakota","Hughes","grain sorghum",982.987003022787
46065,"South Dakota","Hughes","oats",389.021375431902
46065,"South Dakota","Hughes","safflower",17.7841893163752
46065,"South Dakota","Hughes","soybeans",3573.19631223741
46065,"South Dakota","Hughes","sunflower",5839.04333374456
46065,"South Dakota","Hughes","wheat",11743.8215621325
46067,"South Dakota","Hutchinson","barley",1.15978108001342
46067,"South Dakota","Hutchinson","corn",5235.32264299571
46067,"South Dakota","Hutchinson","grain sorghum",5.9693780678752
46067,"South Dakota","Hutchinson","oats",50.3548500247827
46067,"South Dakota","Hutchinson","soybeans",4256.76124222094
46067,"South Dakota","Hutchinson","sunflower",19.9447156450145
46067,"South Dakota","Hutchinson","wheat",144.330723298984
46069,"South Dakota","Hyde","barley",69.6507125783983
46069,"South Dakota","Hyde","canola",35.4616434672245
46069,"South Dakota","Hyde","corn",18484.7755789311
46069,"South Dakota","Hyde","dry peas",227.146572070992
46069,"South Dakota","Hyde","grain sorghum",1173.47405667591
46069,"South Dakota","Hyde","oats",1640.50437319925
46069,"South Dakota","Hyde","soybeans",13488.6491539811
46069,"South Dakota","Hyde","sunflower",5781.92841872736
46069,"South Dakota","Hyde","wheat",8105.76199036875
46071,"South Dakota","Jackson","barley",0
46071,"South Dakota","Jackson","corn",0
46071,"South Dakota","Jackson","grain sorghum",0
46071,"South Dakota","Jackson","oats",0
46071,"South Dakota","Jackson","safflower",0
46071,"South Dakota","Jackson","soybeans",0
46071,"South Dakota","Jackson","sunflower",0
46071,"South Dakota","Jackson","wheat",0
46073,"South Dakota","Jerauld","barley",6.21153427538217
46073,"South Dakota","Jerauld","corn",2259.41250513779
46073,"South Dakota","Jerauld","grain sorghum",30.8964122013516
46073,"South Dakota","Jerauld","oats",159.503979362997
46073,"South Dakota","Jerauld","soybeans",1814.09663879541
46073,"South Dakota","Jerauld","sunflower",110.484637063554
46073,"South Dakota","Jerauld","wheat",314.111959830175
46075,"South Dakota","Jones","barley",0
46075,"South Dakota","Jones","corn",0
46075,"South Dakota","Jones","flaxseed",0
46075,"South Dakota","Jones","grain sorghum",0
46075,"South Dakota","Jones","oats",0
46075,"South Dakota","Jones","safflower",0
46075,"South Dakota","Jones","soybeans",0
46075,"South Dakota","Jones","sunflower",0
46075,"South Dakota","Jones","wheat",0
46077,"South Dakota","Kingsbury","barley",4.03380372504661
46077,"South Dakota","Kingsbury","corn",6583.91375369487
46077,"South Dakota","Kingsbury","grain sorghum",3.27389671912389
46077,"South Dakota","Kingsbury","oats",158.719221171586
46077,"South Dakota","Kingsbury","soybeans",6305.51539600841
46077,"South Dakota","Kingsbury","sunflower",18.9915888097361
46077,"South Dakota","Kingsbury","wheat",224.90803987124
46079,"South Dakota","Lake","barley",2.01794408153998
46079,"South Dakota","Lake","corn",1090.23324278519
46079,"South Dakota","Lake","grain sorghum",9.3192496653409
46079,"South Dakota","Lake","oats",13.5400406078678
46079,"South Dakota","Lake","soybeans",894.703397911683
46079,"South Dakota","Lake","wheat",17.7656249484278
46081,"South Dakota","Lawrence","barley",0
46081,"South Dakota","Lawrence","corn",0
46081,"South Dakota","Lawrence","grain sorghum",0
46081,"South Dakota","Lawrence","oats",0
46081,"South Dakota","Lawrence","sunflower",0
46081,"South Dakota","Lawrence","wheat",0
46083,"South Dakota","Lincoln","barley",0.21176351527762
46083,"South Dakota","Lincoln","corn",237.879348263612
46083,"South Dakota","Lincoln","grain sorghum",0.136727018624593
46083,"South Dakota","Lincoln","oats",0.883216668523291
46083,"South Dakota","Lincoln","soybeans",195.098298120951
46083,"South Dakota","Lincoln","wheat",0.742313079730749
46085,"South Dakota","Lyman","barley",49.5539572254604
46085,"South Dakota","Lyman","corn",3746.32826066061
46085,"South Dakota","Lyman","dry peas",201.339781768961
46085,"South Dakota","Lyman","grain sorghum",3641.36864567973
46085,"South Dakota","Lyman","lentils",48.0586231441617
46085,"South Dakota","Lyman","oats",308.926478745679
46085,"South Dakota","Lyman","safflower",3.98062830826001
46085,"South Dakota","Lyman","soybeans",3870.2730842949
46085,"South Dakota","Lyman","sunflower",2042.33141261102
46085,"South Dakota","Lyman","wheat",5037.78579422793
46091,"South Dakota","Marshall","barley",1.11853843613319
46091,"South Dakota","Marshall","corn",602.529088130808
46091,"South Dakota","Marshall","grain sorghum",1.05481444369864
46091,"South Dakota","Marshall","oats",9.06983191245169
46091,"South Dakota","Marshall","soybeans",390.400318169577
46091,"South Dakota","Marshall","sunflower",0.38384312757523
46091,"South Dakota","Marshall","wheat",17.5215657797944
46087,"South Dakota","McCook","barley",5.46384371742719
46087,"South Dakota","McCook","corn",4156.59158654037
46087,"South Dakota","McCook","grain sorghum",2.68478593972435
46087,"South Dakota","McCook","oats",53.6496861869955
46087,"South Dakota","McCook","soybeans",3265.41250322747
46087,"South Dakota","McCook","sunflower",0.0919426248164773
46087,"South Dakota","McCook","wheat",33.0349850965603
46089,"South Dakota","McPherson","barley",98.6623253370743
46089,"South Dakota","McPherson","canola",0.312290804499911
46089,"South Dakota","McPherson","corn",3465.45849601429
46089,"South Dakota","McPherson","dry peas",18.1706404598273
46089,"South Dakota","McPherson","flaxseed",9.99347229909287
46089,"South Dakota","McPherson","grain sorghum",19.7246203224058
46089,"South Dakota","McPherson","lentils",0.541304061133178
46089,"South Dakota","McPherson","oats",362.426969584901
46089,"South Dakota","McPherson","soybeans",3511.05736718132
46089,"South Dakota","McPherson","sunflower",203.343452168662
46089,"South Dakota","McPherson","wheat",772.067895100151
46093,"South Dakota","Meade","barley",0
46093,"South Dakota","Meade","corn",0
46093,"South Dakota","Meade","dry peas",0
46093,"South Dakota","Meade","grain sorghum",0
46093,"South Dakota","Meade","oats",0
46093,"South Dakota","Meade","safflower",0
46093,"South Dakota","Meade","soybeans",0
46093,"South Dakota","Meade","sunflower",0
46093,"South Dakota","Meade","wheat",0
46095,"South Dakota","Mellette","barley",0
46095,"South Dakota","Mellette","corn",0
46095,"South Dakota","Mellette","grain sorghum",0
46095,"South Dakota","Mellette","oats",0
46095,"South Dakota","Mellette","safflower",0
46095,"South Dakota","Mellette","soybeans",0
46095,"South Dakota","Mellette","sunflower",0
46095,"South Dakota","Mellette","wheat",0
46097,"South Dakota","Miner","barley",15.7219316656309
46097,"South Dakota","Miner","corn",8558.42021084029
46097,"South Dakota","Miner","grain sorghum",16.587899286709
46097,"South Dakota","Miner","oats",149.110630591578
46097,"South Dakota","Miner","soybeans",7740.04955610202
46097,"South Dakota","Miner","wheat",846.977271513768
46099,"South Dakota","Minnehaha","barley",0.433326897041299
46099,"South Dakota","Minnehaha","corn",1774.66197770705
46099,"South Dakota","Minnehaha","grain sorghum",0.0143499600905627
46099,"South Dakota","Minnehaha","oats",16.78346193576
46099,"South Dakota","Minnehaha","soybeans",1391.46947338761
46099,"South Dakota","Minnehaha","wheat",8.24437677915442
46101,"South Dakota","Moody","barley",4.81326780531592
46101,"South Dakota","Moody","corn",8740.96766971867
46101,"South Dakota","Moody","grain sorghum",1.58978546409849
46101,"South Dakota","Moody","oats",57.7860092413714
46101,"South Dakota","Moody","soybeans",6296.28494435612
46101,"South Dakota","Moody","wheat",9.11482341437514
46103,"South Dakota","Pennington","barley",0
46103,"South Dakota","Pennington","corn",0
46103,"South Dakota","Pennington","dry peas",0
46103,"South Dakota","Pennington","grain sorghum",0
46103,"South Dakota","Pennington","oats",0
46103,"South Dakota","Pennington","safflower",0
46103,"South Dakota","Pennington","soybeans",0
46103,"South Dakota","Pennington","sunflower",0
46103,"South Dakota","Pennington","wheat",0
46105,"South Dakota","Perkins","barley",0
46105,"South Dakota","Perkins","canola",0
46105,"South Dakota","Perkins","chickpeas_large",0
46105,"South Dakota","Perkins","chickpeas_small",0
46105,"South Dakota","Perkins","corn",0
46105,"South Dakota","Perkins","dry peas",0
46105,"South Dakota","Perkins","flaxseed",0
46105,"South Dakota","Perkins","grain sorghum",0
46105,"South Dakota","Perkins","lentils",0
46105,"South Dakota","Perkins","mustard",0
46105,"South Dakota","Perkins","oats",0
46105,"South Dakota","Perkins","safflower",0
46105,"South Dakota","Perkins","soybeans",0
46105,"South Dakota","Perkins","sunflower",0
46105,"South Dakota","Perkins","wheat",0
46107,"South Dakota","Potter","barley",41.6178934037192
46107,"South Dakota","Potter","canola",17.3061150456849
46107,"South Dakota","Potter","corn",13192.0240750493
46107,"South Dakota","Potter","flaxseed",36.8060405026438
46107,"South Dakota","Potter","grain sorghum",131.764017892992
46107,"South Dakota","Potter","oats",455.916072564492
46107,"South Dakota","Potter","soybeans",9808.68650907447
46107,"South Dakota","Potter","sunflower",4326.80923452348
46107,"South Dakota","Potter","wheat",10198.7533752766
46109,"South Dakota","Roberts","barley",10.4830779519569
46109,"South Dakota","Roberts","corn",5581.50379297538
46109,"South Dakota","Roberts","dry peas",1.07147184531086
46109,"South Dakota","Roberts","oats",35.558811098905
46109,"South Dakota","Roberts","soybeans",5334.90497509968
46109,"South Dakota","Roberts","sunflower",6.26803116125427
46109,"South Dakota","Roberts","wheat",259.729839867467
46111,"South Dakota","Sanborn","barley",2.13377267804162
46111,"South Dakota","Sanborn","corn",1193.47494936637
46111,"South Dakota","Sanborn","grain sorghum",6.41282384803102
46111,"South Dakota","Sanborn","oats",28.7243438169363
46111,"South Dakota","Sanborn","soybeans",866.045817597918
46111,"South Dakota","Sanborn","sunflower",4.51411913464927
46111,"South Dakota","Sanborn","wheat",25.9498402247204
46113,"South Dakota","Shannon","corn",12953.6950975395
46113,"South Dakota","Shannon","grain sorghum",458.378328778837
46113,"South Dakota","Shannon","oats",1601.94813336082
46113,"South Dakota","Shannon","safflower",872.451057154699
46113,"South Dakota","Shannon","soybeans",646.745492693236
46113,"South Dakota","Shannon","sunflower",6352.42489474666
46113,"South Dakota","Shannon","wheat",14495.8084957262
46115,"South Dakota","Spink","barley",64.099830691135
46115,"South Dakota","Spink","corn",19632.4681423996
46115,"South Dakota","Spink","flaxseed",1.30824524644742
46115,"South Dakota","Spink","grain sorghum",35.2175695607906
46115,"South Dakota","Spink","oats",265.59471695277
46115,"South Dakota","Spink","safflower",1.30824524644742
46115,"South Dakota","Spink","soybeans",19765.0410059917
46115,"South Dakota","Spink","sunflower",289.1239001837
46115,"South Dakota","Spink","wheat",1319.48634372752
46117,"South Dakota","Stanley","barley",0
46117,"South Dakota","Stanley","corn",0
46117,"South Dakota","Stanley","dry peas",0
46117,"South Dakota","Stanley","grain sorghum",0
46117,"South Dakota","Stanley","lentils",0
46117,"South Dakota","Stanley","oats",0
46117,"South Dakota","Stanley","safflower",0
46117,"South Dakota","Stanley","soybeans",0
46117,"South Dakota","Stanley","sunflower",0
46117,"South Dakota","Stanley","wheat",0
46119,"South Dakota","Sully","barley",10.168333302895
46119,"South Dakota","Sully","canola",30.9063674780696
46119,"South Dakota","Sully","corn",14734.5441554533
46119,"South Dakota","Sully","grain sorghum",658.839222576717
46119,"South Dakota","Sully","oats",98.7666577157254
46119,"South Dakota","Sully","soybeans",4404.67073284496
46119,"South Dakota","Sully","sunflower",12112.9168040716
46119,"South Dakota","Sully","wheat",18887.1253932234
46121,"South Dakota","Todd","corn",475.180997182715
46121,"South Dakota","Todd","dry peas",34.8992215794248
46121,"South Dakota","Todd","grain sorghum",50.4705984773868
46121,"South Dakota","Todd","oats",103.580660324093
46121,"South Dakota","Todd","soybeans",113.891861570522
46121,"South Dakota","Todd","sunflower",171.850049317857
46121,"South Dakota","Todd","wheat",322.808111548008
46123,"South Dakota","Tripp","barley",0
46123,"South Dakota","Tripp","corn",0
46123,"South Dakota","Tripp","grain sorghum",0
46123,"South Dakota","Tripp","oats",0
46123,"South Dakota","Tripp","soybeans",0
46123,"South Dakota","Tripp","sunflower",0
46123,"South Dakota","Tripp","wheat",0
46125,"South Dakota","Turner","barley",0.987519551438306
46125,"South Dakota","Turner","corn",3207.08592263178
46125,"South Dakota","Turner","dry peas",0.309542561993795
46125,"South Dakota","Turner","grain sorghum",0.358154770674385
46125,"South Dakota","Turner","oats",14.858196690196
46125,"South Dakota","Turner","soybeans",2569.73761455775
46125,"South Dakota","Turner","wheat",36.045549236111
46127,"South Dakota","Union","corn",2600.04183863156
46127,"South Dakota","Union","grain sorghum",2.41336830397831
46127,"South Dakota","Union","oats",10.7561936585293
46127,"South Dakota","Union","soybeans",2189.58278900731
46127,"South Dakota","Union","wheat",1.87781039860852
46129,"South Dakota","Walworth","barley",16.2205414431261
46129,"South Dakota","Walworth","corn",2114.57670394951
46129,"South Dakota","Walworth","dry peas",11.3191933000319
46129,"South Dakota","Walworth","grain sorghum",4.16426308414937
46129,"South Dakota","Walworth","oats",111.630803575239
46129,"South Dakota","Walworth","soybeans",2158.19102328369
46129,"South Dakota","Walworth","sunflower",117.69401318912
46129,"South Dakota","Walworth","wheat",934.329458175126
46135,"South Dakota","Yankton","barley",0.994002128219517
46135,"South Dakota","Yankton","corn",4768.31865750165
46135,"South Dakota","Yankton","oats",31.5832100201629
46135,"South Dakota","Yankton","soybeans",3454.8385728572
46135,"South Dakota","Yankton","sunflower",3.30790436285411
46135,"South Dakota","Yankton","wheat",39.4879864632761
46137,"South Dakota","Ziebach","barley",0
46137,"South Dakota","Ziebach","corn",0
46137,"South Dakota","Ziebach","flaxseed",0
46137,"South Dakota","Ziebach","grain sorghum",0
46137,"South Dakota","Ziebach","oats",0
46137,"South Dakota","Ziebach","soybeans",0
46137,"South Dakota","Ziebach","sunflower",0
46137,"South Dakota","Ziebach","wheat",0
47001,"Tennessee","Anderson","corn",0
47001,"Tennessee","Anderson","oats",0
47001,"Tennessee","Anderson","soybeans",0
47001,"Tennessee","Anderson","wheat",0
47003,"Tennessee","Bedford","corn",192.454105746516
47003,"Tennessee","Bedford","grain sorghum",3.71374222138407
47003,"Tennessee","Bedford","soybeans",408.248678237844
47003,"Tennessee","Bedford","sunflower",0.163536140798101
47003,"Tennessee","Bedford","wheat",124.551937653455
47005,"Tennessee","Benton","corn",1162.46837819889
47005,"Tennessee","Benton","cotton",27.2748738290206
47005,"Tennessee","Benton","grain sorghum",12.2034016296724
47005,"Tennessee","Benton","soybeans",1982.18941483446
47005,"Tennessee","Benton","wheat",47.1955981746166
47007,"Tennessee","Bledsoe","corn",0
47007,"Tennessee","Bledsoe","oats",0
47007,"Tennessee","Bledsoe","soybeans",0
47007,"Tennessee","Bledsoe","sunflower",0
47007,"Tennessee","Bledsoe","wheat",0
47009,"Tennessee","Blount","corn",61.4194685737484
47009,"Tennessee","Blount","oats",0.176779396684328
47009,"Tennessee","Blount","soybeans",216.82644295847
47009,"Tennessee","Blount","sunflower",0.100278371218596
47009,"Tennessee","Blount","wheat",50.5290306998806
47011,"Tennessee","Bradley","corn",276.892590156521
47011,"Tennessee","Bradley","oats",15.1625280947192
47011,"Tennessee","Bradley","soybeans",197.031788052434
47011,"Tennessee","Bradley","sunflower",3.7109243917056
47011,"Tennessee","Bradley","wheat",72.8485026379536
47013,"Tennessee","Campbell","corn",0
47013,"Tennessee","Campbell","soybeans",0
47015,"Tennessee","Cannon","corn",958.46518868457
47015,"Tennessee","Cannon","soybeans",1618.08119975319
47015,"Tennessee","Cannon","wheat",159.694611562237
47017,"Tennessee","Carroll","barley",6.11242783645903
47017,"Tennessee","Carroll","canola",34.6161445297883
47017,"Tennessee","Carroll","corn",5597.2444292912
47017,"Tennessee","Carroll","cotton",3577.37184572053
47017,"Tennessee","Carroll","grain sorghum",6.91405771665038
47017,"Tennessee","Carroll","soybeans",5798.11817619036
47017,"Tennessee","Carroll","wheat",2018.87835871502
47019,"Tennessee","Carter","barley",0
47019,"Tennessee","Carter","corn",0
47019,"Tennessee","Carter","soybeans",0
47019,"Tennessee","Carter","sunflower",0
47019,"Tennessee","Carter","wheat",0
47021,"Tennessee","Cheatham","corn",410.798234130484
47021,"Tennessee","Cheatham","soybeans",1055.46180290011
47021,"Tennessee","Cheatham","sunflower",0.997333232761819
47021,"Tennessee","Cheatham","wheat",172.296629736645
47023,"Tennessee","Chester","corn",243.71642974298
47023,"Tennessee","Chester","cotton",232.258451604784
47023,"Tennessee","Chester","dry peas",18.7955004825114
47023,"Tennessee","Chester","grain sorghum",2.12115764305222
47023,"Tennessee","Chester","soybeans",742.093200341604
47023,"Tennessee","Chester","sunflower",0.375692108227456
47023,"Tennessee","Chester","wheat",40.4229680768414
47025,"Tennessee","Claiborne","barley",166.780994792269
47025,"Tennessee","Claiborne","corn",499.776252841106
47025,"Tennessee","Claiborne","soybeans",98.6077671404779
47025,"Tennessee","Claiborne","wheat",109.321985226146
47027,"Tennessee","Clay","corn",568.891396155373
47027,"Tennessee","Clay","grain sorghum",0.887830940509944
47027,"Tennessee","Clay","soybeans",231.608861010348
47027,"Tennessee","Clay","sunflower",0.242135711048167
47027,"Tennessee","Clay","wheat",45.097776182721
47029,"Tennessee","Cocke","corn",0
47029,"Tennessee","Cocke","soybeans",0
47029,"Tennessee","Cocke","wheat",0
47031,"Tennessee","Coffee","barley",25.9233255632022
47031,"Tennessee","Coffee","corn",3571.42194494435
47031,"Tennessee","Coffee","cotton",58.8507607826338
47031,"Tennessee","Coffee","oats",8.04242383041598
47031,"Tennessee","Coffee","soybeans",5404.69927930856
47031,"Tennessee","Coffee","sunflower",0.577243424986231
47031,"Tennessee","Coffee","wheat",647.011855479183
47033,"Tennessee","Crockett","canola",56.6486461900265
47033,"Tennessee","Crockett","corn",5567.55706644519
47033,"Tennessee","Crockett","cotton",9730.59823223011
47033,"Tennessee","Crockett","dry peas",68.0788608314731
47033,"Tennessee","Crockett","oats",28.1943201043111
47033,"Tennessee","Crockett","soybeans",13651.8999446559
47033,"Tennessee","Crockett","sunflower",7.82329108492153
47033,"Tennessee","Crockett","wheat",3943.40345179137
47035,"Tennessee","Cumberland","corn",0
47035,"Tennessee","Cumberland","soybeans",0
47035,"Tennessee","Cumberland","wheat",0
47037,"Tennessee","Davidson","corn",513.697208524374
47037,"Tennessee","Davidson","grain sorghum",348.842999556044
47037,"Tennessee","Davidson","soybeans",688.644119916499
47037,"Tennessee","Davidson","sunflower",6.45555315525283
47037,"Tennessee","Davidson","wheat",242.46861884783
47041,"Tennessee","DeKalb","corn",1308.72042687028
47041,"Tennessee","DeKalb","soybeans",2402.33092958409
47041,"Tennessee","DeKalb","wheat",229.808643545634
47039,"Tennessee","Decatur","corn",222.702824629395
47039,"Tennessee","Decatur","cotton",10.078765723663
47039,"Tennessee","Decatur","grain sorghum",2.64332756159805
47039,"Tennessee","Decatur","soybeans",624.836344644965
47039,"Tennessee","Decatur","sunflower",2.18400158157755
47039,"Tennessee","Decatur","wheat",9.74123585880288
47043,"Tennessee","Dickson","corn",325.790500738275
47043,"Tennessee","Dickson","soybeans",357.1442939172
47043,"Tennessee","Dickson","wheat",64.2092053445247
47045,"Tennessee","Dyer","corn",634.731761979395
47045,"Tennessee","Dyer","cotton",296.778668573514
47045,"Tennessee","Dyer","grain sorghum",4.13304474855145
47045,"Tennessee","Dyer","oats",2.17361489228097
47045,"Tennessee","Dyer","rice_long grain",7.71837687324285
47045,"Tennessee","Dyer","soybeans",1978.50339228376
47045,"Tennessee","Dyer","sunflower",0.363923227356033
47045,"Tennessee","Dyer","wheat",367.567717421893
47047,"Tennessee","Fayette","corn",1840.93679786585
47047,"Tennessee","Fayette","cotton",3069.76600761812
47047,"Tennessee","Fayette","grain sorghum",18.9531891525929
47047,"Tennessee","Fayette","soybeans",4812.03072798697
47047,"Tennessee","Fayette","wheat",614.982697376499
47049,"Tennessee","Fentress","corn",0
47049,"Tennessee","Fentress","oats",0
47049,"Tennessee","Fentress","soybeans",0
47049,"Tennessee","Fentress","wheat",0
47051,"Tennessee","Franklin","corn",1480.51791438039
47051,"Tennessee","Franklin","cotton",284.242187405133
47051,"Tennessee","Franklin","grain sorghum",2.66991242653616
47051,"Tennessee","Franklin","oats",6.21454414604032
47051,"Tennessee","Franklin","rapeseed",25.3608037471206
47051,"Tennessee","Franklin","soybeans",1840.99289745917
47051,"Tennessee","Franklin","sunflower",0.583146195311998
47051,"Tennessee","Franklin","wheat",439.280260906958
47053,"Tennessee","Gibson","canola",29.3309154373639
47053,"Tennessee","Gibson","corn",9597.2028479013
47053,"Tennessee","Gibson","cotton",3350.78700341765
47053,"Tennessee","Gibson","grain sorghum",0.272443835995534
47053,"Tennessee","Gibson","mustard",0.238057720772797
47053,"Tennessee","Gibson","soybeans",14445.6474748845
47053,"Tennessee","Gibson","sunflower",0.806222147683871
47053,"Tennessee","Gibson","wheat",7072.54570132144
47055,"Tennessee","Giles","corn",625.630166224089
47055,"Tennessee","Giles","cotton",90.7809205940335
47055,"Tennessee","Giles","grain sorghum",8.33573530191943
47055,"Tennessee","Giles","oats",1.44591266698435
47055,"Tennessee","Giles","soybeans",565.807639752434
47055,"Tennessee","Giles","wheat",51.1371254605361
47057,"Tennessee","Grainger","barley",0
47057,"Tennessee","Grainger","corn",0
47057,"Tennessee","Grainger","oats",0
47057,"Tennessee","Grainger","soybeans",0
47057,"Tennessee","Grainger","sunflower",0
47057,"Tennessee","Grainger","wheat",0
47059,"Tennessee","Greene","corn",0
47059,"Tennessee","Greene","grain sorghum",0
47059,"Tennessee","Greene","oats",0
47059,"Tennessee","Greene","soybeans",0
47059,"Tennessee","Greene","sunflower",0
47059,"Tennessee","Greene","wheat",0
47061,"Tennessee","Grundy","barley",5.98443195570365
47061,"Tennessee","Grundy","corn",390.426577410852
47061,"Tennessee","Grundy","soybeans",430.412647668308
47061,"Tennessee","Grundy","wheat",25.2723429651365
47063,"Tennessee","Hamblen","corn",332.475607612186
47063,"Tennessee","Hamblen","cotton",0.123672830902914
47063,"Tennessee","Hamblen","grain sorghum",1.56322458261283
47063,"Tennessee","Hamblen","oats",3.29588094356265
47063,"Tennessee","Hamblen","soybeans",317.862920604021
47063,"Tennessee","Hamblen","sunflower",0.247345661805827
47063,"Tennessee","Hamblen","wheat",46.3273477649079
47065,"Tennessee","Hamilton","corn",0
47065,"Tennessee","Hamilton","soybeans",0
47065,"Tennessee","Hamilton","sunflower",0
47067,"Tennessee","Hancock","corn",82.429816040535
47067,"Tennessee","Hancock","soybeans",69.754183959465
47069,"Tennessee","Hardeman","corn",996.629528445032
47069,"Tennessee","Hardeman","cotton",1097.47531152523
47069,"Tennessee","Hardeman","grain sorghum",9.79737552149638
47069,"Tennessee","Hardeman","soybeans",2273.11112867405
47069,"Tennessee","Hardeman","sunflower",0.602477615056333
47069,"Tennessee","Hardeman","wheat",321.703858219144
47071,"Tennessee","Hardin","corn",0
47071,"Tennessee","Hardin","cotton",0
47071,"Tennessee","Hardin","grain sorghum",0
47071,"Tennessee","Hardin","oats",0
47071,"Tennessee","Hardin","soybeans",0
47071,"Tennessee","Hardin","sunflower",0
47071,"Tennessee","Hardin","wheat",0
47073,"Tennessee","Hawkins","corn",0
47073,"Tennessee","Hawkins","soybeans",0
47073,"Tennessee","Hawkins","sunflower",0
47073,"Tennessee","Hawkins","wheat",0
47075,"Tennessee","Haywood","corn",4724.18750611383
47075,"Tennessee","Haywood","cotton",12981.8222480857
47075,"Tennessee","Haywood","peanuts",12.2621878176538
47075,"Tennessee","Haywood","soybeans",18011.4162280913
47075,"Tennessee","Haywood","wheat",4306.67982989156
47077,"Tennessee","Henderson","corn",948.606668167312
47077,"Tennessee","Henderson","cotton",233.540434453405
47077,"Tennessee","Henderson","dry peas",17.8148453675225
47077,"Tennessee","Henderson","grain sorghum",16.5355067625813
47077,"Tennessee","Henderson","oats",1.97477556949436
47077,"Tennessee","Henderson","soybeans",2681.37254372786
47077,"Tennessee","Henderson","sunflower",0.52844994239669
47077,"Tennessee","Henderson","wheat",248.062776009421
47079,"Tennessee","Henry","barley",99.9834978574533
47079,"Tennessee","Henry","canola",126.342582494228
47079,"Tennessee","Henry","corn",6301.60873174953
47079,"Tennessee","Henry","cotton",261.312590176555
47079,"Tennessee","Henry","dry peas",69.1636870219552
47079,"Tennessee","Henry","grain sorghum",0.757802085947828
47079,"Tennessee","Henry","oats",22.6979911991437
47079,"Tennessee","Henry","rapeseed",69.1600495719426
47079,"Tennessee","Henry","soybeans",6665.76264301007
47079,"Tennessee","Henry","sunflower",1.11018005591357
47079,"Tennessee","Henry","wheat",1790.45474477725
47081,"Tennessee","Hickman","canola",8.44686199204895
47081,"Tennessee","Hickman","corn",284.332961235244
47081,"Tennessee","Hickman","grain sorghum",34.2703572964703
47081,"Tennessee","Hickman","oats",10.1678341619398
47081,"Tennessee","Hickman","soybeans",493.921119410102
47081,"Tennessee","Hickman","sunflower",1.09545874467628
47081,"Tennessee","Hickman","wheat",55.0314071595178
47083,"Tennessee","Houston","corn",0
47083,"Tennessee","Houston","soybeans",0
47085,"Tennessee","Humphreys","corn",0
47085,"Tennessee","Humphreys","soybeans",0
47085,"Tennessee","Humphreys","wheat",0
47087,"Tennessee","Jackson","corn",396.513569675837
47087,"Tennessee","Jackson","soybeans",802.472757278317
47087,"Tennessee","Jackson","wheat",40.9870063791789
47089,"Tennessee","Jefferson","barley",0
47089,"Tennessee","Jefferson","corn",0
47089,"Tennessee","Jefferson","grain sorghum",0
47089,"Tennessee","Jefferson","soybeans",0
47089,"Tennessee","Jefferson","sunflower",0
47089,"Tennessee","Jefferson","wheat",0
47091,"Tennessee","Johnson","corn",0
47091,"Tennessee","Johnson","oats",0
47091,"Tennessee","Johnson","soybeans",0
47091,"Tennessee","Johnson","wheat",0
47093,"Tennessee","Knox","barley",0
47093,"Tennessee","Knox","corn",0
47093,"Tennessee","Knox","soybeans",0
47093,"Tennessee","Knox","wheat",0
47095,"Tennessee","Lake","corn",312.801188545828
47095,"Tennessee","Lake","cotton",162.373966274601
47095,"Tennessee","Lake","grain sorghum",1.09440822464421
47095,"Tennessee","Lake","rice_long grain",12.4888296864824
47095,"Tennessee","Lake","soybeans",1449.44955296956
47095,"Tennessee","Lake","wheat",233.829054298865
47097,"Tennessee","Lauderdale","corn",1414.87062293142
47097,"Tennessee","Lauderdale","cotton",2640.79250190043
47097,"Tennessee","Lauderdale","grain sorghum",22.74175313109
47097,"Tennessee","Lauderdale","oats",21.7970207740383
47097,"Tennessee","Lauderdale","soybeans",6876.40766173295
47097,"Tennessee","Lauderdale","sunflower",1.01404519493161
47097,"Tennessee","Lauderdale","wheat",639.320514335148
47099,"Tennessee","Lawrence","corn",9742.36724063411
47099,"Tennessee","Lawrence","cotton",234.038443390507
47099,"Tennessee","Lawrence","oats",82.5633996906015
47099,"Tennessee","Lawrence","soybeans",10377.0796743751
47099,"Tennessee","Lawrence","wheat",2734.1142419097
47101,"Tennessee","Lewis","corn",0
47101,"Tennessee","Lewis","soybeans",0
47103,"Tennessee","Lincoln","corn",3384.13903591164
47103,"Tennessee","Lincoln","cotton",1478.627726717
47103,"Tennessee","Lincoln","oats",13.8819786100391
47103,"Tennessee","Lincoln","soybeans",3009.8642261569
47103,"Tennessee","Lincoln","sunflower",1.73248318474892
47103,"Tennessee","Lincoln","wheat",933.509514419663
47105,"Tennessee","Loudon","barley",319.873296320728
47105,"Tennessee","Loudon","corn",1399.23906611037
47105,"Tennessee","Loudon","oats",42.4557409786796
47105,"Tennessee","Loudon","soybeans",1315.29434762306
47105,"Tennessee","Loudon","sunflower",1.17683779966552
47105,"Tennessee","Loudon","wheat",288.718711167493
47111,"Tennessee","Macon","corn",2602.97410006402
47111,"Tennessee","Macon","cotton",0.341224304369692
47111,"Tennessee","Macon","grain sorghum",11.9428506529392
47111,"Tennessee","Macon","oats",3.12788945672218
47111,"Tennessee","Macon","soybeans",3042.20484913477
47111,"Tennessee","Macon","wheat",561.592419720509
47113,"Tennessee","Madison","corn",5012.32046645993
47113,"Tennessee","Madison","cotton",4330.841116719
47113,"Tennessee","Madison","grain sorghum",2.79221363872439
47113,"Tennessee","Madison","oats",152.195865249641
47113,"Tennessee","Madison","soybeans",9159.91251164436
47113,"Tennessee","Madison","sunflower",1.90984980969268
47113,"Tennessee","Madison","wheat",2742.37210981197
47115,"Tennessee","Marion","barley",0
47115,"Tennessee","Marion","corn",0
47115,"Tennessee","Marion","grain sorghum",0
47115,"Tennessee","Marion","rapeseed",0
47115,"Tennessee","Marion","soybeans",0
47115,"Tennessee","Marion","wheat",0
47117,"Tennessee","Marshall","corn",714.556434071803
47117,"Tennessee","Marshall","grain sorghum",3.73788170403215
47117,"Tennessee","Marshall","oats",7.2017078454546
47117,"Tennessee","Marshall","soybeans",1114.04973699384
47117,"Tennessee","Marshall","wheat",256.028906051544
47119,"Tennessee","Maury","corn",893.387688223992
47119,"Tennessee","Maury","oats",46.2455141945539
47119,"Tennessee","Maury","soybeans",1297.90535292176
47119,"Tennessee","Maury","wheat",162.804777993029
47107,"Tennessee","McMinn","corn",1215.51269467884
47107,"Tennessee","McMinn","oats",18.0457624490859
47107,"Tennessee","McMinn","soybeans",1617.76284573414
47107,"Tennessee","McMinn","wheat",591.588697137937
47109,"Tennessee","McNairy","corn",343.304894463029
47109,"Tennessee","McNairy","cotton",300.590221144903
47109,"Tennessee","McNairy","grain sorghum",10.4717607508105
47109,"Tennessee","McNairy","oats",5.25226320324491
47109,"Tennessee","McNairy","soybeans",967.632011422048
47109,"Tennessee","McNairy","wheat",30.9988490159643
47121,"Tennessee","Meigs","corn",0
47121,"Tennessee","Meigs","oats",0
47121,"Tennessee","Meigs","soybeans",0
47121,"Tennessee","Meigs","sunflower",0
47121,"Tennessee","Meigs","wheat",0
47123,"Tennessee","Monroe","barley",35.4190180633589
47123,"Tennessee","Monroe","corn",2489.13201250895
47123,"Tennessee","Monroe","oats",16.347851637607
47123,"Tennessee","Monroe","soybeans",2497.14110611689
47123,"Tennessee","Monroe","sunflower",17.5356521909158
47123,"Tennessee","Monroe","wheat",836.454192815615
47125,"Tennessee","Montgomery","barley",25.8742562328291
47125,"Tennessee","Montgomery","corn",3918.58712181651
47125,"Tennessee","Montgomery","grain sorghum",18.517653414234
47125,"Tennessee","Montgomery","oats",4.82945299111392
47125,"Tennessee","Montgomery","soybeans",4477.54030499562
47125,"Tennessee","Montgomery","sunflower",1.96091625711327
47125,"Tennessee","Montgomery","wheat",2435.69529429259
47127,"Tennessee","Moore","corn",0
47127,"Tennessee","Moore","soybeans",0
47127,"Tennessee","Moore","wheat",0
47129,"Tennessee","Morgan","corn",44.7820968227001
47129,"Tennessee","Morgan","oats",1.78181576737556
47129,"Tennessee","Morgan","soybeans",11.91682574648
47129,"Tennessee","Morgan","wheat",15.2632616634445
47131,"Tennessee","Obion","corn",0
47131,"Tennessee","Obion","cotton",0
47131,"Tennessee","Obion","grain sorghum",0
47131,"Tennessee","Obion","oats",0
47131,"Tennessee","Obion","rice_long grain",0
47131,"Tennessee","Obion","soybeans",0
47131,"Tennessee","Obion","sunflower",0
47131,"Tennessee","Obion","wheat",0
47133,"Tennessee","Overton","corn",0
47133,"Tennessee","Overton","oats",0
47133,"Tennessee","Overton","soybeans",0
47133,"Tennessee","Overton","wheat",0
47135,"Tennessee","Perry","corn",0
47135,"Tennessee","Perry","grain sorghum",0
47135,"Tennessee","Perry","oats",0
47135,"Tennessee","Perry","soybeans",0
47135,"Tennessee","Perry","sunflower",0
47135,"Tennessee","Perry","wheat",0
47137,"Tennessee","Pickett","barley",0
47137,"Tennessee","Pickett","corn",0
47137,"Tennessee","Pickett","oats",0
47137,"Tennessee","Pickett","soybeans",0
47137,"Tennessee","Pickett","wheat",0
47139,"Tennessee","Polk","corn",213.923067992068
47139,"Tennessee","Polk","oats",4.88345642335293
47139,"Tennessee","Polk","soybeans",257.27918673072
47139,"Tennessee","Polk","sunflower",0.605500309575865
47139,"Tennessee","Polk","wheat",102.898955210949
47141,"Tennessee","Putnam","corn",454.119688967199
47141,"Tennessee","Putnam","oats",5.7154648604938
47141,"Tennessee","Putnam","soybeans",576.753167027275
47141,"Tennessee","Putnam","sunflower",0.871702825698089
47141,"Tennessee","Putnam","wheat",57.0459763193343
47143,"Tennessee","Rhea","corn",0
47143,"Tennessee","Rhea","soybeans",0
47143,"Tennessee","Rhea","sunflower",0
47143,"Tennessee","Rhea","wheat",0
47145,"Tennessee","Roane","corn",5.7762544380896
47145,"Tennessee","Roane","soybeans",1.92000091183731
47145,"Tennessee","Roane","wheat",2.51341131673984
47147,"Tennessee","Robertson","barley",160.814456707693
47147,"Tennessee","Robertson","canola",42.5517202584779
47147,"Tennessee","Robertson","corn",10099.2590590185
47147,"Tennessee","Robertson","grain sorghum",1.31105867200141
47147,"Tennessee","Robertson","oats",34.084378931224
47147,"Tennessee","Robertson","rapeseed",135.859765944818
47147,"Tennessee","Robertson","soybeans",13632.1746311189
47147,"Tennessee","Robertson","sunflower",0.926481461547666
47147,"Tennessee","Robertson","wheat",9978.41878122016
47149,"Tennessee","Rutherford","barley",0
47149,"Tennessee","Rutherford","corn",0
47149,"Tennessee","Rutherford","cotton",0
47149,"Tennessee","Rutherford","grain sorghum",0
47149,"Tennessee","Rutherford","oats",0
47149,"Tennessee","Rutherford","soybeans",0
47149,"Tennessee","Rutherford","sunflower",0
47149,"Tennessee","Rutherford","wheat",0
47151,"Tennessee","Scott","corn",0
47151,"Tennessee","Scott","soybeans",0
47153,"Tennessee","Sequatchie","corn",0
47153,"Tennessee","Sequatchie","oats",0
47153,"Tennessee","Sequatchie","soybeans",0
47153,"Tennessee","Sequatchie","wheat",0
47155,"Tennessee","Sevier","corn",31.6756270504448
47155,"Tennessee","Sevier","soybeans",74.8996070795647
47155,"Tennessee","Sevier","wheat",58.8167658699904
47157,"Tennessee","Shelby","corn",0
47157,"Tennessee","Shelby","cotton",0
47157,"Tennessee","Shelby","grain sorghum",0
47157,"Tennessee","Shelby","rice_long grain",0
47157,"Tennessee","Shelby","rice_short/medium grain",0
47157,"Tennessee","Shelby","soybeans",0
47157,"Tennessee","Shelby","sunflower",0
47157,"Tennessee","Shelby","wheat",0
47159,"Tennessee","Smith","corn",1342.74416856793
47159,"Tennessee","Smith","soybeans",1300.84906297088
47159,"Tennessee","Smith","wheat",781.33276846118
47161,"Tennessee","Stewart","canola",7.47553797457256
47161,"Tennessee","Stewart","corn",669.671830586529
47161,"Tennessee","Stewart","grain sorghum",16.1732131422609
47161,"Tennessee","Stewart","soybeans",714.505123666032
47161,"Tennessee","Stewart","wheat",77.8466279639383
47163,"Tennessee","Sullivan","barley",0
47163,"Tennessee","Sullivan","corn",0
47163,"Tennessee","Sullivan","oats",0
47163,"Tennessee","Sullivan","soybeans",0
47163,"Tennessee","Sullivan","wheat",0
47165,"Tennessee","Sumner","barley",2.13345860825985
47165,"Tennessee","Sumner","canola",41.0873649970729
47165,"Tennessee","Sumner","corn",3505.04878499686
47165,"Tennessee","Sumner","grain sorghum",17.0219518959018
47165,"Tennessee","Sumner","oats",14.9890706220313
47165,"Tennessee","Sumner","rapeseed",72.0308962613731
47165,"Tennessee","Sumner","soybeans",4505.02095015513
47165,"Tennessee","Sumner","sunflower",0.685754552654951
47165,"Tennessee","Sumner","wheat",2404.20060124405
47167,"Tennessee","Tipton","corn",4771.02976394279
47167,"Tennessee","Tipton","cotton",3628.42845818128
47167,"Tennessee","Tipton","grain sorghum",0.642805721744049
47167,"Tennessee","Tipton","oats",8.48588411543299
47167,"Tennessee","Tipton","soybeans",12548.2843213574
47167,"Tennessee","Tipton","wheat",1611.86526001471
47169,"Tennessee","Trousdale","corn",1081.54583181622
47169,"Tennessee","Trousdale","soybeans",1172.79486120379
47169,"Tennessee","Trousdale","wheat",460.402306979993
47171,"Tennessee","Unicoi","corn",12.65
47173,"Tennessee","Union","corn",0
47173,"Tennessee","Union","soybeans",0
47175,"Tennessee","Van Buren","corn",36.485459896779
47175,"Tennessee","Van Buren","soybeans",70.8234996357541
47175,"Tennessee","Van Buren","wheat",3.67504046746661
47177,"Tennessee","Warren","corn",4878.87556355794
47177,"Tennessee","Warren","grain sorghum",2.77219101585327
47177,"Tennessee","Warren","oats",10.9159929519435
47177,"Tennessee","Warren","soybeans",8238.29202759938
47177,"Tennessee","Warren","wheat",762.390224874878
47179,"Tennessee","Washington","corn",0
47179,"Tennessee","Washington","oats",0
47179,"Tennessee","Washington","soybeans",0
47179,"Tennessee","Washington","sunflower",0
47179,"Tennessee","Washington","wheat",0
47181,"Tennessee","Wayne","corn",2244.1537700672
47181,"Tennessee","Wayne","cotton",14.9057559897901
47181,"Tennessee","Wayne","grain sorghum",43.9378487395554
47181,"Tennessee","Wayne","oats",17.4121237091943
47181,"Tennessee","Wayne","soybeans",2171.76253462041
47181,"Tennessee","Wayne","wheat",676.539966873845
47183,"Tennessee","Weakley","barley",1.95145691389041
47183,"Tennessee","Weakley","canola",9.04849736364796
47183,"Tennessee","Weakley","corn",4872.90907780719
47183,"Tennessee","Weakley","cotton",85.2481293399846
47183,"Tennessee","Weakley","oats",4.50168033298246
47183,"Tennessee","Weakley","soybeans",5853.00281762706
47183,"Tennessee","Weakley","sunflower",0.28280962142033
47183,"Tennessee","Weakley","wheat",1763.19753099382
47185,"Tennessee","White","barley",43.5997861018848
47185,"Tennessee","White","corn",1213.52958318055
47185,"Tennessee","White","grain sorghum",11.9806871300282
47185,"Tennessee","White","oats",41.1893269349422
47185,"Tennessee","White","soybeans",1501.6061141018
47185,"Tennessee","White","sunflower",1.94252382363423
47185,"Tennessee","White","wheat",403.867145393825
47187,"Tennessee","Williamson","barley",0
47187,"Tennessee","Williamson","corn",0
47187,"Tennessee","Williamson","grain sorghum",0
47187,"Tennessee","Williamson","soybeans",0
47187,"Tennessee","Williamson","wheat",0
47189,"Tennessee","Wilson","corn",1626.25282333085
47189,"Tennessee","Wilson","soybeans",1876.66972579904
47189,"Tennessee","Wilson","wheat",429.408450870113
48001,"Texas","Anderson","corn",0
48001,"Texas","Anderson","cotton",0
48001,"Texas","Anderson","oats",0
48001,"Texas","Anderson","wheat",0
48003,"Texas","Andrews","corn",0
48003,"Texas","Andrews","cotton",0
48003,"Texas","Andrews","grain sorghum",0
48003,"Texas","Andrews","oats",0
48003,"Texas","Andrews","peanuts",0
48003,"Texas","Andrews","wheat",0
48007,"Texas","Aransas","corn",0
48007,"Texas","Aransas","cotton",0
48007,"Texas","Aransas","grain sorghum",0
48009,"Texas","Archer","barley",51.6785019350927
48009,"Texas","Archer","corn",66.8402827645375
48009,"Texas","Archer","cotton",787.644803617345
48009,"Texas","Archer","grain sorghum",352.0928983157
48009,"Texas","Archer","oats",50.8719955122171
48009,"Texas","Archer","sesame",61.6663584640777
48009,"Texas","Archer","wheat",20594.4276660577
48011,"Texas","Armstrong","barley",6.17179888560077
48011,"Texas","Armstrong","corn",258.506565182309
48011,"Texas","Armstrong","cotton",3243.07786336565
48011,"Texas","Armstrong","grain sorghum",3667.29909390538
48011,"Texas","Armstrong","oats",6.5767009207021
48011,"Texas","Armstrong","sunflower",3.33566485546402
48011,"Texas","Armstrong","wheat",17017.3326462182
48013,"Texas","Atascosa","corn",0
48013,"Texas","Atascosa","cotton",0
48013,"Texas","Atascosa","dry peas",0
48013,"Texas","Atascosa","grain sorghum",0
48013,"Texas","Atascosa","oats",0
48013,"Texas","Atascosa","peanuts",0
48013,"Texas","Atascosa","sesame",0
48013,"Texas","Atascosa","sunflower",0
48013,"Texas","Atascosa","wheat",0
48015,"Texas","Austin","corn",0
48015,"Texas","Austin","cotton",0
48015,"Texas","Austin","grain sorghum",0
48015,"Texas","Austin","oats",0
48015,"Texas","Austin","rice_long grain",0
48015,"Texas","Austin","wheat",0
48017,"Texas","Bailey","barley",0
48017,"Texas","Bailey","canola",0
48017,"Texas","Bailey","corn",0
48017,"Texas","Bailey","cotton",0
48017,"Texas","Bailey","dry peas",0
48017,"Texas","Bailey","grain sorghum",0
48017,"Texas","Bailey","oats",0
48017,"Texas","Bailey","peanuts",0
48017,"Texas","Bailey","soybeans",0
48017,"Texas","Bailey","sunflower",0
48017,"Texas","Bailey","wheat",0
48019,"Texas","Bandera","oats",0
48021,"Texas","Bastrop","corn",0
48021,"Texas","Bastrop","cotton",0
48021,"Texas","Bastrop","grain sorghum",0
48021,"Texas","Bastrop","oats",0
48021,"Texas","Bastrop","wheat",0
48023,"Texas","Baylor","barley",2.5632368817671
48023,"Texas","Baylor","corn",45.3361625346562
48023,"Texas","Baylor","cotton",3797.30868507737
48023,"Texas","Baylor","grain sorghum",184.178483204181
48023,"Texas","Baylor","oats",504.81700735769
48023,"Texas","Baylor","sesame",248.202702754476
48023,"Texas","Baylor","wheat",97121.5414355232
48025,"Texas","Bee","corn",0
48025,"Texas","Bee","cotton",0
48025,"Texas","Bee","grain sorghum",0
48025,"Texas","Bee","oats",0
48025,"Texas","Bee","sesame",0
48025,"Texas","Bee","wheat",0
48027,"Texas","Bell","barley",0
48027,"Texas","Bell","corn",0
48027,"Texas","Bell","cotton",0
48027,"Texas","Bell","grain sorghum",0
48027,"Texas","Bell","oats",0
48027,"Texas","Bell","sesame",0
48027,"Texas","Bell","soybeans",0
48027,"Texas","Bell","sunflower",0
48027,"Texas","Bell","wheat",0
48029,"Texas","Bexar","barley",0
48029,"Texas","Bexar","corn",0
48029,"Texas","Bexar","cotton",0
48029,"Texas","Bexar","grain sorghum",0
48029,"Texas","Bexar","oats",0
48029,"Texas","Bexar","peanuts",0
48029,"Texas","Bexar","sesame",0
48029,"Texas","Bexar","soybeans",0
48029,"Texas","Bexar","sunflower",0
48029,"Texas","Bexar","wheat",0
48031,"Texas","Blanco","oats",0
48033,"Texas","Borden","cotton",10566.1639450669
48033,"Texas","Borden","dry peas",3.51912306551544
48033,"Texas","Borden","grain sorghum",290.13091452892
48033,"Texas","Borden","oats",74.2285580149823
48033,"Texas","Borden","sunflower",143.901652786101
48033,"Texas","Borden","wheat",3097.67676653757
48035,"Texas","Bosque","barley",0
48035,"Texas","Bosque","corn",0
48035,"Texas","Bosque","cotton",0
48035,"Texas","Bosque","grain sorghum",0
48035,"Texas","Bosque","oats",0
48035,"Texas","Bosque","sunflower",0
48035,"Texas","Bosque","wheat",0
48037,"Texas","Bowie","corn",0
48037,"Texas","Bowie","cotton",0
48037,"Texas","Bowie","grain sorghum",0
48037,"Texas","Bowie","oats",0
48037,"Texas","Bowie","rice_long grain",0
48037,"Texas","Bowie","soybeans",0
48037,"Texas","Bowie","sunflower",0
48037,"Texas","Bowie","wheat",0
48039,"Texas","Brazoria","corn",0
48039,"Texas","Brazoria","cotton",0
48039,"Texas","Brazoria","grain sorghum",0
48039,"Texas","Brazoria","rice_long grain",0
48039,"Texas","Brazoria","sesame",0
48039,"Texas","Brazoria","soybeans",0
48039,"Texas","Brazoria","sunflower",0
48039,"Texas","Brazoria","wheat",0
48041,"Texas","Brazos","corn",0
48041,"Texas","Brazos","cotton",0
48041,"Texas","Brazos","grain sorghum",0
48041,"Texas","Brazos","oats",0
48041,"Texas","Brazos","rice_long grain",0
48041,"Texas","Brazos","soybeans",0
48041,"Texas","Brazos","sunflower",0
48041,"Texas","Brazos","wheat",0
48045,"Texas","Briscoe","corn",106.538515301346
48045,"Texas","Briscoe","cotton",8967.37331069217
48045,"Texas","Briscoe","grain sorghum",844.704527694113
48045,"Texas","Briscoe","oats",85.0396515034746
48045,"Texas","Briscoe","peanuts",64.4524967595001
48045,"Texas","Briscoe","wheat",16189.4805580494
48047,"Texas","Brooks","cotton",0
48047,"Texas","Brooks","dry peas",0
48047,"Texas","Brooks","grain sorghum",0
48047,"Texas","Brooks","sunflower",0
48047,"Texas","Brooks","wheat",0
48049,"Texas","Brown","barley",0
48049,"Texas","Brown","corn",0
48049,"Texas","Brown","cotton",0
48049,"Texas","Brown","grain sorghum",0
48049,"Texas","Brown","oats",0
48049,"Texas","Brown","peanuts",0
48049,"Texas","Brown","wheat",0
48051,"Texas","Burleson","corn",0
48051,"Texas","Burleson","cotton",0
48051,"Texas","Burleson","grain sorghum",0
48051,"Texas","Burleson","oats",0
48051,"Texas","Burleson","soybeans",0
48051,"Texas","Burleson","sunflower",0
48051,"Texas","Burleson","wheat",0
48053,"Texas","Burnet","corn",0
48053,"Texas","Burnet","oats",0
48053,"Texas","Burnet","wheat",0
48055,"Texas","Caldwell","corn",0
48055,"Texas","Caldwell","cotton",0
48055,"Texas","Caldwell","grain sorghum",0
48055,"Texas","Caldwell","oats",0
48055,"Texas","Caldwell","sesame",0
48055,"Texas","Caldwell","wheat",0
48057,"Texas","Calhoun","corn",173.103058617988
48057,"Texas","Calhoun","cotton",146.604421230842
48057,"Texas","Calhoun","grain sorghum",48.3068281952666
48057,"Texas","Calhoun","rice_long grain",20.2893230543801
48057,"Texas","Calhoun","rice_short/medium grain",29.5051065152383
48057,"Texas","Calhoun","soybeans",4.76257778982797
48057,"Texas","Calhoun","wheat",1.79168459646202
48059,"Texas","Callahan","corn",0
48059,"Texas","Callahan","cotton",0
48059,"Texas","Callahan","grain sorghum",0
48059,"Texas","Callahan","oats",0
48059,"Texas","Callahan","wheat",0
48061,"Texas","Cameron","canola",3.00098241363053
48061,"Texas","Cameron","chickpeas_large",0.156354752158174
48061,"Texas","Cameron","corn",108.8856998413
48061,"Texas","Cameron","cotton",203.166918226468
48061,"Texas","Cameron","dry peas",6.64876585589668
48061,"Texas","Cameron","grain sorghum",192.602677409123
48061,"Texas","Cameron","mustard",2.38012318788545
48061,"Texas","Cameron","oats",0.0886348692429128
48061,"Texas","Cameron","rapeseed",0.0338430199476567
48061,"Texas","Cameron","rice_long grain",0.0112810066492189
48061,"Texas","Cameron","sesame",13.3636609727711
48061,"Texas","Cameron","soybeans",1.45274547427311
48061,"Texas","Cameron","sunflower",1.65535686609574
48061,"Texas","Cameron","wheat",1.82528943785691
48065,"Texas","Carson","barley",14.6068696910858
48065,"Texas","Carson","corn",3640.89059923586
48065,"Texas","Carson","cotton",9144.26814095695
48065,"Texas","Carson","grain sorghum",3963.30093469427
48065,"Texas","Carson","oats",30.2705936267974
48065,"Texas","Carson","soybeans",27.6749436155459
48065,"Texas","Carson","wheat",9680.23734484617
48067,"Texas","Cass","corn",71.6825
48067,"Texas","Cass","oats",41.525
48067,"Texas","Cass","wheat",54.81
48069,"Texas","Castro","barley",945.102407083073
48069,"Texas","Castro","canola",375.125796250508
48069,"Texas","Castro","corn",24902.4172063542
48069,"Texas","Castro","cotton",20143.0746187259
48069,"Texas","Castro","dry peas",91.744447207106
48069,"Texas","Castro","grain sorghum",4856.31803020394
48069,"Texas","Castro","oats",187.558665394126
48069,"Texas","Castro","soybeans",102.299820458443
48069,"Texas","Castro","sunflower",165.009848490594
48069,"Texas","Castro","wheat",87082.9255331654
48071,"Texas","Chambers","grain sorghum",0
48071,"Texas","Chambers","rice_long grain",0
48071,"Texas","Chambers","rice_short/medium grain",0
48071,"Texas","Chambers","soybeans",0
48071,"Texas","Chambers","wheat",0
48075,"Texas","Childress","barley",0
48075,"Texas","Childress","corn",0
48075,"Texas","Childress","cotton",0
48075,"Texas","Childress","grain sorghum",0
48075,"Texas","Childress","oats",0
48075,"Texas","Childress","wheat",0
48077,"Texas","Clay","corn",0
48077,"Texas","Clay","cotton",0
48077,"Texas","Clay","grain sorghum",0
48077,"Texas","Clay","oats",0
48077,"Texas","Clay","soybeans",0
48077,"Texas","Clay","wheat",0
48079,"Texas","Cochran","corn",1384.80310698378
48079,"Texas","Cochran","cotton",16269.9584452222
48079,"Texas","Cochran","dry peas",195.151607392854
48079,"Texas","Cochran","grain sorghum",2338.52429569922
48079,"Texas","Cochran","oats",6.2619121682836
48079,"Texas","Cochran","peanuts",2389.19867793389
48079,"Texas","Cochran","sunflower",48.7749838007029
48079,"Texas","Cochran","wheat",2573.85593079908
48081,"Texas","Coke","barley",0
48081,"Texas","Coke","cotton",0
48081,"Texas","Coke","grain sorghum",0
48081,"Texas","Coke","oats",0
48081,"Texas","Coke","wheat",0
48083,"Texas","Coleman","corn",0
48083,"Texas","Coleman","cotton",0
48083,"Texas","Coleman","grain sorghum",0
48083,"Texas","Coleman","oats",0
48083,"Texas","Coleman","wheat",0
48085,"Texas","Collin","corn",0
48085,"Texas","Collin","cotton",0
48085,"Texas","Collin","grain sorghum",0
48085,"Texas","Collin","oats",0
48085,"Texas","Collin","sesame",0
48085,"Texas","Collin","soybeans",0
48085,"Texas","Collin","wheat",0
48087,"Texas","Collingsworth","barley",0
48087,"Texas","Collingsworth","corn",0
48087,"Texas","Collingsworth","cotton",0
48087,"Texas","Collingsworth","grain sorghum",0
48087,"Texas","Collingsworth","oats",0
48087,"Texas","Collingsworth","peanuts",0
48087,"Texas","Collingsworth","soybeans",0
48087,"Texas","Collingsworth","wheat",0
48089,"Texas","Colorado","corn",0
48089,"Texas","Colorado","cotton",0
48089,"Texas","Colorado","grain sorghum",0
48089,"Texas","Colorado","oats",0
48089,"Texas","Colorado","rice_long grain",0
48089,"Texas","Colorado","sesame",0
48089,"Texas","Colorado","soybeans",0
48089,"Texas","Colorado","wheat",0
48091,"Texas","Comal","corn",0
48091,"Texas","Comal","cotton",0
48091,"Texas","Comal","grain sorghum",0
48091,"Texas","Comal","oats",0
48091,"Texas","Comal","wheat",0
48093,"Texas","Comanche","barley",0
48093,"Texas","Comanche","chickpeas_large",0
48093,"Texas","Comanche","corn",0
48093,"Texas","Comanche","cotton",0
48093,"Texas","Comanche","grain sorghum",0
48093,"Texas","Comanche","oats",0
48093,"Texas","Comanche","peanuts",0
48093,"Texas","Comanche","sesame",0
48093,"Texas","Comanche","soybeans",0
48093,"Texas","Comanche","wheat",0
48095,"Texas","Concho","barley",205.459437980425
48095,"Texas","Concho","canola",10.5819999470211
48095,"Texas","Concho","corn",67.8937673391427
48095,"Texas","Concho","cotton",3975.9578646804
48095,"Texas","Concho","grain sorghum",372.100150246155
48095,"Texas","Concho","oats",78.9385111596098
48095,"Texas","Concho","sesame",27.1861927831008
48095,"Texas","Concho","sunflower",38.0171406859841
48095,"Texas","Concho","wheat",6669.8658685115
48097,"Texas","Cooke","barley",0
48097,"Texas","Cooke","corn",0
48097,"Texas","Cooke","cotton",0
48097,"Texas","Cooke","grain sorghum",0
48097,"Texas","Cooke","oats",0
48097,"Texas","Cooke","sesame",0
48097,"Texas","Cooke","soybeans",0
48097,"Texas","Cooke","wheat",0
48099,"Texas","Coryell","barley",0
48099,"Texas","Coryell","corn",0
48099,"Texas","Coryell","cotton",0
48099,"Texas","Coryell","grain sorghum",0
48099,"Texas","Coryell","oats",0
48099,"Texas","Coryell","sesame",0
48099,"Texas","Coryell","soybeans",0
48099,"Texas","Coryell","sunflower",0
48099,"Texas","Coryell","wheat",0
48101,"Texas","Cottle","barley",0
48101,"Texas","Cottle","cotton",0
48101,"Texas","Cottle","grain sorghum",0
48101,"Texas","Cottle","oats",0
48101,"Texas","Cottle","sunflower",0
48101,"Texas","Cottle","wheat",0
48105,"Texas","Crockett","wheat",2.16000000000003
48107,"Texas","Crosby","barley",107.084483359152
48107,"Texas","Crosby","corn",202.99192694686
48107,"Texas","Crosby","cotton",18608.9020255642
48107,"Texas","Crosby","dry peas",9.60762220919752
48107,"Texas","Crosby","grain sorghum",861.050585162836
48107,"Texas","Crosby","oats",10.3117931746438
48107,"Texas","Crosby","sesame",33.2926726039441
48107,"Texas","Crosby","soybeans",18.5992998769594
48107,"Texas","Crosby","sunflower",30.3837682358972
48107,"Texas","Crosby","wheat",2986.56574953306
48109,"Texas","Culberson","barley",0
48109,"Texas","Culberson","corn",0
48109,"Texas","Culberson","cotton",0
48109,"Texas","Culberson","oats",0
48109,"Texas","Culberson","peanuts",0
48109,"Texas","Culberson","soybeans",0
48109,"Texas","Culberson","wheat",0
48111,"Texas","Dallam","barley",17.8273399785817
48111,"Texas","Dallam","corn",3860.77415831004
48111,"Texas","Dallam","cotton",1599.25079136525
48111,"Texas","Dallam","dry peas",6.66521823449401
48111,"Texas","Dallam","grain sorghum",1433.18149788465
48111,"Texas","Dallam","oats",93.5097262407498
48111,"Texas","Dallam","soybeans",38.1396825245849
48111,"Texas","Dallam","sunflower",80.9581079257688
48111,"Texas","Dallam","wheat",4234.51621086921
48113,"Texas","Dallas","corn",0
48113,"Texas","Dallas","cotton",0
48113,"Texas","Dallas","grain sorghum",0
48113,"Texas","Dallas","oats",0
48113,"Texas","Dallas","soybeans",0
48113,"Texas","Dallas","wheat",0
48115,"Texas","Dawson","barley",5.43601813627455
48115,"Texas","Dawson","corn",91.7934911577581
48115,"Texas","Dawson","cotton",37721.9858060908
48115,"Texas","Dawson","dry peas",37.2211341437313
48115,"Texas","Dawson","grain sorghum",1482.47171995646
48115,"Texas","Dawson","oats",40.2665350966043
48115,"Texas","Dawson","peanuts",928.771596637848
48115,"Texas","Dawson","sesame",46.690098237075
48115,"Texas","Dawson","soybeans",23.4712903831145
48115,"Texas","Dawson","sunflower",66.400448702694
48115,"Texas","Dawson","wheat",1573.03349145764
48123,"Texas","DeWitt","corn",0
48123,"Texas","DeWitt","cotton",0
48123,"Texas","DeWitt","grain sorghum",0
48123,"Texas","DeWitt","oats",0
48123,"Texas","DeWitt","sesame",0
48123,"Texas","DeWitt","wheat",0
48117,"Texas","Deaf Smith","barley",765.264717252377
48117,"Texas","Deaf Smith","canola",16.5342922567196
48117,"Texas","Deaf Smith","corn",11725.6819758579
48117,"Texas","Deaf Smith","cotton",9632.40512663463
48117,"Texas","Deaf Smith","dry peas",110.546955285047
48117,"Texas","Deaf Smith","grain sorghum",9750.85626726442
48117,"Texas","Deaf Smith","oats",280.352814018177
48117,"Texas","Deaf Smith","soybeans",103.544351828481
48117,"Texas","Deaf Smith","sunflower",316.048366885364
48117,"Texas","Deaf Smith","wheat",101299.858532717
48119,"Texas","Delta","corn",0
48119,"Texas","Delta","cotton",0
48119,"Texas","Delta","grain sorghum",0
48119,"Texas","Delta","soybeans",0
48119,"Texas","Delta","wheat",0
48121,"Texas","Denton","barley",0
48121,"Texas","Denton","corn",0
48121,"Texas","Denton","cotton",0
48121,"Texas","Denton","grain sorghum",0
48121,"Texas","Denton","oats",0
48121,"Texas","Denton","peanuts",0
48121,"Texas","Denton","sesame",0
48121,"Texas","Denton","soybeans",0
48121,"Texas","Denton","wheat",0
48125,"Texas","Dickens","cotton",0
48125,"Texas","Dickens","dry peas",0
48125,"Texas","Dickens","grain sorghum",0
48125,"Texas","Dickens","oats",0
48125,"Texas","Dickens","peanuts",0
48125,"Texas","Dickens","sunflower",0
48125,"Texas","Dickens","wheat",0
48127,"Texas","Dimmit","grain sorghum",0
48127,"Texas","Dimmit","oats",0
48127,"Texas","Dimmit","wheat",0
48129,"Texas","Donley","barley",0
48129,"Texas","Donley","canola",0
48129,"Texas","Donley","corn",0
48129,"Texas","Donley","cotton",0
48129,"Texas","Donley","grain sorghum",0
48129,"Texas","Donley","oats",0
48129,"Texas","Donley","peanuts",0
48129,"Texas","Donley","sunflower",0
48129,"Texas","Donley","wheat",0
48131,"Texas","Duval","corn",0
48131,"Texas","Duval","cotton",0
48131,"Texas","Duval","dry peas",0
48131,"Texas","Duval","grain sorghum",0
48131,"Texas","Duval","oats",0
48131,"Texas","Duval","sunflower",0
48131,"Texas","Duval","wheat",0
48133,"Texas","Eastland","corn",0
48133,"Texas","Eastland","cotton",0
48133,"Texas","Eastland","grain sorghum",0
48133,"Texas","Eastland","oats",0
48133,"Texas","Eastland","peanuts",0
48133,"Texas","Eastland","wheat",0
48137,"Texas","Edwards","oats",0
48141,"Texas","El Paso","barley",0.526248593211321
48141,"Texas","El Paso","corn",29.1457036957406
48141,"Texas","El Paso","cotton",6178.76602922852
48141,"Texas","El Paso","mustard",0.359300763640833
48141,"Texas","El Paso","oats",29.9644134324205
48141,"Texas","El Paso","wheat",50.2084709531315
48139,"Texas","Ellis","corn",0
48139,"Texas","Ellis","cotton",0
48139,"Texas","Ellis","grain sorghum",0
48139,"Texas","Ellis","oats",0
48139,"Texas","Ellis","soybeans",0
48139,"Texas","Ellis","sunflower",0
48139,"Texas","Ellis","wheat",0
48143,"Texas","Erath","barley",0
48143,"Texas","Erath","corn",0
48143,"Texas","Erath","cotton",0
48143,"Texas","Erath","grain sorghum",0
48143,"Texas","Erath","oats",0
48143,"Texas","Erath","peanuts",0
48143,"Texas","Erath","sunflower",0
48143,"Texas","Erath","wheat",0
48145,"Texas","Falls","barley",22.5338692196405
48145,"Texas","Falls","corn",4620.21289302229
48145,"Texas","Falls","cotton",643.07704759839
48145,"Texas","Falls","dry peas",0.143860755589201
48145,"Texas","Falls","grain sorghum",249.403767344952
48145,"Texas","Falls","oats",4305.04433214578
48145,"Texas","Falls","soybeans",94.4546562972017
48145,"Texas","Falls","wheat",1171.88842028283
48147,"Texas","Fannin","corn",0
48147,"Texas","Fannin","cotton",0
48147,"Texas","Fannin","grain sorghum",0
48147,"Texas","Fannin","oats",0
48147,"Texas","Fannin","sesame",0
48147,"Texas","Fannin","soybeans",0
48147,"Texas","Fannin","sunflower",0
48147,"Texas","Fannin","wheat",0
48149,"Texas","Fayette","corn",0
48149,"Texas","Fayette","cotton",0
48149,"Texas","Fayette","grain sorghum",0
48149,"Texas","Fayette","oats",0
48151,"Texas","Fisher","barley",13.9812591331295
48151,"Texas","Fisher","corn",54.6338455006372
48151,"Texas","Fisher","cotton",20335.2703271878
48151,"Texas","Fisher","dry peas",0.149050239921797
48151,"Texas","Fisher","grain sorghum",32.2295146696015
48151,"Texas","Fisher","oats",91.5223933674221
48151,"Texas","Fisher","sunflower",19.2066832420157
48151,"Texas","Fisher","wheat",11969.1491799928
48153,"Texas","Floyd","barley",63.8727246868216
48153,"Texas","Floyd","corn",4034.01741519404
48153,"Texas","Floyd","cotton",58657.3055700704
48153,"Texas","Floyd","dry peas",53.477973847268
48153,"Texas","Floyd","grain sorghum",5611.89160036604
48153,"Texas","Floyd","oats",190.345248400082
48153,"Texas","Floyd","soybeans",25.012369207676
48153,"Texas","Floyd","sunflower",228.572375930002
48153,"Texas","Floyd","wheat",58282.0912522976
48155,"Texas","Foard","barley",6.60560845351594
48155,"Texas","Foard","corn",23.2236159272787
48155,"Texas","Foard","cotton",1472.77685443879
48155,"Texas","Foard","grain sorghum",176.769969324509
48155,"Texas","Foard","oats",856.014560310732
48155,"Texas","Foard","sesame",75.4631345048497
48155,"Texas","Foard","wheat",34376.2157570403
48157,"Texas","Fort Bend","corn",0
48157,"Texas","Fort Bend","cotton",0
48157,"Texas","Fort Bend","grain sorghum",0
48157,"Texas","Fort Bend","rice_long grain",0
48157,"Texas","Fort Bend","soybeans",0
48157,"Texas","Fort Bend","sunflower",0
48157,"Texas","Fort Bend","wheat",0
48159,"Texas","Franklin","corn",0
48159,"Texas","Franklin","grain sorghum",0
48159,"Texas","Franklin","soybeans",0
48159,"Texas","Franklin","wheat",0
48161,"Texas","Freestone","corn",321.1362709386
48161,"Texas","Freestone","oats",73.1534070088492
48161,"Texas","Freestone","wheat",61.2878220525505
48163,"Texas","Frio","canola",0
48163,"Texas","Frio","corn",0
48163,"Texas","Frio","cotton",0
48163,"Texas","Frio","grain sorghum",0
48163,"Texas","Frio","oats",0
48163,"Texas","Frio","peanuts",0
48163,"Texas","Frio","sesame",0
48163,"Texas","Frio","soybeans",0
48163,"Texas","Frio","sunflower",0
48163,"Texas","Frio","wheat",0
48165,"Texas","Gaines","barley",0
48165,"Texas","Gaines","corn",0
48165,"Texas","Gaines","cotton",0
48165,"Texas","Gaines","dry peas",0
48165,"Texas","Gaines","grain sorghum",0
48165,"Texas","Gaines","oats",0
48165,"Texas","Gaines","peanuts",0
48165,"Texas","Gaines","sesame",0
48165,"Texas","Gaines","soybeans",0
48165,"Texas","Gaines","sunflower",0
48165,"Texas","Gaines","wheat",0
48167,"Texas","Galveston","corn",0
48167,"Texas","Galveston","grain sorghum",0
48167,"Texas","Galveston","rice_long grain",0
48167,"Texas","Galveston","soybeans",0
48169,"Texas","Garza","barley",7.94860360862037
48169,"Texas","Garza","cotton",3295.27411917573
48169,"Texas","Garza","grain sorghum",8.49227342110488
48169,"Texas","Garza","soybeans",5.3273987109161
48169,"Texas","Garza","wheat",378.442678416956
48171,"Texas","Gillespie","barley",0
48171,"Texas","Gillespie","corn",0
48171,"Texas","Gillespie","grain sorghum",0
48171,"Texas","Gillespie","oats",0
48171,"Texas","Gillespie","soybeans",0
48171,"Texas","Gillespie","wheat",0
48173,"Texas","Glasscock","corn",45.9575927047136
48173,"Texas","Glasscock","cotton",13564.0151495615
48173,"Texas","Glasscock","grain sorghum",116.53255397544
48173,"Texas","Glasscock","sesame",4.00464218458462
48173,"Texas","Glasscock","sunflower",2.86635993612962
48173,"Texas","Glasscock","wheat",1450.12316163763
48175,"Texas","Goliad","corn",0
48175,"Texas","Goliad","cotton",0
48175,"Texas","Goliad","grain sorghum",0
48175,"Texas","Goliad","rapeseed",0
48175,"Texas","Goliad","wheat",0
48177,"Texas","Gonzales","corn",0
48177,"Texas","Gonzales","cotton",0
48177,"Texas","Gonzales","grain sorghum",0
48177,"Texas","Gonzales","oats",0
48177,"Texas","Gonzales","wheat",0
48179,"Texas","Gray","corn",0
48179,"Texas","Gray","cotton",0
48179,"Texas","Gray","grain sorghum",0
48179,"Texas","Gray","oats",0
48179,"Texas","Gray","peanuts",0
48179,"Texas","Gray","sunflower",0
48179,"Texas","Gray","wheat",0
48181,"Texas","Grayson","corn",0
48181,"Texas","Grayson","cotton",0
48181,"Texas","Grayson","grain sorghum",0
48181,"Texas","Grayson","oats",0
48181,"Texas","Grayson","peanuts",0
48181,"Texas","Grayson","sesame",0
48181,"Texas","Grayson","soybeans",0
48181,"Texas","Grayson","sunflower",0
48181,"Texas","Grayson","wheat",0
48185,"Texas","Grimes","corn",0
48185,"Texas","Grimes","cotton",0
48185,"Texas","Grimes","dry peas",0
48185,"Texas","Grimes","grain sorghum",0
48185,"Texas","Grimes","wheat",0
48187,"Texas","Guadalupe","corn",0
48187,"Texas","Guadalupe","cotton",0
48187,"Texas","Guadalupe","grain sorghum",0
48187,"Texas","Guadalupe","oats",0
48187,"Texas","Guadalupe","sesame",0
48187,"Texas","Guadalupe","soybeans",0
48187,"Texas","Guadalupe","sunflower",0
48187,"Texas","Guadalupe","wheat",0
48189,"Texas","Hale","corn",6254.49413344793
48189,"Texas","Hale","cotton",35053.0409587403
48189,"Texas","Hale","dry peas",161.151694154593
48189,"Texas","Hale","grain sorghum",3889.23896355714
48189,"Texas","Hale","oats",170.863175040702
48189,"Texas","Hale","peanuts",68.709489742038
48189,"Texas","Hale","sesame",43.3975299701298
48189,"Texas","Hale","soybeans",29.3955361540173
48189,"Texas","Hale","sunflower",302.822849150365
48189,"Texas","Hale","wheat",22809.7631300428
48191,"Texas","Hall","corn",0
48191,"Texas","Hall","cotton",0
48191,"Texas","Hall","grain sorghum",0
48191,"Texas","Hall","oats",0
48191,"Texas","Hall","peanuts",0
48191,"Texas","Hall","sesame",0
48191,"Texas","Hall","wheat",0
48193,"Texas","Hamilton","barley",0
48193,"Texas","Hamilton","corn",0
48193,"Texas","Hamilton","cotton",0
48193,"Texas","Hamilton","grain sorghum",0
48193,"Texas","Hamilton","oats",0
48193,"Texas","Hamilton","peanuts",0
48193,"Texas","Hamilton","soybeans",0
48193,"Texas","Hamilton","wheat",0
48195,"Texas","Hansford","barley",108.522822310116
48195,"Texas","Hansford","corn",18012.5020790938
48195,"Texas","Hansford","cotton",17812.5920351877
48195,"Texas","Hansford","grain sorghum",5906.38383019723
48195,"Texas","Hansford","oats",306.981721795458
48195,"Texas","Hansford","sesame",27.8132334979713
48195,"Texas","Hansford","soybeans",636.677584280925
48195,"Texas","Hansford","sunflower",45.671095323256
48195,"Texas","Hansford","wheat",59674.2495983136
48197,"Texas","Hardeman","barley",0
48197,"Texas","Hardeman","canola",0
48197,"Texas","Hardeman","corn",0
48197,"Texas","Hardeman","cotton",0
48197,"Texas","Hardeman","dry peas",0
48197,"Texas","Hardeman","grain sorghum",0
48197,"Texas","Hardeman","lentils",0
48197,"Texas","Hardeman","oats",0
48197,"Texas","Hardeman","peanuts",0
48197,"Texas","Hardeman","wheat",0
48199,"Texas","Hardin","rice_long grain",0
48201,"Texas","Harris","corn",0
48201,"Texas","Harris","cotton",0
48201,"Texas","Harris","grain sorghum",0
48201,"Texas","Harris","peanuts",0
48201,"Texas","Harris","rice_long grain",0
48201,"Texas","Harris","soybeans",0
48201,"Texas","Harris","sunflower",0
48201,"Texas","Harris","wheat",0
48205,"Texas","Hartley","barley",148.030961498336
48205,"Texas","Hartley","canola",3.93443180197389
48205,"Texas","Hartley","corn",14491.3722035237
48205,"Texas","Hartley","cotton",5566.74479787496
48205,"Texas","Hartley","dry peas",16.8049983633736
48205,"Texas","Hartley","grain sorghum",2428.20052223839
48205,"Texas","Hartley","mustard",24.5571857138835
48205,"Texas","Hartley","oats",161.19936906948
48205,"Texas","Hartley","soybeans",70.6561543405928
48205,"Texas","Hartley","sunflower",81.6702117717094
48205,"Texas","Hartley","wheat",15547.7451638036
48207,"Texas","Haskell","barley",40.0836438047532
48207,"Texas","Haskell","corn",369.502184331854
48207,"Texas","Haskell","cotton",24789.8259068511
48207,"Texas","Haskell","grain sorghum",1158.40233854608
48207,"Texas","Haskell","oats",414.782312607106
48207,"Texas","Haskell","peanuts",732.983585653108
48207,"Texas","Haskell","sesame",327.659223876452
48207,"Texas","Haskell","wheat",49372.3023043296
48209,"Texas","Hays","corn",0
48209,"Texas","Hays","cotton",0
48209,"Texas","Hays","grain sorghum",0
48209,"Texas","Hays","oats",0
48209,"Texas","Hays","wheat",0
48211,"Texas","Hemphill","barley",0
48211,"Texas","Hemphill","corn",0
48211,"Texas","Hemphill","cotton",0
48211,"Texas","Hemphill","grain sorghum",0
48211,"Texas","Hemphill","oats",0
48211,"Texas","Hemphill","soybeans",0
48211,"Texas","Hemphill","wheat",0
48213,"Texas","Henderson","corn",364.650930556005
48213,"Texas","Henderson","grain sorghum",32.6368137270757
48213,"Texas","Henderson","soybeans",134.500457892637
48213,"Texas","Henderson","wheat",81.5192978242822
48215,"Texas","Hidalgo","canola",0
48215,"Texas","Hidalgo","corn",0
48215,"Texas","Hidalgo","cotton",0
48215,"Texas","Hidalgo","dry peas",0
48215,"Texas","Hidalgo","grain sorghum",0
48215,"Texas","Hidalgo","mustard",0
48215,"Texas","Hidalgo","oats",0
48215,"Texas","Hidalgo","peanuts",0
48215,"Texas","Hidalgo","sesame",0
48215,"Texas","Hidalgo","soybeans",0
48215,"Texas","Hidalgo","sunflower",0
48215,"Texas","Hidalgo","wheat",0
48217,"Texas","Hill","barley",0
48217,"Texas","Hill","corn",0
48217,"Texas","Hill","cotton",0
48217,"Texas","Hill","dry peas",0
48217,"Texas","Hill","grain sorghum",0
48217,"Texas","Hill","oats",0
48217,"Texas","Hill","soybeans",0
48217,"Texas","Hill","sunflower",0
48217,"Texas","Hill","wheat",0
48219,"Texas","Hockley","barley",40.6695522578348
48219,"Texas","Hockley","corn",1003.99654889048
48219,"Texas","Hockley","cotton",30535.4330114334
48219,"Texas","Hockley","dry peas",50.4724782256966
48219,"Texas","Hockley","grain sorghum",3866.15485796088
48219,"Texas","Hockley","oats",55.1170506530565
48219,"Texas","Hockley","peanuts",147.288410451825
48219,"Texas","Hockley","sunflower",56.6418275335465
48219,"Texas","Hockley","wheat",2596.97798259324
48221,"Texas","Hood","grain sorghum",0
48221,"Texas","Hood","oats",0
48221,"Texas","Hood","wheat",0
48223,"Texas","Hopkins","corn",0
48223,"Texas","Hopkins","cotton",0
48223,"Texas","Hopkins","oats",0
48223,"Texas","Hopkins","soybeans",0
48223,"Texas","Hopkins","wheat",0
48225,"Texas","Houston","corn",0
48225,"Texas","Houston","cotton",0
48225,"Texas","Houston","dry peas",0
48225,"Texas","Houston","grain sorghum",0
48225,"Texas","Houston","oats",0
48225,"Texas","Houston","wheat",0
48227,"Texas","Howard","cotton",16485.3890662342
48227,"Texas","Howard","dry peas",3.36454617748638
48227,"Texas","Howard","grain sorghum",117.582753505436
48227,"Texas","Howard","oats",11.9188461169691
48227,"Texas","Howard","sesame",25.2382656358479
48227,"Texas","Howard","wheat",963.569462330099
48229,"Texas","Hudspeth","barley",127.837011497608
48229,"Texas","Hudspeth","corn",733.890098197322
48229,"Texas","Hudspeth","cotton",9549.30641119192
48229,"Texas","Hudspeth","grain sorghum",137.552280087268
48229,"Texas","Hudspeth","oats",1092.43300000352
48229,"Texas","Hudspeth","peanuts",364.381745951943
48229,"Texas","Hudspeth","sunflower",47.6510792730942
48229,"Texas","Hudspeth","wheat",1400.87287379733
48231,"Texas","Hunt","corn",0
48231,"Texas","Hunt","cotton",0
48231,"Texas","Hunt","grain sorghum",0
48231,"Texas","Hunt","oats",0
48231,"Texas","Hunt","sesame",0
48231,"Texas","Hunt","soybeans",0
48231,"Texas","Hunt","wheat",0
48233,"Texas","Hutchinson","corn",709.719919293928
48233,"Texas","Hutchinson","cotton",665.066625259472
48233,"Texas","Hutchinson","grain sorghum",194.979304910005
48233,"Texas","Hutchinson","oats",11.0403787088178
48233,"Texas","Hutchinson","soybeans",35.1041167683284
48233,"Texas","Hutchinson","wheat",2375.58465505945
48235,"Texas","Irion","cotton",0
48235,"Texas","Irion","grain sorghum",0
48235,"Texas","Irion","oats",0
48235,"Texas","Irion","wheat",0
48237,"Texas","Jack","barley",0
48237,"Texas","Jack","oats",0
48237,"Texas","Jack","wheat",0
48239,"Texas","Jackson","corn",0
48239,"Texas","Jackson","cotton",0
48239,"Texas","Jackson","grain sorghum",0
48239,"Texas","Jackson","oats",0
48239,"Texas","Jackson","rice_long grain",0
48239,"Texas","Jackson","rice_short/medium grain",0
48239,"Texas","Jackson","soybeans",0
48239,"Texas","Jackson","wheat",0
48245,"Texas","Jefferson","corn",0
48245,"Texas","Jefferson","grain sorghum",0
48245,"Texas","Jefferson","rice_long grain",0
48245,"Texas","Jefferson","rice_short/medium grain",0
48245,"Texas","Jefferson","soybeans",0
48245,"Texas","Jefferson","sunflower",0
48245,"Texas","Jefferson","wheat",0
48249,"Texas","Jim Wells","corn",0
48249,"Texas","Jim Wells","cotton",0
48249,"Texas","Jim Wells","dry peas",0
48249,"Texas","Jim Wells","grain sorghum",0
48249,"Texas","Jim Wells","oats",0
48249,"Texas","Jim Wells","sesame",0
48249,"Texas","Jim Wells","sunflower",0
48249,"Texas","Jim Wells","wheat",0
48251,"Texas","Johnson","corn",0
48251,"Texas","Johnson","cotton",0
48251,"Texas","Johnson","grain sorghum",0
48251,"Texas","Johnson","oats",0
48251,"Texas","Johnson","peanuts",0
48251,"Texas","Johnson","wheat",0
48253,"Texas","Jones","barley",380.153630991955
48253,"Texas","Jones","corn",119.397731423324
48253,"Texas","Jones","cotton",18524.0112075065
48253,"Texas","Jones","dry peas",0.572911448309436
48253,"Texas","Jones","grain sorghum",340.879774096548
48253,"Texas","Jones","oats",135.351532436292
48253,"Texas","Jones","sesame",216.392514316827
48253,"Texas","Jones","sunflower",11.4752716506797
48253,"Texas","Jones","wheat",27313.0618327962
48255,"Texas","Karnes","corn",0
48255,"Texas","Karnes","cotton",0
48255,"Texas","Karnes","grain sorghum",0
48255,"Texas","Karnes","oats",0
48255,"Texas","Karnes","sesame",0
48255,"Texas","Karnes","sunflower",0
48255,"Texas","Karnes","wheat",0
48257,"Texas","Kaufman","barley",0
48257,"Texas","Kaufman","corn",0
48257,"Texas","Kaufman","cotton",0
48257,"Texas","Kaufman","grain sorghum",0
48257,"Texas","Kaufman","oats",0
48257,"Texas","Kaufman","soybeans",0
48257,"Texas","Kaufman","wheat",0
48259,"Texas","Kendall","oats",0
48259,"Texas","Kendall","wheat",0
48263,"Texas","Kent","cotton",0
48263,"Texas","Kent","dry peas",0
48263,"Texas","Kent","grain sorghum",0
48263,"Texas","Kent","oats",0
48263,"Texas","Kent","wheat",0
48265,"Texas","Kerr","barley",0
48265,"Texas","Kerr","grain sorghum",0
48265,"Texas","Kerr","oats",0
48265,"Texas","Kerr","wheat",0
48267,"Texas","Kimble","oats",0
48267,"Texas","Kimble","wheat",0
48269,"Texas","King","cotton",0
48269,"Texas","King","oats",0
48269,"Texas","King","wheat",0
48271,"Texas","Kinney","corn",0
48271,"Texas","Kinney","cotton",0
48271,"Texas","Kinney","grain sorghum",0
48271,"Texas","Kinney","oats",0
48271,"Texas","Kinney","sunflower",0
48271,"Texas","Kinney","wheat",0
48273,"Texas","Kleberg","barley",5.07988449355693
48273,"Texas","Kleberg","corn",316.478771624966
48273,"Texas","Kleberg","cotton",3763.0650569543
48273,"Texas","Kleberg","dry peas",326.349620131846
48273,"Texas","Kleberg","grain sorghum",3469.6581811336
48273,"Texas","Kleberg","sunflower",98.1995537745165
48273,"Texas","Kleberg","wheat",44.0685718872141
48275,"Texas","Knox","barley",102.561792039677
48275,"Texas","Knox","corn",106.707585687629
48275,"Texas","Knox","cotton",5828.92695038168
48275,"Texas","Knox","grain sorghum",61.2634929913771
48275,"Texas","Knox","oats",1438.31987252779
48275,"Texas","Knox","peanuts",111.054312198112
48275,"Texas","Knox","sunflower",3.2835603368032
48275,"Texas","Knox","wheat",67404.2128138369
48283,"Texas","La Salle","corn",0
48283,"Texas","La Salle","cotton",0
48283,"Texas","La Salle","grain sorghum",0
48283,"Texas","La Salle","oats",0
48283,"Texas","La Salle","peanuts",0
48283,"Texas","La Salle","sesame",0
48283,"Texas","La Salle","wheat",0
48277,"Texas","Lamar","corn",0
48277,"Texas","Lamar","cotton",0
48277,"Texas","Lamar","grain sorghum",0
48277,"Texas","Lamar","oats",0
48277,"Texas","Lamar","peanuts",0
48277,"Texas","Lamar","sesame",0
48277,"Texas","Lamar","soybeans",0
48277,"Texas","Lamar","wheat",0
48279,"Texas","Lamb","barley",109.056005384408
48279,"Texas","Lamb","canola",31.7279599840575
48279,"Texas","Lamb","corn",3269.5972758627
48279,"Texas","Lamb","cotton",16832.2313035092
48279,"Texas","Lamb","dry peas",96.6892197884906
48279,"Texas","Lamb","grain sorghum",2521.6953478503
48279,"Texas","Lamb","oats",56.2340279873113
48279,"Texas","Lamb","peanuts",20.5102594134893
48279,"Texas","Lamb","soybeans",108.21650104945
48279,"Texas","Lamb","sunflower",83.4967232536187
48279,"Texas","Lamb","wheat",6191.21021591689
48281,"Texas","Lampasas","oats",0
48281,"Texas","Lampasas","wheat",0
48285,"Texas","Lavaca","corn",0
48285,"Texas","Lavaca","cotton",0
48285,"Texas","Lavaca","grain sorghum",0
48285,"Texas","Lavaca","oats",0
48285,"Texas","Lavaca","peanuts",0
48285,"Texas","Lavaca","rice_long grain",0
48285,"Texas","Lavaca","sesame",0
48285,"Texas","Lavaca","soybeans",0
48285,"Texas","Lavaca","wheat",0
48287,"Texas","Lee","corn",0
48287,"Texas","Lee","grain sorghum",0
48287,"Texas","Lee","oats",0
48287,"Texas","Lee","soybeans",0
48287,"Texas","Lee","wheat",0
48289,"Texas","Leon","corn",1254.26886286788
48289,"Texas","Leon","cotton",1242.69101310378
48289,"Texas","Leon","grain sorghum",337.645166010471
48289,"Texas","Leon","oats",7.90629591000274
48289,"Texas","Leon","wheat",235.221328774534
48291,"Texas","Liberty","corn",0
48291,"Texas","Liberty","cotton",0
48291,"Texas","Liberty","grain sorghum",0
48291,"Texas","Liberty","rice_long grain",0
48291,"Texas","Liberty","rice_short/medium grain",0
48291,"Texas","Liberty","soybeans",0
48291,"Texas","Liberty","wheat",0
48293,"Texas","Limestone","corn",0
48293,"Texas","Limestone","cotton",0
48293,"Texas","Limestone","grain sorghum",0
48293,"Texas","Limestone","oats",0
48293,"Texas","Limestone","wheat",0
48295,"Texas","Lipscomb","corn",0
48295,"Texas","Lipscomb","cotton",0
48295,"Texas","Lipscomb","grain sorghum",0
48295,"Texas","Lipscomb","oats",0
48295,"Texas","Lipscomb","sesame",0
48295,"Texas","Lipscomb","soybeans",0
48295,"Texas","Lipscomb","wheat",0
48297,"Texas","Live Oak","corn",0
48297,"Texas","Live Oak","cotton",0
48297,"Texas","Live Oak","grain sorghum",0
48297,"Texas","Live Oak","oats",0
48297,"Texas","Live Oak","peanuts",0
48297,"Texas","Live Oak","sesame",0
48297,"Texas","Live Oak","sunflower",0
48297,"Texas","Live Oak","wheat",0
48299,"Texas","Llano","oats",0
48299,"Texas","Llano","wheat",0
48303,"Texas","Lubbock","barley",9.38573837304963
48303,"Texas","Lubbock","corn",640.866323447906
48303,"Texas","Lubbock","cotton",23287.7855002918
48303,"Texas","Lubbock","dry peas",2.38689036211176
48303,"Texas","Lubbock","grain sorghum",1262.50782280399
48303,"Texas","Lubbock","lentils",0.129458460317926
48303,"Texas","Lubbock","oats",7.55814901528016
48303,"Texas","Lubbock","peanuts",4.4501345734287
48303,"Texas","Lubbock","sesame",2.17490213334116
48303,"Texas","Lubbock","soybeans",23.7585402836966
48303,"Texas","Lubbock","sunflower",112.660254153223
48303,"Texas","Lubbock","wheat",5484.5539527685
48305,"Texas","Lynn","barley",2.83411900620012
48305,"Texas","Lynn","corn",296.624230646492
48305,"Texas","Lynn","cotton",30145.7897077925
48305,"Texas","Lynn","dry peas",28.5697480463722
48305,"Texas","Lynn","grain sorghum",679.879916785934
48305,"Texas","Lynn","oats",7.84563374350775
48305,"Texas","Lynn","peanuts",38.6326989822576
48305,"Texas","Lynn","soybeans",10.513667281065
48305,"Texas","Lynn","sunflower",199.831597919316
48305,"Texas","Lynn","wheat",1069.96567979628
48313,"Texas","Madison","corn",268.002101752051
48313,"Texas","Madison","cotton",271.925124395148
48313,"Texas","Madison","grain sorghum",264.395133299737
48313,"Texas","Madison","sunflower",3.15264055306303
48317,"Texas","Martin","cotton",3904.14548859752
48317,"Texas","Martin","dry peas",1.59227170325804
48317,"Texas","Martin","grain sorghum",51.7779138814959
48317,"Texas","Martin","oats",10.5688163428864
48317,"Texas","Martin","sesame",10.3713220960409
48317,"Texas","Martin","sunflower",2.13840488442851
48317,"Texas","Martin","wheat",146.327429161
48319,"Texas","Mason","barley",0
48319,"Texas","Mason","corn",0
48319,"Texas","Mason","oats",0
48319,"Texas","Mason","peanuts",0
48319,"Texas","Mason","sunflower",0
48319,"Texas","Mason","wheat",0
48321,"Texas","Matagorda","canola",0
48321,"Texas","Matagorda","corn",0
48321,"Texas","Matagorda","cotton",0
48321,"Texas","Matagorda","grain sorghum",0
48321,"Texas","Matagorda","rice_long grain",0
48321,"Texas","Matagorda","rice_short/medium grain",0
48321,"Texas","Matagorda","sesame",0
48321,"Texas","Matagorda","soybeans",0
48321,"Texas","Matagorda","wheat",0
48323,"Texas","Maverick","corn",0
48307,"Texas","McCulloch","barley",0
48307,"Texas","McCulloch","canola",0
48307,"Texas","McCulloch","corn",0
48307,"Texas","McCulloch","cotton",0
48307,"Texas","McCulloch","grain sorghum",0
48307,"Texas","McCulloch","oats",0
48307,"Texas","McCulloch","sesame",0
48307,"Texas","McCulloch","sunflower",0
48307,"Texas","McCulloch","wheat",0
48309,"Texas","McLennan","corn",0
48309,"Texas","McLennan","cotton",0
48309,"Texas","McLennan","grain sorghum",0
48309,"Texas","McLennan","oats",0
48309,"Texas","McLennan","sesame",0
48309,"Texas","McLennan","soybeans",0
48309,"Texas","McLennan","sunflower",0
48309,"Texas","McLennan","wheat",0
48311,"Texas","McMullen","grain sorghum",0
48325,"Texas","Medina","canola",0
48325,"Texas","Medina","corn",0
48325,"Texas","Medina","cotton",0
48325,"Texas","Medina","grain sorghum",0
48325,"Texas","Medina","oats",0
48325,"Texas","Medina","peanuts",0
48325,"Texas","Medina","sesame",0
48325,"Texas","Medina","sunflower",0
48325,"Texas","Medina","wheat",0
48327,"Texas","Menard","corn",0
48327,"Texas","Menard","grain sorghum",0
48327,"Texas","Menard","oats",0
48327,"Texas","Menard","wheat",0
48329,"Texas","Midland","barley",0
48329,"Texas","Midland","cotton",0
48329,"Texas","Midland","grain sorghum",0
48329,"Texas","Midland","wheat",0
48331,"Texas","Milam","corn",0
48331,"Texas","Milam","cotton",0
48331,"Texas","Milam","grain sorghum",0
48331,"Texas","Milam","oats",0
48331,"Texas","Milam","rapeseed",0
48331,"Texas","Milam","sesame",0
48331,"Texas","Milam","soybeans",0
48331,"Texas","Milam","wheat",0
48333,"Texas","Mills","barley",0
48333,"Texas","Mills","corn",0
48333,"Texas","Mills","grain sorghum",0
48333,"Texas","Mills","oats",0
48333,"Texas","Mills","wheat",0
48335,"Texas","Mitchell","corn",15.4498589127869
48335,"Texas","Mitchell","cotton",4874.86835004199
48335,"Texas","Mitchell","grain sorghum",63.3463509714005
48335,"Texas","Mitchell","oats",10.9149345477796
48335,"Texas","Mitchell","sunflower",49.3740398888592
48335,"Texas","Mitchell","wheat",2383.74655897052
48337,"Texas","Montague","grain sorghum",0
48337,"Texas","Montague","oats",0
48337,"Texas","Montague","soybeans",0
48337,"Texas","Montague","wheat",0
48341,"Texas","Moore","barley",55.4130661614722
48341,"Texas","Moore","canola",18.5952780373082
48341,"Texas","Moore","corn",7203.90406533886
48341,"Texas","Moore","cotton",5529.80938965996
48341,"Texas","Moore","grain sorghum",2449.21242135545
48341,"Texas","Moore","oats",79.1777236944388
48341,"Texas","Moore","soybeans",230.797476283994
48341,"Texas","Moore","sunflower",36.8264659205815
48341,"Texas","Moore","wheat",15755.4660335479
48345,"Texas","Motley","cotton",0
48345,"Texas","Motley","grain sorghum",0
48345,"Texas","Motley","oats",0
48345,"Texas","Motley","peanuts",0
48345,"Texas","Motley","wheat",0
48349,"Texas","Navarro","corn",0
48349,"Texas","Navarro","cotton",0
48349,"Texas","Navarro","grain sorghum",0
48349,"Texas","Navarro","oats",0
48349,"Texas","Navarro","sesame",0
48349,"Texas","Navarro","soybeans",0
48349,"Texas","Navarro","sunflower",0
48349,"Texas","Navarro","wheat",0
48353,"Texas","Nolan","corn",8.03582576469579
48353,"Texas","Nolan","cotton",2707.90802827274
48353,"Texas","Nolan","grain sorghum",9.09551895813949
48353,"Texas","Nolan","oats",3.44631232014964
48353,"Texas","Nolan","sunflower",9.38166887579395
48353,"Texas","Nolan","wheat",699.976505808478
48355,"Texas","Nueces","canola",0
48355,"Texas","Nueces","corn",0
48355,"Texas","Nueces","cotton",0
48355,"Texas","Nueces","dry peas",0
48355,"Texas","Nueces","grain sorghum",0
48355,"Texas","Nueces","oats",0
48355,"Texas","Nueces","rapeseed",0
48355,"Texas","Nueces","sesame",0
48355,"Texas","Nueces","soybeans",0
48355,"Texas","Nueces","sunflower",0
48355,"Texas","Nueces","wheat",0
48357,"Texas","Ochiltree","barley",0.147798785237618
48357,"Texas","Ochiltree","corn",9.35240176723704
48357,"Texas","Ochiltree","cotton",11.2314648046727
48357,"Texas","Ochiltree","grain sorghum",14.9381779738876
48357,"Texas","Ochiltree","oats",0.157534343390164
48357,"Texas","Ochiltree","sesame",0.0337213709440277
48357,"Texas","Ochiltree","soybeans",0.568899363926302
48357,"Texas","Ochiltree","wheat",52.4805015907026
48359,"Texas","Oldham","corn",94.0739754133381
48359,"Texas","Oldham","cotton",519.759583279889
48359,"Texas","Oldham","grain sorghum",657.178192709395
48359,"Texas","Oldham","oats",5.02307481092245
48359,"Texas","Oldham","wheat",5058.19250711978
48363,"Texas","Palo Pinto","grain sorghum",0
48363,"Texas","Palo Pinto","oats",0
48363,"Texas","Palo Pinto","wheat",0
48367,"Texas","Parker","oats",0
48367,"Texas","Parker","wheat",0
48369,"Texas","Parmer","barley",2782.88855910234
48369,"Texas","Parmer","canola",84.0377212851617
48369,"Texas","Parmer","corn",15351.4818317124
48369,"Texas","Parmer","cotton",18633.4558918035
48369,"Texas","Parmer","dry peas",174.232048119789
48369,"Texas","Parmer","grain sorghum",5928.3869681187
48369,"Texas","Parmer","oats",897.840345578866
48369,"Texas","Parmer","soybeans",174.462795874236
48369,"Texas","Parmer","sunflower",110.958847986937
48369,"Texas","Parmer","wheat",103634.555727085
48371,"Texas","Pecos","barley",0
48371,"Texas","Pecos","corn",0
48371,"Texas","Pecos","cotton",0
48371,"Texas","Pecos","grain sorghum",0
48371,"Texas","Pecos","oats",0
48371,"Texas","Pecos","wheat",0
48375,"Texas","Potter","corn",0
48375,"Texas","Potter","cotton",0
48375,"Texas","Potter","grain sorghum",0
48375,"Texas","Potter","sesame",0
48375,"Texas","Potter","soybeans",0
48375,"Texas","Potter","sunflower",0
48375,"Texas","Potter","wheat",0
48377,"Texas","Presidio","wheat",111.96
48381,"Texas","Randall","barley",12.8831692945476
48381,"Texas","Randall","corn",448.923635256706
48381,"Texas","Randall","cotton",1504.99804571485
48381,"Texas","Randall","grain sorghum",2099.15251791978
48381,"Texas","Randall","oats",20.8597161383398
48381,"Texas","Randall","soybeans",23.5704410276566
48381,"Texas","Randall","wheat",22391.7194746481
48383,"Texas","Reagan","barley",11.3371845666134
48383,"Texas","Reagan","corn",124.405959071547
48383,"Texas","Reagan","cotton",13745.8848967647
48383,"Texas","Reagan","grain sorghum",220.063993606966
48383,"Texas","Reagan","sesame",9.59378939104311
48383,"Texas","Reagan","wheat",1624.46468326577
48387,"Texas","Red River","canola",0
48387,"Texas","Red River","corn",0
48387,"Texas","Red River","cotton",0
48387,"Texas","Red River","grain sorghum",0
48387,"Texas","Red River","oats",0
48387,"Texas","Red River","soybeans",0
48387,"Texas","Red River","wheat",0
48389,"Texas","Reeves","barley",47.6420728674957
48389,"Texas","Reeves","corn",21.7499577986204
48389,"Texas","Reeves","cotton",505.899348878886
48389,"Texas","Reeves","grain sorghum",46.3277091776542
48389,"Texas","Reeves","oats",62.9078506232482
48389,"Texas","Reeves","wheat",576.013727320763
48391,"Texas","Refugio","corn",0
48391,"Texas","Refugio","cotton",0
48391,"Texas","Refugio","grain sorghum",0
48391,"Texas","Refugio","oats",0
48391,"Texas","Refugio","sesame",0
48391,"Texas","Refugio","soybeans",0
48391,"Texas","Refugio","wheat",0
48393,"Texas","Roberts","corn",0
48393,"Texas","Roberts","cotton",0
48393,"Texas","Roberts","grain sorghum",0
48393,"Texas","Roberts","oats",0
48393,"Texas","Roberts","wheat",0
48395,"Texas","Robertson","corn",0
48395,"Texas","Robertson","cotton",0
48395,"Texas","Robertson","grain sorghum",0
48395,"Texas","Robertson","oats",0
48395,"Texas","Robertson","soybeans",0
48395,"Texas","Robertson","wheat",0
48397,"Texas","Rockwall","corn",0
48397,"Texas","Rockwall","cotton",0
48397,"Texas","Rockwall","grain sorghum",0
48397,"Texas","Rockwall","soybeans",0
48397,"Texas","Rockwall","wheat",0
48399,"Texas","Runnels","barley",33.1977838777821
48399,"Texas","Runnels","corn",34.0541777984421
48399,"Texas","Runnels","cotton",12730.7413814276
48399,"Texas","Runnels","grain sorghum",571.23253981754
48399,"Texas","Runnels","oats",302.216406820022
48399,"Texas","Runnels","sesame",76.4910004575855
48399,"Texas","Runnels","sunflower",101.760009235727
48399,"Texas","Runnels","wheat",19340.4402738986
48407,"Texas","San Jacinto","corn",17.5735294117647
48407,"Texas","San Jacinto","peanuts",35.1470588235294
48407,"Texas","San Jacinto","sesame",3.51470588235294
48407,"Texas","San Jacinto","soybeans",63.2647058823529
48409,"Texas","San Patricio","corn",0
48409,"Texas","San Patricio","cotton",0
48409,"Texas","San Patricio","grain sorghum",0
48409,"Texas","San Patricio","sesame",0
48409,"Texas","San Patricio","soybeans",0
48409,"Texas","San Patricio","sunflower",0
48409,"Texas","San Patricio","wheat",0
48411,"Texas","San Saba","barley",158.45599462393
48411,"Texas","San Saba","canola",5.14521679917724
48411,"Texas","San Saba","cotton",54.0583454214861
48411,"Texas","San Saba","grain sorghum",32.3157863337806
48411,"Texas","San Saba","oats",989.577573533684
48411,"Texas","San Saba","sesame",17.9909656603892
48411,"Texas","San Saba","wheat",5283.20545096088
48413,"Texas","Schleicher","barley",4.70408902953197
48413,"Texas","Schleicher","corn",11.3493947223994
48413,"Texas","Schleicher","cotton",309.526530663137
48413,"Texas","Schleicher","dry peas",3.99056026463467
48413,"Texas","Schleicher","grain sorghum",23.4632138938392
48413,"Texas","Schleicher","oats",32.4716288802818
48413,"Texas","Schleicher","wheat",90.3787092128401
48415,"Texas","Scurry","corn",235.090722629313
48415,"Texas","Scurry","cotton",9754.70500435587
48415,"Texas","Scurry","grain sorghum",80.175883428633
48415,"Texas","Scurry","oats",15.0121996232644
48415,"Texas","Scurry","sunflower",359.740194653195
48415,"Texas","Scurry","wheat",2082.41065530975
48417,"Texas","Shackelford","barley",0
48417,"Texas","Shackelford","cotton",0
48417,"Texas","Shackelford","grain sorghum",0
48417,"Texas","Shackelford","oats",0
48417,"Texas","Shackelford","sesame",0
48417,"Texas","Shackelford","wheat",0
48421,"Texas","Sherman","barley",198.04260496326
48421,"Texas","Sherman","canola",19.6544332398591
48421,"Texas","Sherman","corn",15010.8626309429
48421,"Texas","Sherman","cotton",6436.17163748723
48421,"Texas","Sherman","dry peas",97.5777095581538
48421,"Texas","Sherman","grain sorghum",5281.05761541261
48421,"Texas","Sherman","oats",292.058830426386
48421,"Texas","Sherman","sesame",192.233964001142
48421,"Texas","Sherman","soybeans",98.5821014926933
48421,"Texas","Sherman","sunflower",137.368462424127
48421,"Texas","Sherman","wheat",21161.4880100517
48425,"Texas","Somervell","corn",0
48425,"Texas","Somervell","cotton",0
48425,"Texas","Somervell","oats",0
48427,"Texas","Starr","canola",0
48427,"Texas","Starr","corn",0
48427,"Texas","Starr","cotton",0
48427,"Texas","Starr","grain sorghum",0
48427,"Texas","Starr","peanuts",0
48427,"Texas","Starr","sesame",0
48427,"Texas","Starr","sunflower",0
48427,"Texas","Starr","wheat",0
48429,"Texas","Stephens","barley",0
48429,"Texas","Stephens","grain sorghum",0
48429,"Texas","Stephens","oats",0
48429,"Texas","Stephens","sesame",0
48429,"Texas","Stephens","wheat",0
48431,"Texas","Sterling","barley",218.731778226194
48431,"Texas","Sterling","oats",437.463556452387
48431,"Texas","Sterling","wheat",2548.46866532142
48433,"Texas","Stonewall","cotton",0
48433,"Texas","Stonewall","grain sorghum",0
48433,"Texas","Stonewall","oats",0
48433,"Texas","Stonewall","sunflower",0
48433,"Texas","Stonewall","wheat",0
48435,"Texas","Sutton","oats",0
48435,"Texas","Sutton","wheat",0
48437,"Texas","Swisher","barley",58.0637054714027
48437,"Texas","Swisher","corn",2267.82478162683
48437,"Texas","Swisher","cotton",38036.2266461932
48437,"Texas","Swisher","grain sorghum",9036.46614971911
48437,"Texas","Swisher","oats",188.744517743638
48437,"Texas","Swisher","sunflower",90.5801050513121
48437,"Texas","Swisher","wheat",88390.7903141945
48439,"Texas","Tarrant","corn",0
48439,"Texas","Tarrant","grain sorghum",0
48439,"Texas","Tarrant","wheat",0
48441,"Texas","Taylor","barley",0
48441,"Texas","Taylor","cotton",0
48441,"Texas","Taylor","grain sorghum",0
48441,"Texas","Taylor","oats",0
48441,"Texas","Taylor","sesame",0
48441,"Texas","Taylor","wheat",0
48445,"Texas","Terry","barley",3.85994337260502
48445,"Texas","Terry","corn",246.854664777578
48445,"Texas","Terry","cotton",9765.28739208503
48445,"Texas","Terry","dry peas",35.4294802309316
48445,"Texas","Terry","grain sorghum",469.901101243999
48445,"Texas","Terry","oats",8.75878716664625
48445,"Texas","Terry","peanuts",941.629240021749
48445,"Texas","Terry","sesame",6.90423606063123
48445,"Texas","Terry","soybeans",30.1213653326785
48445,"Texas","Terry","sunflower",30.1757018849304
48445,"Texas","Terry","wheat",1214.67829448979
48447,"Texas","Throckmorton","barley",30.8842267981372
48447,"Texas","Throckmorton","cotton",233.672892248595
48447,"Texas","Throckmorton","grain sorghum",26.7566128130275
48447,"Texas","Throckmorton","oats",22.1973192824096
48447,"Texas","Throckmorton","wheat",7715.95696219117
48449,"Texas","Titus","corn",540.437243850449
48449,"Texas","Titus","grain sorghum",130.872702009965
48449,"Texas","Titus","soybeans",212.242554139586
48451,"Texas","Tom Green","barley",67.5559780384178
48451,"Texas","Tom Green","corn",2172.59297653655
48451,"Texas","Tom Green","cotton",33848.3878484866
48451,"Texas","Tom Green","dry peas",1.84111536881356
48451,"Texas","Tom Green","grain sorghum",4110.72244204737
48451,"Texas","Tom Green","oats",288.102097037264
48451,"Texas","Tom Green","sesame",94.6167517359626
48451,"Texas","Tom Green","sunflower",5.75246268567081
48451,"Texas","Tom Green","wheat",18840.4816080633
48453,"Texas","Travis","corn",0
48453,"Texas","Travis","cotton",0
48453,"Texas","Travis","grain sorghum",0
48453,"Texas","Travis","oats",0
48453,"Texas","Travis","soybeans",0
48453,"Texas","Travis","wheat",0
48461,"Texas","Upton","barley",4.43724295463328
48461,"Texas","Upton","corn",1.10440309358987
48461,"Texas","Upton","cotton",264.250938501471
48461,"Texas","Upton","grain sorghum",2.92405334355357
48461,"Texas","Upton","wheat",129.501462106754
48463,"Texas","Uvalde","corn",0
48463,"Texas","Uvalde","cotton",0
48463,"Texas","Uvalde","grain sorghum",0
48463,"Texas","Uvalde","oats",0
48463,"Texas","Uvalde","sesame",0
48463,"Texas","Uvalde","sunflower",0
48463,"Texas","Uvalde","wheat",0
48465,"Texas","Val Verde","corn",569.327775500552
48465,"Texas","Val Verde","grain sorghum",274.20256660886
48465,"Texas","Val Verde","oats",13.0873088443954
48465,"Texas","Val Verde","wheat",8.66234904619265
48467,"Texas","Van Zandt","grain sorghum",1035.00665110852
48467,"Texas","Van Zandt","wheat",202.093348891482
48469,"Texas","Victoria","corn",0
48469,"Texas","Victoria","cotton",0
48469,"Texas","Victoria","grain sorghum",0
48469,"Texas","Victoria","oats",0
48469,"Texas","Victoria","rice_long grain",0
48469,"Texas","Victoria","soybeans",0
48469,"Texas","Victoria","wheat",0
48471,"Texas","Walker","corn",0
48471,"Texas","Walker","cotton",0
48471,"Texas","Walker","dry peas",0
48471,"Texas","Walker","grain sorghum",0
48473,"Texas","Waller","corn",0
48473,"Texas","Waller","cotton",0
48473,"Texas","Waller","grain sorghum",0
48473,"Texas","Waller","oats",0
48473,"Texas","Waller","peanuts",0
48473,"Texas","Waller","rice_long grain",0
48473,"Texas","Waller","rice_short/medium grain",0
48473,"Texas","Waller","soybeans",0
48473,"Texas","Waller","wheat",0
48475,"Texas","Ward","oats",0
48477,"Texas","Washington","corn",0
48477,"Texas","Washington","cotton",0
48477,"Texas","Washington","grain sorghum",0
48477,"Texas","Washington","oats",0
48477,"Texas","Washington","wheat",0
48481,"Texas","Wharton","canola",0
48481,"Texas","Wharton","corn",0
48481,"Texas","Wharton","cotton",0
48481,"Texas","Wharton","grain sorghum",0
48481,"Texas","Wharton","oats",0
48481,"Texas","Wharton","rice_long grain",0
48481,"Texas","Wharton","sesame",0
48481,"Texas","Wharton","soybeans",0
48481,"Texas","Wharton","wheat",0
48483,"Texas","Wheeler","corn",0
48483,"Texas","Wheeler","cotton",0
48483,"Texas","Wheeler","grain sorghum",0
48483,"Texas","Wheeler","oats",0
48483,"Texas","Wheeler","peanuts",0
48483,"Texas","Wheeler","soybeans",0
48483,"Texas","Wheeler","wheat",0
48485,"Texas","Wichita","barley",82.9136277381929
48485,"Texas","Wichita","canola",21.9256268392665
48485,"Texas","Wichita","corn",1235.85401662595
48485,"Texas","Wichita","cotton",4701.86011272563
48485,"Texas","Wichita","grain sorghum",630.200636652568
48485,"Texas","Wichita","oats",213.302458475768
48485,"Texas","Wichita","sesame",166.586463735725
48485,"Texas","Wichita","wheat",34099.4207238736
48487,"Texas","Wilbarger","barley",20.3741100559316
48487,"Texas","Wilbarger","canola",38.7752231460286
48487,"Texas","Wilbarger","corn",130.158077279084
48487,"Texas","Wilbarger","cotton",4085.98704124887
48487,"Texas","Wilbarger","dry peas",8.13375184458443
48487,"Texas","Wilbarger","grain sorghum",221.817607464803
48487,"Texas","Wilbarger","oats",139.141680237465
48487,"Texas","Wilbarger","peanuts",132.904803517767
48487,"Texas","Wilbarger","sesame",64.4855545586557
48487,"Texas","Wilbarger","soybeans",6.59356312489696
48487,"Texas","Wilbarger","sunflower",3.04318298072167
48487,"Texas","Wilbarger","wheat",23659.1568512078
48489,"Texas","Willacy","canola",18.2712601437556
48489,"Texas","Willacy","corn",801.270799750396
48489,"Texas","Willacy","cotton",3844.03418364247
48489,"Texas","Willacy","grain sorghum",4547.37799234149
48489,"Texas","Willacy","peanuts",0.0154192186647351
48489,"Texas","Willacy","rapeseed",8.49598948426902
48489,"Texas","Willacy","sesame",343.281046181939
48489,"Texas","Willacy","soybeans",2.07131504062941
48489,"Texas","Willacy","sunflower",2.16691419635077
48491,"Texas","Williamson","corn",0
48491,"Texas","Williamson","cotton",0
48491,"Texas","Williamson","grain sorghum",0
48491,"Texas","Williamson","oats",0
48491,"Texas","Williamson","rapeseed",0
48491,"Texas","Williamson","sesame",0
48491,"Texas","Williamson","soybeans",0
48491,"Texas","Williamson","sunflower",0
48491,"Texas","Williamson","wheat",0
48493,"Texas","Wilson","corn",0
48493,"Texas","Wilson","cotton",0
48493,"Texas","Wilson","dry peas",0
48493,"Texas","Wilson","grain sorghum",0
48493,"Texas","Wilson","oats",0
48493,"Texas","Wilson","peanuts",0
48493,"Texas","Wilson","sesame",0
48493,"Texas","Wilson","soybeans",0
48493,"Texas","Wilson","sunflower",0
48493,"Texas","Wilson","wheat",0
48495,"Texas","Winkler","cotton",597.775
48497,"Texas","Wise","corn",0
48497,"Texas","Wise","grain sorghum",0
48497,"Texas","Wise","oats",0
48497,"Texas","Wise","wheat",0
48501,"Texas","Yoakum","barley",0
48501,"Texas","Yoakum","corn",0
48501,"Texas","Yoakum","cotton",0
48501,"Texas","Yoakum","dry peas",0
48501,"Texas","Yoakum","grain sorghum",0
48501,"Texas","Yoakum","oats",0
48501,"Texas","Yoakum","peanuts",0
48501,"Texas","Yoakum","sunflower",0
48501,"Texas","Yoakum","wheat",0
48503,"Texas","Young","cotton",0
48503,"Texas","Young","grain sorghum",0
48503,"Texas","Young","oats",0
48503,"Texas","Young","sesame",0
48503,"Texas","Young","wheat",0
48505,"Texas","Zapata","cotton",1033.79379144468
48505,"Texas","Zapata","grain sorghum",253.857648847455
48505,"Texas","Zapata","sesame",379.611559707868
48507,"Texas","Zavala","corn",0
48507,"Texas","Zavala","cotton",0
48507,"Texas","Zavala","dry peas",0
48507,"Texas","Zavala","grain sorghum",0
48507,"Texas","Zavala","oats",0
48507,"Texas","Zavala","sesame",0
48507,"Texas","Zavala","sunflower",0
48507,"Texas","Zavala","wheat",0
49001,"Utah","Beaver","barley",0
49001,"Utah","Beaver","corn",0
49001,"Utah","Beaver","oats",0
49001,"Utah","Beaver","wheat",0
49003,"Utah","Box Elder","barley",0
49003,"Utah","Box Elder","canola",0
49003,"Utah","Box Elder","corn",0
49003,"Utah","Box Elder","dry peas",0
49003,"Utah","Box Elder","oats",0
49003,"Utah","Box Elder","safflower",0
49003,"Utah","Box Elder","wheat",0
49005,"Utah","Cache","barley",0
49005,"Utah","Cache","canola",0
49005,"Utah","Cache","chickpeas_large",0
49005,"Utah","Cache","corn",0
49005,"Utah","Cache","flaxseed",0
49005,"Utah","Cache","grain sorghum",0
49005,"Utah","Cache","lentils",0
49005,"Utah","Cache","mustard",0
49005,"Utah","Cache","oats",0
49005,"Utah","Cache","safflower",0
49005,"Utah","Cache","soybeans",0
49005,"Utah","Cache","wheat",0
49007,"Utah","Carbon","corn",0
49007,"Utah","Carbon","oats",0
49007,"Utah","Carbon","wheat",0
49011,"Utah","Davis","barley",0
49011,"Utah","Davis","corn",0
49011,"Utah","Davis","oats",0
49011,"Utah","Davis","wheat",0
49013,"Utah","Duchesne","barley",2.53170417768521
49013,"Utah","Duchesne","corn",202.827923489757
49013,"Utah","Duchesne","oats",19.4718267665002
49013,"Utah","Duchesne","soybeans",3.13502699490377
49013,"Utah","Duchesne","wheat",4.71118523782064
49015,"Utah","Emery","barley",0
49015,"Utah","Emery","corn",0
49015,"Utah","Emery","oats",0
49015,"Utah","Emery","safflower",0
49015,"Utah","Emery","sunflower",0
49015,"Utah","Emery","wheat",0
49017,"Utah","Garfield","oats",0
49021,"Utah","Iron","corn",2183.77115169166
49021,"Utah","Iron","oats",64.2724730984872
49021,"Utah","Iron","wheat",30.9257085431848
49023,"Utah","Juab","barley",0
49023,"Utah","Juab","corn",0
49023,"Utah","Juab","flaxseed",0
49023,"Utah","Juab","oats",0
49023,"Utah","Juab","safflower",0
49023,"Utah","Juab","wheat",0
49025,"Utah","Kane","oats",49.3475
49027,"Utah","Millard","barley",0
49027,"Utah","Millard","corn",0
49027,"Utah","Millard","dry peas",0
49027,"Utah","Millard","oats",0
49027,"Utah","Millard","safflower",0
49027,"Utah","Millard","sunflower",0
49027,"Utah","Millard","wheat",0
49029,"Utah","Morgan","barley",0
49029,"Utah","Morgan","corn",0
49029,"Utah","Morgan","grain sorghum",0
49029,"Utah","Morgan","oats",0
49029,"Utah","Morgan","wheat",0
49031,"Utah","Piute","barley",30.4002435209255
49031,"Utah","Piute","corn",19.3754546375268
49031,"Utah","Piute","mustard",5.37212235790947
49031,"Utah","Piute","oats",157.059369255841
49031,"Utah","Piute","wheat",79.5268102277971
49033,"Utah","Rich","barley",0
49033,"Utah","Rich","oats",0
49035,"Utah","Salt Lake","wheat",0
49037,"Utah","San Juan","corn",0
49037,"Utah","San Juan","oats",0
49037,"Utah","San Juan","safflower",0
49037,"Utah","San Juan","sunflower",0
49037,"Utah","San Juan","wheat",0
49039,"Utah","Sanpete","barley",245.828684750218
49039,"Utah","Sanpete","corn",859.718342562432
49039,"Utah","Sanpete","oats",322.968389841588
49039,"Utah","Sanpete","safflower",65.5902193479358
49039,"Utah","Sanpete","sunflower",7.61562396466783
49039,"Utah","Sanpete","wheat",283.80707286649
49041,"Utah","Sevier","barley",0
49041,"Utah","Sevier","corn",0
49041,"Utah","Sevier","oats",0
49041,"Utah","Sevier","wheat",0
49043,"Utah","Summit","barley",0
49043,"Utah","Summit","oats",0
49045,"Utah","Tooele","barley",0
49045,"Utah","Tooele","corn",0
49045,"Utah","Tooele","oats",0
49045,"Utah","Tooele","wheat",0
49047,"Utah","Uintah","barley",0
49047,"Utah","Uintah","corn",0
49047,"Utah","Uintah","grain sorghum",0
49047,"Utah","Uintah","oats",0
49047,"Utah","Uintah","wheat",0
49049,"Utah","Utah","barley",0
49049,"Utah","Utah","corn",0
49049,"Utah","Utah","grain sorghum",0
49049,"Utah","Utah","oats",0
49049,"Utah","Utah","safflower",0
49049,"Utah","Utah","wheat",0
49053,"Utah","Washington","barley",0
49053,"Utah","Washington","corn",0
49053,"Utah","Washington","grain sorghum",0
49053,"Utah","Washington","wheat",0
49055,"Utah","Wayne","barley",0
49055,"Utah","Wayne","corn",0
49055,"Utah","Wayne","oats",0
49055,"Utah","Wayne","wheat",0
49057,"Utah","Weber","barley",0
49057,"Utah","Weber","corn",0
49057,"Utah","Weber","oats",0
49057,"Utah","Weber","safflower",0
49057,"Utah","Weber","sunflower",0
49057,"Utah","Weber","wheat",0
50001,"Vermont","Addison","barley",0.291973716030894
50001,"Vermont","Addison","corn",71.1474197465526
50001,"Vermont","Addison","oats",0.0578892622487227
50001,"Vermont","Addison","soybeans",12.4861207813852
50001,"Vermont","Addison","wheat",1.25076316044786
50003,"Vermont","Bennington","barley",0
50003,"Vermont","Bennington","corn",0
50003,"Vermont","Bennington","oats",0
50003,"Vermont","Bennington","soybeans",0
50005,"Vermont","Caledonia","barley",0.0425431576696503
50005,"Vermont","Caledonia","corn",2.12172917276431
50005,"Vermont","Caledonia","oats",0.00602907024859316
50005,"Vermont","Caledonia","soybeans",0.0518988311152666
50005,"Vermont","Caledonia","wheat",0.0334664348686345
50007,"Vermont","Chittenden","barley",0
50007,"Vermont","Chittenden","corn",0
50007,"Vermont","Chittenden","oats",0
50007,"Vermont","Chittenden","soybeans",0
50007,"Vermont","Chittenden","sunflower",0
50007,"Vermont","Chittenden","wheat",0
50009,"Vermont","Essex","barley",4.39544248628902
50009,"Vermont","Essex","corn",269.769606374068
50009,"Vermont","Essex","oats",5.98456400056274
50009,"Vermont","Essex","soybeans",7.04538713908057
50011,"Vermont","Franklin","barley",1.06572416152545
50011,"Vermont","Franklin","corn",331.601628071961
50011,"Vermont","Franklin","dry peas",0.00443712786701319
50011,"Vermont","Franklin","oats",0.267373930053103
50011,"Vermont","Franklin","soybeans",17.2686508796615
50011,"Vermont","Franklin","sunflower",0.428885384412383
50011,"Vermont","Franklin","wheat",0.178520444516164
50013,"Vermont","Grand Isle","barley",0
50013,"Vermont","Grand Isle","corn",0
50013,"Vermont","Grand Isle","oats",0
50013,"Vermont","Grand Isle","soybeans",0
50013,"Vermont","Grand Isle","wheat",0
50015,"Vermont","Lamoille","barley",0
50015,"Vermont","Lamoille","corn",0
50015,"Vermont","Lamoille","oats",0
50015,"Vermont","Lamoille","soybeans",0
50017,"Vermont","Orange","corn",0
50017,"Vermont","Orange","soybeans",0
50017,"Vermont","Orange","sunflower",0
50017,"Vermont","Orange","wheat",0
50019,"Vermont","Orleans","barley",0
50019,"Vermont","Orleans","corn",0
50019,"Vermont","Orleans","soybeans",0
50021,"Vermont","Rutland","barley",0
50021,"Vermont","Rutland","corn",0
50021,"Vermont","Rutland","oats",0
50021,"Vermont","Rutland","soybeans",0
50021,"Vermont","Rutland","sunflower",0
50021,"Vermont","Rutland","wheat",0
50023,"Vermont","Washington","barley",0
50023,"Vermont","Washington","corn",0
50023,"Vermont","Washington","wheat",0
50025,"Vermont","Windham","corn",0
50025,"Vermont","Windham","oats",0
50027,"Vermont","Windsor","corn",0
50027,"Vermont","Windsor","oats",0
50027,"Vermont","Windsor","soybeans",0
52001,"Virgin Islands of the U.S.","St. Croix","corn",4.25416666666667
51001,"Virginia","Accomack","corn",1773.42697395128
51001,"Virginia","Accomack","cotton",16.3794135405616
51001,"Virginia","Accomack","grain sorghum",15.636734808732
51001,"Virginia","Accomack","rapeseed",84.7658005401165
51001,"Virginia","Accomack","soybeans",2507.9770325668
51001,"Virginia","Accomack","sunflower",0.280256125218735
51001,"Virginia","Accomack","wheat",822.569788467278
51003,"Virginia","Albemarle, Charlottesville City","corn",1377.13522505791
51003,"Virginia","Albemarle, Charlottesville City","grain sorghum",181.197277881452
51003,"Virginia","Albemarle, Charlottesville City","oats",51.4789480226086
51003,"Virginia","Albemarle, Charlottesville City","soybeans",2726.2828123589
51003,"Virginia","Albemarle, Charlottesville City","wheat",781.328736679123
51005,"Virginia","Alleghany, Covington City","corn",341.406118186449
51005,"Virginia","Alleghany, Covington City","grain sorghum",124.830508901864
51005,"Virginia","Alleghany, Covington City","soybeans",62.3800395783534
51007,"Virginia","Amelia","barley",48.7600728432903
51007,"Virginia","Amelia","corn",726.069397948322
51007,"Virginia","Amelia","grain sorghum",14.458252448019
51007,"Virginia","Amelia","oats",15.3451553449154
51007,"Virginia","Amelia","soybeans",1169.73078671612
51007,"Virginia","Amelia","sunflower",1.85662013767958
51007,"Virginia","Amelia","wheat",222.394047894989
51009,"Virginia","Amherst","corn",0
51009,"Virginia","Amherst","grain sorghum",0
51009,"Virginia","Amherst","soybeans",0
51011,"Virginia","Appomattox","barley",0.576270288473902
51011,"Virginia","Appomattox","corn",52.9650483930352
51011,"Virginia","Appomattox","grain sorghum",0.524014652867875
51011,"Virginia","Appomattox","soybeans",76.9918007655375
51011,"Virginia","Appomattox","sunflower",0.0935740451549777
51011,"Virginia","Appomattox","wheat",24.1139585215974
51015,"Virginia","Augusta","barley",971.521367333342
51015,"Virginia","Augusta","corn",10128.3847005685
51015,"Virginia","Augusta","grain sorghum",70.8023112763556
51015,"Virginia","Augusta","oats",45.3407908489134
51015,"Virginia","Augusta","soybeans",3117.87715211354
51015,"Virginia","Augusta","sunflower",28.4560642196265
51015,"Virginia","Augusta","wheat",1219.41408030639
51017,"Virginia","Bath","barley",24.0403221241495
51017,"Virginia","Bath","corn",33.7155622511293
51017,"Virginia","Bath","soybeans",29.3798672406539
51017,"Virginia","Bath","wheat",14.9909150507338
51019,"Virginia","Bedford","barley",0
51019,"Virginia","Bedford","corn",0
51019,"Virginia","Bedford","grain sorghum",0
51019,"Virginia","Bedford","oats",0
51019,"Virginia","Bedford","soybeans",0
51019,"Virginia","Bedford","sunflower",0
51019,"Virginia","Bedford","wheat",0
51021,"Virginia","Bland","barley",0
51021,"Virginia","Bland","corn",0
51021,"Virginia","Bland","oats",0
51021,"Virginia","Bland","wheat",0
51023,"Virginia","Botetourt","barley",0
51023,"Virginia","Botetourt","corn",0
51023,"Virginia","Botetourt","grain sorghum",0
51023,"Virginia","Botetourt","oats",0
51023,"Virginia","Botetourt","soybeans",0
51023,"Virginia","Botetourt","sunflower",0
51023,"Virginia","Botetourt","wheat",0
51025,"Virginia","Brunswick","barley",3.22861036632794
51025,"Virginia","Brunswick","canola",0.860022848672507
51025,"Virginia","Brunswick","corn",85.8856601294766
51025,"Virginia","Brunswick","cotton",16.2263753568143
51025,"Virginia","Brunswick","grain sorghum",12.1582980977707
51025,"Virginia","Brunswick","oats",19.1296151116396
51025,"Virginia","Brunswick","peanuts",2.54059208738993
51025,"Virginia","Brunswick","soybeans",781.561695301944
51025,"Virginia","Brunswick","sunflower",0.0845924113448368
51025,"Virginia","Brunswick","wheat",103.961704955287
51027,"Virginia","Buchanan","corn",0
51029,"Virginia","Buckingham","barley",0
51029,"Virginia","Buckingham","corn",0
51029,"Virginia","Buckingham","oats",0
51029,"Virginia","Buckingham","soybeans",0
51029,"Virginia","Buckingham","wheat",0
51031,"Virginia","Campbell, Lynchburg City","barley",140.201236755181
51031,"Virginia","Campbell, Lynchburg City","corn",2836.45211913196
51031,"Virginia","Campbell, Lynchburg City","grain sorghum",26.5283525554983
51031,"Virginia","Campbell, Lynchburg City","oats",74.755182425421
51031,"Virginia","Campbell, Lynchburg City","soybeans",5840.90215391941
51031,"Virginia","Campbell, Lynchburg City","sunflower",21.8215755092856
51031,"Virginia","Campbell, Lynchburg City","wheat",2285.53721303658
51033,"Virginia","Caroline","barley",16.6167742737582
51033,"Virginia","Caroline","canola",1.37520740538558
51033,"Virginia","Caroline","corn",322.416322497388
51033,"Virginia","Caroline","grain sorghum",2.95375097841226
51033,"Virginia","Caroline","oats",0.909487608718902
51033,"Virginia","Caroline","rapeseed",3.70157741797351
51033,"Virginia","Caroline","soybeans",469.249621757029
51033,"Virginia","Caroline","sunflower",0.138466364491181
51033,"Virginia","Caroline","wheat",130.187291696833
51035,"Virginia","Carroll, East Galax City","corn",1003.40734504523
51035,"Virginia","Carroll, East Galax City","oats",29.3520607360692
51035,"Virginia","Carroll, East Galax City","soybeans",49.1226500699703
51035,"Virginia","Carroll, East Galax City","wheat",14.3291041487329
51036,"Virginia","Charles City","corn",0
51036,"Virginia","Charles City","cotton",0
51036,"Virginia","Charles City","grain sorghum",0
51036,"Virginia","Charles City","oats",0
51036,"Virginia","Charles City","rapeseed",0
51036,"Virginia","Charles City","soybeans",0
51036,"Virginia","Charles City","sunflower",0
51036,"Virginia","Charles City","wheat",0
51037,"Virginia","Charlotte","barley",7.12953478120413
51037,"Virginia","Charlotte","corn",350.324299805485
51037,"Virginia","Charlotte","grain sorghum",14.8666171875006
51037,"Virginia","Charlotte","oats",15.0830756356833
51037,"Virginia","Charlotte","rapeseed",7.63286167198631
51037,"Virginia","Charlotte","sesame",9.57854775532852
51037,"Virginia","Charlotte","soybeans",1775.68414947583
51037,"Virginia","Charlotte","sunflower",1.64592076057719
51037,"Virginia","Charlotte","wheat",513.994492926403
51550,"Virginia","Chesapeake","corn",6254.21042829444
51550,"Virginia","Chesapeake","oats",3.87720142580144
51550,"Virginia","Chesapeake","soybeans",17887.6400961375
51550,"Virginia","Chesapeake","sunflower",6.32842093186367
51550,"Virginia","Chesapeake","wheat",2799.92651987709
51041,"Virginia","Chesterfield","barley",0
51041,"Virginia","Chesterfield","corn",0
51041,"Virginia","Chesterfield","grain sorghum",0
51041,"Virginia","Chesterfield","oats",0
51041,"Virginia","Chesterfield","soybeans",0
51041,"Virginia","Chesterfield","sunflower",0
51041,"Virginia","Chesterfield","wheat",0
51043,"Virginia","Clarke","barley",6.82100265330425
51043,"Virginia","Clarke","corn",149.949528956124
51043,"Virginia","Clarke","dry peas",0.218645239447727
51043,"Virginia","Clarke","oats",0.600399827523458
51043,"Virginia","Clarke","soybeans",87.2711978284108
51043,"Virginia","Clarke","wheat",19.3915588285231
51045,"Virginia","Craig","barley",0
51045,"Virginia","Craig","corn",0
51045,"Virginia","Craig","soybeans",0
51045,"Virginia","Craig","wheat",0
51047,"Virginia","Culpeper","barley",0
51047,"Virginia","Culpeper","corn",0
51047,"Virginia","Culpeper","grain sorghum",0
51047,"Virginia","Culpeper","oats",0
51047,"Virginia","Culpeper","rapeseed",0
51047,"Virginia","Culpeper","soybeans",0
51047,"Virginia","Culpeper","sunflower",0
51047,"Virginia","Culpeper","wheat",0
51049,"Virginia","Cumberland","corn",781.684715660846
51049,"Virginia","Cumberland","grain sorghum",3.47555428262488
51049,"Virginia","Cumberland","oats",10.4845061193401
51049,"Virginia","Cumberland","soybeans",969.299201392589
51049,"Virginia","Cumberland","wheat",189.597022544599
51051,"Virginia","Dickenson","corn",3.41
51053,"Virginia","Dinwiddie, Petersburg City","barley",58.3886550642643
51053,"Virginia","Dinwiddie, Petersburg City","corn",6444.18745591266
51053,"Virginia","Dinwiddie, Petersburg City","cotton",1309.77807370076
51053,"Virginia","Dinwiddie, Petersburg City","grain sorghum",35.7533964745821
51053,"Virginia","Dinwiddie, Petersburg City","oats",110.24905422527
51053,"Virginia","Dinwiddie, Petersburg City","peanuts",471.322410072826
51053,"Virginia","Dinwiddie, Petersburg City","soybeans",16699.4555084654
51053,"Virginia","Dinwiddie, Petersburg City","sunflower",13.7297767128404
51053,"Virginia","Dinwiddie, Petersburg City","wheat",2730.39064937143
51057,"Virginia","Essex","barley",0
51057,"Virginia","Essex","corn",0
51057,"Virginia","Essex","grain sorghum",0
51057,"Virginia","Essex","oats",0
51057,"Virginia","Essex","soybeans",0
51057,"Virginia","Essex","sunflower",0
51057,"Virginia","Essex","wheat",0
51061,"Virginia","Fauquier","barley",0
51061,"Virginia","Fauquier","corn",0
51061,"Virginia","Fauquier","grain sorghum",0
51061,"Virginia","Fauquier","oats",0
51061,"Virginia","Fauquier","soybeans",0
51061,"Virginia","Fauquier","sunflower",0
51061,"Virginia","Fauquier","wheat",0
51063,"Virginia","Floyd","barley",0
51063,"Virginia","Floyd","corn",0
51063,"Virginia","Floyd","oats",0
51063,"Virginia","Floyd","wheat",0
51065,"Virginia","Fluvanna","corn",504.169289871061
51065,"Virginia","Fluvanna","soybeans",569.403693255957
51065,"Virginia","Fluvanna","wheat",180.132016872982
51067,"Virginia","Franklin","barley",571.706263388096
51067,"Virginia","Franklin","canola",5.67140526679619
51067,"Virginia","Franklin","corn",5009.3611815692
51067,"Virginia","Franklin","grain sorghum",175.360872724161
51067,"Virginia","Franklin","oats",84.4234658329641
51067,"Virginia","Franklin","soybeans",3397.9310078043
51067,"Virginia","Franklin","sunflower",14.4247849992964
51067,"Virginia","Franklin","wheat",1534.13351841518
51069,"Virginia","Frederick, Winchester City","barley",24.6447388601498
51069,"Virginia","Frederick, Winchester City","corn",2734.25302568714
51069,"Virginia","Frederick, Winchester City","grain sorghum",12.0182428654177
51069,"Virginia","Frederick, Winchester City","oats",109.030422141886
51069,"Virginia","Frederick, Winchester City","soybeans",1108.9272542988
51069,"Virginia","Frederick, Winchester City","wheat",298.383816146606
51071,"Virginia","Giles","corn",0
51073,"Virginia","Gloucester","barley",0
51073,"Virginia","Gloucester","corn",0
51073,"Virginia","Gloucester","oats",0
51073,"Virginia","Gloucester","soybeans",0
51073,"Virginia","Gloucester","wheat",0
51075,"Virginia","Goochland","barley",0
51075,"Virginia","Goochland","corn",0
51075,"Virginia","Goochland","grain sorghum",0
51075,"Virginia","Goochland","soybeans",0
51075,"Virginia","Goochland","sunflower",0
51075,"Virginia","Goochland","wheat",0
51077,"Virginia","Grayson, West Galax City","corn",1185.96696350548
51077,"Virginia","Grayson, West Galax City","oats",14.9350420316569
51077,"Virginia","Grayson, West Galax City","soybeans",10.251509335323
51077,"Virginia","Grayson, West Galax City","wheat",17.3119851275431
51079,"Virginia","Greene","barley",0
51079,"Virginia","Greene","corn",0
51079,"Virginia","Greene","grain sorghum",0
51079,"Virginia","Greene","soybeans",0
51081,"Virginia","Greensville, Emporia City","corn",2071.72232078942
51081,"Virginia","Greensville, Emporia City","cotton",8202.03798718523
51081,"Virginia","Greensville, Emporia City","grain sorghum",198.592881800095
51081,"Virginia","Greensville, Emporia City","oats",119.954072059643
51081,"Virginia","Greensville, Emporia City","peanuts",2188.04737691902
51081,"Virginia","Greensville, Emporia City","soybeans",9965.10956505984
51081,"Virginia","Greensville, Emporia City","sunflower",11.8637008768448
51081,"Virginia","Greensville, Emporia City","wheat",1444.5995953099
51083,"Virginia","Halifax","barley",0
51083,"Virginia","Halifax","canola",0
51083,"Virginia","Halifax","corn",0
51083,"Virginia","Halifax","grain sorghum",0
51083,"Virginia","Halifax","oats",0
51083,"Virginia","Halifax","soybeans",0
51083,"Virginia","Halifax","sunflower",0
51083,"Virginia","Halifax","wheat",0
51085,"Virginia","Hanover","barley",5.87470050154405
51085,"Virginia","Hanover","corn",98.0010343802244
51085,"Virginia","Hanover","grain sorghum",4.12746123521273
51085,"Virginia","Hanover","oats",0.120006325814365
51085,"Virginia","Hanover","rapeseed",2.86806433075646
51085,"Virginia","Hanover","soybeans",191.346304646998
51085,"Virginia","Hanover","sunflower",0.101015578084845
51085,"Virginia","Hanover","wheat",54.2057463347025
51087,"Virginia","Henrico, Richmond City","corn",0
51087,"Virginia","Henrico, Richmond City","cotton",0
51087,"Virginia","Henrico, Richmond City","grain sorghum",0
51087,"Virginia","Henrico, Richmond City","oats",0
51087,"Virginia","Henrico, Richmond City","rapeseed",0
51087,"Virginia","Henrico, Richmond City","soybeans",0
51087,"Virginia","Henrico, Richmond City","sunflower",0
51087,"Virginia","Henrico, Richmond City","wheat",0
51089,"Virginia","Henry, Martinsville City","barley",31.515915625217
51089,"Virginia","Henry, Martinsville City","corn",196.574019537409
51089,"Virginia","Henry, Martinsville City","grain sorghum",8.46052866047627
51089,"Virginia","Henry, Martinsville City","oats",21.8880363617025
51089,"Virginia","Henry, Martinsville City","soybeans",349.272660779355
51089,"Virginia","Henry, Martinsville City","sunflower",36.2907451857873
51089,"Virginia","Henry, Martinsville City","wheat",269.377927183386
51091,"Virginia","Highland","corn",0
51091,"Virginia","Highland","mustard",0
51091,"Virginia","Highland","soybeans",0
51093,"Virginia","Isle of Wight","barley",0
51093,"Virginia","Isle of Wight","corn",0
51093,"Virginia","Isle of Wight","cotton",0
51093,"Virginia","Isle of Wight","grain sorghum",0
51093,"Virginia","Isle of Wight","oats",0
51093,"Virginia","Isle of Wight","peanuts",0
51093,"Virginia","Isle of Wight","soybeans",0
51093,"Virginia","Isle of Wight","sunflower",0
51093,"Virginia","Isle of Wight","wheat",0
51095,"Virginia","James City, Williamsburg City","corn",1165.67049156006
51095,"Virginia","James City, Williamsburg City","oats",135.419741046341
51095,"Virginia","James City, Williamsburg City","soybeans",1269.13721489803
51095,"Virginia","James City, Williamsburg City","wheat",282.26955249557
51099,"Virginia","King George","barley",0
51099,"Virginia","King George","corn",0
51099,"Virginia","King George","oats",0
51099,"Virginia","King George","soybeans",0
51099,"Virginia","King George","wheat",0
51101,"Virginia","King William","barley",0
51101,"Virginia","King William","corn",0
51101,"Virginia","King William","grain sorghum",0
51101,"Virginia","King William","oats",0
51101,"Virginia","King William","soybeans",0
51101,"Virginia","King William","sunflower",0
51101,"Virginia","King William","wheat",0
51097,"Virginia","King and Queen","barley",0
51097,"Virginia","King and Queen","corn",0
51097,"Virginia","King and Queen","oats",0
51097,"Virginia","King and Queen","soybeans",0
51097,"Virginia","King and Queen","sunflower",0
51097,"Virginia","King and Queen","wheat",0
51103,"Virginia","Lancaster","barley",0
51103,"Virginia","Lancaster","canola",0
51103,"Virginia","Lancaster","corn",0
51103,"Virginia","Lancaster","oats",0
51103,"Virginia","Lancaster","rapeseed",0
51103,"Virginia","Lancaster","soybeans",0
51103,"Virginia","Lancaster","sunflower",0
51103,"Virginia","Lancaster","wheat",0
51105,"Virginia","Lee","corn",0
51105,"Virginia","Lee","oats",0
51105,"Virginia","Lee","soybeans",0
51105,"Virginia","Lee","wheat",0
51107,"Virginia","Loudoun","barley",0
51107,"Virginia","Loudoun","corn",0
51107,"Virginia","Loudoun","grain sorghum",0
51107,"Virginia","Loudoun","oats",0
51107,"Virginia","Loudoun","soybeans",0
51107,"Virginia","Loudoun","wheat",0
51109,"Virginia","Louisa","barley",0
51109,"Virginia","Louisa","corn",0
51109,"Virginia","Louisa","grain sorghum",0
51109,"Virginia","Louisa","oats",0
51109,"Virginia","Louisa","peanuts",0
51109,"Virginia","Louisa","soybeans",0
51109,"Virginia","Louisa","sunflower",0
51109,"Virginia","Louisa","wheat",0
51111,"Virginia","Lunenburg","barley",0.644800155577998
51111,"Virginia","Lunenburg","corn",91.487067074087
51111,"Virginia","Lunenburg","grain sorghum",0.544553881390481
51111,"Virginia","Lunenburg","oats",1.18079028490221
51111,"Virginia","Lunenburg","soybeans",338.501745174025
51111,"Virginia","Lunenburg","sunflower",1.62308289161899
51111,"Virginia","Lunenburg","wheat",29.1709605383972
51113,"Virginia","Madison","barley",0
51113,"Virginia","Madison","corn",0
51113,"Virginia","Madison","grain sorghum",0
51113,"Virginia","Madison","oats",0
51113,"Virginia","Madison","soybeans",0
51113,"Virginia","Madison","wheat",0
51115,"Virginia","Mathews","corn",0
51115,"Virginia","Mathews","soybeans",0
51115,"Virginia","Mathews","sunflower",0
51115,"Virginia","Mathews","wheat",0
51117,"Virginia","Mecklenburg","barley",11.0478760207984
51117,"Virginia","Mecklenburg","corn",1110.34017921949
51117,"Virginia","Mecklenburg","grain sorghum",144.693984828619
51117,"Virginia","Mecklenburg","oats",293.794981626668
51117,"Virginia","Mecklenburg","soybeans",7772.72568273993
51117,"Virginia","Mecklenburg","sunflower",4.19762389858042
51117,"Virginia","Mecklenburg","wheat",1348.34917166591
51119,"Virginia","Middlesex","barley",3.80688692271496
51119,"Virginia","Middlesex","corn",215.059551186682
51119,"Virginia","Middlesex","oats",1.10991754719735
51119,"Virginia","Middlesex","soybeans",243.876574606066
51119,"Virginia","Middlesex","wheat",92.8200697373402
51121,"Virginia","Montgomery, Radford City","barley",59.0217157572613
51121,"Virginia","Montgomery, Radford City","corn",1563.23690767142
51121,"Virginia","Montgomery, Radford City","oats",114.585523811492
51121,"Virginia","Montgomery, Radford City","soybeans",85.9466300005474
51121,"Virginia","Montgomery, Radford City","sunflower",9.43763839001745
51121,"Virginia","Montgomery, Radford City","wheat",657.693584369263
51125,"Virginia","Nelson","corn",201.038471658459
51125,"Virginia","Nelson","soybeans",113.271087218572
51125,"Virginia","Nelson","wheat",4.59110778963653
51127,"Virginia","New Kent","barley",0
51127,"Virginia","New Kent","corn",0
51127,"Virginia","New Kent","cotton",0
51127,"Virginia","New Kent","grain sorghum",0
51127,"Virginia","New Kent","oats",0
51127,"Virginia","New Kent","soybeans",0
51127,"Virginia","New Kent","sunflower",0
51127,"Virginia","New Kent","wheat",0
51131,"Virginia","Northampton","barley",7.71124272631994
51131,"Virginia","Northampton","corn",321.140696256632
51131,"Virginia","Northampton","cotton",52.7062909997151
51131,"Virginia","Northampton","grain sorghum",2.03016761735576
51131,"Virginia","Northampton","rapeseed",13.4750519388127
51131,"Virginia","Northampton","soybeans",896.021626995064
51131,"Virginia","Northampton","wheat",406.8409234661
51133,"Virginia","Northumberland","barley",0
51133,"Virginia","Northumberland","canola",0
51133,"Virginia","Northumberland","corn",0
51133,"Virginia","Northumberland","oats",0
51133,"Virginia","Northumberland","rapeseed",0
51133,"Virginia","Northumberland","soybeans",0
51133,"Virginia","Northumberland","sunflower",0
51133,"Virginia","Northumberland","wheat",0
51135,"Virginia","Nottoway","barley",15.4257458333679
51135,"Virginia","Nottoway","corn",392.178646641375
51135,"Virginia","Nottoway","grain sorghum",8.0707149863374
51135,"Virginia","Nottoway","oats",10.8466377870217
51135,"Virginia","Nottoway","soybeans",586.390760108382
51135,"Virginia","Nottoway","sunflower",0.846963478469661
51135,"Virginia","Nottoway","wheat",179.915031165048
51137,"Virginia","Orange","barley",0
51137,"Virginia","Orange","corn",0
51137,"Virginia","Orange","grain sorghum",0
51137,"Virginia","Orange","oats",0
51137,"Virginia","Orange","soybeans",0
51137,"Virginia","Orange","sunflower",0
51137,"Virginia","Orange","wheat",0
51139,"Virginia","Page","barley",0
51139,"Virginia","Page","corn",0
51139,"Virginia","Page","grain sorghum",0
51139,"Virginia","Page","oats",0
51139,"Virginia","Page","soybeans",0
51139,"Virginia","Page","sunflower",0
51139,"Virginia","Page","wheat",0
51141,"Virginia","Patrick","barley",0
51141,"Virginia","Patrick","corn",0
51141,"Virginia","Patrick","grain sorghum",0
51141,"Virginia","Patrick","soybeans",0
51141,"Virginia","Patrick","sunflower",0
51141,"Virginia","Patrick","wheat",0
51143,"Virginia","Pittsylvania","barley",96.2610030599007
51143,"Virginia","Pittsylvania","canola",10.2299962996515
51143,"Virginia","Pittsylvania","corn",762.046025596358
51143,"Virginia","Pittsylvania","grain sorghum",25.2539626449747
51143,"Virginia","Pittsylvania","oats",26.0733017478064
51143,"Virginia","Pittsylvania","soybeans",772.401523292424
51143,"Virginia","Pittsylvania","sunflower",5.04826646254956
51143,"Virginia","Pittsylvania","wheat",547.87975422967
51145,"Virginia","Powhatan","barley",0
51145,"Virginia","Powhatan","corn",0
51145,"Virginia","Powhatan","grain sorghum",0
51145,"Virginia","Powhatan","oats",0
51145,"Virginia","Powhatan","soybeans",0
51145,"Virginia","Powhatan","sunflower",0
51145,"Virginia","Powhatan","wheat",0
51147,"Virginia","Prince Edward","barley",0
51147,"Virginia","Prince Edward","corn",0
51147,"Virginia","Prince Edward","grain sorghum",0
51147,"Virginia","Prince Edward","oats",0
51147,"Virginia","Prince Edward","soybeans",0
51147,"Virginia","Prince Edward","wheat",0
51149,"Virginia","Prince George","corn",0
51149,"Virginia","Prince George","cotton",0
51149,"Virginia","Prince George","grain sorghum",0
51149,"Virginia","Prince George","mustard",0
51149,"Virginia","Prince George","peanuts",0
51149,"Virginia","Prince George","soybeans",0
51149,"Virginia","Prince George","sunflower",0
51149,"Virginia","Prince George","wheat",0
51153,"Virginia","Prince William","barley",0
51153,"Virginia","Prince William","corn",0
51153,"Virginia","Prince William","grain sorghum",0
51153,"Virginia","Prince William","soybeans",0
51153,"Virginia","Prince William","wheat",0
51155,"Virginia","Pulaski","barley",0
51155,"Virginia","Pulaski","corn",0
51155,"Virginia","Pulaski","oats",0
51155,"Virginia","Pulaski","soybeans",0
51155,"Virginia","Pulaski","sunflower",0
51155,"Virginia","Pulaski","wheat",0
51157,"Virginia","Rappahannock","corn",0
51157,"Virginia","Rappahannock","soybeans",0
51157,"Virginia","Rappahannock","wheat",0
51159,"Virginia","Richmond","barley",0
51159,"Virginia","Richmond","canola",0
51159,"Virginia","Richmond","corn",0
51159,"Virginia","Richmond","oats",0
51159,"Virginia","Richmond","rapeseed",0
51159,"Virginia","Richmond","soybeans",0
51159,"Virginia","Richmond","sunflower",0
51159,"Virginia","Richmond","wheat",0
51161,"Virginia","Roanoke, Roanoke City, Salem City","barley",33.6614011912962
51161,"Virginia","Roanoke, Roanoke City, Salem City","corn",101.636598808704
51163,"Virginia","Rockbridge, Buena Vista City, Lexington City","barley",96.7983624606947
51163,"Virginia","Rockbridge, Buena Vista City, Lexington City","corn",3829.65704913219
51163,"Virginia","Rockbridge, Buena Vista City, Lexington City","grain sorghum",38.4161027348268
51163,"Virginia","Rockbridge, Buena Vista City, Lexington City","oats",69.1350534257762
51163,"Virginia","Rockbridge, Buena Vista City, Lexington City","soybeans",510.192314162632
51163,"Virginia","Rockbridge, Buena Vista City, Lexington City","wheat",497.013118083885
51165,"Virginia","Rockingham, Harrisonburg City","barley",2251.18348304097
51165,"Virginia","Rockingham, Harrisonburg City","canola",42.8868449671671
51165,"Virginia","Rockingham, Harrisonburg City","corn",26248.23194033
51165,"Virginia","Rockingham, Harrisonburg City","grain sorghum",73.5059372430426
51165,"Virginia","Rockingham, Harrisonburg City","oats",82.8954090499122
51165,"Virginia","Rockingham, Harrisonburg City","soybeans",10169.9227263627
51165,"Virginia","Rockingham, Harrisonburg City","sunflower",34.5347727202779
51165,"Virginia","Rockingham, Harrisonburg City","wheat",3804.52638628598
51167,"Virginia","Russell","corn",45.9993674399652
51167,"Virginia","Russell","soybeans",0.991831724770172
51167,"Virginia","Russell","wheat",0.448800835264456
51169,"Virginia","Scott","barley",0
51169,"Virginia","Scott","corn",0
51169,"Virginia","Scott","oats",0
51169,"Virginia","Scott","wheat",0
51171,"Virginia","Shenandoah","barley",302.50677031113
51171,"Virginia","Shenandoah","corn",5013.45064448228
51171,"Virginia","Shenandoah","grain sorghum",21.132210632361
51171,"Virginia","Shenandoah","oats",21.1148129287886
51171,"Virginia","Shenandoah","soybeans",1993.96940398017
51171,"Virginia","Shenandoah","wheat",458.162824331939
51173,"Virginia","Smyth","corn",0
51175,"Virginia","Southampton, Franklin City","corn",14331.0640805366
51175,"Virginia","Southampton, Franklin City","cotton",38194.9971155149
51175,"Virginia","Southampton, Franklin City","grain sorghum",12.3159419884427
51175,"Virginia","Southampton, Franklin City","oats",53.1932037727292
51175,"Virginia","Southampton, Franklin City","peanuts",11450.9719956293
51175,"Virginia","Southampton, Franklin City","soybeans",19460.2771326916
51175,"Virginia","Southampton, Franklin City","sunflower",32.386167321378
51175,"Virginia","Southampton, Franklin City","wheat",2900.64569587847
51177,"Virginia","Spotsylvania, Fredericksburg City","barley",270.214984973196
51177,"Virginia","Spotsylvania, Fredericksburg City","corn",3004.74941911997
51177,"Virginia","Spotsylvania, Fredericksburg City","grain sorghum",57.9450027559538
51177,"Virginia","Spotsylvania, Fredericksburg City","oats",9.70275054933068
51177,"Virginia","Spotsylvania, Fredericksburg City","soybeans",4116.94730884574
51177,"Virginia","Spotsylvania, Fredericksburg City","wheat",1146.06486708915
51179,"Virginia","Stafford","barley",6.74791275752007
51179,"Virginia","Stafford","corn",202.969761832695
51179,"Virginia","Stafford","soybeans",234.891600939902
51179,"Virginia","Stafford","wheat",87.9607244698828
51800,"Virginia","Suffolk","corn",8719.95704924291
51800,"Virginia","Suffolk","cotton",14300.1271642283
51800,"Virginia","Suffolk","grain sorghum",21.9287127577806
51800,"Virginia","Suffolk","oats",23.7810579726344
51800,"Virginia","Suffolk","peanuts",3755.34752462258
51800,"Virginia","Suffolk","soybeans",16697.9893008541
51800,"Virginia","Suffolk","sunflower",46.3714302497973
51800,"Virginia","Suffolk","wheat",2750.44979340529
51181,"Virginia","Surry","barley",0
51181,"Virginia","Surry","chickpeas_small",0
51181,"Virginia","Surry","corn",0
51181,"Virginia","Surry","cotton",0
51181,"Virginia","Surry","grain sorghum",0
51181,"Virginia","Surry","oats",0
51181,"Virginia","Surry","peanuts",0
51181,"Virginia","Surry","soybeans",0
51181,"Virginia","Surry","sunflower",0
51181,"Virginia","Surry","wheat",0
51183,"Virginia","Sussex","corn",234.384547432689
51183,"Virginia","Sussex","cotton",220.809628181523
51183,"Virginia","Sussex","grain sorghum",7.9431769560938
51183,"Virginia","Sussex","oats",2.04978471496199
51183,"Virginia","Sussex","peanuts",58.8408242494991
51183,"Virginia","Sussex","soybeans",580.783944155502
51183,"Virginia","Sussex","sunflower",1.53043162770749
51183,"Virginia","Sussex","wheat",91.6556626820163
51185,"Virginia","Tazewell","corn",0
51185,"Virginia","Tazewell","oats",0
51810,"Virginia","Virginia Beach","corn",4498.21163994245
51810,"Virginia","Virginia Beach","cotton",4.02675872806106
51810,"Virginia","Virginia Beach","dry peas",1.00668968201527
51810,"Virginia","Virginia Beach","oats",98.1497272722834
51810,"Virginia","Virginia Beach","peanuts",0.442943460086717
51810,"Virginia","Virginia Beach","soybeans",10868.0104022036
51810,"Virginia","Virginia Beach","sunflower",6.858073458729
51810,"Virginia","Virginia Beach","wheat",1324.67476525279
51187,"Virginia","Warren","corn",0
51187,"Virginia","Warren","soybeans",0
51187,"Virginia","Warren","wheat",0
51191,"Virginia","Washington, Bristol City","barley",51.7367677893765
51191,"Virginia","Washington, Bristol City","corn",3194.07576843219
51191,"Virginia","Washington, Bristol City","oats",2.29329644456456
51191,"Virginia","Washington, Bristol City","soybeans",5.15991700027026
51191,"Virginia","Washington, Bristol City","wheat",5.15991700027026
51193,"Virginia","Westmoreland","barley",0
51193,"Virginia","Westmoreland","corn",0
51193,"Virginia","Westmoreland","grain sorghum",0
51193,"Virginia","Westmoreland","oats",0
51193,"Virginia","Westmoreland","rapeseed",0
51193,"Virginia","Westmoreland","soybeans",0
51193,"Virginia","Westmoreland","sunflower",0
51193,"Virginia","Westmoreland","wheat",0
51197,"Virginia","Wythe","barley",0
51197,"Virginia","Wythe","corn",0
51197,"Virginia","Wythe","grain sorghum",0
51197,"Virginia","Wythe","oats",0
51197,"Virginia","Wythe","soybeans",0
51197,"Virginia","Wythe","wheat",0
51199,"Virginia","York, Poquoson City","corn",54.29
51199,"Virginia","York, Poquoson City","soybeans",36.758
53001,"Washington","Adams","barley",0
53001,"Washington","Adams","canola",0
53001,"Washington","Adams","corn",0
53001,"Washington","Adams","dry peas",0
53001,"Washington","Adams","grain sorghum",0
53001,"Washington","Adams","oats",0
53001,"Washington","Adams","soybeans",0
53001,"Washington","Adams","sunflower",0
53001,"Washington","Adams","wheat",0
53003,"Washington","Asotin","barley",0
53003,"Washington","Asotin","canola",0
53003,"Washington","Asotin","corn",0
53003,"Washington","Asotin","dry peas",0
53003,"Washington","Asotin","mustard",0
53003,"Washington","Asotin","oats",0
53003,"Washington","Asotin","wheat",0
53005,"Washington","Benton","barley",0
53005,"Washington","Benton","corn",0
53005,"Washington","Benton","dry peas",0
53005,"Washington","Benton","wheat",0
53007,"Washington","Chelan","wheat",0
53009,"Washington","Clallam","barley",0
53009,"Washington","Clallam","corn",0
53011,"Washington","Clark","barley",0
53011,"Washington","Clark","corn",0
53011,"Washington","Clark","oats",0
53011,"Washington","Clark","wheat",0
53013,"Washington","Columbia","barley",0
53013,"Washington","Columbia","canola",0
53013,"Washington","Columbia","corn",0
53013,"Washington","Columbia","dry peas",0
53013,"Washington","Columbia","lentils",0
53013,"Washington","Columbia","mustard",0
53013,"Washington","Columbia","oats",0
53013,"Washington","Columbia","wheat",0
53015,"Washington","Cowlitz","corn",2.39719217789004
53015,"Washington","Cowlitz","oats",11.5810672545914
53015,"Washington","Cowlitz","wheat",89.6700739008519
53017,"Washington","Douglas","barley",0
53017,"Washington","Douglas","canola",0
53017,"Washington","Douglas","corn",0
53017,"Washington","Douglas","dry peas",0
53017,"Washington","Douglas","grain sorghum",0
53017,"Washington","Douglas","oats",0
53017,"Washington","Douglas","sunflower",0
53017,"Washington","Douglas","wheat",0
53019,"Washington","Ferry","barley",0
53019,"Washington","Ferry","oats",0
53019,"Washington","Ferry","wheat",0
53021,"Washington","Franklin","barley",0
53021,"Washington","Franklin","canola",0
53021,"Washington","Franklin","corn",0
53021,"Washington","Franklin","dry peas",0
53021,"Washington","Franklin","flaxseed",0
53021,"Washington","Franklin","grain sorghum",0
53021,"Washington","Franklin","mustard",0
53021,"Washington","Franklin","oats",0
53021,"Washington","Franklin","soybeans",0
53021,"Washington","Franklin","sunflower",0
53021,"Washington","Franklin","wheat",0
53023,"Washington","Garfield","barley",0
53023,"Washington","Garfield","canola",0
53023,"Washington","Garfield","corn",0
53023,"Washington","Garfield","dry peas",0
53023,"Washington","Garfield","oats",0
53023,"Washington","Garfield","wheat",0
53025,"Washington","Grant","barley",0
53025,"Washington","Grant","canola",0
53025,"Washington","Grant","corn",0
53025,"Washington","Grant","dry peas",0
53025,"Washington","Grant","mustard",0
53025,"Washington","Grant","oats",0
53025,"Washington","Grant","soybeans",0
53025,"Washington","Grant","sunflower",0
53025,"Washington","Grant","wheat",0
53027,"Washington","Grays Harbor","barley",0
53027,"Washington","Grays Harbor","dry peas",0
53027,"Washington","Grays Harbor","wheat",0
53029,"Washington","Island","barley",0
53029,"Washington","Island","corn",0
53029,"Washington","Island","oats",0
53029,"Washington","Island","wheat",0
53037,"Washington","Kittitas","barley",0
53037,"Washington","Kittitas","canola",0
53037,"Washington","Kittitas","corn",0
53037,"Washington","Kittitas","dry peas",0
53037,"Washington","Kittitas","oats",0
53037,"Washington","Kittitas","sunflower",0
53037,"Washington","Kittitas","wheat",0
53039,"Washington","Klickitat","barley",0
53039,"Washington","Klickitat","canola",0
53039,"Washington","Klickitat","corn",0
53039,"Washington","Klickitat","oats",0
53039,"Washington","Klickitat","soybeans",0
53039,"Washington","Klickitat","sunflower",0
53039,"Washington","Klickitat","wheat",0
53041,"Washington","Lewis","corn",0
53041,"Washington","Lewis","oats",0
53041,"Washington","Lewis","wheat",0
53043,"Washington","Lincoln","barley",0
53043,"Washington","Lincoln","canola",0
53043,"Washington","Lincoln","chickpeas_small",0
53043,"Washington","Lincoln","corn",0
53043,"Washington","Lincoln","dry peas",0
53043,"Washington","Lincoln","flaxseed",0
53043,"Washington","Lincoln","mustard",0
53043,"Washington","Lincoln","oats",0
53043,"Washington","Lincoln","safflower",0
53043,"Washington","Lincoln","sunflower",0
53043,"Washington","Lincoln","wheat",0
53047,"Washington","Okanogan","barley",0
53047,"Washington","Okanogan","canola",0
53047,"Washington","Okanogan","corn",0
53047,"Washington","Okanogan","grain sorghum",0
53047,"Washington","Okanogan","oats",0
53047,"Washington","Okanogan","sunflower",0
53047,"Washington","Okanogan","wheat",0
53051,"Washington","Pend Oreille","barley",2.41675564846184
53051,"Washington","Pend Oreille","canola",1.78921798537527
53051,"Washington","Pend Oreille","dry peas",1.78410045091585
53051,"Washington","Pend Oreille","oats",4.52773861297324
53051,"Washington","Pend Oreille","sunflower",6.20181207301153
53051,"Washington","Pend Oreille","wheat",9.90370856259561
53053,"Washington","Pierce","corn",0
53053,"Washington","Pierce","oats",0
53055,"Washington","San Juan","barley",11.2733333333333
53057,"Washington","Skagit","barley",0
53057,"Washington","Skagit","corn",0
53057,"Washington","Skagit","oats",0
53057,"Washington","Skagit","wheat",0
53061,"Washington","Snohomish, North King","barley",281.562771906654
53061,"Washington","Snohomish, North King","canola",50.0175765043816
53061,"Washington","Snohomish, North King","corn",2483.14407565884
53061,"Washington","Snohomish, North King","oats",36.3551096469575
53061,"Washington","Snohomish, North King","wheat",176.1237996165
53033,"Washington","South King","corn",0.406899779207088
53033,"Washington","South King","grain sorghum",0.0254391859460511
53033,"Washington","South King","oats",0.0849414418738648
53033,"Washington","South King","wheat",0.0127195929730256
53063,"Washington","Spokane","barley",0
53063,"Washington","Spokane","canola",0
53063,"Washington","Spokane","chickpeas_small",0
53063,"Washington","Spokane","corn",0
53063,"Washington","Spokane","dry peas",0
53063,"Washington","Spokane","flaxseed",0
53063,"Washington","Spokane","lentils",0
53063,"Washington","Spokane","mustard",0
53063,"Washington","Spokane","oats",0
53063,"Washington","Spokane","soybeans",0
53063,"Washington","Spokane","sunflower",0
53063,"Washington","Spokane","wheat",0
53065,"Washington","Stevens","barley",0
53065,"Washington","Stevens","canola",0
53065,"Washington","Stevens","corn",0
53065,"Washington","Stevens","dry peas",0
53065,"Washington","Stevens","oats",0
53065,"Washington","Stevens","sunflower",0
53065,"Washington","Stevens","wheat",0
53071,"Washington","Walla Walla","barley",0
53071,"Washington","Walla Walla","canola",0
53071,"Washington","Walla Walla","chickpeas_large",0
53071,"Washington","Walla Walla","chickpeas_small",0
53071,"Washington","Walla Walla","corn",0
53071,"Washington","Walla Walla","cotton",0
53071,"Washington","Walla Walla","dry peas",0
53071,"Washington","Walla Walla","flaxseed",0
53071,"Washington","Walla Walla","grain sorghum",0
53071,"Washington","Walla Walla","oats",0
53071,"Washington","Walla Walla","safflower",0
53071,"Washington","Walla Walla","soybeans",0
53071,"Washington","Walla Walla","sunflower",0
53071,"Washington","Walla Walla","wheat",0
53073,"Washington","Whatcom","barley",0
53073,"Washington","Whatcom","corn",0
53073,"Washington","Whatcom","oats",0
53073,"Washington","Whatcom","wheat",0
53075,"Washington","Whitman","barley",0
53075,"Washington","Whitman","canola",0
53075,"Washington","Whitman","corn",0
53075,"Washington","Whitman","dry peas",0
53075,"Washington","Whitman","lentils",0
53075,"Washington","Whitman","mustard",0
53075,"Washington","Whitman","oats",0
53075,"Washington","Whitman","soybeans",0
53075,"Washington","Whitman","sunflower",0
53075,"Washington","Whitman","wheat",0
53077,"Washington","Yakima","barley",0
53077,"Washington","Yakima","corn",0
53077,"Washington","Yakima","grain sorghum",0
53077,"Washington","Yakima","oats",0
53077,"Washington","Yakima","wheat",0
54001,"West Virginia","Barbour","corn",0
54001,"West Virginia","Barbour","soybeans",0
54003,"West Virginia","Berkeley","barley",0
54003,"West Virginia","Berkeley","corn",0
54003,"West Virginia","Berkeley","grain sorghum",0
54003,"West Virginia","Berkeley","oats",0
54003,"West Virginia","Berkeley","soybeans",0
54003,"West Virginia","Berkeley","sunflower",0
54003,"West Virginia","Berkeley","wheat",0
54005,"West Virginia","Boone","corn",0
54005,"West Virginia","Boone","sunflower",0
54007,"West Virginia","Braxton","barley",0
54007,"West Virginia","Braxton","corn",0
54007,"West Virginia","Braxton","soybeans",0
54009,"West Virginia","Brooke","corn",0
54009,"West Virginia","Brooke","oats",0
54009,"West Virginia","Brooke","soybeans",0
54011,"West Virginia","Cabell","corn",0
54011,"West Virginia","Cabell","grain sorghum",0
54019,"West Virginia","Fayette","corn",0
54019,"West Virginia","Fayette","sunflower",0
54021,"West Virginia","Gilmer","corn",0
54023,"West Virginia","Grant","barley",0
54023,"West Virginia","Grant","corn",0
54025,"West Virginia","Greenbrier","barley",0
54025,"West Virginia","Greenbrier","corn",0
54025,"West Virginia","Greenbrier","oats",0
54025,"West Virginia","Greenbrier","rapeseed",0
54025,"West Virginia","Greenbrier","soybeans",0
54025,"West Virginia","Greenbrier","sunflower",0
54025,"West Virginia","Greenbrier","wheat",0
54027,"West Virginia","Hampshire","barley",0
54027,"West Virginia","Hampshire","corn",0
54027,"West Virginia","Hampshire","oats",0
54027,"West Virginia","Hampshire","soybeans",0
54027,"West Virginia","Hampshire","sunflower",0
54027,"West Virginia","Hampshire","wheat",0
54029,"West Virginia","Hancock","soybeans",0
54031,"West Virginia","Hardy","barley",0
54031,"West Virginia","Hardy","corn",0
54031,"West Virginia","Hardy","grain sorghum",0
54031,"West Virginia","Hardy","soybeans",0
54031,"West Virginia","Hardy","wheat",0
54033,"West Virginia","Harrison","corn",0
54035,"West Virginia","Jackson","corn",0
54035,"West Virginia","Jackson","oats",0
54035,"West Virginia","Jackson","soybeans",0
54035,"West Virginia","Jackson","wheat",0
54037,"West Virginia","Jefferson","barley",0
54037,"West Virginia","Jefferson","corn",0
54037,"West Virginia","Jefferson","oats",0
54037,"West Virginia","Jefferson","soybeans",0
54037,"West Virginia","Jefferson","sunflower",0
54037,"West Virginia","Jefferson","wheat",0
54039,"West Virginia","Kanawha","corn",0
54041,"West Virginia","Lewis","corn",0
54043,"West Virginia","Lincoln","corn",0
54049,"West Virginia","Marion","corn",0
54049,"West Virginia","Marion","oats",0
54049,"West Virginia","Marion","soybeans",0
54049,"West Virginia","Marion","wheat",0
54053,"West Virginia","Mason","barley",0
54053,"West Virginia","Mason","corn",0
54053,"West Virginia","Mason","grain sorghum",0
54053,"West Virginia","Mason","oats",0
54053,"West Virginia","Mason","soybeans",0
54053,"West Virginia","Mason","sunflower",0
54053,"West Virginia","Mason","wheat",0
54055,"West Virginia","Mercer, McDowell","corn",77.764
54057,"West Virginia","Mineral","barley",0
54057,"West Virginia","Mineral","corn",0
54057,"West Virginia","Mineral","oats",0
54057,"West Virginia","Mineral","soybeans",0
54057,"West Virginia","Mineral","wheat",0
54061,"West Virginia","Monongalia","corn",0
54063,"West Virginia","Monroe","barley",0
54063,"West Virginia","Monroe","corn",0
54063,"West Virginia","Monroe","grain sorghum",0
54063,"West Virginia","Monroe","oats",0
54063,"West Virginia","Monroe","soybeans",0
54063,"West Virginia","Monroe","sunflower",0
54063,"West Virginia","Monroe","wheat",0
54065,"West Virginia","Morgan","barley",0
54065,"West Virginia","Morgan","corn",0
54065,"West Virginia","Morgan","oats",0
54065,"West Virginia","Morgan","soybeans",0
54065,"West Virginia","Morgan","wheat",0
54067,"West Virginia","Nicholas","corn",0
54069,"West Virginia","Ohio","corn",0
54069,"West Virginia","Ohio","oats",0
54069,"West Virginia","Ohio","soybeans",0
54069,"West Virginia","Ohio","wheat",0
54071,"West Virginia","Pendleton","barley",0
54071,"West Virginia","Pendleton","corn",0
54071,"West Virginia","Pendleton","grain sorghum",0
54071,"West Virginia","Pendleton","oats",0
54071,"West Virginia","Pendleton","soybeans",0
54071,"West Virginia","Pendleton","wheat",0
54073,"West Virginia","Pleasants","corn",43.0658607121677
54073,"West Virginia","Pleasants","soybeans",40.2661392878323
54075,"West Virginia","Pocahontas","barley",0
54075,"West Virginia","Pocahontas","corn",0
54075,"West Virginia","Pocahontas","oats",0
54075,"West Virginia","Pocahontas","soybeans",0
54075,"West Virginia","Pocahontas","wheat",0
54077,"West Virginia","Preston","barley",12.2064077146311
54077,"West Virginia","Preston","corn",512.308841855727
54077,"West Virginia","Preston","oats",41.6547426954346
54077,"West Virginia","Preston","soybeans",247.243029269937
54077,"West Virginia","Preston","sunflower",0.496807418084392
54077,"West Virginia","Preston","wheat",35.1166710461855
54079,"West Virginia","Putnam","corn",0
54079,"West Virginia","Putnam","soybeans",0
54079,"West Virginia","Putnam","sunflower",0
54081,"West Virginia","Raleigh","corn",0
54081,"West Virginia","Raleigh","grain sorghum",0
54083,"West Virginia","Randolph","corn",0
54083,"West Virginia","Randolph","oats",0
54083,"West Virginia","Randolph","soybeans",0
54085,"West Virginia","Ritchie","corn",0
54087,"West Virginia","Roane","corn",0
54089,"West Virginia","Summers","corn",0
54089,"West Virginia","Summers","oats",0
54091,"West Virginia","Taylor","corn",0
54093,"West Virginia","Tucker","corn",0
54093,"West Virginia","Tucker","oats",0
54095,"West Virginia","Tyler","corn",0
54097,"West Virginia","Upshur","corn",0
54099,"West Virginia","Wayne","corn",0
54099,"West Virginia","Wayne","soybeans",0
54101,"West Virginia","Webster","corn",0
54105,"West Virginia","Wirt","corn",10.9543308653241
54105,"West Virginia","Wirt","soybeans",3.5662540182923
54105,"West Virginia","Wirt","wheat",10.0267484497169
54107,"West Virginia","Wood","corn",0
54107,"West Virginia","Wood","oats",0
54107,"West Virginia","Wood","soybeans",0
54107,"West Virginia","Wood","wheat",0
54109,"West Virginia","Wyoming","corn",0
55001,"Wisconsin","Adams","barley",9.3143664735674
55001,"Wisconsin","Adams","corn",9734.0613516616
55001,"Wisconsin","Adams","oats",174.547248207567
55001,"Wisconsin","Adams","soybeans",3883.37076068422
55001,"Wisconsin","Adams","sunflower",16.7829316783364
55001,"Wisconsin","Adams","wheat",144.240892628048
55003,"Wisconsin","Ashland","barley",9.49432916263181
55003,"Wisconsin","Ashland","corn",1405.13542595853
55003,"Wisconsin","Ashland","oats",111.170269832889
55003,"Wisconsin","Ashland","safflower",1.51319164012645
55003,"Wisconsin","Ashland","soybeans",347.480223798685
55003,"Wisconsin","Ashland","sunflower",7.89894466182998
55003,"Wisconsin","Ashland","wheat",6.82411494530562
55005,"Wisconsin","Barron","barley",171.622688922895
55005,"Wisconsin","Barron","canola",79.6582949478584
55005,"Wisconsin","Barron","corn",30150.4351663067
55005,"Wisconsin","Barron","grain sorghum",0.868530268743295
55005,"Wisconsin","Barron","oats",705.138676627495
55005,"Wisconsin","Barron","soybeans",17558.9541399413
55005,"Wisconsin","Barron","sunflower",20.6326898510668
55005,"Wisconsin","Barron","wheat",1276.95551980061
55007,"Wisconsin","Bayfield","barley",0
55007,"Wisconsin","Bayfield","corn",0
55007,"Wisconsin","Bayfield","oats",0
55007,"Wisconsin","Bayfield","soybeans",0
55007,"Wisconsin","Bayfield","sunflower",0
55007,"Wisconsin","Bayfield","wheat",0
55009,"Wisconsin","Brown","barley",12.1942429945945
55009,"Wisconsin","Brown","corn",4311.65893190993
55009,"Wisconsin","Brown","grain sorghum",0.910877380153939
55009,"Wisconsin","Brown","oats",279.324130726262
55009,"Wisconsin","Brown","soybeans",1313.28522412788
55009,"Wisconsin","Brown","sunflower",1.19655001918255
55009,"Wisconsin","Brown","wheat",490.527042841992
55011,"Wisconsin","Buffalo","barley",98.5311989623694
55011,"Wisconsin","Buffalo","corn",8288.84926428578
55011,"Wisconsin","Buffalo","dry peas",5.06480194235517
55011,"Wisconsin","Buffalo","grain sorghum",3.32564488252108
55011,"Wisconsin","Buffalo","oats",416.552161235116
55011,"Wisconsin","Buffalo","soybeans",3655.77633203052
55011,"Wisconsin","Buffalo","sunflower",7.02583829350972
55011,"Wisconsin","Buffalo","wheat",56.9865917011709
55013,"Wisconsin","Burnett","barley",0
55013,"Wisconsin","Burnett","corn",0
55013,"Wisconsin","Burnett","dry peas",0
55013,"Wisconsin","Burnett","oats",0
55013,"Wisconsin","Burnett","soybeans",0
55013,"Wisconsin","Burnett","sunflower",0
55013,"Wisconsin","Burnett","wheat",0
55015,"Wisconsin","Calumet","barley",43.6860580933716
55015,"Wisconsin","Calumet","corn",7338.14041161883
55015,"Wisconsin","Calumet","grain sorghum",32.9969260621457
55015,"Wisconsin","Calumet","oats",269.547653842315
55015,"Wisconsin","Calumet","soybeans",4003.17346923854
55015,"Wisconsin","Calumet","sunflower",0.335235260691659
55015,"Wisconsin","Calumet","wheat",1375.63557921745
55017,"Wisconsin","Chippewa","barley",218.45638870228
55017,"Wisconsin","Chippewa","corn",20147.335471953
55017,"Wisconsin","Chippewa","grain sorghum",26.6500217974438
55017,"Wisconsin","Chippewa","oats",753.970004209068
55017,"Wisconsin","Chippewa","rice_short/medium grain",0.0454558748001998
55017,"Wisconsin","Chippewa","soybeans",12462.5354682686
55017,"Wisconsin","Chippewa","sunflower",5.40924910122377
55017,"Wisconsin","Chippewa","wheat",297.409606760243
55019,"Wisconsin","Clark","barley",0
55019,"Wisconsin","Clark","corn",0
55019,"Wisconsin","Clark","grain sorghum",0
55019,"Wisconsin","Clark","oats",0
55019,"Wisconsin","Clark","soybeans",0
55019,"Wisconsin","Clark","sunflower",0
55019,"Wisconsin","Clark","wheat",0
55021,"Wisconsin","Columbia","barley",2.24838561798534
55021,"Wisconsin","Columbia","corn",5041.15921166602
55021,"Wisconsin","Columbia","oats",49.8994262343356
55021,"Wisconsin","Columbia","soybeans",2000.76058405637
55021,"Wisconsin","Columbia","sunflower",0.236953211929582
55021,"Wisconsin","Columbia","wheat",242.717432546687
55023,"Wisconsin","Crawford","barley",16.3240979984979
55023,"Wisconsin","Crawford","corn",8114.92851953561
55023,"Wisconsin","Crawford","dry peas",6.8400140295576
55023,"Wisconsin","Crawford","oats",697.505144362971
55023,"Wisconsin","Crawford","soybeans",4690.56352404396
55023,"Wisconsin","Crawford","wheat",216.78753336274
55025,"Wisconsin","Dane","barley",3.65497871649084
55025,"Wisconsin","Dane","canola",0.25104350076892
55025,"Wisconsin","Dane","corn",2828.22409400129
55025,"Wisconsin","Dane","oats",38.616954177905
55025,"Wisconsin","Dane","soybeans",1263.5631400793
55025,"Wisconsin","Dane","sunflower",1.42474045386545
55025,"Wisconsin","Dane","wheat",155.789149070417
55027,"Wisconsin","Dodge","barley",44.2143103596884
55027,"Wisconsin","Dodge","corn",17517.4959154734
55027,"Wisconsin","Dodge","grain sorghum",6.68548853769832
55027,"Wisconsin","Dodge","oats",391.225143167264
55027,"Wisconsin","Dodge","soybeans",9272.01643256141
55027,"Wisconsin","Dodge","sunflower",1.44630745103575
55027,"Wisconsin","Dodge","wheat",1461.32306911618
55029,"Wisconsin","Door","barley",87.3724792701198
55029,"Wisconsin","Door","corn",7263.17469946585
55029,"Wisconsin","Door","dry peas",14.3941168793393
55029,"Wisconsin","Door","oats",917.96072942394
55029,"Wisconsin","Door","soybeans",3605.18354097959
55029,"Wisconsin","Door","wheat",2128.2747673145
55031,"Wisconsin","Douglas","corn",0
55031,"Wisconsin","Douglas","oats",0
55031,"Wisconsin","Douglas","soybeans",0
55031,"Wisconsin","Douglas","wheat",0
55033,"Wisconsin","Dunn","barley",159.861732065526
55033,"Wisconsin","Dunn","corn",27320.4159779095
55033,"Wisconsin","Dunn","dry peas",0.511951282416006
55033,"Wisconsin","Dunn","oats",1093.84141427098
55033,"Wisconsin","Dunn","soybeans",16763.9739089608
55033,"Wisconsin","Dunn","sunflower",100.937695774489
55033,"Wisconsin","Dunn","wheat",151.000479736275
55035,"Wisconsin","Eau Claire","barley",35.5205309660268
55035,"Wisconsin","Eau Claire","canola",10.0669580933371
55035,"Wisconsin","Eau Claire","corn",9000.04523165034
55035,"Wisconsin","Eau Claire","grain sorghum",3.43616130081043
55035,"Wisconsin","Eau Claire","oats",415.087473286441
55035,"Wisconsin","Eau Claire","soybeans",5616.78133043737
55035,"Wisconsin","Eau Claire","sunflower",119.417666679293
55035,"Wisconsin","Eau Claire","wheat",102.229147586379
55037,"Wisconsin","Florence","barley",0
55037,"Wisconsin","Florence","corn",0
55037,"Wisconsin","Florence","oats",0
55037,"Wisconsin","Florence","rapeseed",0
55037,"Wisconsin","Florence","soybeans",0
55037,"Wisconsin","Florence","wheat",0
55039,"Wisconsin","Fond du Lac","barley",39.8437266805307
55039,"Wisconsin","Fond du Lac","corn",17586.4580213696
55039,"Wisconsin","Fond du Lac","grain sorghum",30.9201265747769
55039,"Wisconsin","Fond du Lac","oats",393.301355813596
55039,"Wisconsin","Fond du Lac","soybeans",8054.18942543079
55039,"Wisconsin","Fond du Lac","sunflower",6.40722088307064
55039,"Wisconsin","Fond du Lac","wheat",1980.47912324763
55041,"Wisconsin","Forest","barley",44.1340695808811
55041,"Wisconsin","Forest","corn",112.118445214706
55041,"Wisconsin","Forest","oats",46.4704373377028
55041,"Wisconsin","Forest","soybeans",54.5227095255341
55041,"Wisconsin","Forest","wheat",22.0176716745093
55043,"Wisconsin","Grant","barley",88.079007192119
55043,"Wisconsin","Grant","corn",19413.1287379485
55043,"Wisconsin","Grant","grain sorghum",0.115686011986647
55043,"Wisconsin","Grant","oats",1424.83278261011
55043,"Wisconsin","Grant","soybeans",9393.16866149494
55043,"Wisconsin","Grant","sunflower",0.831922266418259
55043,"Wisconsin","Grant","wheat",346.649702475873
55045,"Wisconsin","Green","barley",50.5343511488022
55045,"Wisconsin","Green","corn",20070.5653327544
55045,"Wisconsin","Green","oats",737.928863381869
55045,"Wisconsin","Green","soybeans",10992.2017524892
55045,"Wisconsin","Green","sunflower",1.85684343426516
55045,"Wisconsin","Green","wheat",864.478456791453
55047,"Wisconsin","Green Lake","barley",21.7213109070529
55047,"Wisconsin","Green Lake","corn",8206.82677234919
55047,"Wisconsin","Green Lake","oats",164.957914262792
55047,"Wisconsin","Green Lake","soybeans",2969.80800677316
55047,"Wisconsin","Green Lake","sunflower",1.34550871832636
55047,"Wisconsin","Green Lake","wheat",506.583886989473
55049,"Wisconsin","Iowa","barley",36.6744290206022
55049,"Wisconsin","Iowa","corn",11618.5392838603
55049,"Wisconsin","Iowa","dry peas",18.2456676837318
55049,"Wisconsin","Iowa","grain sorghum",4.16034405210365
55049,"Wisconsin","Iowa","oats",757.47458964333
55049,"Wisconsin","Iowa","soybeans",6894.61682078723
55049,"Wisconsin","Iowa","sunflower",0.756372324373909
55049,"Wisconsin","Iowa","wheat",255.665992628314
55051,"Wisconsin","Iron","barley",0.933933840786946
55051,"Wisconsin","Iron","corn",410.359322435695
55051,"Wisconsin","Iron","oats",38.013909121551
55051,"Wisconsin","Iron","soybeans",1.40090076118042
55051,"Wisconsin","Iron","sunflower",0.933933840786946
55053,"Wisconsin","Jackson","barley",19.4289972943387
55053,"Wisconsin","Jackson","corn",8671.47269045351
55053,"Wisconsin","Jackson","dry peas",11.288409641164
55053,"Wisconsin","Jackson","grain sorghum",8.89031541624898
55053,"Wisconsin","Jackson","oats",490.128705389674
55053,"Wisconsin","Jackson","rapeseed",0.0849863900971433
55053,"Wisconsin","Jackson","soybeans",5376.01899669614
55053,"Wisconsin","Jackson","sunflower",7.34023756208587
55053,"Wisconsin","Jackson","wheat",64.9676611567392
55055,"Wisconsin","Jefferson","barley",0
55055,"Wisconsin","Jefferson","corn",0
55055,"Wisconsin","Jefferson","oats",0
55055,"Wisconsin","Jefferson","soybeans",0
55055,"Wisconsin","Jefferson","sunflower",0
55055,"Wisconsin","Jefferson","wheat",0
55057,"Wisconsin","Juneau","barley",16.6672386091415
55057,"Wisconsin","Juneau","corn",6868.3245232734
55057,"Wisconsin","Juneau","dry peas",43.6188427154663
55057,"Wisconsin","Juneau","grain sorghum",0.358316428096895
55057,"Wisconsin","Juneau","oats",261.295073076234
55057,"Wisconsin","Juneau","soybeans",4811.18508055345
55057,"Wisconsin","Juneau","wheat",218.300258677541
55059,"Wisconsin","Kenosha","barley",0
55059,"Wisconsin","Kenosha","corn",0
55059,"Wisconsin","Kenosha","grain sorghum",0
55059,"Wisconsin","Kenosha","oats",0
55059,"Wisconsin","Kenosha","soybeans",0
55059,"Wisconsin","Kenosha","sunflower",0
55059,"Wisconsin","Kenosha","wheat",0
55061,"Wisconsin","Kewaunee","barley",48.5487161557945
55061,"Wisconsin","Kewaunee","corn",10995.6412183684
55061,"Wisconsin","Kewaunee","dry peas",0.0200121667940916
55061,"Wisconsin","Kewaunee","oats",1089.34548921627
55061,"Wisconsin","Kewaunee","safflower",1.47389608438485
55061,"Wisconsin","Kewaunee","soybeans",2547.26249880537
55061,"Wisconsin","Kewaunee","sunflower",22.4620562530243
55061,"Wisconsin","Kewaunee","wheat",1942.71631295
55063,"Wisconsin","La Crosse","barley",5.36293671138591
55063,"Wisconsin","La Crosse","corn",4548.80029542872
55063,"Wisconsin","La Crosse","grain sorghum",4.00956493631894
55063,"Wisconsin","La Crosse","oats",248.679191487369
55063,"Wisconsin","La Crosse","soybeans",2569.42226986362
55063,"Wisconsin","La Crosse","wheat",18.4767415725929
55065,"Wisconsin","Lafayette","barley",26.1766601411541
55065,"Wisconsin","Lafayette","corn",11372.3438454792
55065,"Wisconsin","Lafayette","oats",469.715355729301
55065,"Wisconsin","Lafayette","soybeans",5122.46989626263
55065,"Wisconsin","Lafayette","sunflower",5.29029847846095
55065,"Wisconsin","Lafayette","wheat",199.743277242628
55067,"Wisconsin","Langlade","barley",227.499888708248
55067,"Wisconsin","Langlade","corn",6012.20011998723
55067,"Wisconsin","Langlade","grain sorghum",30.0040179774645
55067,"Wisconsin","Langlade","oats",3615.89095633814
55067,"Wisconsin","Langlade","soybeans",1876.59755264769
55067,"Wisconsin","Langlade","sunflower",25.5103185060547
55067,"Wisconsin","Langlade","wheat",668.971745835179
55069,"Wisconsin","Lincoln","barley",41.9836029250338
55069,"Wisconsin","Lincoln","corn",2090.70385447316
55069,"Wisconsin","Lincoln","grain sorghum",1.92837123361157
55069,"Wisconsin","Lincoln","oats",305.077477485299
55069,"Wisconsin","Lincoln","soybeans",1241.0953925339
55069,"Wisconsin","Lincoln","wheat",71.7907813489933
55071,"Wisconsin","Manitowoc","barley",65.4599710318347
55071,"Wisconsin","Manitowoc","corn",9580.57120954039
55071,"Wisconsin","Manitowoc","dry peas",6.83614962832954
55071,"Wisconsin","Manitowoc","grain sorghum",4.40199113486192
55071,"Wisconsin","Manitowoc","oats",820.617178412533
55071,"Wisconsin","Manitowoc","soybeans",3525.30191590828
55071,"Wisconsin","Manitowoc","wheat",1684.42258434376
55073,"Wisconsin","Marathon","barley",188.148728718674
55073,"Wisconsin","Marathon","canola",19.8912872150307
55073,"Wisconsin","Marathon","corn",31214.3506238647
55073,"Wisconsin","Marathon","dry peas",3.30205661904413
55073,"Wisconsin","Marathon","grain sorghum",1.32062914884126
55073,"Wisconsin","Marathon","oats",2267.9860968646
55073,"Wisconsin","Marathon","soybeans",15070.632655525
55073,"Wisconsin","Marathon","sunflower",41.0654713175071
55073,"Wisconsin","Marathon","wheat",844.838684060025
55075,"Wisconsin","Marinette","barley",24.8514112612033
55075,"Wisconsin","Marinette","canola",4.29045993842762
55075,"Wisconsin","Marinette","corn",7438.00167478767
55075,"Wisconsin","Marinette","oats",302.624565812962
55075,"Wisconsin","Marinette","soybeans",1724.45476015366
55075,"Wisconsin","Marinette","sunflower",11.1370208406233
55075,"Wisconsin","Marinette","wheat",321.404367205463
55077,"Wisconsin","Marquette","barley",7.06723414064277
55077,"Wisconsin","Marquette","corn",2997.393635705
55077,"Wisconsin","Marquette","oats",73.308537973083
55077,"Wisconsin","Marquette","soybeans",1316.51187423926
55077,"Wisconsin","Marquette","sunflower",1.58316723787416
55077,"Wisconsin","Marquette","wheat",56.0128840374684
55078,"Wisconsin","Menominee","corn",59.2790057009514
55078,"Wisconsin","Menominee","oats",6.48925269789984
55078,"Wisconsin","Menominee","soybeans",11.1828416011488
55079,"Wisconsin","Milwaukee","corn",0
55079,"Wisconsin","Milwaukee","oats",0
55079,"Wisconsin","Milwaukee","soybeans",0
55079,"Wisconsin","Milwaukee","wheat",0
55081,"Wisconsin","Monroe","barley",30.586849715297
55081,"Wisconsin","Monroe","corn",10923.8898230873
55081,"Wisconsin","Monroe","grain sorghum",7.93391955983697
55081,"Wisconsin","Monroe","oats",692.946111785303
55081,"Wisconsin","Monroe","soybeans",5040.6961779063
55081,"Wisconsin","Monroe","sunflower",3.93525816908182
55081,"Wisconsin","Monroe","wheat",74.4240264435756
55083,"Wisconsin","Oconto","barley",17.3128115788015
55083,"Wisconsin","Oconto","corn",9223.07000911126
55083,"Wisconsin","Oconto","oats",278.18562855354
55083,"Wisconsin","Oconto","soybeans",3820.40203114895
55083,"Wisconsin","Oconto","sunflower",11.2542855106975
55083,"Wisconsin","Oconto","wheat",567.328567430059
55085,"Wisconsin","Oneida","barley",39.3884768536016
55085,"Wisconsin","Oneida","corn",441.985625134309
55085,"Wisconsin","Oneida","oats",940.718742725813
55085,"Wisconsin","Oneida","soybeans",293.136208198299
55085,"Wisconsin","Oneida","wheat",171.603047087978
55087,"Wisconsin","Outagamie","barley",1.8443744146042
55087,"Wisconsin","Outagamie","corn",924.989245775083
55087,"Wisconsin","Outagamie","oats",32.2177053979647
55087,"Wisconsin","Outagamie","soybeans",547.338672295865
55087,"Wisconsin","Outagamie","wheat",52.3946687831277
55089,"Wisconsin","Ozaukee","barley",2.76966265260547
55089,"Wisconsin","Ozaukee","corn",242.306006865803
55089,"Wisconsin","Ozaukee","oats",12.6388127399146
55089,"Wisconsin","Ozaukee","rice_short/medium grain",0.0351165387949157
55089,"Wisconsin","Ozaukee","rice_temperate japonica",0.0296342099535154
55089,"Wisconsin","Ozaukee","soybeans",171.909578102155
55089,"Wisconsin","Ozaukee","sunflower",0.0574903673098198
55089,"Wisconsin","Ozaukee","wheat",55.8385718568001
55091,"Wisconsin","Pepin","barley",32.8378480210274
55091,"Wisconsin","Pepin","corn",5721.34318186061
55091,"Wisconsin","Pepin","oats",173.813676595605
55091,"Wisconsin","Pepin","soybeans",3423.53166533549
55091,"Wisconsin","Pepin","sunflower",2.68942554029356
55091,"Wisconsin","Pepin","wheat",7.24253598030954
55093,"Wisconsin","Pierce","barley",147.565339027461
55093,"Wisconsin","Pierce","corn",12475.643412798
55093,"Wisconsin","Pierce","grain sorghum",3.28248930945408
55093,"Wisconsin","Pierce","oats",487.026894988208
55093,"Wisconsin","Pierce","soybeans",7037.56056945834
55093,"Wisconsin","Pierce","sunflower",2.45993295210424
55093,"Wisconsin","Pierce","wheat",76.6583614664582
55095,"Wisconsin","Polk","barley",45.9674504153325
55095,"Wisconsin","Polk","canola",0.640108204970374
55095,"Wisconsin","Polk","corn",10743.707974513
55095,"Wisconsin","Polk","dry peas",5.38331000380085
55095,"Wisconsin","Polk","oats",347.899449509603
55095,"Wisconsin","Polk","soybeans",5840.63499078783
55095,"Wisconsin","Polk","sunflower",14.1803170647087
55095,"Wisconsin","Polk","wheat",229.841732834097
55097,"Wisconsin","Portage","barley",67.3087443635259
55097,"Wisconsin","Portage","corn",39113.6148683796
55097,"Wisconsin","Portage","grain sorghum",2.65582059305066
55097,"Wisconsin","Portage","oats",1511.45183158464
55097,"Wisconsin","Portage","soybeans",10969.9544515412
55097,"Wisconsin","Portage","sunflower",36.1802491161673
55097,"Wisconsin","Portage","wheat",589.533153421845
55099,"Wisconsin","Price","barley",0
55099,"Wisconsin","Price","corn",0
55099,"Wisconsin","Price","oats",0
55099,"Wisconsin","Price","soybeans",0
55099,"Wisconsin","Price","sunflower",0
55099,"Wisconsin","Price","wheat",0
55101,"Wisconsin","Racine","barley",0.0842205625393763
55101,"Wisconsin","Racine","corn",170.813664186289
55101,"Wisconsin","Racine","dry peas",0.00132929861956175
55101,"Wisconsin","Racine","grain sorghum",0.00474749506986338
55101,"Wisconsin","Racine","oats",0.960218857840427
55101,"Wisconsin","Racine","soybeans",159.482070162473
55101,"Wisconsin","Racine","wheat",29.4354094371768
55103,"Wisconsin","Richland","barley",7.16412650853638
55103,"Wisconsin","Richland","corn",12146.5074688292
55103,"Wisconsin","Richland","oats",697.684167613815
55103,"Wisconsin","Richland","soybeans",4483.8882648713
55103,"Wisconsin","Richland","sunflower",0.983911299147255
55103,"Wisconsin","Richland","wheat",262.733834211291
55105,"Wisconsin","Rock","barley",4.74889973525741
55105,"Wisconsin","Rock","corn",5872.19573104579
55105,"Wisconsin","Rock","grain sorghum",7.26437859508542
55105,"Wisconsin","Rock","oats",33.7136587494783
55105,"Wisconsin","Rock","soybeans",3612.09281199608
55105,"Wisconsin","Rock","sunflower",10.4973260455282
55105,"Wisconsin","Rock","wheat",203.752693832789
55107,"Wisconsin","Rusk","barley",65.6764564666576
55107,"Wisconsin","Rusk","corn",7005.62012035327
55107,"Wisconsin","Rusk","oats",295.755836551567
55107,"Wisconsin","Rusk","soybeans",4396.58577301274
55107,"Wisconsin","Rusk","sunflower",8.59078040651782
55107,"Wisconsin","Rusk","wheat",72.2676998759143
55111,"Wisconsin","Sauk","barley",33.0499037545915
55111,"Wisconsin","Sauk","corn",10694.8448004832
55111,"Wisconsin","Sauk","grain sorghum",0.251983838107394
55111,"Wisconsin","Sauk","oats",485.27022838424
55111,"Wisconsin","Sauk","soybeans",4814.36281935287
55111,"Wisconsin","Sauk","sunflower",2.88299155952283
55111,"Wisconsin","Sauk","wheat",473.75827262741
55113,"Wisconsin","Sawyer","barley",11.1832508811883
55113,"Wisconsin","Sawyer","corn",1790.6168981813
55113,"Wisconsin","Sawyer","oats",114.574791901262
55113,"Wisconsin","Sawyer","rapeseed",1.38228414015495
55113,"Wisconsin","Sawyer","soybeans",506.362301417782
55113,"Wisconsin","Sawyer","wheat",73.3039734783152
55115,"Wisconsin","Shawano","barley",43.7231910519792
55115,"Wisconsin","Shawano","corn",15252.1379671489
55115,"Wisconsin","Shawano","grain sorghum",1.87419651909756
55115,"Wisconsin","Shawano","oats",609.132195023476
55115,"Wisconsin","Shawano","safflower",1.8893110071548
55115,"Wisconsin","Shawano","soybeans",5399.87266356065
55115,"Wisconsin","Shawano","sunflower",51.5574080742473
55115,"Wisconsin","Shawano","wheat",550.128067614528
55117,"Wisconsin","Sheboygan","barley",10.1867742505186
55117,"Wisconsin","Sheboygan","corn",4597.26376160028
55117,"Wisconsin","Sheboygan","dry peas",4.32102256413314
55117,"Wisconsin","Sheboygan","grain sorghum",16.4394371059727
55117,"Wisconsin","Sheboygan","oats",145.669997116209
55117,"Wisconsin","Sheboygan","soybeans",2728.62104656004
55117,"Wisconsin","Sheboygan","wheat",844.315460802816
55109,"Wisconsin","St. Croix","barley",17.729878850455
55109,"Wisconsin","St. Croix","corn",17660.7261656116
55109,"Wisconsin","St. Croix","oats",580.009071464391
55109,"Wisconsin","St. Croix","soybeans",10566.0985152403
55109,"Wisconsin","St. Croix","sunflower",7.1960771840053
55109,"Wisconsin","St. Croix","wheat",90.0444583159217
55119,"Wisconsin","Taylor","barley",36.882878165078
55119,"Wisconsin","Taylor","canola",1.28951224780915
55119,"Wisconsin","Taylor","corn",14281.9646218328
55119,"Wisconsin","Taylor","oats",1201.79543945412
55119,"Wisconsin","Taylor","soybeans",8741.60183117157
55119,"Wisconsin","Taylor","sunflower",2.34242539167086
55119,"Wisconsin","Taylor","wheat",327.684291736912
55121,"Wisconsin","Trempealeau","barley",36.5941486732019
55121,"Wisconsin","Trempealeau","canola",3.77462292350724
55121,"Wisconsin","Trempealeau","corn",14418.8585280985
55121,"Wisconsin","Trempealeau","grain sorghum",4.05580497896851
55121,"Wisconsin","Trempealeau","oats",472.54373088155
55121,"Wisconsin","Trempealeau","soybeans",6828.14139136554
55121,"Wisconsin","Trempealeau","sunflower",0.907550642043263
55121,"Wisconsin","Trempealeau","wheat",68.1568891034089
55123,"Wisconsin","Vernon","barley",43.1972961721563
55123,"Wisconsin","Vernon","corn",10370.4558700573
55123,"Wisconsin","Vernon","grain sorghum",0.662096579515958
55123,"Wisconsin","Vernon","oats",807.442220588818
55123,"Wisconsin","Vernon","soybeans",5585.08832420738
55123,"Wisconsin","Vernon","sunflower",0.948003843692881
55123,"Wisconsin","Vernon","wheat",168.590688551171
55125,"Wisconsin","Vilas","barley",0
55125,"Wisconsin","Vilas","oats",0
55127,"Wisconsin","Walworth","barley",1.99061023913739
55127,"Wisconsin","Walworth","canola",0.00240074803085932
55127,"Wisconsin","Walworth","corn",1244.55154837188
55127,"Wisconsin","Walworth","dry peas",0.379678301080401
55127,"Wisconsin","Walworth","grain sorghum",0.120317488813233
55127,"Wisconsin","Walworth","oats",10.0283566595449
55127,"Wisconsin","Walworth","soybeans",664.021001264434
55127,"Wisconsin","Walworth","sunflower",0.0390121555014639
55127,"Wisconsin","Walworth","wheat",48.2829081049106
55129,"Wisconsin","Washburn","barley",22.5395046201352
55129,"Wisconsin","Washburn","corn",2526.2042030694
55129,"Wisconsin","Washburn","oats",166.203710040513
55129,"Wisconsin","Washburn","soybeans",1572.66799702053
55129,"Wisconsin","Washburn","sunflower",45.8082071838463
55129,"Wisconsin","Washburn","wheat",112.319378065572
55131,"Wisconsin","Washington","barley",7.92522013092933
55131,"Wisconsin","Washington","corn",1622.72098102642
55131,"Wisconsin","Washington","dry peas",6.74562905710433
55131,"Wisconsin","Washington","grain sorghum",0.664842108219048
55131,"Wisconsin","Washington","oats",95.4360699617891
55131,"Wisconsin","Washington","soybeans",1109.11035606348
55131,"Wisconsin","Washington","sunflower",0.140019777337042
55131,"Wisconsin","Washington","wheat",231.537811874713
55133,"Wisconsin","Waukesha","barley",0
55133,"Wisconsin","Waukesha","corn",0
55133,"Wisconsin","Waukesha","dry peas",0
55133,"Wisconsin","Waukesha","oats",0
55133,"Wisconsin","Waukesha","soybeans",0
55133,"Wisconsin","Waukesha","sunflower",0
55133,"Wisconsin","Waukesha","wheat",0
55135,"Wisconsin","Waupaca","barley",4.80458848122357
55135,"Wisconsin","Waupaca","corn",2178.26158893592
55135,"Wisconsin","Waupaca","grain sorghum",0.13044814572276
55135,"Wisconsin","Waupaca","oats",69.1906308306876
55135,"Wisconsin","Waupaca","soybeans",1036.02240758171
55135,"Wisconsin","Waupaca","sunflower",0.41308579478874
55135,"Wisconsin","Waupaca","wheat",103.258583563254
55137,"Wisconsin","Waushara","barley",6.42617733429801
55137,"Wisconsin","Waushara","corn",8679.92409189151
55137,"Wisconsin","Waushara","mustard",48.313908102174
55137,"Wisconsin","Waushara","oats",158.48501061665
55137,"Wisconsin","Waushara","soybeans",3822.33850683722
55137,"Wisconsin","Waushara","sunflower",23.6353348662671
55137,"Wisconsin","Waushara","wheat",133.919312351884
55139,"Wisconsin","Winnebago","barley",7.88703486418032
55139,"Wisconsin","Winnebago","corn",4046.8881822375
55139,"Wisconsin","Winnebago","grain sorghum",9.07929367972356
55139,"Wisconsin","Winnebago","oats",51.5947767269757
55139,"Wisconsin","Winnebago","soybeans",2964.25561011712
55139,"Wisconsin","Winnebago","sunflower",1.7731190360139
55139,"Wisconsin","Winnebago","wheat",570.39148333847
55141,"Wisconsin","Wood","barley",31.8988168567567
55141,"Wisconsin","Wood","corn",4685.74596709992
55141,"Wisconsin","Wood","dry peas",3.11544838121764
55141,"Wisconsin","Wood","oats",229.677844837682
55141,"Wisconsin","Wood","soybeans",2575.52225507387
55141,"Wisconsin","Wood","sunflower",1.33687083824591
55141,"Wisconsin","Wood","wheat",148.422130245652
56003,"Wyoming","Big Horn","barley",6000.28081602597
56003,"Wyoming","Big Horn","canola",25.2505280493075
56003,"Wyoming","Big Horn","corn",3427.60262941959
56003,"Wyoming","Big Horn","dry peas",55.8830257914103
56003,"Wyoming","Big Horn","grain sorghum",77.504692238203
56003,"Wyoming","Big Horn","mustard",14.9699559149466
56003,"Wyoming","Big Horn","oats",702.931414273208
56003,"Wyoming","Big Horn","soybeans",21.1635497236125
56003,"Wyoming","Big Horn","sunflower",182.160916565997
56003,"Wyoming","Big Horn","wheat",254.489971997751
56005,"Wyoming","Campbell","barley",0
56005,"Wyoming","Campbell","corn",0
56005,"Wyoming","Campbell","oats",0
56005,"Wyoming","Campbell","wheat",0
56007,"Wyoming","Carbon","barley",0
56009,"Wyoming","Converse","barley",0
56009,"Wyoming","Converse","corn",0
56009,"Wyoming","Converse","oats",0
56009,"Wyoming","Converse","wheat",0
56011,"Wyoming","Crook","barley",0
56011,"Wyoming","Crook","corn",0
56011,"Wyoming","Crook","oats",0
56011,"Wyoming","Crook","safflower",0
56011,"Wyoming","Crook","soybeans",0
56011,"Wyoming","Crook","wheat",0
56013,"Wyoming","Fremont","barley",0
56013,"Wyoming","Fremont","corn",0
56013,"Wyoming","Fremont","grain sorghum",0
56013,"Wyoming","Fremont","oats",0
56013,"Wyoming","Fremont","wheat",0
56015,"Wyoming","Goshen","barley",0
56015,"Wyoming","Goshen","corn",0
56015,"Wyoming","Goshen","grain sorghum",0
56015,"Wyoming","Goshen","oats",0
56015,"Wyoming","Goshen","safflower",0
56015,"Wyoming","Goshen","soybeans",0
56015,"Wyoming","Goshen","sunflower",0
56015,"Wyoming","Goshen","wheat",0
56017,"Wyoming","Hot Springs","barley",0
56017,"Wyoming","Hot Springs","corn",0
56017,"Wyoming","Hot Springs","oats",0
56017,"Wyoming","Hot Springs","wheat",0
56019,"Wyoming","Johnson","barley",294.936074168706
56019,"Wyoming","Johnson","corn",33.3086986175353
56019,"Wyoming","Johnson","oats",127.511790174394
56019,"Wyoming","Johnson","wheat",52.7331037060319
56021,"Wyoming","Laramie","barley",0
56021,"Wyoming","Laramie","canola",0
56021,"Wyoming","Laramie","corn",0
56021,"Wyoming","Laramie","dry peas",0
56021,"Wyoming","Laramie","grain sorghum",0
56021,"Wyoming","Laramie","lentils",0
56021,"Wyoming","Laramie","oats",0
56021,"Wyoming","Laramie","safflower",0
56021,"Wyoming","Laramie","soybeans",0
56021,"Wyoming","Laramie","sunflower",0
56021,"Wyoming","Laramie","wheat",0
56023,"Wyoming","Lincoln","barley",0
56023,"Wyoming","Lincoln","oats",0
56023,"Wyoming","Lincoln","wheat",0
56025,"Wyoming","Natrona","barley",0
56025,"Wyoming","Natrona","corn",0
56025,"Wyoming","Natrona","oats",0
56025,"Wyoming","Natrona","wheat",0
56027,"Wyoming","Niobrara","barley",0
56027,"Wyoming","Niobrara","corn",0
56027,"Wyoming","Niobrara","grain sorghum",0
56027,"Wyoming","Niobrara","oats",0
56027,"Wyoming","Niobrara","wheat",0
56029,"Wyoming","Park","barley",927.687606696528
56029,"Wyoming","Park","corn",366.373975884161
56029,"Wyoming","Park","flaxseed",1.77860045735221
56029,"Wyoming","Park","oats",48.3161643715201
56029,"Wyoming","Park","safflower",14.698523980225
56029,"Wyoming","Park","soybeans",1.47683514281355
56029,"Wyoming","Park","sunflower",14.2055483501744
56029,"Wyoming","Park","wheat",43.8894117838922
56031,"Wyoming","Platte","barley",0
56031,"Wyoming","Platte","corn",0
56031,"Wyoming","Platte","oats",0
56031,"Wyoming","Platte","sunflower",0
56031,"Wyoming","Platte","wheat",0
56033,"Wyoming","Sheridan","barley",0
56033,"Wyoming","Sheridan","corn",0
56033,"Wyoming","Sheridan","dry peas",0
56033,"Wyoming","Sheridan","lentils",0
56033,"Wyoming","Sheridan","oats",0
56033,"Wyoming","Sheridan","sunflower",0
56033,"Wyoming","Sheridan","wheat",0
56035,"Wyoming","Sublette","barley",180.67
56037,"Wyoming","Sweetwater","barley",0
56037,"Wyoming","Sweetwater","oats",0
56039,"Wyoming","Teton","barley",0
56039,"Wyoming","Teton","wheat",0
56041,"Wyoming","Uinta","oats",2.12
56043,"Wyoming","Washakie","barley",3876.96495397056
56043,"Wyoming","Washakie","corn",1915.48510069199
56043,"Wyoming","Washakie","grain sorghum",36.8215635867526
56043,"Wyoming","Washakie","oats",83.978369489507
56043,"Wyoming","Washakie","wheat",40.7066789278527
56045,"Wyoming","Weston","barley",0
56045,"Wyoming","Weston","oats",0
56045,"Wyoming","Weston","wheat",0
