"fips","state","county","crop","additional_base_acres"
1001,"Alabama","Autauga","corn",0
1001,"Alabama","Autauga","cotton",0
1001,"Alabama","Autauga","grain sorghum",0
1001,"Alabama","Autauga","oats",0
1001,"Alabama","Autauga","peanuts",0
1001,"Alabama","Autauga","rapeseed",0
1001,"Alabama","Autauga","sesame",0
1001,"Alabama","Autauga","soybeans",0
1001,"Alabama","Autauga","sunflower",0
1001,"Alabama","Autauga","wheat",0
1003,"Alabama","Baldwin","corn",357.729491999498
1003,"Alabama","Baldwin","cotton",590.916624728368
1003,"Alabama","Baldwin","grain sorghum",25.28987969063
1003,"Alabama","Baldwin","oats",103.965400879853
1003,"Alabama","Baldwin","peanuts",954.248596616618
1003,"Alabama","Baldwin","soybeans",537.142224206979
1003,"Alabama","Baldwin","wheat",111.082295211375
1005,"Alabama","Barbour","corn",0
1005,"Alabama","Barbour","cotton",0
1005,"Alabama","Barbour","grain sorghum",0
1005,"Alabama","Barbour","oats",0
1005,"Alabama","Barbour","peanuts",0
1005,"Alabama","Barbour","sesame",0
1005,"Alabama","Barbour","soybeans",0
1005,"Alabama","Barbour","wheat",0
1007,"Alabama","Bibb","corn",0
1007,"Alabama","Bibb","cotton",0
1007,"Alabama","Bibb","soybeans",0
1007,"Alabama","Bibb","wheat",0
1009,"Alabama","Blount","corn",302.14969336863
1009,"Alabama","Blount","cotton",332.39539451708
1009,"Alabama","Blount","peanuts",36.0693944939258
1009,"Alabama","Blount","soybeans",406.190871957149
1009,"Alabama","Blount","wheat",34.6661456632141
1011,"Alabama","Bullock","corn",0
1011,"Alabama","Bullock","cotton",0
1011,"Alabama","Bullock","grain sorghum",0
1011,"Alabama","Bullock","peanuts",0
1011,"Alabama","Bullock","sesame",0
1011,"Alabama","Bullock","soybeans",0
1011,"Alabama","Bullock","wheat",0
1013,"Alabama","Butler","corn",0
1013,"Alabama","Butler","cotton",0
1013,"Alabama","Butler","grain sorghum",0
1013,"Alabama","Butler","peanuts",0
1013,"Alabama","Butler","soybeans",0
1013,"Alabama","Butler","wheat",0
1015,"Alabama","Calhoun","corn",249.859387553438
1015,"Alabama","Calhoun","cotton",564.569661770878
1015,"Alabama","Calhoun","grain sorghum",6.03292173203096
1015,"Alabama","Calhoun","peanuts",7.97075058755525
1015,"Alabama","Calhoun","soybeans",330.686121288495
1015,"Alabama","Calhoun","wheat",155.955697067602
1017,"Alabama","Chambers","corn",0
1017,"Alabama","Chambers","cotton",0
1017,"Alabama","Chambers","wheat",0
1019,"Alabama","Cherokee","corn",772.857860775953
1019,"Alabama","Cherokee","cotton",5121.85553364872
1019,"Alabama","Cherokee","oats",56.3108946058285
1019,"Alabama","Cherokee","peanuts",28.4803681669907
1019,"Alabama","Cherokee","soybeans",1119.17078034703
1019,"Alabama","Cherokee","sunflower",6.87267508770709
1019,"Alabama","Cherokee","wheat",287.193334034431
1021,"Alabama","Chilton","corn",0
1021,"Alabama","Chilton","cotton",0
1021,"Alabama","Chilton","soybeans",0
1021,"Alabama","Chilton","wheat",0
1023,"Alabama","Choctaw","cotton",0
1023,"Alabama","Choctaw","soybeans",0
1025,"Alabama","Clarke","corn",0
1025,"Alabama","Clarke","cotton",0
1025,"Alabama","Clarke","peanuts",0
1027,"Alabama","Clay","corn",16.9315252471835
1027,"Alabama","Clay","soybeans",31.1594747528164
1029,"Alabama","Cleburne","corn",0
1029,"Alabama","Cleburne","grain sorghum",0
1029,"Alabama","Cleburne","soybeans",0
1029,"Alabama","Cleburne","wheat",0
1031,"Alabama","Coffee","corn",0
1031,"Alabama","Coffee","cotton",0
1031,"Alabama","Coffee","dry peas",0
1031,"Alabama","Coffee","oats",0
1031,"Alabama","Coffee","peanuts",0
1031,"Alabama","Coffee","soybeans",0
1031,"Alabama","Coffee","sunflower",0
1031,"Alabama","Coffee","wheat",0
1033,"Alabama","Colbert","corn",5705.57535190744
1033,"Alabama","Colbert","cotton",3138.29075644504
1033,"Alabama","Colbert","peanuts",6.06770800688282
1033,"Alabama","Colbert","soybeans",6501.72179332743
1033,"Alabama","Colbert","wheat",5046.89008031321
1035,"Alabama","Conecuh","corn",0
1035,"Alabama","Conecuh","cotton",0
1035,"Alabama","Conecuh","grain sorghum",0
1035,"Alabama","Conecuh","oats",0
1035,"Alabama","Conecuh","peanuts",0
1035,"Alabama","Conecuh","soybeans",0
1035,"Alabama","Conecuh","sunflower",0
1035,"Alabama","Conecuh","wheat",0
1039,"Alabama","Covington","barley",0
1039,"Alabama","Covington","corn",0
1039,"Alabama","Covington","cotton",0
1039,"Alabama","Covington","oats",0
1039,"Alabama","Covington","peanuts",0
1039,"Alabama","Covington","soybeans",0
1039,"Alabama","Covington","sunflower",0
1039,"Alabama","Covington","wheat",0
1041,"Alabama","Crenshaw","corn",0
1041,"Alabama","Crenshaw","cotton",0
1041,"Alabama","Crenshaw","oats",0
1041,"Alabama","Crenshaw","peanuts",0
1041,"Alabama","Crenshaw","soybeans",0
1041,"Alabama","Crenshaw","wheat",0
1043,"Alabama","Cullman","corn",647.110987323723
1043,"Alabama","Cullman","cotton",93.3460554026506
1043,"Alabama","Cullman","oats",1.05970156639635
1043,"Alabama","Cullman","peanuts",3.41531629578864
1043,"Alabama","Cullman","soybeans",1694.57270157131
1043,"Alabama","Cullman","wheat",275.525441173466
1045,"Alabama","Dale","corn",0
1045,"Alabama","Dale","cotton",0
1045,"Alabama","Dale","dry peas",0
1045,"Alabama","Dale","grain sorghum",0
1045,"Alabama","Dale","oats",0
1045,"Alabama","Dale","peanuts",0
1045,"Alabama","Dale","soybeans",0
1045,"Alabama","Dale","sunflower",0
1045,"Alabama","Dale","wheat",0
1047,"Alabama","Dallas","corn",0
1047,"Alabama","Dallas","cotton",0
1047,"Alabama","Dallas","grain sorghum",0
1047,"Alabama","Dallas","oats",0
1047,"Alabama","Dallas","peanuts",0
1047,"Alabama","Dallas","soybeans",0
1047,"Alabama","Dallas","wheat",0
1049,"Alabama","DeKalb","barley",0
1049,"Alabama","DeKalb","corn",0
1049,"Alabama","DeKalb","cotton",0
1049,"Alabama","DeKalb","grain sorghum",0
1049,"Alabama","DeKalb","oats",0
1049,"Alabama","DeKalb","peanuts",0
1049,"Alabama","DeKalb","soybeans",0
1049,"Alabama","DeKalb","wheat",0
1051,"Alabama","Elmore","corn",0
1051,"Alabama","Elmore","cotton",0
1051,"Alabama","Elmore","grain sorghum",0
1051,"Alabama","Elmore","peanuts",0
1051,"Alabama","Elmore","soybeans",0
1051,"Alabama","Elmore","wheat",0
1053,"Alabama","Escambia","corn",699.297526396933
1053,"Alabama","Escambia","cotton",2171.06871720307
1053,"Alabama","Escambia","grain sorghum",1.72555719196876
1053,"Alabama","Escambia","oats",55.0335851654063
1053,"Alabama","Escambia","peanuts",1419.69093573898
1053,"Alabama","Escambia","soybeans",439.683327793226
1053,"Alabama","Escambia","wheat",125.185500510409
1055,"Alabama","Etowah","corn",733.737619923242
1055,"Alabama","Etowah","cotton",972.734182618253
1055,"Alabama","Etowah","oats",45.1705145927788
1055,"Alabama","Etowah","soybeans",816.831883945345
1055,"Alabama","Etowah","wheat",48.6726589203835
1057,"Alabama","Fayette","corn",0
1057,"Alabama","Fayette","cotton",0
1057,"Alabama","Fayette","grain sorghum",0
1057,"Alabama","Fayette","peanuts",0
1057,"Alabama","Fayette","soybeans",0
1057,"Alabama","Fayette","wheat",0
1059,"Alabama","Franklin","corn",1403.96312402956
1059,"Alabama","Franklin","cotton",586.31681797066
1059,"Alabama","Franklin","grain sorghum",42.5862911077258
1059,"Alabama","Franklin","peanuts",81.7445727318478
1059,"Alabama","Franklin","soybeans",1402.54160083086
1059,"Alabama","Franklin","wheat",580.504926662678
1061,"Alabama","Geneva","corn",0
1061,"Alabama","Geneva","cotton",0
1061,"Alabama","Geneva","grain sorghum",0
1061,"Alabama","Geneva","oats",0
1061,"Alabama","Geneva","peanuts",0
1061,"Alabama","Geneva","soybeans",0
1061,"Alabama","Geneva","sunflower",0
1061,"Alabama","Geneva","wheat",0
1063,"Alabama","Greene","corn",0
1063,"Alabama","Greene","cotton",0
1063,"Alabama","Greene","grain sorghum",0
1063,"Alabama","Greene","oats",0
1063,"Alabama","Greene","peanuts",0
1063,"Alabama","Greene","soybeans",0
1063,"Alabama","Greene","wheat",0
1065,"Alabama","Hale","corn",0
1065,"Alabama","Hale","cotton",0
1065,"Alabama","Hale","grain sorghum",0
1065,"Alabama","Hale","oats",0
1065,"Alabama","Hale","soybeans",0
1065,"Alabama","Hale","wheat",0
1067,"Alabama","Henry","corn",0
1067,"Alabama","Henry","cotton",0
1067,"Alabama","Henry","grain sorghum",0
1067,"Alabama","Henry","oats",0
1067,"Alabama","Henry","peanuts",0
1067,"Alabama","Henry","soybeans",0
1067,"Alabama","Henry","sunflower",0
1067,"Alabama","Henry","wheat",0
1069,"Alabama","Houston","corn",0
1069,"Alabama","Houston","cotton",0
1069,"Alabama","Houston","grain sorghum",0
1069,"Alabama","Houston","oats",0
1069,"Alabama","Houston","peanuts",0
1069,"Alabama","Houston","sesame",0
1069,"Alabama","Houston","soybeans",0
1069,"Alabama","Houston","sunflower",0
1069,"Alabama","Houston","wheat",0
1071,"Alabama","Jackson","barley",0
1071,"Alabama","Jackson","corn",0
1071,"Alabama","Jackson","cotton",0
1071,"Alabama","Jackson","grain sorghum",0
1071,"Alabama","Jackson","oats",0
1071,"Alabama","Jackson","peanuts",0
1071,"Alabama","Jackson","rapeseed",0
1071,"Alabama","Jackson","soybeans",0
1071,"Alabama","Jackson","wheat",0
1075,"Alabama","Lamar","corn",0
1075,"Alabama","Lamar","cotton",0
1075,"Alabama","Lamar","peanuts",0
1075,"Alabama","Lamar","soybeans",0
1075,"Alabama","Lamar","wheat",0
1077,"Alabama","Lauderdale","corn",6576.52613099793
1077,"Alabama","Lauderdale","cotton",5120.50425434927
1077,"Alabama","Lauderdale","grain sorghum",36.1893540402946
1077,"Alabama","Lauderdale","oats",18.4202693869092
1077,"Alabama","Lauderdale","rapeseed",64.4499919050304
1077,"Alabama","Lauderdale","soybeans",5969.86226186812
1077,"Alabama","Lauderdale","sunflower",16.920571212733
1077,"Alabama","Lauderdale","wheat",3330.54899957305
1079,"Alabama","Lawrence","barley",3.0747471120963
1079,"Alabama","Lawrence","corn",11464.2815024782
1079,"Alabama","Lawrence","cotton",6513.19499396365
1079,"Alabama","Lawrence","grain sorghum",40.4303251001794
1079,"Alabama","Lawrence","peanuts",127.43267125307
1079,"Alabama","Lawrence","rapeseed",40.9223589073687
1079,"Alabama","Lawrence","soybeans",9951.30465364866
1079,"Alabama","Lawrence","sunflower",14.0554563034837
1079,"Alabama","Lawrence","wheat",5509.36381123334
1081,"Alabama","Lee","corn",0
1081,"Alabama","Lee","cotton",0
1081,"Alabama","Lee","grain sorghum",0
1081,"Alabama","Lee","peanuts",0
1081,"Alabama","Lee","sesame",0
1081,"Alabama","Lee","soybeans",0
1081,"Alabama","Lee","wheat",0
1083,"Alabama","Limestone","barley",3.30374629852138
1083,"Alabama","Limestone","corn",5726.03275385081
1083,"Alabama","Limestone","cotton",6344.87888130286
1083,"Alabama","Limestone","grain sorghum",462.557519255979
1083,"Alabama","Limestone","oats",5.43720400437423
1083,"Alabama","Limestone","rapeseed",150.719447481852
1083,"Alabama","Limestone","soybeans",12843.3005815089
1083,"Alabama","Limestone","sunflower",9.60881904208412
1083,"Alabama","Limestone","wheat",7009.57936058793
1085,"Alabama","Lowndes","corn",0
1085,"Alabama","Lowndes","cotton",0
1085,"Alabama","Lowndes","grain sorghum",0
1085,"Alabama","Lowndes","oats",0
1085,"Alabama","Lowndes","peanuts",0
1085,"Alabama","Lowndes","sesame",0
1085,"Alabama","Lowndes","soybeans",0
1085,"Alabama","Lowndes","sunflower",0
1085,"Alabama","Lowndes","wheat",0
1087,"Alabama","Macon","corn",0
1087,"Alabama","Macon","cotton",0
1087,"Alabama","Macon","grain sorghum",0
1087,"Alabama","Macon","peanuts",0
1087,"Alabama","Macon","sesame",0
1087,"Alabama","Macon","soybeans",0
1087,"Alabama","Macon","wheat",0
1089,"Alabama","Madison","corn",2900.71246899193
1089,"Alabama","Madison","cotton",2751.01989804546
1089,"Alabama","Madison","soybeans",3248.74580549802
1089,"Alabama","Madison","wheat",1379.46454746457
1091,"Alabama","Marengo","canola",0
1091,"Alabama","Marengo","corn",0
1091,"Alabama","Marengo","cotton",0
1091,"Alabama","Marengo","grain sorghum",0
1091,"Alabama","Marengo","oats",0
1091,"Alabama","Marengo","soybeans",0
1091,"Alabama","Marengo","sunflower",0
1091,"Alabama","Marengo","wheat",0
1093,"Alabama","Marion","corn",0
1093,"Alabama","Marion","cotton",0
1093,"Alabama","Marion","peanuts",0
1093,"Alabama","Marion","soybeans",0
1093,"Alabama","Marion","wheat",0
1095,"Alabama","Marshall","corn",0
1095,"Alabama","Marshall","cotton",0
1095,"Alabama","Marshall","grain sorghum",0
1095,"Alabama","Marshall","soybeans",0
1095,"Alabama","Marshall","wheat",0
1097,"Alabama","Mobile","corn",0
1097,"Alabama","Mobile","cotton",0
1097,"Alabama","Mobile","dry peas",0
1097,"Alabama","Mobile","grain sorghum",0
1097,"Alabama","Mobile","oats",0
1097,"Alabama","Mobile","peanuts",0
1097,"Alabama","Mobile","soybeans",0
1097,"Alabama","Mobile","wheat",0
1099,"Alabama","Monroe","corn",0
1099,"Alabama","Monroe","cotton",0
1099,"Alabama","Monroe","grain sorghum",0
1099,"Alabama","Monroe","oats",0
1099,"Alabama","Monroe","peanuts",0
1099,"Alabama","Monroe","soybeans",0
1099,"Alabama","Monroe","sunflower",0
1099,"Alabama","Monroe","wheat",0
1101,"Alabama","Montgomery","corn",0
1101,"Alabama","Montgomery","cotton",0
1101,"Alabama","Montgomery","grain sorghum",0
1101,"Alabama","Montgomery","oats",0
1101,"Alabama","Montgomery","sesame",0
1101,"Alabama","Montgomery","soybeans",0
1101,"Alabama","Montgomery","sunflower",0
1101,"Alabama","Montgomery","wheat",0
1103,"Alabama","Morgan","corn",656.717033973622
1103,"Alabama","Morgan","cotton",192.430192003905
1103,"Alabama","Morgan","grain sorghum",6.03979581719067
1103,"Alabama","Morgan","rice_long grain",2.01957644879939
1103,"Alabama","Morgan","soybeans",1194.12304518741
1103,"Alabama","Morgan","wheat",318.007556569074
1105,"Alabama","Perry","corn",0
1105,"Alabama","Perry","cotton",0
1105,"Alabama","Perry","soybeans",0
1105,"Alabama","Perry","wheat",0
1107,"Alabama","Pickens","corn",0
1107,"Alabama","Pickens","cotton",0
1107,"Alabama","Pickens","peanuts",0
1107,"Alabama","Pickens","soybeans",0
1107,"Alabama","Pickens","sunflower",0
1107,"Alabama","Pickens","wheat",0
1109,"Alabama","Pike","corn",0
1109,"Alabama","Pike","cotton",0
1109,"Alabama","Pike","oats",0
1109,"Alabama","Pike","peanuts",0
1109,"Alabama","Pike","soybeans",0
1109,"Alabama","Pike","wheat",0
1111,"Alabama","Randolph","corn",0
1111,"Alabama","Randolph","cotton",0
1111,"Alabama","Randolph","grain sorghum",0
1111,"Alabama","Randolph","oats",0
1111,"Alabama","Randolph","soybeans",0
1111,"Alabama","Randolph","wheat",0
1113,"Alabama","Russell","corn",0
1113,"Alabama","Russell","cotton",0
1113,"Alabama","Russell","grain sorghum",0
1113,"Alabama","Russell","oats",0
1113,"Alabama","Russell","peanuts",0
1113,"Alabama","Russell","sesame",0
1113,"Alabama","Russell","soybeans",0
1113,"Alabama","Russell","wheat",0
1117,"Alabama","Shelby","corn",281.905612070535
1117,"Alabama","Shelby","cotton",1119.1697192159
1117,"Alabama","Shelby","soybeans",354.407443831599
1117,"Alabama","Shelby","sunflower",1.85469652122141
1117,"Alabama","Shelby","wheat",70.0820283607418
1115,"Alabama","St. Clair","corn",64.0592299960783
1115,"Alabama","St. Clair","cotton",215.179513775193
1115,"Alabama","St. Clair","soybeans",107.513066985062
1115,"Alabama","St. Clair","wheat",113.727522577
1119,"Alabama","Sumter","corn",0
1119,"Alabama","Sumter","cotton",0
1119,"Alabama","Sumter","soybeans",0
1119,"Alabama","Sumter","wheat",0
1121,"Alabama","Talladega","corn",5.35935874832672
1121,"Alabama","Talladega","cotton",7.51014744524572
1121,"Alabama","Talladega","oats",0.0417148311398617
1121,"Alabama","Talladega","soybeans",5.3315548554491
1121,"Alabama","Talladega","wheat",1.31224411984203
1123,"Alabama","Tallapoosa","corn",0
1123,"Alabama","Tallapoosa","cotton",0
1123,"Alabama","Tallapoosa","grain sorghum",0
1123,"Alabama","Tallapoosa","peanuts",0
1123,"Alabama","Tallapoosa","soybeans",0
1123,"Alabama","Tallapoosa","wheat",0
1125,"Alabama","Tuscaloosa","corn",0
1125,"Alabama","Tuscaloosa","cotton",0
1125,"Alabama","Tuscaloosa","grain sorghum",0
1125,"Alabama","Tuscaloosa","peanuts",0
1125,"Alabama","Tuscaloosa","soybeans",0
1125,"Alabama","Tuscaloosa","wheat",0
1127,"Alabama","Walker","corn",616.827719774235
1127,"Alabama","Walker","cotton",326.849151896227
1127,"Alabama","Walker","grain sorghum",130.279059312803
1127,"Alabama","Walker","soybeans",549.345863253787
1127,"Alabama","Walker","wheat",267.598205762947
1129,"Alabama","Washington","corn",0
1129,"Alabama","Washington","cotton",0
1129,"Alabama","Washington","grain sorghum",0
1129,"Alabama","Washington","peanuts",0
1129,"Alabama","Washington","soybeans",0
1131,"Alabama","Wilcox","corn",0
1131,"Alabama","Wilcox","cotton",0
1131,"Alabama","Wilcox","soybeans",0
1131,"Alabama","Wilcox","sunflower",0
1131,"Alabama","Wilcox","wheat",0
1133,"Alabama","Winston","corn",172.315057043435
1133,"Alabama","Winston","soybeans",126.34041139013
1133,"Alabama","Winston","wheat",7.46719823310194
2002,"Alaska","Delta","barley",5949.85695907948
2002,"Alaska","Delta","canola",61.411516126049
2002,"Alaska","Delta","dry peas",239.613855791421
2002,"Alaska","Delta","oats",1324.99199392667
2002,"Alaska","Delta","wheat",398.210508409718
2001,"Alaska","Fairbanks","barley",90.916275516938
2001,"Alaska","Fairbanks","corn",1.51623948306203
2003,"Alaska","Homer","oats",15.239
2005,"Alaska","Palmer","dry peas",10.854
4003,"Arizona","Cochise","barley",1239.86650124306
4003,"Arizona","Cochise","corn",15064.5269843639
4003,"Arizona","Cochise","cotton",1749.75074841589
4003,"Arizona","Cochise","dry peas",70.9958517834906
4003,"Arizona","Cochise","grain sorghum",1071.76627969178
4003,"Arizona","Cochise","oats",1587.65991717148
4003,"Arizona","Cochise","sunflower",101.62843326994
4003,"Arizona","Cochise","wheat",3078.20411739383
4009,"Arizona","Graham","barley",0
4009,"Arizona","Graham","corn",0
4009,"Arizona","Graham","cotton",0
4009,"Arizona","Graham","grain sorghum",0
4009,"Arizona","Graham","oats",0
4009,"Arizona","Graham","sunflower",0
4009,"Arizona","Graham","wheat",0
4011,"Arizona","Greenlee","barley",0
4011,"Arizona","Greenlee","corn",0
4011,"Arizona","Greenlee","cotton",0
4011,"Arizona","Greenlee","oats",0
4011,"Arizona","Greenlee","wheat",0
4012,"Arizona","La Paz","barley",0
4012,"Arizona","La Paz","chickpeas_large",0
4012,"Arizona","La Paz","corn",0
4012,"Arizona","La Paz","cotton",0
4012,"Arizona","La Paz","dry peas",0
4012,"Arizona","La Paz","grain sorghum",0
4012,"Arizona","La Paz","oats",0
4012,"Arizona","La Paz","wheat",0
4013,"Arizona","Maricopa","barley",0
4013,"Arizona","Maricopa","chickpeas_large",0
4013,"Arizona","Maricopa","corn",0
4013,"Arizona","Maricopa","cotton",0
4013,"Arizona","Maricopa","dry peas",0
4013,"Arizona","Maricopa","oats",0
4013,"Arizona","Maricopa","sunflower",0
4013,"Arizona","Maricopa","wheat",0
4015,"Arizona","Mohave","oats",0
4015,"Arizona","Mohave","wheat",0
4017,"Arizona","Navajo","corn",464.76
4019,"Arizona","Pima","barley",0
4019,"Arizona","Pima","corn",0
4019,"Arizona","Pima","cotton",0
4019,"Arizona","Pima","grain sorghum",0
4019,"Arizona","Pima","oats",0
4019,"Arizona","Pima","sesame",0
4019,"Arizona","Pima","wheat",0
4021,"Arizona","Pinal","barley",0
4021,"Arizona","Pinal","chickpeas_large",0
4021,"Arizona","Pinal","corn",0
4021,"Arizona","Pinal","cotton",0
4021,"Arizona","Pinal","dry peas",0
4021,"Arizona","Pinal","grain sorghum",0
4021,"Arizona","Pinal","mustard",0
4021,"Arizona","Pinal","oats",0
4021,"Arizona","Pinal","soybeans",0
4021,"Arizona","Pinal","sunflower",0
4021,"Arizona","Pinal","wheat",0
4023,"Arizona","Santa Cruz","barley",205.09
4025,"Arizona","Yavapai","barley",10.9369050764718
4025,"Arizona","Yavapai","corn",18.4762600488165
4025,"Arizona","Yavapai","oats",89.9982909734196
4025,"Arizona","Yavapai","wheat",18.9285439012921
4027,"Arizona","Yuma","barley",0
4027,"Arizona","Yuma","corn",0
4027,"Arizona","Yuma","cotton",0
4027,"Arizona","Yuma","dry peas",0
4027,"Arizona","Yuma","grain sorghum",0
4027,"Arizona","Yuma","mustard",0
4027,"Arizona","Yuma","oats",0
4027,"Arizona","Yuma","safflower",0
4027,"Arizona","Yuma","sunflower",0
4027,"Arizona","Yuma","wheat",0
5001,"Arkansas","Arkansas","corn",0
5001,"Arkansas","Arkansas","dry peas",0
5001,"Arkansas","Arkansas","grain sorghum",0
5001,"Arkansas","Arkansas","oats",0
5001,"Arkansas","Arkansas","rice_long grain",0
5001,"Arkansas","Arkansas","rice_short/medium grain",0
5001,"Arkansas","Arkansas","soybeans",0
5001,"Arkansas","Arkansas","sunflower",0
5001,"Arkansas","Arkansas","wheat",0
5003,"Arkansas","Ashley","corn",2661.4140725237
5003,"Arkansas","Ashley","cotton",1422.3222470763
5003,"Arkansas","Ashley","grain sorghum",4.08247370190023
5003,"Arkansas","Ashley","oats",48.9792116385269
5003,"Arkansas","Ashley","peanuts",16.1846878885407
5003,"Arkansas","Ashley","rice_long grain",450.721335388999
5003,"Arkansas","Ashley","rice_short/medium grain",9.41888681322937
5003,"Arkansas","Ashley","sesame",12.1048912185762
5003,"Arkansas","Ashley","soybeans",3004.78407385758
5003,"Arkansas","Ashley","sunflower",0.624836904545926
5003,"Arkansas","Ashley","wheat",132.261616321425
5007,"Arkansas","Benton","corn",0
5007,"Arkansas","Benton","soybeans",0
5007,"Arkansas","Benton","wheat",0
5009,"Arkansas","Boone","corn",0
5015,"Arkansas","Carroll","corn",225.511688554275
5015,"Arkansas","Carroll","soybeans",149.347512741919
5015,"Arkansas","Carroll","wheat",168.179465370472
5017,"Arkansas","Chicot","corn",3185.8558846042
5017,"Arkansas","Chicot","cotton",1385.31605005404
5017,"Arkansas","Chicot","grain sorghum",46.7511646694744
5017,"Arkansas","Chicot","oats",6.82212831008468
5017,"Arkansas","Chicot","rice_long grain",1781.02549132506
5017,"Arkansas","Chicot","rice_short/medium grain",55.6998275088626
5017,"Arkansas","Chicot","soybeans",11692.1478501013
5017,"Arkansas","Chicot","sunflower",4.75809943911249
5017,"Arkansas","Chicot","wheat",285.834003987863
5019,"Arkansas","Clark","corn",0
5019,"Arkansas","Clark","cotton",0
5019,"Arkansas","Clark","grain sorghum",0
5019,"Arkansas","Clark","rice_long grain",0
5019,"Arkansas","Clark","rice_short/medium grain",0
5019,"Arkansas","Clark","soybeans",0
5019,"Arkansas","Clark","wheat",0
5021,"Arkansas","Clay","corn",0
5021,"Arkansas","Clay","cotton",0
5021,"Arkansas","Clay","grain sorghum",0
5021,"Arkansas","Clay","oats",0
5021,"Arkansas","Clay","peanuts",0
5021,"Arkansas","Clay","rice_long grain",0
5021,"Arkansas","Clay","rice_short/medium grain",0
5021,"Arkansas","Clay","soybeans",0
5021,"Arkansas","Clay","sunflower",0
5021,"Arkansas","Clay","wheat",0
5023,"Arkansas","Cleburne","corn",0
5029,"Arkansas","Conway","barley",0
5029,"Arkansas","Conway","corn",0
5029,"Arkansas","Conway","oats",0
5029,"Arkansas","Conway","rice_long grain",0
5029,"Arkansas","Conway","soybeans",0
5029,"Arkansas","Conway","wheat",0
5031,"Arkansas","Craighead","corn",2104.23997455388
5031,"Arkansas","Craighead","cotton",3455.44041928759
5031,"Arkansas","Craighead","dry peas",0.689969688763976
5031,"Arkansas","Craighead","grain sorghum",17.3713855018401
5031,"Arkansas","Craighead","oats",0.770494406740116
5031,"Arkansas","Craighead","peanuts",455.431191352285
5031,"Arkansas","Craighead","rice_long grain",2433.34347976803
5031,"Arkansas","Craighead","rice_short/medium grain",693.773083101142
5031,"Arkansas","Craighead","soybeans",3860.03974669598
5031,"Arkansas","Craighead","sunflower",0.166876882647921
5031,"Arkansas","Craighead","wheat",194.137212094397
5033,"Arkansas","Crawford","corn",0
5033,"Arkansas","Crawford","grain sorghum",0
5033,"Arkansas","Crawford","soybeans",0
5033,"Arkansas","Crawford","wheat",0
5035,"Arkansas","Crittenden","corn",0
5035,"Arkansas","Crittenden","cotton",0
5035,"Arkansas","Crittenden","grain sorghum",0
5035,"Arkansas","Crittenden","oats",0
5035,"Arkansas","Crittenden","peanuts",0
5035,"Arkansas","Crittenden","rice_long grain",0
5035,"Arkansas","Crittenden","rice_short/medium grain",0
5035,"Arkansas","Crittenden","soybeans",0
5035,"Arkansas","Crittenden","sunflower",0
5035,"Arkansas","Crittenden","wheat",0
5037,"Arkansas","Cross","corn",0
5037,"Arkansas","Cross","cotton",0
5037,"Arkansas","Cross","grain sorghum",0
5037,"Arkansas","Cross","oats",0
5037,"Arkansas","Cross","rice_long grain",0
5037,"Arkansas","Cross","rice_short/medium grain",0
5037,"Arkansas","Cross","soybeans",0
5037,"Arkansas","Cross","sunflower",0
5037,"Arkansas","Cross","wheat",0
5041,"Arkansas","Desha","corn",4205.64165879944
5041,"Arkansas","Desha","cotton",2935.58582064414
5041,"Arkansas","Desha","grain sorghum",14.6556493965005
5041,"Arkansas","Desha","oats",4.0283501178339
5041,"Arkansas","Desha","rice_long grain",2060.80046412283
5041,"Arkansas","Desha","rice_short/medium grain",175.185549302292
5041,"Arkansas","Desha","soybeans",11580.8655268954
5041,"Arkansas","Desha","sunflower",1.46897704318929
5041,"Arkansas","Desha","wheat",374.412337011689
5043,"Arkansas","Drew","corn",2071.32901281485
5043,"Arkansas","Drew","cotton",1313.8689229332
5043,"Arkansas","Drew","grain sorghum",2.0515789004251
5043,"Arkansas","Drew","oats",9.39599242940058
5043,"Arkansas","Drew","rice_long grain",1389.21085016081
5043,"Arkansas","Drew","rice_short/medium grain",113.622065328043
5043,"Arkansas","Drew","sesame",14.0156832768586
5043,"Arkansas","Drew","soybeans",3027.3300262971
5043,"Arkansas","Drew","sunflower",2.03528790862712
5043,"Arkansas","Drew","wheat",148.137246617354
5045,"Arkansas","Faulkner","corn",0
5045,"Arkansas","Faulkner","grain sorghum",0
5045,"Arkansas","Faulkner","oats",0
5045,"Arkansas","Faulkner","rice_long grain",0
5045,"Arkansas","Faulkner","soybeans",0
5045,"Arkansas","Faulkner","wheat",0
5047,"Arkansas","Franklin","corn",133.447222235798
5047,"Arkansas","Franklin","cotton",59.9648219572899
5047,"Arkansas","Franklin","grain sorghum",15.2361614577493
5047,"Arkansas","Franklin","oats",2.96740957271423
5047,"Arkansas","Franklin","rice_long grain",19.1526631574191
5047,"Arkansas","Franklin","soybeans",381.376986052833
5047,"Arkansas","Franklin","sunflower",7.82063087792003
5047,"Arkansas","Franklin","wheat",95.4081046882767
5055,"Arkansas","Greene","corn",0
5055,"Arkansas","Greene","cotton",0
5055,"Arkansas","Greene","grain sorghum",0
5055,"Arkansas","Greene","oats",0
5055,"Arkansas","Greene","peanuts",0
5055,"Arkansas","Greene","rice_long grain",0
5055,"Arkansas","Greene","rice_short/medium grain",0
5055,"Arkansas","Greene","sesame",0
5055,"Arkansas","Greene","soybeans",0
5055,"Arkansas","Greene","sunflower",0
5055,"Arkansas","Greene","wheat",0
5057,"Arkansas","Hempstead","corn",0
5057,"Arkansas","Hempstead","soybeans",0
5059,"Arkansas","Hot Spring","corn",0
5059,"Arkansas","Hot Spring","cotton",0
5059,"Arkansas","Hot Spring","rice_long grain",0
5059,"Arkansas","Hot Spring","rice_short/medium grain",0
5059,"Arkansas","Hot Spring","soybeans",0
5059,"Arkansas","Hot Spring","wheat",0
5063,"Arkansas","Independence","corn",0
5063,"Arkansas","Independence","cotton",0
5063,"Arkansas","Independence","grain sorghum",0
5063,"Arkansas","Independence","rice_long grain",0
5063,"Arkansas","Independence","rice_short/medium grain",0
5063,"Arkansas","Independence","soybeans",0
5063,"Arkansas","Independence","sunflower",0
5063,"Arkansas","Independence","wheat",0
5067,"Arkansas","Jackson","corn",0
5067,"Arkansas","Jackson","cotton",0
5067,"Arkansas","Jackson","dry peas",0
5067,"Arkansas","Jackson","grain sorghum",0
5067,"Arkansas","Jackson","rice_long grain",0
5067,"Arkansas","Jackson","rice_short/medium grain",0
5067,"Arkansas","Jackson","sesame",0
5067,"Arkansas","Jackson","soybeans",0
5067,"Arkansas","Jackson","sunflower",0
5067,"Arkansas","Jackson","wheat",0
5069,"Arkansas","Jefferson","corn",1384.59494374204
5069,"Arkansas","Jefferson","cotton",259.402686825411
5069,"Arkansas","Jefferson","grain sorghum",3.08500965451248
5069,"Arkansas","Jefferson","oats",8.2813722556662
5069,"Arkansas","Jefferson","rice_long grain",1684.91949912646
5069,"Arkansas","Jefferson","rice_short/medium grain",77.2074898302783
5069,"Arkansas","Jefferson","soybeans",2372.20762646146
5069,"Arkansas","Jefferson","sunflower",1.71502438820476
5069,"Arkansas","Jefferson","wheat",268.722847715988
5071,"Arkansas","Johnson","corn",0
5071,"Arkansas","Johnson","grain sorghum",0
5071,"Arkansas","Johnson","rice_long grain",0
5071,"Arkansas","Johnson","soybeans",0
5071,"Arkansas","Johnson","wheat",0
5073,"Arkansas","Lafayette","corn",0
5073,"Arkansas","Lafayette","cotton",0
5073,"Arkansas","Lafayette","grain sorghum",0
5073,"Arkansas","Lafayette","rice_long grain",0
5073,"Arkansas","Lafayette","soybeans",0
5073,"Arkansas","Lafayette","sunflower",0
5073,"Arkansas","Lafayette","wheat",0
5075,"Arkansas","Lawrence","corn",0
5075,"Arkansas","Lawrence","cotton",0
5075,"Arkansas","Lawrence","grain sorghum",0
5075,"Arkansas","Lawrence","oats",0
5075,"Arkansas","Lawrence","peanuts",0
5075,"Arkansas","Lawrence","rice_long grain",0
5075,"Arkansas","Lawrence","rice_short/medium grain",0
5075,"Arkansas","Lawrence","soybeans",0
5075,"Arkansas","Lawrence","wheat",0
5077,"Arkansas","Lee","corn",0
5077,"Arkansas","Lee","cotton",0
5077,"Arkansas","Lee","grain sorghum",0
5077,"Arkansas","Lee","oats",0
5077,"Arkansas","Lee","peanuts",0
5077,"Arkansas","Lee","rice_long grain",0
5077,"Arkansas","Lee","rice_short/medium grain",0
5077,"Arkansas","Lee","soybeans",0
5077,"Arkansas","Lee","sunflower",0
5077,"Arkansas","Lee","wheat",0
5079,"Arkansas","Lincoln","corn",4180.3359803442
5079,"Arkansas","Lincoln","cotton",3111.02971019084
5079,"Arkansas","Lincoln","grain sorghum",4.20092894733109
5079,"Arkansas","Lincoln","rice_long grain",2721.80290283823
5079,"Arkansas","Lincoln","rice_short/medium grain",332.377741909138
5079,"Arkansas","Lincoln","soybeans",6205.94397487008
5079,"Arkansas","Lincoln","wheat",202.903760900175
5081,"Arkansas","Little River","corn",0
5081,"Arkansas","Little River","cotton",0
5081,"Arkansas","Little River","grain sorghum",0
5081,"Arkansas","Little River","rice_long grain",0
5081,"Arkansas","Little River","rice_short/medium grain",0
5081,"Arkansas","Little River","soybeans",0
5081,"Arkansas","Little River","wheat",0
5083,"Arkansas","Logan","corn",141.876081960516
5083,"Arkansas","Logan","rapeseed",0.871653563302091
5083,"Arkansas","Logan","rice_long grain",18.2227906549193
5083,"Arkansas","Logan","soybeans",403.973295686268
5083,"Arkansas","Logan","wheat",155.336228134995
5085,"Arkansas","Lonoke","barley",0
5085,"Arkansas","Lonoke","corn",0
5085,"Arkansas","Lonoke","cotton",0
5085,"Arkansas","Lonoke","dry peas",0
5085,"Arkansas","Lonoke","grain sorghum",0
5085,"Arkansas","Lonoke","oats",0
5085,"Arkansas","Lonoke","rice_long grain",0
5085,"Arkansas","Lonoke","rice_short/medium grain",0
5085,"Arkansas","Lonoke","soybeans",0
5085,"Arkansas","Lonoke","sunflower",0
5085,"Arkansas","Lonoke","wheat",0
5087,"Arkansas","Madison","corn",0
5091,"Arkansas","Miller","corn",2202.86291841758
5091,"Arkansas","Miller","cotton",973.758485973819
5091,"Arkansas","Miller","grain sorghum",77.1479893724635
5091,"Arkansas","Miller","rice_long grain",605.347647868582
5091,"Arkansas","Miller","rice_short/medium grain",239.419520026489
5091,"Arkansas","Miller","soybeans",1588.8857682093
5091,"Arkansas","Miller","wheat",1485.25817013178
5093,"Arkansas","Mississippi","corn",932.182417814822
5093,"Arkansas","Mississippi","cotton",3116.41379788401
5093,"Arkansas","Mississippi","grain sorghum",16.1350051686866
5093,"Arkansas","Mississippi","oats",0.684259530832773
5093,"Arkansas","Mississippi","peanuts",269.768307475033
5093,"Arkansas","Mississippi","rice_long grain",1693.26732295466
5093,"Arkansas","Mississippi","rice_short/medium grain",63.7668273707941
5093,"Arkansas","Mississippi","soybeans",7485.69918458513
5093,"Arkansas","Mississippi","sunflower",6.0288997728714
5093,"Arkansas","Mississippi","wheat",609.36126410975
5095,"Arkansas","Monroe","corn",0
5095,"Arkansas","Monroe","cotton",0
5095,"Arkansas","Monroe","grain sorghum",0
5095,"Arkansas","Monroe","oats",0
5095,"Arkansas","Monroe","rice_long grain",0
5095,"Arkansas","Monroe","rice_short/medium grain",0
5095,"Arkansas","Monroe","soybeans",0
5095,"Arkansas","Monroe","sunflower",0
5095,"Arkansas","Monroe","wheat",0
5099,"Arkansas","Nevada","cotton",0
5099,"Arkansas","Nevada","soybeans",0
5099,"Arkansas","Nevada","wheat",0
5105,"Arkansas","Perry","corn",0
5105,"Arkansas","Perry","grain sorghum",0
5105,"Arkansas","Perry","rice_long grain",0
5105,"Arkansas","Perry","rice_short/medium grain",0
5105,"Arkansas","Perry","soybeans",0
5105,"Arkansas","Perry","wheat",0
5107,"Arkansas","Phillips","canola",60.479274442694
5107,"Arkansas","Phillips","corn",11922.4045038511
5107,"Arkansas","Phillips","cotton",5280.93761848719
5107,"Arkansas","Phillips","dry peas",17.0932349360073
5107,"Arkansas","Phillips","grain sorghum",29.3008644836087
5107,"Arkansas","Phillips","peanuts",79.0843120419185
5107,"Arkansas","Phillips","rice_long grain",3924.21035566264
5107,"Arkansas","Phillips","rice_short/medium grain",194.416138029933
5107,"Arkansas","Phillips","soybeans",27671.7727058848
5107,"Arkansas","Phillips","sunflower",11.384887417868
5107,"Arkansas","Phillips","wheat",3267.67100642898
5111,"Arkansas","Poinsett","corn",0
5111,"Arkansas","Poinsett","cotton",0
5111,"Arkansas","Poinsett","grain sorghum",0
5111,"Arkansas","Poinsett","oats",0
5111,"Arkansas","Poinsett","peanuts",0
5111,"Arkansas","Poinsett","rice_long grain",0
5111,"Arkansas","Poinsett","rice_short/medium grain",0
5111,"Arkansas","Poinsett","soybeans",0
5111,"Arkansas","Poinsett","sunflower",0
5111,"Arkansas","Poinsett","wheat",0
5115,"Arkansas","Pope","corn",0
5115,"Arkansas","Pope","oats",0
5115,"Arkansas","Pope","rice_long grain",0
5115,"Arkansas","Pope","sesame",0
5115,"Arkansas","Pope","soybeans",0
5115,"Arkansas","Pope","wheat",0
5117,"Arkansas","Prairie","corn",0
5117,"Arkansas","Prairie","cotton",0
5117,"Arkansas","Prairie","grain sorghum",0
5117,"Arkansas","Prairie","oats",0
5117,"Arkansas","Prairie","peanuts",0
5117,"Arkansas","Prairie","rice_long grain",0
5117,"Arkansas","Prairie","rice_short/medium grain",0
5117,"Arkansas","Prairie","soybeans",0
5117,"Arkansas","Prairie","wheat",0
5119,"Arkansas","Pulaski","corn",0
5119,"Arkansas","Pulaski","cotton",0
5119,"Arkansas","Pulaski","grain sorghum",0
5119,"Arkansas","Pulaski","rice_long grain",0
5119,"Arkansas","Pulaski","rice_short/medium grain",0
5119,"Arkansas","Pulaski","soybeans",0
5119,"Arkansas","Pulaski","sunflower",0
5119,"Arkansas","Pulaski","wheat",0
5121,"Arkansas","Randolph","corn",0
5121,"Arkansas","Randolph","grain sorghum",0
5121,"Arkansas","Randolph","peanuts",0
5121,"Arkansas","Randolph","rice_long grain",0
5121,"Arkansas","Randolph","rice_short/medium grain",0
5121,"Arkansas","Randolph","soybeans",0
5121,"Arkansas","Randolph","sunflower",0
5121,"Arkansas","Randolph","wheat",0
5129,"Arkansas","Searcy","corn",0
5131,"Arkansas","Sebastian","corn",153.234523823684
5131,"Arkansas","Sebastian","grain sorghum",2.79437705380666
5131,"Arkansas","Sebastian","soybeans",988.58774779491
5131,"Arkansas","Sebastian","wheat",238.1233513276
5133,"Arkansas","Sevier","soybeans",0
5133,"Arkansas","Sevier","wheat",0
5123,"Arkansas","St. Francis","corn",0
5123,"Arkansas","St. Francis","cotton",0
5123,"Arkansas","St. Francis","grain sorghum",0
5123,"Arkansas","St. Francis","oats",0
5123,"Arkansas","St. Francis","peanuts",0
5123,"Arkansas","St. Francis","rice_long grain",0
5123,"Arkansas","St. Francis","rice_short/medium grain",0
5123,"Arkansas","St. Francis","soybeans",0
5123,"Arkansas","St. Francis","sunflower",0
5123,"Arkansas","St. Francis","wheat",0
5137,"Arkansas","Stone","corn",0
5137,"Arkansas","Stone","soybeans",0
5137,"Arkansas","Stone","wheat",0
5139,"Arkansas","Union","corn",0
5143,"Arkansas","Washington","corn",98.6268524180899
5143,"Arkansas","Washington","dry peas",0.0103429425404366
5143,"Arkansas","Washington","soybeans",224.067783372262
5143,"Arkansas","Washington","wheat",104.024144600441
5145,"Arkansas","White","corn",0
5145,"Arkansas","White","cotton",0
5145,"Arkansas","White","grain sorghum",0
5145,"Arkansas","White","oats",0
5145,"Arkansas","White","rice_long grain",0
5145,"Arkansas","White","rice_short/medium grain",0
5145,"Arkansas","White","sesame",0
5145,"Arkansas","White","soybeans",0
5145,"Arkansas","White","wheat",0
5147,"Arkansas","Woodruff","corn",0
5147,"Arkansas","Woodruff","cotton",0
5147,"Arkansas","Woodruff","dry peas",0
5147,"Arkansas","Woodruff","grain sorghum",0
5147,"Arkansas","Woodruff","oats",0
5147,"Arkansas","Woodruff","rice_long grain",0
5147,"Arkansas","Woodruff","rice_short/medium grain",0
5147,"Arkansas","Woodruff","sesame",0
5147,"Arkansas","Woodruff","soybeans",0
5147,"Arkansas","Woodruff","wheat",0
5149,"Arkansas","Yell","corn",0
5149,"Arkansas","Yell","oats",0
5149,"Arkansas","Yell","rice_long grain",0
5149,"Arkansas","Yell","soybeans",0
5149,"Arkansas","Yell","wheat",0
6001,"California","Alameda","barley",0
6001,"California","Alameda","oats",0
6001,"California","Alameda","wheat",0
6005,"California","Amador","corn",0
6005,"California","Amador","oats",0
6005,"California","Amador","wheat",0
6007,"California","Butte","barley",0
6007,"California","Butte","corn",0
6007,"California","Butte","cotton",0
6007,"California","Butte","oats",0
6007,"California","Butte","rice_long grain",0
6007,"California","Butte","rice_short/medium grain",0
6007,"California","Butte","rice_temperate japonica",0
6007,"California","Butte","safflower",0
6007,"California","Butte","sunflower",0
6007,"California","Butte","wheat",0
6011,"California","Colusa","barley",0
6011,"California","Colusa","corn",0
6011,"California","Colusa","cotton",0
6011,"California","Colusa","dry peas",0
6011,"California","Colusa","grain sorghum",0
6011,"California","Colusa","mustard",0
6011,"California","Colusa","oats",0
6011,"California","Colusa","rice_long grain",0
6011,"California","Colusa","rice_short/medium grain",0
6011,"California","Colusa","rice_temperate japonica",0
6011,"California","Colusa","safflower",0
6011,"California","Colusa","sunflower",0
6011,"California","Colusa","wheat",0
6013,"California","Contra Costa","corn",0
6013,"California","Contra Costa","safflower",0
6013,"California","Contra Costa","wheat",0
6019,"California","Fresno","barley",0
6019,"California","Fresno","chickpeas_large",0
6019,"California","Fresno","chickpeas_small",0
6019,"California","Fresno","corn",0
6019,"California","Fresno","cotton",0
6019,"California","Fresno","dry peas",0
6019,"California","Fresno","grain sorghum",0
6019,"California","Fresno","mustard",0
6019,"California","Fresno","oats",0
6019,"California","Fresno","rice_short/medium grain",0
6019,"California","Fresno","rice_temperate japonica",0
6019,"California","Fresno","safflower",0
6019,"California","Fresno","wheat",0
6021,"California","Glenn","barley",0
6021,"California","Glenn","corn",0
6021,"California","Glenn","cotton",0
6021,"California","Glenn","mustard",0
6021,"California","Glenn","oats",0
6021,"California","Glenn","rice_long grain",0
6021,"California","Glenn","rice_short/medium grain",0
6021,"California","Glenn","rice_temperate japonica",0
6021,"California","Glenn","safflower",0
6021,"California","Glenn","sunflower",0
6021,"California","Glenn","wheat",0
6023,"California","Humboldt","corn",0
6025,"California","Imperial","barley",0
6025,"California","Imperial","canola",0
6025,"California","Imperial","corn",0
6025,"California","Imperial","cotton",0
6025,"California","Imperial","flaxseed",0
6025,"California","Imperial","mustard",0
6025,"California","Imperial","oats",0
6025,"California","Imperial","sunflower",0
6025,"California","Imperial","wheat",0
6029,"California","Kern","barley",0
6029,"California","Kern","corn",0
6029,"California","Kern","cotton",0
6029,"California","Kern","dry peas",0
6029,"California","Kern","grain sorghum",0
6029,"California","Kern","oats",0
6029,"California","Kern","safflower",0
6029,"California","Kern","wheat",0
6031,"California","Kings","barley",0
6031,"California","Kings","canola",0
6031,"California","Kings","chickpeas_large",0
6031,"California","Kings","chickpeas_small",0
6031,"California","Kings","corn",0
6031,"California","Kings","cotton",0
6031,"California","Kings","dry peas",0
6031,"California","Kings","grain sorghum",0
6031,"California","Kings","mustard",0
6031,"California","Kings","oats",0
6031,"California","Kings","safflower",0
6031,"California","Kings","wheat",0
6033,"California","Lake","oats",337.53
6035,"California","Lassen","barley",91.6579368087074
6035,"California","Lassen","corn",3.93232482750633
6035,"California","Lassen","oats",15.0914307636398
6035,"California","Lassen","wheat",753.408640933479
6037,"California","Los Angeles","corn",0
6039,"California","Madera","barley",0
6039,"California","Madera","corn",0
6039,"California","Madera","cotton",0
6039,"California","Madera","dry peas",0
6039,"California","Madera","grain sorghum",0
6039,"California","Madera","oats",0
6039,"California","Madera","wheat",0
6041,"California","Marin","oats",0
6045,"California","Mendocino","barley",6.61358333333333
6045,"California","Mendocino","oats",35.1564166666667
6047,"California","Merced","barley",0
6047,"California","Merced","chickpeas_large",0
6047,"California","Merced","corn",0
6047,"California","Merced","cotton",0
6047,"California","Merced","grain sorghum",0
6047,"California","Merced","mustard",0
6047,"California","Merced","oats",0
6047,"California","Merced","rice_short/medium grain",0
6047,"California","Merced","rice_temperate japonica",0
6047,"California","Merced","safflower",0
6047,"California","Merced","wheat",0
6049,"California","Modoc","barley",0
6049,"California","Modoc","corn",0
6049,"California","Modoc","oats",0
6049,"California","Modoc","wheat",0
6051,"California","Mono","wheat",472.536666666667
6053,"California","Monterey","barley",0
6053,"California","Monterey","oats",0
6053,"California","Monterey","wheat",0
6061,"California","Placer","corn",0
6061,"California","Placer","oats",0
6061,"California","Placer","rice_long grain",0
6061,"California","Placer","rice_short/medium grain",0
6061,"California","Placer","rice_temperate japonica",0
6061,"California","Placer","wheat",0
6063,"California","Plumas","corn",224.609568481204
6063,"California","Plumas","oats",81.6353686170777
6063,"California","Plumas","wheat",541.333562901718
6065,"California","Riverside","barley",0
6065,"California","Riverside","corn",0
6065,"California","Riverside","cotton",0
6065,"California","Riverside","oats",0
6065,"California","Riverside","safflower",0
6065,"California","Riverside","wheat",0
6067,"California","Sacramento","barley",0
6067,"California","Sacramento","corn",0
6067,"California","Sacramento","grain sorghum",0
6067,"California","Sacramento","oats",0
6067,"California","Sacramento","rice_long grain",0
6067,"California","Sacramento","rice_short/medium grain",0
6067,"California","Sacramento","rice_temperate japonica",0
6067,"California","Sacramento","safflower",0
6067,"California","Sacramento","sunflower",0
6067,"California","Sacramento","wheat",0
6069,"California","San Benito","barley",0
6069,"California","San Benito","oats",0
6069,"California","San Benito","wheat",0
6071,"California","San Bernardino","barley",25.6348781572883
6071,"California","San Bernardino","oats",25.8843754030182
6071,"California","San Bernardino","wheat",58.6632464396935
6077,"California","San Joaquin","barley",0
6077,"California","San Joaquin","canola",0
6077,"California","San Joaquin","chickpeas_large",0
6077,"California","San Joaquin","corn",0
6077,"California","San Joaquin","cotton",0
6077,"California","San Joaquin","dry peas",0
6077,"California","San Joaquin","grain sorghum",0
6077,"California","San Joaquin","oats",0
6077,"California","San Joaquin","rice_short/medium grain",0
6077,"California","San Joaquin","rice_temperate japonica",0
6077,"California","San Joaquin","safflower",0
6077,"California","San Joaquin","sunflower",0
6077,"California","San Joaquin","wheat",0
6079,"California","San Luis Obispo","barley",0
6079,"California","San Luis Obispo","chickpeas_large",0
6079,"California","San Luis Obispo","oats",0
6079,"California","San Luis Obispo","safflower",0
6079,"California","San Luis Obispo","wheat",0
6083,"California","Santa Barbara","chickpeas_large",0
6083,"California","Santa Barbara","dry peas",0
6083,"California","Santa Barbara","oats",0
6085,"California","Santa Clara","oats",0
6089,"California","Shasta","oats",0
6089,"California","Shasta","rice_long grain",0
6089,"California","Shasta","wheat",0
6091,"California","Sierra","wheat",646.456
6093,"California","Siskiyou","barley",0
6093,"California","Siskiyou","corn",0
6093,"California","Siskiyou","mustard",0
6093,"California","Siskiyou","oats",0
6093,"California","Siskiyou","wheat",0
6095,"California","Solano","barley",0
6095,"California","Solano","canola",0
6095,"California","Solano","corn",0
6095,"California","Solano","dry peas",0
6095,"California","Solano","grain sorghum",0
6095,"California","Solano","oats",0
6095,"California","Solano","safflower",0
6095,"California","Solano","sunflower",0
6095,"California","Solano","wheat",0
6097,"California","Sonoma","barley",0
6097,"California","Sonoma","oats",0
6097,"California","Sonoma","wheat",0
6099,"California","Stanislaus","corn",0
6099,"California","Stanislaus","dry peas",0
6099,"California","Stanislaus","oats",0
6099,"California","Stanislaus","rice_short/medium grain",0
6099,"California","Stanislaus","rice_temperate japonica",0
6099,"California","Stanislaus","wheat",0
6101,"California","Sutter","barley",0
6101,"California","Sutter","corn",0
6101,"California","Sutter","cotton",0
6101,"California","Sutter","dry peas",0
6101,"California","Sutter","grain sorghum",0
6101,"California","Sutter","lentils",0
6101,"California","Sutter","oats",0
6101,"California","Sutter","rice_long grain",0
6101,"California","Sutter","rice_short/medium grain",0
6101,"California","Sutter","rice_temperate japonica",0
6101,"California","Sutter","safflower",0
6101,"California","Sutter","soybeans",0
6101,"California","Sutter","sunflower",0
6101,"California","Sutter","wheat",0
6103,"California","Tehama","barley",0
6103,"California","Tehama","corn",0
6103,"California","Tehama","oats",0
6103,"California","Tehama","rice_short/medium grain",0
6103,"California","Tehama","rice_temperate japonica",0
6103,"California","Tehama","safflower",0
6103,"California","Tehama","sunflower",0
6103,"California","Tehama","wheat",0
6107,"California","Tulare","barley",0
6107,"California","Tulare","corn",0
6107,"California","Tulare","cotton",0
6107,"California","Tulare","dry peas",0
6107,"California","Tulare","grain sorghum",0
6107,"California","Tulare","oats",0
6107,"California","Tulare","safflower",0
6107,"California","Tulare","wheat",0
6113,"California","Yolo","barley",0
6113,"California","Yolo","canola",0
6113,"California","Yolo","chickpeas_large",0
6113,"California","Yolo","chickpeas_small",0
6113,"California","Yolo","corn",0
6113,"California","Yolo","cotton",0
6113,"California","Yolo","dry peas",0
6113,"California","Yolo","grain sorghum",0
6113,"California","Yolo","mustard",0
6113,"California","Yolo","oats",0
6113,"California","Yolo","rice_long grain",0
6113,"California","Yolo","rice_short/medium grain",0
6113,"California","Yolo","rice_temperate japonica",0
6113,"California","Yolo","safflower",0
6113,"California","Yolo","sunflower",0
6113,"California","Yolo","wheat",0
6115,"California","Yuba","corn",0
6115,"California","Yuba","rice_long grain",0
6115,"California","Yuba","rice_short/medium grain",0
6115,"California","Yuba","rice_temperate japonica",0
6115,"California","Yuba","sunflower",0
6115,"California","Yuba","wheat",0
8001,"Colorado","Adams","barley",0
8001,"Colorado","Adams","corn",0
8001,"Colorado","Adams","dry peas",0
8001,"Colorado","Adams","grain sorghum",0
8001,"Colorado","Adams","oats",0
8001,"Colorado","Adams","soybeans",0
8001,"Colorado","Adams","sunflower",0
8001,"Colorado","Adams","wheat",0
8003,"Colorado","Alamosa","barley",6513.64022970771
8003,"Colorado","Alamosa","canola",81.3985895142218
8003,"Colorado","Alamosa","corn",95.7932874493684
8003,"Colorado","Alamosa","mustard",1929.57498511608
8003,"Colorado","Alamosa","oats",1205.79072273723
8003,"Colorado","Alamosa","wheat",1600.91318547539
8005,"Colorado","Arapahoe","barley",0
8005,"Colorado","Arapahoe","corn",0
8005,"Colorado","Arapahoe","grain sorghum",0
8005,"Colorado","Arapahoe","oats",0
8005,"Colorado","Arapahoe","safflower",0
8005,"Colorado","Arapahoe","sunflower",0
8005,"Colorado","Arapahoe","wheat",0
8009,"Colorado","Baca","barley",23.9816903582185
8009,"Colorado","Baca","canola",0.019075658707666
8009,"Colorado","Baca","corn",783.611836859679
8009,"Colorado","Baca","cotton",0.00597893780389532
8009,"Colorado","Baca","dry peas",0.0119578756077906
8009,"Colorado","Baca","grain sorghum",912.379041637291
8009,"Colorado","Baca","oats",28.0272617511668
8009,"Colorado","Baca","soybeans",5.88429975979938
8009,"Colorado","Baca","sunflower",59.2128034425044
8009,"Colorado","Baca","wheat",2000.374220386
8011,"Colorado","Bent","barley",0
8011,"Colorado","Bent","corn",0
8011,"Colorado","Bent","grain sorghum",0
8011,"Colorado","Bent","oats",0
8011,"Colorado","Bent","sunflower",0
8011,"Colorado","Bent","wheat",0
8013,"Colorado","Boulder","barley",0
8013,"Colorado","Boulder","corn",0
8013,"Colorado","Boulder","dry peas",0
8013,"Colorado","Boulder","grain sorghum",0
8013,"Colorado","Boulder","oats",0
8013,"Colorado","Boulder","sunflower",0
8013,"Colorado","Boulder","wheat",0
8014,"Colorado","Broomfield","corn",0
8014,"Colorado","Broomfield","oats",0
8014,"Colorado","Broomfield","wheat",0
8017,"Colorado","Cheyenne","barley",0.360839578519737
8017,"Colorado","Cheyenne","corn",2109.46108690617
8017,"Colorado","Cheyenne","dry peas",8.08954850255002
8017,"Colorado","Cheyenne","grain sorghum",1939.49748117593
8017,"Colorado","Cheyenne","oats",19.0802830539733
8017,"Colorado","Cheyenne","soybeans",7.28929546335988
8017,"Colorado","Cheyenne","sunflower",149.182370596035
8017,"Colorado","Cheyenne","wheat",5336.51176139013
8021,"Colorado","Conejos","barley",0
8021,"Colorado","Conejos","canola",0
8021,"Colorado","Conejos","corn",0
8021,"Colorado","Conejos","dry peas",0
8021,"Colorado","Conejos","oats",0
8021,"Colorado","Conejos","soybeans",0
8021,"Colorado","Conejos","wheat",0
8023,"Colorado","Costilla","barley",21.9424300640549
8023,"Colorado","Costilla","corn",0.217194646979874
8023,"Colorado","Costilla","dry peas",9.02922009188036
8023,"Colorado","Costilla","oats",12.3537778622334
8023,"Colorado","Costilla","wheat",12.9667106681849
8025,"Colorado","Crowley","corn",0
8025,"Colorado","Crowley","grain sorghum",0
8025,"Colorado","Crowley","oats",0
8025,"Colorado","Crowley","wheat",0
8029,"Colorado","Delta","barley",0
8029,"Colorado","Delta","corn",0
8029,"Colorado","Delta","grain sorghum",0
8029,"Colorado","Delta","oats",0
8029,"Colorado","Delta","soybeans",0
8029,"Colorado","Delta","wheat",0
8031,"Colorado","Denver","corn",515.025794544899
8031,"Colorado","Denver","grain sorghum",43.9977685720129
8031,"Colorado","Denver","sunflower",238.57879476905
8031,"Colorado","Denver","wheat",1124.99094211404
8033,"Colorado","Dolores","barley",0
8033,"Colorado","Dolores","corn",0
8033,"Colorado","Dolores","grain sorghum",0
8033,"Colorado","Dolores","oats",0
8033,"Colorado","Dolores","safflower",0
8033,"Colorado","Dolores","wheat",0
8035,"Colorado","Douglas","wheat",0
8037,"Colorado","Eagle","oats",29.122
8041,"Colorado","El Paso","oats",0
8039,"Colorado","Elbert","corn",0
8039,"Colorado","Elbert","grain sorghum",0
8039,"Colorado","Elbert","oats",0
8039,"Colorado","Elbert","sunflower",0
8039,"Colorado","Elbert","wheat",0
8043,"Colorado","Fremont","oats",0
8043,"Colorado","Fremont","soybeans",0
8043,"Colorado","Fremont","sunflower",0
8045,"Colorado","Garfield","barley",0
8045,"Colorado","Garfield","corn",0
8045,"Colorado","Garfield","oats",0
8045,"Colorado","Garfield","wheat",0
8055,"Colorado","Huerfano","barley",0
8055,"Colorado","Huerfano","oats",0
8061,"Colorado","Kiowa","barley",35.8414336895681
8061,"Colorado","Kiowa","corn",2227.70502664583
8061,"Colorado","Kiowa","grain sorghum",6425.12325609081
8061,"Colorado","Kiowa","oats",57.0250429013313
8061,"Colorado","Kiowa","soybeans",7.86383223381894
8061,"Colorado","Kiowa","sunflower",739.0890001086
8061,"Colorado","Kiowa","wheat",13296.3135749967
8063,"Colorado","Kit Carson","barley",19.42344330603
8063,"Colorado","Kit Carson","corn",19094.0047230707
8063,"Colorado","Kit Carson","cotton",2.90300248133498
8063,"Colorado","Kit Carson","dry peas",34.5350264366257
8063,"Colorado","Kit Carson","grain sorghum",1760.25888527059
8063,"Colorado","Kit Carson","lentils",0.228917850935696
8063,"Colorado","Kit Carson","oats",387.597357629693
8063,"Colorado","Kit Carson","safflower",13.8633730964892
8063,"Colorado","Kit Carson","soybeans",154.575327005451
8063,"Colorado","Kit Carson","sunflower",368.261159711099
8063,"Colorado","Kit Carson","wheat",19267.8327841411
8067,"Colorado","La Plata","barley",0
8067,"Colorado","La Plata","corn",0
8067,"Colorado","La Plata","grain sorghum",0
8067,"Colorado","La Plata","oats",0
8067,"Colorado","La Plata","safflower",0
8067,"Colorado","La Plata","soybeans",0
8067,"Colorado","La Plata","wheat",0
8069,"Colorado","Larimer","barley",0
8069,"Colorado","Larimer","corn",0
8069,"Colorado","Larimer","grain sorghum",0
8069,"Colorado","Larimer","oats",0
8069,"Colorado","Larimer","wheat",0
8071,"Colorado","Las Animas","corn",0
8071,"Colorado","Las Animas","dry peas",0
8071,"Colorado","Las Animas","grain sorghum",0
8071,"Colorado","Las Animas","oats",0
8071,"Colorado","Las Animas","wheat",0
8073,"Colorado","Lincoln","corn",0
8073,"Colorado","Lincoln","cotton",0
8073,"Colorado","Lincoln","dry peas",0
8073,"Colorado","Lincoln","grain sorghum",0
8073,"Colorado","Lincoln","oats",0
8073,"Colorado","Lincoln","sunflower",0
8073,"Colorado","Lincoln","wheat",0
8075,"Colorado","Logan","barley",0
8075,"Colorado","Logan","corn",0
8075,"Colorado","Logan","dry peas",0
8075,"Colorado","Logan","grain sorghum",0
8075,"Colorado","Logan","oats",0
8075,"Colorado","Logan","soybeans",0
8075,"Colorado","Logan","sunflower",0
8075,"Colorado","Logan","wheat",0
8077,"Colorado","Mesa","barley",0
8077,"Colorado","Mesa","corn",0
8077,"Colorado","Mesa","oats",0
8077,"Colorado","Mesa","sunflower",0
8077,"Colorado","Mesa","wheat",0
8081,"Colorado","Moffat","corn",0
8081,"Colorado","Moffat","oats",0
8081,"Colorado","Moffat","safflower",0
8081,"Colorado","Moffat","wheat",0
8083,"Colorado","Montezuma","barley",0
8083,"Colorado","Montezuma","corn",0
8083,"Colorado","Montezuma","dry peas",0
8083,"Colorado","Montezuma","flaxseed",0
8083,"Colorado","Montezuma","grain sorghum",0
8083,"Colorado","Montezuma","oats",0
8083,"Colorado","Montezuma","safflower",0
8083,"Colorado","Montezuma","sunflower",0
8083,"Colorado","Montezuma","wheat",0
8085,"Colorado","Montrose","barley",49.0124133974418
8085,"Colorado","Montrose","corn",3751.97142352833
8085,"Colorado","Montrose","grain sorghum",8.8702705393553
8085,"Colorado","Montrose","oats",252.713451843899
8085,"Colorado","Montrose","soybeans",19.6499542725858
8085,"Colorado","Montrose","sunflower",7.7285460747984
8085,"Colorado","Montrose","wheat",84.3852736769225
8087,"Colorado","Morgan","barley",0
8087,"Colorado","Morgan","corn",0
8087,"Colorado","Morgan","dry peas",0
8087,"Colorado","Morgan","grain sorghum",0
8087,"Colorado","Morgan","lentils",0
8087,"Colorado","Morgan","oats",0
8087,"Colorado","Morgan","soybeans",0
8087,"Colorado","Morgan","sunflower",0
8087,"Colorado","Morgan","wheat",0
8089,"Colorado","Otero","canola",0
8089,"Colorado","Otero","corn",0
8089,"Colorado","Otero","cotton",0
8089,"Colorado","Otero","grain sorghum",0
8089,"Colorado","Otero","oats",0
8089,"Colorado","Otero","soybeans",0
8089,"Colorado","Otero","sunflower",0
8089,"Colorado","Otero","wheat",0
8095,"Colorado","Phillips","barley",22.5346693513422
8095,"Colorado","Phillips","corn",3197.90783956474
8095,"Colorado","Phillips","dry peas",67.358947668512
8095,"Colorado","Phillips","grain sorghum",127.843092093133
8095,"Colorado","Phillips","lentils",3.64103747135138
8095,"Colorado","Phillips","mustard",0.0117864714475901
8095,"Colorado","Phillips","oats",45.3451093943595
8095,"Colorado","Phillips","soybeans",17.6861897306813
8095,"Colorado","Phillips","sunflower",23.9477526872136
8095,"Colorado","Phillips","wheat",2390.98090890059
8097,"Colorado","Pitkin","oats",0
8099,"Colorado","Prowers","barley",0
8099,"Colorado","Prowers","corn",0
8099,"Colorado","Prowers","grain sorghum",0
8099,"Colorado","Prowers","oats",0
8099,"Colorado","Prowers","soybeans",0
8099,"Colorado","Prowers","sunflower",0
8099,"Colorado","Prowers","wheat",0
8101,"Colorado","Pueblo","barley",0
8101,"Colorado","Pueblo","corn",0
8101,"Colorado","Pueblo","grain sorghum",0
8101,"Colorado","Pueblo","mustard",0
8101,"Colorado","Pueblo","oats",0
8101,"Colorado","Pueblo","peanuts",0
8101,"Colorado","Pueblo","sunflower",0
8101,"Colorado","Pueblo","wheat",0
8103,"Colorado","Rio Blanco","oats",0
8103,"Colorado","Rio Blanco","safflower",0
8103,"Colorado","Rio Blanco","wheat",0
8105,"Colorado","Rio Grande","barley",0
8105,"Colorado","Rio Grande","canola",0
8105,"Colorado","Rio Grande","corn",0
8105,"Colorado","Rio Grande","dry peas",0
8105,"Colorado","Rio Grande","oats",0
8105,"Colorado","Rio Grande","wheat",0
8107,"Colorado","Routt","barley",0
8107,"Colorado","Routt","oats",0
8107,"Colorado","Routt","safflower",0
8107,"Colorado","Routt","wheat",0
8109,"Colorado","Saguache","barley",0
8109,"Colorado","Saguache","canola",0
8109,"Colorado","Saguache","dry peas",0
8109,"Colorado","Saguache","flaxseed",0
8109,"Colorado","Saguache","oats",0
8109,"Colorado","Saguache","wheat",0
8113,"Colorado","San Miguel","oats",0
8113,"Colorado","San Miguel","safflower",0
8113,"Colorado","San Miguel","wheat",0
8115,"Colorado","Sedgwick","barley",0.196414194492705
8115,"Colorado","Sedgwick","corn",416.526428483549
8115,"Colorado","Sedgwick","dry peas",4.03587895430223
8115,"Colorado","Sedgwick","grain sorghum",25.6096312275255
8115,"Colorado","Sedgwick","oats",7.96188203650645
8115,"Colorado","Sedgwick","soybeans",8.709793484307
8115,"Colorado","Sedgwick","sunflower",11.677073325928
8115,"Colorado","Sedgwick","wheat",282.651898293395
8121,"Colorado","Washington","barley",62.1763483553574
8121,"Colorado","Washington","canola",0.242408975668801
8121,"Colorado","Washington","corn",12923.7809406999
8121,"Colorado","Washington","dry peas",146.119779602821
8121,"Colorado","Washington","grain sorghum",1632.77064238855
8121,"Colorado","Washington","oats",387.857095940577
8121,"Colorado","Washington","soybeans",36.452094325827
8121,"Colorado","Washington","sunflower",204.984013320624
8121,"Colorado","Washington","wheat",29555.1748430574
8123,"Colorado","Weld","barley",0
8123,"Colorado","Weld","canola",0
8123,"Colorado","Weld","corn",0
8123,"Colorado","Weld","dry peas",0
8123,"Colorado","Weld","grain sorghum",0
8123,"Colorado","Weld","oats",0
8123,"Colorado","Weld","safflower",0
8123,"Colorado","Weld","soybeans",0
8123,"Colorado","Weld","sunflower",0
8123,"Colorado","Weld","wheat",0
8125,"Colorado","Yuma","barley",0
8125,"Colorado","Yuma","canola",0
8125,"Colorado","Yuma","corn",0
8125,"Colorado","Yuma","dry peas",0
8125,"Colorado","Yuma","grain sorghum",0
8125,"Colorado","Yuma","oats",0
8125,"Colorado","Yuma","soybeans",0
8125,"Colorado","Yuma","sunflower",0
8125,"Colorado","Yuma","wheat",0
9001,"Connecticut","Fairfield","corn",32.1286
9003,"Connecticut","Hartford","barley",105.590565838299
9003,"Connecticut","Hartford","corn",4606.36248395707
9003,"Connecticut","Hartford","oats",99.1596434027066
9003,"Connecticut","Hartford","soybeans",284.531382342767
9003,"Connecticut","Hartford","sunflower",5.05263920847125
9003,"Connecticut","Hartford","wheat",25.1992385840212
9005,"Connecticut","Litchfield","barley",41.2230602201284
9005,"Connecticut","Litchfield","corn",3690.37837098351
9005,"Connecticut","Litchfield","grain sorghum",9.99106501870958
9005,"Connecticut","Litchfield","oats",36.9812210750754
9005,"Connecticut","Litchfield","sunflower",1.62166603591132
9007,"Connecticut","Middlesex","corn",208.215855755989
9007,"Connecticut","Middlesex","soybeans",0.0018753792423035
9007,"Connecticut","Middlesex","sunflower",5.94495219810211
9009,"Connecticut","New Haven","corn",809.641011628732
9009,"Connecticut","New Haven","grain sorghum",13.1855417046012
9011,"Connecticut","New London","corn",8742.39128813464
9011,"Connecticut","New London","oats",21.2147989430135
9011,"Connecticut","New London","soybeans",19.5019458784617
9011,"Connecticut","New London","sunflower",23.6266189531895
9011,"Connecticut","New London","wheat",13.9486150906997
9013,"Connecticut","Tolland","barley",70.7789057007277
9013,"Connecticut","Tolland","corn",4068.66004705022
9013,"Connecticut","Tolland","oats",87.5382596369884
9013,"Connecticut","Tolland","soybeans",69.9847701603634
9013,"Connecticut","Tolland","sunflower",3.43781619205348
9013,"Connecticut","Tolland","wheat",24.8393679263171
9015,"Connecticut","Windham","corn",7288.88611596174
9015,"Connecticut","Windham","grain sorghum",91.5254101022338
9015,"Connecticut","Windham","mustard",0.763457314635773
9015,"Connecticut","Windham","oats",6.14344557870973
9015,"Connecticut","Windham","soybeans",39.1391163956245
9015,"Connecticut","Windham","sunflower",2.6721006012252
9015,"Connecticut","Windham","wheat",27.9019790458293
10001,"Delaware","Kent","barley",119.281537546837
10001,"Delaware","Kent","canola",0.621115428708619
10001,"Delaware","Kent","corn",1120.32670871492
10001,"Delaware","Kent","grain sorghum",50.7742167124504
10001,"Delaware","Kent","oats",0.920532059139904
10001,"Delaware","Kent","soybeans",1169.45852115969
10001,"Delaware","Kent","sunflower",1.00289650099941
10001,"Delaware","Kent","wheat",349.052825210584
10003,"Delaware","New Castle","barley",0
10003,"Delaware","New Castle","corn",0
10003,"Delaware","New Castle","grain sorghum",0
10003,"Delaware","New Castle","oats",0
10003,"Delaware","New Castle","soybeans",0
10003,"Delaware","New Castle","sunflower",0
10003,"Delaware","New Castle","wheat",0
10005,"Delaware","Sussex","barley",478.660061203371
10005,"Delaware","Sussex","corn",8588.56471612934
10005,"Delaware","Sussex","cotton",0.101820121038563
10005,"Delaware","Sussex","grain sorghum",137.411928561402
10005,"Delaware","Sussex","oats",4.83044669300815
10005,"Delaware","Sussex","rapeseed",0.0784515686690567
10005,"Delaware","Sussex","soybeans",6065.69585239291
10005,"Delaware","Sussex","sunflower",0.899689266225991
10005,"Delaware","Sussex","wheat",1462.66506739732
12001,"Florida","Alachua","corn",0
12001,"Florida","Alachua","cotton",0
12001,"Florida","Alachua","grain sorghum",0
12001,"Florida","Alachua","oats",0
12001,"Florida","Alachua","peanuts",0
12001,"Florida","Alachua","soybeans",0
12001,"Florida","Alachua","sunflower",0
12003,"Florida","Baker","corn",0
12003,"Florida","Baker","oats",0
12007,"Florida","Bradford","soybeans",48.42
12009,"Florida","Brevard","corn",515.961779592243
12009,"Florida","Brevard","soybeans",1.54355374109079
12013,"Florida","Calhoun","corn",0
12013,"Florida","Calhoun","cotton",0
12013,"Florida","Calhoun","oats",0
12013,"Florida","Calhoun","peanuts",0
12013,"Florida","Calhoun","soybeans",0
12013,"Florida","Calhoun","wheat",0
12015,"Florida","Charlotte","corn",1245.84
12017,"Florida","Citrus","peanuts",854.16
12023,"Florida","Columbia","corn",0
12023,"Florida","Columbia","grain sorghum",0
12023,"Florida","Columbia","oats",0
12023,"Florida","Columbia","peanuts",0
12023,"Florida","Columbia","sesame",0
12023,"Florida","Columbia","soybeans",0
12023,"Florida","Columbia","wheat",0
12025,"Florida","Dade, Monroe","corn",921.15594
12029,"Florida","Dixie","corn",1804.1000737749
12029,"Florida","Dixie","peanuts",3989.40290225468
12029,"Florida","Dixie","sesame",280.042686650301
12029,"Florida","Dixie","wheat",130.151337320121
12031,"Florida","Duval","rice_short/medium grain",0
12033,"Florida","Escambia","corn",0
12033,"Florida","Escambia","cotton",0
12033,"Florida","Escambia","grain sorghum",0
12033,"Florida","Escambia","oats",0
12033,"Florida","Escambia","peanuts",0
12033,"Florida","Escambia","soybeans",0
12035,"Florida","Flagler","corn",332.5993
12039,"Florida","Gadsden","corn",0
12039,"Florida","Gadsden","cotton",0
12039,"Florida","Gadsden","oats",0
12039,"Florida","Gadsden","peanuts",0
12039,"Florida","Gadsden","soybeans",0
12041,"Florida","Gilchrist","corn",2657.0901023153
12041,"Florida","Gilchrist","cotton",95.9930544377948
12041,"Florida","Gilchrist","oats",39.133308382263
12041,"Florida","Gilchrist","peanuts",3355.83798022638
12041,"Florida","Gilchrist","wheat",440.606721304924
12043,"Florida","Glades","corn",11743.0306333333
12043,"Florida","Glades","peanuts",0
12043,"Florida","Glades","rice_long grain",0
12045,"Florida","Gulf","peanuts",0
12045,"Florida","Gulf","soybeans",0
12047,"Florida","Hamilton","barley",0
12047,"Florida","Hamilton","corn",0
12047,"Florida","Hamilton","cotton",0
12047,"Florida","Hamilton","dry peas",0
12047,"Florida","Hamilton","grain sorghum",0
12047,"Florida","Hamilton","oats",0
12047,"Florida","Hamilton","peanuts",0
12047,"Florida","Hamilton","soybeans",0
12047,"Florida","Hamilton","wheat",0
12051,"Florida","Hendry","corn",4193.98624660527
12051,"Florida","Hendry","rice_long grain",25908.1176467281
12055,"Florida","Highlands","corn",3621.296
12057,"Florida","Hillsborough","peanuts",1465.366
12059,"Florida","Holmes","corn",239.092560133302
12059,"Florida","Holmes","cotton",539.844233776799
12059,"Florida","Holmes","grain sorghum",6.84558713152242
12059,"Florida","Holmes","oats",63.8578554157342
12059,"Florida","Holmes","peanuts",779.874032536072
12059,"Florida","Holmes","soybeans",286.707316387863
12059,"Florida","Holmes","sunflower",1.03466024338973
12059,"Florida","Holmes","wheat",21.6674210419829
12061,"Florida","Indian River","corn",2225.22572409743
12061,"Florida","Indian River","cotton",67.6149204980938
12061,"Florida","Indian River","grain sorghum",202.447355404477
12063,"Florida","Jackson","corn",0
12063,"Florida","Jackson","cotton",0
12063,"Florida","Jackson","grain sorghum",0
12063,"Florida","Jackson","oats",0
12063,"Florida","Jackson","peanuts",0
12063,"Florida","Jackson","sesame",0
12063,"Florida","Jackson","soybeans",0
12063,"Florida","Jackson","sunflower",0
12063,"Florida","Jackson","wheat",0
12065,"Florida","Jefferson","corn",0
12065,"Florida","Jefferson","cotton",0
12065,"Florida","Jefferson","dry peas",0
12065,"Florida","Jefferson","oats",0
12065,"Florida","Jefferson","peanuts",0
12065,"Florida","Jefferson","sesame",0
12065,"Florida","Jefferson","soybeans",0
12067,"Florida","Lafayette","corn",2537.45582008889
12067,"Florida","Lafayette","cotton",1341.09731714037
12067,"Florida","Lafayette","dry peas",131.062819764904
12067,"Florida","Lafayette","oats",796.498906313053
12067,"Florida","Lafayette","peanuts",2156.90093345663
12067,"Florida","Lafayette","soybeans",122.60038196843
12067,"Florida","Lafayette","sunflower",4.27103361840892
12067,"Florida","Lafayette","wheat",128.992454315981
12073,"Florida","Leon","corn",0
12073,"Florida","Leon","grain sorghum",0
12073,"Florida","Leon","oats",0
12073,"Florida","Leon","peanuts",0
12073,"Florida","Leon","soybeans",0
12073,"Florida","Leon","sunflower",0
12075,"Florida","Levy","corn",0
12075,"Florida","Levy","cotton",0
12075,"Florida","Levy","grain sorghum",0
12075,"Florida","Levy","oats",0
12075,"Florida","Levy","peanuts",0
12075,"Florida","Levy","wheat",0
12077,"Florida","Liberty","peanuts",121.9718
12079,"Florida","Madison","barley",82.037684758552
12079,"Florida","Madison","corn",5137.43727672493
12079,"Florida","Madison","cotton",1417.08852159485
12079,"Florida","Madison","dry peas",28.2146181006622
12079,"Florida","Madison","grain sorghum",61.8792535286343
12079,"Florida","Madison","oats",554.882514652177
12079,"Florida","Madison","peanuts",6168.93209775176
12079,"Florida","Madison","soybeans",753.160335708762
12079,"Florida","Madison","sunflower",5.34499670944076
12079,"Florida","Madison","wheat",2.76370047023824
12081,"Florida","Manatee","corn",986.877733333333
12083,"Florida","Marion","corn",0
12083,"Florida","Marion","cotton",0
12083,"Florida","Marion","oats",0
12083,"Florida","Marion","peanuts",0
12083,"Florida","Marion","sunflower",0
12085,"Florida","Martin","corn",9614.30746666667
12089,"Florida","Nassau","corn",0
12091,"Florida","Okaloosa","corn",0
12091,"Florida","Okaloosa","cotton",0
12091,"Florida","Okaloosa","oats",0
12091,"Florida","Okaloosa","peanuts",0
12091,"Florida","Okaloosa","soybeans",0
12091,"Florida","Okaloosa","wheat",0
12093,"Florida","Okeechobee","corn",0
12097,"Florida","Osceola","corn",0
12097,"Florida","Osceola","cotton",0
12099,"Florida","Palm Beach","corn",581.939715940263
12099,"Florida","Palm Beach","rice_long grain",29304.32754719
12099,"Florida","Palm Beach","soybeans",1.46484686973661
12101,"Florida","Pasco","peanuts",0.085000000000008
12107,"Florida","Putnam","corn",0
12107,"Florida","Putnam","oats",0
12107,"Florida","Putnam","peanuts",0
12107,"Florida","Putnam","rapeseed",0
12113,"Florida","Santa Rosa","corn",0
12113,"Florida","Santa Rosa","cotton",0
12113,"Florida","Santa Rosa","grain sorghum",0
12113,"Florida","Santa Rosa","oats",0
12113,"Florida","Santa Rosa","peanuts",0
12113,"Florida","Santa Rosa","soybeans",0
12113,"Florida","Santa Rosa","sunflower",0
12113,"Florida","Santa Rosa","wheat",0
12109,"Florida","St. Johns","corn",0
12111,"Florida","St. Lucie","corn",4799.6254246349
12111,"Florida","St. Lucie","grain sorghum",1429.6055753651
12119,"Florida","Sumter","oats",0
12119,"Florida","Sumter","peanuts",0
12121,"Florida","Suwannee","corn",7286.86544888015
12121,"Florida","Suwannee","cotton",352.457802120063
12121,"Florida","Suwannee","dry peas",893.506158788337
12121,"Florida","Suwannee","grain sorghum",2.49662477719893
12121,"Florida","Suwannee","oats",338.137738542229
12121,"Florida","Suwannee","peanuts",8127.64289237405
12121,"Florida","Suwannee","rapeseed",81.7996702642255
12121,"Florida","Suwannee","soybeans",612.529284680277
12121,"Florida","Suwannee","wheat",33.7513795734662
12125,"Florida","Union","corn",0
12129,"Florida","Wakulla","corn",0
12129,"Florida","Wakulla","peanuts",0
12131,"Florida","Walton","corn",0
12131,"Florida","Walton","cotton",0
12131,"Florida","Walton","grain sorghum",0
12131,"Florida","Walton","oats",0
12131,"Florida","Walton","peanuts",0
12131,"Florida","Walton","soybeans",0
12131,"Florida","Walton","sunflower",0
12131,"Florida","Walton","wheat",0
12133,"Florida","Washington","corn",53.4303558602714
12133,"Florida","Washington","cotton",252.097513737988
12133,"Florida","Washington","oats",6.19214514161613
12133,"Florida","Washington","peanuts",242.297990054141
12133,"Florida","Washington","soybeans",85.2686299421335
12133,"Florida","Washington","wheat",10.6426652638516
13001,"Georgia","Appling","corn",229.374097000593
13001,"Georgia","Appling","cotton",1199.13856258171
13001,"Georgia","Appling","grain sorghum",4.89165845636403
13001,"Georgia","Appling","oats",6.46966047426452
13001,"Georgia","Appling","peanuts",700.722954882839
13001,"Georgia","Appling","sesame",32.5985755605494
13001,"Georgia","Appling","soybeans",76.5917741217898
13001,"Georgia","Appling","sunflower",0.313580482170984
13001,"Georgia","Appling","wheat",20.56930310639
13003,"Georgia","Atkinson","corn",916.686934016094
13003,"Georgia","Atkinson","cotton",5185.91153475478
13003,"Georgia","Atkinson","grain sorghum",16.9734228144201
13003,"Georgia","Atkinson","oats",35.9636985716236
13003,"Georgia","Atkinson","peanuts",3995.8251230271
13003,"Georgia","Atkinson","soybeans",64.778539785514
13003,"Georgia","Atkinson","sunflower",2.80090917284515
13003,"Georgia","Atkinson","wheat",2.45133785762394
13005,"Georgia","Bacon","corn",267.582171316173
13005,"Georgia","Bacon","cotton",1175.55370127173
13005,"Georgia","Bacon","grain sorghum",20.9662613517612
13005,"Georgia","Bacon","peanuts",552.421262591621
13005,"Georgia","Bacon","soybeans",35.1874631206719
13005,"Georgia","Bacon","sunflower",3.38496862825266
13005,"Georgia","Bacon","wheat",23.8841717197856
13007,"Georgia","Baker","corn",0
13007,"Georgia","Baker","cotton",0
13007,"Georgia","Baker","grain sorghum",0
13007,"Georgia","Baker","oats",0
13007,"Georgia","Baker","peanuts",0
13007,"Georgia","Baker","soybeans",0
13007,"Georgia","Baker","sunflower",0
13007,"Georgia","Baker","wheat",0
13009,"Georgia","Baldwin","wheat",0
13011,"Georgia","Banks","corn",0
13011,"Georgia","Banks","grain sorghum",0
13011,"Georgia","Banks","oats",0
13011,"Georgia","Banks","soybeans",0
13011,"Georgia","Banks","wheat",0
13015,"Georgia","Bartow","canola",0
13015,"Georgia","Bartow","corn",0
13015,"Georgia","Bartow","cotton",0
13015,"Georgia","Bartow","oats",0
13015,"Georgia","Bartow","soybeans",0
13015,"Georgia","Bartow","sunflower",0
13015,"Georgia","Bartow","wheat",0
13017,"Georgia","Ben Hill","corn",64.580280162889
13017,"Georgia","Ben Hill","cotton",202.156426746936
13017,"Georgia","Ben Hill","grain sorghum",3.33978267070672
13017,"Georgia","Ben Hill","oats",6.48451986483793
13017,"Georgia","Ben Hill","peanuts",172.272335909936
13017,"Georgia","Ben Hill","soybeans",6.50988481265202
13017,"Georgia","Ben Hill","sunflower",0.48832365181013
13017,"Georgia","Ben Hill","wheat",6.95362618023167
13019,"Georgia","Berrien","corn",870.635855641139
13019,"Georgia","Berrien","cotton",3176.36962391841
13019,"Georgia","Berrien","grain sorghum",19.2278862931604
13019,"Georgia","Berrien","oats",34.1796460309457
13019,"Georgia","Berrien","peanuts",2755.57882846132
13019,"Georgia","Berrien","soybeans",217.877619040044
13019,"Georgia","Berrien","sunflower",4.63490750265679
13019,"Georgia","Berrien","wheat",77.4142397790007
13021,"Georgia","Bibb","corn",0
13021,"Georgia","Bibb","oats",0
13021,"Georgia","Bibb","peanuts",0
13021,"Georgia","Bibb","soybeans",0
13021,"Georgia","Bibb","sunflower",0
13021,"Georgia","Bibb","wheat",0
13023,"Georgia","Bleckley","corn",0
13023,"Georgia","Bleckley","cotton",0
13023,"Georgia","Bleckley","grain sorghum",0
13023,"Georgia","Bleckley","oats",0
13023,"Georgia","Bleckley","peanuts",0
13023,"Georgia","Bleckley","soybeans",0
13023,"Georgia","Bleckley","sunflower",0
13023,"Georgia","Bleckley","wheat",0
13025,"Georgia","Brantley","corn",0
13025,"Georgia","Brantley","cotton",0
13025,"Georgia","Brantley","dry peas",0
13025,"Georgia","Brantley","peanuts",0
13025,"Georgia","Brantley","soybeans",0
13027,"Georgia","Brooks","canola",1.81716563592251
13027,"Georgia","Brooks","corn",41.654533041092
13027,"Georgia","Brooks","cotton",206.598087933431
13027,"Georgia","Brooks","dry peas",0.00946216425805805
13027,"Georgia","Brooks","grain sorghum",1.09477240465732
13027,"Georgia","Brooks","oats",5.92601369284976
13027,"Georgia","Brooks","peanuts",69.7798808342032
13027,"Georgia","Brooks","sesame",0.0711006376777373
13027,"Georgia","Brooks","soybeans",38.1556074902717
13027,"Georgia","Brooks","sunflower",0.0940840196113726
13027,"Georgia","Brooks","wheat",10.0212921460342
13029,"Georgia","Bryan","corn",0
13029,"Georgia","Bryan","cotton",0
13029,"Georgia","Bryan","peanuts",0
13031,"Georgia","Bulloch","corn",0
13031,"Georgia","Bulloch","cotton",0
13031,"Georgia","Bulloch","grain sorghum",0
13031,"Georgia","Bulloch","oats",0
13031,"Georgia","Bulloch","peanuts",0
13031,"Georgia","Bulloch","rice_short/medium grain",0
13031,"Georgia","Bulloch","sesame",0
13031,"Georgia","Bulloch","soybeans",0
13031,"Georgia","Bulloch","sunflower",0
13031,"Georgia","Bulloch","wheat",0
13033,"Georgia","Burke","corn",0
13033,"Georgia","Burke","cotton",0
13033,"Georgia","Burke","grain sorghum",0
13033,"Georgia","Burke","oats",0
13033,"Georgia","Burke","peanuts",0
13033,"Georgia","Burke","sesame",0
13033,"Georgia","Burke","soybeans",0
13033,"Georgia","Burke","sunflower",0
13033,"Georgia","Burke","wheat",0
13035,"Georgia","Butts","oats",0
13035,"Georgia","Butts","sesame",0
13035,"Georgia","Butts","soybeans",0
13037,"Georgia","Calhoun","corn",0
13037,"Georgia","Calhoun","cotton",0
13037,"Georgia","Calhoun","grain sorghum",0
13037,"Georgia","Calhoun","oats",0
13037,"Georgia","Calhoun","peanuts",0
13037,"Georgia","Calhoun","sesame",0
13037,"Georgia","Calhoun","soybeans",0
13037,"Georgia","Calhoun","wheat",0
13043,"Georgia","Candler","corn",0
13043,"Georgia","Candler","cotton",0
13043,"Georgia","Candler","grain sorghum",0
13043,"Georgia","Candler","oats",0
13043,"Georgia","Candler","peanuts",0
13043,"Georgia","Candler","sesame",0
13043,"Georgia","Candler","soybeans",0
13043,"Georgia","Candler","sunflower",0
13043,"Georgia","Candler","wheat",0
13045,"Georgia","Carroll","corn",0
13045,"Georgia","Carroll","soybeans",0
13047,"Georgia","Catoosa","corn",0
13047,"Georgia","Catoosa","soybeans",0
13047,"Georgia","Catoosa","sunflower",0
13047,"Georgia","Catoosa","wheat",0
13049,"Georgia","Charlton","corn",0
13049,"Georgia","Charlton","dry peas",0
13051,"Georgia","Chatham","corn",0
13051,"Georgia","Chatham","cotton",0
13055,"Georgia","Chattooga","corn",18.4379307381917
13055,"Georgia","Chattooga","cotton",7.39788749373116
13055,"Georgia","Chattooga","soybeans",7.84839175412141
13055,"Georgia","Chattooga","wheat",3.28789001395569
13057,"Georgia","Cherokee","corn",0
13059,"Georgia","Clarke","corn",0
13059,"Georgia","Clarke","cotton",0
13059,"Georgia","Clarke","grain sorghum",0
13059,"Georgia","Clarke","oats",0
13059,"Georgia","Clarke","soybeans",0
13059,"Georgia","Clarke","wheat",0
13061,"Georgia","Clay","corn",0
13061,"Georgia","Clay","cotton",0
13061,"Georgia","Clay","grain sorghum",0
13061,"Georgia","Clay","oats",0
13061,"Georgia","Clay","peanuts",0
13061,"Georgia","Clay","soybeans",0
13061,"Georgia","Clay","wheat",0
13065,"Georgia","Clinch","corn",114.071069834298
13065,"Georgia","Clinch","cotton",39.5644815313418
13065,"Georgia","Clinch","peanuts",104.094864118419
13065,"Georgia","Clinch","soybeans",31.3440615769092
13065,"Georgia","Clinch","wheat",31.4081896056991
13069,"Georgia","Coffee","corn",414.770614179389
13069,"Georgia","Coffee","cotton",2179.07586903233
13069,"Georgia","Coffee","grain sorghum",7.48283415097857
13069,"Georgia","Coffee","oats",21.5731455839848
13069,"Georgia","Coffee","peanuts",1591.72533498688
13069,"Georgia","Coffee","soybeans",84.3700981509879
13069,"Georgia","Coffee","sunflower",3.50558419836551
13069,"Georgia","Coffee","wheat",11.3890530503988
13071,"Georgia","Colquitt","corn",387.244877440221
13071,"Georgia","Colquitt","cotton",3464.124474756
13071,"Georgia","Colquitt","grain sorghum",22.3106153523824
13071,"Georgia","Colquitt","oats",19.440302079798
13071,"Georgia","Colquitt","peanuts",1636.17562694614
13071,"Georgia","Colquitt","soybeans",24.669997526846
13071,"Georgia","Colquitt","sunflower",0.140576340153286
13071,"Georgia","Colquitt","wheat",60.0191962251185
13075,"Georgia","Cook","corn",83.8901479068676
13075,"Georgia","Cook","cotton",371.451979018766
13075,"Georgia","Cook","grain sorghum",2.57313468176537
13075,"Georgia","Cook","oats",4.98151972160388
13075,"Georgia","Cook","peanuts",197.689340222245
13075,"Georgia","Cook","soybeans",24.9221836760703
13075,"Georgia","Cook","sunflower",5.47083848353627
13075,"Georgia","Cook","wheat",2.05731628914898
13077,"Georgia","Coweta","corn",0
13077,"Georgia","Coweta","soybeans",0
13077,"Georgia","Coweta","wheat",0
13079,"Georgia","Crawford","corn",0
13079,"Georgia","Crawford","cotton",0
13079,"Georgia","Crawford","grain sorghum",0
13079,"Georgia","Crawford","oats",0
13079,"Georgia","Crawford","peanuts",0
13079,"Georgia","Crawford","soybeans",0
13079,"Georgia","Crawford","sunflower",0
13079,"Georgia","Crawford","wheat",0
13081,"Georgia","Crisp","corn",0
13081,"Georgia","Crisp","cotton",0
13081,"Georgia","Crisp","grain sorghum",0
13081,"Georgia","Crisp","oats",0
13081,"Georgia","Crisp","peanuts",0
13081,"Georgia","Crisp","sesame",0
13081,"Georgia","Crisp","soybeans",0
13081,"Georgia","Crisp","sunflower",0
13081,"Georgia","Crisp","wheat",0
13083,"Georgia","Dade","corn",228.710578613571
13083,"Georgia","Dade","grain sorghum",10.2586978227224
13083,"Georgia","Dade","soybeans",236.338474485937
13083,"Georgia","Dade","wheat",36.6322490777699
13085,"Georgia","Dawson","corn",0
13085,"Georgia","Dawson","soybeans",0
13087,"Georgia","Decatur","corn",1174.66640715367
13087,"Georgia","Decatur","cotton",1660.60117806993
13087,"Georgia","Decatur","grain sorghum",60.5716208738979
13087,"Georgia","Decatur","oats",205.065307181971
13087,"Georgia","Decatur","peanuts",1681.77223715509
13087,"Georgia","Decatur","sesame",0.707858491849973
13087,"Georgia","Decatur","soybeans",95.7958175607228
13087,"Georgia","Decatur","sunflower",8.68474478981658
13087,"Georgia","Decatur","wheat",49.5288287230434
13091,"Georgia","Dodge","corn",0
13091,"Georgia","Dodge","cotton",0
13091,"Georgia","Dodge","grain sorghum",0
13091,"Georgia","Dodge","oats",0
13091,"Georgia","Dodge","peanuts",0
13091,"Georgia","Dodge","sesame",0
13091,"Georgia","Dodge","soybeans",0
13091,"Georgia","Dodge","sunflower",0
13091,"Georgia","Dodge","wheat",0
13093,"Georgia","Dooly","corn",0
13093,"Georgia","Dooly","cotton",0
13093,"Georgia","Dooly","grain sorghum",0
13093,"Georgia","Dooly","oats",0
13093,"Georgia","Dooly","peanuts",0
13093,"Georgia","Dooly","rice_short/medium grain",0
13093,"Georgia","Dooly","soybeans",0
13093,"Georgia","Dooly","sunflower",0
13093,"Georgia","Dooly","wheat",0
13095,"Georgia","Dougherty","corn",0
13095,"Georgia","Dougherty","cotton",0
13095,"Georgia","Dougherty","grain sorghum",0
13095,"Georgia","Dougherty","oats",0
13095,"Georgia","Dougherty","peanuts",0
13095,"Georgia","Dougherty","soybeans",0
13095,"Georgia","Dougherty","sunflower",0
13095,"Georgia","Dougherty","wheat",0
13099,"Georgia","Early","corn",0
13099,"Georgia","Early","cotton",0
13099,"Georgia","Early","dry peas",0
13099,"Georgia","Early","grain sorghum",0
13099,"Georgia","Early","oats",0
13099,"Georgia","Early","peanuts",0
13099,"Georgia","Early","soybeans",0
13099,"Georgia","Early","sunflower",0
13099,"Georgia","Early","wheat",0
13101,"Georgia","Echols","corn",0
13101,"Georgia","Echols","cotton",0
13101,"Georgia","Echols","oats",0
13101,"Georgia","Echols","peanuts",0
13101,"Georgia","Echols","sesame",0
13101,"Georgia","Echols","soybeans",0
13101,"Georgia","Echols","sunflower",0
13103,"Georgia","Effingham","corn",0
13103,"Georgia","Effingham","cotton",0
13103,"Georgia","Effingham","grain sorghum",0
13103,"Georgia","Effingham","peanuts",0
13103,"Georgia","Effingham","soybeans",0
13103,"Georgia","Effingham","sunflower",0
13103,"Georgia","Effingham","wheat",0
13105,"Georgia","Elbert","corn",0
13105,"Georgia","Elbert","cotton",0
13105,"Georgia","Elbert","soybeans",0
13105,"Georgia","Elbert","sunflower",0
13105,"Georgia","Elbert","wheat",0
13107,"Georgia","Emanuel","corn",0
13107,"Georgia","Emanuel","cotton",0
13107,"Georgia","Emanuel","grain sorghum",0
13107,"Georgia","Emanuel","oats",0
13107,"Georgia","Emanuel","peanuts",0
13107,"Georgia","Emanuel","sesame",0
13107,"Georgia","Emanuel","soybeans",0
13107,"Georgia","Emanuel","sunflower",0
13107,"Georgia","Emanuel","wheat",0
13109,"Georgia","Evans","corn",0
13109,"Georgia","Evans","cotton",0
13109,"Georgia","Evans","dry peas",0
13109,"Georgia","Evans","grain sorghum",0
13109,"Georgia","Evans","peanuts",0
13109,"Georgia","Evans","soybeans",0
13109,"Georgia","Evans","wheat",0
13111,"Georgia","Fannin","corn",0
13115,"Georgia","Floyd","corn",0
13115,"Georgia","Floyd","cotton",0
13115,"Georgia","Floyd","grain sorghum",0
13115,"Georgia","Floyd","peanuts",0
13115,"Georgia","Floyd","soybeans",0
13115,"Georgia","Floyd","sunflower",0
13115,"Georgia","Floyd","wheat",0
13117,"Georgia","Forsyth","corn",0
13117,"Georgia","Forsyth","wheat",0
13119,"Georgia","Franklin","corn",0
13119,"Georgia","Franklin","cotton",0
13119,"Georgia","Franklin","grain sorghum",0
13119,"Georgia","Franklin","oats",0
13119,"Georgia","Franklin","soybeans",0
13119,"Georgia","Franklin","wheat",0
13121,"Georgia","Fulton","corn",0
13123,"Georgia","Gilmer","corn",0
13123,"Georgia","Gilmer","soybeans",0
13123,"Georgia","Gilmer","wheat",0
13125,"Georgia","Glascock","corn",0
13125,"Georgia","Glascock","cotton",0
13125,"Georgia","Glascock","grain sorghum",0
13125,"Georgia","Glascock","oats",0
13125,"Georgia","Glascock","peanuts",0
13125,"Georgia","Glascock","sesame",0
13125,"Georgia","Glascock","soybeans",0
13125,"Georgia","Glascock","wheat",0
13129,"Georgia","Gordon","barley",0
13129,"Georgia","Gordon","canola",0
13129,"Georgia","Gordon","corn",0
13129,"Georgia","Gordon","cotton",0
13129,"Georgia","Gordon","grain sorghum",0
13129,"Georgia","Gordon","oats",0
13129,"Georgia","Gordon","soybeans",0
13129,"Georgia","Gordon","sunflower",0
13129,"Georgia","Gordon","wheat",0
13131,"Georgia","Grady","corn",0
13131,"Georgia","Grady","cotton",0
13131,"Georgia","Grady","dry peas",0
13131,"Georgia","Grady","grain sorghum",0
13131,"Georgia","Grady","oats",0
13131,"Georgia","Grady","peanuts",0
13131,"Georgia","Grady","soybeans",0
13131,"Georgia","Grady","sunflower",0
13131,"Georgia","Grady","wheat",0
13133,"Georgia","Greene","corn",165.849900870488
13133,"Georgia","Greene","cotton",1.97638938255208
13133,"Georgia","Greene","soybeans",74.1531414386629
13133,"Georgia","Greene","sunflower",0.988194691276041
13133,"Georgia","Greene","wheat",141.258873617022
13137,"Georgia","Habersham","corn",0
13137,"Georgia","Habersham","soybeans",0
13137,"Georgia","Habersham","wheat",0
13139,"Georgia","Hall","corn",0
13139,"Georgia","Hall","oats",0
13139,"Georgia","Hall","soybeans",0
13139,"Georgia","Hall","wheat",0
13141,"Georgia","Hancock","cotton",0
13141,"Georgia","Hancock","wheat",0
13143,"Georgia","Haralson","corn",0
13145,"Georgia","Harris","corn",0
13147,"Georgia","Hart","corn",0
13147,"Georgia","Hart","cotton",0
13147,"Georgia","Hart","grain sorghum",0
13147,"Georgia","Hart","oats",0
13147,"Georgia","Hart","soybeans",0
13147,"Georgia","Hart","sunflower",0
13147,"Georgia","Hart","wheat",0
13149,"Georgia","Heard","corn",0
13149,"Georgia","Heard","soybeans",0
13151,"Georgia","Henry","corn",0
13151,"Georgia","Henry","oats",0
13151,"Georgia","Henry","soybeans",0
13151,"Georgia","Henry","wheat",0
13153,"Georgia","Houston","corn",0
13153,"Georgia","Houston","cotton",0
13153,"Georgia","Houston","grain sorghum",0
13153,"Georgia","Houston","oats",0
13153,"Georgia","Houston","peanuts",0
13153,"Georgia","Houston","rapeseed",0
13153,"Georgia","Houston","soybeans",0
13153,"Georgia","Houston","sunflower",0
13153,"Georgia","Houston","wheat",0
13155,"Georgia","Irwin","corn",0
13155,"Georgia","Irwin","cotton",0
13155,"Georgia","Irwin","dry peas",0
13155,"Georgia","Irwin","grain sorghum",0
13155,"Georgia","Irwin","oats",0
13155,"Georgia","Irwin","peanuts",0
13155,"Georgia","Irwin","sesame",0
13155,"Georgia","Irwin","soybeans",0
13155,"Georgia","Irwin","sunflower",0
13155,"Georgia","Irwin","wheat",0
13157,"Georgia","Jackson","corn",0
13157,"Georgia","Jackson","grain sorghum",0
13157,"Georgia","Jackson","oats",0
13157,"Georgia","Jackson","soybeans",0
13157,"Georgia","Jackson","wheat",0
13159,"Georgia","Jasper","corn",22.3854103068338
13159,"Georgia","Jasper","cotton",5.62692470801484
13159,"Georgia","Jasper","grain sorghum",6.81652292927293
13159,"Georgia","Jasper","oats",21.9089454110104
13159,"Georgia","Jasper","soybeans",7.28891547555939
13159,"Georgia","Jasper","wheat",8.45278116930863
13161,"Georgia","Jeff Davis","corn",476.662751762018
13161,"Georgia","Jeff Davis","cotton",1711.61462013957
13161,"Georgia","Jeff Davis","grain sorghum",19.9142871021931
13161,"Georgia","Jeff Davis","oats",22.5077411383212
13161,"Georgia","Jeff Davis","peanuts",1230.07730104975
13161,"Georgia","Jeff Davis","soybeans",82.135357222625
13161,"Georgia","Jeff Davis","sunflower",4.68074581760374
13161,"Georgia","Jeff Davis","wheat",70.3486957679074
13163,"Georgia","Jefferson","barley",0
13163,"Georgia","Jefferson","canola",0
13163,"Georgia","Jefferson","corn",0
13163,"Georgia","Jefferson","cotton",0
13163,"Georgia","Jefferson","grain sorghum",0
13163,"Georgia","Jefferson","oats",0
13163,"Georgia","Jefferson","peanuts",0
13163,"Georgia","Jefferson","sesame",0
13163,"Georgia","Jefferson","soybeans",0
13163,"Georgia","Jefferson","sunflower",0
13163,"Georgia","Jefferson","wheat",0
13165,"Georgia","Jenkins","corn",0
13165,"Georgia","Jenkins","cotton",0
13165,"Georgia","Jenkins","grain sorghum",0
13165,"Georgia","Jenkins","oats",0
13165,"Georgia","Jenkins","peanuts",0
13165,"Georgia","Jenkins","sesame",0
13165,"Georgia","Jenkins","soybeans",0
13165,"Georgia","Jenkins","sunflower",0
13165,"Georgia","Jenkins","wheat",0
13167,"Georgia","Johnson","corn",0
13167,"Georgia","Johnson","cotton",0
13167,"Georgia","Johnson","dry peas",0
13167,"Georgia","Johnson","grain sorghum",0
13167,"Georgia","Johnson","oats",0
13167,"Georgia","Johnson","peanuts",0
13167,"Georgia","Johnson","sesame",0
13167,"Georgia","Johnson","soybeans",0
13167,"Georgia","Johnson","sunflower",0
13167,"Georgia","Johnson","wheat",0
13169,"Georgia","Jones","grain sorghum",7.09000000000003
13171,"Georgia","Lamar","corn",0
13171,"Georgia","Lamar","cotton",0
13171,"Georgia","Lamar","oats",0
13171,"Georgia","Lamar","soybeans",0
13171,"Georgia","Lamar","wheat",0
13173,"Georgia","Lanier","corn",863.99888913771
13173,"Georgia","Lanier","cotton",2308.46492300676
13173,"Georgia","Lanier","oats",18.9866517782734
13173,"Georgia","Lanier","peanuts",1986.81473474425
13173,"Georgia","Lanier","soybeans",108.686063502679
13173,"Georgia","Lanier","sunflower",6.80873783032344
13175,"Georgia","Laurens","barley",0
13175,"Georgia","Laurens","canola",0
13175,"Georgia","Laurens","corn",0
13175,"Georgia","Laurens","cotton",0
13175,"Georgia","Laurens","dry peas",0
13175,"Georgia","Laurens","grain sorghum",0
13175,"Georgia","Laurens","oats",0
13175,"Georgia","Laurens","peanuts",0
13175,"Georgia","Laurens","rapeseed",0
13175,"Georgia","Laurens","sesame",0
13175,"Georgia","Laurens","soybeans",0
13175,"Georgia","Laurens","sunflower",0
13175,"Georgia","Laurens","wheat",0
13177,"Georgia","Lee","corn",0
13177,"Georgia","Lee","cotton",0
13177,"Georgia","Lee","grain sorghum",0
13177,"Georgia","Lee","oats",0
13177,"Georgia","Lee","peanuts",0
13177,"Georgia","Lee","sesame",0
13177,"Georgia","Lee","soybeans",0
13177,"Georgia","Lee","sunflower",0
13177,"Georgia","Lee","wheat",0
13179,"Georgia","Liberty","corn",64.5080242802232
13179,"Georgia","Liberty","cotton",66.2546733870541
13179,"Georgia","Liberty","peanuts",38.0723023327227
13181,"Georgia","Lincoln","oats",0
13183,"Georgia","Long","corn",0
13183,"Georgia","Long","cotton",0
13183,"Georgia","Long","peanuts",0
13183,"Georgia","Long","soybeans",0
13183,"Georgia","Long","wheat",0
13185,"Georgia","Lowndes","corn",238.215468075103
13185,"Georgia","Lowndes","cotton",1232.13373526774
13185,"Georgia","Lowndes","oats",1.87830439615935
13185,"Georgia","Lowndes","peanuts",754.209894956737
13185,"Georgia","Lowndes","soybeans",192.297743138296
13185,"Georgia","Lowndes","wheat",32.0442208326259
13187,"Georgia","Lumpkin","corn",0
13193,"Georgia","Macon","corn",0
13193,"Georgia","Macon","cotton",0
13193,"Georgia","Macon","grain sorghum",0
13193,"Georgia","Macon","oats",0
13193,"Georgia","Macon","peanuts",0
13193,"Georgia","Macon","rapeseed",0
13193,"Georgia","Macon","sesame",0
13193,"Georgia","Macon","soybeans",0
13193,"Georgia","Macon","sunflower",0
13193,"Georgia","Macon","wheat",0
13195,"Georgia","Madison","canola",0
13195,"Georgia","Madison","corn",0
13195,"Georgia","Madison","cotton",0
13195,"Georgia","Madison","grain sorghum",0
13195,"Georgia","Madison","oats",0
13195,"Georgia","Madison","soybeans",0
13195,"Georgia","Madison","sunflower",0
13195,"Georgia","Madison","wheat",0
13197,"Georgia","Marion","corn",0
13197,"Georgia","Marion","cotton",0
13197,"Georgia","Marion","grain sorghum",0
13197,"Georgia","Marion","oats",0
13197,"Georgia","Marion","peanuts",0
13197,"Georgia","Marion","soybeans",0
13197,"Georgia","Marion","sunflower",0
13197,"Georgia","Marion","wheat",0
13189,"Georgia","McDuffie","corn",0
13189,"Georgia","McDuffie","cotton",0
13189,"Georgia","McDuffie","grain sorghum",0
13189,"Georgia","McDuffie","sesame",0
13189,"Georgia","McDuffie","soybeans",0
13189,"Georgia","McDuffie","wheat",0
13199,"Georgia","Meriwether","corn",0
13199,"Georgia","Meriwether","soybeans",0
13199,"Georgia","Meriwether","wheat",0
13201,"Georgia","Miller","canola",0
13201,"Georgia","Miller","corn",0
13201,"Georgia","Miller","cotton",0
13201,"Georgia","Miller","grain sorghum",0
13201,"Georgia","Miller","oats",0
13201,"Georgia","Miller","peanuts",0
13201,"Georgia","Miller","soybeans",0
13201,"Georgia","Miller","sunflower",0
13201,"Georgia","Miller","wheat",0
13205,"Georgia","Mitchell","barley",0.686898766672096
13205,"Georgia","Mitchell","canola",1.09903802667535
13205,"Georgia","Mitchell","corn",1147.03136874323
13205,"Georgia","Mitchell","cotton",3013.59238278575
13205,"Georgia","Mitchell","grain sorghum",16.6513877624049
13205,"Georgia","Mitchell","oats",62.7881523677656
13205,"Georgia","Mitchell","peanuts",2250.48401136413
13205,"Georgia","Mitchell","soybeans",68.0634249920046
13205,"Georgia","Mitchell","sunflower",3.78113042697388
13205,"Georgia","Mitchell","wheat",73.7418247644282
13207,"Georgia","Monroe","barley",0
13207,"Georgia","Monroe","corn",0
13207,"Georgia","Monroe","cotton",0
13207,"Georgia","Monroe","soybeans",0
13207,"Georgia","Monroe","wheat",0
13209,"Georgia","Montgomery","corn",0
13209,"Georgia","Montgomery","cotton",0
13209,"Georgia","Montgomery","grain sorghum",0
13209,"Georgia","Montgomery","oats",0
13209,"Georgia","Montgomery","peanuts",0
13209,"Georgia","Montgomery","soybeans",0
13209,"Georgia","Montgomery","sunflower",0
13209,"Georgia","Montgomery","wheat",0
13211,"Georgia","Morgan","corn",449.230858034206
13211,"Georgia","Morgan","cotton",269.656312895505
13211,"Georgia","Morgan","grain sorghum",88.4852334684477
13211,"Georgia","Morgan","oats",14.7714656211288
13211,"Georgia","Morgan","soybeans",147.168602808618
13211,"Georgia","Morgan","sunflower",2.66799201544324
13211,"Georgia","Morgan","wheat",399.214201823317
13213,"Georgia","Murray","corn",240.949874575438
13213,"Georgia","Murray","grain sorghum",36.7011776964441
13213,"Georgia","Murray","oats",45.0095515926341
13213,"Georgia","Murray","soybeans",303.096696360674
13213,"Georgia","Murray","sunflower",25.479321684541
13213,"Georgia","Murray","wheat",24.6302114236024
13217,"Georgia","Newton","corn",0
13217,"Georgia","Newton","cotton",0
13217,"Georgia","Newton","dry peas",0
13217,"Georgia","Newton","grain sorghum",0
13217,"Georgia","Newton","mustard",0
13217,"Georgia","Newton","oats",0
13217,"Georgia","Newton","soybeans",0
13217,"Georgia","Newton","wheat",0
13219,"Georgia","Oconee","corn",0
13219,"Georgia","Oconee","cotton",0
13219,"Georgia","Oconee","grain sorghum",0
13219,"Georgia","Oconee","oats",0
13219,"Georgia","Oconee","soybeans",0
13219,"Georgia","Oconee","sunflower",0
13219,"Georgia","Oconee","wheat",0
13221,"Georgia","Oglethorpe","corn",269.854930183956
13221,"Georgia","Oglethorpe","cotton",33.5026381945159
13221,"Georgia","Oglethorpe","grain sorghum",74.7070366517674
13221,"Georgia","Oglethorpe","oats",6.93131895908257
13221,"Georgia","Oglethorpe","soybeans",71.3433194794974
13221,"Georgia","Oglethorpe","sunflower",0.937945020433536
13221,"Georgia","Oglethorpe","wheat",235.243811510746
13225,"Georgia","Peach","canola",0
13225,"Georgia","Peach","corn",0
13225,"Georgia","Peach","cotton",0
13225,"Georgia","Peach","grain sorghum",0
13225,"Georgia","Peach","oats",0
13225,"Georgia","Peach","peanuts",0
13225,"Georgia","Peach","soybeans",0
13225,"Georgia","Peach","sunflower",0
13225,"Georgia","Peach","wheat",0
13229,"Georgia","Pierce","corn",887.6045822097
13229,"Georgia","Pierce","cotton",1594.03557182304
13229,"Georgia","Pierce","grain sorghum",14.9062205539048
13229,"Georgia","Pierce","oats",29.7653331135115
13229,"Georgia","Pierce","peanuts",1188.16682384124
13229,"Georgia","Pierce","soybeans",357.868244296782
13229,"Georgia","Pierce","sunflower",2.7036386908611
13229,"Georgia","Pierce","wheat",97.7036104709685
13231,"Georgia","Pike","canola",0
13231,"Georgia","Pike","corn",0
13231,"Georgia","Pike","cotton",0
13231,"Georgia","Pike","grain sorghum",0
13231,"Georgia","Pike","oats",0
13231,"Georgia","Pike","soybeans",0
13231,"Georgia","Pike","wheat",0
13233,"Georgia","Polk","corn",0
13233,"Georgia","Polk","cotton",0
13233,"Georgia","Polk","soybeans",0
13233,"Georgia","Polk","sunflower",0
13233,"Georgia","Polk","wheat",0
13235,"Georgia","Pulaski","corn",0
13235,"Georgia","Pulaski","cotton",0
13235,"Georgia","Pulaski","grain sorghum",0
13235,"Georgia","Pulaski","oats",0
13235,"Georgia","Pulaski","peanuts",0
13235,"Georgia","Pulaski","soybeans",0
13235,"Georgia","Pulaski","wheat",0
13237,"Georgia","Putnam","corn",889.659355365258
13237,"Georgia","Putnam","cotton",95.3652935707028
13237,"Georgia","Putnam","grain sorghum",174.994975561699
13237,"Georgia","Putnam","oats",850.273711327198
13237,"Georgia","Putnam","soybeans",112.97516986044
13237,"Georgia","Putnam","wheat",376.690494314702
13239,"Georgia","Quitman","corn",0
13239,"Georgia","Quitman","cotton",0
13239,"Georgia","Quitman","grain sorghum",0
13239,"Georgia","Quitman","peanuts",0
13239,"Georgia","Quitman","sesame",0
13239,"Georgia","Quitman","wheat",0
13241,"Georgia","Rabun","corn",35.7119711774696
13241,"Georgia","Rabun","grain sorghum",3.8856228697726
13241,"Georgia","Rabun","soybeans",2.43928995275782
13243,"Georgia","Randolph","corn",0
13243,"Georgia","Randolph","cotton",0
13243,"Georgia","Randolph","grain sorghum",0
13243,"Georgia","Randolph","oats",0
13243,"Georgia","Randolph","peanuts",0
13243,"Georgia","Randolph","sesame",0
13243,"Georgia","Randolph","soybeans",0
13243,"Georgia","Randolph","wheat",0
13245,"Georgia","Richmond","corn",0
13245,"Georgia","Richmond","oats",0
13245,"Georgia","Richmond","soybeans",0
13245,"Georgia","Richmond","wheat",0
13249,"Georgia","Schley","corn",0
13249,"Georgia","Schley","cotton",0
13249,"Georgia","Schley","grain sorghum",0
13249,"Georgia","Schley","oats",0
13249,"Georgia","Schley","peanuts",0
13249,"Georgia","Schley","soybeans",0
13249,"Georgia","Schley","wheat",0
13251,"Georgia","Screven","corn",0
13251,"Georgia","Screven","cotton",0
13251,"Georgia","Screven","dry peas",0
13251,"Georgia","Screven","grain sorghum",0
13251,"Georgia","Screven","oats",0
13251,"Georgia","Screven","peanuts",0
13251,"Georgia","Screven","soybeans",0
13251,"Georgia","Screven","sunflower",0
13251,"Georgia","Screven","wheat",0
13253,"Georgia","Seminole","corn",409.086921245765
13253,"Georgia","Seminole","cotton",811.616669147641
13253,"Georgia","Seminole","grain sorghum",19.409780407382
13253,"Georgia","Seminole","oats",41.6857995568522
13253,"Georgia","Seminole","peanuts",714.426749814405
13253,"Georgia","Seminole","soybeans",57.6659921808798
13253,"Georgia","Seminole","sunflower",0.884140476734249
13253,"Georgia","Seminole","wheat",25.4704471703344
13255,"Georgia","Spalding","oats",0
13255,"Georgia","Spalding","soybeans",0
13255,"Georgia","Spalding","wheat",0
13257,"Georgia","Stephens","corn",0
13257,"Georgia","Stephens","wheat",0
13259,"Georgia","Stewart","corn",0
13259,"Georgia","Stewart","cotton",0
13259,"Georgia","Stewart","grain sorghum",0
13259,"Georgia","Stewart","oats",0
13259,"Georgia","Stewart","peanuts",0
13259,"Georgia","Stewart","soybeans",0
13259,"Georgia","Stewart","wheat",0
13261,"Georgia","Sumter","corn",0
13261,"Georgia","Sumter","cotton",0
13261,"Georgia","Sumter","grain sorghum",0
13261,"Georgia","Sumter","oats",0
13261,"Georgia","Sumter","peanuts",0
13261,"Georgia","Sumter","soybeans",0
13261,"Georgia","Sumter","sunflower",0
13261,"Georgia","Sumter","wheat",0
13263,"Georgia","Talbot","corn",0
13263,"Georgia","Talbot","cotton",0
13263,"Georgia","Talbot","grain sorghum",0
13263,"Georgia","Talbot","soybeans",0
13263,"Georgia","Talbot","wheat",0
13265,"Georgia","Taliaferro","wheat",0
13267,"Georgia","Tattnall","corn",216.610748679625
13267,"Georgia","Tattnall","cotton",411.455698190263
13267,"Georgia","Tattnall","grain sorghum",2.36737765203964
13267,"Georgia","Tattnall","oats",0.180228382805893
13267,"Georgia","Tattnall","peanuts",262.118871846315
13267,"Georgia","Tattnall","soybeans",82.7452518321058
13267,"Georgia","Tattnall","sunflower",0.241962541162319
13267,"Georgia","Tattnall","wheat",11.7953275423476
13269,"Georgia","Taylor","corn",0
13269,"Georgia","Taylor","cotton",0
13269,"Georgia","Taylor","grain sorghum",0
13269,"Georgia","Taylor","oats",0
13269,"Georgia","Taylor","sesame",0
13269,"Georgia","Taylor","soybeans",0
13269,"Georgia","Taylor","wheat",0
13271,"Georgia","Telfair","corn",0
13271,"Georgia","Telfair","cotton",0
13271,"Georgia","Telfair","grain sorghum",0
13271,"Georgia","Telfair","oats",0
13271,"Georgia","Telfair","peanuts",0
13271,"Georgia","Telfair","soybeans",0
13271,"Georgia","Telfair","sunflower",0
13271,"Georgia","Telfair","wheat",0
13273,"Georgia","Terrell","corn",0
13273,"Georgia","Terrell","cotton",0
13273,"Georgia","Terrell","grain sorghum",0
13273,"Georgia","Terrell","lentils",0
13273,"Georgia","Terrell","oats",0
13273,"Georgia","Terrell","peanuts",0
13273,"Georgia","Terrell","sesame",0
13273,"Georgia","Terrell","soybeans",0
13273,"Georgia","Terrell","sunflower",0
13273,"Georgia","Terrell","wheat",0
13275,"Georgia","Thomas","corn",0
13275,"Georgia","Thomas","cotton",0
13275,"Georgia","Thomas","grain sorghum",0
13275,"Georgia","Thomas","oats",0
13275,"Georgia","Thomas","peanuts",0
13275,"Georgia","Thomas","soybeans",0
13275,"Georgia","Thomas","wheat",0
13277,"Georgia","Tift","corn",533.322870336562
13277,"Georgia","Tift","cotton",3138.75297006727
13277,"Georgia","Tift","dry peas",0.384304358247452
13277,"Georgia","Tift","grain sorghum",79.5264720918026
13277,"Georgia","Tift","oats",48.9780232600137
13277,"Georgia","Tift","peanuts",1929.69275602868
13277,"Georgia","Tift","sesame",0.476973494278753
13277,"Georgia","Tift","soybeans",39.9338562787119
13277,"Georgia","Tift","sunflower",1.09022512978001
13277,"Georgia","Tift","wheat",117.804548954661
13279,"Georgia","Toombs","corn",0
13279,"Georgia","Toombs","cotton",0
13279,"Georgia","Toombs","grain sorghum",0
13279,"Georgia","Toombs","oats",0
13279,"Georgia","Toombs","peanuts",0
13279,"Georgia","Toombs","soybeans",0
13279,"Georgia","Toombs","sunflower",0
13279,"Georgia","Toombs","wheat",0
13281,"Georgia","Towns","corn",0
13281,"Georgia","Towns","soybeans",0
13283,"Georgia","Treutlen","corn",0
13283,"Georgia","Treutlen","cotton",0
13283,"Georgia","Treutlen","grain sorghum",0
13283,"Georgia","Treutlen","oats",0
13283,"Georgia","Treutlen","peanuts",0
13283,"Georgia","Treutlen","soybeans",0
13283,"Georgia","Treutlen","wheat",0
13287,"Georgia","Turner","corn",87.9533162965153
13287,"Georgia","Turner","cotton",618.225716562237
13287,"Georgia","Turner","grain sorghum",30.3645997434661
13287,"Georgia","Turner","oats",23.9239139545925
13287,"Georgia","Turner","peanuts",389.283775470964
13287,"Georgia","Turner","sesame",1.56685996669379
13287,"Georgia","Turner","soybeans",4.02386747246128
13287,"Georgia","Turner","sunflower",0.942201434872874
13287,"Georgia","Turner","wheat",7.3813790982005
13289,"Georgia","Twiggs","corn",0
13289,"Georgia","Twiggs","cotton",0
13289,"Georgia","Twiggs","grain sorghum",0
13289,"Georgia","Twiggs","oats",0
13289,"Georgia","Twiggs","peanuts",0
13289,"Georgia","Twiggs","soybeans",0
13289,"Georgia","Twiggs","sunflower",0
13289,"Georgia","Twiggs","wheat",0
13291,"Georgia","Union","corn",0
13291,"Georgia","Union","grain sorghum",0
13291,"Georgia","Union","soybeans",0
13291,"Georgia","Union","wheat",0
13293,"Georgia","Upson","barley",0
13293,"Georgia","Upson","corn",0
13293,"Georgia","Upson","oats",0
13293,"Georgia","Upson","soybeans",0
13293,"Georgia","Upson","wheat",0
13295,"Georgia","Walker","corn",43.8694849521975
13295,"Georgia","Walker","cotton",5.20256511696711
13295,"Georgia","Walker","grain sorghum",0.0958289302873497
13295,"Georgia","Walker","soybeans",19.9016879992185
13295,"Georgia","Walker","sunflower",0.110699962299663
13295,"Georgia","Walker","wheat",6.83356637236243
13297,"Georgia","Walton","corn",0
13297,"Georgia","Walton","cotton",0
13297,"Georgia","Walton","grain sorghum",0
13297,"Georgia","Walton","oats",0
13297,"Georgia","Walton","soybeans",0
13297,"Georgia","Walton","wheat",0
13299,"Georgia","Ware","corn",42.9868121934943
13299,"Georgia","Ware","cotton",397.569707560782
13299,"Georgia","Ware","oats",4.94332087346724
13299,"Georgia","Ware","peanuts",323.309201310813
13299,"Georgia","Ware","soybeans",13.2408887122938
13299,"Georgia","Ware","sunflower",1.7673032888942
13299,"Georgia","Ware","wheat",32.2832660602558
13301,"Georgia","Warren","corn",0
13301,"Georgia","Warren","cotton",0
13301,"Georgia","Warren","grain sorghum",0
13301,"Georgia","Warren","oats",0
13301,"Georgia","Warren","peanuts",0
13301,"Georgia","Warren","sesame",0
13301,"Georgia","Warren","soybeans",0
13301,"Georgia","Warren","sunflower",0
13301,"Georgia","Warren","wheat",0
13303,"Georgia","Washington","canola",0
13303,"Georgia","Washington","corn",0
13303,"Georgia","Washington","cotton",0
13303,"Georgia","Washington","grain sorghum",0
13303,"Georgia","Washington","oats",0
13303,"Georgia","Washington","peanuts",0
13303,"Georgia","Washington","sesame",0
13303,"Georgia","Washington","soybeans",0
13303,"Georgia","Washington","sunflower",0
13303,"Georgia","Washington","wheat",0
13305,"Georgia","Wayne","corn",998.307602611744
13305,"Georgia","Wayne","cotton",2086.48253269607
13305,"Georgia","Wayne","grain sorghum",8.87645016545136
13305,"Georgia","Wayne","oats",13.9359105505049
13305,"Georgia","Wayne","peanuts",1150.91746827541
13305,"Georgia","Wayne","soybeans",65.310375334734
13305,"Georgia","Wayne","sunflower",1.78090681368809
13305,"Georgia","Wayne","wheat",84.4097535523969
13307,"Georgia","Webster","corn",0
13307,"Georgia","Webster","cotton",0
13307,"Georgia","Webster","grain sorghum",0
13307,"Georgia","Webster","oats",0
13307,"Georgia","Webster","peanuts",0
13307,"Georgia","Webster","soybeans",0
13307,"Georgia","Webster","sunflower",0
13307,"Georgia","Webster","wheat",0
13309,"Georgia","Wheeler","corn",0
13309,"Georgia","Wheeler","cotton",0
13309,"Georgia","Wheeler","grain sorghum",0
13309,"Georgia","Wheeler","oats",0
13309,"Georgia","Wheeler","peanuts",0
13309,"Georgia","Wheeler","soybeans",0
13309,"Georgia","Wheeler","sunflower",0
13309,"Georgia","Wheeler","wheat",0
13311,"Georgia","White","corn",35.5184857401797
13311,"Georgia","White","oats",0.886326012776681
13311,"Georgia","White","soybeans",3.27746732611901
13311,"Georgia","White","wheat",2.65658758759136
13313,"Georgia","Whitfield","corn",0
13313,"Georgia","Whitfield","soybeans",0
13315,"Georgia","Wilcox","corn",302.689270233353
13315,"Georgia","Wilcox","cotton",2701.54929236352
13315,"Georgia","Wilcox","grain sorghum",86.862425121067
13315,"Georgia","Wilcox","oats",156.813174548506
13315,"Georgia","Wilcox","peanuts",1526.41825612819
13315,"Georgia","Wilcox","soybeans",86.9879986593924
13315,"Georgia","Wilcox","sunflower",13.6613710291104
13315,"Georgia","Wilcox","wheat",218.745538583521
13317,"Georgia","Wilkes","corn",0
13317,"Georgia","Wilkes","cotton",0
13317,"Georgia","Wilkes","grain sorghum",0
13317,"Georgia","Wilkes","oats",0
13317,"Georgia","Wilkes","soybeans",0
13317,"Georgia","Wilkes","sunflower",0
13317,"Georgia","Wilkes","wheat",0
13319,"Georgia","Wilkinson","corn",0
13319,"Georgia","Wilkinson","cotton",0
13319,"Georgia","Wilkinson","oats",0
13319,"Georgia","Wilkinson","peanuts",0
13319,"Georgia","Wilkinson","soybeans",0
13319,"Georgia","Wilkinson","wheat",0
13321,"Georgia","Worth","corn",0
13321,"Georgia","Worth","cotton",0
13321,"Georgia","Worth","dry peas",0
13321,"Georgia","Worth","grain sorghum",0
13321,"Georgia","Worth","oats",0
13321,"Georgia","Worth","peanuts",0
13321,"Georgia","Worth","sesame",0
13321,"Georgia","Worth","soybeans",0
13321,"Georgia","Worth","sunflower",0
13321,"Georgia","Worth","wheat",0
14001,"Guam","Guam","corn",4.7164
15009,"Hawaii","Maui","corn",65.1407
16001,"Idaho","Ada","barley",0
16001,"Idaho","Ada","corn",0
16001,"Idaho","Ada","dry peas",0
16001,"Idaho","Ada","grain sorghum",0
16001,"Idaho","Ada","mustard",0
16001,"Idaho","Ada","oats",0
16001,"Idaho","Ada","sunflower",0
16001,"Idaho","Ada","wheat",0
16003,"Idaho","Adams","barley",0
16003,"Idaho","Adams","corn",0
16003,"Idaho","Adams","oats",0
16003,"Idaho","Adams","wheat",0
16005,"Idaho","Bannock","barley",0
16005,"Idaho","Bannock","canola",0
16005,"Idaho","Bannock","corn",0
16005,"Idaho","Bannock","dry peas",0
16005,"Idaho","Bannock","mustard",0
16005,"Idaho","Bannock","oats",0
16005,"Idaho","Bannock","safflower",0
16005,"Idaho","Bannock","wheat",0
16007,"Idaho","Bear Lake","barley",0
16007,"Idaho","Bear Lake","mustard",0
16007,"Idaho","Bear Lake","oats",0
16007,"Idaho","Bear Lake","safflower",0
16007,"Idaho","Bear Lake","wheat",0
16009,"Idaho","Benewah, South Shoshone","barley",1983.47979095144
16009,"Idaho","Benewah, South Shoshone","canola",1533.47713311968
16009,"Idaho","Benewah, South Shoshone","dry peas",9034.62788579099
16009,"Idaho","Benewah, South Shoshone","lentils",6344.90277650036
16009,"Idaho","Benewah, South Shoshone","oats",569.050852742912
16009,"Idaho","Benewah, South Shoshone","sunflower",18.3407021726336
16009,"Idaho","Benewah, South Shoshone","wheat",37178.5055253886
16011,"Idaho","Bingham","barley",4302.20167096559
16011,"Idaho","Bingham","canola",164.154247346886
16011,"Idaho","Bingham","corn",2209.41497575733
16011,"Idaho","Bingham","flaxseed",0.345155559248593
16011,"Idaho","Bingham","mustard",25.1898434561049
16011,"Idaho","Bingham","oats",141.550248558561
16011,"Idaho","Bingham","soybeans",0.868315872323504
16011,"Idaho","Bingham","wheat",24394.9007091506
16013,"Idaho","Blaine","barley",0
16013,"Idaho","Blaine","mustard",0
16013,"Idaho","Blaine","wheat",0
16015,"Idaho","Boise","wheat",205.75
16017,"Idaho","Bonner","barley",100.939509299833
16017,"Idaho","Bonner","canola",40.1379639733809
16017,"Idaho","Bonner","dry peas",12.3421983149724
16017,"Idaho","Bonner","oats",174.403113308669
16017,"Idaho","Bonner","wheat",86.5788817698113
16019,"Idaho","Bonneville","barley",0
16019,"Idaho","Bonneville","canola",0
16019,"Idaho","Bonneville","corn",0
16019,"Idaho","Bonneville","dry peas",0
16019,"Idaho","Bonneville","flaxseed",0
16019,"Idaho","Bonneville","mustard",0
16019,"Idaho","Bonneville","oats",0
16019,"Idaho","Bonneville","safflower",0
16019,"Idaho","Bonneville","wheat",0
16021,"Idaho","Boundary","barley",0
16021,"Idaho","Boundary","canola",0
16021,"Idaho","Boundary","corn",0
16021,"Idaho","Boundary","dry peas",0
16021,"Idaho","Boundary","mustard",0
16021,"Idaho","Boundary","oats",0
16021,"Idaho","Boundary","wheat",0
16023,"Idaho","Butte","barley",0
16023,"Idaho","Butte","corn",0
16023,"Idaho","Butte","oats",0
16023,"Idaho","Butte","wheat",0
16025,"Idaho","Camas","barley",0
16025,"Idaho","Camas","canola",0
16025,"Idaho","Camas","corn",0
16025,"Idaho","Camas","mustard",0
16025,"Idaho","Camas","oats",0
16025,"Idaho","Camas","wheat",0
16027,"Idaho","Canyon","barley",208.892977300953
16027,"Idaho","Canyon","corn",10836.8524719592
16027,"Idaho","Canyon","dry peas",10.6483379834151
16027,"Idaho","Canyon","grain sorghum",23.8704732309496
16027,"Idaho","Canyon","mustard",7.37273204669562
16027,"Idaho","Canyon","oats",105.082156718964
16027,"Idaho","Canyon","safflower",0.224459063731346
16027,"Idaho","Canyon","soybeans",1.79567250985077
16027,"Idaho","Canyon","sunflower",4.48992947150603
16027,"Idaho","Canyon","wheat",7909.40468971472
16029,"Idaho","Caribou","barley",0
16029,"Idaho","Caribou","canola",0
16029,"Idaho","Caribou","corn",0
16029,"Idaho","Caribou","dry peas",0
16029,"Idaho","Caribou","flaxseed",0
16029,"Idaho","Caribou","grain sorghum",0
16029,"Idaho","Caribou","mustard",0
16029,"Idaho","Caribou","oats",0
16029,"Idaho","Caribou","safflower",0
16029,"Idaho","Caribou","sunflower",0
16029,"Idaho","Caribou","wheat",0
16031,"Idaho","Cassia","barley",1747.06620795143
16031,"Idaho","Cassia","canola",42.9797750664299
16031,"Idaho","Cassia","corn",2098.9341827651
16031,"Idaho","Cassia","mustard",58.7260392514798
16031,"Idaho","Cassia","oats",137.327187881551
16031,"Idaho","Cassia","safflower",113.254824101477
16031,"Idaho","Cassia","wheat",3171.61244964919
16033,"Idaho","Clark","barley",0
16033,"Idaho","Clark","corn",0
16033,"Idaho","Clark","oats",0
16033,"Idaho","Clark","wheat",0
16035,"Idaho","Clearwater","barley",0
16035,"Idaho","Clearwater","canola",0
16035,"Idaho","Clearwater","dry peas",0
16035,"Idaho","Clearwater","lentils",0
16035,"Idaho","Clearwater","mustard",0
16035,"Idaho","Clearwater","oats",0
16035,"Idaho","Clearwater","wheat",0
16039,"Idaho","Elmore","barley",1708.55960955736
16039,"Idaho","Elmore","corn",13513.6839334162
16039,"Idaho","Elmore","dry peas",195.836135694885
16039,"Idaho","Elmore","oats",326.875107871634
16039,"Idaho","Elmore","safflower",339.342440942531
16039,"Idaho","Elmore","sunflower",657.233140394158
16039,"Idaho","Elmore","wheat",9443.10979878991
16041,"Idaho","Franklin","barley",0
16041,"Idaho","Franklin","canola",0
16041,"Idaho","Franklin","chickpeas_large",0
16041,"Idaho","Franklin","corn",0
16041,"Idaho","Franklin","dry peas",0
16041,"Idaho","Franklin","flaxseed",0
16041,"Idaho","Franklin","mustard",0
16041,"Idaho","Franklin","oats",0
16041,"Idaho","Franklin","rapeseed",0
16041,"Idaho","Franklin","safflower",0
16041,"Idaho","Franklin","wheat",0
16043,"Idaho","Fremont","barley",6647.33141264457
16043,"Idaho","Fremont","canola",38.9926689009842
16043,"Idaho","Fremont","corn",76.0297059481272
16043,"Idaho","Fremont","flaxseed",23.8796904986614
16043,"Idaho","Fremont","lentils",3.99659671978522
16043,"Idaho","Fremont","mustard",61.9670765330125
16043,"Idaho","Fremont","oats",34.3757513791001
16043,"Idaho","Fremont","wheat",3980.98559737578
16045,"Idaho","Gem","barley",0
16045,"Idaho","Gem","canola",0
16045,"Idaho","Gem","corn",0
16045,"Idaho","Gem","oats",0
16045,"Idaho","Gem","wheat",0
16047,"Idaho","Gooding","barley",693.006815414394
16047,"Idaho","Gooding","corn",13340.3855927989
16047,"Idaho","Gooding","oats",167.390484050117
16047,"Idaho","Gooding","wheat",1029.75910773654
16049,"Idaho","Idaho","barley",0
16049,"Idaho","Idaho","canola",0
16049,"Idaho","Idaho","corn",0
16049,"Idaho","Idaho","dry peas",0
16049,"Idaho","Idaho","grain sorghum",0
16049,"Idaho","Idaho","lentils",0
16049,"Idaho","Idaho","mustard",0
16049,"Idaho","Idaho","oats",0
16049,"Idaho","Idaho","sunflower",0
16049,"Idaho","Idaho","wheat",0
16051,"Idaho","Jefferson","barley",0
16051,"Idaho","Jefferson","canola",0
16051,"Idaho","Jefferson","corn",0
16051,"Idaho","Jefferson","dry peas",0
16051,"Idaho","Jefferson","grain sorghum",0
16051,"Idaho","Jefferson","mustard",0
16051,"Idaho","Jefferson","oats",0
16051,"Idaho","Jefferson","soybeans",0
16051,"Idaho","Jefferson","sunflower",0
16051,"Idaho","Jefferson","wheat",0
16053,"Idaho","Jerome","barley",8435.10314138104
16053,"Idaho","Jerome","canola",9.736144328186
16053,"Idaho","Jerome","corn",15107.5689475795
16053,"Idaho","Jerome","oats",245.832138550134
16053,"Idaho","Jerome","wheat",3073.8579281611
16055,"Idaho","Kootenai, North Shoshone","barley",501.480346026358
16055,"Idaho","Kootenai, North Shoshone","canola",1586.21708160064
16055,"Idaho","Kootenai, North Shoshone","corn",3.07969031590135
16055,"Idaho","Kootenai, North Shoshone","dry peas",914.665970695825
16055,"Idaho","Kootenai, North Shoshone","lentils",1045.14628999993
16055,"Idaho","Kootenai, North Shoshone","oats",578.677916611619
16055,"Idaho","Kootenai, North Shoshone","rapeseed",201.99688781997
16055,"Idaho","Kootenai, North Shoshone","wheat",10811.7538169298
16057,"Idaho","Latah","barley",0
16057,"Idaho","Latah","canola",0
16057,"Idaho","Latah","corn",0
16057,"Idaho","Latah","dry peas",0
16057,"Idaho","Latah","flaxseed",0
16057,"Idaho","Latah","lentils",0
16057,"Idaho","Latah","mustard",0
16057,"Idaho","Latah","oats",0
16057,"Idaho","Latah","rapeseed",0
16057,"Idaho","Latah","soybeans",0
16057,"Idaho","Latah","wheat",0
16059,"Idaho","Lemhi, North Custer","barley",1169.85776937486
16059,"Idaho","Lemhi, North Custer","corn",313.797374391476
16059,"Idaho","Lemhi, North Custer","oats",224.984475798514
16059,"Idaho","Lemhi, North Custer","wheat",2712.63438043515
16061,"Idaho","Lewis","barley",0
16061,"Idaho","Lewis","canola",0
16061,"Idaho","Lewis","corn",0
16061,"Idaho","Lewis","dry peas",0
16061,"Idaho","Lewis","flaxseed",0
16061,"Idaho","Lewis","lentils",0
16061,"Idaho","Lewis","mustard",0
16061,"Idaho","Lewis","oats",0
16061,"Idaho","Lewis","wheat",0
16063,"Idaho","Lincoln","barley",6.41997566418556
16063,"Idaho","Lincoln","corn",20.8973468230875
16063,"Idaho","Lincoln","oats",1.51608374825656
16063,"Idaho","Lincoln","wheat",7.34592709780023
16065,"Idaho","Madison","barley",9256.02310289828
16065,"Idaho","Madison","chickpeas_large",10.7242486044163
16065,"Idaho","Madison","chickpeas_small",34.5515613412025
16065,"Idaho","Madison","corn",172.189044639452
16065,"Idaho","Madison","dry peas",1.20898649260193
16065,"Idaho","Madison","lentils",83.4567781057052
16065,"Idaho","Madison","mustard",107.447573226511
16065,"Idaho","Madison","oats",34.5221932482648
16065,"Idaho","Madison","wheat",10040.0802114436
16067,"Idaho","Minidoka","barley",1656.3614874047
16067,"Idaho","Minidoka","canola",15.4776207879638
16067,"Idaho","Minidoka","chickpeas_large",0.906710873151051
16067,"Idaho","Minidoka","corn",408.794899073053
16067,"Idaho","Minidoka","dry peas",0.906379956773988
16067,"Idaho","Minidoka","oats",34.7420500452039
16067,"Idaho","Minidoka","wheat",860.06245185914
16069,"Idaho","Nez Perce","barley",0
16069,"Idaho","Nez Perce","canola",0
16069,"Idaho","Nez Perce","chickpeas_large",0
16069,"Idaho","Nez Perce","chickpeas_small",0
16069,"Idaho","Nez Perce","dry peas",0
16069,"Idaho","Nez Perce","flaxseed",0
16069,"Idaho","Nez Perce","lentils",0
16069,"Idaho","Nez Perce","mustard",0
16069,"Idaho","Nez Perce","oats",0
16069,"Idaho","Nez Perce","wheat",0
16071,"Idaho","Oneida","barley",0
16071,"Idaho","Oneida","canola",0
16071,"Idaho","Oneida","corn",0
16071,"Idaho","Oneida","mustard",0
16071,"Idaho","Oneida","oats",0
16071,"Idaho","Oneida","safflower",0
16071,"Idaho","Oneida","sunflower",0
16071,"Idaho","Oneida","wheat",0
16073,"Idaho","Owyhee","barley",45.1038425703895
16073,"Idaho","Owyhee","corn",3314.79390830391
16073,"Idaho","Owyhee","grain sorghum",15.8080964719239
16073,"Idaho","Owyhee","oats",65.2337817593892
16073,"Idaho","Owyhee","sunflower",274.661436841267
16073,"Idaho","Owyhee","wheat",1206.81910071979
16075,"Idaho","Payette","barley",0
16075,"Idaho","Payette","corn",0
16075,"Idaho","Payette","mustard",0
16075,"Idaho","Payette","oats",0
16075,"Idaho","Payette","sunflower",0
16075,"Idaho","Payette","wheat",0
16077,"Idaho","Power","barley",0
16077,"Idaho","Power","canola",0
16077,"Idaho","Power","chickpeas_small",0
16077,"Idaho","Power","corn",0
16077,"Idaho","Power","dry peas",0
16077,"Idaho","Power","flaxseed",0
16077,"Idaho","Power","grain sorghum",0
16077,"Idaho","Power","lentils",0
16077,"Idaho","Power","mustard",0
16077,"Idaho","Power","oats",0
16077,"Idaho","Power","rapeseed",0
16077,"Idaho","Power","safflower",0
16077,"Idaho","Power","sunflower",0
16077,"Idaho","Power","wheat",0
16037,"Idaho","South Custer","barley",1969.40371096163
16037,"Idaho","South Custer","corn",119.045644708926
16037,"Idaho","South Custer","oats",457.444368297636
16037,"Idaho","South Custer","wheat",215.645026031809
16081,"Idaho","Teton","barley",0
16081,"Idaho","Teton","dry peas",0
16081,"Idaho","Teton","mustard",0
16081,"Idaho","Teton","oats",0
16081,"Idaho","Teton","wheat",0
16083,"Idaho","Twin Falls","barley",5915.1183941141
16083,"Idaho","Twin Falls","chickpeas_small",3.48668747854699
16083,"Idaho","Twin Falls","corn",10704.3118509854
16083,"Idaho","Twin Falls","dry peas",3.46680898665106
16083,"Idaho","Twin Falls","grain sorghum",2.57824039890276
16083,"Idaho","Twin Falls","oats",276.481992383801
16083,"Idaho","Twin Falls","wheat",4406.11185898599
16085,"Idaho","Valley","corn",0
16085,"Idaho","Valley","oats",0
16085,"Idaho","Valley","wheat",0
16087,"Idaho","Washington","barley",0
16087,"Idaho","Washington","corn",0
16087,"Idaho","Washington","dry peas",0
16087,"Idaho","Washington","oats",0
16087,"Idaho","Washington","wheat",0
17001,"Illinois","Adams","barley",0.480462295097493
17001,"Illinois","Adams","corn",6915.45755488838
17001,"Illinois","Adams","grain sorghum",0.785171482648322
17001,"Illinois","Adams","oats",29.859962900637
17001,"Illinois","Adams","soybeans",6438.89190509659
17001,"Illinois","Adams","sunflower",0.402243033455621
17001,"Illinois","Adams","wheat",240.820866969749
17003,"Illinois","Alexander","corn",67.5679607080099
17003,"Illinois","Alexander","rice_long grain",16.9971953163197
17003,"Illinois","Alexander","rice_short/medium grain",4.09405001570241
17003,"Illinois","Alexander","soybeans",323.371464811694
17003,"Illinois","Alexander","wheat",14.727329148268
17005,"Illinois","Bond","barley",2.56594801783285
17005,"Illinois","Bond","corn",6420.76429727889
17005,"Illinois","Bond","grain sorghum",10.7955510355534
17005,"Illinois","Bond","oats",1.76830957149994
17005,"Illinois","Bond","soybeans",7367.86313840526
17005,"Illinois","Bond","sunflower",1.11275486957554
17005,"Illinois","Bond","wheat",1365.73033415473
17007,"Illinois","Boone","barley",0.0493841840193344
17007,"Illinois","Boone","corn",187.016107296921
17007,"Illinois","Boone","dry peas",0.622620596982224
17007,"Illinois","Boone","oats",0.515342954158685
17007,"Illinois","Boone","soybeans",129.575509817498
17007,"Illinois","Boone","sunflower",0.00536578153286999
17007,"Illinois","Boone","wheat",6.06196936890748
17009,"Illinois","Brown","corn",477.163494246542
17009,"Illinois","Brown","oats",0.224758604168072
17009,"Illinois","Brown","soybeans",468.228384351266
17009,"Illinois","Brown","sunflower",0.100759220037782
17009,"Illinois","Brown","wheat",10.4776035779928
17011,"Illinois","Bureau","barley",0
17011,"Illinois","Bureau","corn",0
17011,"Illinois","Bureau","dry peas",0
17011,"Illinois","Bureau","grain sorghum",0
17011,"Illinois","Bureau","oats",0
17011,"Illinois","Bureau","soybeans",0
17011,"Illinois","Bureau","sunflower",0
17011,"Illinois","Bureau","wheat",0
17013,"Illinois","Calhoun","corn",0
17013,"Illinois","Calhoun","grain sorghum",0
17013,"Illinois","Calhoun","oats",0
17013,"Illinois","Calhoun","soybeans",0
17013,"Illinois","Calhoun","sunflower",0
17013,"Illinois","Calhoun","wheat",0
17015,"Illinois","Carroll","barley",0.0719039696633415
17015,"Illinois","Carroll","corn",4320.80985748866
17015,"Illinois","Carroll","grain sorghum",0.156750653866084
17015,"Illinois","Carroll","oats",21.1635816757749
17015,"Illinois","Carroll","soybeans",1578.0796434992
17015,"Illinois","Carroll","wheat",44.8572627128877
17017,"Illinois","Cass","barley",1.57887806027087
17017,"Illinois","Cass","corn",2470.72739090242
17017,"Illinois","Cass","oats",0.442121835866962
17017,"Illinois","Cass","soybeans",1832.76710917608
17017,"Illinois","Cass","sunflower",5.25850944699328
17017,"Illinois","Cass","wheat",28.6958239117433
17019,"Illinois","Champaign","barley",0.33879296442198
17019,"Illinois","Champaign","corn",3153.1740036437
17019,"Illinois","Champaign","flaxseed",0.0495722398258849
17019,"Illinois","Champaign","grain sorghum",0.152120186689581
17019,"Illinois","Champaign","oats",2.16712075298532
17019,"Illinois","Champaign","soybeans",3028.2106762117
17019,"Illinois","Champaign","sunflower",0.555258411661677
17019,"Illinois","Champaign","wheat",41.7973889223272
17021,"Illinois","Christian","barley",0.00849512749912349
17021,"Illinois","Christian","corn",534.580494108165
17021,"Illinois","Christian","grain sorghum",0.109190705455401
17021,"Illinois","Christian","oats",0.590207478129104
17021,"Illinois","Christian","soybeans",500.210431545071
17021,"Illinois","Christian","sunflower",0.0839035425996764
17021,"Illinois","Christian","wheat",6.83011082638695
17023,"Illinois","Clark","barley",0
17023,"Illinois","Clark","corn",0
17023,"Illinois","Clark","grain sorghum",0
17023,"Illinois","Clark","oats",0
17023,"Illinois","Clark","soybeans",0
17023,"Illinois","Clark","sunflower",0
17023,"Illinois","Clark","wheat",0
17025,"Illinois","Clay","barley",2.56097042248534
17025,"Illinois","Clay","corn",4687.0221412614
17025,"Illinois","Clay","grain sorghum",7.32095232903049
17025,"Illinois","Clay","oats",0.859890192599347
17025,"Illinois","Clay","soybeans",7092.81639290908
17025,"Illinois","Clay","wheat",1054.8146528854
17027,"Illinois","Clinton","barley",5.34686317851336
17027,"Illinois","Clinton","corn",7801.57273943916
17027,"Illinois","Clinton","grain sorghum",12.8607777506293
17027,"Illinois","Clinton","oats",3.08583390393437
17027,"Illinois","Clinton","soybeans",8542.41316736579
17027,"Illinois","Clinton","sunflower",0.710245190664127
17027,"Illinois","Clinton","wheat",2627.81720650464
17029,"Illinois","Coles","barley",0.515728248249236
17029,"Illinois","Coles","corn",780.324248954862
17029,"Illinois","Coles","oats",0.0321033325620076
17029,"Illinois","Coles","soybeans",789.442872280784
17029,"Illinois","Coles","wheat",8.08404718354767
17031,"Illinois","Cook","corn",0
17031,"Illinois","Cook","oats",0
17031,"Illinois","Cook","soybeans",0
17031,"Illinois","Cook","sunflower",0
17031,"Illinois","Cook","wheat",0
17033,"Illinois","Crawford","corn",1203.02134015275
17033,"Illinois","Crawford","grain sorghum",5.12408052524472
17033,"Illinois","Crawford","oats",0.224146128635308
17033,"Illinois","Crawford","soybeans",1374.70199819668
17033,"Illinois","Crawford","sunflower",0.0671377518495209
17033,"Illinois","Crawford","wheat",92.2306305781423
17035,"Illinois","Cumberland","barley",0.148965511061908
17035,"Illinois","Cumberland","corn",939.96602886987
17035,"Illinois","Cumberland","grain sorghum",0.758651554736087
17035,"Illinois","Cumberland","oats",0.271921643892407
17035,"Illinois","Cumberland","soybeans",1078.25950175379
17035,"Illinois","Cumberland","sunflower",0.0619696526017539
17035,"Illinois","Cumberland","wheat",33.1882943474025
17037,"Illinois","DeKalb","barley",0.149049389072872
17037,"Illinois","DeKalb","corn",1863.83736792753
17037,"Illinois","DeKalb","dry peas",1.28656313706764
17037,"Illinois","DeKalb","mustard",0.285083197691493
17037,"Illinois","DeKalb","oats",36.5786994063859
17037,"Illinois","DeKalb","soybeans",1182.33053309245
17037,"Illinois","DeKalb","sunflower",0.00638783096026593
17037,"Illinois","DeKalb","wheat",51.2626493522646
17039,"Illinois","DeWitt","corn",97020.4464416058
17039,"Illinois","DeWitt","oats",29.9134132464519
17039,"Illinois","DeWitt","soybeans",94636.3124018695
17039,"Illinois","DeWitt","wheat",681.335743278212
17041,"Illinois","Douglas","barley",0.276419602026014
17041,"Illinois","Douglas","corn",971.829009581758
17041,"Illinois","Douglas","oats",0.262629750258275
17041,"Illinois","Douglas","soybeans",969.256673045404
17041,"Illinois","Douglas","wheat",11.5579346872137
17043,"Illinois","DuPage","corn",0
17043,"Illinois","DuPage","soybeans",0
17043,"Illinois","DuPage","wheat",0
17045,"Illinois","Edgar","barley",0.360342087072256
17045,"Illinois","Edgar","corn",1146.93301670257
17045,"Illinois","Edgar","grain sorghum",1.66435876993773
17045,"Illinois","Edgar","oats",0.34758585392742
17045,"Illinois","Edgar","soybeans",1167.74193017628
17045,"Illinois","Edgar","sunflower",0.200788842838202
17045,"Illinois","Edgar","wheat",8.89897756737688
17047,"Illinois","Edwards","canola",24.5384288247685
17047,"Illinois","Edwards","corn",2708.6522361204
17047,"Illinois","Edwards","grain sorghum",8.5475104502298
17047,"Illinois","Edwards","oats",2.77554342933776
17047,"Illinois","Edwards","soybeans",3215.11583210993
17047,"Illinois","Edwards","wheat",439.25994906532
17049,"Illinois","Effingham","barley",0.416648195541898
17049,"Illinois","Effingham","corn",2011.45677635605
17049,"Illinois","Effingham","grain sorghum",0.43944946492889
17049,"Illinois","Effingham","oats",0.481301794922117
17049,"Illinois","Effingham","soybeans",2326.44609736862
17049,"Illinois","Effingham","sunflower",0.123891897281027
17049,"Illinois","Effingham","wheat",167.288668256016
17051,"Illinois","Fayette","corn",3904.36697230836
17051,"Illinois","Fayette","grain sorghum",8.94092055814717
17051,"Illinois","Fayette","oats",0.955352869167116
17051,"Illinois","Fayette","rice_short/medium grain",0.126867513882473
17051,"Illinois","Fayette","soybeans",5000.07782594319
17051,"Illinois","Fayette","sunflower",0.492826305257289
17051,"Illinois","Fayette","wheat",416.565567835333
17053,"Illinois","Ford","barley",0.145332496196281
17053,"Illinois","Ford","corn",1207.1708483951
17053,"Illinois","Ford","dry peas",0.704065327967814
17053,"Illinois","Ford","oats",0.912742746644129
17053,"Illinois","Ford","soybeans",1180.52167959947
17053,"Illinois","Ford","sunflower",0.384197160007284
17053,"Illinois","Ford","wheat",17.3968009412334
17055,"Illinois","Franklin","corn",6254.72139989488
17055,"Illinois","Franklin","grain sorghum",93.9455509208323
17055,"Illinois","Franklin","soybeans",14355.7647947344
17055,"Illinois","Franklin","sunflower",2.12789526429334
17055,"Illinois","Franklin","wheat",3430.10814585222
17057,"Illinois","Fulton","barley",0.285187402521746
17057,"Illinois","Fulton","corn",2436.27344216046
17057,"Illinois","Fulton","oats",1.70065417444574
17057,"Illinois","Fulton","soybeans",2286.14568500881
17057,"Illinois","Fulton","sunflower",0.390058684218862
17057,"Illinois","Fulton","wheat",22.3454525694842
17059,"Illinois","Gallatin","canola",18.126101178554
17059,"Illinois","Gallatin","corn",2853.52494876096
17059,"Illinois","Gallatin","grain sorghum",6.37487846062579
17059,"Illinois","Gallatin","soybeans",3540.45770842023
17059,"Illinois","Gallatin","sunflower",0.11152305736115
17059,"Illinois","Gallatin","wheat",295.487506788897
17061,"Illinois","Greene","corn",4139.88319362953
17061,"Illinois","Greene","grain sorghum",5.30598816926299
17061,"Illinois","Greene","oats",2.4293351716214
17061,"Illinois","Greene","soybeans",4156.89262343345
17061,"Illinois","Greene","sunflower",0.281972757775185
17061,"Illinois","Greene","wheat",94.8473868383717
17063,"Illinois","Grundy","canola",0
17063,"Illinois","Grundy","corn",0
17063,"Illinois","Grundy","dry peas",0
17063,"Illinois","Grundy","grain sorghum",0
17063,"Illinois","Grundy","oats",0
17063,"Illinois","Grundy","soybeans",0
17063,"Illinois","Grundy","sunflower",0
17063,"Illinois","Grundy","wheat",0
17065,"Illinois","Hamilton","barley",2.24840583491107
17065,"Illinois","Hamilton","corn",5927.69681311831
17065,"Illinois","Hamilton","grain sorghum",29.5700434170799
17065,"Illinois","Hamilton","oats",15.5531926561738
17065,"Illinois","Hamilton","soybeans",7813.61226652615
17065,"Illinois","Hamilton","sunflower",0.249387399486925
17065,"Illinois","Hamilton","wheat",1574.00372438126
17067,"Illinois","Hancock","corn",5372.12430627289
17067,"Illinois","Hancock","oats",3.35199966297488
17067,"Illinois","Hancock","soybeans",5117.45285760932
17067,"Illinois","Hancock","sunflower",0.0638881765497119
17067,"Illinois","Hancock","wheat",69.4652816115822
17069,"Illinois","Hardin","corn",156.488619349621
17069,"Illinois","Hardin","grain sorghum",21.4073219714542
17069,"Illinois","Hardin","soybeans",466.872000834548
17069,"Illinois","Hardin","wheat",11.9720578443747
17071,"Illinois","Henderson","corn",1738.68140077457
17071,"Illinois","Henderson","dry peas",2.69035295606528
17071,"Illinois","Henderson","oats",2.45792122760714
17071,"Illinois","Henderson","soybeans",1066.05137130136
17071,"Illinois","Henderson","wheat",9.6287870737694
17073,"Illinois","Henry","barley",0.340152218471827
17073,"Illinois","Henry","corn",4090.60992483082
17073,"Illinois","Henry","dry peas",3.28354307315357
17073,"Illinois","Henry","grain sorghum",0.61346750980533
17073,"Illinois","Henry","oats",9.01747111718482
17073,"Illinois","Henry","soybeans",3184.06595072195
17073,"Illinois","Henry","sunflower",0.549184708096935
17073,"Illinois","Henry","wheat",21.3274724871902
17075,"Illinois","Iroquois","barley",0.0722145627401483
17075,"Illinois","Iroquois","corn",5666.19031536773
17075,"Illinois","Iroquois","grain sorghum",0.36017013166649
17075,"Illinois","Iroquois","oats",6.16759305266648
17075,"Illinois","Iroquois","soybeans",5192.72461935394
17075,"Illinois","Iroquois","sunflower",0.852998415086632
17075,"Illinois","Iroquois","wheat",118.766055782923
17077,"Illinois","Jackson","corn",5126.82442769396
17077,"Illinois","Jackson","grain sorghum",46.1508311607449
17077,"Illinois","Jackson","soybeans",13916.0555426106
17077,"Illinois","Jackson","sunflower",6.28856940744914
17077,"Illinois","Jackson","wheat",2894.84779579386
17079,"Illinois","Jasper","barley",3.11412137881819
17079,"Illinois","Jasper","corn",1619.9280854675
17079,"Illinois","Jasper","grain sorghum",0.392446156776238
17079,"Illinois","Jasper","oats",0.0767317201353837
17079,"Illinois","Jasper","soybeans",1973.51011388472
17079,"Illinois","Jasper","sunflower",0.0166325982952421
17079,"Illinois","Jasper","wheat",105.257535460431
17081,"Illinois","Jefferson","barley",14.2419502373817
17081,"Illinois","Jefferson","corn",7677.53026486947
17081,"Illinois","Jefferson","grain sorghum",132.948750901331
17081,"Illinois","Jefferson","oats",3.36185345816298
17081,"Illinois","Jefferson","soybeans",15867.6779658259
17081,"Illinois","Jefferson","sunflower",2.47508040914618
17081,"Illinois","Jefferson","wheat",3666.31613429865
17083,"Illinois","Jersey","corn",0
17083,"Illinois","Jersey","grain sorghum",0
17083,"Illinois","Jersey","oats",0
17083,"Illinois","Jersey","soybeans",0
17083,"Illinois","Jersey","wheat",0
17085,"Illinois","Jo Daviess","barley",6.13004486637373
17085,"Illinois","Jo Daviess","corn",8786.75628475913
17085,"Illinois","Jo Daviess","dry peas",1.85205233410336
17085,"Illinois","Jo Daviess","grain sorghum",1.92789068399122
17085,"Illinois","Jo Daviess","oats",298.465329626712
17085,"Illinois","Jo Daviess","soybeans",4010.86751160959
17085,"Illinois","Jo Daviess","sunflower",0.061202878856864
17085,"Illinois","Jo Daviess","wheat",74.1441832412357
17087,"Illinois","Johnson","corn",1067.53352681778
17087,"Illinois","Johnson","grain sorghum",44.8962890261967
17087,"Illinois","Johnson","soybeans",3335.96899553886
17087,"Illinois","Johnson","sunflower",2.49732883784348
17087,"Illinois","Johnson","wheat",269.773026445985
17089,"Illinois","Kane","barley",0
17089,"Illinois","Kane","corn",0
17089,"Illinois","Kane","dry peas",0
17089,"Illinois","Kane","grain sorghum",0
17089,"Illinois","Kane","mustard",0
17089,"Illinois","Kane","oats",0
17089,"Illinois","Kane","soybeans",0
17089,"Illinois","Kane","sunflower",0
17089,"Illinois","Kane","wheat",0
17091,"Illinois","Kankakee","barley",0.216632612890637
17091,"Illinois","Kankakee","corn",2390.52674498187
17091,"Illinois","Kankakee","oats",1.93159658753752
17091,"Illinois","Kankakee","soybeans",1804.83909833936
17091,"Illinois","Kankakee","sunflower",0.0915391503479832
17091,"Illinois","Kankakee","wheat",62.7141949945738
17093,"Illinois","Kendall","corn",0
17093,"Illinois","Kendall","grain sorghum",0
17093,"Illinois","Kendall","oats",0
17093,"Illinois","Kendall","soybeans",0
17093,"Illinois","Kendall","sunflower",0
17093,"Illinois","Kendall","wheat",0
17095,"Illinois","Knox","corn",5066.31938015619
17095,"Illinois","Knox","grain sorghum",8.12349275674826
17095,"Illinois","Knox","oats",6.008962757227
17095,"Illinois","Knox","soybeans",4353.31561108249
17095,"Illinois","Knox","sunflower",0.957367994238454
17095,"Illinois","Knox","wheat",18.8796852530017
17099,"Illinois","La Salle","barley",0.227107014149306
17099,"Illinois","La Salle","canola",0.490851457358071
17099,"Illinois","La Salle","corn",4131.82506602702
17099,"Illinois","La Salle","grain sorghum",0.486459470472869
17099,"Illinois","La Salle","oats",4.70235395842236
17099,"Illinois","La Salle","soybeans",3739.87966380198
17099,"Illinois","La Salle","sunflower",2.00214540606073
17099,"Illinois","La Salle","wheat",50.4005195310803
17097,"Illinois","Lake","barley",0
17097,"Illinois","Lake","corn",0
17097,"Illinois","Lake","oats",0
17097,"Illinois","Lake","soybeans",0
17097,"Illinois","Lake","sunflower",0
17097,"Illinois","Lake","wheat",0
17101,"Illinois","Lawrence","barley",0.483640836791116
17101,"Illinois","Lawrence","canola",3.42966267785256
17101,"Illinois","Lawrence","corn",1750.12380340217
17101,"Illinois","Lawrence","grain sorghum",4.62468142198721
17101,"Illinois","Lawrence","soybeans",2036.87986640156
17101,"Illinois","Lawrence","wheat",212.861845259655
17103,"Illinois","Lee","corn",3210.75846140081
17103,"Illinois","Lee","dry peas",0.491031465413665
17103,"Illinois","Lee","oats",6.58003285351914
17103,"Illinois","Lee","soybeans",1841.40988826828
17103,"Illinois","Lee","sunflower",0.139115181031264
17103,"Illinois","Lee","wheat",18.1309708309809
17105,"Illinois","Livingston","corn",2627.02057872277
17105,"Illinois","Livingston","cotton",0.710121275816235
17105,"Illinois","Livingston","oats",7.36824717652665
17105,"Illinois","Livingston","soybeans",2544.03488090861
17105,"Illinois","Livingston","sunflower",0.104957180763526
17105,"Illinois","Livingston","wheat",48.9928814023161
17107,"Illinois","Logan","barley",0.202210310611035
17107,"Illinois","Logan","canola",0.00926154094401687
17107,"Illinois","Logan","corn",1927.68107875004
17107,"Illinois","Logan","oats",2.99374165714821
17107,"Illinois","Logan","soybeans",1612.46300971147
17107,"Illinois","Logan","wheat",15.3530313631146
17115,"Illinois","Macon","corn",643.762038478195
17115,"Illinois","Macon","grain sorghum",0.074931827083846
17115,"Illinois","Macon","oats",0.0727804996882514
17115,"Illinois","Macon","soybeans",606.233836715534
17115,"Illinois","Macon","sunflower",0.986572003957142
17115,"Illinois","Macon","wheat",9.96534047553833
17117,"Illinois","Macoupin","corn",5395.57660950154
17117,"Illinois","Macoupin","grain sorghum",1.1700668500152
17117,"Illinois","Macoupin","oats",1.79774393595077
17117,"Illinois","Macoupin","soybeans",5382.18277209406
17117,"Illinois","Macoupin","sunflower",0.389103821111395
17117,"Illinois","Macoupin","wheat",297.344603797336
17119,"Illinois","Madison","corn",0
17119,"Illinois","Madison","grain sorghum",0
17119,"Illinois","Madison","oats",0
17119,"Illinois","Madison","soybeans",0
17119,"Illinois","Madison","sunflower",0
17119,"Illinois","Madison","wheat",0
17121,"Illinois","Marion","corn",7104.34226832255
17121,"Illinois","Marion","grain sorghum",10.8349487828773
17121,"Illinois","Marion","oats",2.07445964307202
17121,"Illinois","Marion","soybeans",8927.48062177736
17121,"Illinois","Marion","wheat",1865.64570147416
17123,"Illinois","Marshall","corn",1440.26401879672
17123,"Illinois","Marshall","oats",5.75718505961956
17123,"Illinois","Marshall","soybeans",1252.17563229043
17123,"Illinois","Marshall","sunflower",0.122387403218713
17123,"Illinois","Marshall","wheat",10.9896097833872
17125,"Illinois","Mason","corn",10052.5244712202
17125,"Illinois","Mason","grain sorghum",3.98852114717017
17125,"Illinois","Mason","oats",14.5263115781851
17125,"Illinois","Mason","soybeans",6543.37990713603
17125,"Illinois","Mason","sunflower",1.68009367556015
17125,"Illinois","Mason","wheat",173.702361909513
17127,"Illinois","Massac","corn",1548.77979701117
17127,"Illinois","Massac","grain sorghum",4.41608373995281
17127,"Illinois","Massac","oats",1.09712355575858
17127,"Illinois","Massac","soybeans",2346.36373278134
17127,"Illinois","Massac","sunflower",0.255232382045923
17127,"Illinois","Massac","wheat",247.259363863079
17109,"Illinois","McDonough","corn",2947.367811522
17109,"Illinois","McDonough","grain sorghum",0.432302060596674
17109,"Illinois","McDonough","oats",4.46550314623909
17109,"Illinois","McDonough","soybeans",2650.73413165779
17109,"Illinois","McDonough","sunflower",0.307645050239289
17109,"Illinois","McDonough","wheat",8.14693989643072
17111,"Illinois","McHenry","barley",0
17111,"Illinois","McHenry","corn",0
17111,"Illinois","McHenry","dry peas",0
17111,"Illinois","McHenry","grain sorghum",0
17111,"Illinois","McHenry","mustard",0
17111,"Illinois","McHenry","oats",0
17111,"Illinois","McHenry","soybeans",0
17111,"Illinois","McHenry","sunflower",0
17111,"Illinois","McHenry","wheat",0
17113,"Illinois","McLean","barley",0.044103257636081
17113,"Illinois","McLean","corn",791.962707613482
17113,"Illinois","McLean","grain sorghum",0.050134584177236
17113,"Illinois","McLean","oats",0.687618324987864
17113,"Illinois","McLean","soybeans",764.275909667879
17113,"Illinois","McLean","sunflower",0.035334938660198
17113,"Illinois","McLean","wheat",4.00549161300449
17129,"Illinois","Menard","barley",0
17129,"Illinois","Menard","corn",0
17129,"Illinois","Menard","grain sorghum",0
17129,"Illinois","Menard","oats",0
17129,"Illinois","Menard","soybeans",0
17129,"Illinois","Menard","sunflower",0
17129,"Illinois","Menard","wheat",0
17131,"Illinois","Mercer","barley",0.0652404119351144
17131,"Illinois","Mercer","corn",5969.17183795216
17131,"Illinois","Mercer","oats",15.1637854524707
17131,"Illinois","Mercer","soybeans",4476.71934391013
17131,"Illinois","Mercer","sunflower",0.0439285440363104
17131,"Illinois","Mercer","wheat",12.1203637293056
17133,"Illinois","Monroe","barley",1.43112936708721
17133,"Illinois","Monroe","corn",1546.08101511218
17133,"Illinois","Monroe","grain sorghum",14.9176273433235
17133,"Illinois","Monroe","oats",0.358570575545988
17133,"Illinois","Monroe","soybeans",2584.28066975791
17133,"Illinois","Monroe","sunflower",0.160981590035865
17133,"Illinois","Monroe","wheat",753.488126253916
17135,"Illinois","Montgomery","corn",2541.41956009095
17135,"Illinois","Montgomery","grain sorghum",3.54658279460199
17135,"Illinois","Montgomery","oats",1.04015051977844
17135,"Illinois","Montgomery","soybeans",2542.61624315019
17135,"Illinois","Montgomery","sunflower",0.249472785123524
17135,"Illinois","Montgomery","wheat",142.060237326048
17137,"Illinois","Morgan","corn",2566.18075777701
17137,"Illinois","Morgan","grain sorghum",0.142583098238333
17137,"Illinois","Morgan","oats",0.4903819512286
17137,"Illinois","Morgan","soybeans",2393.55095584165
17137,"Illinois","Morgan","sunflower",0.0780839693186446
17137,"Illinois","Morgan","wheat",32.5462373624946
17139,"Illinois","Moultrie","barley",0.313165937941679
17139,"Illinois","Moultrie","corn",551.001221000761
17139,"Illinois","Moultrie","grain sorghum",0.0145106373940963
17139,"Illinois","Moultrie","oats",0.375535295759213
17139,"Illinois","Moultrie","soybeans",527.415393533603
17139,"Illinois","Moultrie","sunflower",0.288511045860255
17139,"Illinois","Moultrie","wheat",6.90466254867556
17141,"Illinois","Ogle","corn",0
17141,"Illinois","Ogle","dry peas",0
17141,"Illinois","Ogle","oats",0
17141,"Illinois","Ogle","soybeans",0
17141,"Illinois","Ogle","sunflower",0
17141,"Illinois","Ogle","wheat",0
17143,"Illinois","Peoria","corn",0
17143,"Illinois","Peoria","dry peas",0
17143,"Illinois","Peoria","oats",0
17143,"Illinois","Peoria","soybeans",0
17143,"Illinois","Peoria","sunflower",0
17143,"Illinois","Peoria","wheat",0
17145,"Illinois","Perry","barley",2.1166620635492
17145,"Illinois","Perry","corn",6716.70011443456
17145,"Illinois","Perry","grain sorghum",33.5590536269175
17145,"Illinois","Perry","oats",0.644886884629074
17145,"Illinois","Perry","soybeans",13584.6849596752
17145,"Illinois","Perry","sunflower",4.14561951078886
17145,"Illinois","Perry","wheat",4736.18370380431
17147,"Illinois","Piatt","corn",67.9195777833636
17147,"Illinois","Piatt","oats",0.0554316462190886
17147,"Illinois","Piatt","soybeans",64.2239722144907
17147,"Illinois","Piatt","sunflower",0.0862557771066972
17147,"Illinois","Piatt","wheat",0.796762578756593
17149,"Illinois","Pike","corn",9851.66465544571
17149,"Illinois","Pike","grain sorghum",2.79481876831971
17149,"Illinois","Pike","oats",5.51347985657742
17149,"Illinois","Pike","soybeans",8474.3162903339
17149,"Illinois","Pike","sunflower",0.182959452101429
17149,"Illinois","Pike","wheat",193.49429614342
17151,"Illinois","Pope","corn",0
17151,"Illinois","Pope","grain sorghum",0
17151,"Illinois","Pope","soybeans",0
17151,"Illinois","Pope","wheat",0
17153,"Illinois","Pulaski","corn",1866.27545423731
17153,"Illinois","Pulaski","soybeans",5136.00015008637
17153,"Illinois","Pulaski","wheat",670.776229009661
17155,"Illinois","Putnam","corn",0
17155,"Illinois","Putnam","dry peas",0
17155,"Illinois","Putnam","oats",0
17155,"Illinois","Putnam","soybeans",0
17155,"Illinois","Putnam","sunflower",0
17155,"Illinois","Putnam","wheat",0
17157,"Illinois","Randolph","barley",2.7240417890106
17157,"Illinois","Randolph","corn",4427.5284858372
17157,"Illinois","Randolph","grain sorghum",17.4649258781991
17157,"Illinois","Randolph","oats",0.549669185561326
17157,"Illinois","Randolph","soybeans",8056.7185769902
17157,"Illinois","Randolph","sunflower",0.519818898813298
17157,"Illinois","Randolph","wheat",2386.97998142102
17159,"Illinois","Richland","barley",0.955381426825846
17159,"Illinois","Richland","corn",1583.03168532786
17159,"Illinois","Richland","grain sorghum",2.90759733654992
17159,"Illinois","Richland","soybeans",1890.328477372
17159,"Illinois","Richland","wheat",232.069858536798
17161,"Illinois","Rock Island","barley",0.107844030352598
17161,"Illinois","Rock Island","corn",191.018706588998
17161,"Illinois","Rock Island","oats",0.874437490978317
17161,"Illinois","Rock Island","soybeans",136.831701385374
17161,"Illinois","Rock Island","sunflower",0.0836820772515233
17161,"Illinois","Rock Island","wheat",1.03329509368386
17165,"Illinois","Saline","corn",1243.36624949696
17165,"Illinois","Saline","grain sorghum",7.99330385988414
17165,"Illinois","Saline","oats",0.271979433183189
17165,"Illinois","Saline","soybeans",1553.47728957105
17165,"Illinois","Saline","sunflower",0.0468961215355731
17165,"Illinois","Saline","wheat",72.1131148507154
17167,"Illinois","Sangamon","barley",0.446340163762657
17167,"Illinois","Sangamon","corn",2627.23614829923
17167,"Illinois","Sangamon","oats",2.97350711695679
17167,"Illinois","Sangamon","soybeans",2250.63955365803
17167,"Illinois","Sangamon","sunflower",0.0688854798196066
17167,"Illinois","Sangamon","wheat",22.4904486154047
17169,"Illinois","Schuyler","corn",0
17169,"Illinois","Schuyler","grain sorghum",0
17169,"Illinois","Schuyler","oats",0
17169,"Illinois","Schuyler","soybeans",0
17169,"Illinois","Schuyler","sunflower",0
17169,"Illinois","Schuyler","wheat",0
17171,"Illinois","Scott","corn",1729.82487981894
17171,"Illinois","Scott","oats",0.706720531294242
17171,"Illinois","Scott","soybeans",1681.08169705467
17171,"Illinois","Scott","sunflower",0.119288634828616
17171,"Illinois","Scott","wheat",16.1674139602643
17173,"Illinois","Shelby","corn",4205.86126389484
17173,"Illinois","Shelby","grain sorghum",0.0322852945385192
17173,"Illinois","Shelby","oats",1.87244619168868
17173,"Illinois","Shelby","soybeans",4315.19253844049
17173,"Illinois","Shelby","sunflower",0.285943455014333
17173,"Illinois","Shelby","wheat",190.004356056866
17163,"Illinois","St. Clair","barley",0
17163,"Illinois","St. Clair","corn",0
17163,"Illinois","St. Clair","grain sorghum",0
17163,"Illinois","St. Clair","oats",0
17163,"Illinois","St. Clair","soybeans",0
17163,"Illinois","St. Clair","sunflower",0
17163,"Illinois","St. Clair","wheat",0
17175,"Illinois","Stark","corn",0
17175,"Illinois","Stark","oats",0
17175,"Illinois","Stark","soybeans",0
17175,"Illinois","Stark","wheat",0
17177,"Illinois","Stephenson","barley",1.75736146526348
17177,"Illinois","Stephenson","corn",12577.1470486835
17177,"Illinois","Stephenson","dry peas",3.76993898142489
17177,"Illinois","Stephenson","oats",100.592947334886
17177,"Illinois","Stephenson","soybeans",6445.05904189355
17177,"Illinois","Stephenson","wheat",222.982161641403
17179,"Illinois","Tazewell","corn",3029.45671534533
17179,"Illinois","Tazewell","dry peas",1.85819755011958
17179,"Illinois","Tazewell","grain sorghum",6.55201524101791
17179,"Illinois","Tazewell","oats",3.34069745763453
17179,"Illinois","Tazewell","soybeans",2598.4463412108
17179,"Illinois","Tazewell","sunflower",2.03133030116866
17179,"Illinois","Tazewell","wheat",66.309202894019
17181,"Illinois","Union","corn",1943.74225121904
17181,"Illinois","Union","cotton",106.937836658074
17181,"Illinois","Union","oats",0.360951293850384
17181,"Illinois","Union","rice_long grain",76.6088688049135
17181,"Illinois","Union","soybeans",4754.17923370353
17181,"Illinois","Union","wheat",456.174491653925
17183,"Illinois","Vermilion","barley",0.047453002510203
17183,"Illinois","Vermilion","corn",1081.10837525268
17183,"Illinois","Vermilion","dry peas",0.5666030150472
17183,"Illinois","Vermilion","grain sorghum",0.590956826783246
17183,"Illinois","Vermilion","oats",0.999032412549026
17183,"Illinois","Vermilion","soybeans",1053.57697286496
17183,"Illinois","Vermilion","sunflower",0.0484647936085015
17183,"Illinois","Vermilion","wheat",20.2126418319094
17185,"Illinois","Wabash","corn",654.071503459312
17185,"Illinois","Wabash","grain sorghum",0.731374683400369
17185,"Illinois","Wabash","oats",0.71415885476287
17185,"Illinois","Wabash","soybeans",726.713212035048
17185,"Illinois","Wabash","wheat",61.827250967472
17187,"Illinois","Warren","corn",3569.56054481587
17187,"Illinois","Warren","grain sorghum",1.53685937967329
17187,"Illinois","Warren","oats",5.50623745454068
17187,"Illinois","Warren","soybeans",2843.52977549982
17187,"Illinois","Warren","sunflower",0.553152041400875
17187,"Illinois","Warren","wheat",4.5960974753098
17189,"Illinois","Washington","barley",7.16604065652486
17189,"Illinois","Washington","corn",7640.92512224993
17189,"Illinois","Washington","grain sorghum",7.7152671804201
17189,"Illinois","Washington","oats",10.0604037494391
17189,"Illinois","Washington","soybeans",11265.8643304885
17189,"Illinois","Washington","sunflower",1.96742954381534
17189,"Illinois","Washington","wheat",4239.7634061314
17191,"Illinois","Wayne","barley",0.999199533674436
17191,"Illinois","Wayne","canola",8.1467884630942
17191,"Illinois","Wayne","corn",15672.4288144202
17191,"Illinois","Wayne","grain sorghum",173.269479798266
17191,"Illinois","Wayne","oats",1.52743657996434
17191,"Illinois","Wayne","soybeans",20330.1600396666
17191,"Illinois","Wayne","sunflower",0.776173781406772
17191,"Illinois","Wayne","wheat",3380.45956775679
17193,"Illinois","White","barley",0
17193,"Illinois","White","corn",0
17193,"Illinois","White","cotton",0
17193,"Illinois","White","grain sorghum",0
17193,"Illinois","White","oats",0
17193,"Illinois","White","soybeans",0
17193,"Illinois","White","sunflower",0
17193,"Illinois","White","wheat",0
17195,"Illinois","Whiteside","corn",6587.33173469376
17195,"Illinois","Whiteside","dry peas",4.1650191128041
17195,"Illinois","Whiteside","grain sorghum",0.0350537186234469
17195,"Illinois","Whiteside","oats",13.9886354519251
17195,"Illinois","Whiteside","soybeans",2804.72207442133
17195,"Illinois","Whiteside","sunflower",1.14118684629324
17195,"Illinois","Whiteside","wheat",39.4002290886743
17197,"Illinois","Will","corn",0
17197,"Illinois","Will","oats",0
17197,"Illinois","Will","soybeans",0
17197,"Illinois","Will","sunflower",0
17197,"Illinois","Will","wheat",0
17199,"Illinois","Williamson","corn",2471.98594917005
17199,"Illinois","Williamson","grain sorghum",75.6846294775963
17199,"Illinois","Williamson","soybeans",3993.76118149175
17199,"Illinois","Williamson","sunflower",0.19402125857768
17199,"Illinois","Williamson","wheat",496.103371935361
17201,"Illinois","Winnebago","barley",0.0264482900089914
17201,"Illinois","Winnebago","corn",636.907682772019
17201,"Illinois","Winnebago","oats",2.76351129426615
17201,"Illinois","Winnebago","soybeans",391.591195481152
17201,"Illinois","Winnebago","sunflower",0.551041306240665
17201,"Illinois","Winnebago","wheat",19.3508208563052
17203,"Illinois","Woodford","barley",0
17203,"Illinois","Woodford","corn",0
17203,"Illinois","Woodford","dry peas",0
17203,"Illinois","Woodford","oats",0
17203,"Illinois","Woodford","soybeans",0
17203,"Illinois","Woodford","sunflower",0
17203,"Illinois","Woodford","wheat",0
18001,"Indiana","Adams","barley",1.54467356725004
18001,"Indiana","Adams","corn",1409.62166987383
18001,"Indiana","Adams","oats",7.08090714395945
18001,"Indiana","Adams","soybeans",1935.03797978263
18001,"Indiana","Adams","sunflower",0.0186600387788888
18001,"Indiana","Adams","wheat",127.228276260194
18003,"Indiana","Allen","barley",0
18003,"Indiana","Allen","corn",0
18003,"Indiana","Allen","grain sorghum",0
18003,"Indiana","Allen","oats",0
18003,"Indiana","Allen","soybeans",0
18003,"Indiana","Allen","sunflower",0
18003,"Indiana","Allen","wheat",0
18005,"Indiana","Bartholomew","barley",6.2861223382079
18005,"Indiana","Bartholomew","corn",3801.55313907674
18005,"Indiana","Bartholomew","grain sorghum",7.44299968820405
18005,"Indiana","Bartholomew","oats",1.21750931382462
18005,"Indiana","Bartholomew","soybeans",4544.40033925861
18005,"Indiana","Bartholomew","wheat",407.2590569911
18007,"Indiana","Benton","corn",0
18007,"Indiana","Benton","grain sorghum",0
18007,"Indiana","Benton","oats",0
18007,"Indiana","Benton","soybeans",0
18007,"Indiana","Benton","sunflower",0
18007,"Indiana","Benton","wheat",0
18009,"Indiana","Blackford","barley",4.83720365695785
18009,"Indiana","Blackford","corn",1530.2890796411
18009,"Indiana","Blackford","dry peas",7.68298710709019
18009,"Indiana","Blackford","grain sorghum",0.924722569226228
18009,"Indiana","Blackford","oats",11.8089019535817
18009,"Indiana","Blackford","soybeans",2410.6224527114
18009,"Indiana","Blackford","wheat",69.4931523606579
18011,"Indiana","Boone","barley",0.800696305412286
18011,"Indiana","Boone","corn",929.820514905175
18011,"Indiana","Boone","oats",0.569728374370787
18011,"Indiana","Boone","soybeans",993.06694257571
18011,"Indiana","Boone","wheat",30.9374445059709
18013,"Indiana","Brown","corn",186.271304071958
18013,"Indiana","Brown","soybeans",119.937707310787
18013,"Indiana","Brown","wheat",8.52898861725521
18015,"Indiana","Carroll","barley",0.4459993509091
18015,"Indiana","Carroll","corn",622.035616347069
18015,"Indiana","Carroll","oats",0.236267084030271
18015,"Indiana","Carroll","soybeans",550.429891202412
18015,"Indiana","Carroll","sunflower",0.0314531393204224
18015,"Indiana","Carroll","wheat",30.2197728762354
18017,"Indiana","Cass","corn",1518.74218397681
18017,"Indiana","Cass","grain sorghum",1.6928199063066
18017,"Indiana","Cass","oats",0.425624212342142
18017,"Indiana","Cass","soybeans",1236.39172624484
18017,"Indiana","Cass","wheat",46.1951456596763
18019,"Indiana","Clark","barley",0.766331348078566
18019,"Indiana","Clark","corn",655.554050552161
18019,"Indiana","Clark","grain sorghum",0.684308115103796
18019,"Indiana","Clark","oats",2.32860052547135
18019,"Indiana","Clark","soybeans",1259.14763289264
18019,"Indiana","Clark","sunflower",0.0768154086589117
18019,"Indiana","Clark","wheat",117.064261157875
18021,"Indiana","Clay","corn",3769.34921735487
18021,"Indiana","Clay","grain sorghum",5.00145952568598
18021,"Indiana","Clay","soybeans",4518.49143089495
18021,"Indiana","Clay","sunflower",0.754178365270567
18021,"Indiana","Clay","wheat",77.4037138592083
18023,"Indiana","Clinton","corn",1093.40086613099
18023,"Indiana","Clinton","oats",0.315023416961665
18023,"Indiana","Clinton","soybeans",1086.98686601991
18023,"Indiana","Clinton","sunflower",0.0188239578767214
18023,"Indiana","Clinton","wheat",19.8585871409101
18025,"Indiana","Crawford","barley",3.80289284059337
18025,"Indiana","Crawford","corn",1656.37456170689
18025,"Indiana","Crawford","grain sorghum",37.4189717801103
18025,"Indiana","Crawford","oats",62.3836251084573
18025,"Indiana","Crawford","soybeans",1768.72857218358
18025,"Indiana","Crawford","wheat",35.3883763803663
18027,"Indiana","Daviess","corn",3528.38248214532
18027,"Indiana","Daviess","grain sorghum",9.72155633109989
18027,"Indiana","Daviess","oats",0.66178503929149
18027,"Indiana","Daviess","soybeans",2518.61445792952
18027,"Indiana","Daviess","sunflower",2.65780904826881
18027,"Indiana","Daviess","wheat",87.5437428398932
18033,"Indiana","DeKalb","corn",2497.88271504208
18033,"Indiana","DeKalb","grain sorghum",0.429661503547393
18033,"Indiana","DeKalb","oats",7.16691766732172
18033,"Indiana","DeKalb","soybeans",4146.39899174373
18033,"Indiana","DeKalb","wheat",410.577947376637
18029,"Indiana","Dearborn","corn",1123.19629637712
18029,"Indiana","Dearborn","oats",1.37067093340304
18029,"Indiana","Dearborn","soybeans",1879.57094745509
18029,"Indiana","Dearborn","wheat",132.261418567723
18031,"Indiana","Decatur","barley",10.9622876283136
18031,"Indiana","Decatur","corn",2447.93296038089
18031,"Indiana","Decatur","oats",1.2667195392015
18031,"Indiana","Decatur","soybeans",2565.33191286935
18031,"Indiana","Decatur","sunflower",0.0721598746789708
18031,"Indiana","Decatur","wheat",190.933459707629
18035,"Indiana","Delaware","barley",4.50698419406883
18035,"Indiana","Delaware","corn",3075.76245694296
18035,"Indiana","Delaware","oats",0.5844147334101
18035,"Indiana","Delaware","soybeans",3820.29265568889
18035,"Indiana","Delaware","wheat",100.057155107367
18037,"Indiana","Dubois","barley",1.1374796153489
18037,"Indiana","Dubois","corn",1309.43487776309
18037,"Indiana","Dubois","grain sorghum",6.151695596282
18037,"Indiana","Dubois","oats",0.150298279881181
18037,"Indiana","Dubois","soybeans",1145.68166098386
18037,"Indiana","Dubois","sunflower",0.0203953824473419
18037,"Indiana","Dubois","wheat",108.939492379085
18039,"Indiana","Elkhart","barley",0
18039,"Indiana","Elkhart","corn",0
18039,"Indiana","Elkhart","grain sorghum",0
18039,"Indiana","Elkhart","oats",0
18039,"Indiana","Elkhart","soybeans",0
18039,"Indiana","Elkhart","sunflower",0
18039,"Indiana","Elkhart","wheat",0
18041,"Indiana","Fayette","corn",1373.48031223147
18041,"Indiana","Fayette","oats",0.705001314196622
18041,"Indiana","Fayette","soybeans",1484.7811558568
18041,"Indiana","Fayette","wheat",69.9640305975141
18043,"Indiana","Floyd","corn",139.353809499358
18043,"Indiana","Floyd","soybeans",190.113241937045
18043,"Indiana","Floyd","wheat",5.90234856359861
18045,"Indiana","Fountain","barley",0.0104178007954367
18045,"Indiana","Fountain","corn",473.277751316027
18045,"Indiana","Fountain","grain sorghum",1.34862753092018
18045,"Indiana","Fountain","oats",0.212140998555809
18045,"Indiana","Fountain","soybeans",436.013814683193
18045,"Indiana","Fountain","sunflower",0.880554376403809
18045,"Indiana","Fountain","wheat",6.76619329409052
18047,"Indiana","Franklin","barley",2.30072521524479
18047,"Indiana","Franklin","corn",3227.01088925212
18047,"Indiana","Franklin","dry peas",1.5759891113845
18047,"Indiana","Franklin","oats",2.4307005394587
18047,"Indiana","Franklin","soybeans",3552.26369716955
18047,"Indiana","Franklin","sunflower",0.175109901264945
18047,"Indiana","Franklin","wheat",227.152388810985
18049,"Indiana","Fulton","corn",1986.80372975174
18049,"Indiana","Fulton","grain sorghum",2.7761000551425
18049,"Indiana","Fulton","oats",0.135223930352976
18049,"Indiana","Fulton","soybeans",1499.03875383726
18049,"Indiana","Fulton","wheat",35.4121924254668
18051,"Indiana","Gibson","corn",1352.96248595598
18051,"Indiana","Gibson","grain sorghum",9.76698952438202
18051,"Indiana","Gibson","oats",0.540117961696521
18051,"Indiana","Gibson","rapeseed",1.56524867408929
18051,"Indiana","Gibson","soybeans",1397.39285740798
18051,"Indiana","Gibson","wheat",227.961467142546
18053,"Indiana","Grant","corn",4076.78712103797
18053,"Indiana","Grant","oats",2.82932435596457
18053,"Indiana","Grant","soybeans",5911.41585821264
18053,"Indiana","Grant","sunflower",5.0292369293547
18053,"Indiana","Grant","wheat",84.922792797395
18055,"Indiana","Greene","corn",4265.54125585944
18055,"Indiana","Greene","grain sorghum",25.254914677228
18055,"Indiana","Greene","soybeans",4698.18129279929
18055,"Indiana","Greene","wheat",73.6195366640329
18057,"Indiana","Hamilton","corn",2314.59509678998
18057,"Indiana","Hamilton","soybeans",2669.95968471188
18057,"Indiana","Hamilton","wheat",68.4072184981405
18059,"Indiana","Hancock","canola",4.34969005182987
18059,"Indiana","Hancock","corn",1295.09805490851
18059,"Indiana","Hancock","dry peas",0.664834012040232
18059,"Indiana","Hancock","oats",0.275487211725007
18059,"Indiana","Hancock","soybeans",1605.73149370033
18059,"Indiana","Hancock","sunflower",0.929125590668855
18059,"Indiana","Hancock","wheat",79.4183878582607
18061,"Indiana","Harrison","barley",2.99986030403678
18061,"Indiana","Harrison","corn",3110.78801851049
18061,"Indiana","Harrison","grain sorghum",1.33269442925935
18061,"Indiana","Harrison","oats",11.5016646435712
18061,"Indiana","Harrison","soybeans",3747.35162626843
18061,"Indiana","Harrison","sunflower",0.728643448384705
18061,"Indiana","Harrison","wheat",293.750325729165
18063,"Indiana","Hendricks","barley",0.399041203378157
18063,"Indiana","Hendricks","corn",562.671485011511
18063,"Indiana","Hendricks","grain sorghum",4.72815331412428
18063,"Indiana","Hendricks","soybeans",639.550347586427
18063,"Indiana","Hendricks","wheat",18.1039728845681
18065,"Indiana","Henry","barley",1.26412285222203
18065,"Indiana","Henry","corn",2113.09986454049
18065,"Indiana","Henry","oats",1.96504324436958
18065,"Indiana","Henry","soybeans",2602.01224230468
18065,"Indiana","Henry","sunflower",1.41550977188322
18065,"Indiana","Henry","wheat",110.25171728632
18067,"Indiana","Howard","corn",809.17912383851
18067,"Indiana","Howard","oats",0.460661405562995
18067,"Indiana","Howard","soybeans",880.30303383452
18067,"Indiana","Howard","sunflower",0.655905167422273
18067,"Indiana","Howard","wheat",24.7739424206476
18069,"Indiana","Huntington","barley",3.3428599646995
18069,"Indiana","Huntington","corn",1647.18579592029
18069,"Indiana","Huntington","grain sorghum",0.353095349060929
18069,"Indiana","Huntington","oats",0.853733239134306
18069,"Indiana","Huntington","soybeans",2319.1797211684
18069,"Indiana","Huntington","sunflower",2.64740874103523
18069,"Indiana","Huntington","wheat",129.48932561741
18071,"Indiana","Jackson","barley",0.427822989601976
18071,"Indiana","Jackson","corn",1471.72913175428
18071,"Indiana","Jackson","grain sorghum",9.87883222344579
18071,"Indiana","Jackson","oats",0.731845492893517
18071,"Indiana","Jackson","soybeans",1737.41933973189
18071,"Indiana","Jackson","sunflower",0.0230198003552314
18071,"Indiana","Jackson","wheat",99.2910746742161
18073,"Indiana","Jasper","canola",0.70863591707343
18073,"Indiana","Jasper","corn",2561.1188794015
18073,"Indiana","Jasper","grain sorghum",30.4427483280322
18073,"Indiana","Jasper","oats",3.13218064831097
18073,"Indiana","Jasper","soybeans",1550.68274547344
18073,"Indiana","Jasper","sunflower",0.0196247787134601
18073,"Indiana","Jasper","wheat",39.6891854529231
18075,"Indiana","Jay","barley",2.63722115954639
18075,"Indiana","Jay","corn",4487.66230852251
18075,"Indiana","Jay","grain sorghum",2.43605482143753
18075,"Indiana","Jay","oats",2.94208766598909
18075,"Indiana","Jay","soybeans",5907.70543965378
18075,"Indiana","Jay","sunflower",1.13430800699646
18075,"Indiana","Jay","wheat",405.313246836364
18077,"Indiana","Jefferson","barley",3.45302466381775
18077,"Indiana","Jefferson","corn",2030.70832187418
18077,"Indiana","Jefferson","oats",16.1044614804765
18077,"Indiana","Jefferson","peanuts",0.0776002316922485
18077,"Indiana","Jefferson","soybeans",4429.61377753017
18077,"Indiana","Jefferson","wheat",291.828480886324
18079,"Indiana","Jennings","barley",1.38349953778266
18079,"Indiana","Jennings","corn",3030.81243612801
18079,"Indiana","Jennings","soybeans",5017.45325208567
18079,"Indiana","Jennings","sunflower",0.518466682213687
18079,"Indiana","Jennings","wheat",394.314512233015
18081,"Indiana","Johnson","barley",5.76652093303968
18081,"Indiana","Johnson","canola",1.89845912149503
18081,"Indiana","Johnson","corn",2340.92488604747
18081,"Indiana","Johnson","oats",0.302165572351116
18081,"Indiana","Johnson","soybeans",2517.70089957491
18081,"Indiana","Johnson","sunflower",1.89845912149503
18081,"Indiana","Johnson","wheat",167.880109629227
18083,"Indiana","Knox","corn",3626.40952385927
18083,"Indiana","Knox","grain sorghum",35.5571408494016
18083,"Indiana","Knox","oats",0.639699618135354
18083,"Indiana","Knox","rapeseed",3.63207920058196
18083,"Indiana","Knox","soybeans",3820.56418474507
18083,"Indiana","Knox","sunflower",0.0466350265534623
18083,"Indiana","Knox","wheat",414.535803367682
18085,"Indiana","Kosciusko","barley",1.20257307541145
18085,"Indiana","Kosciusko","corn",3410.4267499968
18085,"Indiana","Kosciusko","grain sorghum",0.404079009985697
18085,"Indiana","Kosciusko","oats",2.19301056323561
18085,"Indiana","Kosciusko","soybeans",2735.7440017504
18085,"Indiana","Kosciusko","wheat",121.147585604133
18087,"Indiana","LaGrange","barley",0
18087,"Indiana","LaGrange","corn",0
18087,"Indiana","LaGrange","grain sorghum",0
18087,"Indiana","LaGrange","oats",0
18087,"Indiana","LaGrange","soybeans",0
18087,"Indiana","LaGrange","wheat",0
18091,"Indiana","LaPorte","barley",1.63524725339791
18091,"Indiana","LaPorte","corn",6178.0930939327
18091,"Indiana","LaPorte","grain sorghum",7.06368523944538
18091,"Indiana","LaPorte","oats",7.29151687644027
18091,"Indiana","LaPorte","soybeans",4818.59241042384
18091,"Indiana","LaPorte","sunflower",0.0351747123723911
18091,"Indiana","LaPorte","wheat",302.075404895185
18089,"Indiana","Lake","corn",0
18089,"Indiana","Lake","grain sorghum",0
18089,"Indiana","Lake","oats",0
18089,"Indiana","Lake","soybeans",0
18089,"Indiana","Lake","sunflower",0
18089,"Indiana","Lake","wheat",0
18093,"Indiana","Lawrence","barley",1.36642899312756
18093,"Indiana","Lawrence","corn",1126.74452432244
18093,"Indiana","Lawrence","oats",4.48118636464141
18093,"Indiana","Lawrence","soybeans",1405.99825413039
18093,"Indiana","Lawrence","sunflower",0.0525549612741369
18093,"Indiana","Lawrence","wheat",54.7797178947937
18095,"Indiana","Madison","corn",873.198482626635
18095,"Indiana","Madison","grain sorghum",0.219832057978533
18095,"Indiana","Madison","oats",1.97425691337603
18095,"Indiana","Madison","soybeans",1020.6597007354
18095,"Indiana","Madison","sunflower",1.96359854964103
18095,"Indiana","Madison","wheat",14.9056291169679
18097,"Indiana","Marion","corn",0
18097,"Indiana","Marion","oats",0
18097,"Indiana","Marion","soybeans",0
18097,"Indiana","Marion","wheat",0
18099,"Indiana","Marshall","barley",0
18099,"Indiana","Marshall","corn",0
18099,"Indiana","Marshall","grain sorghum",0
18099,"Indiana","Marshall","oats",0
18099,"Indiana","Marshall","soybeans",0
18099,"Indiana","Marshall","sunflower",0
18099,"Indiana","Marshall","wheat",0
18101,"Indiana","Martin","corn",1141.20562332474
18101,"Indiana","Martin","grain sorghum",17.9036231710357
18101,"Indiana","Martin","soybeans",1126.99066510978
18101,"Indiana","Martin","wheat",58.3950883944448
18103,"Indiana","Miami","barley",4.78819187939675
18103,"Indiana","Miami","canola",2.25816705029293
18103,"Indiana","Miami","corn",2651.87703922151
18103,"Indiana","Miami","grain sorghum",0.926307305480145
18103,"Indiana","Miami","oats",2.77834341074734
18103,"Indiana","Miami","soybeans",3207.81486615758
18103,"Indiana","Miami","sunflower",4.74175183617165
18103,"Indiana","Miami","wheat",145.18266647221
18105,"Indiana","Monroe","corn",173.073506737003
18105,"Indiana","Monroe","oats",1.62883602163319
18105,"Indiana","Monroe","soybeans",219.127514691429
18105,"Indiana","Monroe","wheat",3.49214254993522
18107,"Indiana","Montgomery","corn",4048.29335395954
18107,"Indiana","Montgomery","oats",0.0584920348354412
18107,"Indiana","Montgomery","soybeans",4061.57800836318
18107,"Indiana","Montgomery","sunflower",3.20734269565939
18107,"Indiana","Montgomery","wheat",111.20880294678
18109,"Indiana","Morgan","barley",1.00701468830305
18109,"Indiana","Morgan","corn",965.120580116095
18109,"Indiana","Morgan","grain sorghum",0.239191113588949
18109,"Indiana","Morgan","soybeans",982.572859653429
18109,"Indiana","Morgan","wheat",11.9363544285735
18111,"Indiana","Newton","barley",0
18111,"Indiana","Newton","corn",0
18111,"Indiana","Newton","grain sorghum",0
18111,"Indiana","Newton","oats",0
18111,"Indiana","Newton","soybeans",0
18111,"Indiana","Newton","sunflower",0
18111,"Indiana","Newton","wheat",0
18113,"Indiana","Noble","barley",0.382546036300297
18113,"Indiana","Noble","corn",2712.60451750627
18113,"Indiana","Noble","grain sorghum",3.0111771232422
18113,"Indiana","Noble","oats",6.57661367769822
18113,"Indiana","Noble","soybeans",2742.36284143937
18113,"Indiana","Noble","sunflower",0.395398835320771
18113,"Indiana","Noble","wheat",137.099638715124
18115,"Indiana","Ohio","corn",396.36273486482
18115,"Indiana","Ohio","soybeans",484.087949647669
18115,"Indiana","Ohio","sunflower",0.462764563375272
18115,"Indiana","Ohio","wheat",46.7705509241372
18117,"Indiana","Orange","barley",6.38691760801658
18117,"Indiana","Orange","corn",1469.58518974603
18117,"Indiana","Orange","oats",2.65745504800748
18117,"Indiana","Orange","soybeans",1442.54048476864
18117,"Indiana","Orange","wheat",63.3954528293188
18119,"Indiana","Owen","corn",1777.99661443661
18119,"Indiana","Owen","oats",2.36527664395784
18119,"Indiana","Owen","soybeans",2267.97642729481
18119,"Indiana","Owen","wheat",70.389681624621
18121,"Indiana","Parke","corn",419.163737867739
18121,"Indiana","Parke","grain sorghum",2.0410959381059
18121,"Indiana","Parke","oats",0.193752456031147
18121,"Indiana","Parke","soybeans",455.041262625329
18121,"Indiana","Parke","sunflower",0.587930324005626
18121,"Indiana","Parke","wheat",15.5275541221406
18123,"Indiana","Perry","corn",1944.73911378779
18123,"Indiana","Perry","grain sorghum",5.55608655255533
18123,"Indiana","Perry","soybeans",2110.60276293235
18123,"Indiana","Perry","sunflower",1.94134266821534
18123,"Indiana","Perry","wheat",54.1106940590846
18125,"Indiana","Pike","corn",2252.48578502289
18125,"Indiana","Pike","grain sorghum",24.3187435560655
18125,"Indiana","Pike","oats",3.19323213079082
18125,"Indiana","Pike","soybeans",2901.870888968
18125,"Indiana","Pike","wheat",174.812683655594
18127,"Indiana","Porter","barley",0.602674161008292
18127,"Indiana","Porter","corn",1575.85608212447
18127,"Indiana","Porter","grain sorghum",6.25726382639436
18127,"Indiana","Porter","oats",0.528087706252518
18127,"Indiana","Porter","soybeans",1420.79665093669
18127,"Indiana","Porter","sunflower",0.0655476428891194
18127,"Indiana","Porter","wheat",41.9998602689584
18129,"Indiana","Posey","barley",0
18129,"Indiana","Posey","canola",0
18129,"Indiana","Posey","corn",0
18129,"Indiana","Posey","grain sorghum",0
18129,"Indiana","Posey","oats",0
18129,"Indiana","Posey","rapeseed",0
18129,"Indiana","Posey","soybeans",0
18129,"Indiana","Posey","sunflower",0
18129,"Indiana","Posey","wheat",0
18131,"Indiana","Pulaski","corn",3866.62540324958
18131,"Indiana","Pulaski","grain sorghum",6.03813646897418
18131,"Indiana","Pulaski","oats",0.537186650979574
18131,"Indiana","Pulaski","soybeans",2381.24292238706
18131,"Indiana","Pulaski","sunflower",0.211132738624213
18131,"Indiana","Pulaski","wheat",45.8712185048531
18133,"Indiana","Putnam","barley",0.451181037083001
18133,"Indiana","Putnam","corn",3092.58746261776
18133,"Indiana","Putnam","grain sorghum",0.3609448296664
18133,"Indiana","Putnam","oats",1.88322964878444
18133,"Indiana","Putnam","soybeans",3277.02807964217
18133,"Indiana","Putnam","sunflower",0.501262132199214
18133,"Indiana","Putnam","wheat",168.794766759003
18135,"Indiana","Randolph","barley",9.54912945525788
18135,"Indiana","Randolph","canola",8.86039425039004
18135,"Indiana","Randolph","corn",4674.62436253626
18135,"Indiana","Randolph","grain sorghum",0.385171732886596
18135,"Indiana","Randolph","oats",4.72018329359201
18135,"Indiana","Randolph","soybeans",5186.6680532507
18135,"Indiana","Randolph","sunflower",1.78141926460051
18135,"Indiana","Randolph","wheat",146.419952882976
18137,"Indiana","Ripley","barley",7.85633735669072
18137,"Indiana","Ripley","corn",2804.23572550714
18137,"Indiana","Ripley","grain sorghum",2.61437002870599
18137,"Indiana","Ripley","oats",5.78560814852516
18137,"Indiana","Ripley","soybeans",4250.6832644492
18137,"Indiana","Ripley","wheat",235.560361176403
18139,"Indiana","Rush","barley",3.91565856352422
18139,"Indiana","Rush","corn",5034.30091142129
18139,"Indiana","Rush","oats",1.05739175276772
18139,"Indiana","Rush","soybeans",4967.00030223547
18139,"Indiana","Rush","sunflower",0.00201773066075322
18139,"Indiana","Rush","wheat",311.792251629684
18143,"Indiana","Scott","barley",0.655497985776229
18143,"Indiana","Scott","corn",532.186933194961
18143,"Indiana","Scott","oats",0.324910302873535
18143,"Indiana","Scott","soybeans",734.576160137309
18143,"Indiana","Scott","sunflower",0.0956490330213671
18143,"Indiana","Scott","wheat",12.7535160127301
18145,"Indiana","Shelby","barley",0.382912383760339
18145,"Indiana","Shelby","corn",3290.18250716458
18145,"Indiana","Shelby","grain sorghum",1.43707017625255
18145,"Indiana","Shelby","oats",0.556371693603772
18145,"Indiana","Shelby","soybeans",3432.626488292
18145,"Indiana","Shelby","sunflower",0.407801688704761
18145,"Indiana","Shelby","wheat",188.95918193443
18147,"Indiana","Spencer","barley",0
18147,"Indiana","Spencer","corn",0
18147,"Indiana","Spencer","grain sorghum",0
18147,"Indiana","Spencer","oats",0
18147,"Indiana","Spencer","soybeans",0
18147,"Indiana","Spencer","wheat",0
18141,"Indiana","St. Joseph","barley",0
18141,"Indiana","St. Joseph","corn",0
18141,"Indiana","St. Joseph","grain sorghum",0
18141,"Indiana","St. Joseph","oats",0
18141,"Indiana","St. Joseph","soybeans",0
18141,"Indiana","St. Joseph","wheat",0
18149,"Indiana","Starke","corn",2460.68348770911
18149,"Indiana","Starke","grain sorghum",1.30787886204015
18149,"Indiana","Starke","oats",3.18845399771828
18149,"Indiana","Starke","soybeans",1696.57977997942
18149,"Indiana","Starke","sunflower",1.81384272005649
18149,"Indiana","Starke","wheat",40.5345567316739
18151,"Indiana","Steuben","corn",2193.83782701735
18151,"Indiana","Steuben","grain sorghum",0.480341320147246
18151,"Indiana","Steuben","oats",1.23928060597989
18151,"Indiana","Steuben","soybeans",2012.70442420781
18151,"Indiana","Steuben","sunflower",0.231097546248619
18151,"Indiana","Steuben","wheat",200.760362635791
18153,"Indiana","Sullivan","canola",4.04521497011018
18153,"Indiana","Sullivan","corn",3018.36791585983
18153,"Indiana","Sullivan","grain sorghum",16.7111813880457
18153,"Indiana","Sullivan","rapeseed",3.82348084813287
18153,"Indiana","Sullivan","soybeans",3577.70503245306
18153,"Indiana","Sullivan","wheat",127.76350781418
18155,"Indiana","Switzerland","corn",407.082072843219
18155,"Indiana","Switzerland","oats",1.12659459244931
18155,"Indiana","Switzerland","soybeans",571.536446471166
18155,"Indiana","Switzerland","wheat",44.1425527598313
18157,"Indiana","Tippecanoe","canola",0.0154609070480791
18157,"Indiana","Tippecanoe","corn",928.782815674822
18157,"Indiana","Tippecanoe","cotton",0.00554576013681098
18157,"Indiana","Tippecanoe","grain sorghum",0.63512061726809
18157,"Indiana","Tippecanoe","oats",0.971697841571273
18157,"Indiana","Tippecanoe","soybeans",893.740998562679
18157,"Indiana","Tippecanoe","sunflower",0.0819562516218175
18157,"Indiana","Tippecanoe","wheat",25.1123110515075
18159,"Indiana","Tipton","corn",2447.95236317869
18159,"Indiana","Tipton","dry peas",0.00236625133621729
18159,"Indiana","Tipton","oats",0.190652250518079
18159,"Indiana","Tipton","soybeans",2656.32761986206
18159,"Indiana","Tipton","sunflower",0.0902555866814309
18159,"Indiana","Tipton","wheat",56.5440095374294
18161,"Indiana","Union","corn",1280.8749635325
18161,"Indiana","Union","oats",1.10555013726289
18161,"Indiana","Union","soybeans",1346.10678575514
18161,"Indiana","Union","wheat",27.0407005751131
18163,"Indiana","Vanderburgh","corn",0
18163,"Indiana","Vanderburgh","grain sorghum",0
18163,"Indiana","Vanderburgh","oats",0
18163,"Indiana","Vanderburgh","soybeans",0
18163,"Indiana","Vanderburgh","sunflower",0
18163,"Indiana","Vanderburgh","wheat",0
18165,"Indiana","Vermillion","corn",619.146469581604
18165,"Indiana","Vermillion","grain sorghum",11.3130326687256
18165,"Indiana","Vermillion","oats",0.368565035247995
18165,"Indiana","Vermillion","soybeans",608.135124346033
18165,"Indiana","Vermillion","wheat",8.67680836838877
18167,"Indiana","Vigo","corn",1883.98741834672
18167,"Indiana","Vigo","grain sorghum",25.7175417570083
18167,"Indiana","Vigo","soybeans",2376.93420178318
18167,"Indiana","Vigo","sunflower",0.560543244278427
18167,"Indiana","Vigo","wheat",40.9537948687838
18169,"Indiana","Wabash","barley",0.921563180952658
18169,"Indiana","Wabash","corn",3010.4927607384
18169,"Indiana","Wabash","grain sorghum",0.853675641817636
18169,"Indiana","Wabash","oats",1.36490539760328
18169,"Indiana","Wabash","soybeans",3487.43469128215
18169,"Indiana","Wabash","wheat",169.750637092406
18171,"Indiana","Warren","barley",0.432601534708926
18171,"Indiana","Warren","corn",2123.85830826312
18171,"Indiana","Warren","grain sorghum",7.299345690977
18171,"Indiana","Warren","oats",0.530552626728422
18171,"Indiana","Warren","soybeans",2075.99375877872
18171,"Indiana","Warren","sunflower",0.275096683969647
18171,"Indiana","Warren","wheat",79.2753364218133
18173,"Indiana","Warrick","barley",3.99415739149548
18173,"Indiana","Warrick","corn",3625.0510836712
18173,"Indiana","Warrick","grain sorghum",14.7594712207161
18173,"Indiana","Warrick","soybeans",4450.94866940612
18173,"Indiana","Warrick","wheat",481.585618310466
18175,"Indiana","Washington","barley",5.16672690623659
18175,"Indiana","Washington","corn",4414.78421051559
18175,"Indiana","Washington","grain sorghum",21.3065711740894
18175,"Indiana","Washington","oats",24.0253014764698
18175,"Indiana","Washington","soybeans",5349.3166339614
18175,"Indiana","Washington","wheat",238.000555966246
18177,"Indiana","Wayne","barley",1.4591725936492
18177,"Indiana","Wayne","canola",2.94298326012788
18177,"Indiana","Wayne","corn",1403.77635069938
18177,"Indiana","Wayne","oats",2.15005178727158
18177,"Indiana","Wayne","soybeans",1583.41339166991
18177,"Indiana","Wayne","wheat",76.9855499896675
18179,"Indiana","Wells","barley",0.674791803846597
18179,"Indiana","Wells","corn",879.169115234467
18179,"Indiana","Wells","grain sorghum",1.18602689486604
18179,"Indiana","Wells","oats",0.218552485567521
18179,"Indiana","Wells","soybeans",1110.64483706999
18179,"Indiana","Wells","wheat",35.4736765112883
18181,"Indiana","White","barley",6.51647800181787
18181,"Indiana","White","canola",1.64157576375501
18181,"Indiana","White","corn",2921.79826238187
18181,"Indiana","White","dry peas",2.17891143300898
18181,"Indiana","White","grain sorghum",8.06982331665553
18181,"Indiana","White","oats",8.28532856723146
18181,"Indiana","White","soybeans",2147.1672404215
18181,"Indiana","White","sunflower",11.9801587471475
18181,"Indiana","White","wheat",78.4124663670608
18183,"Indiana","Whitley","barley",0.0512619920605948
18183,"Indiana","Whitley","corn",2989.04913075111
18183,"Indiana","Whitley","grain sorghum",1.83928027513414
18183,"Indiana","Whitley","oats",1.13263371457884
18183,"Indiana","Whitley","soybeans",3410.54501660225
18183,"Indiana","Whitley","wheat",283.114343331538
19001,"Iowa","Adair","corn",6984.57831618837
19001,"Iowa","Adair","grain sorghum",0.233031340020264
19001,"Iowa","Adair","oats",126.824538855886
19001,"Iowa","Adair","soybeans",6756.25168157758
19001,"Iowa","Adair","sunflower",0.492341334882655
19001,"Iowa","Adair","wheat",29.6796240365747
19003,"Iowa","Adams","corn",4059.4151023785
19003,"Iowa","Adams","grain sorghum",2.13061013777516
19003,"Iowa","Adams","oats",77.0092334922076
19003,"Iowa","Adams","soybeans",4056.97204114322
19003,"Iowa","Adams","wheat",0.579679514962251
19005,"Iowa","Allamakee","barley",26.7073154300067
19005,"Iowa","Allamakee","corn",5822.82650932486
19005,"Iowa","Allamakee","flaxseed",0.326330486834006
19005,"Iowa","Allamakee","grain sorghum",1.93761351481169
19005,"Iowa","Allamakee","oats",358.989616757088
19005,"Iowa","Allamakee","soybeans",2090.70152999943
19005,"Iowa","Allamakee","sunflower",0.581599045260915
19005,"Iowa","Allamakee","wheat",12.0709521083572
19007,"Iowa","Appanoose","corn",1072.47103421376
19007,"Iowa","Appanoose","grain sorghum",4.49537140564116
19007,"Iowa","Appanoose","oats",17.9495034154025
19007,"Iowa","Appanoose","soybeans",1455.18033220376
19007,"Iowa","Appanoose","wheat",34.0247587614357
19009,"Iowa","Audubon","barley",6.42574358855258
19009,"Iowa","Audubon","corn",4190.39457292749
19009,"Iowa","Audubon","grain sorghum",0.110655730824108
19009,"Iowa","Audubon","oats",32.4969277787804
19009,"Iowa","Audubon","soybeans",3649.9985592351
19009,"Iowa","Audubon","wheat",4.38854073927773
19011,"Iowa","Benton","barley",0.368729609007912
19011,"Iowa","Benton","corn",1716.39387450321
19011,"Iowa","Benton","oats",9.10092775761258
19011,"Iowa","Benton","soybeans",1364.42734972499
19011,"Iowa","Benton","sunflower",0.151143297203911
19011,"Iowa","Benton","wheat",1.35097510791992
19013,"Iowa","Black Hawk","corn",0
19013,"Iowa","Black Hawk","grain sorghum",0
19013,"Iowa","Black Hawk","oats",0
19013,"Iowa","Black Hawk","soybeans",0
19013,"Iowa","Black Hawk","wheat",0
19015,"Iowa","Boone","corn",0
19015,"Iowa","Boone","grain sorghum",0
19015,"Iowa","Boone","oats",0
19015,"Iowa","Boone","soybeans",0
19015,"Iowa","Boone","sunflower",0
19015,"Iowa","Boone","wheat",0
19017,"Iowa","Bremer","barley",0.446356633500838
19017,"Iowa","Bremer","corn",1745.76055419557
19017,"Iowa","Bremer","oats",12.57125739806
19017,"Iowa","Bremer","soybeans",999.808516837505
19017,"Iowa","Bremer","wheat",0.106481602088842
19019,"Iowa","Buchanan","barley",0.0518206477126379
19019,"Iowa","Buchanan","corn",928.856343769855
19019,"Iowa","Buchanan","grain sorghum",0.00947782484116463
19019,"Iowa","Buchanan","oats",5.21791656490621
19019,"Iowa","Buchanan","soybeans",411.475738684392
19019,"Iowa","Buchanan","wheat",0.30920250835873
19021,"Iowa","Buena Vista","corn",1829.57310944279
19021,"Iowa","Buena Vista","grain sorghum",0.0213078740792526
19021,"Iowa","Buena Vista","oats",4.67638305082073
19021,"Iowa","Buena Vista","soybeans",1586.63721475689
19021,"Iowa","Buena Vista","wheat",0.599984875389482
19023,"Iowa","Butler","barley",1.72152794335858
19023,"Iowa","Butler","corn",3416.2961032755
19023,"Iowa","Butler","grain sorghum",0.139925130082821
19023,"Iowa","Butler","oats",18.6174660273669
19023,"Iowa","Butler","soybeans",2074.30337684175
19023,"Iowa","Butler","sunflower",0.284267448589846
19025,"Iowa","Calhoun","corn",2602.08728957045
19025,"Iowa","Calhoun","oats",3.07619484640384
19025,"Iowa","Calhoun","soybeans",1990.71151558308
19027,"Iowa","Carroll","barley",1.20191468876301
19027,"Iowa","Carroll","corn",2995.32311187034
19027,"Iowa","Carroll","oats",4.65112274319848
19027,"Iowa","Carroll","soybeans",1918.6420611291
19027,"Iowa","Carroll","wheat",0.670122901932469
19029,"Iowa","Cass","barley",4.1945626703361
19029,"Iowa","Cass","canola",6.2513331386679
19029,"Iowa","Cass","corn",6605.61170836207
19029,"Iowa","Cass","oats",41.2402649936306
19029,"Iowa","Cass","soybeans",6040.34444201138
19029,"Iowa","Cass","wheat",3.47502215721301
19031,"Iowa","Cedar","barley",0.198173517751104
19031,"Iowa","Cedar","corn",944.984555976503
19031,"Iowa","Cedar","dry peas",0.119533232929237
19031,"Iowa","Cedar","oats",5.5850204456034
19031,"Iowa","Cedar","soybeans",723.934214479796
19031,"Iowa","Cedar","wheat",1.51633568071245
19033,"Iowa","Cerro Gordo","barley",0.0328661250721703
19033,"Iowa","Cerro Gordo","corn",521.149953636716
19033,"Iowa","Cerro Gordo","oats",1.76051009243122
19033,"Iowa","Cerro Gordo","soybeans",322.503670145824
19035,"Iowa","Cherokee","barley",0.8695207156836
19035,"Iowa","Cherokee","corn",3266.70012830138
19035,"Iowa","Cherokee","grain sorghum",0.996063500847731
19035,"Iowa","Cherokee","oats",8.03079008121409
19035,"Iowa","Cherokee","soybeans",2906.27399740084
19037,"Iowa","Chickasaw","barley",0.33318259897851
19037,"Iowa","Chickasaw","corn",3492.23935398201
19037,"Iowa","Chickasaw","oats",24.9546562048397
19037,"Iowa","Chickasaw","soybeans",1961.6950026637
19037,"Iowa","Chickasaw","wheat",1.24320455046005
19039,"Iowa","Clarke","corn",0
19039,"Iowa","Clarke","grain sorghum",0
19039,"Iowa","Clarke","oats",0
19039,"Iowa","Clarke","soybeans",0
19039,"Iowa","Clarke","wheat",0
19041,"Iowa","Clay","barley",0.399880885009553
19041,"Iowa","Clay","corn",1252.00766842555
19041,"Iowa","Clay","grain sorghum",0.434855252166147
19041,"Iowa","Clay","oats",3.38519205484265
19041,"Iowa","Clay","soybeans",1007.21590278755
19041,"Iowa","Clay","sunflower",0.0905810947940563
19041,"Iowa","Clay","wheat",0.359519500102457
19043,"Iowa","Clayton","barley",0.481200673720937
19043,"Iowa","Clayton","corn",5718.90205149579
19043,"Iowa","Clayton","dry peas",4.01133292364697
19043,"Iowa","Clayton","grain sorghum",0.538070772439919
19043,"Iowa","Clayton","oats",187.437964376533
19043,"Iowa","Clayton","soybeans",2481.96140035008
19043,"Iowa","Clayton","sunflower",0.0949536657246916
19043,"Iowa","Clayton","wheat",11.2330390753742
19045,"Iowa","Clinton","barley",0
19045,"Iowa","Clinton","corn",0
19045,"Iowa","Clinton","oats",0
19045,"Iowa","Clinton","soybeans",0
19045,"Iowa","Clinton","wheat",0
19047,"Iowa","Crawford","barley",2.46188459084539
19047,"Iowa","Crawford","canola",2.36268871838436
19047,"Iowa","Crawford","corn",10612.8796786288
19047,"Iowa","Crawford","oats",28.6756611770559
19047,"Iowa","Crawford","soybeans",7497.35321395861
19047,"Iowa","Crawford","wheat",27.6738729263029
19049,"Iowa","Dallas","barley",0
19049,"Iowa","Dallas","canola",0
19049,"Iowa","Dallas","corn",0
19049,"Iowa","Dallas","dry peas",0
19049,"Iowa","Dallas","grain sorghum",0
19049,"Iowa","Dallas","oats",0
19049,"Iowa","Dallas","soybeans",0
19049,"Iowa","Dallas","sunflower",0
19049,"Iowa","Dallas","wheat",0
19051,"Iowa","Davis","corn",1038.98532376617
19051,"Iowa","Davis","grain sorghum",1.74851365097122
19051,"Iowa","Davis","oats",24.3129253376398
19051,"Iowa","Davis","soybeans",1203.77031420722
19051,"Iowa","Davis","sunflower",0.0125989710454083
19051,"Iowa","Davis","wheat",36.5413240669447
19053,"Iowa","Decatur","corn",0
19053,"Iowa","Decatur","oats",0
19053,"Iowa","Decatur","soybeans",0
19053,"Iowa","Decatur","wheat",0
19055,"Iowa","Delaware","barley",0.251616852081311
19055,"Iowa","Delaware","corn",4712.32732342616
19055,"Iowa","Delaware","grain sorghum",0.141820407536739
19055,"Iowa","Delaware","oats",78.2836602492911
19055,"Iowa","Delaware","soybeans",1588.24176249859
19055,"Iowa","Delaware","wheat",2.34491656633595
19057,"Iowa","Des Moines","corn",0
19057,"Iowa","Des Moines","grain sorghum",0
19057,"Iowa","Des Moines","oats",0
19057,"Iowa","Des Moines","soybeans",0
19057,"Iowa","Des Moines","wheat",0
19059,"Iowa","Dickinson","corn",69.223563219132
19059,"Iowa","Dickinson","oats",0.523164242709988
19059,"Iowa","Dickinson","soybeans",58.0895307886721
19059,"Iowa","Dickinson","sunflower",0.0364084161484447
19061,"Iowa","Dubuque","barley",18.4404483268396
19061,"Iowa","Dubuque","corn",12878.1368354627
19061,"Iowa","Dubuque","grain sorghum",6.34711026550368
19061,"Iowa","Dubuque","oats",430.450970033823
19061,"Iowa","Dubuque","soybeans",3454.99213907924
19061,"Iowa","Dubuque","sunflower",0.875177503771054
19061,"Iowa","Dubuque","wheat",32.476985994803
19155,"Iowa","East Pottawattamie","corn",120278.419037277
19155,"Iowa","East Pottawattamie","grain sorghum",66.7246930954403
19155,"Iowa","East Pottawattamie","oats",294.175915008985
19155,"Iowa","East Pottawattamie","soybeans",107750.840957993
19155,"Iowa","East Pottawattamie","wheat",29.0956632921748
19063,"Iowa","Emmet","barley",0.0130361532142624
19063,"Iowa","Emmet","corn",258.585534933474
19063,"Iowa","Emmet","dry peas",0.95196508847151
19063,"Iowa","Emmet","oats",0.684450188361632
19063,"Iowa","Emmet","soybeans",196.173013378748
19063,"Iowa","Emmet","sunflower",0.0253335910797165
19065,"Iowa","Fayette","barley",3.46289448251699
19065,"Iowa","Fayette","corn",3076.81362586714
19065,"Iowa","Fayette","grain sorghum",0.48418852090084
19065,"Iowa","Fayette","oats",46.086661337721
19065,"Iowa","Fayette","soybeans",1763.48682031506
19065,"Iowa","Fayette","sunflower",0.0603230231473544
19065,"Iowa","Fayette","wheat",1.33448645356302
19067,"Iowa","Floyd","corn",636.44582763026
19067,"Iowa","Floyd","grain sorghum",0.347105869810846
19067,"Iowa","Floyd","oats",2.8413694166102
19067,"Iowa","Floyd","soybeans",417.060015269335
19067,"Iowa","Floyd","wheat",0.0705151472750342
19069,"Iowa","Franklin","barley",0.333953860438596
19069,"Iowa","Franklin","corn",3176.60518292742
19069,"Iowa","Franklin","dry peas",0.653345303641017
19069,"Iowa","Franklin","oats",15.0077326828049
19069,"Iowa","Franklin","soybeans",1783.93655895448
19069,"Iowa","Franklin","sunflower",0.161888265319915
19069,"Iowa","Franklin","wheat",0.125171339164883
19071,"Iowa","Fremont","corn",1581.77090740428
19071,"Iowa","Fremont","grain sorghum",1.07154860623767
19071,"Iowa","Fremont","oats",1.32659940507723
19071,"Iowa","Fremont","soybeans",1406.2913139473
19071,"Iowa","Fremont","sunflower",0.455009262611882
19071,"Iowa","Fremont","wheat",0.390361374472463
19073,"Iowa","Greene","barley",0.593292256324208
19073,"Iowa","Greene","corn",372.835189260084
19073,"Iowa","Greene","dry peas",0.114086219851842
19073,"Iowa","Greene","oats",1.10643872363702
19073,"Iowa","Greene","soybeans",280.261638771998
19073,"Iowa","Greene","sunflower",0.0629274646065008
19073,"Iowa","Greene","wheat",0.484427303424015
19075,"Iowa","Grundy","corn",2090.8955211488
19075,"Iowa","Grundy","oats",3.14677559421036
19075,"Iowa","Grundy","soybeans",1590.02678621705
19075,"Iowa","Grundy","wheat",0.485417040018456
19077,"Iowa","Guthrie","barley",0
19077,"Iowa","Guthrie","corn",0
19077,"Iowa","Guthrie","dry peas",0
19077,"Iowa","Guthrie","grain sorghum",0
19077,"Iowa","Guthrie","oats",0
19077,"Iowa","Guthrie","soybeans",0
19077,"Iowa","Guthrie","wheat",0
19079,"Iowa","Hamilton","corn",1645.92619377204
19079,"Iowa","Hamilton","oats",4.7737964012472
19079,"Iowa","Hamilton","soybeans",1062.28076847874
19079,"Iowa","Hamilton","sunflower",0.1106878321652
19079,"Iowa","Hamilton","wheat",0.0188868491307313
19081,"Iowa","Hancock","barley",0.0359626586044217
19081,"Iowa","Hancock","corn",199.301210561598
19081,"Iowa","Hancock","dry peas",0.0366882607956837
19081,"Iowa","Hancock","grain sorghum",0.00198406849173197
19081,"Iowa","Hancock","oats",0.997691675450979
19081,"Iowa","Hancock","soybeans",133.40353424576
19081,"Iowa","Hancock","sunflower",0.00142852931404702
19081,"Iowa","Hancock","wheat",0
19083,"Iowa","Hardin","corn",1789.97407623
19083,"Iowa","Hardin","oats",3.47810930263492
19083,"Iowa","Hardin","soybeans",953.561342401632
19083,"Iowa","Hardin","sunflower",0.0249720656421232
19085,"Iowa","Harrison","barley",0.336117938951165
19085,"Iowa","Harrison","corn",6970.34256096621
19085,"Iowa","Harrison","grain sorghum",0.957836682833617
19085,"Iowa","Harrison","oats",18.6878391875177
19085,"Iowa","Harrison","soybeans",4976.57294397409
19085,"Iowa","Harrison","sunflower",0.255900442672879
19085,"Iowa","Harrison","wheat",4.47056747440491
19087,"Iowa","Henry","barley",0
19087,"Iowa","Henry","corn",0
19087,"Iowa","Henry","grain sorghum",0
19087,"Iowa","Henry","oats",0
19087,"Iowa","Henry","soybeans",0
19087,"Iowa","Henry","wheat",0
19089,"Iowa","Howard","barley",0.529764056976877
19089,"Iowa","Howard","corn",3448.08768682131
19089,"Iowa","Howard","oats",30.8723944707481
19089,"Iowa","Howard","soybeans",2162.0929455044
19089,"Iowa","Howard","sunflower",0.321919157164466
19089,"Iowa","Howard","wheat",0.987289989391703
19091,"Iowa","Humboldt","canola",0.427730041053128
19091,"Iowa","Humboldt","corn",831.60648463305
19091,"Iowa","Humboldt","oats",4.80940944566275
19091,"Iowa","Humboldt","soybeans",651.19737588026
19093,"Iowa","Ida","barley",3.9117966808124
19093,"Iowa","Ida","corn",5378.55549781561
19093,"Iowa","Ida","oats",27.685718159669
19093,"Iowa","Ida","soybeans",4080.88944578849
19093,"Iowa","Ida","wheat",2.69487488874012
19095,"Iowa","Iowa","barley",2.07693255799483
19095,"Iowa","Iowa","corn",6110.81685892726
19095,"Iowa","Iowa","grain sorghum",7.12048576843167
19095,"Iowa","Iowa","oats",70.4757596371812
19095,"Iowa","Iowa","soybeans",4759.25145021137
19095,"Iowa","Iowa","sunflower",0.267810348360936
19095,"Iowa","Iowa","wheat",6.4787025494152
19097,"Iowa","Jackson","corn",6051.8888544417
19097,"Iowa","Jackson","grain sorghum",0.277985478359762
19097,"Iowa","Jackson","oats",187.721768115758
19097,"Iowa","Jackson","soybeans",2820.26385841532
19097,"Iowa","Jackson","wheat",9.80553354886719
19099,"Iowa","Jasper","corn",6181.9343879552
19099,"Iowa","Jasper","grain sorghum",1.05092101767796
19099,"Iowa","Jasper","oats",50.7731833657311
19099,"Iowa","Jasper","soybeans",4869.9197550211
19099,"Iowa","Jasper","wheat",0.19121930700968
19101,"Iowa","Jefferson","barley",0.962844149087179
19101,"Iowa","Jefferson","corn",2118.74390055163
19101,"Iowa","Jefferson","dry peas",1.12755397479299
19101,"Iowa","Jefferson","oats",27.966439424298
19101,"Iowa","Jefferson","soybeans",2044.12907268655
19101,"Iowa","Jefferson","sunflower",0.0608009692527898
19101,"Iowa","Jefferson","wheat",8.4963882443541
19103,"Iowa","Johnson","barley",0.257392130189884
19103,"Iowa","Johnson","corn",1861.10346769547
19103,"Iowa","Johnson","grain sorghum",0.336667246076518
19103,"Iowa","Johnson","mustard",0.00266819761772513
19103,"Iowa","Johnson","oats",17.915097052676
19103,"Iowa","Johnson","soybeans",1626.79373721668
19103,"Iowa","Johnson","sunflower",0.0985454320146482
19103,"Iowa","Johnson","wheat",7.12341169592961
19105,"Iowa","Jones","barley",0.955469450046954
19105,"Iowa","Jones","corn",3076.02681768192
19105,"Iowa","Jones","grain sorghum",0.76317245055167
19105,"Iowa","Jones","oats",39.4420997271345
19105,"Iowa","Jones","soybeans",1513.09830473081
19105,"Iowa","Jones","wheat",13.0039692928762
19107,"Iowa","Keokuk","corn",10483.012692946
19107,"Iowa","Keokuk","dry peas",3.30289403029907
19107,"Iowa","Keokuk","grain sorghum",2.17276866749944
19107,"Iowa","Keokuk","oats",84.6597797846258
19107,"Iowa","Keokuk","soybeans",9023.91426428869
19107,"Iowa","Keokuk","wheat",28.0696002827935
19109,"Iowa","Kossuth","barley",0.820689390455606
19109,"Iowa","Kossuth","corn",2044.95020284007
19109,"Iowa","Kossuth","dry peas",0.0148202661376036
19109,"Iowa","Kossuth","grain sorghum",0.0686123432296462
19109,"Iowa","Kossuth","oats",24.4422964825054
19109,"Iowa","Kossuth","soybeans",1483.5038786775
19111,"Iowa","Lee","corn",3348.78336453065
19111,"Iowa","Lee","grain sorghum",0.368409440881488
19111,"Iowa","Lee","oats",22.8267948617461
19111,"Iowa","Lee","soybeans",3148.1074592261
19111,"Iowa","Lee","wheat",46.3814719406
19113,"Iowa","Linn","barley",0.008936283738833
19113,"Iowa","Linn","corn",1173.01268699635
19113,"Iowa","Linn","oats",9.48498751804689
19113,"Iowa","Linn","soybeans",801.485618200315
19113,"Iowa","Linn","sunflower",0.00752004234272331
19113,"Iowa","Linn","wheat",0.996650959272418
19115,"Iowa","Louisa","corn",789.157981892492
19115,"Iowa","Louisa","grain sorghum",0.0522197612090863
19115,"Iowa","Louisa","oats",3.20171888715598
19115,"Iowa","Louisa","soybeans",699.588057366512
19115,"Iowa","Louisa","sunflower",0.0911060767227859
19115,"Iowa","Louisa","wheat",1.18791601588878
19117,"Iowa","Lucas","barley",3.76589496530875
19117,"Iowa","Lucas","corn",1411.09147338909
19117,"Iowa","Lucas","grain sorghum",0.128587353698227
19117,"Iowa","Lucas","oats",58.7501903062805
19117,"Iowa","Lucas","soybeans",1620.35616157073
19117,"Iowa","Lucas","wheat",18.0486924148881
19119,"Iowa","Lyon","barley",0.362708086641971
19119,"Iowa","Lyon","corn",4416.81190245191
19119,"Iowa","Lyon","oats",13.5891504685129
19119,"Iowa","Lyon","soybeans",2802.6330315318
19119,"Iowa","Lyon","wheat",0.0122074611820803
19121,"Iowa","Madison","corn",0
19121,"Iowa","Madison","dry peas",0
19121,"Iowa","Madison","oats",0
19121,"Iowa","Madison","soybeans",0
19121,"Iowa","Madison","sunflower",0
19121,"Iowa","Madison","wheat",0
19123,"Iowa","Mahaska","barley",0.548571237868952
19123,"Iowa","Mahaska","corn",8653.66274480598
19123,"Iowa","Mahaska","cotton",0.119833522835451
19123,"Iowa","Mahaska","grain sorghum",1.1124545369891
19123,"Iowa","Mahaska","oats",46.9815315177907
19123,"Iowa","Mahaska","soybeans",7019.72766788115
19123,"Iowa","Mahaska","sunflower",0.559223106565437
19123,"Iowa","Mahaska","wheat",0.738973390818613
19125,"Iowa","Marion","corn",1451.86435832233
19125,"Iowa","Marion","grain sorghum",0.404165579940782
19125,"Iowa","Marion","oats",29.955483784133
19125,"Iowa","Marion","soybeans",1417.7488997815
19125,"Iowa","Marion","wheat",0.73446253205681
19127,"Iowa","Marshall","corn",3682.39313449987
19127,"Iowa","Marshall","grain sorghum",0.705042581441804
19127,"Iowa","Marshall","oats",12.5654644676189
19127,"Iowa","Marshall","soybeans",2875.83477562732
19127,"Iowa","Marshall","wheat",0.199582823692997
19129,"Iowa","Mills","corn",0
19129,"Iowa","Mills","grain sorghum",0
19129,"Iowa","Mills","oats",0
19129,"Iowa","Mills","soybeans",0
19129,"Iowa","Mills","sunflower",0
19129,"Iowa","Mills","wheat",0
19131,"Iowa","Mitchell","barley",0
19131,"Iowa","Mitchell","corn",0
19131,"Iowa","Mitchell","dry peas",0
19131,"Iowa","Mitchell","oats",0
19131,"Iowa","Mitchell","soybeans",0
19131,"Iowa","Mitchell","sunflower",0
19131,"Iowa","Mitchell","wheat",0
19133,"Iowa","Monona","corn",9006.95864227342
19133,"Iowa","Monona","dry peas",4.72443468888217
19133,"Iowa","Monona","oats",13.8284859885742
19133,"Iowa","Monona","soybeans",7289.12728718049
19133,"Iowa","Monona","sunflower",0.680775505841184
19133,"Iowa","Monona","wheat",2.60887436282685
19135,"Iowa","Monroe","corn",0
19135,"Iowa","Monroe","grain sorghum",0
19135,"Iowa","Monroe","oats",0
19135,"Iowa","Monroe","soybeans",0
19135,"Iowa","Monroe","wheat",0
19137,"Iowa","Montgomery","corn",5345.62615976367
19137,"Iowa","Montgomery","grain sorghum",1.31574264917743
19137,"Iowa","Montgomery","oats",29.0745181954307
19137,"Iowa","Montgomery","soybeans",5063.10992114484
19137,"Iowa","Montgomery","wheat",2.36799158024237
19139,"Iowa","Muscatine","corn",2141.53684567279
19139,"Iowa","Muscatine","grain sorghum",0.168301702878629
19139,"Iowa","Muscatine","oats",18.1802631800243
19139,"Iowa","Muscatine","soybeans",1816.1012150087
19139,"Iowa","Muscatine","sunflower",0.01242996328498
19139,"Iowa","Muscatine","wheat",1.29361113899444
19141,"Iowa","O&#39;Brien","barley",1.10059452012384
19141,"Iowa","O&#39;Brien","canola",3.45058006734811
19141,"Iowa","O&#39;Brien","corn",2641.01410583531
19141,"Iowa","O&#39;Brien","oats",9.88811339426227
19141,"Iowa","O&#39;Brien","soybeans",2111.69702834921
19141,"Iowa","O&#39;Brien","sunflower",0.235763615461341
19141,"Iowa","O&#39;Brien","wheat",0.223647551514454
19143,"Iowa","Osceola","corn",2775.88267139509
19143,"Iowa","Osceola","oats",22.7203099341434
19143,"Iowa","Osceola","soybeans",2215.07306476219
19143,"Iowa","Osceola","wheat",1.23578724189899
19145,"Iowa","Page","corn",9405.96384677092
19145,"Iowa","Page","grain sorghum",10.0504111131159
19145,"Iowa","Page","oats",52.0382132090051
19145,"Iowa","Page","soybeans",9090.83074737379
19145,"Iowa","Page","wheat",11.2459148665072
19147,"Iowa","Palo Alto","barley",1.07063170809491
19147,"Iowa","Palo Alto","canola",0.965336447580766
19147,"Iowa","Palo Alto","corn",1318.32883678406
19147,"Iowa","Palo Alto","dry peas",0.957009631108476
19147,"Iowa","Palo Alto","oats",44.6429098126966
19147,"Iowa","Palo Alto","soybeans",910.565684217263
19147,"Iowa","Palo Alto","sunflower",0.0246112802136679
19147,"Iowa","Palo Alto","wheat",1.74898011898413
19149,"Iowa","Plymouth","barley",0.0900639076640554
19149,"Iowa","Plymouth","corn",6440.59645805092
19149,"Iowa","Plymouth","grain sorghum",0.22101572432897
19149,"Iowa","Plymouth","oats",31.0570190748448
19149,"Iowa","Plymouth","soybeans",5294.77170899237
19149,"Iowa","Plymouth","sunflower",0.173681523368516
19149,"Iowa","Plymouth","wheat",1.82221939316128
19151,"Iowa","Pocahontas","barley",0.223566498620407
19151,"Iowa","Pocahontas","canola",0.0687043058411441
19151,"Iowa","Pocahontas","corn",254.812840094873
19151,"Iowa","Pocahontas","oats",1.12575744130556
19151,"Iowa","Pocahontas","soybeans",205.199871767801
19151,"Iowa","Pocahontas","sunflower",0.00925989156107257
19153,"Iowa","Polk","corn",0
19153,"Iowa","Polk","cotton",0
19153,"Iowa","Polk","dry peas",0
19153,"Iowa","Polk","oats",0
19153,"Iowa","Polk","soybeans",0
19153,"Iowa","Polk","sunflower",0
19153,"Iowa","Polk","wheat",0
19157,"Iowa","Poweshiek","barley",2.55618403408615
19157,"Iowa","Poweshiek","corn",11307.5475794393
19157,"Iowa","Poweshiek","oats",135.593580895611
19157,"Iowa","Poweshiek","soybeans",9368.32358063103
19159,"Iowa","Ringgold","corn",2208.45408782482
19159,"Iowa","Ringgold","grain sorghum",3.12713022674514
19159,"Iowa","Ringgold","oats",65.3089199016706
19159,"Iowa","Ringgold","soybeans",2374.61185027732
19159,"Iowa","Ringgold","sunflower",0.243298951624732
19159,"Iowa","Ringgold","wheat",8.59297948447628
19161,"Iowa","Sac","barley",1.32545670472791
19161,"Iowa","Sac","canola",1.35031431570757
19161,"Iowa","Sac","corn",1598.67812061111
19161,"Iowa","Sac","grain sorghum",0.0788011894458544
19161,"Iowa","Sac","oats",5.88541886732801
19161,"Iowa","Sac","soybeans",1298.17809451336
19161,"Iowa","Sac","sunflower",0.240296810342705
19161,"Iowa","Sac","wheat",0.542096988057785
19163,"Iowa","Scott","barley",0
19163,"Iowa","Scott","corn",0
19163,"Iowa","Scott","grain sorghum",0
19163,"Iowa","Scott","oats",0
19163,"Iowa","Scott","soybeans",0
19163,"Iowa","Scott","sunflower",0
19163,"Iowa","Scott","wheat",0
19165,"Iowa","Shelby","barley",3.37746017881909
19165,"Iowa","Shelby","corn",5969.96628852539
19165,"Iowa","Shelby","grain sorghum",0.105402897497735
19165,"Iowa","Shelby","oats",16.8993168244102
19165,"Iowa","Shelby","soybeans",4862.76344901259
19165,"Iowa","Shelby","sunflower",0.247696809119677
19165,"Iowa","Shelby","wheat",3.85505241881438
19167,"Iowa","Sioux","barley",0.721984443088236
19167,"Iowa","Sioux","corn",4058.38301787673
19167,"Iowa","Sioux","dry peas",0.0646287965167941
19167,"Iowa","Sioux","grain sorghum",1.86450846511125
19167,"Iowa","Sioux","oats",12.0507500273179
19167,"Iowa","Sioux","soybeans",2478.18661379192
19167,"Iowa","Sioux","wheat",1.6788299327185
19169,"Iowa","Story","barley",0
19169,"Iowa","Story","canola",0
19169,"Iowa","Story","corn",0
19169,"Iowa","Story","dry peas",0
19169,"Iowa","Story","grain sorghum",0
19169,"Iowa","Story","oats",0
19169,"Iowa","Story","soybeans",0
19169,"Iowa","Story","sunflower",0
19169,"Iowa","Story","wheat",0
19171,"Iowa","Tama","barley",0.28442309241051
19171,"Iowa","Tama","corn",5549.08742569789
19171,"Iowa","Tama","grain sorghum",2.08646088284293
19171,"Iowa","Tama","oats",52.3742103134239
19171,"Iowa","Tama","soybeans",4617.1236125659
19171,"Iowa","Tama","wheat",2.56666744745273
19173,"Iowa","Taylor","barley",0.665667213740829
19173,"Iowa","Taylor","corn",9499.86190475554
19173,"Iowa","Taylor","grain sorghum",4.65463301456831
19173,"Iowa","Taylor","oats",145.631914401333
19173,"Iowa","Taylor","soybeans",9687.79679068005
19173,"Iowa","Taylor","sunflower",1.27936041079319
19173,"Iowa","Taylor","wheat",16.0098961906595
19175,"Iowa","Union","corn",2406.76302759637
19175,"Iowa","Union","oats",46.7659232951951
19175,"Iowa","Union","soybeans",2352.12915296212
19175,"Iowa","Union","sunflower",0.497157836000432
19175,"Iowa","Union","wheat",3.95840497698275
19177,"Iowa","Van Buren","corn",2418.74959591031
19177,"Iowa","Van Buren","grain sorghum",1.07163816219634
19177,"Iowa","Van Buren","oats",34.2556117205173
19177,"Iowa","Van Buren","soybeans",2368.20962616695
19177,"Iowa","Van Buren","wheat",37.6395280400143
19179,"Iowa","Wapello","corn",2109.35900330192
19179,"Iowa","Wapello","grain sorghum",1.16760065072627
19179,"Iowa","Wapello","oats",36.5295576477236
19179,"Iowa","Wapello","soybeans",2076.83580997233
19179,"Iowa","Wapello","sunflower",0.130686423544954
19179,"Iowa","Wapello","wheat",13.6638420037472
19181,"Iowa","Warren","corn",0
19181,"Iowa","Warren","dry peas",0
19181,"Iowa","Warren","flaxseed",0
19181,"Iowa","Warren","grain sorghum",0
19181,"Iowa","Warren","oats",0
19181,"Iowa","Warren","soybeans",0
19181,"Iowa","Warren","sunflower",0
19181,"Iowa","Warren","wheat",0
19183,"Iowa","Washington","barley",0.25213407453641
19183,"Iowa","Washington","corn",1077.50796122309
19183,"Iowa","Washington","dry peas",0.689324300806116
19183,"Iowa","Washington","flaxseed",0.596963160946444
19183,"Iowa","Washington","grain sorghum",0.413904170896607
19183,"Iowa","Washington","mustard",0.154795206468724
19183,"Iowa","Washington","oats",8.04701970267624
19183,"Iowa","Washington","soybeans",875.280626122629
19183,"Iowa","Washington","wheat",1.64860537129343
19185,"Iowa","Wayne","barley",0.172786407612653
19185,"Iowa","Wayne","corn",2871.62318295927
19185,"Iowa","Wayne","dry peas",3.37279067659899
19185,"Iowa","Wayne","grain sorghum",3.10894583217447
19185,"Iowa","Wayne","oats",18.5998520270755
19185,"Iowa","Wayne","soybeans",3299.3152438054
19185,"Iowa","Wayne","wheat",22.8965316251793
19187,"Iowa","Webster","corn",351.413936632716
19187,"Iowa","Webster","oats",0.713644534126994
19187,"Iowa","Webster","soybeans",269.655296897849
19187,"Iowa","Webster","sunflower",0.0539543218749777
19187,"Iowa","Webster","wheat",0.0231676134191445
19156,"Iowa","West Pottawattamie","corn",114949.121671607
19156,"Iowa","West Pottawattamie","oats",469.363388425048
19156,"Iowa","West Pottawattamie","soybeans",84205.7996976975
19156,"Iowa","West Pottawattamie","sunflower",3.43549977870374
19156,"Iowa","West Pottawattamie","wheat",299.864042491965
19189,"Iowa","Winnebago","corn",581.566451898045
19189,"Iowa","Winnebago","dry peas",0.660255230499975
19189,"Iowa","Winnebago","oats",1.45768117267695
19189,"Iowa","Winnebago","soybeans",403.685058615902
19189,"Iowa","Winnebago","sunflower",0.000908144669979163
19189,"Iowa","Winnebago","wheat",0.0644782715685205
19191,"Iowa","Winneshiek","barley",15.9732003443072
19191,"Iowa","Winneshiek","corn",10856.9269042734
19191,"Iowa","Winneshiek","grain sorghum",1.04113989224881
19191,"Iowa","Winneshiek","oats",354.263104114998
19191,"Iowa","Winneshiek","soybeans",4479.26859096474
19191,"Iowa","Winneshiek","sunflower",1.16479198227938
19191,"Iowa","Winneshiek","wheat",15.9097684279928
19193,"Iowa","Woodbury","corn",9888.76920499414
19193,"Iowa","Woodbury","oats",18.6485595843212
19193,"Iowa","Woodbury","soybeans",7875.75812328165
19193,"Iowa","Woodbury","sunflower",0.73250601390337
19193,"Iowa","Woodbury","wheat",6.85010612597738
19195,"Iowa","Worth","barley",0
19195,"Iowa","Worth","corn",0
19195,"Iowa","Worth","oats",0
19195,"Iowa","Worth","soybeans",0
19197,"Iowa","Wright","barley",0.0874662620941957
19197,"Iowa","Wright","corn",1053.06063358268
19197,"Iowa","Wright","oats",1.78084873351025
19197,"Iowa","Wright","soybeans",786.447546155481
19197,"Iowa","Wright","wheat",0.470005266217858
20001,"Kansas","Allen","barley",0
20001,"Kansas","Allen","corn",0
20001,"Kansas","Allen","grain sorghum",0
20001,"Kansas","Allen","oats",0
20001,"Kansas","Allen","soybeans",0
20001,"Kansas","Allen","wheat",0
20003,"Kansas","Anderson","barley",0
20003,"Kansas","Anderson","corn",0
20003,"Kansas","Anderson","grain sorghum",0
20003,"Kansas","Anderson","oats",0
20003,"Kansas","Anderson","soybeans",0
20003,"Kansas","Anderson","sunflower",0
20003,"Kansas","Anderson","wheat",0
20005,"Kansas","Atchison","corn",5859.84177461571
20005,"Kansas","Atchison","grain sorghum",8.93274954560905
20005,"Kansas","Atchison","oats",19.8821336717176
20005,"Kansas","Atchison","soybeans",6251.86550200522
20005,"Kansas","Atchison","wheat",159.121506828384
20007,"Kansas","Barber","barley",11.7022308449912
20007,"Kansas","Barber","canola",220.755015947349
20007,"Kansas","Barber","corn",425.327686569455
20007,"Kansas","Barber","cotton",604.234121797441
20007,"Kansas","Barber","grain sorghum",934.394058365965
20007,"Kansas","Barber","oats",131.020916155981
20007,"Kansas","Barber","sesame",273.5458308188
20007,"Kansas","Barber","soybeans",1497.51628872319
20007,"Kansas","Barber","sunflower",10.6860116957507
20007,"Kansas","Barber","wheat",17480.1028390811
20009,"Kansas","Barton","barley",0
20009,"Kansas","Barton","corn",0
20009,"Kansas","Barton","cotton",0
20009,"Kansas","Barton","grain sorghum",0
20009,"Kansas","Barton","oats",0
20009,"Kansas","Barton","soybeans",0
20009,"Kansas","Barton","sunflower",0
20009,"Kansas","Barton","wheat",0
20011,"Kansas","Bourbon","barley",0
20011,"Kansas","Bourbon","corn",0
20011,"Kansas","Bourbon","grain sorghum",0
20011,"Kansas","Bourbon","oats",0
20011,"Kansas","Bourbon","soybeans",0
20011,"Kansas","Bourbon","sunflower",0
20011,"Kansas","Bourbon","wheat",0
20013,"Kansas","Brown","barley",8.58629644729307
20013,"Kansas","Brown","corn",9025.0251771919
20013,"Kansas","Brown","grain sorghum",7.14307188083597
20013,"Kansas","Brown","oats",11.7175224606026
20013,"Kansas","Brown","rice_long grain",0.209038107224674
20013,"Kansas","Brown","soybeans",8856.62015199133
20013,"Kansas","Brown","sunflower",3.82637137489753
20013,"Kansas","Brown","wheat",142.302803879276
20015,"Kansas","Butler","barley",8.69975052739854
20015,"Kansas","Butler","canola",35.5009939395259
20015,"Kansas","Butler","corn",7007.94300311774
20015,"Kansas","Butler","cotton",608.394769055023
20015,"Kansas","Butler","grain sorghum",342.833202061729
20015,"Kansas","Butler","oats",24.3629085493598
20015,"Kansas","Butler","soybeans",8663.80096160458
20015,"Kansas","Butler","sunflower",27.9381649627777
20015,"Kansas","Butler","wheat",3546.26831284858
20017,"Kansas","Chase","corn",0
20017,"Kansas","Chase","grain sorghum",0
20017,"Kansas","Chase","oats",0
20017,"Kansas","Chase","soybeans",0
20017,"Kansas","Chase","sunflower",0
20017,"Kansas","Chase","wheat",0
20019,"Kansas","Chautauqua","corn",0
20019,"Kansas","Chautauqua","grain sorghum",0
20019,"Kansas","Chautauqua","oats",0
20019,"Kansas","Chautauqua","soybeans",0
20019,"Kansas","Chautauqua","sunflower",0
20019,"Kansas","Chautauqua","wheat",0
20021,"Kansas","Cherokee","barley",0.875299699682461
20021,"Kansas","Cherokee","canola",16.7117546574591
20021,"Kansas","Cherokee","corn",4330.70936384441
20021,"Kansas","Cherokee","grain sorghum",125.797159482155
20021,"Kansas","Cherokee","oats",4.85966393263702
20021,"Kansas","Cherokee","soybeans",7603.66441920352
20021,"Kansas","Cherokee","sunflower",9.00797560499298
20021,"Kansas","Cherokee","wheat",4435.35456357516
20023,"Kansas","Cheyenne","barley",0
20023,"Kansas","Cheyenne","corn",0
20023,"Kansas","Cheyenne","dry peas",0
20023,"Kansas","Cheyenne","grain sorghum",0
20023,"Kansas","Cheyenne","oats",0
20023,"Kansas","Cheyenne","soybeans",0
20023,"Kansas","Cheyenne","sunflower",0
20023,"Kansas","Cheyenne","wheat",0
20025,"Kansas","Clark","barley",23.2679253282679
20025,"Kansas","Clark","canola",17.731320501633
20025,"Kansas","Clark","corn",430.701754078891
20025,"Kansas","Clark","cotton",106.158657035712
20025,"Kansas","Clark","grain sorghum",3364.93687897511
20025,"Kansas","Clark","oats",82.5683763007243
20025,"Kansas","Clark","sesame",4.69879993293275
20025,"Kansas","Clark","soybeans",82.651536193877
20025,"Kansas","Clark","sunflower",39.4060866828292
20025,"Kansas","Clark","wheat",13823.3324983034
20027,"Kansas","Clay","barley",0.0793124378157884
20027,"Kansas","Clay","corn",3659.59113170668
20027,"Kansas","Clay","grain sorghum",1191.34741925496
20027,"Kansas","Clay","oats",51.5457729649013
20027,"Kansas","Clay","soybeans",7115.46244237635
20027,"Kansas","Clay","sunflower",4.80868831963443
20027,"Kansas","Clay","wheat",3049.31823293962
20029,"Kansas","Cloud","canola",0.440929826066191
20029,"Kansas","Cloud","corn",135.985190753862
20029,"Kansas","Cloud","cotton",0.0158367990458556
20029,"Kansas","Cloud","dry peas",0.346558683764301
20029,"Kansas","Cloud","grain sorghum",66.0703999703132
20029,"Kansas","Cloud","oats",1.93078037358038
20029,"Kansas","Cloud","sesame",0.940009632529858
20029,"Kansas","Cloud","soybeans",237.804614502335
20029,"Kansas","Cloud","sunflower",0.27769557460051
20029,"Kansas","Cloud","wheat",137.801783883895
20031,"Kansas","Coffey","barley",0
20031,"Kansas","Coffey","canola",0
20031,"Kansas","Coffey","corn",0
20031,"Kansas","Coffey","grain sorghum",0
20031,"Kansas","Coffey","oats",0
20031,"Kansas","Coffey","soybeans",0
20031,"Kansas","Coffey","sunflower",0
20031,"Kansas","Coffey","wheat",0
20033,"Kansas","Comanche","grain sorghum",0
20033,"Kansas","Comanche","wheat",0
20035,"Kansas","Cowley","barley",0.023057923200079
20035,"Kansas","Cowley","corn",125.776935919871
20035,"Kansas","Cowley","cotton",35.9865187523657
20035,"Kansas","Cowley","grain sorghum",51.105364812625
20035,"Kansas","Cowley","oats",2.88636560658238
20035,"Kansas","Cowley","soybeans",416.639973245109
20035,"Kansas","Cowley","sunflower",0.745674621821303
20035,"Kansas","Cowley","wheat",320.529109118425
20037,"Kansas","Crawford","barley",0
20037,"Kansas","Crawford","corn",0
20037,"Kansas","Crawford","grain sorghum",0
20037,"Kansas","Crawford","oats",0
20037,"Kansas","Crawford","soybeans",0
20037,"Kansas","Crawford","sunflower",0
20037,"Kansas","Crawford","wheat",0
20039,"Kansas","Decatur","barley",0
20039,"Kansas","Decatur","corn",0
20039,"Kansas","Decatur","dry peas",0
20039,"Kansas","Decatur","grain sorghum",0
20039,"Kansas","Decatur","oats",0
20039,"Kansas","Decatur","soybeans",0
20039,"Kansas","Decatur","sunflower",0
20039,"Kansas","Decatur","wheat",0
20041,"Kansas","Dickinson","corn",224.704500905735
20041,"Kansas","Dickinson","grain sorghum",242.724205708928
20041,"Kansas","Dickinson","oats",14.9660087713764
20041,"Kansas","Dickinson","soybeans",985.289978594525
20041,"Kansas","Dickinson","sunflower",1.24474194615453
20041,"Kansas","Dickinson","wheat",907.139610739952
20043,"Kansas","Doniphan","corn",6818.66875268718
20043,"Kansas","Doniphan","oats",4.3547897850674
20043,"Kansas","Doniphan","soybeans",5004.33430558823
20043,"Kansas","Doniphan","wheat",28.240151939528
20045,"Kansas","Douglas","barley",0
20045,"Kansas","Douglas","corn",0
20045,"Kansas","Douglas","grain sorghum",0
20045,"Kansas","Douglas","oats",0
20045,"Kansas","Douglas","soybeans",0
20045,"Kansas","Douglas","sunflower",0
20045,"Kansas","Douglas","wheat",0
20047,"Kansas","Edwards","barley",0
20047,"Kansas","Edwards","canola",0
20047,"Kansas","Edwards","corn",0
20047,"Kansas","Edwards","cotton",0
20047,"Kansas","Edwards","grain sorghum",0
20047,"Kansas","Edwards","oats",0
20047,"Kansas","Edwards","soybeans",0
20047,"Kansas","Edwards","sunflower",0
20047,"Kansas","Edwards","wheat",0
20049,"Kansas","Elk","corn",0
20049,"Kansas","Elk","grain sorghum",0
20049,"Kansas","Elk","oats",0
20049,"Kansas","Elk","soybeans",0
20049,"Kansas","Elk","wheat",0
20051,"Kansas","Ellis","barley",0
20051,"Kansas","Ellis","corn",0
20051,"Kansas","Ellis","cotton",0
20051,"Kansas","Ellis","grain sorghum",0
20051,"Kansas","Ellis","oats",0
20051,"Kansas","Ellis","soybeans",0
20051,"Kansas","Ellis","sunflower",0
20051,"Kansas","Ellis","wheat",0
20053,"Kansas","Ellsworth","barley",0
20053,"Kansas","Ellsworth","corn",0
20053,"Kansas","Ellsworth","grain sorghum",0
20053,"Kansas","Ellsworth","oats",0
20053,"Kansas","Ellsworth","soybeans",0
20053,"Kansas","Ellsworth","sunflower",0
20053,"Kansas","Ellsworth","wheat",0
20055,"Kansas","Finney","barley",0
20055,"Kansas","Finney","canola",0
20055,"Kansas","Finney","corn",0
20055,"Kansas","Finney","cotton",0
20055,"Kansas","Finney","grain sorghum",0
20055,"Kansas","Finney","oats",0
20055,"Kansas","Finney","soybeans",0
20055,"Kansas","Finney","sunflower",0
20055,"Kansas","Finney","wheat",0
20057,"Kansas","Ford","barley",15.742616900772
20057,"Kansas","Ford","corn",1615.93832763249
20057,"Kansas","Ford","cotton",55.2482457643367
20057,"Kansas","Ford","grain sorghum",4160.54901556881
20057,"Kansas","Ford","oats",40.3068993039571
20057,"Kansas","Ford","soybeans",401.101226010241
20057,"Kansas","Ford","sunflower",5.0587106125407
20057,"Kansas","Ford","wheat",8018.5330415402
20059,"Kansas","Franklin","barley",0
20059,"Kansas","Franklin","corn",0
20059,"Kansas","Franklin","grain sorghum",0
20059,"Kansas","Franklin","oats",0
20059,"Kansas","Franklin","soybeans",0
20059,"Kansas","Franklin","sunflower",0
20059,"Kansas","Franklin","wheat",0
20061,"Kansas","Geary","corn",0
20061,"Kansas","Geary","dry peas",0
20061,"Kansas","Geary","grain sorghum",0
20061,"Kansas","Geary","oats",0
20061,"Kansas","Geary","soybeans",0
20061,"Kansas","Geary","sunflower",0
20061,"Kansas","Geary","wheat",0
20063,"Kansas","Gove","barley",15.0547879479597
20063,"Kansas","Gove","corn",2281.39565126805
20063,"Kansas","Gove","grain sorghum",509.81059811578
20063,"Kansas","Gove","oats",53.1437925489253
20063,"Kansas","Gove","soybeans",30.1379585890293
20063,"Kansas","Gove","sunflower",44.5812371422958
20063,"Kansas","Gove","wheat",1600.83097438798
20065,"Kansas","Graham","barley",0
20065,"Kansas","Graham","corn",0
20065,"Kansas","Graham","dry peas",0
20065,"Kansas","Graham","grain sorghum",0
20065,"Kansas","Graham","oats",0
20065,"Kansas","Graham","soybeans",0
20065,"Kansas","Graham","sunflower",0
20065,"Kansas","Graham","wheat",0
20067,"Kansas","Grant","barley",0
20067,"Kansas","Grant","corn",0
20067,"Kansas","Grant","cotton",0
20067,"Kansas","Grant","grain sorghum",0
20067,"Kansas","Grant","oats",0
20067,"Kansas","Grant","soybeans",0
20067,"Kansas","Grant","sunflower",0
20067,"Kansas","Grant","wheat",0
20069,"Kansas","Gray","barley",0
20069,"Kansas","Gray","canola",0
20069,"Kansas","Gray","corn",0
20069,"Kansas","Gray","cotton",0
20069,"Kansas","Gray","grain sorghum",0
20069,"Kansas","Gray","oats",0
20069,"Kansas","Gray","soybeans",0
20069,"Kansas","Gray","sunflower",0
20069,"Kansas","Gray","wheat",0
20071,"Kansas","Greeley","barley",2.50270665637943
20071,"Kansas","Greeley","corn",3474.31850418312
20071,"Kansas","Greeley","dry peas",5.87173484765944
20071,"Kansas","Greeley","grain sorghum",3730.16240877097
20071,"Kansas","Greeley","oats",19.9314595534575
20071,"Kansas","Greeley","sunflower",59.3696885923746
20071,"Kansas","Greeley","wheat",7886.20299739601
20073,"Kansas","Greenwood","barley",0
20073,"Kansas","Greenwood","corn",0
20073,"Kansas","Greenwood","grain sorghum",0
20073,"Kansas","Greenwood","oats",0
20073,"Kansas","Greenwood","soybeans",0
20073,"Kansas","Greenwood","sunflower",0
20073,"Kansas","Greenwood","wheat",0
20075,"Kansas","Hamilton","barley",47.7335993655238
20075,"Kansas","Hamilton","corn",562.182838067054
20075,"Kansas","Hamilton","grain sorghum",1070.81802529921
20075,"Kansas","Hamilton","oats",14.9837650505588
20075,"Kansas","Hamilton","soybeans",13.8138184472025
20075,"Kansas","Hamilton","sunflower",8.09862743937845
20075,"Kansas","Hamilton","wheat",2294.68815966445
20077,"Kansas","Harper","barley",138.103470888391
20077,"Kansas","Harper","canola",953.913562879613
20077,"Kansas","Harper","corn",630.683872141722
20077,"Kansas","Harper","cotton",2140.0188287597
20077,"Kansas","Harper","grain sorghum",4728.73883681786
20077,"Kansas","Harper","oats",372.619669621981
20077,"Kansas","Harper","sesame",242.433908032753
20077,"Kansas","Harper","soybeans",5476.68532594074
20077,"Kansas","Harper","sunflower",15.4250075787368
20077,"Kansas","Harper","wheat",86190.7985173385
20079,"Kansas","Harvey","barley",41.762582038338
20079,"Kansas","Harvey","canola",7.62023408641358
20079,"Kansas","Harvey","corn",8314.28513311475
20079,"Kansas","Harvey","cotton",256.945129355632
20079,"Kansas","Harvey","dry peas",6.71679163209185
20079,"Kansas","Harvey","grain sorghum",1191.32791297943
20079,"Kansas","Harvey","oats",72.2584414737768
20079,"Kansas","Harvey","soybeans",12071.5481654392
20079,"Kansas","Harvey","sunflower",33.6206703625581
20079,"Kansas","Harvey","wheat",9015.0887728512
20081,"Kansas","Haskell","barley",0
20081,"Kansas","Haskell","corn",0
20081,"Kansas","Haskell","cotton",0
20081,"Kansas","Haskell","grain sorghum",0
20081,"Kansas","Haskell","oats",0
20081,"Kansas","Haskell","soybeans",0
20081,"Kansas","Haskell","sunflower",0
20081,"Kansas","Haskell","wheat",0
20083,"Kansas","Hodgeman","corn",0
20083,"Kansas","Hodgeman","cotton",0
20083,"Kansas","Hodgeman","grain sorghum",0
20083,"Kansas","Hodgeman","oats",0
20083,"Kansas","Hodgeman","soybeans",0
20083,"Kansas","Hodgeman","sunflower",0
20083,"Kansas","Hodgeman","wheat",0
20085,"Kansas","Jackson","barley",0
20085,"Kansas","Jackson","corn",0
20085,"Kansas","Jackson","grain sorghum",0
20085,"Kansas","Jackson","oats",0
20085,"Kansas","Jackson","soybeans",0
20085,"Kansas","Jackson","sunflower",0
20085,"Kansas","Jackson","wheat",0
20087,"Kansas","Jefferson","corn",3015.87137237391
20087,"Kansas","Jefferson","grain sorghum",21.5958095554222
20087,"Kansas","Jefferson","oats",20.094567660162
20087,"Kansas","Jefferson","soybeans",3097.51400992398
20087,"Kansas","Jefferson","sunflower",1.30240107092375
20087,"Kansas","Jefferson","wheat",143.631422748923
20089,"Kansas","Jewell","barley",1.45264461210906
20089,"Kansas","Jewell","canola",1.5992211920551
20089,"Kansas","Jewell","corn",1631.37751024905
20089,"Kansas","Jewell","grain sorghum",467.501446714319
20089,"Kansas","Jewell","oats",39.5030273584698
20089,"Kansas","Jewell","soybeans",2161.40860755086
20089,"Kansas","Jewell","sunflower",7.925210757322
20089,"Kansas","Jewell","wheat",1339.12933156582
20091,"Kansas","Johnson","corn",1126.24959363003
20091,"Kansas","Johnson","grain sorghum",2.16329486317565
20091,"Kansas","Johnson","mustard",0.000921858606466895
20091,"Kansas","Johnson","oats",4.22188195296676
20091,"Kansas","Johnson","soybeans",2744.62676694045
20091,"Kansas","Johnson","sunflower",0.949207078458747
20091,"Kansas","Johnson","wheat",209.273150342984
20093,"Kansas","Kearny","barley",0
20093,"Kansas","Kearny","corn",0
20093,"Kansas","Kearny","grain sorghum",0
20093,"Kansas","Kearny","oats",0
20093,"Kansas","Kearny","soybeans",0
20093,"Kansas","Kearny","sunflower",0
20093,"Kansas","Kearny","wheat",0
20095,"Kansas","Kingman","barley",0
20095,"Kansas","Kingman","canola",0
20095,"Kansas","Kingman","corn",0
20095,"Kansas","Kingman","cotton",0
20095,"Kansas","Kingman","grain sorghum",0
20095,"Kansas","Kingman","oats",0
20095,"Kansas","Kingman","soybeans",0
20095,"Kansas","Kingman","sunflower",0
20095,"Kansas","Kingman","wheat",0
20097,"Kansas","Kiowa","corn",0
20097,"Kansas","Kiowa","cotton",0
20097,"Kansas","Kiowa","grain sorghum",0
20097,"Kansas","Kiowa","oats",0
20097,"Kansas","Kiowa","soybeans",0
20097,"Kansas","Kiowa","sunflower",0
20097,"Kansas","Kiowa","wheat",0
20099,"Kansas","Labette","barley",0
20099,"Kansas","Labette","corn",0
20099,"Kansas","Labette","grain sorghum",0
20099,"Kansas","Labette","oats",0
20099,"Kansas","Labette","soybeans",0
20099,"Kansas","Labette","sunflower",0
20099,"Kansas","Labette","wheat",0
20101,"Kansas","Lane","barley",0
20101,"Kansas","Lane","corn",0
20101,"Kansas","Lane","grain sorghum",0
20101,"Kansas","Lane","oats",0
20101,"Kansas","Lane","soybeans",0
20101,"Kansas","Lane","sunflower",0
20101,"Kansas","Lane","wheat",0
20103,"Kansas","Leavenworth","corn",0
20103,"Kansas","Leavenworth","grain sorghum",0
20103,"Kansas","Leavenworth","oats",0
20103,"Kansas","Leavenworth","soybeans",0
20103,"Kansas","Leavenworth","sunflower",0
20103,"Kansas","Leavenworth","wheat",0
20105,"Kansas","Lincoln","barley",0
20105,"Kansas","Lincoln","corn",0
20105,"Kansas","Lincoln","grain sorghum",0
20105,"Kansas","Lincoln","oats",0
20105,"Kansas","Lincoln","soybeans",0
20105,"Kansas","Lincoln","sunflower",0
20105,"Kansas","Lincoln","wheat",0
20107,"Kansas","Linn","corn",0
20107,"Kansas","Linn","grain sorghum",0
20107,"Kansas","Linn","oats",0
20107,"Kansas","Linn","soybeans",0
20107,"Kansas","Linn","sunflower",0
20107,"Kansas","Linn","wheat",0
20109,"Kansas","Logan","barley",14.3711016006002
20109,"Kansas","Logan","corn",11095.2263263501
20109,"Kansas","Logan","grain sorghum",2379.97213848268
20109,"Kansas","Logan","oats",71.4754917254512
20109,"Kansas","Logan","soybeans",89.5215383384539
20109,"Kansas","Logan","sunflower",62.4064388927942
20109,"Kansas","Logan","wheat",7349.13246460994
20111,"Kansas","Lyon","corn",0
20111,"Kansas","Lyon","grain sorghum",0
20111,"Kansas","Lyon","oats",0
20111,"Kansas","Lyon","soybeans",0
20111,"Kansas","Lyon","sunflower",0
20111,"Kansas","Lyon","wheat",0
20115,"Kansas","Marion","barley",26.9007915075994
20115,"Kansas","Marion","corn",5113.29078732381
20115,"Kansas","Marion","cotton",15.4012819724732
20115,"Kansas","Marion","grain sorghum",1031.81276802891
20115,"Kansas","Marion","oats",285.070588404281
20115,"Kansas","Marion","soybeans",8818.50044535367
20115,"Kansas","Marion","sunflower",107.613768249208
20115,"Kansas","Marion","wheat",7905.24447582671
20117,"Kansas","Marshall","barley",2.14526603415799
20117,"Kansas","Marshall","corn",6898.32616451343
20117,"Kansas","Marshall","grain sorghum",221.375308999441
20117,"Kansas","Marshall","oats",43.5917085506828
20117,"Kansas","Marshall","soybeans",7656.11509956487
20117,"Kansas","Marshall","sunflower",2.97674658998721
20117,"Kansas","Marshall","wheat",496.553039080748
20113,"Kansas","McPherson","barley",11.6249244583258
20113,"Kansas","McPherson","canola",5.75525104643282
20113,"Kansas","McPherson","corn",3724.87620688535
20113,"Kansas","McPherson","cotton",10.4761239091059
20113,"Kansas","McPherson","grain sorghum",2928.60266517828
20113,"Kansas","McPherson","oats",121.195704048479
20113,"Kansas","McPherson","soybeans",8341.80562068885
20113,"Kansas","McPherson","sunflower",94.6843134820602
20113,"Kansas","McPherson","wheat",13058.2281903031
20119,"Kansas","Meade","corn",0
20119,"Kansas","Meade","cotton",0
20119,"Kansas","Meade","dry peas",0
20119,"Kansas","Meade","grain sorghum",0
20119,"Kansas","Meade","oats",0
20119,"Kansas","Meade","soybeans",0
20119,"Kansas","Meade","sunflower",0
20119,"Kansas","Meade","wheat",0
20121,"Kansas","Miami","corn",1482.11892435584
20121,"Kansas","Miami","grain sorghum",18.3007535994297
20121,"Kansas","Miami","oats",10.3945066789853
20121,"Kansas","Miami","soybeans",3832.37720882143
20121,"Kansas","Miami","sunflower",3.00747271128683
20121,"Kansas","Miami","wheat",266.216467166367
20123,"Kansas","Mitchell","barley",0.376311851000962
20123,"Kansas","Mitchell","corn",362.175457114117
20123,"Kansas","Mitchell","grain sorghum",532.719120275557
20123,"Kansas","Mitchell","oats",32.2951096440827
20123,"Kansas","Mitchell","soybeans",811.799322545461
20123,"Kansas","Mitchell","sunflower",1.00204897226309
20123,"Kansas","Mitchell","wheat",1107.38296293085
20125,"Kansas","Montgomery","canola",12.7463803013227
20125,"Kansas","Montgomery","corn",2694.4079400531
20125,"Kansas","Montgomery","grain sorghum",42.169350864451
20125,"Kansas","Montgomery","oats",8.91851243035041
20125,"Kansas","Montgomery","soybeans",6495.85117475477
20125,"Kansas","Montgomery","sunflower",2.11207916970974
20125,"Kansas","Montgomery","wheat",3225.12922909296
20127,"Kansas","Morris","barley",0
20127,"Kansas","Morris","corn",0
20127,"Kansas","Morris","grain sorghum",0
20127,"Kansas","Morris","oats",0
20127,"Kansas","Morris","soybeans",0
20127,"Kansas","Morris","sunflower",0
20127,"Kansas","Morris","wheat",0
20129,"Kansas","Morton","barley",58.247456026346
20129,"Kansas","Morton","corn",4076.15313750025
20129,"Kansas","Morton","cotton",284.431915835252
20129,"Kansas","Morton","grain sorghum",8681.60714015
20129,"Kansas","Morton","oats",80.1348365087397
20129,"Kansas","Morton","soybeans",24.9994246041635
20129,"Kansas","Morton","sunflower",142.954757783398
20129,"Kansas","Morton","wheat",12339.0926649252
20131,"Kansas","Nemaha","barley",6.32854884793255
20131,"Kansas","Nemaha","corn",18931.1246950928
20131,"Kansas","Nemaha","grain sorghum",129.221730048312
20131,"Kansas","Nemaha","oats",76.917703412714
20131,"Kansas","Nemaha","soybeans",18853.5669431877
20131,"Kansas","Nemaha","sunflower",19.2189823417221
20131,"Kansas","Nemaha","wheat",616.731563735545
20133,"Kansas","Neosho","barley",0
20133,"Kansas","Neosho","corn",0
20133,"Kansas","Neosho","grain sorghum",0
20133,"Kansas","Neosho","oats",0
20133,"Kansas","Neosho","soybeans",0
20133,"Kansas","Neosho","sunflower",0
20133,"Kansas","Neosho","wheat",0
20135,"Kansas","Ness","barley",0
20135,"Kansas","Ness","corn",0
20135,"Kansas","Ness","grain sorghum",0
20135,"Kansas","Ness","oats",0
20135,"Kansas","Ness","soybeans",0
20135,"Kansas","Ness","sunflower",0
20135,"Kansas","Ness","wheat",0
20137,"Kansas","Norton","barley",3.3735810437524
20137,"Kansas","Norton","corn",5789.94494081205
20137,"Kansas","Norton","grain sorghum",701.364457991952
20137,"Kansas","Norton","oats",180.596448708216
20137,"Kansas","Norton","soybeans",1108.17575781009
20137,"Kansas","Norton","wheat",2571.78531363392
20139,"Kansas","Osage","barley",0.945565200232273
20139,"Kansas","Osage","corn",1046.06329760789
20139,"Kansas","Osage","grain sorghum",57.492100631215
20139,"Kansas","Osage","oats",6.00389686804854
20139,"Kansas","Osage","soybeans",2756.56029251572
20139,"Kansas","Osage","sunflower",5.22377744082069
20139,"Kansas","Osage","wheat",200.531403069399
20141,"Kansas","Osborne","barley",1.33927786499231
20141,"Kansas","Osborne","corn",250.816305250795
20141,"Kansas","Osborne","dry peas",1.80275685311682
20141,"Kansas","Osborne","grain sorghum",380.206472082936
20141,"Kansas","Osborne","oats",19.3282766049343
20141,"Kansas","Osborne","soybeans",407.576622326557
20141,"Kansas","Osborne","sunflower",3.76059473790022
20141,"Kansas","Osborne","wheat",581.450860945479
20143,"Kansas","Ottawa","barley",0
20143,"Kansas","Ottawa","corn",0
20143,"Kansas","Ottawa","grain sorghum",0
20143,"Kansas","Ottawa","oats",0
20143,"Kansas","Ottawa","soybeans",0
20143,"Kansas","Ottawa","sunflower",0
20143,"Kansas","Ottawa","wheat",0
20145,"Kansas","Pawnee","barley",0
20145,"Kansas","Pawnee","canola",0
20145,"Kansas","Pawnee","corn",0
20145,"Kansas","Pawnee","cotton",0
20145,"Kansas","Pawnee","grain sorghum",0
20145,"Kansas","Pawnee","oats",0
20145,"Kansas","Pawnee","soybeans",0
20145,"Kansas","Pawnee","sunflower",0
20145,"Kansas","Pawnee","wheat",0
20147,"Kansas","Phillips","barley",15.6128112676186
20147,"Kansas","Phillips","corn",5957.94801587696
20147,"Kansas","Phillips","grain sorghum",1621.5864255514
20147,"Kansas","Phillips","oats",303.770965521652
20147,"Kansas","Phillips","soybeans",2704.57388721382
20147,"Kansas","Phillips","sunflower",12.7222739465502
20147,"Kansas","Phillips","wheat",4599.58762062203
20149,"Kansas","Pottawatomie","corn",0
20149,"Kansas","Pottawatomie","grain sorghum",0
20149,"Kansas","Pottawatomie","oats",0
20149,"Kansas","Pottawatomie","soybeans",0
20149,"Kansas","Pottawatomie","wheat",0
20151,"Kansas","Pratt","canola",16.4189467257132
20151,"Kansas","Pratt","corn",3641.03485827487
20151,"Kansas","Pratt","cotton",1422.09545367769
20151,"Kansas","Pratt","grain sorghum",2085.89920012834
20151,"Kansas","Pratt","oats",57.912461382974
20151,"Kansas","Pratt","sesame",4.38536966497097
20151,"Kansas","Pratt","soybeans",2273.68423655209
20151,"Kansas","Pratt","sunflower",20.9971059690664
20151,"Kansas","Pratt","wheat",8743.32836762428
20153,"Kansas","Rawlins","barley",0.753906650107911
20153,"Kansas","Rawlins","corn",3140.73438969401
20153,"Kansas","Rawlins","dry peas",16.8525943642687
20153,"Kansas","Rawlins","grain sorghum",723.97554797741
20153,"Kansas","Rawlins","oats",44.9951718416822
20153,"Kansas","Rawlins","soybeans",56.3890586482585
20153,"Kansas","Rawlins","sunflower",26.6739800925387
20153,"Kansas","Rawlins","wheat",2881.12390406501
20155,"Kansas","Reno","barley",0
20155,"Kansas","Reno","canola",0
20155,"Kansas","Reno","corn",0
20155,"Kansas","Reno","cotton",0
20155,"Kansas","Reno","dry peas",0
20155,"Kansas","Reno","grain sorghum",0
20155,"Kansas","Reno","oats",0
20155,"Kansas","Reno","soybeans",0
20155,"Kansas","Reno","sunflower",0
20155,"Kansas","Reno","wheat",0
20157,"Kansas","Republic","corn",1466.65579253365
20157,"Kansas","Republic","grain sorghum",85.7417419431326
20157,"Kansas","Republic","oats",17.8328431682989
20157,"Kansas","Republic","soybeans",1364.56062183915
20157,"Kansas","Republic","sunflower",4.09756340625278
20157,"Kansas","Republic","wheat",401.077937109553
20159,"Kansas","Rice","barley",14.6931222917815
20159,"Kansas","Rice","canola",0.753356722617171
20159,"Kansas","Rice","corn",2261.14793299987
20159,"Kansas","Rice","cotton",109.404261393853
20159,"Kansas","Rice","grain sorghum",2644.6784302275
20159,"Kansas","Rice","oats",102.107676010796
20159,"Kansas","Rice","soybeans",3783.07060258495
20159,"Kansas","Rice","sunflower",62.6666303693688
20159,"Kansas","Rice","wheat",9170.13742073258
20161,"Kansas","Riley","corn",0
20161,"Kansas","Riley","grain sorghum",0
20161,"Kansas","Riley","oats",0
20161,"Kansas","Riley","soybeans",0
20161,"Kansas","Riley","sunflower",0
20161,"Kansas","Riley","wheat",0
20163,"Kansas","Rooks","barley",40.7087367355455
20163,"Kansas","Rooks","canola",3.42455872065218
20163,"Kansas","Rooks","corn",1790.36131360326
20163,"Kansas","Rooks","dry peas",19.282280043578
20163,"Kansas","Rooks","grain sorghum",3723.17809235032
20163,"Kansas","Rooks","oats",204.067708310198
20163,"Kansas","Rooks","soybeans",1611.67724030906
20163,"Kansas","Rooks","sunflower",26.2297024646282
20163,"Kansas","Rooks","wheat",4888.34753412945
20165,"Kansas","Rush","barley",0
20165,"Kansas","Rush","corn",0
20165,"Kansas","Rush","cotton",0
20165,"Kansas","Rush","grain sorghum",0
20165,"Kansas","Rush","oats",0
20165,"Kansas","Rush","soybeans",0
20165,"Kansas","Rush","sunflower",0
20165,"Kansas","Rush","wheat",0
20167,"Kansas","Russell","barley",0
20167,"Kansas","Russell","corn",0
20167,"Kansas","Russell","dry peas",0
20167,"Kansas","Russell","grain sorghum",0
20167,"Kansas","Russell","oats",0
20167,"Kansas","Russell","soybeans",0
20167,"Kansas","Russell","sunflower",0
20167,"Kansas","Russell","wheat",0
20169,"Kansas","Saline","barley",0.204246930256322
20169,"Kansas","Saline","canola",1.7281282952663
20169,"Kansas","Saline","corn",291.401436763945
20169,"Kansas","Saline","grain sorghum",814.276118852677
20169,"Kansas","Saline","oats",20.9834827370189
20169,"Kansas","Saline","soybeans",1965.83769753506
20169,"Kansas","Saline","sunflower",17.8072437062352
20169,"Kansas","Saline","wheat",2732.75114517957
20171,"Kansas","Scott","barley",41.8864572509827
20171,"Kansas","Scott","corn",13144.7405324684
20171,"Kansas","Scott","cotton",56.5056013143074
20171,"Kansas","Scott","dry peas",11.2603577207879
20171,"Kansas","Scott","grain sorghum",11499.198178365
20171,"Kansas","Scott","oats",53.8133885644073
20171,"Kansas","Scott","soybeans",67.3011953689673
20171,"Kansas","Scott","sunflower",292.70803911656
20171,"Kansas","Scott","wheat",16628.4760831639
20173,"Kansas","Sedgwick","barley",7.73411150139476
20173,"Kansas","Sedgwick","canola",7.92430282385537
20173,"Kansas","Sedgwick","corn",2598.36756903705
20173,"Kansas","Sedgwick","cotton",270.839491035994
20173,"Kansas","Sedgwick","grain sorghum",1299.26569062801
20173,"Kansas","Sedgwick","oats",66.2253434027144
20173,"Kansas","Sedgwick","soybeans",5626.45103590864
20173,"Kansas","Sedgwick","sunflower",5.38194121271031
20173,"Kansas","Sedgwick","wheat",7126.48778111629
20175,"Kansas","Seward","barley",0
20175,"Kansas","Seward","corn",0
20175,"Kansas","Seward","cotton",0
20175,"Kansas","Seward","grain sorghum",0
20175,"Kansas","Seward","oats",0
20175,"Kansas","Seward","soybeans",0
20175,"Kansas","Seward","wheat",0
20177,"Kansas","Shawnee","corn",124.120172722191
20177,"Kansas","Shawnee","grain sorghum",2.42525544419637
20177,"Kansas","Shawnee","oats",0.285991449709216
20177,"Kansas","Shawnee","soybeans",148.980892263271
20177,"Kansas","Shawnee","sunflower",0.188052222111191
20177,"Kansas","Shawnee","wheat",5.31103589851253
20179,"Kansas","Sheridan","barley",49.1653915618051
20179,"Kansas","Sheridan","corn",12977.6059637679
20179,"Kansas","Sheridan","dry peas",11.2798011449993
20179,"Kansas","Sheridan","grain sorghum",1284.28948321249
20179,"Kansas","Sheridan","oats",323.429951168341
20179,"Kansas","Sheridan","soybeans",939.270672158712
20179,"Kansas","Sheridan","sunflower",90.2166649650158
20179,"Kansas","Sheridan","wheat",6029.73607202077
20181,"Kansas","Sherman","barley",7.39118875327931
20181,"Kansas","Sherman","canola",0.14828345377228
20181,"Kansas","Sherman","corn",15427.037004448
20181,"Kansas","Sherman","dry peas",54.8727369187936
20181,"Kansas","Sherman","grain sorghum",2542.6147507153
20181,"Kansas","Sherman","oats",81.1810390036178
20181,"Kansas","Sherman","soybeans",287.630308636067
20181,"Kansas","Sherman","sunflower",299.334432854903
20181,"Kansas","Sherman","wheat",9449.68442188289
20183,"Kansas","Smith","barley",5.49745121882064
20183,"Kansas","Smith","canola",16.4649272042948
20183,"Kansas","Smith","corn",12480.9669722604
20183,"Kansas","Smith","grain sorghum",3035.53928538876
20183,"Kansas","Smith","oats",229.067539680664
20183,"Kansas","Smith","soybeans",11616.8797786275
20183,"Kansas","Smith","sunflower",10.3172620770214
20183,"Kansas","Smith","wheat",9943.40745020917
20185,"Kansas","Stafford","barley",0
20185,"Kansas","Stafford","canola",0
20185,"Kansas","Stafford","corn",0
20185,"Kansas","Stafford","cotton",0
20185,"Kansas","Stafford","grain sorghum",0
20185,"Kansas","Stafford","oats",0
20185,"Kansas","Stafford","soybeans",0
20185,"Kansas","Stafford","sunflower",0
20185,"Kansas","Stafford","wheat",0
20187,"Kansas","Stanton","corn",1419.58764453257
20187,"Kansas","Stanton","cotton",5.30301564140159
20187,"Kansas","Stanton","grain sorghum",643.920902516236
20187,"Kansas","Stanton","oats",1.69957949586484
20187,"Kansas","Stanton","soybeans",2.38567450883222
20187,"Kansas","Stanton","sunflower",5.03125636492965
20187,"Kansas","Stanton","wheat",1366.07276027352
20189,"Kansas","Stevens","barley",0
20189,"Kansas","Stevens","canola",0
20189,"Kansas","Stevens","corn",0
20189,"Kansas","Stevens","cotton",0
20189,"Kansas","Stevens","grain sorghum",0
20189,"Kansas","Stevens","oats",0
20189,"Kansas","Stevens","soybeans",0
20189,"Kansas","Stevens","sunflower",0
20189,"Kansas","Stevens","wheat",0
20191,"Kansas","Sumner","barley",7.32977405155444
20191,"Kansas","Sumner","canola",320.804111263858
20191,"Kansas","Sumner","corn",6147.66963537777
20191,"Kansas","Sumner","cotton",6792.03253792315
20191,"Kansas","Sumner","grain sorghum",5295.00157772004
20191,"Kansas","Sumner","oats",262.782486593252
20191,"Kansas","Sumner","sesame",38.6400881830925
20191,"Kansas","Sumner","soybeans",25940.5740113478
20191,"Kansas","Sumner","sunflower",56.934337494274
20191,"Kansas","Sumner","wheat",49530.2722600451
20193,"Kansas","Thomas","barley",33.4207673560979
20193,"Kansas","Thomas","corn",23245.0964578392
20193,"Kansas","Thomas","dry peas",14.7648377017975
20193,"Kansas","Thomas","grain sorghum",2741.90951753489
20193,"Kansas","Thomas","oats",157.75755310105
20193,"Kansas","Thomas","soybeans",1293.61162094188
20193,"Kansas","Thomas","sunflower",99.0331306661877
20193,"Kansas","Thomas","wheat",11296.7744081921
20195,"Kansas","Trego","barley",8.46395784096436
20195,"Kansas","Trego","corn",912.363594311304
20195,"Kansas","Trego","flaxseed",1.78932235142455
20195,"Kansas","Trego","grain sorghum",1754.55538308544
20195,"Kansas","Trego","oats",35.9839882160882
20195,"Kansas","Trego","soybeans",39.4595118158921
20195,"Kansas","Trego","sunflower",17.947534710324
20195,"Kansas","Trego","wheat",2074.81304100188
20197,"Kansas","Wabaunsee","barley",0
20197,"Kansas","Wabaunsee","corn",0
20197,"Kansas","Wabaunsee","grain sorghum",0
20197,"Kansas","Wabaunsee","oats",0
20197,"Kansas","Wabaunsee","rice_short/medium grain",0
20197,"Kansas","Wabaunsee","safflower",0
20197,"Kansas","Wabaunsee","soybeans",0
20197,"Kansas","Wabaunsee","wheat",0
20199,"Kansas","Wallace","barley",11.4958054110477
20199,"Kansas","Wallace","corn",9890.06516692281
20199,"Kansas","Wallace","grain sorghum",2540.54227429261
20199,"Kansas","Wallace","oats",62.2319479820823
20199,"Kansas","Wallace","soybeans",22.4215278856554
20199,"Kansas","Wallace","sunflower",78.6003892590817
20199,"Kansas","Wallace","wheat",7039.91488824674
20201,"Kansas","Washington","barley",0
20201,"Kansas","Washington","canola",0
20201,"Kansas","Washington","corn",0
20201,"Kansas","Washington","grain sorghum",0
20201,"Kansas","Washington","oats",0
20201,"Kansas","Washington","soybeans",0
20201,"Kansas","Washington","sunflower",0
20201,"Kansas","Washington","wheat",0
20203,"Kansas","Wichita","barley",0
20203,"Kansas","Wichita","corn",0
20203,"Kansas","Wichita","dry peas",0
20203,"Kansas","Wichita","grain sorghum",0
20203,"Kansas","Wichita","oats",0
20203,"Kansas","Wichita","soybeans",0
20203,"Kansas","Wichita","sunflower",0
20203,"Kansas","Wichita","wheat",0
20205,"Kansas","Wilson","canola",5.62109484279985
20205,"Kansas","Wilson","corn",3080.33831260252
20205,"Kansas","Wilson","grain sorghum",53.5890086205092
20205,"Kansas","Wilson","oats",7.35739889801318
20205,"Kansas","Wilson","soybeans",5919.67044318369
20205,"Kansas","Wilson","wheat",2183.92318185249
20207,"Kansas","Woodson","barley",0
20207,"Kansas","Woodson","corn",0
20207,"Kansas","Woodson","grain sorghum",0
20207,"Kansas","Woodson","oats",0
20207,"Kansas","Woodson","soybeans",0
20207,"Kansas","Woodson","sunflower",0
20207,"Kansas","Woodson","wheat",0
20209,"Kansas","Wyandotte","corn",0
20209,"Kansas","Wyandotte","soybeans",0
20209,"Kansas","Wyandotte","wheat",0
21001,"Kentucky","Adair","corn",4050.21541076497
21001,"Kentucky","Adair","oats",4.37342208705663
21001,"Kentucky","Adair","soybeans",3915.65381809491
21001,"Kentucky","Adair","wheat",954.516854053064
21003,"Kentucky","Allen","corn",1091.12723328557
21003,"Kentucky","Allen","cotton",0.108480779396262
21003,"Kentucky","Allen","oats",2.39634041686343
21003,"Kentucky","Allen","soybeans",949.394057542533
21003,"Kentucky","Allen","sunflower",7.41574607952849
21003,"Kentucky","Allen","wheat",325.739358562774
21005,"Kentucky","Anderson","corn",0
21005,"Kentucky","Anderson","soybeans",0
21005,"Kentucky","Anderson","wheat",0
21007,"Kentucky","Ballard","corn",2931.16157051771
21007,"Kentucky","Ballard","oats",1.32377008565683
21007,"Kentucky","Ballard","soybeans",4044.61053619517
21007,"Kentucky","Ballard","wheat",1212.15345653481
21009,"Kentucky","Barren","corn",13534.5951393726
21009,"Kentucky","Barren","grain sorghum",154.829597968035
21009,"Kentucky","Barren","oats",14.1452556227853
21009,"Kentucky","Barren","soybeans",13033.2412792698
21009,"Kentucky","Barren","sunflower",1.15002078234027
21009,"Kentucky","Barren","wheat",2888.94880698447
21011,"Kentucky","Bath","corn",232.449531005537
21011,"Kentucky","Bath","oats",0.234889563794231
21011,"Kentucky","Bath","soybeans",996.54277653949
21011,"Kentucky","Bath","sunflower",5.2568284377149
21011,"Kentucky","Bath","wheat",14.1393077867959
21013,"Kentucky","Bell","corn",0
21015,"Kentucky","Boone","corn",0
21015,"Kentucky","Boone","oats",0
21015,"Kentucky","Boone","soybeans",0
21015,"Kentucky","Boone","wheat",0
21017,"Kentucky","Bourbon","corn",0
21017,"Kentucky","Bourbon","oats",0
21017,"Kentucky","Bourbon","soybeans",0
21017,"Kentucky","Bourbon","sunflower",0
21017,"Kentucky","Bourbon","wheat",0
21019,"Kentucky","Boyd","corn",0
21019,"Kentucky","Boyd","sunflower",0
21019,"Kentucky","Boyd","wheat",0
21021,"Kentucky","Boyle","canola",49.49748951999
21021,"Kentucky","Boyle","corn",2829.39646774709
21021,"Kentucky","Boyle","oats",11.1909313859349
21021,"Kentucky","Boyle","soybeans",2801.54839453976
21021,"Kentucky","Boyle","sunflower",4.14624007848888
21021,"Kentucky","Boyle","wheat",1342.81664339541
21023,"Kentucky","Bracken","corn",0
21023,"Kentucky","Bracken","oats",0
21023,"Kentucky","Bracken","soybeans",0
21023,"Kentucky","Bracken","wheat",0
21025,"Kentucky","Breathitt","corn",0
21025,"Kentucky","Breathitt","soybeans",0
21027,"Kentucky","Breckinridge","corn",1270.87952280004
21027,"Kentucky","Breckinridge","grain sorghum",1.06382395568585
21027,"Kentucky","Breckinridge","soybeans",1888.16050076208
21027,"Kentucky","Breckinridge","sunflower",0.965952151762753
21027,"Kentucky","Breckinridge","wheat",199.521140330441
21029,"Kentucky","Bullitt","corn",89.2703588117139
21029,"Kentucky","Bullitt","oats",2.28155370411051
21029,"Kentucky","Bullitt","soybeans",202.120434535767
21029,"Kentucky","Bullitt","wheat",16.79965294841
21031,"Kentucky","Butler","corn",5286.68677772179
21031,"Kentucky","Butler","grain sorghum",6.53218911385982
21031,"Kentucky","Butler","soybeans",7467.85203409161
21031,"Kentucky","Butler","sunflower",3.85118467071618
21031,"Kentucky","Butler","wheat",333.702481068691
21033,"Kentucky","Caldwell","barley",64.1557156988772
21033,"Kentucky","Caldwell","corn",10352.439479335
21033,"Kentucky","Caldwell","soybeans",13290.4494343792
21033,"Kentucky","Caldwell","wheat",5980.8682372536
21035,"Kentucky","Calloway","canola",0
21035,"Kentucky","Calloway","corn",0
21035,"Kentucky","Calloway","grain sorghum",0
21035,"Kentucky","Calloway","oats",0
21035,"Kentucky","Calloway","rapeseed",0
21035,"Kentucky","Calloway","soybeans",0
21035,"Kentucky","Calloway","sunflower",0
21035,"Kentucky","Calloway","wheat",0
21037,"Kentucky","Campbell","corn",0
21037,"Kentucky","Campbell","soybeans",0
21039,"Kentucky","Carlisle","corn",4642.7799238648
21039,"Kentucky","Carlisle","grain sorghum",6.24113445875091
21039,"Kentucky","Carlisle","soybeans",6484.19154174296
21039,"Kentucky","Carlisle","sunflower",1.14661882368233
21039,"Kentucky","Carlisle","wheat",1579.2412811098
21041,"Kentucky","Carroll","corn",522.515401521207
21041,"Kentucky","Carroll","soybeans",867.89461395442
21041,"Kentucky","Carroll","wheat",19.3449845243722
21043,"Kentucky","Carter","corn",0
21043,"Kentucky","Carter","soybeans",0
21043,"Kentucky","Carter","wheat",0
21045,"Kentucky","Casey","corn",2921.42064164966
21045,"Kentucky","Casey","oats",5.03461090303715
21045,"Kentucky","Casey","soybeans",2415.48107533101
21045,"Kentucky","Casey","sunflower",0.910005920723965
21045,"Kentucky","Casey","wheat",496.24806619557
21047,"Kentucky","Christian","canola",78.0517301500644
21047,"Kentucky","Christian","corn",14680.2889332239
21047,"Kentucky","Christian","oats",4.02414031258304
21047,"Kentucky","Christian","soybeans",15394.1742284691
21047,"Kentucky","Christian","sunflower",38.2844890606173
21047,"Kentucky","Christian","wheat",12072.9933587837
21049,"Kentucky","Clark","corn",182.979659176689
21049,"Kentucky","Clark","grain sorghum",0.820084714203729
21049,"Kentucky","Clark","soybeans",241.748569965957
21049,"Kentucky","Clark","sunflower",4.23491746414806
21049,"Kentucky","Clark","wheat",5.69876867900172
21051,"Kentucky","Clay","corn",0.656783434250878
21051,"Kentucky","Clay","soybeans",18.2314422166803
21051,"Kentucky","Clay","wheat",2.32577434906884
21053,"Kentucky","Clinton","corn",30.4152342356981
21053,"Kentucky","Clinton","oats",0.0798816511055318
21053,"Kentucky","Clinton","soybeans",33.8211331876542
21053,"Kentucky","Clinton","wheat",11.2237509255412
21055,"Kentucky","Crittenden","canola",140.62361453214
21055,"Kentucky","Crittenden","corn",7570.41428755926
21055,"Kentucky","Crittenden","grain sorghum",52.4369851695631
21055,"Kentucky","Crittenden","soybeans",8316.99740045156
21055,"Kentucky","Crittenden","sunflower",6.05857714264161
21055,"Kentucky","Crittenden","wheat",1678.99813514484
21057,"Kentucky","Cumberland","corn",0
21057,"Kentucky","Cumberland","soybeans",0
21057,"Kentucky","Cumberland","wheat",0
21059,"Kentucky","Daviess","corn",4047.05821104934
21059,"Kentucky","Daviess","cotton",0.0473821444478906
21059,"Kentucky","Daviess","grain sorghum",5.68348822652447
21059,"Kentucky","Daviess","oats",0.796020026724561
21059,"Kentucky","Daviess","soybeans",5127.79316091292
21059,"Kentucky","Daviess","sunflower",0.563699449728498
21059,"Kentucky","Daviess","wheat",269.134844857019
21061,"Kentucky","Edmonson","barley",28.2319997743894
21061,"Kentucky","Edmonson","corn",1829.65661425209
21061,"Kentucky","Edmonson","grain sorghum",453.039175239152
21061,"Kentucky","Edmonson","oats",21.5961055297833
21061,"Kentucky","Edmonson","soybeans",4443.74267981553
21061,"Kentucky","Edmonson","wheat",352.481425389054
21063,"Kentucky","Elliott","corn",0
21063,"Kentucky","Elliott","soybeans",0
21065,"Kentucky","Estill","corn",0
21065,"Kentucky","Estill","grain sorghum",0
21065,"Kentucky","Estill","soybeans",0
21065,"Kentucky","Estill","wheat",0
21067,"Kentucky","Fayette","corn",435.084220056696
21067,"Kentucky","Fayette","grain sorghum",1.10265191948151
21067,"Kentucky","Fayette","oats",3.86799833414958
21067,"Kentucky","Fayette","soybeans",604.644410017267
21067,"Kentucky","Fayette","sunflower",2.08109206147203
21067,"Kentucky","Fayette","wheat",50.4816276109346
21069,"Kentucky","Fleming","corn",0
21069,"Kentucky","Fleming","grain sorghum",0
21069,"Kentucky","Fleming","oats",0
21069,"Kentucky","Fleming","soybeans",0
21069,"Kentucky","Fleming","sunflower",0
21069,"Kentucky","Fleming","wheat",0
21073,"Kentucky","Franklin","corn",995.371670967099
21073,"Kentucky","Franklin","soybeans",939.292640538519
21073,"Kentucky","Franklin","wheat",24.0646884943819
21075,"Kentucky","Fulton","canola",0.53139863458714
21075,"Kentucky","Fulton","corn",294.864380208809
21075,"Kentucky","Fulton","rice_long grain",1.4741039781351
21075,"Kentucky","Fulton","soybeans",659.779728008274
21075,"Kentucky","Fulton","sunflower",0.0390542847565267
21075,"Kentucky","Fulton","wheat",135.156334885455
21077,"Kentucky","Gallatin","corn",189.112619339424
21077,"Kentucky","Gallatin","soybeans",548.083828283475
21077,"Kentucky","Gallatin","wheat",40.0180523771009
21079,"Kentucky","Garrard","corn",193.731924393482
21079,"Kentucky","Garrard","soybeans",138.73513827622
21079,"Kentucky","Garrard","sunflower",0.309024347775322
21079,"Kentucky","Garrard","wheat",28.3785796491912
21081,"Kentucky","Grant","corn",0
21081,"Kentucky","Grant","soybeans",0
21081,"Kentucky","Grant","wheat",0
21083,"Kentucky","Graves","canola",151.949073751572
21083,"Kentucky","Graves","corn",13184.3602608611
21083,"Kentucky","Graves","grain sorghum",21.0394239137786
21083,"Kentucky","Graves","rapeseed",42.5361679093861
21083,"Kentucky","Graves","soybeans",16302.8114715273
21083,"Kentucky","Graves","sunflower",0.949884222170635
21083,"Kentucky","Graves","wheat",4467.6707844814
21085,"Kentucky","Grayson","corn",1938.43693508943
21085,"Kentucky","Grayson","oats",1.06542764974427
21085,"Kentucky","Grayson","rapeseed",10.0567491572112
21085,"Kentucky","Grayson","soybeans",3564.87004187407
21085,"Kentucky","Grayson","sunflower",0.569004954191551
21085,"Kentucky","Grayson","wheat",216.286074608687
21087,"Kentucky","Green","corn",4481.82457792414
21087,"Kentucky","Green","oats",5.58312831346211
21087,"Kentucky","Green","soybeans",4933.15646700403
21087,"Kentucky","Green","sunflower",4.43611827899575
21087,"Kentucky","Green","wheat",783.591375146042
21089,"Kentucky","Greenup","barley",0.522243015657449
21089,"Kentucky","Greenup","corn",129.07941160045
21089,"Kentucky","Greenup","soybeans",325.357920997607
21089,"Kentucky","Greenup","wheat",1.8217577196184
21091,"Kentucky","Hancock","corn",1046.88308006025
21091,"Kentucky","Hancock","grain sorghum",5.37002351079304
21091,"Kentucky","Hancock","soybeans",1925.11717256657
21091,"Kentucky","Hancock","sunflower",0.420163601716383
21091,"Kentucky","Hancock","wheat",182.347060260671
21093,"Kentucky","Hardin","barley",63.6106574587318
21093,"Kentucky","Hardin","corn",7219.77623724938
21093,"Kentucky","Hardin","grain sorghum",3.98468887946276
21093,"Kentucky","Hardin","oats",22.4378699245921
21093,"Kentucky","Hardin","soybeans",8811.77865818506
21093,"Kentucky","Hardin","sunflower",1.38725369989787
21093,"Kentucky","Hardin","wheat",1038.73496793621
21097,"Kentucky","Harrison","barley",15.2234462683193
21097,"Kentucky","Harrison","corn",914.362480354712
21097,"Kentucky","Harrison","grain sorghum",0.0911583608881398
21097,"Kentucky","Harrison","oats",1.45853377421024
21097,"Kentucky","Harrison","rapeseed",9.77217628720858
21097,"Kentucky","Harrison","soybeans",1018.9244019944
21097,"Kentucky","Harrison","sunflower",1.76847220122991
21097,"Kentucky","Harrison","wheat",96.244997425698
21099,"Kentucky","Hart","corn",2832.79293152035
21099,"Kentucky","Hart","grain sorghum",0.904762584077365
21099,"Kentucky","Hart","soybeans",4601.40348767471
21099,"Kentucky","Hart","wheat",438.045484887525
21101,"Kentucky","Henderson","canola",19.0868437484292
21101,"Kentucky","Henderson","corn",5336.49134281079
21101,"Kentucky","Henderson","grain sorghum",35.8289976048091
21101,"Kentucky","Henderson","soybeans",6097.45299739622
21101,"Kentucky","Henderson","sunflower",3.34952218588015
21101,"Kentucky","Henderson","wheat",277.427262920548
21103,"Kentucky","Henry","corn",2578.40527468265
21103,"Kentucky","Henry","grain sorghum",27.9895982206806
21103,"Kentucky","Henry","oats",20.3836589579444
21103,"Kentucky","Henry","soybeans",3364.71386145215
21103,"Kentucky","Henry","sunflower",1.77396588492088
21103,"Kentucky","Henry","wheat",148.940174134993
21105,"Kentucky","Hickman","canola",6.3951028091541
21105,"Kentucky","Hickman","corn",1161.42707769397
21105,"Kentucky","Hickman","oats",1.85719554319701
21105,"Kentucky","Hickman","rapeseed",7.85614037333552
21105,"Kentucky","Hickman","soybeans",1425.64405172776
21105,"Kentucky","Hickman","wheat",374.57509851926
21107,"Kentucky","Hopkins","corn",4881.73941140789
21107,"Kentucky","Hopkins","grain sorghum",69.3746048186409
21107,"Kentucky","Hopkins","soybeans",6731.48360973739
21107,"Kentucky","Hopkins","wheat",222.615374036091
21109,"Kentucky","Jackson","corn",0
21109,"Kentucky","Jackson","soybeans",0
21111,"Kentucky","Jefferson","corn",0
21111,"Kentucky","Jefferson","soybeans",0
21111,"Kentucky","Jefferson","wheat",0
21113,"Kentucky","Jessamine","corn",44.1781162185632
21113,"Kentucky","Jessamine","grain sorghum",1.5801672996136
21113,"Kentucky","Jessamine","oats",2.29525962921838
21113,"Kentucky","Jessamine","soybeans",157.653581332169
21113,"Kentucky","Jessamine","sunflower",0.332646323075128
21113,"Kentucky","Jessamine","wheat",19.0868958640265
21115,"Kentucky","Johnson","corn",0
21117,"Kentucky","Kenton","corn",0
21117,"Kentucky","Kenton","soybeans",0
21117,"Kentucky","Kenton","wheat",0
21121,"Kentucky","Knox","corn",0
21121,"Kentucky","Knox","soybeans",0
21121,"Kentucky","Knox","wheat",0
21123,"Kentucky","Larue","corn",7295.77808920049
21123,"Kentucky","Larue","oats",14.8664653438961
21123,"Kentucky","Larue","soybeans",10079.984579379
21123,"Kentucky","Larue","sunflower",0.370335999055329
21123,"Kentucky","Larue","wheat",1800.94463674425
21125,"Kentucky","Laurel","corn",0
21125,"Kentucky","Laurel","soybeans",0
21125,"Kentucky","Laurel","wheat",0
21127,"Kentucky","Lawrence","corn",0
21129,"Kentucky","Lee","corn",0
21133,"Kentucky","Letcher","corn",0
21135,"Kentucky","Lewis","corn",478.727538515663
21135,"Kentucky","Lewis","oats",5.25559438887024
21135,"Kentucky","Lewis","soybeans",3411.15980369096
21135,"Kentucky","Lewis","wheat",6.51256340450271
21137,"Kentucky","Lincoln","corn",2099.77553427199
21137,"Kentucky","Lincoln","oats",21.1500758032114
21137,"Kentucky","Lincoln","soybeans",2476.44726619304
21137,"Kentucky","Lincoln","sunflower",0.404540963432906
21137,"Kentucky","Lincoln","wheat",145.673582768336
21139,"Kentucky","Livingston","corn",5559.55654502668
21139,"Kentucky","Livingston","grain sorghum",30.5775901330352
21139,"Kentucky","Livingston","oats",10.2450620325332
21139,"Kentucky","Livingston","soybeans",6014.14329671542
21139,"Kentucky","Livingston","sunflower",1.2607677165165
21139,"Kentucky","Livingston","wheat",777.021738375813
21141,"Kentucky","Logan","barley",152.935966676433
21141,"Kentucky","Logan","corn",11603.7959482629
21141,"Kentucky","Logan","grain sorghum",17.0963758201576
21141,"Kentucky","Logan","oats",25.2306011946874
21141,"Kentucky","Logan","rapeseed",46.8961404193455
21141,"Kentucky","Logan","soybeans",13202.4444980886
21141,"Kentucky","Logan","sunflower",1.00375531194997
21141,"Kentucky","Logan","wheat",9567.32871422583
21143,"Kentucky","Lyon","corn",2873.84814346222
21143,"Kentucky","Lyon","soybeans",3398.46472275695
21143,"Kentucky","Lyon","wheat",1362.8724004475
21151,"Kentucky","Madison","corn",0
21151,"Kentucky","Madison","soybeans",0
21151,"Kentucky","Madison","sunflower",0
21151,"Kentucky","Madison","wheat",0
21153,"Kentucky","Magoffin","corn",0
21155,"Kentucky","Marion","barley",0.755599787676163
21155,"Kentucky","Marion","corn",3920.2869418645
21155,"Kentucky","Marion","dry peas",0.00503733191784109
21155,"Kentucky","Marion","oats",23.4781645137377
21155,"Kentucky","Marion","soybeans",4696.68335436347
21155,"Kentucky","Marion","sunflower",3.20374309974693
21155,"Kentucky","Marion","wheat",1555.01932570563
21157,"Kentucky","Marshall","corn",4062.34819601233
21157,"Kentucky","Marshall","soybeans",5235.97255916937
21157,"Kentucky","Marshall","wheat",1799.8502448183
21161,"Kentucky","Mason","corn",1814.43447690895
21161,"Kentucky","Mason","cotton",0.0379301020615241
21161,"Kentucky","Mason","grain sorghum",0.252867347076827
21161,"Kentucky","Mason","oats",9.13103990294423
21161,"Kentucky","Mason","soybeans",2858.59821230819
21161,"Kentucky","Mason","sunflower",1.01146938830731
21161,"Kentucky","Mason","wheat",140.09913070914
21145,"Kentucky","McCracken","corn",834.316587669508
21145,"Kentucky","McCracken","soybeans",1361.77279388679
21145,"Kentucky","McCracken","wheat",387.175951777033
21147,"Kentucky","McCreary","corn",0
21147,"Kentucky","McCreary","soybeans",0
21149,"Kentucky","McLean","canola",6.96145234758037
21149,"Kentucky","McLean","corn",1608.51335190405
21149,"Kentucky","McLean","grain sorghum",3.79923082918052
21149,"Kentucky","McLean","oats",0.850434401598139
21149,"Kentucky","McLean","soybeans",1928.00326352949
21149,"Kentucky","McLean","sunflower",0.363732720113948
21149,"Kentucky","McLean","wheat",257.707200934632
21163,"Kentucky","Meade","barley",14.9245556519181
21163,"Kentucky","Meade","corn",3115.3838356102
21163,"Kentucky","Meade","soybeans",4124.18073521675
21163,"Kentucky","Meade","sunflower",0.0531859041248317
21163,"Kentucky","Meade","wheat",696.671520950346
21165,"Kentucky","Menifee","corn",0
21165,"Kentucky","Menifee","soybeans",0
21167,"Kentucky","Mercer","barley",368.831285438108
21167,"Kentucky","Mercer","corn",3568.93970295718
21167,"Kentucky","Mercer","soybeans",4704.20555519499
21167,"Kentucky","Mercer","sunflower",7.2264598512892
21167,"Kentucky","Mercer","wheat",1623.47572989177
21169,"Kentucky","Metcalfe","corn",2663.80951022479
21169,"Kentucky","Metcalfe","soybeans",2180.95867511225
21169,"Kentucky","Metcalfe","wheat",255.355347996294
21171,"Kentucky","Monroe","barley",31.8103591092898
21171,"Kentucky","Monroe","canola",15.225124015295
21171,"Kentucky","Monroe","corn",4659.11717138074
21171,"Kentucky","Monroe","grain sorghum",48.4137797680805
21171,"Kentucky","Monroe","oats",16.7138028079017
21171,"Kentucky","Monroe","soybeans",2482.76435653505
21171,"Kentucky","Monroe","wheat",1385.50573971698
21173,"Kentucky","Montgomery","corn",0
21173,"Kentucky","Montgomery","oats",0
21173,"Kentucky","Montgomery","soybeans",0
21173,"Kentucky","Montgomery","sunflower",0
21173,"Kentucky","Montgomery","wheat",0
21175,"Kentucky","Morgan","corn",0
21175,"Kentucky","Morgan","oats",0
21175,"Kentucky","Morgan","soybeans",0
21175,"Kentucky","Morgan","wheat",0
21177,"Kentucky","Muhlenberg","corn",4740.35154399166
21177,"Kentucky","Muhlenberg","soybeans",7517.07937572998
21177,"Kentucky","Muhlenberg","wheat",762.421913611689
21179,"Kentucky","Nelson","barley",35.2578929746216
21179,"Kentucky","Nelson","corn",6526.37686062741
21179,"Kentucky","Nelson","grain sorghum",2.3873925338242
21179,"Kentucky","Nelson","oats",20.8562373907556
21179,"Kentucky","Nelson","soybeans",7246.94411698504
21179,"Kentucky","Nelson","sunflower",2.93027905521436
21179,"Kentucky","Nelson","wheat",1667.23840043312
21181,"Kentucky","Nicholas","corn",519.187853616718
21181,"Kentucky","Nicholas","oats",6.32284600022795
21181,"Kentucky","Nicholas","soybeans",710.834106239377
21181,"Kentucky","Nicholas","wheat",39.5991941436776
21183,"Kentucky","Ohio","canola",26.8719603284566
21183,"Kentucky","Ohio","corn",5117.96362086484
21183,"Kentucky","Ohio","grain sorghum",21.7415326556004
21183,"Kentucky","Ohio","rapeseed",77.5139340951437
21183,"Kentucky","Ohio","soybeans",6436.55460364842
21183,"Kentucky","Ohio","wheat",205.779181740878
21185,"Kentucky","Oldham","corn",0
21185,"Kentucky","Oldham","oats",0
21185,"Kentucky","Oldham","soybeans",0
21185,"Kentucky","Oldham","sunflower",0
21185,"Kentucky","Oldham","wheat",0
21187,"Kentucky","Owen","corn",0
21187,"Kentucky","Owen","soybeans",0
21187,"Kentucky","Owen","sunflower",0
21187,"Kentucky","Owen","wheat",0
21189,"Kentucky","Owsley","corn",0
21191,"Kentucky","Pendleton","corn",314.125960962071
21191,"Kentucky","Pendleton","oats",5.84997544275667
21191,"Kentucky","Pendleton","soybeans",581.20766892281
21191,"Kentucky","Pendleton","sunflower",0.00681550537020195
21191,"Kentucky","Pendleton","wheat",39.8089125003249
21197,"Kentucky","Powell","corn",193.04844886674
21197,"Kentucky","Powell","soybeans",526.91355113326
21199,"Kentucky","Pulaski","corn",4388.74486046453
21199,"Kentucky","Pulaski","grain sorghum",25.4610921974694
21199,"Kentucky","Pulaski","oats",46.0372922898783
21199,"Kentucky","Pulaski","rapeseed",112.260744183845
21199,"Kentucky","Pulaski","soybeans",9130.81801329743
21199,"Kentucky","Pulaski","sunflower",0.0028783736571236
21199,"Kentucky","Pulaski","wheat",1638.19841752653
21201,"Kentucky","Robertson","corn",0
21201,"Kentucky","Robertson","soybeans",0
21201,"Kentucky","Robertson","wheat",0
21203,"Kentucky","Rockcastle","corn",759.967849902113
21203,"Kentucky","Rockcastle","oats",3.62840067846642
21203,"Kentucky","Rockcastle","soybeans",870.561622084468
21203,"Kentucky","Rockcastle","wheat",6.3774606682857
21205,"Kentucky","Rowan","corn",7.93915671649843
21205,"Kentucky","Rowan","soybeans",41.2863272382597
21205,"Kentucky","Rowan","wheat",2.03518271190841
21207,"Kentucky","Russell","corn",1739.51511186719
21207,"Kentucky","Russell","oats",60.2140450745792
21207,"Kentucky","Russell","soybeans",2992.27207358553
21207,"Kentucky","Russell","wheat",414.038936139369
21209,"Kentucky","Scott","corn",0
21209,"Kentucky","Scott","oats",0
21209,"Kentucky","Scott","soybeans",0
21209,"Kentucky","Scott","sunflower",0
21209,"Kentucky","Scott","wheat",0
21211,"Kentucky","Shelby","barley",22.1700120492734
21211,"Kentucky","Shelby","corn",4911.61773522748
21211,"Kentucky","Shelby","oats",17.5423305480511
21211,"Kentucky","Shelby","soybeans",6764.12648267223
21211,"Kentucky","Shelby","sunflower",0.991957390094226
21211,"Kentucky","Shelby","wheat",544.0323154462
21213,"Kentucky","Simpson","barley",40.4303161950829
21213,"Kentucky","Simpson","corn",3763.85571206734
21213,"Kentucky","Simpson","oats",37.9491341495638
21213,"Kentucky","Simpson","rapeseed",27.8710196705039
21213,"Kentucky","Simpson","soybeans",4036.84633366218
21213,"Kentucky","Simpson","wheat",2917.44071758863
21215,"Kentucky","Spencer","corn",348.89293180939
21215,"Kentucky","Spencer","soybeans",861.697765406258
21215,"Kentucky","Spencer","wheat",52.2653027843536
21217,"Kentucky","Taylor","corn",3000.05934027654
21217,"Kentucky","Taylor","oats",12.1757434641179
21217,"Kentucky","Taylor","soybeans",3333.63864580749
21217,"Kentucky","Taylor","wheat",431.42807045185
21219,"Kentucky","Todd","barley",6.95170200557302
21219,"Kentucky","Todd","canola",29.064820369766
21219,"Kentucky","Todd","corn",6188.52644740641
21219,"Kentucky","Todd","oats",0.447918943658055
21219,"Kentucky","Todd","soybeans",6514.33206494547
21219,"Kentucky","Todd","wheat",4638.24514632911
21221,"Kentucky","Trigg","barley",99.1107066274611
21221,"Kentucky","Trigg","canola",73.3238296953696
21221,"Kentucky","Trigg","corn",4553.110394216
21221,"Kentucky","Trigg","soybeans",4535.10938881328
21221,"Kentucky","Trigg","wheat",3085.35268064789
21223,"Kentucky","Trimble","corn",403.229839660233
21223,"Kentucky","Trimble","oats",1.93791820867168
21223,"Kentucky","Trimble","soybeans",922.118303447861
21223,"Kentucky","Trimble","sunflower",0.46140909730278
21223,"Kentucky","Trimble","wheat",40.9723895859312
21225,"Kentucky","Union","corn",5660.17948152312
21225,"Kentucky","Union","grain sorghum",13.5416829534254
21225,"Kentucky","Union","soybeans",4376.70471843833
21225,"Kentucky","Union","sunflower",2.18373033109848
21225,"Kentucky","Union","wheat",462.489386754048
21227,"Kentucky","Warren","barley",46.3623275780282
21227,"Kentucky","Warren","canola",30.7530416296067
21227,"Kentucky","Warren","corn",6771.06407473491
21227,"Kentucky","Warren","grain sorghum",31.5906221907389
21227,"Kentucky","Warren","oats",17.3559592502916
21227,"Kentucky","Warren","rapeseed",47.8122019645417
21227,"Kentucky","Warren","soybeans",6959.53353602571
21227,"Kentucky","Warren","sunflower",0.588923832046088
21227,"Kentucky","Warren","wheat",3078.97381279413
21229,"Kentucky","Washington","barley",58.6889552594184
21229,"Kentucky","Washington","corn",2977.26125863437
21229,"Kentucky","Washington","grain sorghum",2.43387656374204
21229,"Kentucky","Washington","oats",6.48347875293119
21229,"Kentucky","Washington","soybeans",3296.73244509118
21229,"Kentucky","Washington","sunflower",0.862242905029386
21229,"Kentucky","Washington","wheat",1181.24220945999
21231,"Kentucky","Wayne","barley",33.860619826032
21231,"Kentucky","Wayne","corn",2073.43791172164
21231,"Kentucky","Wayne","soybeans",3591.76215149491
21231,"Kentucky","Wayne","sunflower",0.489153042970625
21231,"Kentucky","Wayne","wheat",680.870410581116
21233,"Kentucky","Webster","corn",3466.28565057863
21233,"Kentucky","Webster","grain sorghum",9.46721167604545
21233,"Kentucky","Webster","rapeseed",13.9387609634193
21233,"Kentucky","Webster","soybeans",3596.54744930654
21233,"Kentucky","Webster","sunflower",0.102142403589366
21233,"Kentucky","Webster","wheat",84.0924517384366
21235,"Kentucky","Whitley","corn",0
21235,"Kentucky","Whitley","soybeans",0
21235,"Kentucky","Whitley","wheat",0
21237,"Kentucky","Wolfe","corn",0
21237,"Kentucky","Wolfe","soybeans",0
21239,"Kentucky","Woodford","corn",574.445127989839
21239,"Kentucky","Woodford","soybeans",834.301860300222
21239,"Kentucky","Woodford","sunflower",2.35182571311112
21239,"Kentucky","Woodford","wheat",63.5094526634941
22001,"Louisiana","Acadia","corn",0
22001,"Louisiana","Acadia","grain sorghum",0
22001,"Louisiana","Acadia","rice_long grain",0
22001,"Louisiana","Acadia","rice_short/medium grain",0
22001,"Louisiana","Acadia","soybeans",0
22001,"Louisiana","Acadia","wheat",0
22003,"Louisiana","Allen","corn",0
22003,"Louisiana","Allen","grain sorghum",0
22003,"Louisiana","Allen","rice_long grain",0
22003,"Louisiana","Allen","rice_short/medium grain",0
22003,"Louisiana","Allen","soybeans",0
22003,"Louisiana","Allen","wheat",0
22005,"Louisiana","Ascension","soybeans",2610.23
22007,"Louisiana","Assumption","soybeans",6928.7399
22009,"Louisiana","Avoyelles","corn",342.638749451516
22009,"Louisiana","Avoyelles","cotton",35.4810293335486
22009,"Louisiana","Avoyelles","grain sorghum",70.976586933229
22009,"Louisiana","Avoyelles","oats",1.08669509861631
22009,"Louisiana","Avoyelles","rice_long grain",263.027622810518
22009,"Louisiana","Avoyelles","rice_short/medium grain",16.9657669363214
22009,"Louisiana","Avoyelles","soybeans",1261.00509597108
22009,"Louisiana","Avoyelles","sunflower",0.316688262700445
22009,"Louisiana","Avoyelles","wheat",86.5957652024569
22011,"Louisiana","Beauregard","corn",0
22011,"Louisiana","Beauregard","grain sorghum",0
22011,"Louisiana","Beauregard","rice_long grain",0
22011,"Louisiana","Beauregard","soybeans",0
22011,"Louisiana","Beauregard","wheat",0
22015,"Louisiana","Bossier","corn",0
22015,"Louisiana","Bossier","cotton",0
22015,"Louisiana","Bossier","grain sorghum",0
22015,"Louisiana","Bossier","rice_long grain",0
22015,"Louisiana","Bossier","soybeans",0
22015,"Louisiana","Bossier","wheat",0
22017,"Louisiana","Caddo","corn",0
22017,"Louisiana","Caddo","cotton",0
22017,"Louisiana","Caddo","grain sorghum",0
22017,"Louisiana","Caddo","rice_long grain",0
22017,"Louisiana","Caddo","soybeans",0
22017,"Louisiana","Caddo","wheat",0
22019,"Louisiana","Calcasieu","oats",0
22019,"Louisiana","Calcasieu","rice_long grain",0
22019,"Louisiana","Calcasieu","rice_short/medium grain",0
22019,"Louisiana","Calcasieu","soybeans",0
22019,"Louisiana","Calcasieu","wheat",0
22021,"Louisiana","Caldwell","corn",1168.39435037921
22021,"Louisiana","Caldwell","cotton",320.39126184039
22021,"Louisiana","Caldwell","grain sorghum",10.9091008046649
22021,"Louisiana","Caldwell","oats",54.5365580636668
22021,"Louisiana","Caldwell","rice_long grain",84.1284672835978
22021,"Louisiana","Caldwell","rice_short/medium grain",41.6666354347952
22021,"Louisiana","Caldwell","soybeans",939.502363916592
22021,"Louisiana","Caldwell","wheat",166.54726227708
22023,"Louisiana","Cameron","rice_long grain",0
22023,"Louisiana","Cameron","rice_short/medium grain",0
22023,"Louisiana","Cameron","soybeans",0
22023,"Louisiana","Cameron","wheat",0
22025,"Louisiana","Catahoula","corn",1578.66710492995
22025,"Louisiana","Catahoula","cotton",1030.83831799169
22025,"Louisiana","Catahoula","grain sorghum",88.954341999742
22025,"Louisiana","Catahoula","oats",28.1035191999242
22025,"Louisiana","Catahoula","rice_long grain",142.266321363205
22025,"Louisiana","Catahoula","rice_short/medium grain",11.2562149395232
22025,"Louisiana","Catahoula","sesame",1.68020432038711
22025,"Louisiana","Catahoula","soybeans",3479.81734926036
22025,"Louisiana","Catahoula","sunflower",1.62247399265425
22025,"Louisiana","Catahoula","wheat",130.569725335908
22027,"Louisiana","Claiborne","wheat",0
22029,"Louisiana","Concordia","corn",2159.09543389908
22029,"Louisiana","Concordia","cotton",1103.17327747745
22029,"Louisiana","Concordia","grain sorghum",22.217138040536
22029,"Louisiana","Concordia","oats",13.5530335996332
22029,"Louisiana","Concordia","rice_long grain",618.960544645842
22029,"Louisiana","Concordia","rice_short/medium grain",29.4828513692769
22029,"Louisiana","Concordia","sesame",21.1810585029382
22029,"Louisiana","Concordia","soybeans",12075.0483019833
22029,"Louisiana","Concordia","sunflower",1.20048600488248
22029,"Louisiana","Concordia","wheat",600.228327810425
22031,"Louisiana","De Soto","corn",0
22031,"Louisiana","De Soto","cotton",0
22031,"Louisiana","De Soto","soybeans",0
22033,"Louisiana","East Baton Rouge","corn",0
22033,"Louisiana","East Baton Rouge","soybeans",0
22035,"Louisiana","East Carroll","canola",112.453084108463
22035,"Louisiana","East Carroll","corn",7409.67504056072
22035,"Louisiana","East Carroll","cotton",1517.15799698894
22035,"Louisiana","East Carroll","grain sorghum",44.5697986861544
22035,"Louisiana","East Carroll","oats",16.5653564340014
22035,"Louisiana","East Carroll","peanuts",33.9002504639458
22035,"Louisiana","East Carroll","rice_long grain",178.748837549486
22035,"Louisiana","East Carroll","soybeans",16419.4336554154
22035,"Louisiana","East Carroll","sunflower",4.55961473158612
22035,"Louisiana","East Carroll","wheat",63.7763983945683
22037,"Louisiana","East Feliciana","corn",0
22037,"Louisiana","East Feliciana","grain sorghum",0
22037,"Louisiana","East Feliciana","soybeans",0
22037,"Louisiana","East Feliciana","wheat",0
22039,"Louisiana","Evangeline","corn",0
22039,"Louisiana","Evangeline","cotton",0
22039,"Louisiana","Evangeline","grain sorghum",0
22039,"Louisiana","Evangeline","oats",0
22039,"Louisiana","Evangeline","rice_long grain",0
22039,"Louisiana","Evangeline","rice_short/medium grain",0
22039,"Louisiana","Evangeline","soybeans",0
22039,"Louisiana","Evangeline","wheat",0
22041,"Louisiana","Franklin","corn",15316.9408370412
22041,"Louisiana","Franklin","cotton",2441.73806098892
22041,"Louisiana","Franklin","grain sorghum",21.3163801341411
22041,"Louisiana","Franklin","oats",15.6962395357894
22041,"Louisiana","Franklin","peanuts",0.00109056886113902
22041,"Louisiana","Franklin","rice_long grain",464.277884371486
22041,"Louisiana","Franklin","rice_short/medium grain",192.814846667839
22041,"Louisiana","Franklin","soybeans",8844.66584054218
22041,"Louisiana","Franklin","sunflower",3.7763976174886
22041,"Louisiana","Franklin","wheat",797.694775865364
22043,"Louisiana","Grant","corn",0
22043,"Louisiana","Grant","cotton",0
22043,"Louisiana","Grant","grain sorghum",0
22043,"Louisiana","Grant","soybeans",0
22043,"Louisiana","Grant","wheat",0
22045,"Louisiana","Iberia","corn",11.8038803289003
22045,"Louisiana","Iberia","rice_long grain",1228.60872838989
22045,"Louisiana","Iberia","rice_short/medium grain",94.6385327151086
22045,"Louisiana","Iberia","soybeans",7166.1403585661
22047,"Louisiana","Iberville","corn",453.229979172283
22047,"Louisiana","Iberville","grain sorghum",1.21984602662123
22047,"Louisiana","Iberville","rice_long grain",86.7496360845809
22047,"Louisiana","Iberville","soybeans",3826.81645496531
22047,"Louisiana","Iberville","wheat",444.913424751204
22053,"Louisiana","Jefferson Davis","corn",0
22053,"Louisiana","Jefferson Davis","grain sorghum",0
22053,"Louisiana","Jefferson Davis","rice_long grain",0
22053,"Louisiana","Jefferson Davis","rice_short/medium grain",0
22053,"Louisiana","Jefferson Davis","soybeans",0
22053,"Louisiana","Jefferson Davis","sunflower",0
22053,"Louisiana","Jefferson Davis","wheat",0
22059,"Louisiana","La Salle","corn",304.154
22059,"Louisiana","La Salle","soybeans",1234.032
22055,"Louisiana","Lafayette","corn",0
22055,"Louisiana","Lafayette","rice_long grain",0
22055,"Louisiana","Lafayette","rice_short/medium grain",0
22055,"Louisiana","Lafayette","soybeans",0
22055,"Louisiana","Lafayette","wheat",0
22057,"Louisiana","Lafourche","soybeans",8158.198791
22061,"Louisiana","Lincoln","dry peas",0.22
22065,"Louisiana","Madison","corn",12627.6828190989
22065,"Louisiana","Madison","cotton",4286.58452585375
22065,"Louisiana","Madison","grain sorghum",82.4468810885487
22065,"Louisiana","Madison","peanuts",31.1014559088749
22065,"Louisiana","Madison","rice_long grain",832.589865599674
22065,"Louisiana","Madison","rice_short/medium grain",391.23974775539
22065,"Louisiana","Madison","soybeans",15634.0521306772
22065,"Louisiana","Madison","sunflower",7.77096791004341
22065,"Louisiana","Madison","wheat",233.476886107611
22067,"Louisiana","Morehouse","corn",15094.2049981758
22067,"Louisiana","Morehouse","cotton",2541.75281319992
22067,"Louisiana","Morehouse","grain sorghum",35.7446800285939
22067,"Louisiana","Morehouse","oats",54.8605109666765
22067,"Louisiana","Morehouse","peanuts",189.405529347326
22067,"Louisiana","Morehouse","rice_long grain",4168.9696454608
22067,"Louisiana","Morehouse","rice_short/medium grain",2070.23084892176
22067,"Louisiana","Morehouse","soybeans",14473.5914453208
22067,"Louisiana","Morehouse","wheat",476.413028578385
22069,"Louisiana","Natchitoches","corn",0
22069,"Louisiana","Natchitoches","cotton",0
22069,"Louisiana","Natchitoches","grain sorghum",0
22069,"Louisiana","Natchitoches","rice_long grain",0
22069,"Louisiana","Natchitoches","rice_short/medium grain",0
22069,"Louisiana","Natchitoches","soybeans",0
22069,"Louisiana","Natchitoches","wheat",0
22073,"Louisiana","Ouachita","corn",0
22073,"Louisiana","Ouachita","cotton",0
22073,"Louisiana","Ouachita","grain sorghum",0
22073,"Louisiana","Ouachita","peanuts",0
22073,"Louisiana","Ouachita","rice_long grain",0
22073,"Louisiana","Ouachita","rice_short/medium grain",0
22073,"Louisiana","Ouachita","soybeans",0
22073,"Louisiana","Ouachita","sunflower",0
22073,"Louisiana","Ouachita","wheat",0
22077,"Louisiana","Pointe Coupee","corn",0
22077,"Louisiana","Pointe Coupee","cotton",0
22077,"Louisiana","Pointe Coupee","grain sorghum",0
22077,"Louisiana","Pointe Coupee","oats",0
22077,"Louisiana","Pointe Coupee","rice_long grain",0
22077,"Louisiana","Pointe Coupee","soybeans",0
22077,"Louisiana","Pointe Coupee","sunflower",0
22077,"Louisiana","Pointe Coupee","wheat",0
22079,"Louisiana","Rapides","corn",1857.85657196303
22079,"Louisiana","Rapides","cotton",1503.42095650793
22079,"Louisiana","Rapides","grain sorghum",443.546336649273
22079,"Louisiana","Rapides","peanuts",1.0693573644367
22079,"Louisiana","Rapides","rice_long grain",2158.75448588295
22079,"Louisiana","Rapides","rice_short/medium grain",267.697219373808
22079,"Louisiana","Rapides","soybeans",7740.09842981148
22079,"Louisiana","Rapides","sunflower",6.41614418662023
22079,"Louisiana","Rapides","wheat",599.642997593774
22081,"Louisiana","Red River","corn",0
22081,"Louisiana","Red River","cotton",0
22081,"Louisiana","Red River","grain sorghum",0
22081,"Louisiana","Red River","rice_long grain",0
22081,"Louisiana","Red River","soybeans",0
22081,"Louisiana","Red River","wheat",0
22083,"Louisiana","Richland","canola",77.3398098894696
22083,"Louisiana","Richland","corn",9860.59009412318
22083,"Louisiana","Richland","cotton",2387.073721221
22083,"Louisiana","Richland","grain sorghum",134.055761818796
22083,"Louisiana","Richland","oats",3.42538930524172
22083,"Louisiana","Richland","peanuts",72.0586816742202
22083,"Louisiana","Richland","rice_long grain",783.068109918966
22083,"Louisiana","Richland","rice_short/medium grain",12.4292306174279
22083,"Louisiana","Richland","soybeans",6277.71618630824
22083,"Louisiana","Richland","wheat",682.36851512347
22089,"Louisiana","St. Charles","soybeans",766.3357
22091,"Louisiana","St. Helena","corn",0
22091,"Louisiana","St. Helena","soybeans",0
22093,"Louisiana","St. James","corn",53.296543521893
22093,"Louisiana","St. James","soybeans",4677.83355647811
22095,"Louisiana","St. John the Baptist","soybeans",1350.3896
22097,"Louisiana","St. Landry","corn",0
22097,"Louisiana","St. Landry","cotton",0
22097,"Louisiana","St. Landry","grain sorghum",0
22097,"Louisiana","St. Landry","rice_long grain",0
22097,"Louisiana","St. Landry","rice_short/medium grain",0
22097,"Louisiana","St. Landry","soybeans",0
22097,"Louisiana","St. Landry","wheat",0
22099,"Louisiana","St. Martin","corn",0
22099,"Louisiana","St. Martin","rice_long grain",0
22099,"Louisiana","St. Martin","rice_short/medium grain",0
22099,"Louisiana","St. Martin","soybeans",0
22099,"Louisiana","St. Martin","wheat",0
22101,"Louisiana","St. Mary","soybeans",10466.3323
22103,"Louisiana","St. Tammany","corn",0
22105,"Louisiana","Tangipahoa","corn",0
22105,"Louisiana","Tangipahoa","oats",0
22105,"Louisiana","Tangipahoa","soybeans",0
22105,"Louisiana","Tangipahoa","wheat",0
22107,"Louisiana","Tensas","corn",8979.24720374049
22107,"Louisiana","Tensas","cotton",5242.53270586009
22107,"Louisiana","Tensas","grain sorghum",83.8734203821845
22107,"Louisiana","Tensas","oats",2.9341153712504
22107,"Louisiana","Tensas","rice_long grain",280.99225009102
22107,"Louisiana","Tensas","soybeans",9656.2712787048
22107,"Louisiana","Tensas","sunflower",9.8545586683383
22107,"Louisiana","Tensas","wheat",271.430467181828
22109,"Louisiana","Terrebonne","soybeans",1618.24852
22113,"Louisiana","Vermilion","corn",0
22113,"Louisiana","Vermilion","rice_long grain",0
22113,"Louisiana","Vermilion","rice_short/medium grain",0
22113,"Louisiana","Vermilion","soybeans",0
22113,"Louisiana","Vermilion","wheat",0
22117,"Louisiana","Washington","corn",0
22117,"Louisiana","Washington","oats",0
22117,"Louisiana","Washington","soybeans",0
22117,"Louisiana","Washington","wheat",0
22121,"Louisiana","West Baton Rouge","corn",0
22121,"Louisiana","West Baton Rouge","rice_long grain",0
22121,"Louisiana","West Baton Rouge","soybeans",0
22121,"Louisiana","West Baton Rouge","wheat",0
22123,"Louisiana","West Carroll","corn",8003.36323667848
22123,"Louisiana","West Carroll","cotton",905.193970949781
22123,"Louisiana","West Carroll","grain sorghum",28.5330525891759
22123,"Louisiana","West Carroll","oats",36.949621014458
22123,"Louisiana","West Carroll","peanuts",7.32553753212481
22123,"Louisiana","West Carroll","rice_long grain",121.018476663944
22123,"Louisiana","West Carroll","rice_short/medium grain",183.906603603002
22123,"Louisiana","West Carroll","soybeans",7603.27240969967
22123,"Louisiana","West Carroll","sunflower",0.33187724121105
22123,"Louisiana","West Carroll","wheat",637.842700694827
22125,"Louisiana","West Feliciana","corn",0
22125,"Louisiana","West Feliciana","cotton",0
22125,"Louisiana","West Feliciana","soybeans",0
22127,"Louisiana","Winn","corn",107.554544542209
22127,"Louisiana","Winn","soybeans",120.993455457791
23001,"Maine","Androscoggin","barley",0
23001,"Maine","Androscoggin","corn",0
23001,"Maine","Androscoggin","oats",0
23001,"Maine","Androscoggin","wheat",0
23003,"Maine","Aroostook","barley",0
23003,"Maine","Aroostook","canola",0
23003,"Maine","Aroostook","corn",0
23003,"Maine","Aroostook","dry peas",0
23003,"Maine","Aroostook","mustard",0
23003,"Maine","Aroostook","oats",0
23003,"Maine","Aroostook","soybeans",0
23003,"Maine","Aroostook","sunflower",0
23003,"Maine","Aroostook","wheat",0
23005,"Maine","Cumberland","corn",0
23005,"Maine","Cumberland","soybeans",0
23005,"Maine","Cumberland","sunflower",0
23005,"Maine","Cumberland","wheat",0
23004,"Maine","Fort Kent","barley",936.480347237265
23004,"Maine","Fort Kent","corn",14.4370191629786
23004,"Maine","Fort Kent","mustard",80.2698265461608
23004,"Maine","Fort Kent","oats",8431.15278089133
23004,"Maine","Fort Kent","sunflower",3.33495142664805
23004,"Maine","Fort Kent","wheat",56.3043747356164
23007,"Maine","Franklin","barley",0
23007,"Maine","Franklin","corn",0
23007,"Maine","Franklin","oats",0
23007,"Maine","Franklin","soybeans",0
23002,"Maine","Houlton","barley",570.554222678094
23002,"Maine","Houlton","corn",1098.53326232443
23002,"Maine","Houlton","dry peas",171.268852968099
23002,"Maine","Houlton","oats",9859.64674707207
23002,"Maine","Houlton","soybeans",366.330767243065
23002,"Maine","Houlton","sunflower",37.2716900345814
23002,"Maine","Houlton","wheat",389.129724346325
23011,"Maine","Kennebec","corn",0
23011,"Maine","Kennebec","oats",0
23011,"Maine","Kennebec","soybeans",0
23011,"Maine","Kennebec","wheat",0
23013,"Maine","Knox","corn",0
23015,"Maine","Lincoln","corn",0
23017,"Maine","Oxford","corn",3481.39445705736
23017,"Maine","Oxford","oats",53.24994185963
23017,"Maine","Oxford","sunflower",40.6451344163436
23019,"Maine","Penobscot","corn",201.105666666666
23021,"Maine","Piscataquis","barley",0
23021,"Maine","Piscataquis","corn",0
23021,"Maine","Piscataquis","dry peas",0
23021,"Maine","Piscataquis","oats",0
23021,"Maine","Piscataquis","soybeans",0
23021,"Maine","Piscataquis","sunflower",0
23021,"Maine","Piscataquis","wheat",0
23023,"Maine","Sagadahoc","corn",9.018
23025,"Maine","Somerset","corn",7493.63096122858
23025,"Maine","Somerset","oats",56.193469806172
23025,"Maine","Somerset","soybeans",16.4170685313607
23025,"Maine","Somerset","wheat",15.2032004338904
23027,"Maine","Waldo","corn",951.846031360288
23027,"Maine","Waldo","oats",34.2131686397116
23031,"Maine","York","corn",447.616128114619
23031,"Maine","York","oats",3.44727738911016
23031,"Maine","York","wheat",3.28182782960415
24001,"Maryland","Allegany","corn",0
24001,"Maryland","Allegany","grain sorghum",0
24001,"Maryland","Allegany","oats",0
24001,"Maryland","Allegany","soybeans",0
24001,"Maryland","Allegany","wheat",0
24003,"Maryland","Anne Arundel","barley",0.379565479307805
24003,"Maryland","Anne Arundel","corn",17.9303904242481
24003,"Maryland","Anne Arundel","grain sorghum",1.18894796889771
24003,"Maryland","Anne Arundel","oats",0.247355667474864
24003,"Maryland","Anne Arundel","soybeans",24.0967107586877
24003,"Maryland","Anne Arundel","wheat",4.38336303471588
24005,"Maryland","Baltimore","barley",5.74561976512099
24005,"Maryland","Baltimore","canola",0.0181552613458017
24005,"Maryland","Baltimore","corn",103.204853988504
24005,"Maryland","Baltimore","grain sorghum",2.59373325690661
24005,"Maryland","Baltimore","oats",0.388607317353103
24005,"Maryland","Baltimore","soybeans",80.4245030201963
24005,"Maryland","Baltimore","sunflower",0.149684078042353
24005,"Maryland","Baltimore","wheat",20.2462633125355
24009,"Maryland","Calvert","barley",7.33790959254532
24009,"Maryland","Calvert","corn",267.576108900519
24009,"Maryland","Calvert","grain sorghum",56.0890823316977
24009,"Maryland","Calvert","oats",1.90509917951512
24009,"Maryland","Calvert","soybeans",316.010765949878
24009,"Maryland","Calvert","sunflower",1.02511049888015
24009,"Maryland","Calvert","wheat",139.886423546966
24011,"Maryland","Caroline","barley",0
24011,"Maryland","Caroline","canola",0
24011,"Maryland","Caroline","corn",0
24011,"Maryland","Caroline","grain sorghum",0
24011,"Maryland","Caroline","oats",0
24011,"Maryland","Caroline","rapeseed",0
24011,"Maryland","Caroline","soybeans",0
24011,"Maryland","Caroline","sunflower",0
24011,"Maryland","Caroline","wheat",0
24013,"Maryland","Carroll","barley",161.70642648727
24013,"Maryland","Carroll","corn",3399.66580130048
24013,"Maryland","Carroll","grain sorghum",20.0842138327311
24013,"Maryland","Carroll","oats",12.4936731459818
24013,"Maryland","Carroll","soybeans",3191.29937347843
24013,"Maryland","Carroll","sunflower",2.22462499942519
24013,"Maryland","Carroll","wheat",641.763266755687
24015,"Maryland","Cecil","barley",94.8990906141547
24015,"Maryland","Cecil","corn",2276.05662279819
24015,"Maryland","Cecil","grain sorghum",10.5463074397661
24015,"Maryland","Cecil","oats",4.23385017592478
24015,"Maryland","Cecil","soybeans",2236.60579633085
24015,"Maryland","Cecil","sunflower",0.718606915433476
24015,"Maryland","Cecil","wheat",736.015225725681
24017,"Maryland","Charles","barley",0.644436799898664
24017,"Maryland","Charles","corn",128.407512338528
24017,"Maryland","Charles","grain sorghum",27.682040514367
24017,"Maryland","Charles","oats",2.46400410441254
24017,"Maryland","Charles","soybeans",331.764635597271
24017,"Maryland","Charles","wheat",103.260170645523
24019,"Maryland","Dorchester","barley",54.1514050901542
24019,"Maryland","Dorchester","corn",1067.41424238334
24019,"Maryland","Dorchester","grain sorghum",96.4583745004968
24019,"Maryland","Dorchester","oats",4.22859507389438
24019,"Maryland","Dorchester","soybeans",1634.82940617674
24019,"Maryland","Dorchester","sunflower",0.35031118998056
24019,"Maryland","Dorchester","wheat",472.370532252056
24021,"Maryland","Frederick","barley",223.24154492826
24021,"Maryland","Frederick","corn",4607.79460272819
24021,"Maryland","Frederick","dry peas",0.30217627259709
24021,"Maryland","Frederick","grain sorghum",38.297337306919
24021,"Maryland","Frederick","oats",30.1006246069594
24021,"Maryland","Frederick","soybeans",4514.63149672181
24021,"Maryland","Frederick","sunflower",1.16640041222477
24021,"Maryland","Frederick","wheat",1248.90227035635
24023,"Maryland","Garrett","barley",27.8757989361848
24023,"Maryland","Garrett","corn",2354.6728231443
24023,"Maryland","Garrett","grain sorghum",5.37983280614289
24023,"Maryland","Garrett","oats",232.182058408032
24023,"Maryland","Garrett","soybeans",830.989675650589
24023,"Maryland","Garrett","sunflower",4.9653190263884
24023,"Maryland","Garrett","wheat",44.5918253616989
24025,"Maryland","Harford","barley",94.9117285948013
24025,"Maryland","Harford","corn",3416.75926284597
24025,"Maryland","Harford","grain sorghum",33.7278563489235
24025,"Maryland","Harford","oats",11.0610034499001
24025,"Maryland","Harford","soybeans",2555.52774780462
24025,"Maryland","Harford","sunflower",4.36173112634442
24025,"Maryland","Harford","wheat",620.302169829444
24027,"Maryland","Howard","barley",0
24027,"Maryland","Howard","corn",0
24027,"Maryland","Howard","grain sorghum",0
24027,"Maryland","Howard","soybeans",0
24027,"Maryland","Howard","sunflower",0
24027,"Maryland","Howard","wheat",0
24029,"Maryland","Kent","barley",0
24029,"Maryland","Kent","corn",0
24029,"Maryland","Kent","grain sorghum",0
24029,"Maryland","Kent","oats",0
24029,"Maryland","Kent","soybeans",0
24029,"Maryland","Kent","sunflower",0
24029,"Maryland","Kent","wheat",0
24031,"Maryland","Montgomery","barley",0
24031,"Maryland","Montgomery","corn",0
24031,"Maryland","Montgomery","grain sorghum",0
24031,"Maryland","Montgomery","oats",0
24031,"Maryland","Montgomery","soybeans",0
24031,"Maryland","Montgomery","wheat",0
24033,"Maryland","Prince George&#39;s","corn",0
24033,"Maryland","Prince George&#39;s","grain sorghum",0
24033,"Maryland","Prince George&#39;s","oats",0
24033,"Maryland","Prince George&#39;s","soybeans",0
24033,"Maryland","Prince George&#39;s","sunflower",0
24033,"Maryland","Prince George&#39;s","wheat",0
24035,"Maryland","Queen Anne&#39;s","barley",0
24035,"Maryland","Queen Anne&#39;s","corn",0
24035,"Maryland","Queen Anne&#39;s","grain sorghum",0
24035,"Maryland","Queen Anne&#39;s","oats",0
24035,"Maryland","Queen Anne&#39;s","soybeans",0
24035,"Maryland","Queen Anne&#39;s","wheat",0
24039,"Maryland","Somerset","barley",24.1856184257531
24039,"Maryland","Somerset","corn",1044.10912804976
24039,"Maryland","Somerset","grain sorghum",17.9821001140494
24039,"Maryland","Somerset","oats",0.212466932387309
24039,"Maryland","Somerset","soybeans",1538.95029083387
24039,"Maryland","Somerset","sunflower",0.285583083208852
24039,"Maryland","Somerset","wheat",540.66331256097
24037,"Maryland","St. Mary&#39;s","barley",23.5754881944306
24037,"Maryland","St. Mary&#39;s","corn",378.522636466489
24037,"Maryland","St. Mary&#39;s","grain sorghum",19.4708935806148
24037,"Maryland","St. Mary&#39;s","oats",8.69552315917753
24037,"Maryland","St. Mary&#39;s","rapeseed",1.4452517265056
24037,"Maryland","St. Mary&#39;s","soybeans",740.027819951303
24037,"Maryland","St. Mary&#39;s","sunflower",1.61364024203779
24037,"Maryland","St. Mary&#39;s","wheat",217.596621679443
24041,"Maryland","Talbot","barley",0
24041,"Maryland","Talbot","corn",0
24041,"Maryland","Talbot","grain sorghum",0
24041,"Maryland","Talbot","oats",0
24041,"Maryland","Talbot","soybeans",0
24041,"Maryland","Talbot","sunflower",0
24041,"Maryland","Talbot","wheat",0
24043,"Maryland","Washington","barley",619.984423610064
24043,"Maryland","Washington","corn",5672.88134949628
24043,"Maryland","Washington","grain sorghum",137.861837406685
24043,"Maryland","Washington","oats",102.872375747726
24043,"Maryland","Washington","soybeans",4893.42623142661
24043,"Maryland","Washington","sunflower",3.20336030838725
24043,"Maryland","Washington","wheat",1921.61492200425
24045,"Maryland","Wicomico","barley",0
24045,"Maryland","Wicomico","corn",0
24045,"Maryland","Wicomico","dry peas",0
24045,"Maryland","Wicomico","grain sorghum",0
24045,"Maryland","Wicomico","oats",0
24045,"Maryland","Wicomico","soybeans",0
24045,"Maryland","Wicomico","sunflower",0
24045,"Maryland","Wicomico","wheat",0
24047,"Maryland","Worcester","barley",0.684854799243358
24047,"Maryland","Worcester","corn",170.977406616154
24047,"Maryland","Worcester","grain sorghum",1.48949424933975
24047,"Maryland","Worcester","soybeans",179.406708052671
24047,"Maryland","Worcester","sunflower",0.0559270696804507
24047,"Maryland","Worcester","wheat",29.4492758795808
25001,"Massachusetts","Barnstable","corn",139.890266666667
25003,"Massachusetts","Berkshire","corn",0
25003,"Massachusetts","Berkshire","oats",0
25003,"Massachusetts","Berkshire","soybeans",0
25003,"Massachusetts","Berkshire","sunflower",0
25003,"Massachusetts","Berkshire","wheat",0
25005,"Massachusetts","Bristol","corn",0
25005,"Massachusetts","Bristol","oats",0
25005,"Massachusetts","Bristol","soybeans",0
25005,"Massachusetts","Bristol","sunflower",0
25005,"Massachusetts","Bristol","wheat",0
25007,"Massachusetts","Dukes","corn",0
25009,"Massachusetts","Essex","corn",60.6695284031028
25009,"Massachusetts","Essex","dry peas",0.0997049302305917
25011,"Massachusetts","Franklin","barley",5.12314275022279
25011,"Massachusetts","Franklin","corn",1113.70621730771
25011,"Massachusetts","Franklin","oats",7.7598124025965
25011,"Massachusetts","Franklin","soybeans",0.152254041572886
25011,"Massachusetts","Franklin","wheat",7.0695254978978
25013,"Massachusetts","Hampden","barley",37.3351818745403
25013,"Massachusetts","Hampden","corn",314.961650266467
25013,"Massachusetts","Hampden","soybeans",40.3189124652367
25013,"Massachusetts","Hampden","sunflower",0.0963737270896755
25015,"Massachusetts","Hampshire","barley",0
25015,"Massachusetts","Hampshire","corn",0
25015,"Massachusetts","Hampshire","grain sorghum",0
25015,"Massachusetts","Hampshire","oats",0
25015,"Massachusetts","Hampshire","soybeans",0
25015,"Massachusetts","Hampshire","sunflower",0
25015,"Massachusetts","Hampshire","wheat",0
25017,"Massachusetts","Middlesex","corn",256.291235264047
25017,"Massachusetts","Middlesex","mustard",1.02868639774801
25017,"Massachusetts","Middlesex","soybeans",0.011961469741256
25017,"Massachusetts","Middlesex","sunflower",0.107653227671304
25017,"Massachusetts","Middlesex","wheat",1.1961469741256
25021,"Massachusetts","Norfolk","corn",0
25021,"Massachusetts","Norfolk","soybeans",0
25021,"Massachusetts","Norfolk","sunflower",0
25023,"Massachusetts","Plymouth","chickpeas_large",1.28403658224413
25023,"Massachusetts","Plymouth","chickpeas_small",4.39184037791297
25023,"Massachusetts","Plymouth","corn",1072.56663881447
25023,"Massachusetts","Plymouth","dry peas",0.108816659512214
25023,"Massachusetts","Plymouth","oats",24.3477275658579
25027,"Massachusetts","Worcester","barley",0
25027,"Massachusetts","Worcester","corn",0
25027,"Massachusetts","Worcester","dry peas",0
25027,"Massachusetts","Worcester","oats",0
25027,"Massachusetts","Worcester","peanuts",0
25027,"Massachusetts","Worcester","soybeans",0
25027,"Massachusetts","Worcester","sunflower",0
25027,"Massachusetts","Worcester","wheat",0
26001,"Michigan","Alcona","barley",3.21705515650755
26001,"Michigan","Alcona","corn",579.528358531162
26001,"Michigan","Alcona","oats",44.1508649679097
26001,"Michigan","Alcona","soybeans",469.767664305754
26001,"Michigan","Alcona","wheat",184.550390372001
26003,"Michigan","Alger","barley",0
26003,"Michigan","Alger","corn",0
26003,"Michigan","Alger","oats",0
26003,"Michigan","Alger","soybeans",0
26005,"Michigan","Allegan","barley",0
26005,"Michigan","Allegan","corn",0
26005,"Michigan","Allegan","dry peas",0
26005,"Michigan","Allegan","grain sorghum",0
26005,"Michigan","Allegan","oats",0
26005,"Michigan","Allegan","soybeans",0
26005,"Michigan","Allegan","sunflower",0
26005,"Michigan","Allegan","wheat",0
26007,"Michigan","Alpena","barley",15.2392892617195
26007,"Michigan","Alpena","corn",2529.1666078833
26007,"Michigan","Alpena","dry peas",5.670603949027
26007,"Michigan","Alpena","oats",376.235714193028
26007,"Michigan","Alpena","soybeans",3539.95263959983
26007,"Michigan","Alpena","wheat",977.43464511309
26009,"Michigan","Antrim","barley",0
26009,"Michigan","Antrim","canola",0
26009,"Michigan","Antrim","corn",0
26009,"Michigan","Antrim","grain sorghum",0
26009,"Michigan","Antrim","oats",0
26009,"Michigan","Antrim","soybeans",0
26009,"Michigan","Antrim","sunflower",0
26009,"Michigan","Antrim","wheat",0
26011,"Michigan","Arenac","barley",6.06856443953656
26011,"Michigan","Arenac","corn",6602.16459677293
26011,"Michigan","Arenac","oats",223.281254679464
26011,"Michigan","Arenac","soybeans",7166.21922930953
26011,"Michigan","Arenac","wheat",2258.38235479854
26013,"Michigan","Baraga","barley",4.673354774705
26013,"Michigan","Baraga","corn",5.53161088819276
26013,"Michigan","Baraga","grain sorghum",7.18391024440618
26013,"Michigan","Baraga","oats",37.6079989164168
26013,"Michigan","Baraga","soybeans",28.8957918429459
26015,"Michigan","Barry","barley",0.117617069902423
26015,"Michigan","Barry","corn",384.644536303853
26015,"Michigan","Barry","grain sorghum",0.123410350550538
26015,"Michigan","Barry","oats",1.51554018120775
26015,"Michigan","Barry","soybeans",306.446420951399
26015,"Michigan","Barry","wheat",58.1509751430744
26017,"Michigan","Bay","barley",33.5242991486959
26017,"Michigan","Bay","corn",19361.9550329064
26017,"Michigan","Bay","grain sorghum",8.53451246632857
26017,"Michigan","Bay","oats",118.173384783608
26017,"Michigan","Bay","soybeans",22535.5605738881
26017,"Michigan","Bay","wheat",5923.28626347353
26019,"Michigan","Benzie","corn",11.0337831546957
26019,"Michigan","Benzie","oats",0.528695682144895
26019,"Michigan","Benzie","soybeans",0.160545847529536
26019,"Michigan","Benzie","wheat",0.266141982296386
26021,"Michigan","Berrien","barley",2.96401426337823
26021,"Michigan","Berrien","corn",6673.6763698353
26021,"Michigan","Berrien","grain sorghum",8.83067923805709
26021,"Michigan","Berrien","oats",5.40257088333572
26021,"Michigan","Berrien","soybeans",5742.85196769895
26021,"Michigan","Berrien","sunflower",0.204201400190984
26021,"Michigan","Berrien","wheat",238.918990014112
26023,"Michigan","Branch","barley",0
26023,"Michigan","Branch","corn",0
26023,"Michigan","Branch","grain sorghum",0
26023,"Michigan","Branch","oats",0
26023,"Michigan","Branch","soybeans",0
26023,"Michigan","Branch","wheat",0
26025,"Michigan","Calhoun","barley",0.417092017189575
26025,"Michigan","Calhoun","corn",2231.18303180134
26025,"Michigan","Calhoun","grain sorghum",1.85852525094393
26025,"Michigan","Calhoun","oats",8.39578090125836
26025,"Michigan","Calhoun","soybeans",2088.95583528248
26025,"Michigan","Calhoun","sunflower",0.0371491442609285
26025,"Michigan","Calhoun","wheat",133.607918935896
26027,"Michigan","Cass","barley",5.00289577567182
26027,"Michigan","Cass","corn",6313.00902414117
26027,"Michigan","Cass","grain sorghum",18.4748514743966
26027,"Michigan","Cass","oats",10.1819172456378
26027,"Michigan","Cass","soybeans",4505.01517126657
26027,"Michigan","Cass","sunflower",0.073385705955895
26027,"Michigan","Cass","wheat",147.707254390599
26029,"Michigan","Charlevoix","barley",0
26029,"Michigan","Charlevoix","corn",0
26029,"Michigan","Charlevoix","oats",0
26029,"Michigan","Charlevoix","sunflower",0
26029,"Michigan","Charlevoix","wheat",0
26031,"Michigan","Cheboygan","barley",0
26031,"Michigan","Cheboygan","corn",0
26031,"Michigan","Cheboygan","oats",0
26031,"Michigan","Cheboygan","rapeseed",0
26031,"Michigan","Cheboygan","soybeans",0
26031,"Michigan","Cheboygan","sunflower",0
26031,"Michigan","Cheboygan","wheat",0
26033,"Michigan","Chippewa","barley",92.7422791322487
26033,"Michigan","Chippewa","corn",390.612569006753
26033,"Michigan","Chippewa","oats",864.092761116234
26033,"Michigan","Chippewa","rapeseed",19.5375928964747
26033,"Michigan","Chippewa","soybeans",76.2560422366208
26033,"Michigan","Chippewa","wheat",29.1856722783365
26035,"Michigan","Clare","barley",6.1138455635418
26035,"Michigan","Clare","canola",8.81112179551878
26035,"Michigan","Clare","corn",705.734351769142
26035,"Michigan","Clare","oats",64.3693557955935
26035,"Michigan","Clare","soybeans",676.652868163008
26035,"Michigan","Clare","wheat",135.841956913197
26037,"Michigan","Clinton","barley",0.514167546765174
26037,"Michigan","Clinton","canola",3.54855825060568
26037,"Michigan","Clinton","corn",1840.764234459
26037,"Michigan","Clinton","grain sorghum",0.106034077118596
26037,"Michigan","Clinton","oats",15.4829298045154
26037,"Michigan","Clinton","soybeans",1675.02994237757
26037,"Michigan","Clinton","sunflower",0.00415340855072842
26037,"Michigan","Clinton","wheat",511.429180075864
26041,"Michigan","Delta","barley",0
26041,"Michigan","Delta","corn",0
26041,"Michigan","Delta","dry peas",0
26041,"Michigan","Delta","oats",0
26041,"Michigan","Delta","soybeans",0
26041,"Michigan","Delta","sunflower",0
26041,"Michigan","Delta","wheat",0
26043,"Michigan","Dickinson","barley",0
26043,"Michigan","Dickinson","corn",0
26043,"Michigan","Dickinson","oats",0
26043,"Michigan","Dickinson","soybeans",0
26043,"Michigan","Dickinson","sunflower",0
26043,"Michigan","Dickinson","wheat",0
26045,"Michigan","Eaton","barley",0.504892585669972
26045,"Michigan","Eaton","corn",2434.59284395903
26045,"Michigan","Eaton","grain sorghum",0.601191455257088
26045,"Michigan","Eaton","oats",12.7486969598521
26045,"Michigan","Eaton","soybeans",3599.30659728407
26045,"Michigan","Eaton","wheat",753.75761108944
26047,"Michigan","Emmet","barley",0
26047,"Michigan","Emmet","corn",0
26047,"Michigan","Emmet","oats",0
26047,"Michigan","Emmet","soybeans",0
26049,"Michigan","Genesee","barley",1.98362520089632
26049,"Michigan","Genesee","corn",1072.05487282406
26049,"Michigan","Genesee","grain sorghum",0.673706934009461
26049,"Michigan","Genesee","oats",6.6666639307747
26049,"Michigan","Genesee","soybeans",1560.41835291249
26049,"Michigan","Genesee","wheat",197.059278197767
26051,"Michigan","Gladwin","barley",8.72889627615674
26051,"Michigan","Gladwin","corn",1251.5261842618
26051,"Michigan","Gladwin","oats",65.5004729210682
26051,"Michigan","Gladwin","soybeans",1869.08269106316
26051,"Michigan","Gladwin","sunflower",0.22169675909875
26051,"Michigan","Gladwin","wheat",302.799058718721
26053,"Michigan","Gogebic","oats",1.56666666666667
26055,"Michigan","Grand Traverse","barley",38.9544480944195
26055,"Michigan","Grand Traverse","corn",574.470546046133
26055,"Michigan","Grand Traverse","grain sorghum",4.55695169666467
26055,"Michigan","Grand Traverse","mustard",0.278013036874409
26055,"Michigan","Grand Traverse","oats",127.951858353251
26055,"Michigan","Grand Traverse","soybeans",116.480486477496
26055,"Michigan","Grand Traverse","sunflower",26.7762460252825
26055,"Michigan","Grand Traverse","wheat",101.140116936545
26057,"Michigan","Gratiot","barley",18.9791470835447
26057,"Michigan","Gratiot","corn",19226.6376172807
26057,"Michigan","Gratiot","flaxseed",1.96461333093987
26057,"Michigan","Gratiot","oats",41.6906665732089
26057,"Michigan","Gratiot","soybeans",16813.9315057625
26057,"Michigan","Gratiot","sunflower",2.48720047696988
26057,"Michigan","Gratiot","wheat",3967.27414949206
26059,"Michigan","Hillsdale","barley",0.334112369734504
26059,"Michigan","Hillsdale","canola",0.655901178930214
26059,"Michigan","Hillsdale","corn",1358.63385217079
26059,"Michigan","Hillsdale","dry peas",0.851451687784372
26059,"Michigan","Hillsdale","oats",3.87809313365416
26059,"Michigan","Hillsdale","soybeans",1554.82592433548
26059,"Michigan","Hillsdale","sunflower",0.890036317938321
26059,"Michigan","Hillsdale","wheat",174.300962139044
26061,"Michigan","Houghton","barley",0
26061,"Michigan","Houghton","corn",0
26061,"Michigan","Houghton","dry peas",0
26061,"Michigan","Houghton","grain sorghum",0
26061,"Michigan","Houghton","oats",0
26061,"Michigan","Houghton","sunflower",0
26061,"Michigan","Houghton","wheat",0
26063,"Michigan","Huron","barley",38.9157556632944
26063,"Michigan","Huron","corn",19202.9797591844
26063,"Michigan","Huron","grain sorghum",3.88659926633423
26063,"Michigan","Huron","oats",190.05797322593
26063,"Michigan","Huron","soybeans",10258.7982673358
26063,"Michigan","Huron","sunflower",38.7025375540105
26063,"Michigan","Huron","wheat",12485.7074077702
26065,"Michigan","Ingham","barley",0.17088856355249
26065,"Michigan","Ingham","canola",7.29991307455339
26065,"Michigan","Ingham","corn",824.164964249549
26065,"Michigan","Ingham","grain sorghum",0.155707119410014
26065,"Michigan","Ingham","oats",1.01751488392056
26065,"Michigan","Ingham","soybeans",821.475821329636
26065,"Michigan","Ingham","sunflower",0.464225205809014
26065,"Michigan","Ingham","wheat",209.223998906898
26067,"Michigan","Ionia","barley",0
26067,"Michigan","Ionia","corn",0
26067,"Michigan","Ionia","oats",0
26067,"Michigan","Ionia","soybeans",0
26067,"Michigan","Ionia","sunflower",0
26067,"Michigan","Ionia","wheat",0
26069,"Michigan","Iosco","barley",0
26069,"Michigan","Iosco","corn",0
26069,"Michigan","Iosco","oats",0
26069,"Michigan","Iosco","rapeseed",0
26069,"Michigan","Iosco","soybeans",0
26069,"Michigan","Iosco","sunflower",0
26069,"Michigan","Iosco","wheat",0
26071,"Michigan","Iron","corn",91.0244337798388
26071,"Michigan","Iron","oats",523.722857625053
26071,"Michigan","Iron","soybeans",138.453408595108
26073,"Michigan","Isabella","barley",12.4064540295871
26073,"Michigan","Isabella","corn",5939.53231547734
26073,"Michigan","Isabella","grain sorghum",2.12363111966145
26073,"Michigan","Isabella","oats",171.96037051251
26073,"Michigan","Isabella","soybeans",8399.38230288173
26073,"Michigan","Isabella","sunflower",4.81755592704669
26073,"Michigan","Isabella","wheat",1841.03634005212
26075,"Michigan","Jackson","barley",0
26075,"Michigan","Jackson","canola",0
26075,"Michigan","Jackson","corn",0
26075,"Michigan","Jackson","oats",0
26075,"Michigan","Jackson","soybeans",0
26075,"Michigan","Jackson","sunflower",0
26075,"Michigan","Jackson","wheat",0
26077,"Michigan","Kalamazoo","corn",0
26077,"Michigan","Kalamazoo","grain sorghum",0
26077,"Michigan","Kalamazoo","oats",0
26077,"Michigan","Kalamazoo","soybeans",0
26077,"Michigan","Kalamazoo","sunflower",0
26077,"Michigan","Kalamazoo","wheat",0
26079,"Michigan","Kalkaska","barley",0
26079,"Michigan","Kalkaska","corn",0
26079,"Michigan","Kalkaska","grain sorghum",0
26079,"Michigan","Kalkaska","oats",0
26079,"Michigan","Kalkaska","soybeans",0
26079,"Michigan","Kalkaska","wheat",0
26081,"Michigan","Kent","barley",0
26081,"Michigan","Kent","corn",0
26081,"Michigan","Kent","dry peas",0
26081,"Michigan","Kent","oats",0
26081,"Michigan","Kent","soybeans",0
26081,"Michigan","Kent","sunflower",0
26081,"Michigan","Kent","wheat",0
26085,"Michigan","Lake","corn",388.670151204011
26085,"Michigan","Lake","oats",34.6272791996971
26085,"Michigan","Lake","soybeans",69.4358795300974
26085,"Michigan","Lake","wheat",73.9876900661948
26087,"Michigan","Lapeer","barley",0
26087,"Michigan","Lapeer","corn",0
26087,"Michigan","Lapeer","dry peas",0
26087,"Michigan","Lapeer","oats",0
26087,"Michigan","Lapeer","soybeans",0
26087,"Michigan","Lapeer","sunflower",0
26087,"Michigan","Lapeer","wheat",0
26089,"Michigan","Leelanau","barley",0
26089,"Michigan","Leelanau","corn",0
26089,"Michigan","Leelanau","grain sorghum",0
26089,"Michigan","Leelanau","oats",0
26089,"Michigan","Leelanau","soybeans",0
26089,"Michigan","Leelanau","sunflower",0
26089,"Michigan","Leelanau","wheat",0
26091,"Michigan","Lenawee","barley",0.36074987373966
26091,"Michigan","Lenawee","corn",3691.99724772919
26091,"Michigan","Lenawee","grain sorghum",5.28579702543457
26091,"Michigan","Lenawee","oats",5.64125423666677
26091,"Michigan","Lenawee","soybeans",4768.48730123561
26091,"Michigan","Lenawee","sunflower",0.224688502675221
26091,"Michigan","Lenawee","wheat",1065.97296139668
26093,"Michigan","Livingston","barley",0
26093,"Michigan","Livingston","corn",0
26093,"Michigan","Livingston","oats",0
26093,"Michigan","Livingston","soybeans",0
26093,"Michigan","Livingston","sunflower",0
26093,"Michigan","Livingston","wheat",0
26095,"Michigan","Luce","barley",30.896337238027
26095,"Michigan","Luce","wheat",195.44232942864
26097,"Michigan","Mackinac","corn",1766.05847939246
26097,"Michigan","Mackinac","oats",2070.36317735827
26097,"Michigan","Mackinac","soybeans",477.596004106418
26097,"Michigan","Mackinac","sunflower",19.694680581708
26097,"Michigan","Mackinac","wheat",229.661858561139
26099,"Michigan","Macomb","barley",2.10693343502447
26099,"Michigan","Macomb","corn",284.189229989039
26099,"Michigan","Macomb","oats",1.76755154451222
26099,"Michigan","Macomb","soybeans",742.243404003768
26099,"Michigan","Macomb","wheat",71.7387310276585
26101,"Michigan","Manistee","corn",1267.3133652702
26101,"Michigan","Manistee","oats",59.2195595832427
26101,"Michigan","Manistee","soybeans",50.9994221187496
26101,"Michigan","Manistee","wheat",64.4789863611424
26103,"Michigan","Marquette","corn",0
26103,"Michigan","Marquette","oats",0
26105,"Michigan","Mason","barley",7.8277291488172
26105,"Michigan","Mason","corn",5069.878736667
26105,"Michigan","Mason","grain sorghum",7.80949042383584
26105,"Michigan","Mason","oats",423.23127125831
26105,"Michigan","Mason","soybeans",2496.87216477877
26105,"Michigan","Mason","sunflower",6.62364168686612
26105,"Michigan","Mason","wheat",1479.34629936973
26107,"Michigan","Mecosta","barley",6.55625675090391
26107,"Michigan","Mecosta","corn",6984.19100233327
26107,"Michigan","Mecosta","oats",318.203636921226
26107,"Michigan","Mecosta","soybeans",1867.68524475305
26107,"Michigan","Mecosta","sunflower",9.20416743715424
26107,"Michigan","Mecosta","wheat",752.911358471053
26109,"Michigan","Menominee","barley",267.175761396311
26109,"Michigan","Menominee","corn",8470.22101623743
26109,"Michigan","Menominee","dry peas",269.778938607347
26109,"Michigan","Menominee","oats",711.180711412536
26109,"Michigan","Menominee","soybeans",2343.07105177618
26109,"Michigan","Menominee","sunflower",1.97242937744846
26109,"Michigan","Menominee","wheat",1215.12102452607
26111,"Michigan","Midland","corn",5282.48475783866
26111,"Michigan","Midland","oats",29.3719723654998
26111,"Michigan","Midland","soybeans",6233.14849552568
26111,"Michigan","Midland","sunflower",13.1182482747114
26111,"Michigan","Midland","wheat",927.169525995453
26113,"Michigan","Missaukee","barley",5.20175379645133
26113,"Michigan","Missaukee","corn",4023.50059769993
26113,"Michigan","Missaukee","oats",79.1347374474068
26113,"Michigan","Missaukee","soybeans",9.41750523729758
26113,"Michigan","Missaukee","wheat",124.392072485591
26115,"Michigan","Monroe","barley",0
26115,"Michigan","Monroe","corn",0
26115,"Michigan","Monroe","grain sorghum",0
26115,"Michigan","Monroe","oats",0
26115,"Michigan","Monroe","soybeans",0
26115,"Michigan","Monroe","wheat",0
26117,"Michigan","Montcalm","barley",4.53740187447378
26117,"Michigan","Montcalm","corn",14903.3048713906
26117,"Michigan","Montcalm","dry peas",38.4926009702399
26117,"Michigan","Montcalm","oats",320.938157611551
26117,"Michigan","Montcalm","soybeans",7053.74571360813
26117,"Michigan","Montcalm","sunflower",3.42001350415549
26117,"Michigan","Montcalm","wheat",3548.59497437409
26119,"Michigan","Montmorency","barley",3.52618029629326
26119,"Michigan","Montmorency","corn",209.947305017356
26119,"Michigan","Montmorency","oats",32.1027992186109
26119,"Michigan","Montmorency","soybeans",525.724448962903
26119,"Michigan","Montmorency","sunflower",0.454080591289052
26119,"Michigan","Montmorency","wheat",72.4958525802147
26121,"Michigan","Muskegon","barley",0
26121,"Michigan","Muskegon","corn",0
26121,"Michigan","Muskegon","oats",0
26121,"Michigan","Muskegon","soybeans",0
26121,"Michigan","Muskegon","wheat",0
26123,"Michigan","Newaygo","barley",0
26123,"Michigan","Newaygo","corn",0
26123,"Michigan","Newaygo","oats",0
26123,"Michigan","Newaygo","safflower",0
26123,"Michigan","Newaygo","soybeans",0
26123,"Michigan","Newaygo","sunflower",0
26123,"Michigan","Newaygo","wheat",0
26125,"Michigan","Oakland","corn",0
26125,"Michigan","Oakland","oats",0
26125,"Michigan","Oakland","soybeans",0
26125,"Michigan","Oakland","wheat",0
26127,"Michigan","Oceana","corn",9200.5219126001
26127,"Michigan","Oceana","oats",312.382870993628
26127,"Michigan","Oceana","soybeans",2939.76295881357
26127,"Michigan","Oceana","sunflower",30.4495480377542
26127,"Michigan","Oceana","wheat",1615.77260955495
26129,"Michigan","Ogemaw","barley",8.01906777821418
26129,"Michigan","Ogemaw","corn",438.440227689791
26129,"Michigan","Ogemaw","oats",42.6036232350877
26129,"Michigan","Ogemaw","soybeans",159.033392069484
26129,"Michigan","Ogemaw","wheat",99.9961892274188
26131,"Michigan","Ontonagon","barley",0
26131,"Michigan","Ontonagon","oats",0
26131,"Michigan","Ontonagon","wheat",0
26133,"Michigan","Osceola","corn",1028.98662792885
26133,"Michigan","Osceola","oats",28.9995881906935
26133,"Michigan","Osceola","soybeans",47.3384914479752
26133,"Michigan","Osceola","wheat",107.548292432486
26135,"Michigan","Oscoda","barley",0
26135,"Michigan","Oscoda","corn",0
26137,"Michigan","Otsego","barley",0
26137,"Michigan","Otsego","corn",0
26137,"Michigan","Otsego","grain sorghum",0
26137,"Michigan","Otsego","oats",0
26137,"Michigan","Otsego","soybeans",0
26137,"Michigan","Otsego","sunflower",0
26137,"Michigan","Otsego","wheat",0
26139,"Michigan","Ottawa","barley",0
26139,"Michigan","Ottawa","corn",0
26139,"Michigan","Ottawa","grain sorghum",0
26139,"Michigan","Ottawa","oats",0
26139,"Michigan","Ottawa","soybeans",0
26139,"Michigan","Ottawa","sunflower",0
26139,"Michigan","Ottawa","wheat",0
26141,"Michigan","Presque Isle","barley",37.2562972081209
26141,"Michigan","Presque Isle","corn",2431.81960315447
26141,"Michigan","Presque Isle","dry peas",1.234442486629
26141,"Michigan","Presque Isle","oats",760.380361450521
26141,"Michigan","Presque Isle","soybeans",3468.9603241839
26141,"Michigan","Presque Isle","sunflower",43.3544430920681
26141,"Michigan","Presque Isle","wheat",1367.82152842429
26143,"Michigan","Roscommon","corn",0
26143,"Michigan","Roscommon","oats",0
26143,"Michigan","Roscommon","wheat",0
26145,"Michigan","Saginaw","barley",1.49893944528678
26145,"Michigan","Saginaw","corn",16661.8699775045
26145,"Michigan","Saginaw","oats",79.2493032071736
26145,"Michigan","Saginaw","soybeans",21522.9473117444
26145,"Michigan","Saginaw","sunflower",24.47393379292
26145,"Michigan","Saginaw","wheat",3615.47641763896
26151,"Michigan","Sanilac","barley",14.0777474517888
26151,"Michigan","Sanilac","corn",20879.0853650972
26151,"Michigan","Sanilac","grain sorghum",27.0910179439033
26151,"Michigan","Sanilac","oats",268.863718518049
26151,"Michigan","Sanilac","soybeans",24881.175277047
26151,"Michigan","Sanilac","sunflower",4.54058516843214
26151,"Michigan","Sanilac","wheat",9241.73938877361
26153,"Michigan","Schoolcraft","barley",0
26153,"Michigan","Schoolcraft","corn",0
26153,"Michigan","Schoolcraft","dry peas",0
26153,"Michigan","Schoolcraft","oats",0
26153,"Michigan","Schoolcraft","soybeans",0
26155,"Michigan","Shiawassee","barley",0.640435088577713
26155,"Michigan","Shiawassee","canola",5.29781852296632
26155,"Michigan","Shiawassee","corn",2790.99755417203
26155,"Michigan","Shiawassee","oats",36.5070561853505
26155,"Michigan","Shiawassee","soybeans",4787.58865654843
26155,"Michigan","Shiawassee","sunflower",16.8133439187055
26155,"Michigan","Shiawassee","wheat",1007.95196889727
26147,"Michigan","St. Clair","barley",0
26147,"Michigan","St. Clair","corn",0
26147,"Michigan","St. Clair","grain sorghum",0
26147,"Michigan","St. Clair","oats",0
26147,"Michigan","St. Clair","soybeans",0
26147,"Michigan","St. Clair","wheat",0
26149,"Michigan","St. Joseph","barley",6.6678828529573
26149,"Michigan","St. Joseph","corn",4605.27735428344
26149,"Michigan","St. Joseph","grain sorghum",44.287666839152
26149,"Michigan","St. Joseph","oats",18.1099186787752
26149,"Michigan","St. Joseph","soybeans",3240.92229304877
26149,"Michigan","St. Joseph","sunflower",6.79120391007219
26149,"Michigan","St. Joseph","wheat",221.274280386851
26157,"Michigan","Tuscola","barley",14.127540385712
26157,"Michigan","Tuscola","canola",18.2578142100613
26157,"Michigan","Tuscola","corn",17687.7814262022
26157,"Michigan","Tuscola","dry peas",13.9887513102128
26157,"Michigan","Tuscola","grain sorghum",49.5641765172741
26157,"Michigan","Tuscola","oats",89.68995371303
26157,"Michigan","Tuscola","rice_long grain",10.1063681340815
26157,"Michigan","Tuscola","soybeans",16018.9539730217
26157,"Michigan","Tuscola","sunflower",3.3710159407357
26157,"Michigan","Tuscola","wheat",6943.66494723174
26159,"Michigan","Van Buren","barley",0.869140498205605
26159,"Michigan","Van Buren","corn",4596.16950878393
26159,"Michigan","Van Buren","grain sorghum",17.2749856303389
26159,"Michigan","Van Buren","oats",5.18604134594581
26159,"Michigan","Van Buren","soybeans",2334.71182598051
26159,"Michigan","Van Buren","sunflower",0.595943092650391
26159,"Michigan","Van Buren","wheat",161.589001335092
26161,"Michigan","Washtenaw","barley",0
26161,"Michigan","Washtenaw","corn",0
26161,"Michigan","Washtenaw","grain sorghum",0
26161,"Michigan","Washtenaw","oats",0
26161,"Michigan","Washtenaw","soybeans",0
26161,"Michigan","Washtenaw","sunflower",0
26161,"Michigan","Washtenaw","wheat",0
26163,"Michigan","Wayne","corn",0
26163,"Michigan","Wayne","oats",0
26163,"Michigan","Wayne","soybeans",0
26163,"Michigan","Wayne","wheat",0
26165,"Michigan","Wexford","corn",2715.74493861353
26165,"Michigan","Wexford","oats",103.822529487941
26165,"Michigan","Wexford","soybeans",124.287887082632
26165,"Michigan","Wexford","wheat",191.226144815898
27001,"Minnesota","Aitkin","barley",23.0363257424205
27001,"Minnesota","Aitkin","canola",12.565755370106
27001,"Minnesota","Aitkin","corn",1108.8539029604
27001,"Minnesota","Aitkin","oats",184.306669789293
27001,"Minnesota","Aitkin","soybeans",2952.48054076511
27001,"Minnesota","Aitkin","sunflower",0.764945234681074
27001,"Minnesota","Aitkin","wheat",19.7623601379856
27003,"Minnesota","Anoka","corn",0
27003,"Minnesota","Anoka","dry peas",0
27003,"Minnesota","Anoka","oats",0
27003,"Minnesota","Anoka","soybeans",0
27003,"Minnesota","Anoka","wheat",0
27005,"Minnesota","Becker","barley",70.7860213192742
27005,"Minnesota","Becker","canola",3.82041710391014
27005,"Minnesota","Becker","corn",5340.24812942068
27005,"Minnesota","Becker","dry peas",25.1940071590698
27005,"Minnesota","Becker","flaxseed",2.18821654444364
27005,"Minnesota","Becker","grain sorghum",0.779490173726525
27005,"Minnesota","Becker","oats",152.23534618144
27005,"Minnesota","Becker","soybeans",5621.86725124049
27005,"Minnesota","Becker","sunflower",39.1808981589392
27005,"Minnesota","Becker","wheat",1905.41430603138
27007,"Minnesota","Beltrami","barley",145.540014044047
27007,"Minnesota","Beltrami","canola",575.511357263696
27007,"Minnesota","Beltrami","corn",2208.73393479696
27007,"Minnesota","Beltrami","dry peas",3.85767719068687
27007,"Minnesota","Beltrami","oats",943.201558079256
27007,"Minnesota","Beltrami","soybeans",8058.46257725511
27007,"Minnesota","Beltrami","sunflower",7.76943396815907
27007,"Minnesota","Beltrami","wheat",5072.25578073543
27009,"Minnesota","Benton","barley",32.5534526550323
27009,"Minnesota","Benton","corn",3591.70184614193
27009,"Minnesota","Benton","dry peas",15.3236325252714
27009,"Minnesota","Benton","grain sorghum",0.0833818650039849
27009,"Minnesota","Benton","oats",77.5005772695945
27009,"Minnesota","Benton","soybeans",2191.66561337611
27009,"Minnesota","Benton","sunflower",0.242111404894383
27009,"Minnesota","Benton","wheat",57.6891764288117
27011,"Minnesota","Big Stone","barley",1.6637608581355
27011,"Minnesota","Big Stone","corn",2073.2335177255
27011,"Minnesota","Big Stone","dry peas",1.27235114232008
27011,"Minnesota","Big Stone","grain sorghum",1.29722309120386
27011,"Minnesota","Big Stone","oats",5.35413986797731
27011,"Minnesota","Big Stone","soybeans",2205.41182397179
27011,"Minnesota","Big Stone","wheat",74.8590166764118
27013,"Minnesota","Blue Earth","barley",0.84686923872155
27013,"Minnesota","Blue Earth","corn",3100.08275745716
27013,"Minnesota","Blue Earth","grain sorghum",0.00852725694434268
27013,"Minnesota","Blue Earth","oats",8.46598940765578
27013,"Minnesota","Blue Earth","soybeans",2704.53411083545
27013,"Minnesota","Blue Earth","sunflower",0.0343235499646498
27013,"Minnesota","Blue Earth","wheat",5.22283225426157
27015,"Minnesota","Brown","barley",9.58313799670334
27015,"Minnesota","Brown","canola",2.22550414884023
27015,"Minnesota","Brown","corn",9921.7652613623
27015,"Minnesota","Brown","grain sorghum",0.219387856356724
27015,"Minnesota","Brown","oats",79.1008596986337
27015,"Minnesota","Brown","soybeans",7693.37252526867
27015,"Minnesota","Brown","sunflower",0.0702790783844283
27015,"Minnesota","Brown","wheat",60.1975445901821
27017,"Minnesota","Carlton","barley",0
27017,"Minnesota","Carlton","corn",0
27017,"Minnesota","Carlton","oats",0
27017,"Minnesota","Carlton","soybeans",0
27017,"Minnesota","Carlton","wheat",0
27019,"Minnesota","Carver","barley",2.10378433233494
27019,"Minnesota","Carver","corn",1260.37679114719
27019,"Minnesota","Carver","grain sorghum",1.54530721117896
27019,"Minnesota","Carver","oats",15.3920556897173
27019,"Minnesota","Carver","soybeans",1002.9438196555
27019,"Minnesota","Carver","wheat",17.3307419640682
27021,"Minnesota","Cass","barley",0
27021,"Minnesota","Cass","corn",0
27021,"Minnesota","Cass","dry peas",0
27021,"Minnesota","Cass","grain sorghum",0
27021,"Minnesota","Cass","oats",0
27021,"Minnesota","Cass","soybeans",0
27021,"Minnesota","Cass","wheat",0
27023,"Minnesota","Chippewa","barley",1.72426903651823
27023,"Minnesota","Chippewa","corn",17179.213806428
27023,"Minnesota","Chippewa","dry peas",9.48291362434449
27023,"Minnesota","Chippewa","flaxseed",0.0135858361380294
27023,"Minnesota","Chippewa","oats",23.0601453994864
27023,"Minnesota","Chippewa","soybeans",10886.7878872196
27023,"Minnesota","Chippewa","sunflower",5.04713812527791
27023,"Minnesota","Chippewa","wheat",129.630387664019
27025,"Minnesota","Chisago","barley",0
27025,"Minnesota","Chisago","corn",0
27025,"Minnesota","Chisago","grain sorghum",0
27025,"Minnesota","Chisago","oats",0
27025,"Minnesota","Chisago","soybeans",0
27025,"Minnesota","Chisago","sunflower",0
27025,"Minnesota","Chisago","wheat",0
27027,"Minnesota","Clay","barley",146.497692545263
27027,"Minnesota","Clay","canola",80.7301135184524
27027,"Minnesota","Clay","corn",20259.2798501602
27027,"Minnesota","Clay","dry peas",0.632500687168031
27027,"Minnesota","Clay","flaxseed",14.66205348588
27027,"Minnesota","Clay","grain sorghum",0.177449412851541
27027,"Minnesota","Clay","oats",168.694200780976
27027,"Minnesota","Clay","soybeans",23046.8313422254
27027,"Minnesota","Clay","sunflower",973.406561971291
27027,"Minnesota","Clay","wheat",8831.88554854587
27029,"Minnesota","Clearwater","barley",66.7570253606085
27029,"Minnesota","Clearwater","canola",80.1788295966542
27029,"Minnesota","Clearwater","corn",2641.03510720975
27029,"Minnesota","Clearwater","grain sorghum",20.5844828068531
27029,"Minnesota","Clearwater","oats",589.116494431204
27029,"Minnesota","Clearwater","soybeans",5677.05548712335
27029,"Minnesota","Clearwater","sunflower",54.4400807302784
27029,"Minnesota","Clearwater","wheat",2469.00165940797
27033,"Minnesota","Cottonwood","barley",0.0345131017642687
27033,"Minnesota","Cottonwood","corn",455.168014289063
27033,"Minnesota","Cottonwood","grain sorghum",0.00806567006031669
27033,"Minnesota","Cottonwood","oats",0.793836192238935
27033,"Minnesota","Cottonwood","soybeans",394.144999261322
27033,"Minnesota","Cottonwood","wheat",2.23457148557168
27035,"Minnesota","Crow Wing","barley",0
27035,"Minnesota","Crow Wing","corn",0
27035,"Minnesota","Crow Wing","dry peas",0
27035,"Minnesota","Crow Wing","grain sorghum",0
27035,"Minnesota","Crow Wing","oats",0
27035,"Minnesota","Crow Wing","soybeans",0
27035,"Minnesota","Crow Wing","sunflower",0
27035,"Minnesota","Crow Wing","wheat",0
27037,"Minnesota","Dakota","barley",11.116877658418
27037,"Minnesota","Dakota","canola",0.258614357026314
27037,"Minnesota","Dakota","corn",5276.04041409379
27037,"Minnesota","Dakota","oats",51.6617755693815
27037,"Minnesota","Dakota","peanuts",0.0302318738590817
27037,"Minnesota","Dakota","soybeans",2638.5556742134
27037,"Minnesota","Dakota","sunflower",1.39077455548858
27037,"Minnesota","Dakota","wheat",45.6310043453634
27039,"Minnesota","Dodge","barley",8.41334188350822
27039,"Minnesota","Dodge","corn",5518.79651638184
27039,"Minnesota","Dodge","oats",42.5417016678592
27039,"Minnesota","Dodge","soybeans",3964.24242006201
27039,"Minnesota","Dodge","sunflower",0.520776122718191
27039,"Minnesota","Dodge","wheat",4.15201721536813
27041,"Minnesota","Douglas","barley",3.8117184610753
27041,"Minnesota","Douglas","corn",4294.39648677052
27041,"Minnesota","Douglas","grain sorghum",1.80293973979824
27041,"Minnesota","Douglas","oats",151.489692418761
27041,"Minnesota","Douglas","soybeans",4341.73555353582
27041,"Minnesota","Douglas","sunflower",13.6400256489098
27041,"Minnesota","Douglas","wheat",460.243593425137
27111,"Minnesota","East Otter Tail","barley",2171.25404011155
27111,"Minnesota","East Otter Tail","corn",90014.040369766
27111,"Minnesota","East Otter Tail","dry peas",195.394500801352
27111,"Minnesota","East Otter Tail","grain sorghum",14.1689801226213
27111,"Minnesota","East Otter Tail","oats",7833.85377459177
27111,"Minnesota","East Otter Tail","soybeans",46112.8083841801
27111,"Minnesota","East Otter Tail","sunflower",493.845822745416
27111,"Minnesota","East Otter Tail","wheat",6875.98096101452
27119,"Minnesota","East Polk","barley",417.561045327744
27119,"Minnesota","East Polk","canola",441.958052494498
27119,"Minnesota","East Polk","corn",41453.2738033059
27119,"Minnesota","East Polk","dry peas",1012.39265487579
27119,"Minnesota","East Polk","grain sorghum",132.207305089678
27119,"Minnesota","East Polk","lentils",3.46427268839357
27119,"Minnesota","East Polk","oats",2944.08602894486
27119,"Minnesota","East Polk","soybeans",109450.224921526
27119,"Minnesota","East Polk","sunflower",2759.63109613385
27119,"Minnesota","East Polk","wheat",67379.3363196132
27043,"Minnesota","Faribault","barley",0.622167807865969
27043,"Minnesota","Faribault","corn",5110.62495165531
27043,"Minnesota","Faribault","dry peas",1.88065272374454
27043,"Minnesota","Faribault","oats",20.8136706905149
27043,"Minnesota","Faribault","soybeans",4245.0684088905
27043,"Minnesota","Faribault","wheat",0.501748232149975
27045,"Minnesota","Fillmore","barley",17.7469002730923
27045,"Minnesota","Fillmore","corn",6523.44704919619
27045,"Minnesota","Fillmore","oats",206.499910416627
27045,"Minnesota","Fillmore","soybeans",3583.46649583671
27045,"Minnesota","Fillmore","wheat",14.2958109440783
27047,"Minnesota","Freeborn","barley",4.18296566957249
27047,"Minnesota","Freeborn","corn",8653.29204664329
27047,"Minnesota","Freeborn","dry peas",2.65257610562144
27047,"Minnesota","Freeborn","oats",47.2052592464233
27047,"Minnesota","Freeborn","soybeans",6788.57110256596
27047,"Minnesota","Freeborn","wheat",6.3407164357991
27049,"Minnesota","Goodhue","barley",39.4485043180875
27049,"Minnesota","Goodhue","canola",0.443281467076676
27049,"Minnesota","Goodhue","corn",13975.7932542196
27049,"Minnesota","Goodhue","dry peas",20.1972334844146
27049,"Minnesota","Goodhue","grain sorghum",3.47444013894698
27049,"Minnesota","Goodhue","oats",264.855002575535
27049,"Minnesota","Goodhue","soybeans",8056.22921026084
27049,"Minnesota","Goodhue","sunflower",2.16587324813664
27049,"Minnesota","Goodhue","wheat",36.7480336206564
27051,"Minnesota","Grant","barley",11.6762038195276
27051,"Minnesota","Grant","corn",9801.95792631835
27051,"Minnesota","Grant","oats",10.8905683579043
27051,"Minnesota","Grant","soybeans",6981.41610902188
27051,"Minnesota","Grant","sunflower",37.7377125349561
27051,"Minnesota","Grant","wheat",605.668979947419
27053,"Minnesota","Hennepin","corn",580.894066503495
27053,"Minnesota","Hennepin","grain sorghum",0.214520448654582
27053,"Minnesota","Hennepin","oats",13.0837094236673
27053,"Minnesota","Hennepin","soybeans",555.838678757896
27053,"Minnesota","Hennepin","sunflower",0.0132466377044205
27053,"Minnesota","Hennepin","wheat",20.1051782285804
27055,"Minnesota","Houston","barley",4.56745497473519
27055,"Minnesota","Houston","corn",1375.79312970926
27055,"Minnesota","Houston","grain sorghum",0.188381259528666
27055,"Minnesota","Houston","oats",74.3515984910544
27055,"Minnesota","Houston","soybeans",697.850831638488
27055,"Minnesota","Houston","sunflower",0.0451753619972819
27055,"Minnesota","Houston","wheat",10.8309285649343
27057,"Minnesota","Hubbard","barley",76.6700799547291
27057,"Minnesota","Hubbard","canola",21.6232073047487
27057,"Minnesota","Hubbard","corn",3636.26721759244
27057,"Minnesota","Hubbard","dry peas",193.774338433791
27057,"Minnesota","Hubbard","oats",411.636763383395
27057,"Minnesota","Hubbard","soybeans",678.916267189231
27057,"Minnesota","Hubbard","sunflower",76.5442961284531
27057,"Minnesota","Hubbard","wheat",488.865130013211
27059,"Minnesota","Isanti","barley",0
27059,"Minnesota","Isanti","corn",0
27059,"Minnesota","Isanti","grain sorghum",0
27059,"Minnesota","Isanti","oats",0
27059,"Minnesota","Isanti","soybeans",0
27059,"Minnesota","Isanti","sunflower",0
27059,"Minnesota","Isanti","wheat",0
27061,"Minnesota","Itasca","corn",455.86938061095
27061,"Minnesota","Itasca","oats",152.288854485736
27061,"Minnesota","Itasca","soybeans",1399.24505451099
27061,"Minnesota","Itasca","wheat",498.204760392328
27063,"Minnesota","Jackson","barley",1.28566368316895
27063,"Minnesota","Jackson","corn",2223.99139582504
27063,"Minnesota","Jackson","grain sorghum",0.0305862487897048
27063,"Minnesota","Jackson","oats",5.68750645473309
27063,"Minnesota","Jackson","soybeans",1988.6952624825
27063,"Minnesota","Jackson","wheat",2.01325197246345
27065,"Minnesota","Kanabec","barley",0
27065,"Minnesota","Kanabec","corn",0
27065,"Minnesota","Kanabec","grain sorghum",0
27065,"Minnesota","Kanabec","oats",0
27065,"Minnesota","Kanabec","soybeans",0
27065,"Minnesota","Kanabec","sunflower",0
27065,"Minnesota","Kanabec","wheat",0
27067,"Minnesota","Kandiyohi","barley",5.34686727989869
27067,"Minnesota","Kandiyohi","corn",18790.2467389786
27067,"Minnesota","Kandiyohi","dry peas",49.8329785535824
27067,"Minnesota","Kandiyohi","grain sorghum",1.05796563574978
27067,"Minnesota","Kandiyohi","oats",122.759553494613
27067,"Minnesota","Kandiyohi","rapeseed",0.0603298185238338
27067,"Minnesota","Kandiyohi","soybeans",11376.2324145068
27067,"Minnesota","Kandiyohi","sunflower",0.0548452895671216
27067,"Minnesota","Kandiyohi","wheat",121.892339775978
27069,"Minnesota","Kittson","barley",0
27069,"Minnesota","Kittson","canola",0
27069,"Minnesota","Kittson","corn",0
27069,"Minnesota","Kittson","dry peas",0
27069,"Minnesota","Kittson","flaxseed",0
27069,"Minnesota","Kittson","oats",0
27069,"Minnesota","Kittson","soybeans",0
27069,"Minnesota","Kittson","sunflower",0
27069,"Minnesota","Kittson","wheat",0
27071,"Minnesota","Koochiching","barley",0
27071,"Minnesota","Koochiching","canola",0
27071,"Minnesota","Koochiching","corn",0
27071,"Minnesota","Koochiching","flaxseed",0
27071,"Minnesota","Koochiching","oats",0
27071,"Minnesota","Koochiching","soybeans",0
27071,"Minnesota","Koochiching","sunflower",0
27071,"Minnesota","Koochiching","wheat",0
27073,"Minnesota","Lac qui Parle","barley",2.03157968967096
27073,"Minnesota","Lac qui Parle","corn",5265.18498144469
27073,"Minnesota","Lac qui Parle","dry peas",14.7653966615948
27073,"Minnesota","Lac qui Parle","grain sorghum",0.133802286913646
27073,"Minnesota","Lac qui Parle","oats",23.9615051142399
27073,"Minnesota","Lac qui Parle","soybeans",4956.51401925164
27073,"Minnesota","Lac qui Parle","sunflower",7.49674457534798
27073,"Minnesota","Lac qui Parle","wheat",68.6977459759635
27077,"Minnesota","Lake of the Woods","barley",193.969352104507
27077,"Minnesota","Lake of the Woods","canola",163.343265665026
27077,"Minnesota","Lake of the Woods","corn",73.8481518029964
27077,"Minnesota","Lake of the Woods","flaxseed",15.0949880386601
27077,"Minnesota","Lake of the Woods","oats",259.712024601749
27077,"Minnesota","Lake of the Woods","soybeans",1936.59254654403
27077,"Minnesota","Lake of the Woods","sunflower",236.62591110919
27077,"Minnesota","Lake of the Woods","wheat",925.710926800504
27079,"Minnesota","Le Sueur","barley",2.55328634546506
27079,"Minnesota","Le Sueur","corn",3033.56651751379
27079,"Minnesota","Le Sueur","dry peas",0.990353958135573
27079,"Minnesota","Le Sueur","oats",24.9879016919268
27079,"Minnesota","Le Sueur","soybeans",2824.92545267112
27079,"Minnesota","Le Sueur","sunflower",0.0197643454428351
27079,"Minnesota","Le Sueur","wheat",30.0492834740877
27081,"Minnesota","Lincoln","barley",8.22592225618516
27081,"Minnesota","Lincoln","corn",6946.86946371038
27081,"Minnesota","Lincoln","dry peas",3.70210553236237
27081,"Minnesota","Lincoln","grain sorghum",0.257261974167019
27081,"Minnesota","Lincoln","oats",92.7054683676855
27081,"Minnesota","Lincoln","soybeans",5299.38328136749
27081,"Minnesota","Lincoln","sunflower",6.42038958817279
27081,"Minnesota","Lincoln","wheat",169.47960720361
27083,"Minnesota","Lyon","barley",1.82269642782136
27083,"Minnesota","Lyon","corn",3896.34523802739
27083,"Minnesota","Lyon","dry peas",7.94085161712587
27083,"Minnesota","Lyon","oats",15.8186157950699
27083,"Minnesota","Lyon","soybeans",3058.21947656879
27083,"Minnesota","Lyon","sunflower",0.310877656940854
27083,"Minnesota","Lyon","wheat",36.9434572402233
27087,"Minnesota","Mahnomen","barley",103.446751247782
27087,"Minnesota","Mahnomen","corn",3183.56283956521
27087,"Minnesota","Mahnomen","dry peas",52.5018189005038
27087,"Minnesota","Mahnomen","flaxseed",2.42836567484904
27087,"Minnesota","Mahnomen","oats",144.744419477692
27087,"Minnesota","Mahnomen","soybeans",4002.67400330312
27087,"Minnesota","Mahnomen","sunflower",75.6591238540626
27087,"Minnesota","Mahnomen","wheat",2396.21284464343
27089,"Minnesota","Marshall","barley",794.444606292572
27089,"Minnesota","Marshall","canola",993.771949336544
27089,"Minnesota","Marshall","corn",3920.65757219971
27089,"Minnesota","Marshall","dry peas",3.60933390464094
27089,"Minnesota","Marshall","flaxseed",30.5609324391826
27089,"Minnesota","Marshall","oats",457.703552086147
27089,"Minnesota","Marshall","soybeans",19345.4829392866
27089,"Minnesota","Marshall","sunflower",1039.10126354021
27089,"Minnesota","Marshall","wheat",18535.8033509144
27091,"Minnesota","Martin","barley",0
27091,"Minnesota","Martin","corn",0
27091,"Minnesota","Martin","oats",0
27091,"Minnesota","Martin","soybeans",0
27091,"Minnesota","Martin","wheat",0
27085,"Minnesota","McLeod","barley",2.09569346156731
27085,"Minnesota","McLeod","corn",4246.9441629399
27085,"Minnesota","McLeod","dry peas",2.83417296114184
27085,"Minnesota","McLeod","grain sorghum",1.48302908371741
27085,"Minnesota","McLeod","oats",21.1712331918965
27085,"Minnesota","McLeod","soybeans",3264.51929452539
27085,"Minnesota","McLeod","sunflower",0.0388278330597567
27085,"Minnesota","McLeod","wheat",52.3008193366609
27093,"Minnesota","Meeker","barley",6.80208774943225
27093,"Minnesota","Meeker","canola",0.799755019785709
27093,"Minnesota","Meeker","corn",2284.89750725207
27093,"Minnesota","Meeker","grain sorghum",0.0213398524251266
27093,"Minnesota","Meeker","oats",24.42994136767
27093,"Minnesota","Meeker","soybeans",1801.82251831897
27093,"Minnesota","Meeker","sunflower",0.0657815634389225
27093,"Minnesota","Meeker","wheat",25.9284688762242
27095,"Minnesota","Mille Lacs","barley",0
27095,"Minnesota","Mille Lacs","corn",0
27095,"Minnesota","Mille Lacs","oats",0
27095,"Minnesota","Mille Lacs","soybeans",0
27095,"Minnesota","Mille Lacs","sunflower",0
27095,"Minnesota","Mille Lacs","wheat",0
27097,"Minnesota","Morrison","barley",64.3839883318062
27097,"Minnesota","Morrison","corn",15989.2116743715
27097,"Minnesota","Morrison","dry peas",16.6819504021927
27097,"Minnesota","Morrison","grain sorghum",40.0753135917103
27097,"Minnesota","Morrison","oats",575.570750580402
27097,"Minnesota","Morrison","soybeans",5212.64445038377
27097,"Minnesota","Morrison","sunflower",43.326490561208
27097,"Minnesota","Morrison","wheat",186.257248444063
27099,"Minnesota","Mower","barley",26.9878814285693
27099,"Minnesota","Mower","corn",11417.1357607402
27099,"Minnesota","Mower","oats",54.5251444349304
27099,"Minnesota","Mower","soybeans",8207.49297583418
27099,"Minnesota","Mower","sunflower",2.36950663117174
27099,"Minnesota","Mower","wheat",7.4353259308973
27101,"Minnesota","Murray","barley",2.33609991269546
27101,"Minnesota","Murray","corn",3853.22943692501
27101,"Minnesota","Murray","dry peas",2.84871860891157
27101,"Minnesota","Murray","grain sorghum",0.0996366724991908
27101,"Minnesota","Murray","oats",37.9065974313447
27101,"Minnesota","Murray","soybeans",3423.84324514358
27101,"Minnesota","Murray","wheat",15.4054319725924
27103,"Minnesota","Nicollet","barley",2.78803544105291
27103,"Minnesota","Nicollet","corn",1611.24374600736
27103,"Minnesota","Nicollet","grain sorghum",0.107994705105123
27103,"Minnesota","Nicollet","oats",8.65970421412914
27103,"Minnesota","Nicollet","soybeans",1194.11878580922
27103,"Minnesota","Nicollet","sunflower",0.00495728016829296
27103,"Minnesota","Nicollet","wheat",5.6838315429584
27105,"Minnesota","Nobles","barley",0.234833016272504
27105,"Minnesota","Nobles","corn",2380.36025245276
27105,"Minnesota","Nobles","flaxseed",0.0551406537692551
27105,"Minnesota","Nobles","grain sorghum",0.427648854372835
27105,"Minnesota","Nobles","oats",13.8428317436518
27105,"Minnesota","Nobles","soybeans",1848.64781241797
27105,"Minnesota","Nobles","wheat",8.63443086120464
27107,"Minnesota","Norman","barley",588.612546018305
27107,"Minnesota","Norman","corn",15039.04405343
27107,"Minnesota","Norman","dry peas",8.80505504676605
27107,"Minnesota","Norman","flaxseed",14.9399000635425
27107,"Minnesota","Norman","oats",200.148102715765
27107,"Minnesota","Norman","rapeseed",9.78883273681606
27107,"Minnesota","Norman","soybeans",21848.0483056387
27107,"Minnesota","Norman","sunflower",581.070495115407
27107,"Minnesota","Norman","wheat",13010.728042568
27137,"Minnesota","North St. Louis","barley",124.518214953831
27137,"Minnesota","North St. Louis","corn",36.797716244219
27137,"Minnesota","North St. Louis","oats",751.346283907676
27137,"Minnesota","North St. Louis","soybeans",839.677887547772
27137,"Minnesota","North St. Louis","sunflower",19.7919145227835
27137,"Minnesota","North St. Louis","wheat",60.7228028237192
27109,"Minnesota","Olmsted","barley",15.1611731984966
27109,"Minnesota","Olmsted","corn",12727.3053430807
27109,"Minnesota","Olmsted","dry peas",3.94736999151447
27109,"Minnesota","Olmsted","grain sorghum",7.55897491898389
27109,"Minnesota","Olmsted","oats",205.655113180708
27109,"Minnesota","Olmsted","soybeans",7671.40766756038
27109,"Minnesota","Olmsted","sunflower",2.17514403418427
27109,"Minnesota","Olmsted","wheat",21.3708157017283
27113,"Minnesota","Pennington","barley",329.030003350565
27113,"Minnesota","Pennington","canola",318.002070077403
27113,"Minnesota","Pennington","corn",1011.34482442836
27113,"Minnesota","Pennington","dry peas",33.7529976471871
27113,"Minnesota","Pennington","oats",350.042533098889
27113,"Minnesota","Pennington","soybeans",6264.54722951064
27113,"Minnesota","Pennington","sunflower",199.733910303936
27113,"Minnesota","Pennington","wheat",5299.67276491634
27115,"Minnesota","Pine","barley",0
27115,"Minnesota","Pine","corn",0
27115,"Minnesota","Pine","dry peas",0
27115,"Minnesota","Pine","grain sorghum",0
27115,"Minnesota","Pine","oats",0
27115,"Minnesota","Pine","soybeans",0
27115,"Minnesota","Pine","sunflower",0
27115,"Minnesota","Pine","wheat",0
27117,"Minnesota","Pipestone","barley",2.07303206957766
27117,"Minnesota","Pipestone","corn",1481.47580840246
27117,"Minnesota","Pipestone","grain sorghum",0.575465220206463
27117,"Minnesota","Pipestone","oats",21.3642630461303
27117,"Minnesota","Pipestone","soybeans",1094.3567069201
27117,"Minnesota","Pipestone","sunflower",1.87673758720144
27117,"Minnesota","Pipestone","wheat",8.68678675427593
27121,"Minnesota","Pope","barley",5.01752756288003
27121,"Minnesota","Pope","canola",19.2982669123217
27121,"Minnesota","Pope","corn",5872.60323446345
27121,"Minnesota","Pope","dry peas",15.3195072946288
27121,"Minnesota","Pope","oats",95.1820393470386
27121,"Minnesota","Pope","soybeans",4299.35932303992
27121,"Minnesota","Pope","sunflower",2.6908074544405
27121,"Minnesota","Pope","wheat",230.792293925379
27125,"Minnesota","Red Lake","barley",251.301884991625
27125,"Minnesota","Red Lake","canola",29.394583895778
27125,"Minnesota","Red Lake","corn",3100.78334347795
27125,"Minnesota","Red Lake","dry peas",30.1455715097285
27125,"Minnesota","Red Lake","oats",175.006150847446
27125,"Minnesota","Red Lake","soybeans",9072.67188530263
27125,"Minnesota","Red Lake","sunflower",140.234908385006
27125,"Minnesota","Red Lake","wheat",7312.41067158983
27127,"Minnesota","Redwood","barley",0.278142420803285
27127,"Minnesota","Redwood","corn",8941.34177712145
27127,"Minnesota","Redwood","dry peas",2.82330403536487
27127,"Minnesota","Redwood","flaxseed",0.132053509605466
27127,"Minnesota","Redwood","oats",21.7564571102615
27127,"Minnesota","Redwood","soybeans",7602.1808731031
27127,"Minnesota","Redwood","sunflower",1.97891616537334
27127,"Minnesota","Redwood","wheat",30.9424765341595
27129,"Minnesota","Renville","barley",16.8944723907478
27129,"Minnesota","Renville","corn",45859.3120950405
27129,"Minnesota","Renville","dry peas",31.2170016063612
27129,"Minnesota","Renville","oats",94.4497225383858
27129,"Minnesota","Renville","soybeans",31485.8169962443
27129,"Minnesota","Renville","sunflower",19.2347333380486
27129,"Minnesota","Renville","wheat",275.981312175138
27131,"Minnesota","Rice","barley",5.63700815569483
27131,"Minnesota","Rice","corn",2946.22127540102
27131,"Minnesota","Rice","dry peas",1.27063249346423
27131,"Minnesota","Rice","grain sorghum",1.42409413166987
27131,"Minnesota","Rice","mustard",0.0186692990517812
27131,"Minnesota","Rice","oats",50.558403439325
27131,"Minnesota","Rice","soybeans",2441.00472749031
27131,"Minnesota","Rice","wheat",13.325622922788
27133,"Minnesota","Rock","barley",0.292347415263018
27133,"Minnesota","Rock","corn",3249.10060653445
27133,"Minnesota","Rock","oats",21.5789850822175
27133,"Minnesota","Rock","soybeans",2358.66109912123
27133,"Minnesota","Rock","wheat",1.81529518014447
27135,"Minnesota","Roseau","barley",2.39607563693654
27135,"Minnesota","Roseau","canola",7.13344252579382
27135,"Minnesota","Roseau","corn",7.77508471022518
27135,"Minnesota","Roseau","flaxseed",0.824419144357981
27135,"Minnesota","Roseau","oats",3.27561840079233
27135,"Minnesota","Roseau","soybeans",80.1463265990606
27135,"Minnesota","Roseau","sunflower",4.55252476462795
27135,"Minnesota","Roseau","wheat",58.1201748848632
27139,"Minnesota","Scott","barley",0
27139,"Minnesota","Scott","corn",0
27139,"Minnesota","Scott","oats",0
27139,"Minnesota","Scott","soybeans",0
27139,"Minnesota","Scott","wheat",0
27141,"Minnesota","Sherburne","corn",4200.03262879112
27141,"Minnesota","Sherburne","dry peas",10.0473052449689
27141,"Minnesota","Sherburne","grain sorghum",0.505672109833183
27141,"Minnesota","Sherburne","mustard",0.006889265801542
27141,"Minnesota","Sherburne","oats",57.3939222513823
27141,"Minnesota","Sherburne","peanuts",0.121251078107139
27141,"Minnesota","Sherburne","soybeans",2654.63004405353
27141,"Minnesota","Sherburne","sunflower",0.027557063206168
27141,"Minnesota","Sherburne","wheat",47.2008401420528
27143,"Minnesota","Sibley","barley",9.13760870317518
27143,"Minnesota","Sibley","canola",1.95242760714918
27143,"Minnesota","Sibley","corn",11290.509349511
27143,"Minnesota","Sibley","grain sorghum",7.70890504177574
27143,"Minnesota","Sibley","oats",47.947502159253
27143,"Minnesota","Sibley","soybeans",8315.9141403027
27143,"Minnesota","Sibley","wheat",55.4079000083005
27138,"Minnesota","South St. Louis","barley",15.9294894474003
27138,"Minnesota","South St. Louis","corn",103.936732746397
27138,"Minnesota","South St. Louis","oats",146.937858526673
27138,"Minnesota","South St. Louis","wheat",45.367185946196
27145,"Minnesota","Stearns","barley",166.100374165627
27145,"Minnesota","Stearns","canola",0.0693243764850356
27145,"Minnesota","Stearns","corn",15023.8535874372
27145,"Minnesota","Stearns","dry peas",33.4476251665
27145,"Minnesota","Stearns","grain sorghum",3.52329589422446
27145,"Minnesota","Stearns","oats",948.287314046284
27145,"Minnesota","Stearns","safflower",0.554595011880284
27145,"Minnesota","Stearns","soybeans",6875.95676354702
27145,"Minnesota","Stearns","sunflower",1.53414845161384
27145,"Minnesota","Stearns","wheat",215.477285236482
27147,"Minnesota","Steele","barley",3.16659231287845
27147,"Minnesota","Steele","corn",8038.04635705341
27147,"Minnesota","Steele","dry peas",51.4072016494463
27147,"Minnesota","Steele","flaxseed",2.1168947630438
27147,"Minnesota","Steele","grain sorghum",1.89885460245028
27147,"Minnesota","Steele","oats",58.6338922731046
27147,"Minnesota","Steele","soybeans",5978.91233775612
27147,"Minnesota","Steele","wheat",29.4882029228825
27149,"Minnesota","Stevens","barley",0.44160469761686
27149,"Minnesota","Stevens","corn",243.946349755427
27149,"Minnesota","Stevens","oats",0.577472237133247
27149,"Minnesota","Stevens","soybeans",159.627166196214
27149,"Minnesota","Stevens","sunflower",0.405413090730405
27149,"Minnesota","Stevens","wheat",5.80899402290863
27151,"Minnesota","Swift","barley",2.62967736438937
27151,"Minnesota","Swift","corn",7896.0967998869
27151,"Minnesota","Swift","grain sorghum",0.824305568863759
27151,"Minnesota","Swift","oats",35.1067820286941
27151,"Minnesota","Swift","soybeans",4604.4759996411
27151,"Minnesota","Swift","sunflower",2.17860674135064
27151,"Minnesota","Swift","wheat",125.69816210198
27153,"Minnesota","Todd","barley",13.9926159221253
27153,"Minnesota","Todd","corn",1549.34102991859
27153,"Minnesota","Todd","dry peas",0.498924021697587
27153,"Minnesota","Todd","grain sorghum",2.04284976521332
27153,"Minnesota","Todd","mustard",1.34038696998628
27153,"Minnesota","Todd","oats",106.746838562097
27153,"Minnesota","Todd","soybeans",1029.44247652956
27153,"Minnesota","Todd","sunflower",3.99655208788624
27153,"Minnesota","Todd","wheat",60.8124478895267
27155,"Minnesota","Traverse","corn",6622.83247035072
27155,"Minnesota","Traverse","oats",7.93434227298063
27155,"Minnesota","Traverse","soybeans",5312.96553648523
27155,"Minnesota","Traverse","sunflower",15.4429608710418
27155,"Minnesota","Traverse","wheat",214.290190020078
27157,"Minnesota","Wabasha","barley",86.9047431872366
27157,"Minnesota","Wabasha","canola",4.55957442926276
27157,"Minnesota","Wabasha","corn",11720.0068927317
27157,"Minnesota","Wabasha","dry peas",8.36129043840283
27157,"Minnesota","Wabasha","grain sorghum",1.82631455341043
27157,"Minnesota","Wabasha","mustard",0.248478170532031
27157,"Minnesota","Wabasha","oats",452.446943333
27157,"Minnesota","Wabasha","soybeans",4816.72771816258
27157,"Minnesota","Wabasha","sunflower",0.124239085266015
27157,"Minnesota","Wabasha","wheat",19.6248059086198
27159,"Minnesota","Wadena","barley",56.6179777998597
27159,"Minnesota","Wadena","corn",1955.78452506643
27159,"Minnesota","Wadena","dry peas",8.99093268238611
27159,"Minnesota","Wadena","lentils",0.0856340470260839
27159,"Minnesota","Wadena","oats",234.731657571293
27159,"Minnesota","Wadena","soybeans",1126.87572289374
27159,"Minnesota","Wadena","sunflower",45.6102348589387
27159,"Minnesota","Wadena","wheat",130.339815080333
27161,"Minnesota","Waseca","barley",0.284523868268511
27161,"Minnesota","Waseca","corn",5501.19522369235
27161,"Minnesota","Waseca","dry peas",42.7688519039363
27161,"Minnesota","Waseca","flaxseed",0.0724242573774391
27161,"Minnesota","Waseca","grain sorghum",3.99368047824164
27161,"Minnesota","Waseca","oats",15.6351556090912
27161,"Minnesota","Waseca","soybeans",4072.33239404774
27161,"Minnesota","Waseca","wheat",3.3344128096573
27163,"Minnesota","Washington","barley",0
27163,"Minnesota","Washington","corn",0
27163,"Minnesota","Washington","oats",0
27163,"Minnesota","Washington","soybeans",0
27163,"Minnesota","Washington","sunflower",0
27163,"Minnesota","Washington","wheat",0
27165,"Minnesota","Watonwan","barley",0.267397134545084
27165,"Minnesota","Watonwan","corn",1774.68838185663
27165,"Minnesota","Watonwan","oats",4.80052727706099
27165,"Minnesota","Watonwan","soybeans",1338.49724198729
27165,"Minnesota","Watonwan","wheat",3.34035174445065
27112,"Minnesota","West Otter Tail","barley",133.739709140616
27112,"Minnesota","West Otter Tail","corn",102280.204150688
27112,"Minnesota","West Otter Tail","oats",2320.60970101659
27112,"Minnesota","West Otter Tail","soybeans",105374.968548875
27112,"Minnesota","West Otter Tail","sunflower",240.812298339702
27112,"Minnesota","West Otter Tail","wheat",15637.4042586067
27120,"Minnesota","West Polk","barley",6634.83596454084
27120,"Minnesota","West Polk","canola",662.109829782493
27120,"Minnesota","West Polk","corn",87337.8216469989
27120,"Minnesota","West Polk","dry peas",153.954037201961
27120,"Minnesota","West Polk","oats",1811.80750409502
27120,"Minnesota","West Polk","soybeans",235222.843269198
27120,"Minnesota","West Polk","sunflower",8358.76300225777
27120,"Minnesota","West Polk","wheat",261140.461227592
27167,"Minnesota","Wilkin","barley",191.027956811565
27167,"Minnesota","Wilkin","corn",16742.8743321205
27167,"Minnesota","Wilkin","oats",65.0367321568653
27167,"Minnesota","Wilkin","soybeans",19293.4380359852
27167,"Minnesota","Wilkin","sunflower",609.24697093822
27167,"Minnesota","Wilkin","wheat",7383.54447198774
27169,"Minnesota","Winona","barley",53.5581656548564
27169,"Minnesota","Winona","corn",7256.30392728549
27169,"Minnesota","Winona","dry peas",7.83576814333289
27169,"Minnesota","Winona","grain sorghum",1.35452059864385
27169,"Minnesota","Winona","oats",443.282334666043
27169,"Minnesota","Winona","soybeans",2916.24641859388
27169,"Minnesota","Winona","sunflower",0.403816046398071
27169,"Minnesota","Winona","wheat",27.3990490113499
27171,"Minnesota","Wright","barley",3.54669794744312
27171,"Minnesota","Wright","corn",2338.04431907908
27171,"Minnesota","Wright","dry peas",0.760089226996743
27171,"Minnesota","Wright","oats",52.9334042608493
27171,"Minnesota","Wright","soybeans",2121.97298835077
27171,"Minnesota","Wright","wheat",59.8659044681648
27173,"Minnesota","Yellow Medicine","barley",1.4842361565338
27173,"Minnesota","Yellow Medicine","corn",4459.88375810995
27173,"Minnesota","Yellow Medicine","dry peas",1.35334310220433
27173,"Minnesota","Yellow Medicine","oats",11.8904819646346
27173,"Minnesota","Yellow Medicine","rapeseed",0.222062794547936
27173,"Minnesota","Yellow Medicine","soybeans",3579.593948175
27173,"Minnesota","Yellow Medicine","sunflower",16.0852368814221
27173,"Minnesota","Yellow Medicine","wheat",41.1099328157289
28001,"Mississippi","Adams","corn",0
28001,"Mississippi","Adams","cotton",0
28001,"Mississippi","Adams","grain sorghum",0
28001,"Mississippi","Adams","oats",0
28001,"Mississippi","Adams","soybeans",0
28001,"Mississippi","Adams","sunflower",0
28001,"Mississippi","Adams","wheat",0
28003,"Mississippi","Alcorn","corn",0
28003,"Mississippi","Alcorn","cotton",0
28003,"Mississippi","Alcorn","dry peas",0
28003,"Mississippi","Alcorn","grain sorghum",0
28003,"Mississippi","Alcorn","soybeans",0
28003,"Mississippi","Alcorn","wheat",0
28005,"Mississippi","Amite","corn",0
28005,"Mississippi","Amite","oats",0
28005,"Mississippi","Amite","soybeans",0
28005,"Mississippi","Amite","wheat",0
28007,"Mississippi","Attala","corn",340.164338459515
28007,"Mississippi","Attala","cotton",412.935831024963
28007,"Mississippi","Attala","peanuts",86.7012740383262
28007,"Mississippi","Attala","soybeans",306.56473257249
28007,"Mississippi","Attala","sunflower",2.55900563312016
28007,"Mississippi","Attala","wheat",16.0691516049189
28009,"Mississippi","Benton","corn",372.593372121656
28009,"Mississippi","Benton","cotton",71.5382494976651
28009,"Mississippi","Benton","sesame",50.9501006898541
28009,"Mississippi","Benton","soybeans",1192.05202680388
28009,"Mississippi","Benton","wheat",55.5242508869379
28011,"Mississippi","Bolivar","corn",2546.59525632018
28011,"Mississippi","Bolivar","cotton",1096.96974921058
28011,"Mississippi","Bolivar","dry peas",1.02963747020701
28011,"Mississippi","Bolivar","oats",7.61752660567062
28011,"Mississippi","Bolivar","rice_long grain",1956.76487340658
28011,"Mississippi","Bolivar","soybeans",17857.7086189699
28011,"Mississippi","Bolivar","sunflower",3.67983478482678
28011,"Mississippi","Bolivar","wheat",381.278336565377
28013,"Mississippi","Calhoun","corn",1226.87414578155
28013,"Mississippi","Calhoun","cotton",1210.04850013849
28013,"Mississippi","Calhoun","grain sorghum",30.1861197911239
28013,"Mississippi","Calhoun","soybeans",2875.04210550014
28013,"Mississippi","Calhoun","wheat",52.2547954553584
28015,"Mississippi","Carroll","corn",842.591209036069
28015,"Mississippi","Carroll","cotton",758.24273189555
28015,"Mississippi","Carroll","grain sorghum",0.574411924002498
28015,"Mississippi","Carroll","peanuts",34.4489909137303
28015,"Mississippi","Carroll","rice_long grain",10.9996293371953
28015,"Mississippi","Carroll","soybeans",700.660771955159
28015,"Mississippi","Carroll","sunflower",1.59011580861991
28015,"Mississippi","Carroll","wheat",61.9981457963426
28017,"Mississippi","Chickasaw","corn",2832.73562630363
28017,"Mississippi","Chickasaw","cotton",995.812746245414
28017,"Mississippi","Chickasaw","grain sorghum",17.9113266841908
28017,"Mississippi","Chickasaw","soybeans",13085.2779815613
28017,"Mississippi","Chickasaw","wheat",121.423459205516
28019,"Mississippi","Choctaw","corn",0
28019,"Mississippi","Choctaw","cotton",0
28019,"Mississippi","Choctaw","peanuts",0
28019,"Mississippi","Choctaw","soybeans",0
28021,"Mississippi","Claiborne","corn",0
28021,"Mississippi","Claiborne","cotton",0
28021,"Mississippi","Claiborne","peanuts",0
28021,"Mississippi","Claiborne","soybeans",0
28021,"Mississippi","Claiborne","wheat",0
28023,"Mississippi","Clarke","canola",24.419823408242
28023,"Mississippi","Clarke","corn",1156.76829576874
28023,"Mississippi","Clarke","cotton",923.960375186547
28023,"Mississippi","Clarke","soybeans",1302.28090172023
28023,"Mississippi","Clarke","wheat",295.672603916248
28025,"Mississippi","Clay","corn",0
28025,"Mississippi","Clay","cotton",0
28025,"Mississippi","Clay","grain sorghum",0
28025,"Mississippi","Clay","soybeans",0
28025,"Mississippi","Clay","wheat",0
28027,"Mississippi","Coahoma","corn",6180.96506776837
28027,"Mississippi","Coahoma","cotton",9627.56904643441
28027,"Mississippi","Coahoma","oats",16.0181487974126
28027,"Mississippi","Coahoma","peanuts",38.1613959888741
28027,"Mississippi","Coahoma","rice_long grain",722.158574307758
28027,"Mississippi","Coahoma","soybeans",12782.0542241295
28027,"Mississippi","Coahoma","sunflower",3.71469473709817
28027,"Mississippi","Coahoma","wheat",766.545847836567
28029,"Mississippi","Copiah","corn",0
28029,"Mississippi","Copiah","cotton",0
28029,"Mississippi","Copiah","oats",0
28029,"Mississippi","Copiah","peanuts",0
28029,"Mississippi","Copiah","soybeans",0
28029,"Mississippi","Copiah","wheat",0
28031,"Mississippi","Covington","corn",91.129172117292
28031,"Mississippi","Covington","cotton",225.798711073884
28031,"Mississippi","Covington","grain sorghum",68.0285735793685
28031,"Mississippi","Covington","peanuts",102.089446735552
28031,"Mississippi","Covington","soybeans",721.270923620463
28031,"Mississippi","Covington","wheat",25.7165062067749
28033,"Mississippi","DeSoto","corn",0
28033,"Mississippi","DeSoto","cotton",0
28033,"Mississippi","DeSoto","grain sorghum",0
28033,"Mississippi","DeSoto","peanuts",0
28033,"Mississippi","DeSoto","rice_long grain",0
28033,"Mississippi","DeSoto","rice_short/medium grain",0
28033,"Mississippi","DeSoto","soybeans",0
28033,"Mississippi","DeSoto","wheat",0
28035,"Mississippi","Forrest","corn",0
28035,"Mississippi","Forrest","cotton",0
28035,"Mississippi","Forrest","peanuts",0
28035,"Mississippi","Forrest","soybeans",0
28037,"Mississippi","Franklin","corn",0
28037,"Mississippi","Franklin","soybeans",0
28039,"Mississippi","George","corn",0
28039,"Mississippi","George","cotton",0
28039,"Mississippi","George","grain sorghum",0
28039,"Mississippi","George","oats",0
28039,"Mississippi","George","peanuts",0
28039,"Mississippi","George","soybeans",0
28039,"Mississippi","George","wheat",0
28041,"Mississippi","Greene","corn",0
28041,"Mississippi","Greene","cotton",0
28041,"Mississippi","Greene","peanuts",0
28043,"Mississippi","Grenada","corn",281.887946091388
28043,"Mississippi","Grenada","cotton",550.112367743324
28043,"Mississippi","Grenada","grain sorghum",18.9106000118373
28043,"Mississippi","Grenada","rice_long grain",29.0740978558182
28043,"Mississippi","Grenada","soybeans",227.260067849384
28043,"Mississippi","Grenada","wheat",25.2964537815749
28045,"Mississippi","Hancock","corn",0
28045,"Mississippi","Hancock","peanuts",0
28045,"Mississippi","Hancock","soybeans",0
28045,"Mississippi","Hancock","wheat",0
28047,"Mississippi","Harrison","peanuts",60.925
28049,"Mississippi","Hinds","corn",0
28049,"Mississippi","Hinds","cotton",0
28049,"Mississippi","Hinds","grain sorghum",0
28049,"Mississippi","Hinds","soybeans",0
28049,"Mississippi","Hinds","sunflower",0
28049,"Mississippi","Hinds","wheat",0
28051,"Mississippi","Holmes","corn",4473.17909652803
28051,"Mississippi","Holmes","cotton",2409.41812489381
28051,"Mississippi","Holmes","grain sorghum",2.89447126348882
28051,"Mississippi","Holmes","oats",0.0360441162453577
28051,"Mississippi","Holmes","peanuts",128.940874502491
28051,"Mississippi","Holmes","rice_long grain",60.6921127658261
28051,"Mississippi","Holmes","sesame",84.8499951246819
28051,"Mississippi","Holmes","soybeans",4360.23408589928
28051,"Mississippi","Holmes","wheat",228.226194906141
28053,"Mississippi","Humphreys","corn",8814.14148655663
28053,"Mississippi","Humphreys","cotton",4241.34381079658
28053,"Mississippi","Humphreys","grain sorghum",9.98508920567009
28053,"Mississippi","Humphreys","oats",38.5658687087853
28053,"Mississippi","Humphreys","peanuts",130.33300069121
28053,"Mississippi","Humphreys","rice_long grain",932.485757367963
28053,"Mississippi","Humphreys","soybeans",18515.1408690595
28053,"Mississippi","Humphreys","sunflower",23.190684263716
28053,"Mississippi","Humphreys","wheat",383.878213349975
28055,"Mississippi","Issaquena","corn",2796.50066660801
28055,"Mississippi","Issaquena","cotton",1044.89587628694
28055,"Mississippi","Issaquena","rice_long grain",38.8937791724555
28055,"Mississippi","Issaquena","soybeans",6490.65280512895
28055,"Mississippi","Issaquena","sunflower",3.08610942897113
28055,"Mississippi","Issaquena","wheat",229.85261004135
28057,"Mississippi","Itawamba","corn",325.695655904101
28057,"Mississippi","Itawamba","cotton",413.410635229837
28057,"Mississippi","Itawamba","dry peas",17.9341868726857
28057,"Mississippi","Itawamba","peanuts",34.2459266973828
28057,"Mississippi","Itawamba","soybeans",1504.60902399946
28057,"Mississippi","Itawamba","wheat",70.6249046298702
28059,"Mississippi","Jackson","corn",122.35735144278
28059,"Mississippi","Jackson","cotton",506.79823015874
28059,"Mississippi","Jackson","peanuts",549.867367029623
28059,"Mississippi","Jackson","soybeans",45.8723847021897
28061,"Mississippi","Jasper","corn",0
28061,"Mississippi","Jasper","grain sorghum",0
28061,"Mississippi","Jasper","peanuts",0
28061,"Mississippi","Jasper","soybeans",0
28061,"Mississippi","Jasper","wheat",0
28063,"Mississippi","Jefferson","corn",192.131987450013
28063,"Mississippi","Jefferson","cotton",453.662463575972
28063,"Mississippi","Jefferson","grain sorghum",9.11322806027213
28063,"Mississippi","Jefferson","soybeans",624.863251667001
28063,"Mississippi","Jefferson","sunflower",0.31424924345766
28063,"Mississippi","Jefferson","wheat",214.090153336617
28065,"Mississippi","Jefferson Davis","corn",0
28065,"Mississippi","Jefferson Davis","cotton",0
28065,"Mississippi","Jefferson Davis","dry peas",0
28065,"Mississippi","Jefferson Davis","grain sorghum",0
28065,"Mississippi","Jefferson Davis","oats",0
28065,"Mississippi","Jefferson Davis","peanuts",0
28065,"Mississippi","Jefferson Davis","soybeans",0
28067,"Mississippi","Jones","corn",0
28067,"Mississippi","Jones","cotton",0
28067,"Mississippi","Jones","grain sorghum",0
28067,"Mississippi","Jones","peanuts",0
28067,"Mississippi","Jones","soybeans",0
28067,"Mississippi","Jones","wheat",0
28069,"Mississippi","Kemper","corn",0
28069,"Mississippi","Kemper","cotton",0
28069,"Mississippi","Kemper","soybeans",0
28071,"Mississippi","Lafayette","corn",0
28071,"Mississippi","Lafayette","cotton",0
28071,"Mississippi","Lafayette","grain sorghum",0
28071,"Mississippi","Lafayette","soybeans",0
28071,"Mississippi","Lafayette","wheat",0
28073,"Mississippi","Lamar","corn",44.3725707835575
28073,"Mississippi","Lamar","grain sorghum",247.929955789672
28073,"Mississippi","Lamar","peanuts",241.288337879786
28073,"Mississippi","Lamar","soybeans",177.454613865111
28073,"Mississippi","Lamar","wheat",28.3945216818738
28075,"Mississippi","Lauderdale","soybeans",0
28077,"Mississippi","Lawrence","corn",0
28077,"Mississippi","Lawrence","grain sorghum",0
28077,"Mississippi","Lawrence","oats",0
28077,"Mississippi","Lawrence","soybeans",0
28077,"Mississippi","Lawrence","wheat",0
28079,"Mississippi","Leake","corn",0
28079,"Mississippi","Leake","cotton",0
28079,"Mississippi","Leake","soybeans",0
28079,"Mississippi","Leake","sunflower",0
28081,"Mississippi","Lee","corn",96.4023397003865
28081,"Mississippi","Lee","cotton",153.165616887387
28081,"Mississippi","Lee","dry peas",4.91959926263589
28081,"Mississippi","Lee","grain sorghum",0.855499973468857
28081,"Mississippi","Lee","oats",1.09339762690978
28081,"Mississippi","Lee","peanuts",0.857225119614186
28081,"Mississippi","Lee","soybeans",702.852210951375
28081,"Mississippi","Lee","wheat",20.4074438115598
28083,"Mississippi","Leflore","corn",11728.5185004398
28083,"Mississippi","Leflore","cotton",4480.79316236301
28083,"Mississippi","Leflore","grain sorghum",54.6594534863879
28083,"Mississippi","Leflore","peanuts",45.0319971616771
28083,"Mississippi","Leflore","rice_long grain",890.532035086505
28083,"Mississippi","Leflore","sesame",22.1043654700164
28083,"Mississippi","Leflore","soybeans",19489.5665474378
28083,"Mississippi","Leflore","sunflower",29.8908573040645
28083,"Mississippi","Leflore","wheat",445.436247917361
28085,"Mississippi","Lincoln","corn",0
28085,"Mississippi","Lincoln","oats",0
28085,"Mississippi","Lincoln","soybeans",0
28085,"Mississippi","Lincoln","wheat",0
28087,"Mississippi","Lowndes","corn",0
28087,"Mississippi","Lowndes","cotton",0
28087,"Mississippi","Lowndes","grain sorghum",0
28087,"Mississippi","Lowndes","peanuts",0
28087,"Mississippi","Lowndes","soybeans",0
28087,"Mississippi","Lowndes","sunflower",0
28087,"Mississippi","Lowndes","wheat",0
28089,"Mississippi","Madison","corn",0
28089,"Mississippi","Madison","cotton",0
28089,"Mississippi","Madison","grain sorghum",0
28089,"Mississippi","Madison","oats",0
28089,"Mississippi","Madison","peanuts",0
28089,"Mississippi","Madison","soybeans",0
28089,"Mississippi","Madison","sunflower",0
28089,"Mississippi","Madison","wheat",0
28091,"Mississippi","Marion","corn",0
28091,"Mississippi","Marion","grain sorghum",0
28091,"Mississippi","Marion","oats",0
28091,"Mississippi","Marion","peanuts",0
28091,"Mississippi","Marion","soybeans",0
28091,"Mississippi","Marion","wheat",0
28093,"Mississippi","Marshall","corn",0
28093,"Mississippi","Marshall","cotton",0
28093,"Mississippi","Marshall","grain sorghum",0
28093,"Mississippi","Marshall","sesame",0
28093,"Mississippi","Marshall","soybeans",0
28093,"Mississippi","Marshall","sunflower",0
28093,"Mississippi","Marshall","wheat",0
28095,"Mississippi","Monroe","canola",7.0697067058545
28095,"Mississippi","Monroe","corn",533.774218792513
28095,"Mississippi","Monroe","cotton",325.084956138387
28095,"Mississippi","Monroe","oats",0.233709312590231
28095,"Mississippi","Monroe","peanuts",81.2113436831289
28095,"Mississippi","Monroe","soybeans",1014.32742478241
28095,"Mississippi","Monroe","sunflower",0.184853496490967
28095,"Mississippi","Monroe","wheat",50.2022870886348
28097,"Mississippi","Montgomery","corn",710.408136424586
28097,"Mississippi","Montgomery","cotton",891.509958909799
28097,"Mississippi","Montgomery","soybeans",209.057282874494
28097,"Mississippi","Montgomery","sunflower",2.36404575998391
28097,"Mississippi","Montgomery","wheat",21.9653426978067
28099,"Mississippi","Neshoba","corn",0
28099,"Mississippi","Neshoba","grain sorghum",0
28101,"Mississippi","Newton","corn",0
28101,"Mississippi","Newton","soybeans",0
28101,"Mississippi","Newton","sunflower",0
28103,"Mississippi","Noxubee","corn",2754.32316670176
28103,"Mississippi","Noxubee","cotton",2506.74180867996
28103,"Mississippi","Noxubee","grain sorghum",8.11008862469988
28103,"Mississippi","Noxubee","oats",5.01281472926899
28103,"Mississippi","Noxubee","soybeans",889.807612719281
28103,"Mississippi","Noxubee","wheat",86.3611752116875
28105,"Mississippi","Oktibbeha","corn",0
28105,"Mississippi","Oktibbeha","cotton",0
28105,"Mississippi","Oktibbeha","soybeans",0
28105,"Mississippi","Oktibbeha","wheat",0
28107,"Mississippi","Panola","corn",69.2781419117776
28107,"Mississippi","Panola","cotton",92.9342487687297
28107,"Mississippi","Panola","dry peas",0.224800719981585
28107,"Mississippi","Panola","grain sorghum",0.819364353285253
28107,"Mississippi","Panola","peanuts",4.8015906774299
28107,"Mississippi","Panola","rice_long grain",30.9560482299273
28107,"Mississippi","Panola","rice_short/medium grain",3.29369350270716
28107,"Mississippi","Panola","soybeans",174.19796512294
28107,"Mississippi","Panola","sunflower",0.515757576198584
28107,"Mississippi","Panola","wheat",14.4739891370318
28109,"Mississippi","Pearl River","corn",0
28109,"Mississippi","Pearl River","grain sorghum",0
28109,"Mississippi","Pearl River","peanuts",0
28109,"Mississippi","Pearl River","soybeans",0
28109,"Mississippi","Pearl River","wheat",0
28111,"Mississippi","Perry","corn",0
28111,"Mississippi","Perry","cotton",0
28111,"Mississippi","Perry","grain sorghum",0
28111,"Mississippi","Perry","peanuts",0
28111,"Mississippi","Perry","soybeans",0
28111,"Mississippi","Perry","wheat",0
28113,"Mississippi","Pike","corn",0
28113,"Mississippi","Pike","oats",0
28113,"Mississippi","Pike","soybeans",0
28113,"Mississippi","Pike","wheat",0
28115,"Mississippi","Pontotoc","corn",0
28115,"Mississippi","Pontotoc","cotton",0
28115,"Mississippi","Pontotoc","grain sorghum",0
28115,"Mississippi","Pontotoc","soybeans",0
28115,"Mississippi","Pontotoc","wheat",0
28117,"Mississippi","Prentiss","corn",0
28117,"Mississippi","Prentiss","cotton",0
28117,"Mississippi","Prentiss","dry peas",0
28117,"Mississippi","Prentiss","grain sorghum",0
28117,"Mississippi","Prentiss","oats",0
28117,"Mississippi","Prentiss","peanuts",0
28117,"Mississippi","Prentiss","soybeans",0
28117,"Mississippi","Prentiss","sunflower",0
28117,"Mississippi","Prentiss","wheat",0
28119,"Mississippi","Quitman","corn",1091.76384021505
28119,"Mississippi","Quitman","cotton",1172.37582949645
28119,"Mississippi","Quitman","grain sorghum",28.5986174207927
28119,"Mississippi","Quitman","oats",0.986538508903133
28119,"Mississippi","Quitman","peanuts",0.623673769996234
28119,"Mississippi","Quitman","rice_long grain",654.767082497011
28119,"Mississippi","Quitman","rice_short/medium grain",9.97906380801701
28119,"Mississippi","Quitman","soybeans",4385.29725165644
28119,"Mississippi","Quitman","wheat",79.5861026273721
28121,"Mississippi","Rankin","corn",233.671617058145
28121,"Mississippi","Rankin","cotton",149.54495884792
28121,"Mississippi","Rankin","grain sorghum",21.6576448700177
28121,"Mississippi","Rankin","soybeans",619.780546872599
28121,"Mississippi","Rankin","wheat",12.7193323513179
28123,"Mississippi","Scott","corn",366.117800834785
28123,"Mississippi","Scott","cotton",188.963522121734
28123,"Mississippi","Scott","grain sorghum",20.1430071134589
28123,"Mississippi","Scott","soybeans",1549.38106993002
28125,"Mississippi","Sharkey","corn",4329.82307683174
28125,"Mississippi","Sharkey","cotton",1383.18837463159
28125,"Mississippi","Sharkey","rice_long grain",83.6889111964801
28125,"Mississippi","Sharkey","soybeans",10501.8114766991
28125,"Mississippi","Sharkey","sunflower",3.08379124304402
28125,"Mississippi","Sharkey","wheat",136.022922731326
28127,"Mississippi","Simpson","corn",0
28127,"Mississippi","Simpson","cotton",0
28127,"Mississippi","Simpson","peanuts",0
28127,"Mississippi","Simpson","soybeans",0
28129,"Mississippi","Smith","corn",86.3253273351857
28129,"Mississippi","Smith","cotton",337.969898860023
28129,"Mississippi","Smith","oats",115.874130441162
28129,"Mississippi","Smith","peanuts",167.261877714421
28129,"Mississippi","Smith","soybeans",221.208265649207
28131,"Mississippi","Stone","corn",278.210050162847
28131,"Mississippi","Stone","cotton",461.697992990964
28131,"Mississippi","Stone","dry peas",12.6167644862588
28131,"Mississippi","Stone","oats",6.02178075330176
28131,"Mississippi","Stone","peanuts",398.562519302162
28131,"Mississippi","Stone","soybeans",43.4279993761914
28131,"Mississippi","Stone","wheat",229.274892928275
28133,"Mississippi","Sunflower","corn",9333.07597348713
28133,"Mississippi","Sunflower","cotton",1325.24574952348
28133,"Mississippi","Sunflower","grain sorghum",43.5675129240097
28133,"Mississippi","Sunflower","rice_long grain",1833.39830176479
28133,"Mississippi","Sunflower","soybeans",32796.2816907296
28133,"Mississippi","Sunflower","wheat",473.665271571046
28135,"Mississippi","Tallahatchie","corn",4807.59000012289
28135,"Mississippi","Tallahatchie","cotton",3144.03017489786
28135,"Mississippi","Tallahatchie","grain sorghum",12.4715731184493
28135,"Mississippi","Tallahatchie","oats",3.69990813778753
28135,"Mississippi","Tallahatchie","peanuts",6.0217478740135
28135,"Mississippi","Tallahatchie","rice_long grain",794.920476941582
28135,"Mississippi","Tallahatchie","soybeans",11487.7917203014
28135,"Mississippi","Tallahatchie","wheat",476.243565272717
28137,"Mississippi","Tate","corn",272.275782020353
28137,"Mississippi","Tate","cotton",107.827340257275
28137,"Mississippi","Tate","dry peas",19.460472119164
28137,"Mississippi","Tate","grain sorghum",3.86221737998935
28137,"Mississippi","Tate","peanuts",33.1108823972096
28137,"Mississippi","Tate","rice_long grain",25.9021158049136
28137,"Mississippi","Tate","soybeans",527.853535139708
28137,"Mississippi","Tate","sunflower",0.343256805086478
28137,"Mississippi","Tate","wheat",52.999598076312
28139,"Mississippi","Tippah","corn",0
28139,"Mississippi","Tippah","cotton",0
28139,"Mississippi","Tippah","sesame",0
28139,"Mississippi","Tippah","soybeans",0
28139,"Mississippi","Tippah","sunflower",0
28139,"Mississippi","Tippah","wheat",0
28141,"Mississippi","Tishomingo","corn",0
28141,"Mississippi","Tishomingo","cotton",0
28141,"Mississippi","Tishomingo","dry peas",0
28141,"Mississippi","Tishomingo","soybeans",0
28141,"Mississippi","Tishomingo","sunflower",0
28141,"Mississippi","Tishomingo","wheat",0
28143,"Mississippi","Tunica","corn",6105.27423981361
28143,"Mississippi","Tunica","cotton",6593.60152302181
28143,"Mississippi","Tunica","grain sorghum",107.455777329089
28143,"Mississippi","Tunica","oats",142.2704203144
28143,"Mississippi","Tunica","peanuts",51.6729257631004
28143,"Mississippi","Tunica","rice_long grain",6008.91729768514
28143,"Mississippi","Tunica","rice_short/medium grain",229.740411218936
28143,"Mississippi","Tunica","soybeans",18401.7525521978
28143,"Mississippi","Tunica","sunflower",11.0335131020802
28143,"Mississippi","Tunica","wheat",1136.89133955396
28145,"Mississippi","Union","corn",0
28145,"Mississippi","Union","cotton",0
28145,"Mississippi","Union","grain sorghum",0
28145,"Mississippi","Union","soybeans",0
28145,"Mississippi","Union","sunflower",0
28145,"Mississippi","Union","wheat",0
28147,"Mississippi","Walthall","corn",0
28147,"Mississippi","Walthall","grain sorghum",0
28147,"Mississippi","Walthall","oats",0
28147,"Mississippi","Walthall","peanuts",0
28147,"Mississippi","Walthall","sesame",0
28147,"Mississippi","Walthall","soybeans",0
28147,"Mississippi","Walthall","wheat",0
28149,"Mississippi","Warren","corn",440.791211601146
28149,"Mississippi","Warren","cotton",106.194605919909
28149,"Mississippi","Warren","peanuts",24.2401215191351
28149,"Mississippi","Warren","soybeans",637.428494482483
28149,"Mississippi","Warren","sunflower",0.107792959929747
28149,"Mississippi","Warren","wheat",20.0285068507333
28151,"Mississippi","Washington","corn",14232.2270311962
28151,"Mississippi","Washington","cotton",2238.48983078339
28151,"Mississippi","Washington","grain sorghum",12.3185656238403
28151,"Mississippi","Washington","peanuts",1.97162144784802
28151,"Mississippi","Washington","rice_long grain",1145.72643591268
28151,"Mississippi","Washington","soybeans",40537.0860173852
28151,"Mississippi","Washington","sunflower",1.22616076709025
28151,"Mississippi","Washington","wheat",522.485316883862
28153,"Mississippi","Wayne","corn",0
28153,"Mississippi","Wayne","oats",0
28153,"Mississippi","Wayne","soybeans",0
28153,"Mississippi","Wayne","wheat",0
28155,"Mississippi","Webster","corn",546.556166286415
28155,"Mississippi","Webster","cotton",926.59017420507
28155,"Mississippi","Webster","grain sorghum",12.7876013270323
28155,"Mississippi","Webster","peanuts",23.027771225997
28155,"Mississippi","Webster","soybeans",413.891292357089
28155,"Mississippi","Webster","wheat",43.7118279317309
28157,"Mississippi","Wilkinson","soybeans",0
28159,"Mississippi","Winston","corn",0
28159,"Mississippi","Winston","cotton",0
28159,"Mississippi","Winston","oats",0
28159,"Mississippi","Winston","soybeans",0
28159,"Mississippi","Winston","sunflower",0
28159,"Mississippi","Winston","wheat",0
28161,"Mississippi","Yalobusha","corn",0
28161,"Mississippi","Yalobusha","cotton",0
28161,"Mississippi","Yalobusha","grain sorghum",0
28161,"Mississippi","Yalobusha","peanuts",0
28161,"Mississippi","Yalobusha","soybeans",0
28161,"Mississippi","Yalobusha","wheat",0
28163,"Mississippi","Yazoo","corn",7088.1646515357
28163,"Mississippi","Yazoo","cotton",3781.45700809743
28163,"Mississippi","Yazoo","grain sorghum",21.5982552737395
28163,"Mississippi","Yazoo","oats",5.24225131957391
28163,"Mississippi","Yazoo","peanuts",12.1649004549316
28163,"Mississippi","Yazoo","rice_long grain",204.186138490141
28163,"Mississippi","Yazoo","sesame",47.8470978244664
28163,"Mississippi","Yazoo","soybeans",6470.4799293176
28163,"Mississippi","Yazoo","sunflower",1.29482708408
28163,"Mississippi","Yazoo","wheat",349.681433935674
29001,"Missouri","Adair","corn",3914.34010143438
29001,"Missouri","Adair","grain sorghum",54.244482363239
29001,"Missouri","Adair","oats",20.7866981782798
29001,"Missouri","Adair","soybeans",9046.86666845246
29001,"Missouri","Adair","wheat",198.759382904972
29003,"Missouri","Andrew","corn",7110.09986553704
29003,"Missouri","Andrew","grain sorghum",31.0504093949805
29003,"Missouri","Andrew","oats",10.875146490017
29003,"Missouri","Andrew","soybeans",8163.92216064993
29003,"Missouri","Andrew","wheat",83.0427512613839
29005,"Missouri","Atchison","barley",0.780723596758047
29005,"Missouri","Atchison","corn",8372.67678240474
29005,"Missouri","Atchison","cotton",0.000590674179502967
29005,"Missouri","Atchison","grain sorghum",2.37726668110628
29005,"Missouri","Atchison","oats",6.59381400062753
29005,"Missouri","Atchison","soybeans",7323.85007401988
29005,"Missouri","Atchison","wheat",16.9684152894176
29007,"Missouri","Audrain","barley",5.24119096647288
29007,"Missouri","Audrain","corn",7597.0061395926
29007,"Missouri","Audrain","dry peas",5.76665357547272
29007,"Missouri","Audrain","grain sorghum",138.667343327805
29007,"Missouri","Audrain","oats",27.3210700849862
29007,"Missouri","Audrain","soybeans",11693.9009144253
29007,"Missouri","Audrain","sunflower",7.30169107784357
29007,"Missouri","Audrain","wheat",1194.13766361619
29009,"Missouri","Barry","barley",44.722700650986
29009,"Missouri","Barry","corn",2560.68934181335
29009,"Missouri","Barry","grain sorghum",117.72751281408
29009,"Missouri","Barry","oats",125.791149550995
29009,"Missouri","Barry","soybeans",1953.25962446099
29009,"Missouri","Barry","wheat",2263.1016707096
29011,"Missouri","Barton","barley",16.7568478064296
29011,"Missouri","Barton","canola",15.690664685476
29011,"Missouri","Barton","corn",5535.07456832458
29011,"Missouri","Barton","grain sorghum",145.832093620129
29011,"Missouri","Barton","oats",5.13076302861161
29011,"Missouri","Barton","soybeans",8562.08256162618
29011,"Missouri","Barton","wheat",3357.16731424193
29013,"Missouri","Bates","corn",6478.4116820051
29013,"Missouri","Bates","grain sorghum",14.5999035288759
29013,"Missouri","Bates","oats",12.5366784543743
29013,"Missouri","Bates","soybeans",10677.1901841539
29013,"Missouri","Bates","sunflower",3.56847370500588
29013,"Missouri","Bates","wheat",1501.42107815277
29015,"Missouri","Benton","corn",0
29015,"Missouri","Benton","grain sorghum",0
29015,"Missouri","Benton","oats",0
29015,"Missouri","Benton","soybeans",0
29015,"Missouri","Benton","wheat",0
29017,"Missouri","Bollinger","barley",1.67098061724769
29017,"Missouri","Bollinger","corn",680.372391036364
29017,"Missouri","Bollinger","grain sorghum",11.6144724786646
29017,"Missouri","Bollinger","oats",4.09927701131817
29017,"Missouri","Bollinger","rice_long grain",45.8346537459969
29017,"Missouri","Bollinger","soybeans",1532.52169238702
29017,"Missouri","Bollinger","sunflower",0.983096168011377
29017,"Missouri","Bollinger","wheat",297.674936555377
29019,"Missouri","Boone","corn",421.656003830395
29019,"Missouri","Boone","grain sorghum",19.4458669717894
29019,"Missouri","Boone","oats",0.653140911432594
29019,"Missouri","Boone","soybeans",841.292314516986
29019,"Missouri","Boone","sunflower",0.63937388105077
29019,"Missouri","Boone","wheat",79.2592998883426
29021,"Missouri","Buchanan","corn",2600.80165783129
29021,"Missouri","Buchanan","grain sorghum",2.59530237635544
29021,"Missouri","Buchanan","oats",1.06994625658134
29021,"Missouri","Buchanan","soybeans",2861.64601039914
29021,"Missouri","Buchanan","sunflower",0.527273457474744
29021,"Missouri","Buchanan","wheat",54.3107430124818
29023,"Missouri","Butler","canola",0
29023,"Missouri","Butler","corn",0
29023,"Missouri","Butler","cotton",0
29023,"Missouri","Butler","dry peas",0
29023,"Missouri","Butler","grain sorghum",0
29023,"Missouri","Butler","oats",0
29023,"Missouri","Butler","peanuts",0
29023,"Missouri","Butler","rapeseed",0
29023,"Missouri","Butler","rice_long grain",0
29023,"Missouri","Butler","rice_short/medium grain",0
29023,"Missouri","Butler","soybeans",0
29023,"Missouri","Butler","sunflower",0
29023,"Missouri","Butler","wheat",0
29025,"Missouri","Caldwell","corn",633.713998987565
29025,"Missouri","Caldwell","grain sorghum",18.2948536018762
29025,"Missouri","Caldwell","oats",2.62444756399447
29025,"Missouri","Caldwell","soybeans",1367.9185703989
29025,"Missouri","Caldwell","wheat",65.8123627810163
29027,"Missouri","Callaway","barley",3.85692775230115
29027,"Missouri","Callaway","corn",1452.20171315865
29027,"Missouri","Callaway","grain sorghum",44.4358759572881
29027,"Missouri","Callaway","oats",4.82367974572002
29027,"Missouri","Callaway","soybeans",2851.64924319524
29027,"Missouri","Callaway","sunflower",1.49241519683533
29027,"Missouri","Callaway","wheat",384.981644993969
29029,"Missouri","Camden","corn",172.176018228864
29029,"Missouri","Camden","grain sorghum",10.6458812706485
29029,"Missouri","Camden","soybeans",139.632100500488
29031,"Missouri","Cape Girardeau","barley",27.4349470239141
29031,"Missouri","Cape Girardeau","corn",3498.36973779686
29031,"Missouri","Cape Girardeau","grain sorghum",12.232578724282
29031,"Missouri","Cape Girardeau","oats",13.7325299951426
29031,"Missouri","Cape Girardeau","rice_long grain",52.1015358015819
29031,"Missouri","Cape Girardeau","soybeans",8054.4547539723
29031,"Missouri","Cape Girardeau","sunflower",1.22113504394304
29031,"Missouri","Cape Girardeau","wheat",1496.15378164198
29033,"Missouri","Carroll","barley",0.357563252521556
29033,"Missouri","Carroll","corn",5700.19446940758
29033,"Missouri","Carroll","grain sorghum",9.38827014901909
29033,"Missouri","Carroll","oats",4.98729224617066
29033,"Missouri","Carroll","soybeans",7694.84569837922
29033,"Missouri","Carroll","sunflower",1.18961294113922
29033,"Missouri","Carroll","wheat",304.573093624366
29035,"Missouri","Carter","soybeans",0
29037,"Missouri","Cass","corn",0
29037,"Missouri","Cass","grain sorghum",0
29037,"Missouri","Cass","oats",0
29037,"Missouri","Cass","soybeans",0
29037,"Missouri","Cass","sunflower",0
29037,"Missouri","Cass","wheat",0
29039,"Missouri","Cedar","barley",0
29039,"Missouri","Cedar","corn",0
29039,"Missouri","Cedar","grain sorghum",0
29039,"Missouri","Cedar","soybeans",0
29039,"Missouri","Cedar","wheat",0
29041,"Missouri","Chariton","corn",7251.32296668706
29041,"Missouri","Chariton","grain sorghum",4.30699357811995
29041,"Missouri","Chariton","oats",2.582067722204
29041,"Missouri","Chariton","soybeans",12044.0609327821
29041,"Missouri","Chariton","sunflower",0.954183601149785
29041,"Missouri","Chariton","wheat",551.79752229599
29043,"Missouri","Christian","barley",20.4679924070116
29043,"Missouri","Christian","corn",321.890979021062
29043,"Missouri","Christian","grain sorghum",3.3968639436309
29043,"Missouri","Christian","oats",27.9712874291651
29043,"Missouri","Christian","soybeans",318.224404080307
29043,"Missouri","Christian","sunflower",71.4832274004417
29043,"Missouri","Christian","wheat",224.911645718381
29045,"Missouri","Clark","corn",1041.87676488716
29045,"Missouri","Clark","grain sorghum",0.723854832354815
29045,"Missouri","Clark","oats",2.59298160853202
29045,"Missouri","Clark","soybeans",1143.18736787948
29045,"Missouri","Clark","sunflower",0.491921268312572
29045,"Missouri","Clark","wheat",20.7396095241507
29047,"Missouri","Clay","corn",1561.31713196758
29047,"Missouri","Clay","dry peas",12.5490333693419
29047,"Missouri","Clay","grain sorghum",10.2753165220468
29047,"Missouri","Clay","oats",10.1302262782228
29047,"Missouri","Clay","soybeans",2544.24066143642
29047,"Missouri","Clay","sunflower",0.720360333371958
29047,"Missouri","Clay","wheat",104.994936759693
29049,"Missouri","Clinton","corn",10145.1036170334
29049,"Missouri","Clinton","dry peas",0.868489000252582
29049,"Missouri","Clinton","grain sorghum",64.0450929067512
29049,"Missouri","Clinton","oats",16.3341068722504
29049,"Missouri","Clinton","soybeans",12574.8109814296
29049,"Missouri","Clinton","wheat",104.345479424347
29051,"Missouri","Cole","barley",0
29051,"Missouri","Cole","corn",0
29051,"Missouri","Cole","grain sorghum",0
29051,"Missouri","Cole","oats",0
29051,"Missouri","Cole","soybeans",0
29051,"Missouri","Cole","sunflower",0
29051,"Missouri","Cole","wheat",0
29053,"Missouri","Cooper","barley",0.527441126237258
29053,"Missouri","Cooper","corn",1727.52316265876
29053,"Missouri","Cooper","grain sorghum",7.87773647828425
29053,"Missouri","Cooper","oats",3.72760495246213
29053,"Missouri","Cooper","soybeans",2353.82491099613
29053,"Missouri","Cooper","sunflower",1.38170677631379
29053,"Missouri","Cooper","wheat",347.646603678472
29055,"Missouri","Crawford","corn",0
29055,"Missouri","Crawford","grain sorghum",0
29055,"Missouri","Crawford","soybeans",0
29055,"Missouri","Crawford","sunflower",0
29055,"Missouri","Crawford","wheat",0
29057,"Missouri","Dade","canola",23.7349669373851
29057,"Missouri","Dade","corn",5633.45157488946
29057,"Missouri","Dade","grain sorghum",97.7605390259069
29057,"Missouri","Dade","oats",19.0779425288659
29057,"Missouri","Dade","soybeans",8163.83198379858
29057,"Missouri","Dade","wheat",4374.97165948648
29059,"Missouri","Dallas","corn",238.246142107687
29059,"Missouri","Dallas","grain sorghum",39.4514217258416
29059,"Missouri","Dallas","oats",88.4039591567577
29059,"Missouri","Dallas","soybeans",323.24248398649
29059,"Missouri","Dallas","sunflower",12.1684013984257
29059,"Missouri","Dallas","wheat",131.238591624798
29061,"Missouri","Daviess","corn",4667.33966573166
29061,"Missouri","Daviess","dry peas",5.60912360228726
29061,"Missouri","Daviess","grain sorghum",36.0995800212608
29061,"Missouri","Daviess","oats",17.0721438309351
29061,"Missouri","Daviess","soybeans",8275.36922823517
29061,"Missouri","Daviess","wheat",186.836591911989
29063,"Missouri","DeKalb","barley",3.2359316868935
29063,"Missouri","DeKalb","corn",5549.3770760588
29063,"Missouri","DeKalb","grain sorghum",9.96329029988302
29063,"Missouri","DeKalb","oats",24.6769658638562
29063,"Missouri","DeKalb","soybeans",7573.19403489169
29063,"Missouri","DeKalb","sunflower",0.440332476381078
29063,"Missouri","DeKalb","wheat",135.269368722506
29065,"Missouri","Dent","corn",0
29065,"Missouri","Dent","grain sorghum",0
29067,"Missouri","Douglas","corn",0
29067,"Missouri","Douglas","oats",0
29067,"Missouri","Douglas","soybeans",0
29069,"Missouri","Dunklin","corn",4069.07303696687
29069,"Missouri","Dunklin","cotton",13185.0081290066
29069,"Missouri","Dunklin","grain sorghum",29.5236665812864
29069,"Missouri","Dunklin","oats",1.63604971491838
29069,"Missouri","Dunklin","peanuts",1449.79471763934
29069,"Missouri","Dunklin","rice_long grain",3004.26894033978
29069,"Missouri","Dunklin","soybeans",9659.99393877225
29069,"Missouri","Dunklin","sunflower",3.70473376781996
29069,"Missouri","Dunklin","wheat",1951.3959538779
29071,"Missouri","Franklin","barley",0
29071,"Missouri","Franklin","corn",0
29071,"Missouri","Franklin","grain sorghum",0
29071,"Missouri","Franklin","oats",0
29071,"Missouri","Franklin","soybeans",0
29071,"Missouri","Franklin","sunflower",0
29071,"Missouri","Franklin","wheat",0
29073,"Missouri","Gasconade","barley",0
29073,"Missouri","Gasconade","corn",0
29073,"Missouri","Gasconade","grain sorghum",0
29073,"Missouri","Gasconade","oats",0
29073,"Missouri","Gasconade","soybeans",0
29073,"Missouri","Gasconade","sunflower",0
29073,"Missouri","Gasconade","wheat",0
29075,"Missouri","Gentry","barley",6.80658491401132
29075,"Missouri","Gentry","corn",5017.45855210266
29075,"Missouri","Gentry","grain sorghum",4.30689526775275
29075,"Missouri","Gentry","oats",37.3295471144404
29075,"Missouri","Gentry","soybeans",7573.8271994062
29075,"Missouri","Gentry","sunflower",0.357167124423383
29075,"Missouri","Gentry","wheat",181.629387403833
29077,"Missouri","Greene","corn",1576.58628099968
29077,"Missouri","Greene","grain sorghum",31.9333945318777
29077,"Missouri","Greene","oats",43.6410659691619
29077,"Missouri","Greene","soybeans",2006.87993809285
29077,"Missouri","Greene","sunflower",37.9778635026758
29077,"Missouri","Greene","wheat",886.280956903751
29079,"Missouri","Grundy","barley",2.04613763491181
29079,"Missouri","Grundy","corn",4458.0057756144
29079,"Missouri","Grundy","grain sorghum",13.6866146399251
29079,"Missouri","Grundy","oats",11.6209250231686
29079,"Missouri","Grundy","soybeans",8234.31192488242
29079,"Missouri","Grundy","wheat",84.146955538496
29081,"Missouri","Harrison","corn",5565.67930272372
29081,"Missouri","Harrison","grain sorghum",22.7967020751063
29081,"Missouri","Harrison","oats",31.9766364012188
29081,"Missouri","Harrison","soybeans",7684.8085273192
29081,"Missouri","Harrison","wheat",97.8601648140885
29083,"Missouri","Henry","barley",5.76805940318395
29083,"Missouri","Henry","corn",1839.55705903667
29083,"Missouri","Henry","grain sorghum",28.9478479570668
29083,"Missouri","Henry","oats",7.99794891629941
29083,"Missouri","Henry","soybeans",4439.65918998951
29083,"Missouri","Henry","sunflower",0.366185347238759
29083,"Missouri","Henry","wheat",610.651709350032
29085,"Missouri","Hickory","corn",0
29085,"Missouri","Hickory","grain sorghum",0
29085,"Missouri","Hickory","oats",0
29085,"Missouri","Hickory","soybeans",0
29085,"Missouri","Hickory","wheat",0
29087,"Missouri","Holt","corn",1057.26022211903
29087,"Missouri","Holt","dry peas",0.0486720799655946
29087,"Missouri","Holt","grain sorghum",1.87689350223915
29087,"Missouri","Holt","oats",0.546259204451069
29087,"Missouri","Holt","soybeans",915.588870886245
29087,"Missouri","Holt","sunflower",0.132056030914404
29087,"Missouri","Holt","wheat",14.2193595104757
29089,"Missouri","Howard","barley",1.14827286149905
29089,"Missouri","Howard","corn",1844.35955816893
29089,"Missouri","Howard","grain sorghum",14.6277702349947
29089,"Missouri","Howard","oats",3.61439316831878
29089,"Missouri","Howard","soybeans",2455.80229768275
29089,"Missouri","Howard","sunflower",0.953405375020694
29089,"Missouri","Howard","wheat",191.042302508485
29091,"Missouri","Howell","corn",964.841235463291
29091,"Missouri","Howell","grain sorghum",7.77176154784492
29091,"Missouri","Howell","soybeans",273.889200158083
29091,"Missouri","Howell","sunflower",7.8531412499166
29091,"Missouri","Howell","wheat",104.692661580864
29093,"Missouri","Iron","corn",0
29093,"Missouri","Iron","soybeans",0
29093,"Missouri","Iron","wheat",0
29095,"Missouri","Jackson","corn",0
29095,"Missouri","Jackson","grain sorghum",0
29095,"Missouri","Jackson","oats",0
29095,"Missouri","Jackson","soybeans",0
29095,"Missouri","Jackson","sunflower",0
29095,"Missouri","Jackson","wheat",0
29097,"Missouri","Jasper","barley",20.5853851924607
29097,"Missouri","Jasper","corn",4917.05348215922
29097,"Missouri","Jasper","grain sorghum",121.474368515427
29097,"Missouri","Jasper","oats",15.9637746881885
29097,"Missouri","Jasper","soybeans",9206.60396097039
29097,"Missouri","Jasper","sunflower",21.9565854137467
29097,"Missouri","Jasper","wheat",5098.59927639392
29099,"Missouri","Jefferson","barley",0
29099,"Missouri","Jefferson","corn",0
29099,"Missouri","Jefferson","soybeans",0
29099,"Missouri","Jefferson","wheat",0
29101,"Missouri","Johnson","corn",3054.02942974705
29101,"Missouri","Johnson","grain sorghum",10.5609297080962
29101,"Missouri","Johnson","oats",4.87164555436361
29101,"Missouri","Johnson","soybeans",5260.77302098882
29101,"Missouri","Johnson","sunflower",0.0865418303529617
29101,"Missouri","Johnson","wheat",313.456932171314
29103,"Missouri","Knox","barley",10.6909803031525
29103,"Missouri","Knox","corn",8054.7526935559
29103,"Missouri","Knox","grain sorghum",18.8946852839577
29103,"Missouri","Knox","oats",32.7806846858046
29103,"Missouri","Knox","rice_long grain",0.412263683983238
29103,"Missouri","Knox","rice_short/medium grain",0.660208746592374
29103,"Missouri","Knox","soybeans",12059.6604054733
29103,"Missouri","Knox","sunflower",2.8745977870148
29103,"Missouri","Knox","wheat",276.58421381365
29105,"Missouri","Laclede","corn",0
29105,"Missouri","Laclede","grain sorghum",0
29105,"Missouri","Laclede","oats",0
29105,"Missouri","Laclede","soybeans",0
29105,"Missouri","Laclede","wheat",0
29107,"Missouri","Lafayette","barley",1.61726751288344
29107,"Missouri","Lafayette","corn",6808.45161262517
29107,"Missouri","Lafayette","dry peas",0.0000653705542798481
29107,"Missouri","Lafayette","grain sorghum",7.04596519305343
29107,"Missouri","Lafayette","oats",2.20249740007378
29107,"Missouri","Lafayette","soybeans",7354.00261929651
29107,"Missouri","Lafayette","sunflower",0.63246011265753
29107,"Missouri","Lafayette","wheat",283.533012489071
29109,"Missouri","Lawrence","barley",57.598918460302
29109,"Missouri","Lawrence","corn",3613.66094668178
29109,"Missouri","Lawrence","grain sorghum",49.5180831568623
29109,"Missouri","Lawrence","oats",113.812960287443
29109,"Missouri","Lawrence","soybeans",3803.38564516652
29109,"Missouri","Lawrence","sunflower",21.953039129805
29109,"Missouri","Lawrence","wheat",2206.07107378395
29111,"Missouri","Lewis","corn",9714.64087642269
29111,"Missouri","Lewis","grain sorghum",4.0778535518585
29111,"Missouri","Lewis","oats",3.70362310589937
29111,"Missouri","Lewis","rice_long grain",10.2573163142434
29111,"Missouri","Lewis","soybeans",11114.8743757386
29111,"Missouri","Lewis","sunflower",1.99302179594547
29111,"Missouri","Lewis","wheat",351.409099737467
29113,"Missouri","Lincoln","corn",154.977448351191
29113,"Missouri","Lincoln","grain sorghum",5.96536094860592
29113,"Missouri","Lincoln","oats",0.0783792114299543
29113,"Missouri","Lincoln","soybeans",294.594314100758
29113,"Missouri","Lincoln","wheat",26.5412973879834
29115,"Missouri","Linn","corn",7181.84253406327
29115,"Missouri","Linn","grain sorghum",29.1033779283557
29115,"Missouri","Linn","oats",15.1687353525864
29115,"Missouri","Linn","soybeans",14871.279983526
29115,"Missouri","Linn","wheat",827.503702463051
29117,"Missouri","Livingston","barley",1.16582727515635
29117,"Missouri","Livingston","corn",3622.94914955294
29117,"Missouri","Livingston","grain sorghum",132.144585180108
29117,"Missouri","Livingston","oats",2.57015514711163
29117,"Missouri","Livingston","soybeans",8853.16062620361
29117,"Missouri","Livingston","wheat",261.949769974449
29121,"Missouri","Macon","corn",6252.98151006996
29121,"Missouri","Macon","grain sorghum",11.5895179140057
29121,"Missouri","Macon","oats",14.8514634428016
29121,"Missouri","Macon","soybeans",14990.9559881062
29121,"Missouri","Macon","wheat",515.693187133748
29123,"Missouri","Madison","corn",57.965880020902
29123,"Missouri","Madison","grain sorghum",3.28969891512581
29123,"Missouri","Madison","oats",3.60036521868957
29123,"Missouri","Madison","soybeans",210.150023169079
29123,"Missouri","Madison","wheat",21.5431993428699
29125,"Missouri","Maries","barley",1.58693335670989
29125,"Missouri","Maries","corn",116.931146636076
29125,"Missouri","Maries","grain sorghum",10.420571634624
29125,"Missouri","Maries","oats",2.12343620615476
29125,"Missouri","Maries","soybeans",229.23971494347
29125,"Missouri","Maries","sunflower",0.563524669722933
29125,"Missouri","Maries","wheat",24.3981725532436
29127,"Missouri","Marion","corn",4249.00511709913
29127,"Missouri","Marion","dry peas",2.43147836110502
29127,"Missouri","Marion","grain sorghum",1.31169960251897
29127,"Missouri","Marion","oats",3.19180236612949
29127,"Missouri","Marion","rice_long grain",7.9407609930711
29127,"Missouri","Marion","soybeans",5109.27500408148
29127,"Missouri","Marion","sunflower",0.383841687865836
29127,"Missouri","Marion","wheat",250.787295808737
29119,"Missouri","McDonald","canola",138.34960571052
29119,"Missouri","McDonald","corn",487.071903381609
29119,"Missouri","McDonald","oats",83.6406562421606
29119,"Missouri","McDonald","soybeans",536.41991115498
29119,"Missouri","McDonald","wheat",467.794256844064
29129,"Missouri","Mercer","corn",42.7581780051219
29129,"Missouri","Mercer","grain sorghum",0.215837063330029
29129,"Missouri","Mercer","oats",0.239188800965417
29129,"Missouri","Mercer","soybeans",77.8529615744928
29129,"Missouri","Mercer","wheat",1.99616788941043
29131,"Missouri","Miller","barley",2.13994170288876
29131,"Missouri","Miller","corn",105.325825285463
29131,"Missouri","Miller","grain sorghum",10.8539219417838
29131,"Missouri","Miller","oats",6.6242142195365
29131,"Missouri","Miller","soybeans",252.164041542599
29131,"Missouri","Miller","wheat",15.5840553077298
29133,"Missouri","Mississippi","corn",2538.79225179788
29133,"Missouri","Mississippi","cotton",93.42205360312
29133,"Missouri","Mississippi","grain sorghum",11.9857245645988
29133,"Missouri","Mississippi","peanuts",17.3757208963125
29133,"Missouri","Mississippi","rice_long grain",32.9319291798387
29133,"Missouri","Mississippi","soybeans",7158.22130053263
29133,"Missouri","Mississippi","sunflower",4.25104999757003
29133,"Missouri","Mississippi","wheat",1690.7573027614
29135,"Missouri","Moniteau","barley",1.02609292824307
29135,"Missouri","Moniteau","corn",638.950281844873
29135,"Missouri","Moniteau","grain sorghum",14.4269248718321
29135,"Missouri","Moniteau","oats",1.45858721078189
29135,"Missouri","Moniteau","soybeans",956.360702252892
29135,"Missouri","Moniteau","sunflower",0.981007026850571
29135,"Missouri","Moniteau","wheat",128.819903864523
29137,"Missouri","Monroe","corn",6335.81764435139
29137,"Missouri","Monroe","grain sorghum",99.9409615681975
29137,"Missouri","Monroe","oats",13.2513887037245
29137,"Missouri","Monroe","soybeans",10131.8545081491
29137,"Missouri","Monroe","sunflower",0.38307310598157
29137,"Missouri","Monroe","wheat",559.27559078819
29139,"Missouri","Montgomery","barley",6.07466589083804
29139,"Missouri","Montgomery","corn",2278.4307482804
29139,"Missouri","Montgomery","grain sorghum",50.7957660618402
29139,"Missouri","Montgomery","oats",5.08939308148291
29139,"Missouri","Montgomery","soybeans",3664.50394869343
29139,"Missouri","Montgomery","sunflower",0.0666443590614111
29139,"Missouri","Montgomery","wheat",507.359033632905
29141,"Missouri","Morgan","barley",3.75701996293605
29141,"Missouri","Morgan","corn",295.398403199454
29141,"Missouri","Morgan","grain sorghum",9.94077330136728
29141,"Missouri","Morgan","oats",3.12262807816491
29141,"Missouri","Morgan","soybeans",495.106536063496
29141,"Missouri","Morgan","sunflower",0.304286805195459
29141,"Missouri","Morgan","wheat",70.8168525893847
29143,"Missouri","New Madrid","corn",2170.99306443371
29143,"Missouri","New Madrid","cotton",3758.7377964122
29143,"Missouri","New Madrid","grain sorghum",7.85344219993149
29143,"Missouri","New Madrid","peanuts",34.1310756115872
29143,"Missouri","New Madrid","rice_long grain",833.279329695734
29143,"Missouri","New Madrid","rice_short/medium grain",8.74442585535503
29143,"Missouri","New Madrid","soybeans",6840.56599988256
29143,"Missouri","New Madrid","sunflower",0.910283002420174
29143,"Missouri","New Madrid","wheat",408.479082906596
29145,"Missouri","Newton","barley",0
29145,"Missouri","Newton","corn",0
29145,"Missouri","Newton","grain sorghum",0
29145,"Missouri","Newton","oats",0
29145,"Missouri","Newton","soybeans",0
29145,"Missouri","Newton","sunflower",0
29145,"Missouri","Newton","wheat",0
29147,"Missouri","Nodaway","barley",1.59596088263092
29147,"Missouri","Nodaway","corn",16745.128496118
29147,"Missouri","Nodaway","dry peas",5.87710635993384
29147,"Missouri","Nodaway","grain sorghum",0.863281623092503
29147,"Missouri","Nodaway","oats",77.624559597279
29147,"Missouri","Nodaway","soybeans",18374.3368224389
29147,"Missouri","Nodaway","sunflower",2.04610369568067
29147,"Missouri","Nodaway","wheat",252.874385951237
29149,"Missouri","Oregon","corn",0
29149,"Missouri","Oregon","soybeans",0
29149,"Missouri","Oregon","wheat",0
29151,"Missouri","Osage","barley",1.854238347089
29151,"Missouri","Osage","corn",242.722879764095
29151,"Missouri","Osage","grain sorghum",16.0078242300702
29151,"Missouri","Osage","oats",0.32608311131532
29151,"Missouri","Osage","soybeans",316.850432614572
29151,"Missouri","Osage","wheat",31.2265419328559
29153,"Missouri","Ozark","wheat",0
29155,"Missouri","Pemiscot","corn",359.525385535661
29155,"Missouri","Pemiscot","cotton",527.026422586601
29155,"Missouri","Pemiscot","grain sorghum",1.71829322921362
29155,"Missouri","Pemiscot","peanuts",0.15592901139832
29155,"Missouri","Pemiscot","rice_long grain",724.84318326612
29155,"Missouri","Pemiscot","rice_short/medium grain",24.009059647196
29155,"Missouri","Pemiscot","soybeans",2708.58260456511
29155,"Missouri","Pemiscot","sunflower",0.226986594444937
29155,"Missouri","Pemiscot","wheat",367.291968897622
29157,"Missouri","Perry","barley",23.8000230413595
29157,"Missouri","Perry","corn",5286.29014429238
29157,"Missouri","Perry","grain sorghum",35.9974897810836
29157,"Missouri","Perry","oats",10.6719721557521
29157,"Missouri","Perry","soybeans",9924.5144225768
29157,"Missouri","Perry","sunflower",0.160445542393652
29157,"Missouri","Perry","wheat",2706.96183594354
29159,"Missouri","Pettis","barley",3.58770078794542
29159,"Missouri","Pettis","corn",1246.99736937171
29159,"Missouri","Pettis","grain sorghum",2.99528026047779
29159,"Missouri","Pettis","oats",1.31999543491256
29159,"Missouri","Pettis","soybeans",1924.31710165204
29159,"Missouri","Pettis","sunflower",2.98450493867686
29159,"Missouri","Pettis","wheat",180.811714220873
29161,"Missouri","Phelps","corn",0
29161,"Missouri","Phelps","grain sorghum",0
29161,"Missouri","Phelps","oats",0
29161,"Missouri","Phelps","soybeans",0
29161,"Missouri","Phelps","wheat",0
29163,"Missouri","Pike","barley",0.316865364417787
29163,"Missouri","Pike","corn",1588.27815156288
29163,"Missouri","Pike","grain sorghum",23.1798777054977
29163,"Missouri","Pike","oats",0.938024404781099
29163,"Missouri","Pike","soybeans",2209.58469238574
29163,"Missouri","Pike","wheat",177.905271910026
29165,"Missouri","Platte","corn",0
29165,"Missouri","Platte","grain sorghum",0
29165,"Missouri","Platte","oats",0
29165,"Missouri","Platte","soybeans",0
29165,"Missouri","Platte","sunflower",0
29165,"Missouri","Platte","wheat",0
29167,"Missouri","Polk","corn",791.385118427635
29167,"Missouri","Polk","grain sorghum",51.7655922447652
29167,"Missouri","Polk","oats",8.64228443360921
29167,"Missouri","Polk","soybeans",804.732143322501
29167,"Missouri","Polk","wheat",308.124228238155
29169,"Missouri","Pulaski","corn",155.048912001193
29169,"Missouri","Pulaski","soybeans",160.183415098469
29169,"Missouri","Pulaski","wheat",22.8256729003384
29171,"Missouri","Putnam","corn",4081.707716305
29171,"Missouri","Putnam","dry peas",59.9900440110177
29171,"Missouri","Putnam","grain sorghum",55.0465499771664
29171,"Missouri","Putnam","oats",34.3295272619788
29171,"Missouri","Putnam","soybeans",6999.88929963861
29171,"Missouri","Putnam","wheat",211.487362806226
29173,"Missouri","Ralls","barley",1.15934091416348
29173,"Missouri","Ralls","corn",2990.68542581722
29173,"Missouri","Ralls","grain sorghum",20.3064425112066
29173,"Missouri","Ralls","oats",4.48547653854627
29173,"Missouri","Ralls","soybeans",4139.39659307956
29173,"Missouri","Ralls","sunflower",0.737806095871038
29173,"Missouri","Ralls","wheat",221.152835043463
29175,"Missouri","Randolph","barley",8.76042332416407
29175,"Missouri","Randolph","corn",5339.31519732397
29175,"Missouri","Randolph","grain sorghum",56.3870485504255
29175,"Missouri","Randolph","oats",15.2491276621039
29175,"Missouri","Randolph","soybeans",12279.2161825245
29175,"Missouri","Randolph","wheat",912.843853948176
29177,"Missouri","Ray","corn",2077.91857079699
29177,"Missouri","Ray","grain sorghum",21.4753393745241
29177,"Missouri","Ray","oats",2.01223698777227
29177,"Missouri","Ray","soybeans",4053.43867802422
29177,"Missouri","Ray","sunflower",4.06192990326784
29177,"Missouri","Ray","wheat",123.259544913196
29179,"Missouri","Reynolds","soybeans",0
29179,"Missouri","Reynolds","wheat",0
29181,"Missouri","Ripley","corn",0
29181,"Missouri","Ripley","grain sorghum",0
29181,"Missouri","Ripley","rice_long grain",0
29181,"Missouri","Ripley","rice_short/medium grain",0
29181,"Missouri","Ripley","soybeans",0
29181,"Missouri","Ripley","sunflower",0
29181,"Missouri","Ripley","wheat",0
29195,"Missouri","Saline","barley",0.575811082905023
29195,"Missouri","Saline","corn",6138.89827333544
29195,"Missouri","Saline","grain sorghum",4.88591196205433
29195,"Missouri","Saline","oats",4.5286763547395
29195,"Missouri","Saline","soybeans",5990.47418023492
29195,"Missouri","Saline","sunflower",2.40856434269344
29195,"Missouri","Saline","wheat",201.094849353985
29197,"Missouri","Schuyler","corn",0
29197,"Missouri","Schuyler","oats",0
29197,"Missouri","Schuyler","soybeans",0
29197,"Missouri","Schuyler","wheat",0
29199,"Missouri","Scotland","barley",0.853112280931197
29199,"Missouri","Scotland","corn",2070.33546047384
29199,"Missouri","Scotland","grain sorghum",1.57292576796689
29199,"Missouri","Scotland","oats",3.09422046976493
29199,"Missouri","Scotland","soybeans",2597.45434383491
29199,"Missouri","Scotland","sunflower",1.40748715376548
29199,"Missouri","Scotland","wheat",57.6967833521402
29201,"Missouri","Scott","barley",0
29201,"Missouri","Scott","corn",0
29201,"Missouri","Scott","cotton",0
29201,"Missouri","Scott","grain sorghum",0
29201,"Missouri","Scott","oats",0
29201,"Missouri","Scott","peanuts",0
29201,"Missouri","Scott","rice_long grain",0
29201,"Missouri","Scott","rice_short/medium grain",0
29201,"Missouri","Scott","soybeans",0
29201,"Missouri","Scott","sunflower",0
29201,"Missouri","Scott","wheat",0
29205,"Missouri","Shelby","corn",7215.21997903553
29205,"Missouri","Shelby","grain sorghum",57.4024588019971
29205,"Missouri","Shelby","oats",16.6505311317701
29205,"Missouri","Shelby","rice_long grain",0.0861220870124938
29205,"Missouri","Shelby","soybeans",13760.1282670109
29205,"Missouri","Shelby","sunflower",1.10164502970148
29205,"Missouri","Shelby","wheat",343.503163569757
29183,"Missouri","St. Charles","corn",0
29183,"Missouri","St. Charles","grain sorghum",0
29183,"Missouri","St. Charles","oats",0
29183,"Missouri","St. Charles","soybeans",0
29183,"Missouri","St. Charles","wheat",0
29185,"Missouri","St. Clair","barley",0.987163932739395
29185,"Missouri","St. Clair","corn",541.365761491408
29185,"Missouri","St. Clair","grain sorghum",24.4279963029355
29185,"Missouri","St. Clair","oats",3.5830926821944
29185,"Missouri","St. Clair","soybeans",1225.34309770696
29185,"Missouri","St. Clair","sunflower",0.409652205843542
29185,"Missouri","St. Clair","wheat",337.169902344585
29187,"Missouri","St. Francois","corn",25.2582656272231
29187,"Missouri","St. Francois","grain sorghum",0.648110878713682
29187,"Missouri","St. Francois","oats",0.118888411570169
29187,"Missouri","St. Francois","soybeans",68.440593309993
29187,"Missouri","St. Francois","wheat",7.5121417725002
29189,"Missouri","St. Louis","corn",0
29189,"Missouri","St. Louis","grain sorghum",0
29189,"Missouri","St. Louis","soybeans",0
29189,"Missouri","St. Louis","wheat",0
29193,"Missouri","Ste. Genevieve","corn",14960.6705062892
29193,"Missouri","Ste. Genevieve","grain sorghum",13.2225473131342
29193,"Missouri","Ste. Genevieve","oats",13.1572135559807
29193,"Missouri","Ste. Genevieve","soybeans",27919.2593891761
29193,"Missouri","Ste. Genevieve","sunflower",15.1775343541107
29193,"Missouri","Ste. Genevieve","wheat",4442.26930931147
29207,"Missouri","Stoddard","corn",0
29207,"Missouri","Stoddard","cotton",0
29207,"Missouri","Stoddard","grain sorghum",0
29207,"Missouri","Stoddard","oats",0
29207,"Missouri","Stoddard","peanuts",0
29207,"Missouri","Stoddard","rice_long grain",0
29207,"Missouri","Stoddard","rice_short/medium grain",0
29207,"Missouri","Stoddard","soybeans",0
29207,"Missouri","Stoddard","sunflower",0
29207,"Missouri","Stoddard","wheat",0
29209,"Missouri","Stone","corn",453.61695324694
29209,"Missouri","Stone","oats",51.1703053784583
29209,"Missouri","Stone","soybeans",105.178892831566
29209,"Missouri","Stone","wheat",119.304515209703
29211,"Missouri","Sullivan","corn",4896.29774133506
29211,"Missouri","Sullivan","grain sorghum",28.5984621892778
29211,"Missouri","Sullivan","oats",55.8736086880731
29211,"Missouri","Sullivan","soybeans",10261.7186436388
29211,"Missouri","Sullivan","wheat",121.156344148779
29213,"Missouri","Taney","wheat",0
29215,"Missouri","Texas","corn",0
29215,"Missouri","Texas","soybeans",0
29215,"Missouri","Texas","wheat",0
29217,"Missouri","Vernon","corn",1512.59091497725
29217,"Missouri","Vernon","grain sorghum",48.7196576111534
29217,"Missouri","Vernon","oats",5.75859399870745
29217,"Missouri","Vernon","soybeans",2378.74682444511
29217,"Missouri","Vernon","sunflower",0.998483245393868
29217,"Missouri","Vernon","wheat",625.780192389091
29219,"Missouri","Warren","corn",0
29219,"Missouri","Warren","grain sorghum",0
29219,"Missouri","Warren","soybeans",0
29219,"Missouri","Warren","wheat",0
29221,"Missouri","Washington","corn",126.037994277951
29221,"Missouri","Washington","soybeans",1094.04686149581
29221,"Missouri","Washington","wheat",74.2611442262382
29223,"Missouri","Wayne","barley",0
29223,"Missouri","Wayne","corn",0
29223,"Missouri","Wayne","grain sorghum",0
29223,"Missouri","Wayne","oats",0
29223,"Missouri","Wayne","soybeans",0
29223,"Missouri","Wayne","wheat",0
29225,"Missouri","Webster","barley",2.02933795476234
29225,"Missouri","Webster","corn",265.819479835776
29225,"Missouri","Webster","grain sorghum",4.39145623314087
29225,"Missouri","Webster","oats",3.07572991626393
29225,"Missouri","Webster","soybeans",100.853897721437
29225,"Missouri","Webster","sunflower",0.140537484798196
29225,"Missouri","Webster","wheat",40.8878941871546
29227,"Missouri","Worth","barley",0
29227,"Missouri","Worth","corn",0
29227,"Missouri","Worth","grain sorghum",0
29227,"Missouri","Worth","oats",0
29227,"Missouri","Worth","soybeans",0
29227,"Missouri","Worth","wheat",0
29229,"Missouri","Wright","corn",0
29229,"Missouri","Wright","grain sorghum",0
29229,"Missouri","Wright","oats",0
29229,"Missouri","Wright","soybeans",0
29229,"Missouri","Wright","wheat",0
30001,"Montana","Beaverhead","barley",0
30001,"Montana","Beaverhead","canola",0
30001,"Montana","Beaverhead","corn",0
30001,"Montana","Beaverhead","oats",0
30001,"Montana","Beaverhead","wheat",0
30003,"Montana","Big Horn","barley",0
30003,"Montana","Big Horn","canola",0
30003,"Montana","Big Horn","corn",0
30003,"Montana","Big Horn","dry peas",0
30003,"Montana","Big Horn","flaxseed",0
30003,"Montana","Big Horn","grain sorghum",0
30003,"Montana","Big Horn","lentils",0
30003,"Montana","Big Horn","oats",0
30003,"Montana","Big Horn","safflower",0
30003,"Montana","Big Horn","soybeans",0
30003,"Montana","Big Horn","sunflower",0
30003,"Montana","Big Horn","wheat",0
30005,"Montana","Blaine","barley",0
30005,"Montana","Blaine","canola",0
30005,"Montana","Blaine","corn",0
30005,"Montana","Blaine","dry peas",0
30005,"Montana","Blaine","flaxseed",0
30005,"Montana","Blaine","lentils",0
30005,"Montana","Blaine","mustard",0
30005,"Montana","Blaine","oats",0
30005,"Montana","Blaine","safflower",0
30005,"Montana","Blaine","soybeans",0
30005,"Montana","Blaine","wheat",0
30007,"Montana","Broadwater","barley",0
30007,"Montana","Broadwater","canola",0
30007,"Montana","Broadwater","corn",0
30007,"Montana","Broadwater","dry peas",0
30007,"Montana","Broadwater","mustard",0
30007,"Montana","Broadwater","oats",0
30007,"Montana","Broadwater","safflower",0
30007,"Montana","Broadwater","sunflower",0
30007,"Montana","Broadwater","wheat",0
30009,"Montana","Carbon","barley",0
30009,"Montana","Carbon","canola",0
30009,"Montana","Carbon","corn",0
30009,"Montana","Carbon","dry peas",0
30009,"Montana","Carbon","oats",0
30009,"Montana","Carbon","safflower",0
30009,"Montana","Carbon","wheat",0
30011,"Montana","Carter","barley",0
30011,"Montana","Carter","canola",0
30011,"Montana","Carter","corn",0
30011,"Montana","Carter","dry peas",0
30011,"Montana","Carter","flaxseed",0
30011,"Montana","Carter","lentils",0
30011,"Montana","Carter","oats",0
30011,"Montana","Carter","safflower",0
30011,"Montana","Carter","soybeans",0
30011,"Montana","Carter","wheat",0
30013,"Montana","Cascade","barley",0
30013,"Montana","Cascade","canola",0
30013,"Montana","Cascade","corn",0
30013,"Montana","Cascade","dry peas",0
30013,"Montana","Cascade","lentils",0
30013,"Montana","Cascade","mustard",0
30013,"Montana","Cascade","oats",0
30013,"Montana","Cascade","safflower",0
30013,"Montana","Cascade","soybeans",0
30013,"Montana","Cascade","wheat",0
30015,"Montana","Chouteau","barley",0
30015,"Montana","Chouteau","canola",0
30015,"Montana","Chouteau","corn",0
30015,"Montana","Chouteau","dry peas",0
30015,"Montana","Chouteau","flaxseed",0
30015,"Montana","Chouteau","lentils",0
30015,"Montana","Chouteau","mustard",0
30015,"Montana","Chouteau","oats",0
30015,"Montana","Chouteau","safflower",0
30015,"Montana","Chouteau","wheat",0
30017,"Montana","Custer","barley",0
30017,"Montana","Custer","canola",0
30017,"Montana","Custer","corn",0
30017,"Montana","Custer","dry peas",0
30017,"Montana","Custer","grain sorghum",0
30017,"Montana","Custer","lentils",0
30017,"Montana","Custer","oats",0
30017,"Montana","Custer","safflower",0
30017,"Montana","Custer","soybeans",0
30017,"Montana","Custer","sunflower",0
30017,"Montana","Custer","wheat",0
30019,"Montana","Daniels","barley",353.964991669046
30019,"Montana","Daniels","canola",1096.13927538577
30019,"Montana","Daniels","chickpeas_large",5.88945193025154
30019,"Montana","Daniels","chickpeas_small",33.028693897768
30019,"Montana","Daniels","corn",76.0425046180897
30019,"Montana","Daniels","dry peas",3050.37711919618
30019,"Montana","Daniels","flaxseed",267.007425290188
30019,"Montana","Daniels","lentils",4410.09352908805
30019,"Montana","Daniels","mustard",192.445536542216
30019,"Montana","Daniels","oats",153.869387184936
30019,"Montana","Daniels","safflower",110.682385433034
30019,"Montana","Daniels","soybeans",121.917475833419
30019,"Montana","Daniels","sunflower",152.106299293929
30019,"Montana","Daniels","wheat",22665.3819246371
30021,"Montana","Dawson","barley",0
30021,"Montana","Dawson","canola",0
30021,"Montana","Dawson","chickpeas_large",0
30021,"Montana","Dawson","corn",0
30021,"Montana","Dawson","dry peas",0
30021,"Montana","Dawson","flaxseed",0
30021,"Montana","Dawson","grain sorghum",0
30021,"Montana","Dawson","lentils",0
30021,"Montana","Dawson","mustard",0
30021,"Montana","Dawson","oats",0
30021,"Montana","Dawson","safflower",0
30021,"Montana","Dawson","soybeans",0
30021,"Montana","Dawson","sunflower",0
30021,"Montana","Dawson","wheat",0
30023,"Montana","Deer Lodge","barley",0
30023,"Montana","Deer Lodge","corn",0
30023,"Montana","Deer Lodge","wheat",0
30025,"Montana","Fallon","barley",0
30025,"Montana","Fallon","canola",0
30025,"Montana","Fallon","corn",0
30025,"Montana","Fallon","dry peas",0
30025,"Montana","Fallon","flaxseed",0
30025,"Montana","Fallon","lentils",0
30025,"Montana","Fallon","oats",0
30025,"Montana","Fallon","safflower",0
30025,"Montana","Fallon","soybeans",0
30025,"Montana","Fallon","sunflower",0
30025,"Montana","Fallon","wheat",0
30027,"Montana","Fergus","barley",0
30027,"Montana","Fergus","canola",0
30027,"Montana","Fergus","chickpeas_large",0
30027,"Montana","Fergus","corn",0
30027,"Montana","Fergus","dry peas",0
30027,"Montana","Fergus","lentils",0
30027,"Montana","Fergus","mustard",0
30027,"Montana","Fergus","oats",0
30027,"Montana","Fergus","safflower",0
30027,"Montana","Fergus","soybeans",0
30027,"Montana","Fergus","wheat",0
30029,"Montana","Flathead","barley",0
30029,"Montana","Flathead","canola",0
30029,"Montana","Flathead","corn",0
30029,"Montana","Flathead","dry peas",0
30029,"Montana","Flathead","lentils",0
30029,"Montana","Flathead","mustard",0
30029,"Montana","Flathead","oats",0
30029,"Montana","Flathead","soybeans",0
30029,"Montana","Flathead","sunflower",0
30029,"Montana","Flathead","wheat",0
30031,"Montana","Gallatin","barley",0
30031,"Montana","Gallatin","canola",0
30031,"Montana","Gallatin","corn",0
30031,"Montana","Gallatin","dry peas",0
30031,"Montana","Gallatin","flaxseed",0
30031,"Montana","Gallatin","lentils",0
30031,"Montana","Gallatin","mustard",0
30031,"Montana","Gallatin","oats",0
30031,"Montana","Gallatin","soybeans",0
30031,"Montana","Gallatin","sunflower",0
30031,"Montana","Gallatin","wheat",0
30033,"Montana","Garfield","barley",0
30033,"Montana","Garfield","canola",0
30033,"Montana","Garfield","corn",0
30033,"Montana","Garfield","dry peas",0
30033,"Montana","Garfield","flaxseed",0
30033,"Montana","Garfield","lentils",0
30033,"Montana","Garfield","oats",0
30033,"Montana","Garfield","safflower",0
30033,"Montana","Garfield","soybeans",0
30033,"Montana","Garfield","wheat",0
30035,"Montana","Glacier","barley",0
30035,"Montana","Glacier","canola",0
30035,"Montana","Glacier","dry peas",0
30035,"Montana","Glacier","lentils",0
30035,"Montana","Glacier","mustard",0
30035,"Montana","Glacier","oats",0
30035,"Montana","Glacier","sunflower",0
30035,"Montana","Glacier","wheat",0
30037,"Montana","Golden Valley","barley",0
30037,"Montana","Golden Valley","canola",0
30037,"Montana","Golden Valley","corn",0
30037,"Montana","Golden Valley","dry peas",0
30037,"Montana","Golden Valley","flaxseed",0
30037,"Montana","Golden Valley","lentils",0
30037,"Montana","Golden Valley","mustard",0
30037,"Montana","Golden Valley","oats",0
30037,"Montana","Golden Valley","safflower",0
30037,"Montana","Golden Valley","wheat",0
30039,"Montana","Granite","barley",0
30039,"Montana","Granite","corn",0
30039,"Montana","Granite","dry peas",0
30039,"Montana","Granite","oats",0
30039,"Montana","Granite","wheat",0
30041,"Montana","Hill","barley",0
30041,"Montana","Hill","canola",0
30041,"Montana","Hill","corn",0
30041,"Montana","Hill","dry peas",0
30041,"Montana","Hill","flaxseed",0
30041,"Montana","Hill","grain sorghum",0
30041,"Montana","Hill","lentils",0
30041,"Montana","Hill","mustard",0
30041,"Montana","Hill","oats",0
30041,"Montana","Hill","safflower",0
30041,"Montana","Hill","soybeans",0
30041,"Montana","Hill","wheat",0
30043,"Montana","Jefferson","barley",0
30043,"Montana","Jefferson","canola",0
30043,"Montana","Jefferson","corn",0
30043,"Montana","Jefferson","oats",0
30043,"Montana","Jefferson","wheat",0
30045,"Montana","Judith Basin","barley",0
30045,"Montana","Judith Basin","canola",0
30045,"Montana","Judith Basin","corn",0
30045,"Montana","Judith Basin","dry peas",0
30045,"Montana","Judith Basin","flaxseed",0
30045,"Montana","Judith Basin","lentils",0
30045,"Montana","Judith Basin","oats",0
30045,"Montana","Judith Basin","safflower",0
30045,"Montana","Judith Basin","soybeans",0
30045,"Montana","Judith Basin","wheat",0
30047,"Montana","Lake","barley",0
30047,"Montana","Lake","canola",0
30047,"Montana","Lake","corn",0
30047,"Montana","Lake","dry peas",0
30047,"Montana","Lake","oats",0
30047,"Montana","Lake","wheat",0
30049,"Montana","Lewis and Clark","barley",0
30049,"Montana","Lewis and Clark","canola",0
30049,"Montana","Lewis and Clark","corn",0
30049,"Montana","Lewis and Clark","dry peas",0
30049,"Montana","Lewis and Clark","oats",0
30049,"Montana","Lewis and Clark","soybeans",0
30049,"Montana","Lewis and Clark","wheat",0
30051,"Montana","Liberty","barley",0
30051,"Montana","Liberty","canola",0
30051,"Montana","Liberty","corn",0
30051,"Montana","Liberty","dry peas",0
30051,"Montana","Liberty","flaxseed",0
30051,"Montana","Liberty","lentils",0
30051,"Montana","Liberty","mustard",0
30051,"Montana","Liberty","oats",0
30051,"Montana","Liberty","safflower",0
30051,"Montana","Liberty","soybeans",0
30051,"Montana","Liberty","wheat",0
30053,"Montana","Lincoln","barley",22.95
30057,"Montana","Madison","barley",0
30057,"Montana","Madison","canola",0
30057,"Montana","Madison","corn",0
30057,"Montana","Madison","dry peas",0
30057,"Montana","Madison","oats",0
30057,"Montana","Madison","sunflower",0
30057,"Montana","Madison","wheat",0
30055,"Montana","McCone","barley",0
30055,"Montana","McCone","canola",0
30055,"Montana","McCone","corn",0
30055,"Montana","McCone","dry peas",0
30055,"Montana","McCone","flaxseed",0
30055,"Montana","McCone","lentils",0
30055,"Montana","McCone","mustard",0
30055,"Montana","McCone","oats",0
30055,"Montana","McCone","safflower",0
30055,"Montana","McCone","soybeans",0
30055,"Montana","McCone","sunflower",0
30055,"Montana","McCone","wheat",0
30059,"Montana","Meagher","barley",0
30059,"Montana","Meagher","canola",0
30059,"Montana","Meagher","corn",0
30059,"Montana","Meagher","dry peas",0
30059,"Montana","Meagher","mustard",0
30059,"Montana","Meagher","oats",0
30059,"Montana","Meagher","wheat",0
30061,"Montana","Mineral","wheat",0
30063,"Montana","Missoula","barley",0
30063,"Montana","Missoula","oats",0
30063,"Montana","Missoula","wheat",0
30065,"Montana","Musselshell","barley",0
30065,"Montana","Musselshell","corn",0
30065,"Montana","Musselshell","dry peas",0
30065,"Montana","Musselshell","lentils",0
30065,"Montana","Musselshell","mustard",0
30065,"Montana","Musselshell","oats",0
30065,"Montana","Musselshell","safflower",0
30065,"Montana","Musselshell","soybeans",0
30065,"Montana","Musselshell","sunflower",0
30065,"Montana","Musselshell","wheat",0
30067,"Montana","Park","barley",0
30067,"Montana","Park","canola",0
30067,"Montana","Park","chickpeas_small",0
30067,"Montana","Park","dry peas",0
30067,"Montana","Park","flaxseed",0
30067,"Montana","Park","lentils",0
30067,"Montana","Park","mustard",0
30067,"Montana","Park","oats",0
30067,"Montana","Park","sunflower",0
30067,"Montana","Park","wheat",0
30069,"Montana","Petroleum","barley",0
30069,"Montana","Petroleum","corn",0
30069,"Montana","Petroleum","oats",0
30069,"Montana","Petroleum","safflower",0
30069,"Montana","Petroleum","sunflower",0
30069,"Montana","Petroleum","wheat",0
30071,"Montana","Phillips","barley",0
30071,"Montana","Phillips","canola",0
30071,"Montana","Phillips","corn",0
30071,"Montana","Phillips","dry peas",0
30071,"Montana","Phillips","flaxseed",0
30071,"Montana","Phillips","grain sorghum",0
30071,"Montana","Phillips","lentils",0
30071,"Montana","Phillips","mustard",0
30071,"Montana","Phillips","oats",0
30071,"Montana","Phillips","safflower",0
30071,"Montana","Phillips","soybeans",0
30071,"Montana","Phillips","wheat",0
30073,"Montana","Pondera","barley",0
30073,"Montana","Pondera","canola",0
30073,"Montana","Pondera","chickpeas_large",0
30073,"Montana","Pondera","corn",0
30073,"Montana","Pondera","dry peas",0
30073,"Montana","Pondera","flaxseed",0
30073,"Montana","Pondera","grain sorghum",0
30073,"Montana","Pondera","lentils",0
30073,"Montana","Pondera","mustard",0
30073,"Montana","Pondera","oats",0
30073,"Montana","Pondera","safflower",0
30073,"Montana","Pondera","soybeans",0
30073,"Montana","Pondera","sunflower",0
30073,"Montana","Pondera","wheat",0
30075,"Montana","Powder River","barley",0
30075,"Montana","Powder River","corn",0
30075,"Montana","Powder River","dry peas",0
30075,"Montana","Powder River","oats",0
30075,"Montana","Powder River","wheat",0
30077,"Montana","Powell","barley",0
30077,"Montana","Powell","corn",0
30077,"Montana","Powell","oats",0
30077,"Montana","Powell","wheat",0
30079,"Montana","Prairie","barley",0
30079,"Montana","Prairie","canola",0
30079,"Montana","Prairie","corn",0
30079,"Montana","Prairie","dry peas",0
30079,"Montana","Prairie","lentils",0
30079,"Montana","Prairie","oats",0
30079,"Montana","Prairie","safflower",0
30079,"Montana","Prairie","soybeans",0
30079,"Montana","Prairie","wheat",0
30081,"Montana","Ravalli","barley",0
30081,"Montana","Ravalli","canola",0
30081,"Montana","Ravalli","corn",0
30081,"Montana","Ravalli","oats",0
30081,"Montana","Ravalli","soybeans",0
30081,"Montana","Ravalli","wheat",0
30083,"Montana","Richland","barley",0
30083,"Montana","Richland","canola",0
30083,"Montana","Richland","chickpeas_small",0
30083,"Montana","Richland","corn",0
30083,"Montana","Richland","dry peas",0
30083,"Montana","Richland","flaxseed",0
30083,"Montana","Richland","lentils",0
30083,"Montana","Richland","mustard",0
30083,"Montana","Richland","oats",0
30083,"Montana","Richland","safflower",0
30083,"Montana","Richland","soybeans",0
30083,"Montana","Richland","wheat",0
30085,"Montana","Roosevelt","barley",1047.22283889199
30085,"Montana","Roosevelt","canola",1099.97197912306
30085,"Montana","Roosevelt","corn",204.039038208943
30085,"Montana","Roosevelt","dry peas",4378.93899632833
30085,"Montana","Roosevelt","flaxseed",53.7635940842488
30085,"Montana","Roosevelt","grain sorghum",13.0070802376693
30085,"Montana","Roosevelt","lentils",2667.96214676061
30085,"Montana","Roosevelt","mustard",1271.24967560369
30085,"Montana","Roosevelt","oats",347.23298643391
30085,"Montana","Roosevelt","safflower",87.4022371917439
30085,"Montana","Roosevelt","soybeans",410.295887275487
30085,"Montana","Roosevelt","wheat",30476.107206527
30087,"Montana","Rosebud","barley",0
30087,"Montana","Rosebud","canola",0
30087,"Montana","Rosebud","corn",0
30087,"Montana","Rosebud","dry peas",0
30087,"Montana","Rosebud","flaxseed",0
30087,"Montana","Rosebud","lentils",0
30087,"Montana","Rosebud","mustard",0
30087,"Montana","Rosebud","oats",0
30087,"Montana","Rosebud","safflower",0
30087,"Montana","Rosebud","soybeans",0
30087,"Montana","Rosebud","sunflower",0
30087,"Montana","Rosebud","wheat",0
30089,"Montana","Sanders","barley",0
30089,"Montana","Sanders","canola",0
30089,"Montana","Sanders","oats",0
30089,"Montana","Sanders","wheat",0
30091,"Montana","Sheridan","barley",1256.39030725029
30091,"Montana","Sheridan","canola",2787.04467533077
30091,"Montana","Sheridan","corn",284.891645709424
30091,"Montana","Sheridan","dry peas",14759.7906716877
30091,"Montana","Sheridan","lentils",13972.7727637244
30091,"Montana","Sheridan","mustard",1448.71736192348
30091,"Montana","Sheridan","oats",475.257915875149
30091,"Montana","Sheridan","safflower",117.664467309969
30091,"Montana","Sheridan","soybeans",1175.99814244422
30091,"Montana","Sheridan","wheat",54675.8247154113
30093,"Montana","Silver Bow","barley",0
30093,"Montana","Silver Bow","oats",0
30095,"Montana","Stillwater","barley",0
30095,"Montana","Stillwater","chickpeas_small",0
30095,"Montana","Stillwater","corn",0
30095,"Montana","Stillwater","dry peas",0
30095,"Montana","Stillwater","mustard",0
30095,"Montana","Stillwater","oats",0
30095,"Montana","Stillwater","safflower",0
30095,"Montana","Stillwater","sunflower",0
30095,"Montana","Stillwater","wheat",0
30097,"Montana","Sweet Grass","barley",0
30097,"Montana","Sweet Grass","oats",0
30097,"Montana","Sweet Grass","wheat",0
30099,"Montana","Teton","barley",0
30099,"Montana","Teton","canola",0
30099,"Montana","Teton","chickpeas_large",0
30099,"Montana","Teton","chickpeas_small",0
30099,"Montana","Teton","corn",0
30099,"Montana","Teton","dry peas",0
30099,"Montana","Teton","flaxseed",0
30099,"Montana","Teton","lentils",0
30099,"Montana","Teton","mustard",0
30099,"Montana","Teton","oats",0
30099,"Montana","Teton","safflower",0
30099,"Montana","Teton","sunflower",0
30099,"Montana","Teton","wheat",0
30101,"Montana","Toole","barley",0
30101,"Montana","Toole","canola",0
30101,"Montana","Toole","corn",0
30101,"Montana","Toole","dry peas",0
30101,"Montana","Toole","flaxseed",0
30101,"Montana","Toole","grain sorghum",0
30101,"Montana","Toole","lentils",0
30101,"Montana","Toole","mustard",0
30101,"Montana","Toole","oats",0
30101,"Montana","Toole","safflower",0
30101,"Montana","Toole","sunflower",0
30101,"Montana","Toole","wheat",0
30103,"Montana","Treasure","barley",0
30103,"Montana","Treasure","canola",0
30103,"Montana","Treasure","corn",0
30103,"Montana","Treasure","dry peas",0
30103,"Montana","Treasure","oats",0
30103,"Montana","Treasure","safflower",0
30103,"Montana","Treasure","soybeans",0
30103,"Montana","Treasure","sunflower",0
30103,"Montana","Treasure","wheat",0
30105,"Montana","Valley","barley",0
30105,"Montana","Valley","canola",0
30105,"Montana","Valley","corn",0
30105,"Montana","Valley","dry peas",0
30105,"Montana","Valley","flaxseed",0
30105,"Montana","Valley","lentils",0
30105,"Montana","Valley","mustard",0
30105,"Montana","Valley","oats",0
30105,"Montana","Valley","safflower",0
30105,"Montana","Valley","soybeans",0
30105,"Montana","Valley","sunflower",0
30105,"Montana","Valley","wheat",0
30107,"Montana","Wheatland","barley",0
30107,"Montana","Wheatland","canola",0
30107,"Montana","Wheatland","dry peas",0
30107,"Montana","Wheatland","grain sorghum",0
30107,"Montana","Wheatland","lentils",0
30107,"Montana","Wheatland","mustard",0
30107,"Montana","Wheatland","oats",0
30107,"Montana","Wheatland","wheat",0
30109,"Montana","Wibaux","barley",0
30109,"Montana","Wibaux","canola",0
30109,"Montana","Wibaux","corn",0
30109,"Montana","Wibaux","dry peas",0
30109,"Montana","Wibaux","flaxseed",0
30109,"Montana","Wibaux","lentils",0
30109,"Montana","Wibaux","mustard",0
30109,"Montana","Wibaux","oats",0
30109,"Montana","Wibaux","safflower",0
30109,"Montana","Wibaux","soybeans",0
30109,"Montana","Wibaux","sunflower",0
30109,"Montana","Wibaux","wheat",0
30111,"Montana","Yellowstone","barley",0
30111,"Montana","Yellowstone","canola",0
30111,"Montana","Yellowstone","corn",0
30111,"Montana","Yellowstone","dry peas",0
30111,"Montana","Yellowstone","flaxseed",0
30111,"Montana","Yellowstone","lentils",0
30111,"Montana","Yellowstone","oats",0
30111,"Montana","Yellowstone","safflower",0
30111,"Montana","Yellowstone","soybeans",0
30111,"Montana","Yellowstone","sunflower",0
30111,"Montana","Yellowstone","wheat",0
31001,"Nebraska","Adams","barley",225.8103087655
31001,"Nebraska","Adams","corn",14542.8178160744
31001,"Nebraska","Adams","dry peas",29.0139633669982
31001,"Nebraska","Adams","grain sorghum",165.496348484692
31001,"Nebraska","Adams","oats",14.3948178360898
31001,"Nebraska","Adams","soybeans",6839.55362963686
31001,"Nebraska","Adams","sunflower",0.361119920828312
31001,"Nebraska","Adams","wheat",213.441662581193
31003,"Nebraska","Antelope","barley",3.90404806972345
31003,"Nebraska","Antelope","corn",23599.8778291727
31003,"Nebraska","Antelope","grain sorghum",18.8371692689866
31003,"Nebraska","Antelope","oats",136.552944471423
31003,"Nebraska","Antelope","peanuts",7.37475905799854
31003,"Nebraska","Antelope","soybeans",12466.4946961604
31003,"Nebraska","Antelope","wheat",40.6525537988683
31005,"Nebraska","Arthur","corn",0
31005,"Nebraska","Arthur","oats",0
31005,"Nebraska","Arthur","wheat",0
31007,"Nebraska","Banner","barley",0
31007,"Nebraska","Banner","corn",0
31007,"Nebraska","Banner","dry peas",0
31007,"Nebraska","Banner","grain sorghum",0
31007,"Nebraska","Banner","lentils",0
31007,"Nebraska","Banner","oats",0
31007,"Nebraska","Banner","soybeans",0
31007,"Nebraska","Banner","sunflower",0
31007,"Nebraska","Banner","wheat",0
31009,"Nebraska","Blaine","corn",0
31009,"Nebraska","Blaine","oats",0
31009,"Nebraska","Blaine","soybeans",0
31011,"Nebraska","Boone","corn",19588.9130865888
31011,"Nebraska","Boone","grain sorghum",12.5913701093599
31011,"Nebraska","Boone","oats",55.7778914734204
31011,"Nebraska","Boone","soybeans",12366.1667370952
31011,"Nebraska","Boone","wheat",21.8352480665262
31013,"Nebraska","Box Butte","barley",129.236362892131
31013,"Nebraska","Box Butte","corn",24605.4870298819
31013,"Nebraska","Box Butte","dry peas",1392.98330988405
31013,"Nebraska","Box Butte","grain sorghum",465.034307860127
31013,"Nebraska","Box Butte","oats",1232.06163100956
31013,"Nebraska","Box Butte","soybeans",176.761111916429
31013,"Nebraska","Box Butte","sunflower",3434.15207622106
31013,"Nebraska","Box Butte","wheat",21492.549003668
31015,"Nebraska","Boyd","barley",2.45469754033037
31015,"Nebraska","Boyd","corn",493.840033540689
31015,"Nebraska","Boyd","grain sorghum",1.88109479129827
31015,"Nebraska","Boyd","oats",35.7150918441152
31015,"Nebraska","Boyd","soybeans",301.898384053555
31015,"Nebraska","Boyd","wheat",20.3465315633384
31017,"Nebraska","Brown","corn",0
31017,"Nebraska","Brown","grain sorghum",0
31017,"Nebraska","Brown","oats",0
31017,"Nebraska","Brown","soybeans",0
31019,"Nebraska","Buffalo","barley",4.26660453699991
31019,"Nebraska","Buffalo","corn",10554.6116294687
31019,"Nebraska","Buffalo","grain sorghum",52.2355469981712
31019,"Nebraska","Buffalo","oats",68.4790152456108
31019,"Nebraska","Buffalo","soybeans",4263.7742375219
31019,"Nebraska","Buffalo","wheat",118.912482895213
31021,"Nebraska","Burt","corn",6089.97515685101
31021,"Nebraska","Burt","dry peas",5.37957770950229
31021,"Nebraska","Burt","grain sorghum",2.23044848169823
31021,"Nebraska","Burt","oats",9.21734805422643
31021,"Nebraska","Burt","soybeans",5374.60284391129
31021,"Nebraska","Burt","wheat",2.79929165896526
31023,"Nebraska","Butler","barley",0.351452132403665
31023,"Nebraska","Butler","corn",3628.65497350588
31023,"Nebraska","Butler","dry peas",1.29488145032475
31023,"Nebraska","Butler","grain sorghum",9.2745493987301
31023,"Nebraska","Butler","oats",5.23465985456984
31023,"Nebraska","Butler","soybeans",2691.26631818721
31023,"Nebraska","Butler","wheat",13.1124154708814
31025,"Nebraska","Cass","corn",3351.78943769683
31025,"Nebraska","Cass","grain sorghum",0.666992942933255
31025,"Nebraska","Cass","oats",2.68173906273097
31025,"Nebraska","Cass","soybeans",3356.47906408456
31025,"Nebraska","Cass","wheat",10.7502662129385
31027,"Nebraska","Cedar","barley",6.31643609769197
31027,"Nebraska","Cedar","corn",18452.6187763655
31027,"Nebraska","Cedar","dry peas",7.995552185501
31027,"Nebraska","Cedar","grain sorghum",11.462263200802
31027,"Nebraska","Cedar","oats",583.739273959057
31027,"Nebraska","Cedar","soybeans",12311.5281959617
31027,"Nebraska","Cedar","sunflower",17.2453282937684
31027,"Nebraska","Cedar","wheat",26.7166739359537
31029,"Nebraska","Chase","barley",4.88304577478746
31029,"Nebraska","Chase","canola",1.76409990716847
31029,"Nebraska","Chase","corn",5134.83693922009
31029,"Nebraska","Chase","dry peas",111.899506492509
31029,"Nebraska","Chase","grain sorghum",140.394372564464
31029,"Nebraska","Chase","mustard",1.34504540541069
31029,"Nebraska","Chase","oats",178.245494667877
31029,"Nebraska","Chase","soybeans",449.0872364631
31029,"Nebraska","Chase","sunflower",2.34244035292517
31029,"Nebraska","Chase","wheat",1055.86981915167
31031,"Nebraska","Cherry","barley",107.551154981166
31031,"Nebraska","Cherry","corn",11833.1301518657
31031,"Nebraska","Cherry","dry peas",499.152225018259
31031,"Nebraska","Cherry","oats",1285.02490385981
31031,"Nebraska","Cherry","soybeans",2627.30971337427
31031,"Nebraska","Cherry","sunflower",124.894223032182
31031,"Nebraska","Cherry","wheat",878.663377868611
31033,"Nebraska","Cheyenne","barley",99.6642450453529
31033,"Nebraska","Cheyenne","canola",2.62026158052099
31033,"Nebraska","Cheyenne","corn",9393.10760601578
31033,"Nebraska","Cheyenne","dry peas",1230.2945348983
31033,"Nebraska","Cheyenne","grain sorghum",1800.53943629767
31033,"Nebraska","Cheyenne","oats",544.207685789029
31033,"Nebraska","Cheyenne","safflower",9.22527527090653
31033,"Nebraska","Cheyenne","soybeans",514.879812535053
31033,"Nebraska","Cheyenne","sunflower",458.159761365325
31033,"Nebraska","Cheyenne","wheat",19815.167381202
31035,"Nebraska","Clay","corn",3543.77679768625
31035,"Nebraska","Clay","grain sorghum",43.5510897684911
31035,"Nebraska","Clay","oats",4.44593609104296
31035,"Nebraska","Clay","soybeans",1882.15246976708
31035,"Nebraska","Clay","wheat",33.9603733538299
31037,"Nebraska","Colfax","barley",0.10650948942695
31037,"Nebraska","Colfax","corn",4521.63423267321
31037,"Nebraska","Colfax","grain sorghum",6.38699064677226
31037,"Nebraska","Colfax","oats",10.877515928604
31037,"Nebraska","Colfax","soybeans",3206.72320551981
31037,"Nebraska","Colfax","wheat",46.2445457421678
31039,"Nebraska","Cuming","barley",4.31166482815365
31039,"Nebraska","Cuming","corn",10045.3057126579
31039,"Nebraska","Cuming","grain sorghum",3.2842722457481
31039,"Nebraska","Cuming","oats",20.24423661109
31039,"Nebraska","Cuming","soybeans",7408.57393910341
31039,"Nebraska","Cuming","wheat",4.45767455367345
31041,"Nebraska","Custer","barley",5.03145152512103
31041,"Nebraska","Custer","corn",16943.1153390653
31041,"Nebraska","Custer","dry peas",13.4074606455985
31041,"Nebraska","Custer","grain sorghum",12.066560737543
31041,"Nebraska","Custer","oats",271.538077434072
31041,"Nebraska","Custer","soybeans",6152.04773202283
31041,"Nebraska","Custer","wheat",214.487678569472
31043,"Nebraska","Dakota","corn",4250.68274882478
31043,"Nebraska","Dakota","oats",4.52304298091041
31043,"Nebraska","Dakota","soybeans",3655.20841795176
31043,"Nebraska","Dakota","wheat",4.71379024254468
31045,"Nebraska","Dawes, North Sioux","barley",913.955829207562
31045,"Nebraska","Dawes, North Sioux","corn",11275.0808525247
31045,"Nebraska","Dawes, North Sioux","dry peas",453.276909975875
31045,"Nebraska","Dawes, North Sioux","grain sorghum",154.592692749069
31045,"Nebraska","Dawes, North Sioux","oats",4799.88616872749
31045,"Nebraska","Dawes, North Sioux","safflower",43.0976800595465
31045,"Nebraska","Dawes, North Sioux","soybeans",675.678925273849
31045,"Nebraska","Dawes, North Sioux","sunflower",1661.63624302006
31045,"Nebraska","Dawes, North Sioux","wheat",28833.6401984618
31047,"Nebraska","Dawson","barley",10.9649811354534
31047,"Nebraska","Dawson","corn",7293.2300803644
31047,"Nebraska","Dawson","grain sorghum",35.7575461806162
31047,"Nebraska","Dawson","oats",75.2013216950291
31047,"Nebraska","Dawson","soybeans",2438.77116298897
31047,"Nebraska","Dawson","sunflower",0.846201395425325
31047,"Nebraska","Dawson","wheat",95.5597062401032
31049,"Nebraska","Deuel","barley",22.0992950757179
31049,"Nebraska","Deuel","corn",9836.8691661046
31049,"Nebraska","Deuel","dry peas",673.161824983358
31049,"Nebraska","Deuel","grain sorghum",2151.28711164308
31049,"Nebraska","Deuel","oats",213.880274460293
31049,"Nebraska","Deuel","soybeans",168.022037706536
31049,"Nebraska","Deuel","sunflower",1172.26958203062
31049,"Nebraska","Deuel","wheat",11139.6605413291
31051,"Nebraska","Dixon","barley",6.20310466400374
31051,"Nebraska","Dixon","corn",15469.7227672318
31051,"Nebraska","Dixon","grain sorghum",2.01616670848821
31051,"Nebraska","Dixon","oats",63.9864359587472
31051,"Nebraska","Dixon","soybeans",12383.3365294015
31051,"Nebraska","Dixon","wheat",48.9874960354343
31053,"Nebraska","Dodge","corn",2113.76706490979
31053,"Nebraska","Dodge","grain sorghum",4.1996402725461
31053,"Nebraska","Dodge","oats",1.65492300906258
31053,"Nebraska","Dodge","soybeans",1705.51629980084
31053,"Nebraska","Dodge","wheat",4.16341367436301
31055,"Nebraska","Douglas","barley",0
31055,"Nebraska","Douglas","corn",0
31055,"Nebraska","Douglas","grain sorghum",0
31055,"Nebraska","Douglas","oats",0
31055,"Nebraska","Douglas","soybeans",0
31055,"Nebraska","Douglas","sunflower",0
31055,"Nebraska","Douglas","wheat",0
31057,"Nebraska","Dundy","barley",0
31057,"Nebraska","Dundy","corn",0
31057,"Nebraska","Dundy","dry peas",0
31057,"Nebraska","Dundy","grain sorghum",0
31057,"Nebraska","Dundy","oats",0
31057,"Nebraska","Dundy","soybeans",0
31057,"Nebraska","Dundy","sunflower",0
31057,"Nebraska","Dundy","wheat",0
31059,"Nebraska","Fillmore","barley",0.225824832275616
31059,"Nebraska","Fillmore","corn",6189.48565457308
31059,"Nebraska","Fillmore","dry peas",9.59497451648765
31059,"Nebraska","Fillmore","grain sorghum",49.8609615816042
31059,"Nebraska","Fillmore","oats",4.7858734097268
31059,"Nebraska","Fillmore","soybeans",3705.28971535394
31059,"Nebraska","Fillmore","wheat",41.8256623995733
31061,"Nebraska","Franklin","barley",3.97210942492373
31061,"Nebraska","Franklin","corn",3862.43386966166
31061,"Nebraska","Franklin","grain sorghum",71.104047265091
31061,"Nebraska","Franklin","oats",41.5352043077049
31061,"Nebraska","Franklin","soybeans",2027.34914727457
31061,"Nebraska","Franklin","wheat",187.699122066075
31063,"Nebraska","Frontier","barley",0.179803861334543
31063,"Nebraska","Frontier","corn",2018.76845438956
31063,"Nebraska","Frontier","grain sorghum",243.329967404651
31063,"Nebraska","Frontier","oats",41.8652263208276
31063,"Nebraska","Frontier","soybeans",335.83021624436
31063,"Nebraska","Frontier","sunflower",1.75689705185363
31063,"Nebraska","Frontier","wheat",524.403934727418
31065,"Nebraska","Furnas","barley",20.0180144933093
31065,"Nebraska","Furnas","corn",11990.6920273112
31065,"Nebraska","Furnas","dry peas",34.4090242374868
31065,"Nebraska","Furnas","grain sorghum",1091.06540943957
31065,"Nebraska","Furnas","oats",308.97627995611
31065,"Nebraska","Furnas","soybeans",4697.28250936773
31065,"Nebraska","Furnas","wheat",2716.5567351946
31067,"Nebraska","Gage","corn",9918.63784033877
31067,"Nebraska","Gage","grain sorghum",56.5985887390862
31067,"Nebraska","Gage","oats",32.6008860033924
31067,"Nebraska","Gage","soybeans",9651.04236967474
31067,"Nebraska","Gage","wheat",200.86331524403
31069,"Nebraska","Garden","barley",26.562870693963
31069,"Nebraska","Garden","corn",6426.78653292616
31069,"Nebraska","Garden","dry peas",869.371441383089
31069,"Nebraska","Garden","grain sorghum",905.521160377165
31069,"Nebraska","Garden","oats",271.885386882862
31069,"Nebraska","Garden","soybeans",434.684012211985
31069,"Nebraska","Garden","sunflower",65.9558533846735
31069,"Nebraska","Garden","wheat",4709.66240880676
31071,"Nebraska","Garfield","corn",0
31071,"Nebraska","Garfield","grain sorghum",0
31071,"Nebraska","Garfield","oats",0
31071,"Nebraska","Garfield","soybeans",0
31071,"Nebraska","Garfield","wheat",0
31073,"Nebraska","Gosper","barley",23.6755013693556
31073,"Nebraska","Gosper","chickpeas_large",0.396977526908643
31073,"Nebraska","Gosper","corn",6998.93373835565
31073,"Nebraska","Gosper","dry peas",10.653409569455
31073,"Nebraska","Gosper","grain sorghum",201.254199772167
31073,"Nebraska","Gosper","oats",113.264317132457
31073,"Nebraska","Gosper","soybeans",2736.0142502351
31073,"Nebraska","Gosper","wheat",758.280106038878
31077,"Nebraska","Greeley","corn",5665.52826820204
31077,"Nebraska","Greeley","grain sorghum",15.3503694301759
31077,"Nebraska","Greeley","oats",58.7307102524673
31077,"Nebraska","Greeley","soybeans",2880.17791612221
31077,"Nebraska","Greeley","wheat",16.1690693264254
31079,"Nebraska","Hall","corn",4469.5381933054
31079,"Nebraska","Hall","grain sorghum",34.2845386664359
31079,"Nebraska","Hall","oats",4.03295317654768
31079,"Nebraska","Hall","soybeans",1012.49207335945
31079,"Nebraska","Hall","wheat",11.835441492161
31081,"Nebraska","Hamilton","barley",0.576274964926203
31081,"Nebraska","Hamilton","corn",4687.01990201459
31081,"Nebraska","Hamilton","dry peas",4.75902489602228
31081,"Nebraska","Hamilton","grain sorghum",21.656803767093
31081,"Nebraska","Hamilton","oats",3.04220528011107
31081,"Nebraska","Hamilton","soybeans",1928.37751047728
31081,"Nebraska","Hamilton","wheat",21.9272785999102
31083,"Nebraska","Harlan","barley",4.81752686427305
31083,"Nebraska","Harlan","corn",13220.0049779401
31083,"Nebraska","Harlan","grain sorghum",802.45220907614
31083,"Nebraska","Harlan","oats",111.195388389016
31083,"Nebraska","Harlan","soybeans",6444.59263153214
31083,"Nebraska","Harlan","wheat",1879.73126619828
31085,"Nebraska","Hayes","barley",0
31085,"Nebraska","Hayes","corn",0
31085,"Nebraska","Hayes","grain sorghum",0
31085,"Nebraska","Hayes","oats",0
31085,"Nebraska","Hayes","soybeans",0
31085,"Nebraska","Hayes","wheat",0
31087,"Nebraska","Hitchcock","corn",0
31087,"Nebraska","Hitchcock","dry peas",0
31087,"Nebraska","Hitchcock","grain sorghum",0
31087,"Nebraska","Hitchcock","oats",0
31087,"Nebraska","Hitchcock","soybeans",0
31087,"Nebraska","Hitchcock","wheat",0
31089,"Nebraska","Holt","barley",7.18765276574512
31089,"Nebraska","Holt","corn",12121.7333289955
31089,"Nebraska","Holt","dry peas",5.5417063820389
31089,"Nebraska","Holt","grain sorghum",32.3536736231564
31089,"Nebraska","Holt","oats",346.433636884373
31089,"Nebraska","Holt","soybeans",5472.84573441809
31089,"Nebraska","Holt","wheat",125.143766931053
31091,"Nebraska","Hooker","oats",1058.46170099614
31091,"Nebraska","Hooker","wheat",394.54763233719
31093,"Nebraska","Howard","barley",0.0312800059759281
31093,"Nebraska","Howard","corn",1906.42791039774
31093,"Nebraska","Howard","grain sorghum",15.5128756909496
31093,"Nebraska","Howard","oats",6.58633144011217
31093,"Nebraska","Howard","soybeans",844.850245769116
31093,"Nebraska","Howard","wheat",10.6226900294252
31095,"Nebraska","Jefferson","corn",3537.41616789942
31095,"Nebraska","Jefferson","dry peas",3.85928890122427
31095,"Nebraska","Jefferson","grain sorghum",29.8214418049794
31095,"Nebraska","Jefferson","oats",30.1357828517158
31095,"Nebraska","Jefferson","soybeans",2977.37402430747
31095,"Nebraska","Jefferson","sunflower",5.14082865495299
31095,"Nebraska","Jefferson","wheat",162.943965580197
31097,"Nebraska","Johnson","corn",2200.83572320553
31097,"Nebraska","Johnson","grain sorghum",8.09863520204897
31097,"Nebraska","Johnson","oats",12.1165831267545
31097,"Nebraska","Johnson","soybeans",2073.92314252674
31097,"Nebraska","Johnson","wheat",50.6985826055922
31099,"Nebraska","Kearney","barley",4.97843373600094
31099,"Nebraska","Kearney","corn",5478.4107727998
31099,"Nebraska","Kearney","grain sorghum",14.9769093300487
31099,"Nebraska","Kearney","oats",10.697105369953
31099,"Nebraska","Kearney","soybeans",2793.78812641415
31099,"Nebraska","Kearney","sunflower",0.107229053300502
31099,"Nebraska","Kearney","wheat",150.298089963436
31101,"Nebraska","Keith","barley",19.805107315261
31101,"Nebraska","Keith","corn",8699.19153848459
31101,"Nebraska","Keith","dry peas",50.3961406760092
31101,"Nebraska","Keith","grain sorghum",100.069445140372
31101,"Nebraska","Keith","oats",94.6320231539829
31101,"Nebraska","Keith","soybeans",1509.68413670789
31101,"Nebraska","Keith","sunflower",12.1838731322963
31101,"Nebraska","Keith","wheat",2219.33823538961
31103,"Nebraska","Keya Paha","corn",2547.21905082004
31103,"Nebraska","Keya Paha","grain sorghum",5.99398536713664
31103,"Nebraska","Keya Paha","oats",112.967336301848
31103,"Nebraska","Keya Paha","soybeans",664.166255985308
31103,"Nebraska","Keya Paha","wheat",12.0648715256766
31105,"Nebraska","Kimball","barley",0
31105,"Nebraska","Kimball","corn",0
31105,"Nebraska","Kimball","dry peas",0
31105,"Nebraska","Kimball","grain sorghum",0
31105,"Nebraska","Kimball","oats",0
31105,"Nebraska","Kimball","soybeans",0
31105,"Nebraska","Kimball","sunflower",0
31105,"Nebraska","Kimball","wheat",0
31107,"Nebraska","Knox","barley",6.877573384942
31107,"Nebraska","Knox","corn",10327.6750636451
31107,"Nebraska","Knox","dry peas",5.25288233364232
31107,"Nebraska","Knox","grain sorghum",7.53892746906313
31107,"Nebraska","Knox","oats",626.217114522835
31107,"Nebraska","Knox","soybeans",6166.41396970195
31107,"Nebraska","Knox","wheat",83.4344689424937
31109,"Nebraska","Lancaster","barley",0
31109,"Nebraska","Lancaster","corn",0
31109,"Nebraska","Lancaster","grain sorghum",0
31109,"Nebraska","Lancaster","oats",0
31109,"Nebraska","Lancaster","soybeans",0
31109,"Nebraska","Lancaster","sunflower",0
31109,"Nebraska","Lancaster","wheat",0
31111,"Nebraska","Lincoln","barley",4.5266915362437
31111,"Nebraska","Lincoln","corn",3872.56065321748
31111,"Nebraska","Lincoln","dry peas",9.90884162708119
31111,"Nebraska","Lincoln","grain sorghum",30.150214826422
31111,"Nebraska","Lincoln","oats",49.5236835290377
31111,"Nebraska","Lincoln","soybeans",1037.89504571502
31111,"Nebraska","Lincoln","sunflower",2.55605736985499
31111,"Nebraska","Lincoln","wheat",173.108145512296
31113,"Nebraska","Logan","barley",0
31113,"Nebraska","Logan","corn",0
31113,"Nebraska","Logan","grain sorghum",0
31113,"Nebraska","Logan","oats",0
31113,"Nebraska","Logan","soybeans",0
31113,"Nebraska","Logan","wheat",0
31115,"Nebraska","Loup","corn",0
31115,"Nebraska","Loup","grain sorghum",0
31115,"Nebraska","Loup","oats",0
31115,"Nebraska","Loup","soybeans",0
31115,"Nebraska","Loup","wheat",0
31119,"Nebraska","Madison","barley",3.81334379928127
31119,"Nebraska","Madison","corn",7280.880824019
31119,"Nebraska","Madison","grain sorghum",2.33187069936545
31119,"Nebraska","Madison","oats",18.6297912322577
31119,"Nebraska","Madison","soybeans",5307.54978668973
31119,"Nebraska","Madison","wheat",16.7820502270395
31117,"Nebraska","McPherson","corn",0
31117,"Nebraska","McPherson","grain sorghum",0
31117,"Nebraska","McPherson","oats",0
31117,"Nebraska","McPherson","soybeans",0
31117,"Nebraska","McPherson","wheat",0
31121,"Nebraska","Merrick","corn",1532.40782544455
31121,"Nebraska","Merrick","dry peas",3.70434730046462
31121,"Nebraska","Merrick","grain sorghum",10.2486369863487
31121,"Nebraska","Merrick","oats",1.86274739475563
31121,"Nebraska","Merrick","soybeans",685.369544628623
31121,"Nebraska","Merrick","wheat",10.0023982452213
31123,"Nebraska","Morrill","barley",28.6565629377282
31123,"Nebraska","Morrill","corn",11517.0853224904
31123,"Nebraska","Morrill","dry peas",74.6444849186621
31123,"Nebraska","Morrill","grain sorghum",132.232140322726
31123,"Nebraska","Morrill","oats",307.874692776266
31123,"Nebraska","Morrill","soybeans",149.668678295934
31123,"Nebraska","Morrill","sunflower",63.2216148748515
31123,"Nebraska","Morrill","wheat",3402.48517005004
31125,"Nebraska","Nance","barley",0
31125,"Nebraska","Nance","corn",0
31125,"Nebraska","Nance","grain sorghum",0
31125,"Nebraska","Nance","oats",0
31125,"Nebraska","Nance","soybeans",0
31125,"Nebraska","Nance","wheat",0
31127,"Nebraska","Nemaha","barley",2.51412800273623
31127,"Nebraska","Nemaha","corn",5287.42461843562
31127,"Nebraska","Nemaha","grain sorghum",8.50188512342617
31127,"Nebraska","Nemaha","oats",10.0353547329691
31127,"Nebraska","Nemaha","soybeans",5257.12108630894
31127,"Nebraska","Nemaha","wheat",43.8737607296393
31129,"Nebraska","Nuckolls","corn",6594.84354710491
31129,"Nebraska","Nuckolls","grain sorghum",64.9620455627164
31129,"Nebraska","Nuckolls","oats",29.3447887521482
31129,"Nebraska","Nuckolls","soybeans",3785.06727796025
31129,"Nebraska","Nuckolls","wheat",359.02617395329
31131,"Nebraska","Otoe","barley",5.49484754628507
31131,"Nebraska","Otoe","corn",7421.18371727704
31131,"Nebraska","Otoe","grain sorghum",3.78446416334046
31131,"Nebraska","Otoe","oats",14.0992799070303
31131,"Nebraska","Otoe","soybeans",7296.9487087674
31131,"Nebraska","Otoe","wheat",51.65631567222
31133,"Nebraska","Pawnee","corn",11433.537399116
31133,"Nebraska","Pawnee","grain sorghum",119.878780601623
31133,"Nebraska","Pawnee","oats",63.2718092459582
31133,"Nebraska","Pawnee","soybeans",11854.4546090094
31133,"Nebraska","Pawnee","wheat",239.278302026995
31135,"Nebraska","Perkins","barley",29.5497372474492
31135,"Nebraska","Perkins","canola",0.473793513396429
31135,"Nebraska","Perkins","chickpeas_large",4.14034396061589
31135,"Nebraska","Perkins","corn",38953.2711671383
31135,"Nebraska","Perkins","dry peas",675.408242681567
31135,"Nebraska","Perkins","grain sorghum",1449.53793585382
31135,"Nebraska","Perkins","oats",289.40347087251
31135,"Nebraska","Perkins","soybeans",4606.52987855335
31135,"Nebraska","Perkins","sunflower",206.328286978654
31135,"Nebraska","Perkins","wheat",11042.5721432004
31137,"Nebraska","Phelps","corn",6467.45254920563
31137,"Nebraska","Phelps","grain sorghum",26.642298466528
31137,"Nebraska","Phelps","oats",10.5044640252896
31137,"Nebraska","Phelps","soybeans",2873.23232716844
31137,"Nebraska","Phelps","wheat",96.1740278008922
31139,"Nebraska","Pierce","barley",21.6525369683334
31139,"Nebraska","Pierce","corn",7905.9393116647
31139,"Nebraska","Pierce","dry peas",36.5471297963494
31139,"Nebraska","Pierce","grain sorghum",0.688109699994731
31139,"Nebraska","Pierce","oats",80.5983002054824
31139,"Nebraska","Pierce","soybeans",5339.63495869131
31139,"Nebraska","Pierce","wheat",44.8999863071201
31141,"Nebraska","Platte","barley",3.02698891664849
31141,"Nebraska","Platte","corn",9930.29510867014
31141,"Nebraska","Platte","grain sorghum",8.63889351796745
31141,"Nebraska","Platte","oats",14.0347898644717
31141,"Nebraska","Platte","sesame",0.968910266608267
31141,"Nebraska","Platte","soybeans",6128.32189972798
31141,"Nebraska","Platte","wheat",23.234409036076
31143,"Nebraska","Polk","corn",1521.71183769969
31143,"Nebraska","Polk","dry peas",2.4106912123967
31143,"Nebraska","Polk","grain sorghum",4.08106292744146
31143,"Nebraska","Polk","oats",1.59851109344426
31143,"Nebraska","Polk","soybeans",974.41358884693
31143,"Nebraska","Polk","wheat",7.96980822009596
31145,"Nebraska","Red Willow","barley",0
31145,"Nebraska","Red Willow","corn",0
31145,"Nebraska","Red Willow","dry peas",0
31145,"Nebraska","Red Willow","grain sorghum",0
31145,"Nebraska","Red Willow","oats",0
31145,"Nebraska","Red Willow","soybeans",0
31145,"Nebraska","Red Willow","sunflower",0
31145,"Nebraska","Red Willow","wheat",0
31147,"Nebraska","Richardson","barley",3.59118726352751
31147,"Nebraska","Richardson","corn",8263.86513721154
31147,"Nebraska","Richardson","grain sorghum",6.8515213203776
31147,"Nebraska","Richardson","oats",21.4826660016281
31147,"Nebraska","Richardson","soybeans",7835.36406900056
31147,"Nebraska","Richardson","wheat",87.8279525357212
31149,"Nebraska","Rock","corn",0
31149,"Nebraska","Rock","oats",0
31149,"Nebraska","Rock","soybeans",0
31149,"Nebraska","Rock","sunflower",0
31151,"Nebraska","Saline","barley",0.133714782888259
31151,"Nebraska","Saline","corn",3278.27983567794
31151,"Nebraska","Saline","grain sorghum",23.2036948614588
31151,"Nebraska","Saline","oats",8.50292073445534
31151,"Nebraska","Saline","soybeans",2607.54283636196
31151,"Nebraska","Saline","sunflower",2.66505802164163
31151,"Nebraska","Saline","wheat",54.6217728930541
31153,"Nebraska","Sarpy","corn",0
31153,"Nebraska","Sarpy","oats",0
31153,"Nebraska","Sarpy","soybeans",0
31153,"Nebraska","Sarpy","wheat",0
31155,"Nebraska","Saunders","barley",0.46362877394994
31155,"Nebraska","Saunders","corn",2787.33135832966
31155,"Nebraska","Saunders","dry peas",0.00100043200297459
31155,"Nebraska","Saunders","grain sorghum",3.73864297888757
31155,"Nebraska","Saunders","oats",10.9587893281267
31155,"Nebraska","Saunders","soybeans",2442.23293916277
31155,"Nebraska","Saunders","wheat",18.014807661335
31157,"Nebraska","Scotts Bluff","barley",106.735279037694
31157,"Nebraska","Scotts Bluff","canola",0.119575654458135
31157,"Nebraska","Scotts Bluff","corn",12010.6983754049
31157,"Nebraska","Scotts Bluff","dry peas",46.5465317214642
31157,"Nebraska","Scotts Bluff","grain sorghum",5.38545971364306
31157,"Nebraska","Scotts Bluff","lentils",13.208554554597
31157,"Nebraska","Scotts Bluff","mustard",0.0683289454046487
31157,"Nebraska","Scotts Bluff","oats",238.404473542998
31157,"Nebraska","Scotts Bluff","soybeans",107.469815200794
31157,"Nebraska","Scotts Bluff","sunflower",122.664464435152
31157,"Nebraska","Scotts Bluff","wheat",1231.87522512225
31159,"Nebraska","Seward","barley",0.0804083954798668
31159,"Nebraska","Seward","corn",259.412614261628
31159,"Nebraska","Seward","dry peas",0.335961072234984
31159,"Nebraska","Seward","grain sorghum",2.37813402330871
31159,"Nebraska","Seward","oats",0.38786955349535
31159,"Nebraska","Seward","soybeans",194.049700341921
31159,"Nebraska","Seward","sunflower",0.0562223426811818
31159,"Nebraska","Seward","wheat",0.706825009265648
31161,"Nebraska","Sheridan","barley",0
31161,"Nebraska","Sheridan","chickpeas_large",0
31161,"Nebraska","Sheridan","corn",0
31161,"Nebraska","Sheridan","dry peas",0
31161,"Nebraska","Sheridan","grain sorghum",0
31161,"Nebraska","Sheridan","oats",0
31161,"Nebraska","Sheridan","safflower",0
31161,"Nebraska","Sheridan","soybeans",0
31161,"Nebraska","Sheridan","sunflower",0
31161,"Nebraska","Sheridan","wheat",0
31163,"Nebraska","Sherman","corn",3225.64332039812
31163,"Nebraska","Sherman","grain sorghum",7.04234120403065
31163,"Nebraska","Sherman","oats",18.8613115706832
31163,"Nebraska","Sherman","soybeans",1248.88938301225
31163,"Nebraska","Sherman","wheat",16.1986438149234
31165,"Nebraska","South Sioux","barley",32.6769876981893
31165,"Nebraska","South Sioux","corn",15484.4909352447
31165,"Nebraska","South Sioux","grain sorghum",9.21396485349804
31165,"Nebraska","South Sioux","oats",943.975172039347
31165,"Nebraska","South Sioux","soybeans",177.127079321915
31165,"Nebraska","South Sioux","sunflower",38.3382726220445
31165,"Nebraska","South Sioux","wheat",1507.35608822029
31167,"Nebraska","Stanton","barley",2.29074868985557
31167,"Nebraska","Stanton","corn",11567.8741908921
31167,"Nebraska","Stanton","grain sorghum",0.59639382709075
31167,"Nebraska","Stanton","oats",91.2761667759926
31167,"Nebraska","Stanton","soybeans",8638.42678794585
31167,"Nebraska","Stanton","wheat",29.5329452024723
31169,"Nebraska","Thayer","barley",1.29115416904897
31169,"Nebraska","Thayer","corn",11380.1692990412
31169,"Nebraska","Thayer","dry peas",2.39102623897958
31169,"Nebraska","Thayer","grain sorghum",86.9668410962086
31169,"Nebraska","Thayer","oats",32.2074494880875
31169,"Nebraska","Thayer","soybeans",6694.76609032808
31169,"Nebraska","Thayer","sunflower",0.326049032588124
31169,"Nebraska","Thayer","wheat",380.013190605763
31171,"Nebraska","Thomas","corn",358.147092823951
31171,"Nebraska","Thomas","oats",69.7675738427154
31173,"Nebraska","Thurston","barley",4.33381349450688
31173,"Nebraska","Thurston","corn",4046.17546854225
31173,"Nebraska","Thurston","dry peas",13.0959017284452
31173,"Nebraska","Thurston","grain sorghum",4.55846780336168
31173,"Nebraska","Thurston","oats",39.2668362825333
31173,"Nebraska","Thurston","soybeans",3162.39697332979
31173,"Nebraska","Thurston","wheat",11.5613721524453
31175,"Nebraska","Valley","barley",0.90987174853809
31175,"Nebraska","Valley","corn",2319.89800573622
31175,"Nebraska","Valley","grain sorghum",24.0150960153702
31175,"Nebraska","Valley","oats",25.5880580641881
31175,"Nebraska","Valley","soybeans",1053.61343673549
31175,"Nebraska","Valley","sunflower",4.35879600028117
31175,"Nebraska","Valley","wheat",15.5657356999104
31177,"Nebraska","Washington","corn",1911.53199247824
31177,"Nebraska","Washington","dry peas",1.0745621862545
31177,"Nebraska","Washington","grain sorghum",1.26862861342564
31177,"Nebraska","Washington","oats",2.57168292349729
31177,"Nebraska","Washington","soybeans",1757.11253231778
31177,"Nebraska","Washington","wheat",3.77940148080415
31179,"Nebraska","Wayne","barley",0.828233625023183
31179,"Nebraska","Wayne","corn",13699.1103245903
31179,"Nebraska","Wayne","grain sorghum",7.19989929109609
31179,"Nebraska","Wayne","oats",56.6408071854193
31179,"Nebraska","Wayne","soybeans",10848.6477209186
31179,"Nebraska","Wayne","wheat",8.74434772284859
31181,"Nebraska","Webster","barley",36.9413748219246
31181,"Nebraska","Webster","corn",9872.04928308283
31181,"Nebraska","Webster","grain sorghum",275.806343819617
31181,"Nebraska","Webster","oats",98.6890072410417
31181,"Nebraska","Webster","soybeans",5959.00515433479
31181,"Nebraska","Webster","sunflower",0.507772530572396
31181,"Nebraska","Webster","wheat",1274.92856416924
31183,"Nebraska","Wheeler","corn",0
31183,"Nebraska","Wheeler","grain sorghum",0
31183,"Nebraska","Wheeler","oats",0
31183,"Nebraska","Wheeler","soybeans",0
31183,"Nebraska","Wheeler","wheat",0
31185,"Nebraska","York","canola",0.120011607154047
31185,"Nebraska","York","corn",11242.0640229041
31185,"Nebraska","York","dry peas",5.64207346179427
31185,"Nebraska","York","grain sorghum",72.144144226717
31185,"Nebraska","York","oats",2.70734517944391
31185,"Nebraska","York","soybeans",5584.1643248893
31185,"Nebraska","York","sunflower",0.0745905475019947
31185,"Nebraska","York","wheat",28.8179538506533
32001,"Nevada","Churchill","barley",22.0193971845538
32001,"Nevada","Churchill","chickpeas_large",0.798286302763281
32001,"Nevada","Churchill","corn",2620.80979700864
32001,"Nevada","Churchill","oats",182.955651226637
32001,"Nevada","Churchill","soybeans",8.19111162835367
32001,"Nevada","Churchill","wheat",1146.62142331572
32003,"Nevada","Clark","corn",0
32003,"Nevada","Clark","oats",0
32005,"Nevada","Douglas","wheat",442.387333333333
32007,"Nevada","Elko","barley",105.269676245833
32007,"Nevada","Elko","corn",270.995349620335
32007,"Nevada","Elko","oats",101.833307467165
32009,"Nevada","Esmeralda","wheat",282.4975
32011,"Nevada","Eureka","barley",0
32011,"Nevada","Eureka","wheat",0
32013,"Nevada","Humboldt","barley",0
32013,"Nevada","Humboldt","canola",0
32013,"Nevada","Humboldt","corn",0
32013,"Nevada","Humboldt","oats",0
32013,"Nevada","Humboldt","wheat",0
32015,"Nevada","Lander","corn",0
32015,"Nevada","Lander","wheat",0
32017,"Nevada","Lincoln","barley",1043.9129943875
32017,"Nevada","Lincoln","corn",407.958009670364
32017,"Nevada","Lincoln","oats",185.390099733867
32017,"Nevada","Lincoln","wheat",1067.83889620827
32019,"Nevada","Lyon","barley",29.6785511691248
32019,"Nevada","Lyon","corn",2195.54092954979
32019,"Nevada","Lyon","oats",175.240744408166
32019,"Nevada","Lyon","wheat",2495.11610820625
32023,"Nevada","Northwest Nye","corn",386.145901437837
32023,"Nevada","Northwest Nye","wheat",320.661598562163
32027,"Nevada","Pershing","barley",0
32027,"Nevada","Pershing","corn",0
32027,"Nevada","Pershing","wheat",0
32035,"Nevada","Southeast Nye","barley",128.081641606032
32035,"Nevada","Southeast Nye","corn",255.668260903722
32035,"Nevada","Southeast Nye","oats",18.6171433354424
32035,"Nevada","Southeast Nye","wheat",5.83265415480333
32031,"Nevada","Washoe","corn",0
32031,"Nevada","Washoe","wheat",0
32033,"Nevada","White Pine","barley",182.126894516761
32033,"Nevada","White Pine","corn",334.451011643693
32033,"Nevada","White Pine","oats",172.241882019476
32033,"Nevada","White Pine","wheat",115.097945153403
33001,"New Hampshire","Belknap","corn",453.719573
33003,"New Hampshire","Carroll","barley",0
33003,"New Hampshire","Carroll","corn",0
33003,"New Hampshire","Carroll","oats",0
33003,"New Hampshire","Carroll","soybeans",0
33005,"New Hampshire","Cheshire","corn",1162.91078113855
33005,"New Hampshire","Cheshire","soybeans",1.43120986145348
33007,"New Hampshire","Coos","barley",3.14044921169207
33007,"New Hampshire","Coos","corn",228.716027508337
33007,"New Hampshire","Coos","oats",3.11498333310595
33007,"New Hampshire","Coos","soybeans",4.29279856488867
33007,"New Hampshire","Coos","sunflower",0.11008304864316
33009,"New Hampshire","Grafton","barley",61.94710816619
33009,"New Hampshire","Grafton","corn",2569.64083271607
33009,"New Hampshire","Grafton","oats",11.2271074716898
33009,"New Hampshire","Grafton","soybeans",124.474452403517
33009,"New Hampshire","Grafton","sunflower",5.89446167504633
33009,"New Hampshire","Grafton","wheat",23.6607375674907
33011,"New Hampshire","Hillsborough","corn",0
33011,"New Hampshire","Hillsborough","oats",0
33013,"New Hampshire","Merrimack","barley",0
33013,"New Hampshire","Merrimack","corn",0
33013,"New Hampshire","Merrimack","oats",0
33013,"New Hampshire","Merrimack","wheat",0
33015,"New Hampshire","Rockingham","corn",0
33017,"New Hampshire","Strafford","barley",0
33017,"New Hampshire","Strafford","corn",0
33017,"New Hampshire","Strafford","oats",0
33017,"New Hampshire","Strafford","sunflower",0
33017,"New Hampshire","Strafford","wheat",0
33019,"New Hampshire","Sullivan","corn",924.929326527884
33019,"New Hampshire","Sullivan","oats",4.6752554280026
33019,"New Hampshire","Sullivan","wheat",23.8802680441131
34001,"New Jersey","Atlantic","barley",67.3097359629583
34001,"New Jersey","Atlantic","corn",823.879581903605
34001,"New Jersey","Atlantic","grain sorghum",65.2694095915811
34001,"New Jersey","Atlantic","safflower",21.8335956029846
34001,"New Jersey","Atlantic","soybeans",408.591131587645
34001,"New Jersey","Atlantic","wheat",6.85717935122637
34005,"New Jersey","Burlington","barley",10.1137282366815
34005,"New Jersey","Burlington","corn",1281.75411136831
34005,"New Jersey","Burlington","grain sorghum",87.3619148980723
34005,"New Jersey","Burlington","oats",12.2930625115445
34005,"New Jersey","Burlington","soybeans",4160.63019719242
34005,"New Jersey","Burlington","sunflower",2.05260167165123
34005,"New Jersey","Burlington","wheat",385.194417454665
34007,"New Jersey","Camden","corn",389.400002193783
34007,"New Jersey","Camden","grain sorghum",113.777289266334
34007,"New Jersey","Camden","soybeans",100.724108539883
34009,"New Jersey","Cape May","corn",0
34009,"New Jersey","Cape May","soybeans",0
34011,"New Jersey","Cumberland","barley",18.8234129165452
34011,"New Jersey","Cumberland","corn",1085.27827421804
34011,"New Jersey","Cumberland","grain sorghum",21.5101829010349
34011,"New Jersey","Cumberland","oats",1.56734318422926
34011,"New Jersey","Cumberland","soybeans",1639.3275058364
34011,"New Jersey","Cumberland","wheat",506.125120943758
34015,"New Jersey","Gloucester","barley",40.1086928385896
34015,"New Jersey","Gloucester","corn",2943.36426981055
34015,"New Jersey","Gloucester","grain sorghum",56.4104456476072
34015,"New Jersey","Gloucester","oats",7.41403110046656
34015,"New Jersey","Gloucester","soybeans",4807.36614004084
34015,"New Jersey","Gloucester","wheat",1301.45517056194
34019,"New Jersey","Hunterdon","barley",0
34019,"New Jersey","Hunterdon","corn",0
34019,"New Jersey","Hunterdon","grain sorghum",0
34019,"New Jersey","Hunterdon","oats",0
34019,"New Jersey","Hunterdon","rice_short/medium grain",0
34019,"New Jersey","Hunterdon","soybeans",0
34019,"New Jersey","Hunterdon","sunflower",0
34019,"New Jersey","Hunterdon","wheat",0
34021,"New Jersey","Mercer","barley",0
34021,"New Jersey","Mercer","corn",0
34021,"New Jersey","Mercer","grain sorghum",0
34021,"New Jersey","Mercer","oats",0
34021,"New Jersey","Mercer","rice_long grain",0
34021,"New Jersey","Mercer","soybeans",0
34021,"New Jersey","Mercer","sunflower",0
34021,"New Jersey","Mercer","wheat",0
34023,"New Jersey","Middlesex","corn",0
34023,"New Jersey","Middlesex","oats",0
34023,"New Jersey","Middlesex","soybeans",0
34023,"New Jersey","Middlesex","wheat",0
34025,"New Jersey","Monmouth","barley",0
34025,"New Jersey","Monmouth","corn",0
34025,"New Jersey","Monmouth","grain sorghum",0
34025,"New Jersey","Monmouth","oats",0
34025,"New Jersey","Monmouth","soybeans",0
34025,"New Jersey","Monmouth","wheat",0
34027,"New Jersey","Morris, Bergen, Essex, Hudson, Passaic","corn",1339.20804892167
34027,"New Jersey","Morris, Bergen, Essex, Hudson, Passaic","oats",3.65125917391387
34027,"New Jersey","Morris, Bergen, Essex, Hudson, Passaic","soybeans",555.08893709876
34027,"New Jersey","Morris, Bergen, Essex, Hudson, Passaic","wheat",46.3828548056611
34029,"New Jersey","Ocean","corn",0
34029,"New Jersey","Ocean","grain sorghum",0
34029,"New Jersey","Ocean","oats",0
34029,"New Jersey","Ocean","soybeans",0
34033,"New Jersey","Salem","barley",133.73583640336
34033,"New Jersey","Salem","corn",4995.5740263442
34033,"New Jersey","Salem","grain sorghum",23.4579027506232
34033,"New Jersey","Salem","oats",1.74852371580519
34033,"New Jersey","Salem","soybeans",6377.36092089332
34033,"New Jersey","Salem","wheat",1735.68712322602
34035,"New Jersey","Somerset, Union","barley",16.6548394177861
34035,"New Jersey","Somerset, Union","corn",1231.74306914383
34035,"New Jersey","Somerset, Union","dry peas",2.22064525570481
34035,"New Jersey","Somerset, Union","grain sorghum",191.441827494312
34035,"New Jersey","Somerset, Union","oats",214.738616871911
34035,"New Jersey","Somerset, Union","soybeans",2079.5721039004
34035,"New Jersey","Somerset, Union","wheat",626.241947916058
34037,"New Jersey","Sussex","barley",0
34037,"New Jersey","Sussex","corn",0
34037,"New Jersey","Sussex","oats",0
34037,"New Jersey","Sussex","soybeans",0
34037,"New Jersey","Sussex","sunflower",0
34037,"New Jersey","Sussex","wheat",0
34041,"New Jersey","Warren","barley",1.08250451696054
34041,"New Jersey","Warren","corn",327.436431367466
34041,"New Jersey","Warren","grain sorghum",6.98253066490176
34041,"New Jersey","Warren","oats",2.9202630262795
34041,"New Jersey","Warren","soybeans",194.627418744853
34041,"New Jersey","Warren","wheat",12.2036433462009
35005,"New Mexico","Chaves","barley",1735.55729271917
35005,"New Mexico","Chaves","canola",10.6463924428951
35005,"New Mexico","Chaves","corn",7114.43296505023
35005,"New Mexico","Chaves","cotton",634.141574783769
35005,"New Mexico","Chaves","grain sorghum",217.306574628583
35005,"New Mexico","Chaves","oats",194.809288491326
35005,"New Mexico","Chaves","soybeans",4.82282783370106
35005,"New Mexico","Chaves","wheat",4308.19834405032
35007,"New Mexico","Colfax","barley",0
35007,"New Mexico","Colfax","oats",0
35007,"New Mexico","Colfax","wheat",0
35009,"New Mexico","Curry","barley",0
35009,"New Mexico","Curry","canola",0
35009,"New Mexico","Curry","corn",0
35009,"New Mexico","Curry","cotton",0
35009,"New Mexico","Curry","grain sorghum",0
35009,"New Mexico","Curry","oats",0
35009,"New Mexico","Curry","soybeans",0
35009,"New Mexico","Curry","wheat",0
35011,"New Mexico","DeBaca","corn",0
35011,"New Mexico","DeBaca","grain sorghum",0
35011,"New Mexico","DeBaca","oats",0
35011,"New Mexico","DeBaca","wheat",0
35013,"New Mexico","Dona Ana","barley",304.363166657864
35013,"New Mexico","Dona Ana","corn",3919.73426817993
35013,"New Mexico","Dona Ana","cotton",14787.2661627129
35013,"New Mexico","Dona Ana","oats",454.781960442636
35013,"New Mexico","Dona Ana","wheat",3156.33614200667
35015,"New Mexico","Eddy","barley",0
35015,"New Mexico","Eddy","corn",0
35015,"New Mexico","Eddy","cotton",0
35015,"New Mexico","Eddy","oats",0
35015,"New Mexico","Eddy","wheat",0
35017,"New Mexico","Grant","oats",0.0465749914000687
35017,"New Mexico","Grant","wheat",0.777425008599929
35019,"New Mexico","Guadalupe","wheat",0
35021,"New Mexico","Harding","corn",0
35021,"New Mexico","Harding","cotton",0
35021,"New Mexico","Harding","oats",0
35021,"New Mexico","Harding","wheat",0
35023,"New Mexico","Hidalgo","barley",0
35023,"New Mexico","Hidalgo","corn",0
35023,"New Mexico","Hidalgo","cotton",0
35023,"New Mexico","Hidalgo","grain sorghum",0
35023,"New Mexico","Hidalgo","oats",0
35023,"New Mexico","Hidalgo","wheat",0
35025,"New Mexico","Lea","barley",419.699983048845
35025,"New Mexico","Lea","corn",2058.45866899786
35025,"New Mexico","Lea","cotton",5125.23361509456
35025,"New Mexico","Lea","grain sorghum",193.15009897151
35025,"New Mexico","Lea","oats",121.658694204661
35025,"New Mexico","Lea","peanuts",898.243576394261
35025,"New Mexico","Lea","sesame",39.1421776652937
35025,"New Mexico","Lea","wheat",2950.39369228968
35029,"New Mexico","Luna","barley",0
35029,"New Mexico","Luna","corn",0
35029,"New Mexico","Luna","cotton",0
35029,"New Mexico","Luna","grain sorghum",0
35029,"New Mexico","Luna","oats",0
35029,"New Mexico","Luna","soybeans",0
35029,"New Mexico","Luna","wheat",0
35033,"New Mexico","Mora","barley",6.80927116126458
35033,"New Mexico","Mora","oats",110.030306500244
35033,"New Mexico","Mora","wheat",233.842422338491
35035,"New Mexico","Otero","barley",0
35035,"New Mexico","Otero","wheat",0
35037,"New Mexico","Quay","barley",0
35037,"New Mexico","Quay","corn",0
35037,"New Mexico","Quay","cotton",0
35037,"New Mexico","Quay","dry peas",0
35037,"New Mexico","Quay","grain sorghum",0
35037,"New Mexico","Quay","oats",0
35037,"New Mexico","Quay","soybeans",0
35037,"New Mexico","Quay","wheat",0
35039,"New Mexico","Rio Arriba","oats",0
35039,"New Mexico","Rio Arriba","wheat",0
35041,"New Mexico","Roosevelt","barley",0
35041,"New Mexico","Roosevelt","corn",0
35041,"New Mexico","Roosevelt","cotton",0
35041,"New Mexico","Roosevelt","dry peas",0
35041,"New Mexico","Roosevelt","grain sorghum",0
35041,"New Mexico","Roosevelt","oats",0
35041,"New Mexico","Roosevelt","peanuts",0
35041,"New Mexico","Roosevelt","wheat",0
35045,"New Mexico","San Juan","barley",373.798629379438
35045,"New Mexico","San Juan","corn",9083.33559988777
35045,"New Mexico","San Juan","oats",249.714205415846
35045,"New Mexico","San Juan","wheat",2814.77416531694
35047,"New Mexico","San Miguel","wheat",205.196
35043,"New Mexico","Sandoval","barley",4.27977970906725
35043,"New Mexico","Sandoval","oats",3.03797834270577
35043,"New Mexico","Sandoval","wheat",52.324741948227
35049,"New Mexico","Santa Fe","corn",0
35049,"New Mexico","Santa Fe","oats",0
35049,"New Mexico","Santa Fe","wheat",0
35051,"New Mexico","Sierra","barley",94.3147575383405
35051,"New Mexico","Sierra","corn",610.605298209256
35051,"New Mexico","Sierra","cotton",253.421116507541
35051,"New Mexico","Sierra","oats",107.207994470114
35051,"New Mexico","Sierra","wheat",434.844333274749
35053,"New Mexico","Socorro","corn",1796.18576556685
35053,"New Mexico","Socorro","oats",171.968599989933
35053,"New Mexico","Socorro","soybeans",50.353366885377
35053,"New Mexico","Socorro","wheat",250.606767557842
35057,"New Mexico","Torrance","barley",0
35057,"New Mexico","Torrance","corn",0
35057,"New Mexico","Torrance","oats",0
35057,"New Mexico","Torrance","wheat",0
35059,"New Mexico","Union","corn",0
35059,"New Mexico","Union","cotton",0
35059,"New Mexico","Union","grain sorghum",0
35059,"New Mexico","Union","oats",0
35059,"New Mexico","Union","sunflower",0
35059,"New Mexico","Union","wheat",0
35061,"New Mexico","Valencia","corn",381.948093048665
35061,"New Mexico","Valencia","oats",240.121586736591
35061,"New Mexico","Valencia","wheat",78.2618202147448
36001,"New York","Albany","barley",0
36001,"New York","Albany","corn",0
36001,"New York","Albany","grain sorghum",0
36001,"New York","Albany","oats",0
36001,"New York","Albany","soybeans",0
36001,"New York","Albany","sunflower",0
36001,"New York","Albany","wheat",0
36003,"New York","Allegany","barley",1.5296226794715
36003,"New York","Allegany","corn",156.293806701144
36003,"New York","Allegany","dry peas",0.208533742058802
36003,"New York","Allegany","oats",9.06180607969505
36003,"New York","Allegany","soybeans",8.42432027565264
36003,"New York","Allegany","sunflower",0.0795934539380188
36003,"New York","Allegany","wheat",9.71355706803936
36007,"New York","Broome","barley",2.95235488496341
36007,"New York","Broome","corn",441.283998567832
36007,"New York","Broome","grain sorghum",0.274687700945217
36007,"New York","Broome","oats",13.8938903858776
36007,"New York","Broome","soybeans",53.2181242771737
36007,"New York","Broome","wheat",0.861357516541006
36009,"New York","Cattaraugus","barley",7.86049164010076
36009,"New York","Cattaraugus","corn",2902.34654187754
36009,"New York","Cattaraugus","grain sorghum",2.10562408551553
36009,"New York","Cattaraugus","oats",187.5257701752
36009,"New York","Cattaraugus","soybeans",635.786375852791
36009,"New York","Cattaraugus","sunflower",0.268883651207918
36009,"New York","Cattaraugus","wheat",209.148812717644
36011,"New York","Cayuga","barley",17.4984439209315
36011,"New York","Cayuga","corn",5216.87853729323
36011,"New York","Cayuga","grain sorghum",5.2509466208611
36011,"New York","Cayuga","oats",80.5779628099802
36011,"New York","Cayuga","soybeans",2547.89271076439
36011,"New York","Cayuga","sunflower",7.80080064617292
36011,"New York","Cayuga","wheat",503.414777944439
36013,"New York","Chautauqua","barley",14.5205205280614
36013,"New York","Chautauqua","corn",10918.911814158
36013,"New York","Chautauqua","oats",432.267969171661
36013,"New York","Chautauqua","soybeans",1758.39792133281
36013,"New York","Chautauqua","sunflower",2.1764743612588
36013,"New York","Chautauqua","wheat",427.00960711486
36015,"New York","Chemung","barley",0.0810148586027286
36015,"New York","Chemung","corn",134.270633555261
36015,"New York","Chemung","grain sorghum",0.651359463165938
36015,"New York","Chemung","oats",8.88050567827702
36015,"New York","Chemung","soybeans",35.7698138065144
36015,"New York","Chemung","sunflower",0.0285934795068454
36015,"New York","Chemung","wheat",2.64356249200621
36017,"New York","Chenango","barley",3.66293447658073
36017,"New York","Chenango","corn",2514.18976663662
36017,"New York","Chenango","oats",127.451109304178
36017,"New York","Chenango","soybeans",173.522450467877
36017,"New York","Chenango","sunflower",0.0410029978721723
36017,"New York","Chenango","wheat",12.0542601168751
36019,"New York","Clinton","corn",23962.88872422
36019,"New York","Clinton","grain sorghum",5.10651334613055
36019,"New York","Clinton","oats",293.026325839103
36019,"New York","Clinton","soybeans",949.650019291623
36019,"New York","Clinton","wheat",56.3613173031495
36021,"New York","Columbia","barley",0
36021,"New York","Columbia","corn",0
36021,"New York","Columbia","dry peas",0
36021,"New York","Columbia","oats",0
36021,"New York","Columbia","safflower",0
36021,"New York","Columbia","soybeans",0
36021,"New York","Columbia","sunflower",0
36021,"New York","Columbia","wheat",0
36023,"New York","Cortland","barley",7.36127147656728
36023,"New York","Cortland","corn",1683.76628771969
36023,"New York","Cortland","mustard",0.0020829857036127
36023,"New York","Cortland","oats",101.351002186402
36023,"New York","Cortland","rice_long grain",0.0520746425903175
36023,"New York","Cortland","soybeans",129.570251006095
36023,"New York","Cortland","sunflower",0.59816406122078
36023,"New York","Cortland","wheat",32.560815921733
36025,"New York","Delaware","barley",1.16885704058401
36025,"New York","Delaware","corn",324.92895213886
36025,"New York","Delaware","oats",17.2567256207111
36025,"New York","Delaware","soybeans",17.081512336521
36025,"New York","Delaware","wheat",0.153695863324657
36027,"New York","Dutchess","barley",0
36027,"New York","Dutchess","corn",0
36027,"New York","Dutchess","oats",0
36027,"New York","Dutchess","soybeans",0
36027,"New York","Dutchess","sunflower",0
36027,"New York","Dutchess","wheat",0
36029,"New York","Erie","barley",18.559529621541
36029,"New York","Erie","corn",5378.45885592204
36029,"New York","Erie","grain sorghum",4.63043701678364
36029,"New York","Erie","oats",333.016285586759
36029,"New York","Erie","soybeans",1845.60345216915
36029,"New York","Erie","sunflower",7.64241767969338
36029,"New York","Erie","wheat",414.616535337369
36031,"New York","Essex","barley",0
36031,"New York","Essex","corn",0
36031,"New York","Essex","oats",0
36031,"New York","Essex","soybeans",0
36031,"New York","Essex","sunflower",0
36031,"New York","Essex","wheat",0
36033,"New York","Franklin","barley",14.6540115319091
36033,"New York","Franklin","corn",6655.5985831606
36033,"New York","Franklin","oats",147.800106323362
36033,"New York","Franklin","soybeans",477.764291276585
36033,"New York","Franklin","sunflower",0.0888068088716388
36033,"New York","Franklin","wheat",13.1067008986689
36035,"New York","Fulton","corn",1932.92260845669
36035,"New York","Fulton","oats",71.9926654669885
36035,"New York","Fulton","soybeans",304.770053522989
36035,"New York","Fulton","sunflower",20.1095803868617
36035,"New York","Fulton","wheat",20.3118054998026
36037,"New York","Genesee","barley",23.9631144635751
36037,"New York","Genesee","corn",18004.9821821701
36037,"New York","Genesee","grain sorghum",31.4525525356673
36037,"New York","Genesee","oats",249.590476403895
36037,"New York","Genesee","soybeans",5537.98471086348
36037,"New York","Genesee","sunflower",7.80846600783233
36037,"New York","Genesee","wheat",2841.02609755548
36039,"New York","Greene","corn",0
36039,"New York","Greene","oats",0
36039,"New York","Greene","soybeans",0
36043,"New York","Herkimer","barley",3.32818278502813
36043,"New York","Herkimer","corn",1063.1065759829
36043,"New York","Herkimer","oats",40.9888666358361
36043,"New York","Herkimer","soybeans",144.559786760614
36043,"New York","Herkimer","sunflower",2.29892238950039
36043,"New York","Herkimer","wheat",30.8163321127874
36045,"New York","Jefferson","barley",10.8577031923469
36045,"New York","Jefferson","corn",3967.59196717787
36045,"New York","Jefferson","oats",89.2701351696593
36045,"New York","Jefferson","soybeans",965.572059560867
36045,"New York","Jefferson","wheat",294.619421565924
36049,"New York","Lewis","barley",102.365989866823
36049,"New York","Lewis","corn",18175.6270929073
36049,"New York","Lewis","oats",283.185727478903
36049,"New York","Lewis","soybeans",1125.45359949341
36049,"New York","Lewis","sunflower",0.737485878410011
36049,"New York","Lewis","wheat",145.476464375159
36051,"New York","Livingston","barley",17.1551173757904
36051,"New York","Livingston","corn",13978.7797976301
36051,"New York","Livingston","dry peas",6.41112683133431
36051,"New York","Livingston","grain sorghum",26.4282294439898
36051,"New York","Livingston","oats",281.349383027718
36051,"New York","Livingston","soybeans",5478.92337913907
36051,"New York","Livingston","sunflower",3.59672472310176
36051,"New York","Livingston","wheat",3332.80014182888
36053,"New York","Madison","barley",1.54239563752576
36053,"New York","Madison","corn",85.7702759486051
36053,"New York","Madison","grain sorghum",0.107436638500904
36053,"New York","Madison","oats",4.86124740992254
36053,"New York","Madison","rice_short/medium grain",0.006553012412376
36053,"New York","Madison","soybeans",15.7166728867061
36053,"New York","Madison","sunflower",0.12975783703056
36053,"New York","Madison","wheat",3.43231062930465
36055,"New York","Monroe","barley",14.6054095045262
36055,"New York","Monroe","corn",5818.69386149319
36055,"New York","Monroe","oats",56.7053677672198
36055,"New York","Monroe","soybeans",3863.09231111018
36055,"New York","Monroe","sunflower",2.3111768305174
36055,"New York","Monroe","wheat",2132.7048566277
36057,"New York","Montgomery","barley",13.9206819988161
36057,"New York","Montgomery","corn",4240.76156761831
36057,"New York","Montgomery","oats",176.759490401152
36057,"New York","Montgomery","soybeans",1112.19013888837
36057,"New York","Montgomery","sunflower",10.8409008574181
36057,"New York","Montgomery","wheat",45.6998202359344
36063,"New York","Niagara","barley",1.83702350664076
36063,"New York","Niagara","corn",1996.72122006504
36063,"New York","Niagara","dry peas",0.0588695243275359
36063,"New York","Niagara","oats",72.4985256436523
36063,"New York","Niagara","soybeans",1226.04885640554
36063,"New York","Niagara","sunflower",0.117739048655072
36063,"New York","Niagara","wheat",391.421112472813
36065,"New York","Oneida","barley",9.11800364610758
36065,"New York","Oneida","corn",5366.07668999106
36065,"New York","Oneida","grain sorghum",41.9659698693671
36065,"New York","Oneida","oats",195.654790669403
36065,"New York","Oneida","soybeans",1469.57875321004
36065,"New York","Oneida","sunflower",2.65827315609702
36065,"New York","Oneida","wheat",379.868419457925
36067,"New York","Onondaga","barley",0
36067,"New York","Onondaga","corn",0
36067,"New York","Onondaga","oats",0
36067,"New York","Onondaga","soybeans",0
36067,"New York","Onondaga","sunflower",0
36067,"New York","Onondaga","wheat",0
36069,"New York","Ontario","barley",0.743306407449289
36069,"New York","Ontario","corn",630.504998320364
36069,"New York","Ontario","grain sorghum",0.297239590956393
36069,"New York","Ontario","oats",16.5051021830068
36069,"New York","Ontario","soybeans",394.143415984038
36069,"New York","Ontario","sunflower",0.440581443839939
36069,"New York","Ontario","wheat",141.381592736995
36071,"New York","Orange, Rockland","barley",55.5142484891035
36071,"New York","Orange, Rockland","corn",7618.68094320359
36071,"New York","Orange, Rockland","oats",155.418877295418
36071,"New York","Orange, Rockland","soybeans",2885.20912051993
36071,"New York","Orange, Rockland","wheat",21.8942438252975
36073,"New York","Orleans","barley",82.6191736977094
36073,"New York","Orleans","corn",12255.8791320416
36073,"New York","Orleans","grain sorghum",18.6179473750343
36073,"New York","Orleans","oats",74.4000310760479
36073,"New York","Orleans","soybeans",6690.44880694234
36073,"New York","Orleans","sunflower",12.0690568224088
36073,"New York","Orleans","wheat",1659.60416537817
36075,"New York","Oswego","barley",4.23785093422092
36075,"New York","Oswego","corn",1906.13050914404
36075,"New York","Oswego","oats",44.5862160232133
36075,"New York","Oswego","soybeans",1533.28599777803
36075,"New York","Oswego","sunflower",2.93448186732478
36075,"New York","Oswego","wheat",65.9713909198378
36077,"New York","Otsego","barley",24.7062051303099
36077,"New York","Otsego","corn",9307.56549473842
36077,"New York","Otsego","oats",690.422297304312
36077,"New York","Otsego","soybeans",2192.79895427835
36077,"New York","Otsego","sunflower",59.6880626376112
36077,"New York","Otsego","wheat",117.74016391099
36083,"New York","Rensselaer","barley",0
36083,"New York","Rensselaer","corn",0
36083,"New York","Rensselaer","oats",0
36083,"New York","Rensselaer","soybeans",0
36083,"New York","Rensselaer","sunflower",0
36083,"New York","Rensselaer","wheat",0
36091,"New York","Saratoga","barley",11.4833463777331
36091,"New York","Saratoga","corn",1669.94774548813
36091,"New York","Saratoga","oats",83.5481624201797
36091,"New York","Saratoga","soybeans",154.191415129823
36091,"New York","Saratoga","sunflower",4.88750363679217
36091,"New York","Saratoga","wheat",1.81882694734188
36093,"New York","Schenectady","corn",21.6670857543559
36093,"New York","Schenectady","grain sorghum",1.58593318929531
36093,"New York","Schenectady","oats",1.72601359832906
36093,"New York","Schenectady","soybeans",8.01110081962128
36093,"New York","Schenectady","sunflower",0.0997833050651347
36095,"New York","Schoharie","barley",0
36095,"New York","Schoharie","corn",0
36095,"New York","Schoharie","grain sorghum",0
36095,"New York","Schoharie","oats",0
36095,"New York","Schoharie","soybeans",0
36095,"New York","Schoharie","wheat",0
36097,"New York","Schuyler","barley",0
36097,"New York","Schuyler","corn",0
36097,"New York","Schuyler","dry peas",0
36097,"New York","Schuyler","oats",0
36097,"New York","Schuyler","soybeans",0
36097,"New York","Schuyler","wheat",0
36099,"New York","Seneca","barley",0
36099,"New York","Seneca","corn",0
36099,"New York","Seneca","grain sorghum",0
36099,"New York","Seneca","oats",0
36099,"New York","Seneca","soybeans",0
36099,"New York","Seneca","sunflower",0
36099,"New York","Seneca","wheat",0
36089,"New York","St. Lawrence","barley",4.18646082735213
36089,"New York","St. Lawrence","corn",3018.0898466149
36089,"New York","St. Lawrence","grain sorghum",0.926218765035778
36089,"New York","St. Lawrence","oats",39.4394508086343
36089,"New York","St. Lawrence","soybeans",495.195520163112
36089,"New York","St. Lawrence","sunflower",0.000220756804101792
36089,"New York","St. Lawrence","wheat",3.1409853974918
36101,"New York","Steuben","barley",167.207851675813
36101,"New York","Steuben","corn",9940.83073858475
36101,"New York","Steuben","dry peas",20.9698537245483
36101,"New York","Steuben","grain sorghum",6.63975328352432
36101,"New York","Steuben","oats",1179.26874393743
36101,"New York","Steuben","soybeans",1492.24626216202
36101,"New York","Steuben","sunflower",8.53735928522917
36101,"New York","Steuben","wheat",842.355895680016
36103,"New York","Suffolk, Nassau","barley",26.7082872981538
36103,"New York","Suffolk, Nassau","corn",722.053705252334
36103,"New York","Suffolk, Nassau","grain sorghum",33.0183154083609
36103,"New York","Suffolk, Nassau","oats",46.548171473873
36103,"New York","Suffolk, Nassau","sunflower",14.8379373878632
36103,"New York","Suffolk, Nassau","wheat",230.453472179415
36105,"New York","Sullivan","corn",0
36105,"New York","Sullivan","oats",0
36105,"New York","Sullivan","soybeans",0
36107,"New York","Tioga","barley",0
36107,"New York","Tioga","corn",0
36107,"New York","Tioga","grain sorghum",0
36107,"New York","Tioga","oats",0
36107,"New York","Tioga","soybeans",0
36107,"New York","Tioga","wheat",0
36109,"New York","Tompkins","barley",0
36109,"New York","Tompkins","corn",0
36109,"New York","Tompkins","oats",0
36109,"New York","Tompkins","soybeans",0
36109,"New York","Tompkins","sunflower",0
36109,"New York","Tompkins","wheat",0
36111,"New York","Ulster","barley",0
36111,"New York","Ulster","corn",0
36111,"New York","Ulster","oats",0
36111,"New York","Ulster","soybeans",0
36111,"New York","Ulster","sunflower",0
36111,"New York","Ulster","wheat",0
36113,"New York","Warren","corn",43.118
36115,"New York","Washington","barley",0
36115,"New York","Washington","corn",0
36115,"New York","Washington","flaxseed",0
36115,"New York","Washington","oats",0
36115,"New York","Washington","soybeans",0
36115,"New York","Washington","sunflower",0
36115,"New York","Washington","wheat",0
36117,"New York","Wayne","barley",0
36117,"New York","Wayne","corn",0
36117,"New York","Wayne","dry peas",0
36117,"New York","Wayne","oats",0
36117,"New York","Wayne","soybeans",0
36117,"New York","Wayne","sunflower",0
36117,"New York","Wayne","wheat",0
36119,"New York","Westchester","corn",0
36119,"New York","Westchester","sunflower",0
36121,"New York","Wyoming","barley",21.9504772273292
36121,"New York","Wyoming","corn",28255.5702474799
36121,"New York","Wyoming","dry peas",15.2164981665955
36121,"New York","Wyoming","oats",706.32413408192
36121,"New York","Wyoming","soybeans",2100.06727332198
36121,"New York","Wyoming","sunflower",2.18634087423638
36121,"New York","Wyoming","wheat",2839.75912384799
36123,"New York","Yates","barley",1.93618181240831
36123,"New York","Yates","corn",99.6796960133198
36123,"New York","Yates","dry peas",0.0670861840680454
36123,"New York","Yates","lentils",0.165196277332167
36123,"New York","Yates","oats",3.99369851328537
36123,"New York","Yates","soybeans",50.9227204750187
36123,"New York","Yates","sunflower",0.414919766215914
36123,"New York","Yates","wheat",36.2631676250212
37001,"North Carolina","Alamance","barley",26.8118359324058
37001,"North Carolina","Alamance","corn",646.072491430474
37001,"North Carolina","Alamance","cotton",82.6589548564943
37001,"North Carolina","Alamance","grain sorghum",13.4973977878813
37001,"North Carolina","Alamance","oats",37.0328314184539
37001,"North Carolina","Alamance","soybeans",906.31946199987
37001,"North Carolina","Alamance","sunflower",1.34689040729323
37001,"North Carolina","Alamance","wheat",331.466636167122
37003,"North Carolina","Alexander","barley",114.725740461533
37003,"North Carolina","Alexander","corn",1099.56087672061
37003,"North Carolina","Alexander","oats",11.2431971882204
37003,"North Carolina","Alexander","soybeans",1245.75175634219
37003,"North Carolina","Alexander","wheat",804.187979287441
37005,"North Carolina","Alleghany","corn",168.644711090114
37005,"North Carolina","Alleghany","soybeans",3.52694354763688
37005,"North Carolina","Alleghany","wheat",10.6453120289153
37007,"North Carolina","Anson","barley",13.4880541979641
37007,"North Carolina","Anson","corn",3714.70425613387
37007,"North Carolina","Anson","cotton",1040.4672903298
37007,"North Carolina","Anson","dry peas",0.397477988554296
37007,"North Carolina","Anson","grain sorghum",226.846469565952
37007,"North Carolina","Anson","oats",56.7042098471559
37007,"North Carolina","Anson","rapeseed",17.9672095614074
37007,"North Carolina","Anson","sesame",148.468869033808
37007,"North Carolina","Anson","soybeans",5534.3035635043
37007,"North Carolina","Anson","sunflower",23.1621264239367
37007,"North Carolina","Anson","wheat",3686.94439341324
37009,"North Carolina","Ashe","corn",119.618710356061
37009,"North Carolina","Ashe","soybeans",7.07798308772102
37009,"North Carolina","Ashe","sunflower",0.00071655621810449
37011,"North Carolina","Avery","corn",107.2027
37013,"North Carolina","Beaufort","corn",0
37013,"North Carolina","Beaufort","cotton",0
37013,"North Carolina","Beaufort","grain sorghum",0
37013,"North Carolina","Beaufort","oats",0
37013,"North Carolina","Beaufort","peanuts",0
37013,"North Carolina","Beaufort","soybeans",0
37013,"North Carolina","Beaufort","sunflower",0
37013,"North Carolina","Beaufort","wheat",0
37015,"North Carolina","Bertie","barley",24.3982719522795
37015,"North Carolina","Bertie","corn",1447.25465703092
37015,"North Carolina","Bertie","cotton",3950.22245431584
37015,"North Carolina","Bertie","grain sorghum",15.2653640831224
37015,"North Carolina","Bertie","oats",0.830917760203056
37015,"North Carolina","Bertie","peanuts",1144.88618882546
37015,"North Carolina","Bertie","soybeans",3409.12815546315
37015,"North Carolina","Bertie","sunflower",12.3629236971549
37015,"North Carolina","Bertie","wheat",809.445233538537
37017,"North Carolina","Bladen","barley",0
37017,"North Carolina","Bladen","canola",0
37017,"North Carolina","Bladen","corn",0
37017,"North Carolina","Bladen","cotton",0
37017,"North Carolina","Bladen","grain sorghum",0
37017,"North Carolina","Bladen","oats",0
37017,"North Carolina","Bladen","peanuts",0
37017,"North Carolina","Bladen","rapeseed",0
37017,"North Carolina","Bladen","rice_long grain",0
37017,"North Carolina","Bladen","rice_short/medium grain",0
37017,"North Carolina","Bladen","sesame",0
37017,"North Carolina","Bladen","soybeans",0
37017,"North Carolina","Bladen","sunflower",0
37017,"North Carolina","Bladen","wheat",0
37019,"North Carolina","Brunswick","corn",0
37019,"North Carolina","Brunswick","cotton",0
37019,"North Carolina","Brunswick","grain sorghum",0
37019,"North Carolina","Brunswick","oats",0
37019,"North Carolina","Brunswick","peanuts",0
37019,"North Carolina","Brunswick","soybeans",0
37019,"North Carolina","Brunswick","sunflower",0
37019,"North Carolina","Brunswick","wheat",0
37021,"North Carolina","Buncombe","barley",0
37021,"North Carolina","Buncombe","canola",0
37021,"North Carolina","Buncombe","corn",0
37021,"North Carolina","Buncombe","soybeans",0
37021,"North Carolina","Buncombe","sunflower",0
37021,"North Carolina","Buncombe","wheat",0
37023,"North Carolina","Burke","corn",289.791824141207
37023,"North Carolina","Burke","grain sorghum",6.32619999009054
37023,"North Carolina","Burke","oats",15.4451910351856
37023,"North Carolina","Burke","soybeans",404.769228353818
37023,"North Carolina","Burke","sunflower",1.8035219269995
37023,"North Carolina","Burke","wheat",139.095081219366
37025,"North Carolina","Cabarrus","barley",66.4748279165909
37025,"North Carolina","Cabarrus","corn",600.836434698031
37025,"North Carolina","Cabarrus","cotton",96.0709947761887
37025,"North Carolina","Cabarrus","grain sorghum",7.7054103600015
37025,"North Carolina","Cabarrus","oats",34.6175330237746
37025,"North Carolina","Cabarrus","safflower",0.455305222140386
37025,"North Carolina","Cabarrus","soybeans",758.42434192523
37025,"North Carolina","Cabarrus","sunflower",1.58308165575692
37025,"North Carolina","Cabarrus","wheat",419.939820422285
37027,"North Carolina","Caldwell","barley",22.736132618753
37027,"North Carolina","Caldwell","corn",762.757642308271
37027,"North Carolina","Caldwell","soybeans",722.851712677056
37027,"North Carolina","Caldwell","wheat",418.575179062587
37029,"North Carolina","Camden","corn",0
37029,"North Carolina","Camden","cotton",0
37029,"North Carolina","Camden","grain sorghum",0
37029,"North Carolina","Camden","oats",0
37029,"North Carolina","Camden","soybeans",0
37029,"North Carolina","Camden","sunflower",0
37029,"North Carolina","Camden","wheat",0
37031,"North Carolina","Carteret","corn",0
37031,"North Carolina","Carteret","cotton",0
37031,"North Carolina","Carteret","grain sorghum",0
37031,"North Carolina","Carteret","oats",0
37031,"North Carolina","Carteret","peanuts",0
37031,"North Carolina","Carteret","soybeans",0
37031,"North Carolina","Carteret","sunflower",0
37031,"North Carolina","Carteret","wheat",0
37033,"North Carolina","Caswell","barley",0
37033,"North Carolina","Caswell","corn",0
37033,"North Carolina","Caswell","grain sorghum",0
37033,"North Carolina","Caswell","oats",0
37033,"North Carolina","Caswell","soybeans",0
37033,"North Carolina","Caswell","sunflower",0
37033,"North Carolina","Caswell","wheat",0
37035,"North Carolina","Catawba","barley",38.1441551942534
37035,"North Carolina","Catawba","canola",62.4732579389682
37035,"North Carolina","Catawba","corn",1668.30873782064
37035,"North Carolina","Catawba","grain sorghum",6.72233556616104
37035,"North Carolina","Catawba","oats",41.9667634801425
37035,"North Carolina","Catawba","rapeseed",61.8075956637866
37035,"North Carolina","Catawba","soybeans",2807.56343666824
37035,"North Carolina","Catawba","sunflower",1.25281053841874
37035,"North Carolina","Catawba","wheat",1123.50205712938
37037,"North Carolina","Chatham","barley",33.754825123209
37037,"North Carolina","Chatham","corn",357.180133217461
37037,"North Carolina","Chatham","grain sorghum",8.2551853369515
37037,"North Carolina","Chatham","oats",23.1158431562682
37037,"North Carolina","Chatham","soybeans",300.90219326821
37037,"North Carolina","Chatham","sunflower",0.281929177635145
37037,"North Carolina","Chatham","wheat",104.029730720265
37039,"North Carolina","Cherokee","barley",53.9949728444452
37039,"North Carolina","Cherokee","corn",392.63029370175
37039,"North Carolina","Cherokee","soybeans",139.095752914735
37039,"North Carolina","Cherokee","wheat",53.6024805390697
37041,"North Carolina","Chowan","barley",12.3136944811524
37041,"North Carolina","Chowan","corn",625.197295986425
37041,"North Carolina","Chowan","cotton",2106.74957230818
37041,"North Carolina","Chowan","grain sorghum",62.9039599019143
37041,"North Carolina","Chowan","oats",5.66185268720126
37041,"North Carolina","Chowan","peanuts",708.251915845222
37041,"North Carolina","Chowan","soybeans",2659.15099970887
37041,"North Carolina","Chowan","sunflower",3.8948826469767
37041,"North Carolina","Chowan","wheat",624.44799310072
37043,"North Carolina","Clay","corn",0
37043,"North Carolina","Clay","soybeans",0
37045,"North Carolina","Cleveland","barley",28.2581077018482
37045,"North Carolina","Cleveland","corn",1082.82344063167
37045,"North Carolina","Cleveland","cotton",14.6720890253411
37045,"North Carolina","Cleveland","grain sorghum",20.698333362191
37045,"North Carolina","Cleveland","oats",45.8071030016949
37045,"North Carolina","Cleveland","soybeans",2339.93707059823
37045,"North Carolina","Cleveland","sunflower",0.249327444635909
37045,"North Carolina","Cleveland","wheat",1104.29252823438
37047,"North Carolina","Columbus","corn",3069.99658395255
37047,"North Carolina","Columbus","cotton",334.991178933684
37047,"North Carolina","Columbus","dry peas",0.168118573599231
37047,"North Carolina","Columbus","grain sorghum",38.0960798254429
37047,"North Carolina","Columbus","oats",55.5394711131847
37047,"North Carolina","Columbus","peanuts",382.767600215585
37047,"North Carolina","Columbus","sesame",1.13778046875959
37047,"North Carolina","Columbus","soybeans",4520.16602533094
37047,"North Carolina","Columbus","sunflower",6.48646014533554
37047,"North Carolina","Columbus","wheat",643.012521440908
37049,"North Carolina","Craven","corn",0
37049,"North Carolina","Craven","cotton",0
37049,"North Carolina","Craven","grain sorghum",0
37049,"North Carolina","Craven","oats",0
37049,"North Carolina","Craven","peanuts",0
37049,"North Carolina","Craven","soybeans",0
37049,"North Carolina","Craven","sunflower",0
37049,"North Carolina","Craven","wheat",0
37051,"North Carolina","Cumberland","corn",0
37051,"North Carolina","Cumberland","cotton",0
37051,"North Carolina","Cumberland","dry peas",0
37051,"North Carolina","Cumberland","grain sorghum",0
37051,"North Carolina","Cumberland","mustard",0
37051,"North Carolina","Cumberland","oats",0
37051,"North Carolina","Cumberland","peanuts",0
37051,"North Carolina","Cumberland","rapeseed",0
37051,"North Carolina","Cumberland","soybeans",0
37051,"North Carolina","Cumberland","sunflower",0
37051,"North Carolina","Cumberland","wheat",0
37053,"North Carolina","Currituck","barley",0
37053,"North Carolina","Currituck","corn",0
37053,"North Carolina","Currituck","grain sorghum",0
37053,"North Carolina","Currituck","oats",0
37053,"North Carolina","Currituck","peanuts",0
37053,"North Carolina","Currituck","rapeseed",0
37053,"North Carolina","Currituck","soybeans",0
37053,"North Carolina","Currituck","sunflower",0
37053,"North Carolina","Currituck","wheat",0
37055,"North Carolina","Dare","corn",77.8573622107694
37055,"North Carolina","Dare","rice_long grain",14.4962294673012
37055,"North Carolina","Dare","rice_short/medium grain",4.62805093316546
37055,"North Carolina","Dare","soybeans",159.25606384388
37055,"North Carolina","Dare","wheat",43.4187935448836
37057,"North Carolina","Davidson","barley",48.622427764046
37057,"North Carolina","Davidson","corn",2256.14560811966
37057,"North Carolina","Davidson","cotton",208.109251711507
37057,"North Carolina","Davidson","grain sorghum",38.7716276479041
37057,"North Carolina","Davidson","oats",108.79476010344
37057,"North Carolina","Davidson","soybeans",3740.32176530513
37057,"North Carolina","Davidson","sunflower",0.955370719498411
37057,"North Carolina","Davidson","wheat",985.180155295479
37059,"North Carolina","Davie","barley",111.028627875475
37059,"North Carolina","Davie","corn",2165.95782918355
37059,"North Carolina","Davie","grain sorghum",77.0100288568467
37059,"North Carolina","Davie","oats",3.96866599440832
37059,"North Carolina","Davie","soybeans",2769.11447178965
37059,"North Carolina","Davie","sunflower",2.42085427700814
37059,"North Carolina","Davie","wheat",808.867855356391
37061,"North Carolina","Duplin","barley",2.1442575183525
37061,"North Carolina","Duplin","corn",4298.59104484437
37061,"North Carolina","Duplin","cotton",362.582028514822
37061,"North Carolina","Duplin","grain sorghum",66.2422071409937
37061,"North Carolina","Duplin","oats",71.2337793115507
37061,"North Carolina","Duplin","peanuts",439.38496612615
37061,"North Carolina","Duplin","soybeans",5149.34814517216
37061,"North Carolina","Duplin","sunflower",0.512943772731722
37061,"North Carolina","Duplin","wheat",1795.95782759887
37063,"North Carolina","Durham","corn",0
37063,"North Carolina","Durham","cotton",0
37063,"North Carolina","Durham","oats",0
37063,"North Carolina","Durham","soybeans",0
37063,"North Carolina","Durham","wheat",0
37065,"North Carolina","Edgecombe","corn",1061.21670190993
37065,"North Carolina","Edgecombe","cotton",3030.71330298562
37065,"North Carolina","Edgecombe","grain sorghum",7.8589499839756
37065,"North Carolina","Edgecombe","oats",24.8821659932138
37065,"North Carolina","Edgecombe","peanuts",796.569782518933
37065,"North Carolina","Edgecombe","soybeans",4344.86126637588
37065,"North Carolina","Edgecombe","sunflower",4.27791214448504
37065,"North Carolina","Edgecombe","wheat",1014.02108475464
37067,"North Carolina","Forsyth","barley",22.5564248441067
37067,"North Carolina","Forsyth","corn",513.634976041897
37067,"North Carolina","Forsyth","grain sorghum",7.12345936334834
37067,"North Carolina","Forsyth","oats",3.43722810282153
37067,"North Carolina","Forsyth","soybeans",1620.0124929338
37067,"North Carolina","Forsyth","sunflower",7.00244464914231
37067,"North Carolina","Forsyth","wheat",265.508334064887
37069,"North Carolina","Franklin","barley",3.65812971411326
37069,"North Carolina","Franklin","canola",35.8563928500815
37069,"North Carolina","Franklin","corn",515.724833361137
37069,"North Carolina","Franklin","cotton",36.3407654177396
37069,"North Carolina","Franklin","grain sorghum",40.7650600237784
37069,"North Carolina","Franklin","oats",82.2221399499411
37069,"North Carolina","Franklin","peanuts",0.20682005450817
37069,"North Carolina","Franklin","soybeans",3744.15072482441
37069,"North Carolina","Franklin","sunflower",1.9756485706893
37069,"North Carolina","Franklin","wheat",1424.05038523361
37071,"North Carolina","Gaston","barley",147.174676922149
37071,"North Carolina","Gaston","corn",389.041916134312
37071,"North Carolina","Gaston","oats",24.7200822762801
37071,"North Carolina","Gaston","soybeans",722.535717589374
37071,"North Carolina","Gaston","sunflower",1.33559428777609
37071,"North Carolina","Gaston","wheat",355.886546123443
37073,"North Carolina","Gates","corn",792.727054892644
37073,"North Carolina","Gates","cotton",2537.03264037411
37073,"North Carolina","Gates","grain sorghum",7.87788433334264
37073,"North Carolina","Gates","oats",11.6589534339352
37073,"North Carolina","Gates","peanuts",609.944516076598
37073,"North Carolina","Gates","rapeseed",62.679824516103
37073,"North Carolina","Gates","sesame",2.93376197126623
37073,"North Carolina","Gates","soybeans",3723.21788156091
37073,"North Carolina","Gates","sunflower",9.05578976480603
37073,"North Carolina","Gates","wheat",1118.55285974295
37075,"North Carolina","Graham","corn",0
37077,"North Carolina","Granville","corn",36.2285760191945
37077,"North Carolina","Granville","grain sorghum",1.69800220067166
37077,"North Carolina","Granville","oats",1.948300006827
37077,"North Carolina","Granville","soybeans",123.443774249732
37077,"North Carolina","Granville","wheat",54.0770141902423
37079,"North Carolina","Greene","corn",1024.48036624175
37079,"North Carolina","Greene","cotton",736.864849049011
37079,"North Carolina","Greene","dry peas",2.69113476665719
37079,"North Carolina","Greene","grain sorghum",17.6707298996823
37079,"North Carolina","Greene","oats",15.2232091564373
37079,"North Carolina","Greene","peanuts",431.214781305567
37079,"North Carolina","Greene","sesame",8.40646201227162
37079,"North Carolina","Greene","soybeans",2863.78651453579
37079,"North Carolina","Greene","sunflower",0.877366125194039
37079,"North Carolina","Greene","wheat",744.244753574306
37081,"North Carolina","Guilford","barley",87.4690439543408
37081,"North Carolina","Guilford","corn",1049.73713592939
37081,"North Carolina","Guilford","grain sorghum",56.237695813554
37081,"North Carolina","Guilford","oats",59.8979523436683
37081,"North Carolina","Guilford","soybeans",2049.94013261635
37081,"North Carolina","Guilford","sunflower",1.25352284216979
37081,"North Carolina","Guilford","wheat",881.532396500534
37083,"North Carolina","Halifax","barley",41.5582491967382
37083,"North Carolina","Halifax","corn",903.640620146729
37083,"North Carolina","Halifax","cotton",5629.37290937763
37083,"North Carolina","Halifax","grain sorghum",12.8498162777482
37083,"North Carolina","Halifax","oats",10.9179484323606
37083,"North Carolina","Halifax","peanuts",1025.47699182723
37083,"North Carolina","Halifax","soybeans",3916.30682912483
37083,"North Carolina","Halifax","sunflower",8.12059629075027
37083,"North Carolina","Halifax","wheat",567.167659325983
37085,"North Carolina","Harnett","barley",11.7894934042279
37085,"North Carolina","Harnett","corn",802.340209917632
37085,"North Carolina","Harnett","cotton",784.035725517863
37085,"North Carolina","Harnett","dry peas",0.0169249852672528
37085,"North Carolina","Harnett","grain sorghum",12.1891487230053
37085,"North Carolina","Harnett","oats",32.0613380914624
37085,"North Carolina","Harnett","peanuts",124.126262284741
37085,"North Carolina","Harnett","rapeseed",29.923373952503
37085,"North Carolina","Harnett","soybeans",2695.11682630619
37085,"North Carolina","Harnett","sunflower",3.07831632040794
37085,"North Carolina","Harnett","wheat",748.447220496705
37087,"North Carolina","Haywood","corn",631.33551858624
37087,"North Carolina","Haywood","oats",1.29344643945525
37087,"North Carolina","Haywood","soybeans",43.501190651759
37087,"North Carolina","Haywood","wheat",100.581844322546
37089,"North Carolina","Henderson","chickpeas_large",0.00867204279989389
37089,"North Carolina","Henderson","corn",616.774415540901
37089,"North Carolina","Henderson","dry peas",0.0158987451331388
37089,"North Carolina","Henderson","soybeans",106.725674465921
37089,"North Carolina","Henderson","sunflower",1.73007253857883
37091,"North Carolina","Hertford","corn",954.477422482209
37091,"North Carolina","Hertford","cotton",1739.49386888074
37091,"North Carolina","Hertford","grain sorghum",22.4121357299605
37091,"North Carolina","Hertford","peanuts",494.660727192536
37091,"North Carolina","Hertford","soybeans",1441.30584048611
37091,"North Carolina","Hertford","sunflower",11.3468143373668
37091,"North Carolina","Hertford","wheat",320.527857557733
37093,"North Carolina","Hoke","corn",115.556887147783
37093,"North Carolina","Hoke","cotton",88.5810192736012
37093,"North Carolina","Hoke","oats",1.96845627148459
37093,"North Carolina","Hoke","peanuts",7.36991612601935
37093,"North Carolina","Hoke","rapeseed",1.93718722525725
37093,"North Carolina","Hoke","sesame",0.568232927287997
37093,"North Carolina","Hoke","soybeans",147.613374330526
37093,"North Carolina","Hoke","sunflower",0.0687291254910245
37093,"North Carolina","Hoke","wheat",53.9845309058809
37095,"North Carolina","Hyde","corn",2063.61203683552
37095,"North Carolina","Hyde","cotton",866.878263735206
37095,"North Carolina","Hyde","grain sorghum",3.3417411230608
37095,"North Carolina","Hyde","oats",16.4029085862466
37095,"North Carolina","Hyde","rapeseed",25.8198418267998
37095,"North Carolina","Hyde","soybeans",2220.5668957247
37095,"North Carolina","Hyde","sunflower",0.817906099327636
37095,"North Carolina","Hyde","wheat",502.318572735827
37097,"North Carolina","Iredell","barley",1023.75842163734
37097,"North Carolina","Iredell","canola",846.259780427639
37097,"North Carolina","Iredell","corn",10684.1850958654
37097,"North Carolina","Iredell","cotton",720.217068244261
37097,"North Carolina","Iredell","grain sorghum",75.6952732480394
37097,"North Carolina","Iredell","oats",258.338150394532
37097,"North Carolina","Iredell","rapeseed",791.14224531504
37097,"North Carolina","Iredell","soybeans",8957.3500157586
37097,"North Carolina","Iredell","sunflower",2.7392699316692
37097,"North Carolina","Iredell","wheat",4816.88359251085
37099,"North Carolina","Jackson","corn",61.9523
37101,"North Carolina","Johnston","barley",2.67164699269806
37101,"North Carolina","Johnston","corn",248.991936923819
37101,"North Carolina","Johnston","cotton",189.609876109058
37101,"North Carolina","Johnston","dry peas",0.0845857995074201
37101,"North Carolina","Johnston","grain sorghum",10.1753405619545
37101,"North Carolina","Johnston","oats",22.3938044533634
37101,"North Carolina","Johnston","peanuts",80.8046035574824
37101,"North Carolina","Johnston","sesame",5.45473050844825
37101,"North Carolina","Johnston","soybeans",1453.14643248383
37101,"North Carolina","Johnston","sunflower",2.0378254288446
37101,"North Carolina","Johnston","wheat",290.15638384766
37103,"North Carolina","Jones","corn",1790.20359004834
37103,"North Carolina","Jones","cotton",1105.20571871997
37103,"North Carolina","Jones","grain sorghum",21.1072827052404
37103,"North Carolina","Jones","oats",10.9913591567544
37103,"North Carolina","Jones","peanuts",43.0501745480857
37103,"North Carolina","Jones","soybeans",2558.02857241525
37103,"North Carolina","Jones","sunflower",1.16417752057749
37103,"North Carolina","Jones","wheat",573.111624885787
37105,"North Carolina","Lee","corn",464.233276486795
37105,"North Carolina","Lee","cotton",91.4913564235223
37105,"North Carolina","Lee","grain sorghum",28.1011646854975
37105,"North Carolina","Lee","oats",94.122435000724
37105,"North Carolina","Lee","soybeans",1208.08781192318
37105,"North Carolina","Lee","sunflower",3.71922776801185
37105,"North Carolina","Lee","wheat",385.848811045605
37107,"North Carolina","Lenoir","corn",720.848408602241
37107,"North Carolina","Lenoir","cotton",298.784940555956
37107,"North Carolina","Lenoir","grain sorghum",9.89992544135305
37107,"North Carolina","Lenoir","oats",2.72611395758037
37107,"North Carolina","Lenoir","peanuts",67.176637389283
37107,"North Carolina","Lenoir","soybeans",1174.48372373327
37107,"North Carolina","Lenoir","sunflower",0.964228077261845
37107,"North Carolina","Lenoir","wheat",289.956022243069
37109,"North Carolina","Lincoln","barley",322.504766534646
37109,"North Carolina","Lincoln","corn",1277.2589830395
37109,"North Carolina","Lincoln","cotton",48.4116399961708
37109,"North Carolina","Lincoln","grain sorghum",1.97721636423514
37109,"North Carolina","Lincoln","oats",50.6033340677128
37109,"North Carolina","Lincoln","soybeans",2207.5178346414
37109,"North Carolina","Lincoln","sunflower",1.59015112682978
37109,"North Carolina","Lincoln","wheat",1211.71057422951
37113,"North Carolina","Macon","corn",71.356532345937
37113,"North Carolina","Macon","soybeans",9.92763432072958
37115,"North Carolina","Madison","corn",71.8662419852141
37115,"North Carolina","Madison","grain sorghum",0.601191348119213
37117,"North Carolina","Martin","corn",747.395433010888
37117,"North Carolina","Martin","cotton",4099.66683175834
37117,"North Carolina","Martin","grain sorghum",22.867339368895
37117,"North Carolina","Martin","oats",8.0561998589725
37117,"North Carolina","Martin","peanuts",1094.3533487223
37117,"North Carolina","Martin","sesame",7.74146353047144
37117,"North Carolina","Martin","soybeans",2667.96308679452
37117,"North Carolina","Martin","sunflower",2.22903742446163
37117,"North Carolina","Martin","wheat",694.070759531142
37111,"North Carolina","McDowell","corn",0
37111,"North Carolina","McDowell","grain sorghum",0
37111,"North Carolina","McDowell","oats",0
37111,"North Carolina","McDowell","rice_short/medium grain",0
37111,"North Carolina","McDowell","soybeans",0
37111,"North Carolina","McDowell","sunflower",0
37119,"North Carolina","Mecklenburg","corn",63.4174324784069
37119,"North Carolina","Mecklenburg","dry peas",0.00848718472598304
37119,"North Carolina","Mecklenburg","oats",1.9529012054487
37119,"North Carolina","Mecklenburg","soybeans",80.9273432865825
37119,"North Carolina","Mecklenburg","wheat",50.5936358448356
37121,"North Carolina","Mitchell","corn",21.89
37123,"North Carolina","Montgomery","corn",637.057021588218
37123,"North Carolina","Montgomery","cotton",419.65996195316
37123,"North Carolina","Montgomery","oats",10.959660674587
37123,"North Carolina","Montgomery","sesame",12.8559069496621
37123,"North Carolina","Montgomery","soybeans",366.199591182058
37123,"North Carolina","Montgomery","wheat",106.168670985649
37125,"North Carolina","Moore","corn",1656.07509968777
37125,"North Carolina","Moore","cotton",138.826152326906
37125,"North Carolina","Moore","grain sorghum",129.510355441149
37125,"North Carolina","Moore","oats",46.0710599393555
37125,"North Carolina","Moore","sesame",29.5000234715668
37125,"North Carolina","Moore","soybeans",2103.67662975857
37125,"North Carolina","Moore","sunflower",2.46458814759519
37125,"North Carolina","Moore","wheat",1109.87619122709
37127,"North Carolina","Nash","corn",46.2084502122113
37127,"North Carolina","Nash","cotton",108.8671587704
37127,"North Carolina","Nash","grain sorghum",2.45446440885466
37127,"North Carolina","Nash","oats",0.249309016927766
37127,"North Carolina","Nash","peanuts",39.6990797015184
37127,"North Carolina","Nash","rapeseed",2.16369826789265
37127,"North Carolina","Nash","sesame",1.81159584996262
37127,"North Carolina","Nash","soybeans",329.936119274928
37127,"North Carolina","Nash","sunflower",1.78389021193082
37127,"North Carolina","Nash","wheat",42.7068342853705
37129,"North Carolina","New Hanover","corn",43.8376797044508
37129,"North Carolina","New Hanover","soybeans",49.506353320468
37129,"North Carolina","New Hanover","wheat",25.3364003084144
37131,"North Carolina","Northampton","barley",51.2777395756314
37131,"North Carolina","Northampton","corn",2398.51840166761
37131,"North Carolina","Northampton","cotton",6753.78742379475
37131,"North Carolina","Northampton","grain sorghum",67.1917312795315
37131,"North Carolina","Northampton","oats",24.3455450155175
37131,"North Carolina","Northampton","peanuts",1364.26451106296
37131,"North Carolina","Northampton","sesame",7.18375367094876
37131,"North Carolina","Northampton","soybeans",6123.8344424565
37131,"North Carolina","Northampton","sunflower",6.85118978189054
37131,"North Carolina","Northampton","wheat",1507.66792836132
37133,"North Carolina","Onslow","corn",0
37133,"North Carolina","Onslow","cotton",0
37133,"North Carolina","Onslow","grain sorghum",0
37133,"North Carolina","Onslow","oats",0
37133,"North Carolina","Onslow","peanuts",0
37133,"North Carolina","Onslow","soybeans",0
37133,"North Carolina","Onslow","wheat",0
37135,"North Carolina","Orange","barley",0
37135,"North Carolina","Orange","corn",0
37135,"North Carolina","Orange","cotton",0
37135,"North Carolina","Orange","grain sorghum",0
37135,"North Carolina","Orange","oats",0
37135,"North Carolina","Orange","soybeans",0
37135,"North Carolina","Orange","sunflower",0
37135,"North Carolina","Orange","wheat",0
37137,"North Carolina","Pamlico","barley",0
37137,"North Carolina","Pamlico","corn",0
37137,"North Carolina","Pamlico","cotton",0
37137,"North Carolina","Pamlico","grain sorghum",0
37137,"North Carolina","Pamlico","rice_short/medium grain",0
37137,"North Carolina","Pamlico","soybeans",0
37137,"North Carolina","Pamlico","sunflower",0
37137,"North Carolina","Pamlico","wheat",0
37139,"North Carolina","Pasquotank","corn",0
37139,"North Carolina","Pasquotank","cotton",0
37139,"North Carolina","Pasquotank","grain sorghum",0
37139,"North Carolina","Pasquotank","oats",0
37139,"North Carolina","Pasquotank","rapeseed",0
37139,"North Carolina","Pasquotank","soybeans",0
37139,"North Carolina","Pasquotank","sunflower",0
37139,"North Carolina","Pasquotank","wheat",0
37141,"North Carolina","Pender","corn",0
37141,"North Carolina","Pender","cotton",0
37141,"North Carolina","Pender","grain sorghum",0
37141,"North Carolina","Pender","oats",0
37141,"North Carolina","Pender","peanuts",0
37141,"North Carolina","Pender","soybeans",0
37141,"North Carolina","Pender","sunflower",0
37141,"North Carolina","Pender","wheat",0
37143,"North Carolina","Perquimans","barley",23.0439345350777
37143,"North Carolina","Perquimans","corn",1864.25284779312
37143,"North Carolina","Perquimans","cotton",1406.17507882917
37143,"North Carolina","Perquimans","grain sorghum",68.8628381926667
37143,"North Carolina","Perquimans","oats",13.6169578227237
37143,"North Carolina","Perquimans","peanuts",155.416402479289
37143,"North Carolina","Perquimans","rapeseed",9.82314435782997
37143,"North Carolina","Perquimans","soybeans",5734.38820190214
37143,"North Carolina","Perquimans","sunflower",0.145151576070112
37143,"North Carolina","Perquimans","wheat",2036.7561091786
37145,"North Carolina","Person","barley",27.0392971555871
37145,"North Carolina","Person","corn",941.238951104667
37145,"North Carolina","Person","grain sorghum",29.266251742149
37145,"North Carolina","Person","oats",17.0340612847115
37145,"North Carolina","Person","rapeseed",106.893820154972
37145,"North Carolina","Person","soybeans",3619.25622994161
37145,"North Carolina","Person","sunflower",0.401494216327268
37145,"North Carolina","Person","wheat",2343.72784106664
37147,"North Carolina","Pitt","barley",4.54487924856205
37147,"North Carolina","Pitt","corn",1906.65146219228
37147,"North Carolina","Pitt","cotton",1844.15495303546
37147,"North Carolina","Pitt","grain sorghum",32.3631991756154
37147,"North Carolina","Pitt","oats",3.67845382872084
37147,"North Carolina","Pitt","peanuts",832.735962822454
37147,"North Carolina","Pitt","sesame",7.57479874760341
37147,"North Carolina","Pitt","soybeans",5736.6434051798
37147,"North Carolina","Pitt","sunflower",0.705884909071102
37147,"North Carolina","Pitt","wheat",1079.56216752713
37149,"North Carolina","Polk","corn",0
37149,"North Carolina","Polk","dry peas",0
37149,"North Carolina","Polk","oats",0
37149,"North Carolina","Polk","soybeans",0
37149,"North Carolina","Polk","sunflower",0
37151,"North Carolina","Randolph","barley",590.569675441001
37151,"North Carolina","Randolph","corn",3697.61343667803
37151,"North Carolina","Randolph","cotton",91.8821380807858
37151,"North Carolina","Randolph","grain sorghum",173.081699303153
37151,"North Carolina","Randolph","oats",263.496164512912
37151,"North Carolina","Randolph","soybeans",4131.42240963378
37151,"North Carolina","Randolph","sunflower",1.07143372151634
37151,"North Carolina","Randolph","wheat",1814.02070929549
37153,"North Carolina","Richmond","corn",912.79173613638
37153,"North Carolina","Richmond","cotton",590.660769646
37153,"North Carolina","Richmond","grain sorghum",171.837906422694
37153,"North Carolina","Richmond","oats",7.02984843029019
37153,"North Carolina","Richmond","peanuts",33.9194956582174
37153,"North Carolina","Richmond","soybeans",820.783456407233
37153,"North Carolina","Richmond","sunflower",4.01653590180681
37153,"North Carolina","Richmond","wheat",371.237918064045
37155,"North Carolina","Robeson","barley",0
37155,"North Carolina","Robeson","canola",0
37155,"North Carolina","Robeson","corn",0
37155,"North Carolina","Robeson","cotton",0
37155,"North Carolina","Robeson","dry peas",0
37155,"North Carolina","Robeson","grain sorghum",0
37155,"North Carolina","Robeson","oats",0
37155,"North Carolina","Robeson","peanuts",0
37155,"North Carolina","Robeson","rapeseed",0
37155,"North Carolina","Robeson","soybeans",0
37155,"North Carolina","Robeson","sunflower",0
37155,"North Carolina","Robeson","wheat",0
37157,"North Carolina","Rockingham","barley",12.2964470295625
37157,"North Carolina","Rockingham","corn",292.978779509012
37157,"North Carolina","Rockingham","dry peas",0.0489671985439497
37157,"North Carolina","Rockingham","grain sorghum",1.64627721504759
37157,"North Carolina","Rockingham","oats",8.0067245683183
37157,"North Carolina","Rockingham","soybeans",729.519004102794
37157,"North Carolina","Rockingham","sunflower",1.14622418351677
37157,"North Carolina","Rockingham","wheat",385.585349526536
37159,"North Carolina","Rowan","barley",588.002160243154
37159,"North Carolina","Rowan","corn",3789.58529936802
37159,"North Carolina","Rowan","cotton",163.108988230844
37159,"North Carolina","Rowan","grain sorghum",8.57105183615198
37159,"North Carolina","Rowan","oats",49.8708399540449
37159,"North Carolina","Rowan","rapeseed",1.09369059107831
37159,"North Carolina","Rowan","sesame",0.714617069460784
37159,"North Carolina","Rowan","soybeans",7376.25635148688
37159,"North Carolina","Rowan","sunflower",5.66615158628296
37159,"North Carolina","Rowan","wheat",3045.54486963409
37161,"North Carolina","Rutherford","barley",0
37161,"North Carolina","Rutherford","corn",0
37161,"North Carolina","Rutherford","cotton",0
37161,"North Carolina","Rutherford","dry peas",0
37161,"North Carolina","Rutherford","grain sorghum",0
37161,"North Carolina","Rutherford","soybeans",0
37161,"North Carolina","Rutherford","wheat",0
37163,"North Carolina","Sampson","barley",2.24816146474144
37163,"North Carolina","Sampson","corn",1521.31576065965
37163,"North Carolina","Sampson","cotton",751.086960486734
37163,"North Carolina","Sampson","grain sorghum",4.31260141979652
37163,"North Carolina","Sampson","oats",40.1831729470966
37163,"North Carolina","Sampson","peanuts",195.158768973327
37163,"North Carolina","Sampson","rapeseed",1.09903196223153
37163,"North Carolina","Sampson","sesame",23.5861417694571
37163,"North Carolina","Sampson","soybeans",2731.42642538394
37163,"North Carolina","Sampson","sunflower",2.78870201816565
37163,"North Carolina","Sampson","wheat",673.757606248174
37165,"North Carolina","Scotland","corn",512.192315466868
37165,"North Carolina","Scotland","cotton",437.161432459152
37165,"North Carolina","Scotland","grain sorghum",16.0569901773079
37165,"North Carolina","Scotland","oats",5.73844903850487
37165,"North Carolina","Scotland","peanuts",36.8902697939536
37165,"North Carolina","Scotland","soybeans",916.009886355222
37165,"North Carolina","Scotland","sunflower",2.01141592960239
37165,"North Carolina","Scotland","wheat",331.888907446061
37167,"North Carolina","Stanly","barley",22.0034917782109
37167,"North Carolina","Stanly","corn",2673.63219799759
37167,"North Carolina","Stanly","cotton",2255.36002054858
37167,"North Carolina","Stanly","dry peas",11.6124843758422
37167,"North Carolina","Stanly","grain sorghum",83.8047321028706
37167,"North Carolina","Stanly","oats",134.397124906244
37167,"North Carolina","Stanly","sesame",41.2956428004245
37167,"North Carolina","Stanly","soybeans",3979.76090698393
37167,"North Carolina","Stanly","sunflower",5.92725716613734
37167,"North Carolina","Stanly","wheat",2171.02485467349
37169,"North Carolina","Stokes","barley",2.53646944975961
37169,"North Carolina","Stokes","corn",608.470318843032
37169,"North Carolina","Stokes","dry peas",0.0100123794069458
37169,"North Carolina","Stokes","grain sorghum",1.33498392092611
37169,"North Carolina","Stokes","oats",30.164629185286
37169,"North Carolina","Stokes","soybeans",885.776516357606
37169,"North Carolina","Stokes","sunflower",0.916132715735545
37169,"North Carolina","Stokes","wheat",128.304637148248
37171,"North Carolina","Surry","barley",110.083710537689
37171,"North Carolina","Surry","canola",5.86909483975806
37171,"North Carolina","Surry","corn",3972.83819077635
37171,"North Carolina","Surry","grain sorghum",10.4621290285903
37171,"North Carolina","Surry","oats",3.50336103076206
37171,"North Carolina","Surry","soybeans",4372.91840131476
37171,"North Carolina","Surry","wheat",862.541962472093
37173,"North Carolina","Swain","corn",0
37173,"North Carolina","Swain","sunflower",0
37175,"North Carolina","Transylvania","corn",517.167991565048
37175,"North Carolina","Transylvania","soybeans",46.575066452872
37175,"North Carolina","Transylvania","sunflower",0.00109531541372827
37177,"North Carolina","Tyrrell","barley",0
37177,"North Carolina","Tyrrell","corn",0
37177,"North Carolina","Tyrrell","cotton",0
37177,"North Carolina","Tyrrell","grain sorghum",0
37177,"North Carolina","Tyrrell","oats",0
37177,"North Carolina","Tyrrell","peanuts",0
37177,"North Carolina","Tyrrell","rice_long grain",0
37177,"North Carolina","Tyrrell","rice_short/medium grain",0
37177,"North Carolina","Tyrrell","soybeans",0
37177,"North Carolina","Tyrrell","sunflower",0
37177,"North Carolina","Tyrrell","wheat",0
37179,"North Carolina","Union","barley",34.6996641191612
37179,"North Carolina","Union","corn",6818.10830211721
37179,"North Carolina","Union","cotton",461.468897625441
37179,"North Carolina","Union","dry peas",0.0116821299116463
37179,"North Carolina","Union","grain sorghum",373.363208402197
37179,"North Carolina","Union","oats",53.7719094129149
37179,"North Carolina","Union","soybeans",14431.7346048278
37179,"North Carolina","Union","wheat",11281.112298032
37181,"North Carolina","Vance","corn",6.34229463249096
37181,"North Carolina","Vance","grain sorghum",12.6889974117505
37181,"North Carolina","Vance","oats",2.40430120643233
37181,"North Carolina","Vance","soybeans",173.558240286541
37181,"North Carolina","Vance","sunflower",0.355100711918074
37181,"North Carolina","Vance","wheat",47.6888990842008
37183,"North Carolina","Wake","barley",0
37183,"North Carolina","Wake","canola",0
37183,"North Carolina","Wake","corn",0
37183,"North Carolina","Wake","cotton",0
37183,"North Carolina","Wake","grain sorghum",0
37183,"North Carolina","Wake","oats",0
37183,"North Carolina","Wake","peanuts",0
37183,"North Carolina","Wake","soybeans",0
37183,"North Carolina","Wake","sunflower",0
37183,"North Carolina","Wake","wheat",0
37185,"North Carolina","Warren","barley",18.3713956105715
37185,"North Carolina","Warren","corn",283.737297680055
37185,"North Carolina","Warren","cotton",78.7081502543334
37185,"North Carolina","Warren","grain sorghum",14.7722910097129
37185,"North Carolina","Warren","oats",101.099068596299
37185,"North Carolina","Warren","rapeseed",11.0747755520728
37185,"North Carolina","Warren","soybeans",1619.8878799969
37185,"North Carolina","Warren","sunflower",1.59305536218306
37185,"North Carolina","Warren","wheat",564.543752604537
37187,"North Carolina","Washington","corn",0
37187,"North Carolina","Washington","cotton",0
37187,"North Carolina","Washington","grain sorghum",0
37187,"North Carolina","Washington","oats",0
37187,"North Carolina","Washington","peanuts",0
37187,"North Carolina","Washington","rice_short/medium grain",0
37187,"North Carolina","Washington","soybeans",0
37187,"North Carolina","Washington","sunflower",0
37187,"North Carolina","Washington","wheat",0
37189,"North Carolina","Watauga","corn",0
37189,"North Carolina","Watauga","sunflower",0
37191,"North Carolina","Wayne","barley",0
37191,"North Carolina","Wayne","corn",0
37191,"North Carolina","Wayne","cotton",0
37191,"North Carolina","Wayne","grain sorghum",0
37191,"North Carolina","Wayne","oats",0
37191,"North Carolina","Wayne","peanuts",0
37191,"North Carolina","Wayne","sesame",0
37191,"North Carolina","Wayne","soybeans",0
37191,"North Carolina","Wayne","sunflower",0
37191,"North Carolina","Wayne","wheat",0
37193,"North Carolina","Wilkes","barley",28.0310415355573
37193,"North Carolina","Wilkes","corn",2535.06524620272
37193,"North Carolina","Wilkes","oats",9.47316024745221
37193,"North Carolina","Wilkes","soybeans",518.182037868913
37193,"North Carolina","Wilkes","wheat",173.511347478694
37195,"North Carolina","Wilson","corn",635.172550107509
37195,"North Carolina","Wilson","cotton",574.870692738527
37195,"North Carolina","Wilson","grain sorghum",7.31858853947371
37195,"North Carolina","Wilson","oats",14.851312349284
37195,"North Carolina","Wilson","peanuts",262.100680516657
37195,"North Carolina","Wilson","sesame",3.68096006978477
37195,"North Carolina","Wilson","soybeans",2733.7977730489
37195,"North Carolina","Wilson","sunflower",2.33753207092319
37195,"North Carolina","Wilson","wheat",607.850343892287
37197,"North Carolina","Yadkin","barley",309.302420515115
37197,"North Carolina","Yadkin","corn",3633.7330439982
37197,"North Carolina","Yadkin","grain sorghum",72.6948853013808
37197,"North Carolina","Yadkin","oats",25.7657364451167
37197,"North Carolina","Yadkin","soybeans",5834.13465565598
37197,"North Carolina","Yadkin","sunflower",0.428969461893876
37197,"North Carolina","Yadkin","wheat",1002.73541528897
37199,"North Carolina","Yancey","corn",0
38001,"North Dakota","Adams","barley",180.120208927226
38001,"North Dakota","Adams","canola",600.714682657044
38001,"North Dakota","Adams","corn",1493.23180780347
38001,"North Dakota","Adams","dry peas",102.845565874143
38001,"North Dakota","Adams","grain sorghum",17.2750530292588
38001,"North Dakota","Adams","lentils",21.3433506455108
38001,"North Dakota","Adams","mustard",5.17269184543146
38001,"North Dakota","Adams","oats",79.8085797566888
38001,"North Dakota","Adams","safflower",22.546944993449
38001,"North Dakota","Adams","soybeans",345.312297844419
38001,"North Dakota","Adams","sunflower",1017.9995078035
38001,"North Dakota","Adams","wheat",4097.89384215319
38003,"North Dakota","Barnes","barley",0
38003,"North Dakota","Barnes","canola",0
38003,"North Dakota","Barnes","corn",0
38003,"North Dakota","Barnes","dry peas",0
38003,"North Dakota","Barnes","flaxseed",0
38003,"North Dakota","Barnes","grain sorghum",0
38003,"North Dakota","Barnes","mustard",0
38003,"North Dakota","Barnes","oats",0
38003,"North Dakota","Barnes","soybeans",0
38003,"North Dakota","Barnes","sunflower",0
38003,"North Dakota","Barnes","wheat",0
38005,"North Dakota","Benson","barley",0
38005,"North Dakota","Benson","canola",0
38005,"North Dakota","Benson","corn",0
38005,"North Dakota","Benson","dry peas",0
38005,"North Dakota","Benson","oats",0
38005,"North Dakota","Benson","soybeans",0
38005,"North Dakota","Benson","sunflower",0
38005,"North Dakota","Benson","wheat",0
38007,"North Dakota","Billings","barley",0
38007,"North Dakota","Billings","canola",0
38007,"North Dakota","Billings","corn",0
38007,"North Dakota","Billings","dry peas",0
38007,"North Dakota","Billings","oats",0
38007,"North Dakota","Billings","soybeans",0
38007,"North Dakota","Billings","sunflower",0
38007,"North Dakota","Billings","wheat",0
38009,"North Dakota","Bottineau","barley",927.22364437455
38009,"North Dakota","Bottineau","canola",4212.35691877777
38009,"North Dakota","Bottineau","corn",1326.50410923514
38009,"North Dakota","Bottineau","dry peas",210.578126489588
38009,"North Dakota","Bottineau","grain sorghum",1.68827078522751
38009,"North Dakota","Bottineau","mustard",37.6638048479864
38009,"North Dakota","Bottineau","oats",633.662230028955
38009,"North Dakota","Bottineau","soybeans",6576.37296243353
38009,"North Dakota","Bottineau","sunflower",161.339112959625
38009,"North Dakota","Bottineau","wheat",9426.2078200677
38011,"North Dakota","Bowman","barley",0
38011,"North Dakota","Bowman","canola",0
38011,"North Dakota","Bowman","corn",0
38011,"North Dakota","Bowman","dry peas",0
38011,"North Dakota","Bowman","flaxseed",0
38011,"North Dakota","Bowman","grain sorghum",0
38011,"North Dakota","Bowman","lentils",0
38011,"North Dakota","Bowman","mustard",0
38011,"North Dakota","Bowman","oats",0
38011,"North Dakota","Bowman","safflower",0
38011,"North Dakota","Bowman","soybeans",0
38011,"North Dakota","Bowman","sunflower",0
38011,"North Dakota","Bowman","wheat",0
38013,"North Dakota","Burke","barley",363.84449682396
38013,"North Dakota","Burke","canola",4087.26481368913
38013,"North Dakota","Burke","corn",124.08113981705
38013,"North Dakota","Burke","dry peas",613.839205664574
38013,"North Dakota","Burke","lentils",44.4015349680479
38013,"North Dakota","Burke","mustard",21.2302786791494
38013,"North Dakota","Burke","oats",181.350858320561
38013,"North Dakota","Burke","safflower",10.1702681739756
38013,"North Dakota","Burke","soybeans",1105.28400249066
38013,"North Dakota","Burke","sunflower",174.605868453585
38013,"North Dakota","Burke","wheat",6963.93336625272
38015,"North Dakota","Burleigh","barley",779.857088283414
38015,"North Dakota","Burleigh","canola",425.519862062243
38015,"North Dakota","Burleigh","corn",3810.93197987072
38015,"North Dakota","Burleigh","dry peas",398.876131418638
38015,"North Dakota","Burleigh","lentils",4.24926389948081
38015,"North Dakota","Burleigh","oats",384.297341850048
38015,"North Dakota","Burleigh","soybeans",4469.12553339517
38015,"North Dakota","Burleigh","sunflower",866.56932174033
38015,"North Dakota","Burleigh","wheat",3848.94497748003
38017,"North Dakota","Cass","barley",794.158216881253
38017,"North Dakota","Cass","canola",32.7443842339394
38017,"North Dakota","Cass","corn",18440.0880826086
38017,"North Dakota","Cass","dry peas",18.9792660030816
38017,"North Dakota","Cass","grain sorghum",0.509938477589881
38017,"North Dakota","Cass","lentils",0.152086914368912
38017,"North Dakota","Cass","oats",32.6107266750763
38017,"North Dakota","Cass","safflower",0.0268388672415727
38017,"North Dakota","Cass","soybeans",22504.9753230423
38017,"North Dakota","Cass","sunflower",1436.4268029604
38017,"North Dakota","Cass","wheat",4375.41900000272
38019,"North Dakota","Cavalier","barley",634.888289275456
38019,"North Dakota","Cavalier","canola",7366.05318128874
38019,"North Dakota","Cavalier","corn",215.050957346918
38019,"North Dakota","Cavalier","dry peas",429.732131483135
38019,"North Dakota","Cavalier","flaxseed",1.83335678276897
38019,"North Dakota","Cavalier","oats",10.5923295733581
38019,"North Dakota","Cavalier","soybeans",3653.26212766538
38019,"North Dakota","Cavalier","sunflower",327.406877550674
38019,"North Dakota","Cavalier","wheat",8815.49951570037
38021,"North Dakota","Dickey","barley",248.725334990966
38021,"North Dakota","Dickey","corn",28833.6617011994
38021,"North Dakota","Dickey","grain sorghum",4.60978472737231
38021,"North Dakota","Dickey","oats",367.749960264287
38021,"North Dakota","Dickey","soybeans",19886.5505984472
38021,"North Dakota","Dickey","sunflower",130.951644368068
38021,"North Dakota","Dickey","wheat",1320.27266266932
38023,"North Dakota","Divide","barley",1687.1717334967
38023,"North Dakota","Divide","canola",12503.840446756
38023,"North Dakota","Divide","corn",447.630721381788
38023,"North Dakota","Divide","dry peas",5062.57955502912
38023,"North Dakota","Divide","flaxseed",42.5152689473993
38023,"North Dakota","Divide","lentils",3470.51851896876
38023,"North Dakota","Divide","mustard",371.125291741796
38023,"North Dakota","Divide","oats",462.236517631651
38023,"North Dakota","Divide","safflower",127.534326435589
38023,"North Dakota","Divide","soybeans",5134.75838195747
38023,"North Dakota","Divide","sunflower",1618.02917200038
38023,"North Dakota","Divide","wheat",34465.23623232
38025,"North Dakota","Dunn","barley",0
38025,"North Dakota","Dunn","canola",0
38025,"North Dakota","Dunn","corn",0
38025,"North Dakota","Dunn","crambe",0
38025,"North Dakota","Dunn","dry peas",0
38025,"North Dakota","Dunn","flaxseed",0
38025,"North Dakota","Dunn","lentils",0
38025,"North Dakota","Dunn","mustard",0
38025,"North Dakota","Dunn","oats",0
38025,"North Dakota","Dunn","safflower",0
38025,"North Dakota","Dunn","soybeans",0
38025,"North Dakota","Dunn","sunflower",0
38025,"North Dakota","Dunn","wheat",0
38027,"North Dakota","Eddy","barley",233.20084305556
38027,"North Dakota","Eddy","canola",33.0493250406694
38027,"North Dakota","Eddy","corn",1737.06406401826
38027,"North Dakota","Eddy","dry peas",42.1662422125678
38027,"North Dakota","Eddy","oats",137.263710937597
38027,"North Dakota","Eddy","soybeans",3066.43897999768
38027,"North Dakota","Eddy","sunflower",224.509416061245
38027,"North Dakota","Eddy","wheat",1290.95941867642
38029,"North Dakota","Emmons","barley",736.711482622971
38029,"North Dakota","Emmons","canola",156.064860368551
38029,"North Dakota","Emmons","corn",8790.45305363201
38029,"North Dakota","Emmons","dry peas",69.0064210247913
38029,"North Dakota","Emmons","grain sorghum",2.61830468111498
38029,"North Dakota","Emmons","lentils",33.919990477971
38029,"North Dakota","Emmons","oats",714.82294012391
38029,"North Dakota","Emmons","soybeans",7703.87918476026
38029,"North Dakota","Emmons","sunflower",4242.7459253251
38029,"North Dakota","Emmons","wheat",4293.92083698336
38031,"North Dakota","Foster","barley",576.977955152729
38031,"North Dakota","Foster","canola",73.7921010486467
38031,"North Dakota","Foster","corn",5236.51188026887
38031,"North Dakota","Foster","dry peas",13.4369160321016
38031,"North Dakota","Foster","flaxseed",15.6425748260006
38031,"North Dakota","Foster","oats",59.6728502139462
38031,"North Dakota","Foster","soybeans",7994.83004323882
38031,"North Dakota","Foster","sunflower",293.870362834696
38031,"North Dakota","Foster","wheat",2094.21418305084
38033,"North Dakota","Golden Valley","barley",0
38033,"North Dakota","Golden Valley","canola",0
38033,"North Dakota","Golden Valley","corn",0
38033,"North Dakota","Golden Valley","dry peas",0
38033,"North Dakota","Golden Valley","flaxseed",0
38033,"North Dakota","Golden Valley","lentils",0
38033,"North Dakota","Golden Valley","mustard",0
38033,"North Dakota","Golden Valley","oats",0
38033,"North Dakota","Golden Valley","safflower",0
38033,"North Dakota","Golden Valley","soybeans",0
38033,"North Dakota","Golden Valley","sunflower",0
38033,"North Dakota","Golden Valley","wheat",0
38035,"North Dakota","Grand Forks","barley",2718.59658078643
38035,"North Dakota","Grand Forks","canola",1175.01734854228
38035,"North Dakota","Grand Forks","corn",32180.496892584
38035,"North Dakota","Grand Forks","dry peas",25.3959567706347
38035,"North Dakota","Grand Forks","lentils",0.0106202577163374
38035,"North Dakota","Grand Forks","oats",132.889072250839
38035,"North Dakota","Grand Forks","peanuts",0.00442510738180725
38035,"North Dakota","Grand Forks","safflower",2.66391464384796
38035,"North Dakota","Grand Forks","soybeans",37928.3892337342
38035,"North Dakota","Grand Forks","sunflower",4966.9588158876
38035,"North Dakota","Grand Forks","wheat",29364.807039435
38037,"North Dakota","Grant","barley",0
38037,"North Dakota","Grant","canola",0
38037,"North Dakota","Grant","corn",0
38037,"North Dakota","Grant","dry peas",0
38037,"North Dakota","Grant","flaxseed",0
38037,"North Dakota","Grant","grain sorghum",0
38037,"North Dakota","Grant","mustard",0
38037,"North Dakota","Grant","oats",0
38037,"North Dakota","Grant","safflower",0
38037,"North Dakota","Grant","soybeans",0
38037,"North Dakota","Grant","sunflower",0
38037,"North Dakota","Grant","wheat",0
38039,"North Dakota","Griggs","barley",97.4473322913055
38039,"North Dakota","Griggs","canola",7.06699279002058
38039,"North Dakota","Griggs","corn",708.726967479213
38039,"North Dakota","Griggs","dry peas",8.87384166899929
38039,"North Dakota","Griggs","oats",15.3612687270289
38039,"North Dakota","Griggs","soybeans",1652.65119796627
38039,"North Dakota","Griggs","sunflower",18.4682768152063
38039,"North Dakota","Griggs","wheat",799.45585559528
38041,"North Dakota","Hettinger","barley",490.563542476345
38041,"North Dakota","Hettinger","canola",7426.87711436658
38041,"North Dakota","Hettinger","corn",3564.47269870059
38041,"North Dakota","Hettinger","dry peas",683.230110195445
38041,"North Dakota","Hettinger","grain sorghum",10.5167336567954
38041,"North Dakota","Hettinger","lentils",19.3799163705009
38041,"North Dakota","Hettinger","mustard",64.2864474776922
38041,"North Dakota","Hettinger","oats",224.200911989353
38041,"North Dakota","Hettinger","safflower",13.3623877525862
38041,"North Dakota","Hettinger","soybeans",1258.92898834692
38041,"North Dakota","Hettinger","sunflower",3152.77842286926
38041,"North Dakota","Hettinger","wheat",25623.7220591313
38043,"North Dakota","Kidder","barley",614.010239604777
38043,"North Dakota","Kidder","canola",622.796371497189
38043,"North Dakota","Kidder","corn",4171.81427143773
38043,"North Dakota","Kidder","dry peas",72.52631430746
38043,"North Dakota","Kidder","grain sorghum",10.8955141600356
38043,"North Dakota","Kidder","lentils",92.9975122320494
38043,"North Dakota","Kidder","mustard",8.37987552686943
38043,"North Dakota","Kidder","oats",1182.47032500317
38043,"North Dakota","Kidder","soybeans",7820.14257903974
38043,"North Dakota","Kidder","sunflower",148.297484016434
38043,"North Dakota","Kidder","wheat",4354.53251317456
38045,"North Dakota","LaMoure","barley",289.623971375442
38045,"North Dakota","LaMoure","canola",14.7558986646188
38045,"North Dakota","LaMoure","corn",24538.3698087341
38045,"North Dakota","LaMoure","dry peas",29.866576050811
38045,"North Dakota","LaMoure","oats",172.146938012127
38045,"North Dakota","LaMoure","soybeans",27976.7849713343
38045,"North Dakota","LaMoure","sunflower",151.132066929963
38045,"North Dakota","LaMoure","wheat",2712.18360223189
38047,"North Dakota","Logan","barley",0
38047,"North Dakota","Logan","canola",0
38047,"North Dakota","Logan","corn",0
38047,"North Dakota","Logan","dry peas",0
38047,"North Dakota","Logan","lentils",0
38047,"North Dakota","Logan","oats",0
38047,"North Dakota","Logan","soybeans",0
38047,"North Dakota","Logan","sunflower",0
38047,"North Dakota","Logan","wheat",0
38049,"North Dakota","McHenry","barley",921.339334264879
38049,"North Dakota","McHenry","canola",2597.78303239064
38049,"North Dakota","McHenry","corn",3511.93297987657
38049,"North Dakota","McHenry","dry peas",114.343968201963
38049,"North Dakota","McHenry","grain sorghum",1.12982370889038
38049,"North Dakota","McHenry","lentils",10.0323891888402
38049,"North Dakota","McHenry","oats",906.660048899576
38049,"North Dakota","McHenry","soybeans",7529.16785060829
38049,"North Dakota","McHenry","sunflower",226.05874853226
38049,"North Dakota","McHenry","wheat",6421.587824328
38051,"North Dakota","McIntosh","barley",86.628512936507
38051,"North Dakota","McIntosh","canola",24.7103053575164
38051,"North Dakota","McIntosh","corn",1409.92502932705
38051,"North Dakota","McIntosh","dry peas",5.39729314688166
38051,"North Dakota","McIntosh","flaxseed",2.94997875377745
38051,"North Dakota","McIntosh","lentils",9.7227655262499
38051,"North Dakota","McIntosh","oats",75.6843098461498
38051,"North Dakota","McIntosh","soybeans",2420.26364526337
38051,"North Dakota","McIntosh","sunflower",300.995419171132
38051,"North Dakota","McIntosh","wheat",1131.50174067141
38053,"North Dakota","McKenzie","barley",0
38053,"North Dakota","McKenzie","canola",0
38053,"North Dakota","McKenzie","corn",0
38053,"North Dakota","McKenzie","dry peas",0
38053,"North Dakota","McKenzie","lentils",0
38053,"North Dakota","McKenzie","mustard",0
38053,"North Dakota","McKenzie","oats",0
38053,"North Dakota","McKenzie","safflower",0
38053,"North Dakota","McKenzie","soybeans",0
38053,"North Dakota","McKenzie","sunflower",0
38053,"North Dakota","McKenzie","wheat",0
38055,"North Dakota","McLean","barley",858.000080135918
38055,"North Dakota","McLean","canola",7225.75691997935
38055,"North Dakota","McLean","corn",5883.24244089271
38055,"North Dakota","McLean","dry peas",1933.65729866505
38055,"North Dakota","McLean","lentils",84.8017010251505
38055,"North Dakota","McLean","mustard",73.4740836036308
38055,"North Dakota","McLean","oats",474.740266055968
38055,"North Dakota","McLean","safflower",7.34986846856579
38055,"North Dakota","McLean","soybeans",11211.4618136586
38055,"North Dakota","McLean","sunflower",1166.40421679773
38055,"North Dakota","McLean","wheat",21977.6142507172
38057,"North Dakota","Mercer","barley",127.153490151272
38057,"North Dakota","Mercer","canola",77.9457450675893
38057,"North Dakota","Mercer","corn",257.501234600244
38057,"North Dakota","Mercer","dry peas",23.5421267648394
38057,"North Dakota","Mercer","flaxseed",16.062278034964
38057,"North Dakota","Mercer","grain sorghum",0.265668227061323
38057,"North Dakota","Mercer","oats",76.8107559223669
38057,"North Dakota","Mercer","soybeans",198.488461266109
38057,"North Dakota","Mercer","sunflower",153.754542871095
38057,"North Dakota","Mercer","wheat",512.337697094424
38059,"North Dakota","Morton","barley",0
38059,"North Dakota","Morton","canola",0
38059,"North Dakota","Morton","corn",0
38059,"North Dakota","Morton","dry peas",0
38059,"North Dakota","Morton","grain sorghum",0
38059,"North Dakota","Morton","mustard",0
38059,"North Dakota","Morton","oats",0
38059,"North Dakota","Morton","safflower",0
38059,"North Dakota","Morton","soybeans",0
38059,"North Dakota","Morton","sunflower",0
38059,"North Dakota","Morton","wheat",0
38061,"North Dakota","Mountrail","barley",0
38061,"North Dakota","Mountrail","canola",0
38061,"North Dakota","Mountrail","corn",0
38061,"North Dakota","Mountrail","dry peas",0
38061,"North Dakota","Mountrail","lentils",0
38061,"North Dakota","Mountrail","mustard",0
38061,"North Dakota","Mountrail","oats",0
38061,"North Dakota","Mountrail","safflower",0
38061,"North Dakota","Mountrail","soybeans",0
38061,"North Dakota","Mountrail","sunflower",0
38061,"North Dakota","Mountrail","wheat",0
38063,"North Dakota","Nelson","barley",0
38063,"North Dakota","Nelson","canola",0
38063,"North Dakota","Nelson","corn",0
38063,"North Dakota","Nelson","dry peas",0
38063,"North Dakota","Nelson","mustard",0
38063,"North Dakota","Nelson","oats",0
38063,"North Dakota","Nelson","soybeans",0
38063,"North Dakota","Nelson","sunflower",0
38063,"North Dakota","Nelson","wheat",0
38065,"North Dakota","Oliver","barley",23.6197146480347
38065,"North Dakota","Oliver","canola",11.3446059825234
38065,"North Dakota","Oliver","corn",99.1533858653204
38065,"North Dakota","Oliver","dry peas",6.36117871015414
38065,"North Dakota","Oliver","flaxseed",1.52151540998102
38065,"North Dakota","Oliver","oats",25.7092180863368
38065,"North Dakota","Oliver","soybeans",107.623498613144
38065,"North Dakota","Oliver","sunflower",34.823990306805
38065,"North Dakota","Oliver","wheat",234.893892377708
38067,"North Dakota","Pembina","barley",1497.88325513839
38067,"North Dakota","Pembina","canola",7431.03601190108
38067,"North Dakota","Pembina","corn",6969.26104192354
38067,"North Dakota","Pembina","dry peas",332.373487335479
38067,"North Dakota","Pembina","mustard",76.1787731812422
38067,"North Dakota","Pembina","oats",219.178790139102
38067,"North Dakota","Pembina","soybeans",23427.4873238964
38067,"North Dakota","Pembina","sunflower",1623.00997414298
38067,"North Dakota","Pembina","wheat",43184.9954756751
38069,"North Dakota","Pierce","barley",135.622200546692
38069,"North Dakota","Pierce","canola",222.846347629291
38069,"North Dakota","Pierce","corn",237.141953515412
38069,"North Dakota","Pierce","dry peas",17.5477296408416
38069,"North Dakota","Pierce","oats",65.775196929262
38069,"North Dakota","Pierce","soybeans",950.217364417223
38069,"North Dakota","Pierce","sunflower",30.9461863253214
38069,"North Dakota","Pierce","wheat",1016.38002099597
38071,"North Dakota","Ramsey","barley",0
38071,"North Dakota","Ramsey","canola",0
38071,"North Dakota","Ramsey","corn",0
38071,"North Dakota","Ramsey","dry peas",0
38071,"North Dakota","Ramsey","flaxseed",0
38071,"North Dakota","Ramsey","mustard",0
38071,"North Dakota","Ramsey","oats",0
38071,"North Dakota","Ramsey","safflower",0
38071,"North Dakota","Ramsey","soybeans",0
38071,"North Dakota","Ramsey","sunflower",0
38071,"North Dakota","Ramsey","wheat",0
38073,"North Dakota","Ransom","barley",68.802135378659
38073,"North Dakota","Ransom","canola",46.8441457165663
38073,"North Dakota","Ransom","corn",7790.91343070317
38073,"North Dakota","Ransom","dry peas",2.20325990643811
38073,"North Dakota","Ransom","flaxseed",5.39315162151251
38073,"North Dakota","Ransom","grain sorghum",5.98199439366021
38073,"North Dakota","Ransom","oats",95.0905021427452
38073,"North Dakota","Ransom","soybeans",6975.35526645487
38073,"North Dakota","Ransom","sunflower",71.9119988394806
38073,"North Dakota","Ransom","wheat",1276.9881148429
38075,"North Dakota","Renville","barley",1304.10136667476
38075,"North Dakota","Renville","canola",5301.4661342143
38075,"North Dakota","Renville","corn",869.634453514589
38075,"North Dakota","Renville","dry peas",576.743282112495
38075,"North Dakota","Renville","mustard",23.6439740156861
38075,"North Dakota","Renville","oats",249.610607707545
38075,"North Dakota","Renville","soybeans",5320.36985953469
38075,"North Dakota","Renville","sunflower",650.260273725529
38075,"North Dakota","Renville","wheat",9629.91904850047
38077,"North Dakota","Richland","barley",77.6401638260033
38077,"North Dakota","Richland","canola",74.0793608363559
38077,"North Dakota","Richland","corn",22066.5955991886
38077,"North Dakota","Richland","oats",63.8210704364881
38077,"North Dakota","Richland","soybeans",21967.2069937386
38077,"North Dakota","Richland","sunflower",480.1944829095
38077,"North Dakota","Richland","wheat",3474.68612906433
38079,"North Dakota","Rolette","barley",0
38079,"North Dakota","Rolette","canola",0
38079,"North Dakota","Rolette","corn",0
38079,"North Dakota","Rolette","dry peas",0
38079,"North Dakota","Rolette","oats",0
38079,"North Dakota","Rolette","soybeans",0
38079,"North Dakota","Rolette","sunflower",0
38079,"North Dakota","Rolette","wheat",0
38081,"North Dakota","Sargent","barley",25.8278815713399
38081,"North Dakota","Sargent","corn",16932.5840656464
38081,"North Dakota","Sargent","dry peas",24.8695205493342
38081,"North Dakota","Sargent","oats",10.7875447504162
38081,"North Dakota","Sargent","soybeans",14082.7151208573
38081,"North Dakota","Sargent","sunflower",39.8312946588991
38081,"North Dakota","Sargent","wheat",867.697571966271
38083,"North Dakota","Sheridan","barley",825.268480463458
38083,"North Dakota","Sheridan","canola",1708.27355028694
38083,"North Dakota","Sheridan","corn",1984.01260094737
38083,"North Dakota","Sheridan","dry peas",22.72773141654
38083,"North Dakota","Sheridan","lentils",67.3918484524704
38083,"North Dakota","Sheridan","oats",200.410774199166
38083,"North Dakota","Sheridan","soybeans",6537.73299612571
38083,"North Dakota","Sheridan","sunflower",624.870872017377
38083,"North Dakota","Sheridan","wheat",6943.91314609097
38085,"North Dakota","Sioux","barley",0
38085,"North Dakota","Sioux","canola",0
38085,"North Dakota","Sioux","corn",0
38085,"North Dakota","Sioux","grain sorghum",0
38085,"North Dakota","Sioux","oats",0
38085,"North Dakota","Sioux","soybeans",0
38085,"North Dakota","Sioux","sunflower",0
38085,"North Dakota","Sioux","wheat",0
38087,"North Dakota","Slope","barley",310.823098619109
38087,"North Dakota","Slope","canola",779.16807443085
38087,"North Dakota","Slope","corn",731.405821708892
38087,"North Dakota","Slope","dry peas",286.647816048391
38087,"North Dakota","Slope","lentils",56.7877543645006
38087,"North Dakota","Slope","mustard",18.4075830348271
38087,"North Dakota","Slope","oats",137.133328264863
38087,"North Dakota","Slope","soybeans",99.9862181507189
38087,"North Dakota","Slope","sunflower",747.375549576057
38087,"North Dakota","Slope","wheat",5756.62475580178
38089,"North Dakota","Stark","barley",104.564556945536
38089,"North Dakota","Stark","canola",280.718234049008
38089,"North Dakota","Stark","corn",435.933561392189
38089,"North Dakota","Stark","crambe",3.22682422668639
38089,"North Dakota","Stark","dry peas",55.5912713690236
38089,"North Dakota","Stark","flaxseed",22.0070084086138
38089,"North Dakota","Stark","lentils",3.63143692900839
38089,"North Dakota","Stark","mustard",3.57205616819627
38089,"North Dakota","Stark","oats",120.635808156663
38089,"North Dakota","Stark","safflower",5.44046963996859
38089,"North Dakota","Stark","soybeans",44.6624157160369
38089,"North Dakota","Stark","sunflower",277.570793664239
38089,"North Dakota","Stark","wheat",2725.47324333483
38091,"North Dakota","Steele","barley",1376.71577474201
38091,"North Dakota","Steele","canola",84.7608457538606
38091,"North Dakota","Steele","corn",15033.9215057606
38091,"North Dakota","Steele","dry peas",171.235513466351
38091,"North Dakota","Steele","oats",19.846157430072
38091,"North Dakota","Steele","soybeans",22045.5450716896
38091,"North Dakota","Steele","sunflower",344.473256227913
38091,"North Dakota","Steele","wheat",6849.63954159619
38093,"North Dakota","Stutsman","barley",472.311214314712
38093,"North Dakota","Stutsman","canola",62.293317273896
38093,"North Dakota","Stutsman","chickpeas_large",13.9795128570277
38093,"North Dakota","Stutsman","corn",10282.7654530643
38093,"North Dakota","Stutsman","dry peas",35.6869171682569
38093,"North Dakota","Stutsman","oats",262.238532096504
38093,"North Dakota","Stutsman","soybeans",18501.4028390624
38093,"North Dakota","Stutsman","sunflower",464.524026316832
38093,"North Dakota","Stutsman","wheat",3892.18635451265
38095,"North Dakota","Towner","barley",111.110340808417
38095,"North Dakota","Towner","canola",514.283830643481
38095,"North Dakota","Towner","corn",129.276747882945
38095,"North Dakota","Towner","dry peas",7.2402708351731
38095,"North Dakota","Towner","grain sorghum",0.0188850615761707
38095,"North Dakota","Towner","oats",4.04137824652618
38095,"North Dakota","Towner","soybeans",831.322342718048
38095,"North Dakota","Towner","sunflower",25.5746365365504
38095,"North Dakota","Towner","wheat",1266.01490060064
38097,"North Dakota","Traill","barley",2661.78820806367
38097,"North Dakota","Traill","canola",62.7917124896383
38097,"North Dakota","Traill","corn",20932.981331516
38097,"North Dakota","Traill","dry peas",45.6177633188448
38097,"North Dakota","Traill","oats",249.088959360524
38097,"North Dakota","Traill","soybeans",26451.4987078564
38097,"North Dakota","Traill","sunflower",1496.36635392535
38097,"North Dakota","Traill","wheat",11954.5391968028
38099,"North Dakota","Walsh","barley",1966.80114307975
38099,"North Dakota","Walsh","canola",5641.16316109554
38099,"North Dakota","Walsh","corn",7896.1964950635
38099,"North Dakota","Walsh","dry peas",64.1766662787994
38099,"North Dakota","Walsh","mustard",87.5071699696932
38099,"North Dakota","Walsh","oats",529.467611260397
38099,"North Dakota","Walsh","soybeans",13741.2668987384
38099,"North Dakota","Walsh","sunflower",2397.1132361436
38099,"North Dakota","Walsh","wheat",29302.6076517036
38101,"North Dakota","Ward","barley",867.82273825077
38101,"North Dakota","Ward","canola",7625.28865631139
38101,"North Dakota","Ward","corn",2199.50942361613
38101,"North Dakota","Ward","dry peas",943.301779151969
38101,"North Dakota","Ward","flaxseed",18.0196910869887
38101,"North Dakota","Ward","lentils",43.4545118167962
38101,"North Dakota","Ward","mustard",55.8388945158004
38101,"North Dakota","Ward","oats",354.204183203316
38101,"North Dakota","Ward","safflower",3.22182611860924
38101,"North Dakota","Ward","soybeans",9276.36214790223
38101,"North Dakota","Ward","sunflower",859.216237168354
38101,"North Dakota","Ward","wheat",17915.6337441911
38103,"North Dakota","Wells","barley",1930.77620604592
38103,"North Dakota","Wells","canola",594.489453068872
38103,"North Dakota","Wells","corn",12757.9753323881
38103,"North Dakota","Wells","dry peas",74.1421992759032
38103,"North Dakota","Wells","grain sorghum",1.01776437046006
38103,"North Dakota","Wells","mustard",5.15733528114423
38103,"North Dakota","Wells","oats",259.593093262769
38103,"North Dakota","Wells","safflower",23.7213364782048
38103,"North Dakota","Wells","soybeans",22400.7337565983
38103,"North Dakota","Wells","sunflower",1218.50746176489
38103,"North Dakota","Wells","wheat",15697.9160614653
38105,"North Dakota","Williams","barley",3205.16193494215
38105,"North Dakota","Williams","canola",20238.5126563737
38105,"North Dakota","Williams","corn",1738.09368038905
38105,"North Dakota","Williams","dry peas",12577.8415869001
38105,"North Dakota","Williams","lentils",10205.664116088
38105,"North Dakota","Williams","mustard",544.939800716097
38105,"North Dakota","Williams","oats",1001.87576075455
38105,"North Dakota","Williams","safflower",352.175123852773
38105,"North Dakota","Williams","soybeans",6267.0196839945
38105,"North Dakota","Williams","sunflower",1466.39258182008
38105,"North Dakota","Williams","wheat",71006.3660741691
39001,"Ohio","Adams","corn",0
39001,"Ohio","Adams","oats",0
39001,"Ohio","Adams","soybeans",0
39001,"Ohio","Adams","sunflower",0
39001,"Ohio","Adams","wheat",0
39003,"Ohio","Allen","barley",1.0816363252878
39003,"Ohio","Allen","corn",2495.05064434971
39003,"Ohio","Allen","dry peas",0.12676551091005
39003,"Ohio","Allen","grain sorghum",4.54550391090493
39003,"Ohio","Allen","oats",2.36795413460562
39003,"Ohio","Allen","soybeans",3364.5189194067
39003,"Ohio","Allen","sunflower",0.151350337268363
39003,"Ohio","Allen","wheat",364.504392691307
39005,"Ohio","Ashland","barley",3.9562537278872
39005,"Ohio","Ashland","corn",3173.94375326563
39005,"Ohio","Ashland","oats",36.5016147251187
39005,"Ohio","Ashland","soybeans",3206.54591188479
39005,"Ohio","Ashland","sunflower",2.28215326089557
39005,"Ohio","Ashland","wheat",427.867813135675
39007,"Ohio","Ashtabula","corn",2958.30232638915
39007,"Ohio","Ashtabula","oats",59.8508148511949
39007,"Ohio","Ashtabula","soybeans",4905.1451381789
39007,"Ohio","Ashtabula","wheat",415.447387247423
39009,"Ohio","Athens","barley",0
39009,"Ohio","Athens","corn",0
39009,"Ohio","Athens","oats",0
39009,"Ohio","Athens","soybeans",0
39009,"Ohio","Athens","wheat",0
39011,"Ohio","Auglaize","barley",6.86699023733839
39011,"Ohio","Auglaize","corn",5173.05840442367
39011,"Ohio","Auglaize","grain sorghum",0.0939326476494057
39011,"Ohio","Auglaize","oats",9.63455425358998
39011,"Ohio","Auglaize","soybeans",7257.6104735163
39011,"Ohio","Auglaize","sunflower",3.09464043076206
39011,"Ohio","Auglaize","wheat",825.84116115738
39013,"Ohio","Belmont","barley",0
39013,"Ohio","Belmont","corn",0
39013,"Ohio","Belmont","grain sorghum",0
39013,"Ohio","Belmont","oats",0
39013,"Ohio","Belmont","soybeans",0
39013,"Ohio","Belmont","wheat",0
39015,"Ohio","Brown","barley",0.292938312542315
39015,"Ohio","Brown","corn",1544.23412800028
39015,"Ohio","Brown","oats",2.71670991051743
39015,"Ohio","Brown","soybeans",6274.72549293801
39015,"Ohio","Brown","sunflower",0.160383726116918
39015,"Ohio","Brown","wheat",139.945127112528
39017,"Ohio","Butler","barley",1.35374671440257
39017,"Ohio","Butler","corn",754.474251189657
39017,"Ohio","Butler","grain sorghum",0.103075687116703
39017,"Ohio","Butler","oats",0.672895506740727
39017,"Ohio","Butler","soybeans",1105.46450320654
39017,"Ohio","Butler","sunflower",0.187786480683739
39017,"Ohio","Butler","wheat",74.9212745481934
39019,"Ohio","Carroll","barley",5.27119059912847
39019,"Ohio","Carroll","corn",957.805628881297
39019,"Ohio","Carroll","grain sorghum",0.70648425800596
39019,"Ohio","Carroll","oats",35.821629874669
39019,"Ohio","Carroll","soybeans",890.938522493164
39019,"Ohio","Carroll","wheat",75.2274105604067
39021,"Ohio","Champaign","barley",36.7595174618743
39021,"Ohio","Champaign","corn",5234.88736370099
39021,"Ohio","Champaign","oats",1.30561619172558
39021,"Ohio","Champaign","soybeans",5436.97943003276
39021,"Ohio","Champaign","wheat",222.857572612693
39023,"Ohio","Clark","barley",0.805888066094679
39023,"Ohio","Clark","corn",2093.30440972361
39023,"Ohio","Clark","dry peas",0.0068304080112961
39023,"Ohio","Clark","soybeans",2288.03829129366
39023,"Ohio","Clark","wheat",134.318247175278
39025,"Ohio","Clermont","corn",996.795134171639
39025,"Ohio","Clermont","dry peas",0.000746863304295563
39025,"Ohio","Clermont","oats",0.425556486926743
39025,"Ohio","Clermont","soybeans",2447.88057822175
39025,"Ohio","Clermont","wheat",54.2202842563798
39027,"Ohio","Clinton","barley",2.54735419803422
39027,"Ohio","Clinton","corn",1974.49076501056
39027,"Ohio","Clinton","oats",3.93759560329893
39027,"Ohio","Clinton","soybeans",3004.54925345341
39027,"Ohio","Clinton","wheat",149.199731734749
39029,"Ohio","Columbiana","barley",32.694610367415
39029,"Ohio","Columbiana","corn",5177.07313709237
39029,"Ohio","Columbiana","grain sorghum",5.99840326697088
39029,"Ohio","Columbiana","oats",247.502860913983
39029,"Ohio","Columbiana","soybeans",4888.86505221105
39029,"Ohio","Columbiana","sunflower",12.1129365959213
39029,"Ohio","Columbiana","wheat",948.923866218956
39031,"Ohio","Coshocton","barley",0.212725193027018
39031,"Ohio","Coshocton","corn",1039.69088751482
39031,"Ohio","Coshocton","oats",8.20174918387369
39031,"Ohio","Coshocton","soybeans",804.774460077911
39031,"Ohio","Coshocton","sunflower",0.135870288930082
39031,"Ohio","Coshocton","wheat",51.0104744081019
39033,"Ohio","Crawford","barley",4.84489500845252
39033,"Ohio","Crawford","corn",722.184356019929
39033,"Ohio","Crawford","oats",0.759304410010856
39033,"Ohio","Crawford","soybeans",869.064159261775
39033,"Ohio","Crawford","sunflower",0.0125127764375748
39033,"Ohio","Crawford","wheat",98.3644391900754
39035,"Ohio","Cuyahoga","barley",4.16066379770781
39035,"Ohio","Cuyahoga","corn",14.773720900028
39035,"Ohio","Cuyahoga","oats",2.16794695524095
39035,"Ohio","Cuyahoga","soybeans",30.2707917055874
39035,"Ohio","Cuyahoga","wheat",8.20637664143583
39037,"Ohio","Darke","barley",3.67261788798311
39037,"Ohio","Darke","canola",0.813140931859634
39037,"Ohio","Darke","corn",3555.53779777473
39037,"Ohio","Darke","dry peas",0.824125611790193
39037,"Ohio","Darke","grain sorghum",0.274616998263976
39037,"Ohio","Darke","oats",4.85495391230884
39037,"Ohio","Darke","soybeans",4001.56334465017
39037,"Ohio","Darke","sunflower",1.79473193045439
39037,"Ohio","Darke","wheat",329.883570302482
39039,"Ohio","Defiance","barley",6.24409076424682
39039,"Ohio","Defiance","corn",3027.02459536769
39039,"Ohio","Defiance","oats",4.07958328904526
39039,"Ohio","Defiance","soybeans",6094.87101840676
39039,"Ohio","Defiance","sunflower",0.0284220215767839
39039,"Ohio","Defiance","wheat",715.640923484
39041,"Ohio","Delaware","barley",0.801696516750432
39041,"Ohio","Delaware","corn",221.275593666069
39041,"Ohio","Delaware","oats",0.351738155544058
39041,"Ohio","Delaware","soybeans",454.961144955699
39041,"Ohio","Delaware","sunflower",0.0294539298865998
39041,"Ohio","Delaware","wheat",32.3145394426979
39094,"Ohio","East Lucas","barley",11.0520292942597
39094,"Ohio","East Lucas","corn",3410.14181848141
39094,"Ohio","East Lucas","dry peas",0.00010047299358418
39094,"Ohio","East Lucas","soybeans",11348.4366820923
39094,"Ohio","East Lucas","wheat",1015.21328799237
39043,"Ohio","Erie","barley",12.3179375659119
39043,"Ohio","Erie","corn",1017.82009571742
39043,"Ohio","Erie","grain sorghum",1.65946294488871
39043,"Ohio","Erie","oats",11.2961482171969
39043,"Ohio","Erie","soybeans",1403.54850052476
39043,"Ohio","Erie","sunflower",0.182854214158016
39043,"Ohio","Erie","wheat",262.712500815674
39045,"Ohio","Fairfield","barley",5.30241162776514
39045,"Ohio","Fairfield","corn",1668.19374699845
39045,"Ohio","Fairfield","grain sorghum",1.3971716119087
39045,"Ohio","Fairfield","oats",2.54409502405081
39045,"Ohio","Fairfield","soybeans",1974.9310771423
39045,"Ohio","Fairfield","wheat",161.466180928853
39047,"Ohio","Fayette","barley",9.77110223175697
39047,"Ohio","Fayette","corn",3984.25486884331
39047,"Ohio","Fayette","oats",2.01354404976736
39047,"Ohio","Fayette","soybeans",5149.28198420287
39047,"Ohio","Fayette","wheat",357.891167338961
39049,"Ohio","Franklin","barley",0
39049,"Ohio","Franklin","corn",0
39049,"Ohio","Franklin","oats",0
39049,"Ohio","Franklin","soybeans",0
39049,"Ohio","Franklin","wheat",0
39051,"Ohio","Fulton","barley",0
39051,"Ohio","Fulton","corn",0
39051,"Ohio","Fulton","grain sorghum",0
39051,"Ohio","Fulton","oats",0
39051,"Ohio","Fulton","safflower",0
39051,"Ohio","Fulton","soybeans",0
39051,"Ohio","Fulton","sunflower",0
39051,"Ohio","Fulton","wheat",0
39053,"Ohio","Gallia","barley",3.15291254331011
39053,"Ohio","Gallia","corn",779.927791286888
39053,"Ohio","Gallia","oats",1.90662852914033
39053,"Ohio","Gallia","soybeans",1021.2595298785
39053,"Ohio","Gallia","sunflower",0.165086128742639
39053,"Ohio","Gallia","wheat",50.460551633419
39055,"Ohio","Geauga","barley",2.34912648106784
39055,"Ohio","Geauga","corn",301.242072449762
39055,"Ohio","Geauga","oats",6.07788938613517
39055,"Ohio","Geauga","soybeans",429.762987009624
39055,"Ohio","Geauga","sunflower",0.472945763104152
39055,"Ohio","Geauga","wheat",69.5903122436386
39057,"Ohio","Greene","barley",0.11367509281328
39057,"Ohio","Greene","corn",128.147989799614
39057,"Ohio","Greene","oats",0.0314324799867951
39057,"Ohio","Greene","soybeans",145.058077349981
39057,"Ohio","Greene","sunflower",0.0286489497427328
39057,"Ohio","Greene","wheat",8.33617632787668
39059,"Ohio","Guernsey","barley",0
39059,"Ohio","Guernsey","corn",0
39059,"Ohio","Guernsey","oats",0
39059,"Ohio","Guernsey","soybeans",0
39059,"Ohio","Guernsey","wheat",0
39061,"Ohio","Hamilton","corn",0
39061,"Ohio","Hamilton","soybeans",0
39061,"Ohio","Hamilton","sunflower",0
39061,"Ohio","Hamilton","wheat",0
39063,"Ohio","Hancock","barley",3.16316658172864
39063,"Ohio","Hancock","corn",2299.25555188494
39063,"Ohio","Hancock","grain sorghum",0.0295369082819318
39063,"Ohio","Hancock","oats",3.28621734163117
39063,"Ohio","Hancock","soybeans",3881.68349790064
39063,"Ohio","Hancock","sunflower",8.24424338329186
39063,"Ohio","Hancock","wheat",600.978552666165
39065,"Ohio","Hardin","barley",3.58777859642267
39065,"Ohio","Hardin","corn",3003.7044553076
39065,"Ohio","Hardin","grain sorghum",5.40860525022977
39065,"Ohio","Hardin","oats",6.61768542461013
39065,"Ohio","Hardin","soybeans",4163.47010964529
39065,"Ohio","Hardin","sunflower",0.187320003328266
39065,"Ohio","Hardin","wheat",372.261712439183
39067,"Ohio","Harrison","barley",0
39067,"Ohio","Harrison","corn",0
39067,"Ohio","Harrison","oats",0
39067,"Ohio","Harrison","soybeans",0
39067,"Ohio","Harrison","wheat",0
39069,"Ohio","Henry","barley",9.61506612081902
39069,"Ohio","Henry","canola",1.84954710867049
39069,"Ohio","Henry","corn",4303.124644109
39069,"Ohio","Henry","grain sorghum",1.08878804974997
39069,"Ohio","Henry","oats",3.6153333555317
39069,"Ohio","Henry","soybeans",5587.37969306056
39069,"Ohio","Henry","sunflower",3.54580771407917
39069,"Ohio","Henry","wheat",1115.62123381491
39071,"Ohio","Highland","corn",96.9088938898665
39071,"Ohio","Highland","oats",0.119915958856274
39071,"Ohio","Highland","soybeans",253.53837050082
39071,"Ohio","Highland","sunflower",0.00232900790196307
39071,"Ohio","Highland","wheat",12.2535906425351
39073,"Ohio","Hocking","barley",0
39073,"Ohio","Hocking","corn",0
39073,"Ohio","Hocking","oats",0
39073,"Ohio","Hocking","soybeans",0
39073,"Ohio","Hocking","wheat",0
39075,"Ohio","Holmes","barley",2.30501811137042
39075,"Ohio","Holmes","corn",4065.97813248925
39075,"Ohio","Holmes","oats",35.7608008563027
39075,"Ohio","Holmes","soybeans",2909.55065253126
39075,"Ohio","Holmes","sunflower",0.23486898962901
39075,"Ohio","Holmes","wheat",248.503693688854
39077,"Ohio","Huron","barley",4.20938323800465
39077,"Ohio","Huron","corn",3352.91025270596
39077,"Ohio","Huron","dry peas",0.164873195437783
39077,"Ohio","Huron","oats",1.81997266632907
39077,"Ohio","Huron","soybeans",6467.69238680352
39077,"Ohio","Huron","sunflower",0.295634695267749
39077,"Ohio","Huron","wheat",905.890996695515
39079,"Ohio","Jackson","corn",1460.07128668022
39079,"Ohio","Jackson","oats",35.8325920235762
39079,"Ohio","Jackson","soybeans",2237.68249996241
39079,"Ohio","Jackson","wheat",199.177331333798
39081,"Ohio","Jefferson","barley",0
39081,"Ohio","Jefferson","corn",0
39081,"Ohio","Jefferson","dry peas",0
39081,"Ohio","Jefferson","grain sorghum",0
39081,"Ohio","Jefferson","oats",0
39081,"Ohio","Jefferson","soybeans",0
39081,"Ohio","Jefferson","sunflower",0
39081,"Ohio","Jefferson","wheat",0
39083,"Ohio","Knox","barley",41.0691730745936
39083,"Ohio","Knox","corn",9355.37116945565
39083,"Ohio","Knox","oats",45.8973861505335
39083,"Ohio","Knox","soybeans",9900.72469908246
39083,"Ohio","Knox","sunflower",1.27837322104229
39083,"Ohio","Knox","wheat",676.016199015706
39085,"Ohio","Lake","barley",1.65479498877974
39085,"Ohio","Lake","corn",73.9139003663303
39085,"Ohio","Lake","oats",5.080634314301
39085,"Ohio","Lake","soybeans",238.437755138284
39085,"Ohio","Lake","wheat",14.9614151923048
39087,"Ohio","Lawrence","corn",0
39087,"Ohio","Lawrence","oats",0
39087,"Ohio","Lawrence","soybeans",0
39087,"Ohio","Lawrence","wheat",0
39089,"Ohio","Licking","barley",22.8465312225807
39089,"Ohio","Licking","corn",3696.96375262212
39089,"Ohio","Licking","grain sorghum",2.3930201342865
39089,"Ohio","Licking","oats",9.75669075651154
39089,"Ohio","Licking","soybeans",4706.5709231036
39089,"Ohio","Licking","sunflower",0.617231120731077
39089,"Ohio","Licking","wheat",300.55140104017
39091,"Ohio","Logan","barley",8.54443140266685
39091,"Ohio","Logan","canola",1.73665105693268
39091,"Ohio","Logan","corn",3938.99137053022
39091,"Ohio","Logan","grain sorghum",0.759040944821355
39091,"Ohio","Logan","oats",26.1253994420772
39091,"Ohio","Logan","soybeans",5010.19355749302
39091,"Ohio","Logan","sunflower",0.993299483030654
39091,"Ohio","Logan","wheat",334.849046313814
39093,"Ohio","Lorain","barley",1.9477560850502
39093,"Ohio","Lorain","corn",626.170562179322
39093,"Ohio","Lorain","oats",1.21837327003818
39093,"Ohio","Lorain","soybeans",1592.72439749605
39093,"Ohio","Lorain","sunflower",1.33447996141975
39093,"Ohio","Lorain","wheat",125.421931008128
39097,"Ohio","Madison","barley",0.716600552806283
39097,"Ohio","Madison","corn",1079.84837848858
39097,"Ohio","Madison","oats",0.237917933580683
39097,"Ohio","Madison","soybeans",1527.94711089431
39097,"Ohio","Madison","sunflower",0.0803325720780817
39097,"Ohio","Madison","wheat",94.7007595586697
39099,"Ohio","Mahoning","barley",6.87009689869162
39099,"Ohio","Mahoning","corn",1580.3129710076
39099,"Ohio","Mahoning","grain sorghum",0.995680661800802
39099,"Ohio","Mahoning","oats",45.4841677135226
39099,"Ohio","Mahoning","soybeans",1822.9938167135
39099,"Ohio","Mahoning","sunflower",4.47109454338178
39099,"Ohio","Mahoning","wheat",276.034772461503
39101,"Ohio","Marion","barley",0
39101,"Ohio","Marion","corn",0
39101,"Ohio","Marion","grain sorghum",0
39101,"Ohio","Marion","oats",0
39101,"Ohio","Marion","soybeans",0
39101,"Ohio","Marion","sunflower",0
39101,"Ohio","Marion","wheat",0
39103,"Ohio","Medina","barley",2.48929726690266
39103,"Ohio","Medina","corn",268.531283831142
39103,"Ohio","Medina","oats",1.46268019255711
39103,"Ohio","Medina","soybeans",477.232464346239
39103,"Ohio","Medina","wheat",59.1914410298306
39105,"Ohio","Meigs","corn",0
39105,"Ohio","Meigs","oats",0
39105,"Ohio","Meigs","soybeans",0
39105,"Ohio","Meigs","sunflower",0
39105,"Ohio","Meigs","wheat",0
39107,"Ohio","Mercer","barley",10.3538826277781
39107,"Ohio","Mercer","corn",5511.51479148848
39107,"Ohio","Mercer","cotton",0.0462506644948158
39107,"Ohio","Mercer","grain sorghum",1.09260978381839
39107,"Ohio","Mercer","oats",20.7504352234451
39107,"Ohio","Mercer","safflower",0.170083088787387
39107,"Ohio","Mercer","soybeans",5669.3384832012
39107,"Ohio","Mercer","sunflower",4.21020296215281
39107,"Ohio","Mercer","wheat",632.561187626491
39109,"Ohio","Miami","barley",0.479877656659685
39109,"Ohio","Miami","corn",429.378333240867
39109,"Ohio","Miami","oats",0.204031415068678
39109,"Ohio","Miami","soybeans",498.606320541774
39109,"Ohio","Miami","sunflower",0.00897176727941839
39109,"Ohio","Miami","wheat",21.947225378357
39111,"Ohio","Monroe","barley",0
39111,"Ohio","Monroe","corn",0
39111,"Ohio","Monroe","oats",0
39111,"Ohio","Monroe","soybeans",0
39111,"Ohio","Monroe","wheat",0
39113,"Ohio","Montgomery","barley",0.757184829578987
39113,"Ohio","Montgomery","corn",392.020064141567
39113,"Ohio","Montgomery","grain sorghum",0.0455078029282468
39113,"Ohio","Montgomery","oats",0.317427760615695
39113,"Ohio","Montgomery","soybeans",501.918105647013
39113,"Ohio","Montgomery","sunflower",0.0680016598042088
39113,"Ohio","Montgomery","wheat",22.5868748251473
39115,"Ohio","Morgan","barley",0
39115,"Ohio","Morgan","corn",0
39115,"Ohio","Morgan","oats",0
39115,"Ohio","Morgan","soybeans",0
39115,"Ohio","Morgan","wheat",0
39117,"Ohio","Morrow","barley",4.41615299869785
39117,"Ohio","Morrow","corn",3144.57179630309
39117,"Ohio","Morrow","oats",27.6860015333405
39117,"Ohio","Morrow","soybeans",5193.03100878804
39117,"Ohio","Morrow","sunflower",0.00448574698324498
39117,"Ohio","Morrow","wheat",564.987621296525
39119,"Ohio","Muskingum","barley",2.32867053045203
39119,"Ohio","Muskingum","corn",1987.33623782254
39119,"Ohio","Muskingum","flaxseed",0.645530592963676
39119,"Ohio","Muskingum","grain sorghum",1.6007484720169
39119,"Ohio","Muskingum","oats",15.7078413460607
39119,"Ohio","Muskingum","soybeans",1788.04096057478
39119,"Ohio","Muskingum","wheat",85.1370106611746
39121,"Ohio","Noble","corn",0
39121,"Ohio","Noble","oats",0
39121,"Ohio","Noble","soybeans",0
39123,"Ohio","Ottawa","barley",18.592396723486
39123,"Ohio","Ottawa","canola",4.25596326752587
39123,"Ohio","Ottawa","corn",968.340873909822
39123,"Ohio","Ottawa","mustard",0.0010412991724159
39123,"Ohio","Ottawa","oats",8.15415349439584
39123,"Ohio","Ottawa","soybeans",3370.92033820358
39123,"Ohio","Ottawa","sunflower",5.80086942969451
39123,"Ohio","Ottawa","wheat",406.081373672313
39125,"Ohio","Paulding","barley",2.51578640821251
39125,"Ohio","Paulding","corn",2539.23026013728
39125,"Ohio","Paulding","grain sorghum",1.71681407944843
39125,"Ohio","Paulding","oats",5.84778121136755
39125,"Ohio","Paulding","soybeans",5029.98412660106
39125,"Ohio","Paulding","sunflower",0.0581611100109879
39125,"Ohio","Paulding","wheat",1008.13173711925
39127,"Ohio","Perry","barley",3.61289232128551
39127,"Ohio","Perry","corn",2510.74554717146
39127,"Ohio","Perry","grain sorghum",0.162587971187232
39127,"Ohio","Perry","oats",17.3834681424933
39127,"Ohio","Perry","soybeans",2609.87193130955
39127,"Ohio","Perry","wheat",188.99757308402
39129,"Ohio","Pickaway","barley",4.33231790764327
39129,"Ohio","Pickaway","corn",2017.15431307044
39129,"Ohio","Pickaway","grain sorghum",1.89149301406377
39129,"Ohio","Pickaway","oats",0.414361869380716
39129,"Ohio","Pickaway","soybeans",2739.60139435418
39129,"Ohio","Pickaway","sunflower",0.0700636317721817
39129,"Ohio","Pickaway","wheat",222.316389485916
39131,"Ohio","Pike","corn",2114.37128347806
39131,"Ohio","Pike","oats",3.20064515908685
39131,"Ohio","Pike","soybeans",2645.89643597291
39131,"Ohio","Pike","wheat",162.958242056613
39133,"Ohio","Portage","barley",0.32485337963743
39133,"Ohio","Portage","corn",257.979336911232
39133,"Ohio","Portage","oats",4.56817594314938
39133,"Ohio","Portage","soybeans",339.415895538226
39133,"Ohio","Portage","sunflower",0.0393906560534036
39133,"Ohio","Portage","wheat",36.5486809050352
39135,"Ohio","Preble","barley",5.88150563981961
39135,"Ohio","Preble","canola",0.452142143129552
39135,"Ohio","Preble","corn",1854.06989709205
39135,"Ohio","Preble","grain sorghum",2.68282858837399
39135,"Ohio","Preble","oats",1.21438267296279
39135,"Ohio","Preble","soybeans",2199.04602069187
39135,"Ohio","Preble","wheat",146.415056505147
39137,"Ohio","Putnam","barley",5.25719729756218
39137,"Ohio","Putnam","corn",2226.12706244448
39137,"Ohio","Putnam","grain sorghum",1.99070643681578
39137,"Ohio","Putnam","oats",1.91546668374339
39137,"Ohio","Putnam","soybeans",4105.50616793214
39137,"Ohio","Putnam","sunflower",2.41945176802266
39137,"Ohio","Putnam","wheat",826.103247437204
39139,"Ohio","Richland","barley",0
39139,"Ohio","Richland","corn",0
39139,"Ohio","Richland","oats",0
39139,"Ohio","Richland","soybeans",0
39139,"Ohio","Richland","sunflower",0
39139,"Ohio","Richland","wheat",0
39141,"Ohio","Ross","barley",14.7644026342927
39141,"Ohio","Ross","corn",3064.60704462029
39141,"Ohio","Ross","grain sorghum",1.17504199238302
39141,"Ohio","Ross","oats",3.93274804430673
39141,"Ohio","Ross","soybeans",3842.60540288626
39141,"Ohio","Ross","sunflower",4.08992949482117
39141,"Ohio","Ross","wheat",376.533863660993
39143,"Ohio","Sandusky","barley",3.84604622130009
39143,"Ohio","Sandusky","corn",2610.97874642779
39143,"Ohio","Sandusky","grain sorghum",1.0011749124885
39143,"Ohio","Sandusky","oats",5.86316409813828
39143,"Ohio","Sandusky","soybeans",3957.89008199676
39143,"Ohio","Sandusky","sunflower",2.66512459193135
39143,"Ohio","Sandusky","wheat",440.055521751592
39145,"Ohio","Scioto","corn",336.902596397889
39145,"Ohio","Scioto","oats",0.65042828721063
39145,"Ohio","Scioto","soybeans",698.873464194626
39145,"Ohio","Scioto","sunflower",0.0288705509944817
39145,"Ohio","Scioto","wheat",20.2612405692826
39147,"Ohio","Seneca","barley",6.3057794453819
39147,"Ohio","Seneca","corn",4879.20832620802
39147,"Ohio","Seneca","oats",5.82673796814271
39147,"Ohio","Seneca","soybeans",7693.71854542469
39147,"Ohio","Seneca","wheat",1389.31544428708
39149,"Ohio","Shelby","barley",6.3877246963612
39149,"Ohio","Shelby","corn",4673.92654719676
39149,"Ohio","Shelby","oats",8.72226378812278
39149,"Ohio","Shelby","soybeans",6139.08325649135
39149,"Ohio","Shelby","sunflower",1.91386025928515
39149,"Ohio","Shelby","wheat",610.345347568109
39151,"Ohio","Stark","barley",3.89302464772179
39151,"Ohio","Stark","corn",2517.49330474433
39151,"Ohio","Stark","grain sorghum",4.92898697628998
39151,"Ohio","Stark","oats",45.8454260783151
39151,"Ohio","Stark","soybeans",2452.55729875585
39151,"Ohio","Stark","sunflower",0.502455843283753
39151,"Ohio","Stark","wheat",395.725027954211
39153,"Ohio","Summit","barley",0
39153,"Ohio","Summit","corn",0
39153,"Ohio","Summit","oats",0
39153,"Ohio","Summit","soybeans",0
39153,"Ohio","Summit","wheat",0
39155,"Ohio","Trumbull","barley",22.5033525621079
39155,"Ohio","Trumbull","corn",1159.58379928573
39155,"Ohio","Trumbull","oats",41.5356941748884
39155,"Ohio","Trumbull","soybeans",1623.47984928744
39155,"Ohio","Trumbull","wheat",134.594638023162
39157,"Ohio","Tuscarawas","barley",6.53469845154228
39157,"Ohio","Tuscarawas","corn",4350.46292282505
39157,"Ohio","Tuscarawas","grain sorghum",1.98946581714377
39157,"Ohio","Tuscarawas","oats",48.3847574494811
39157,"Ohio","Tuscarawas","soybeans",2824.13306610115
39157,"Ohio","Tuscarawas","wheat",426.920626022295
39159,"Ohio","Union","barley",10.5784352191179
39159,"Ohio","Union","corn",2686.26232513849
39159,"Ohio","Union","oats",0.770257270367798
39159,"Ohio","Union","soybeans",5113.88679315377
39159,"Ohio","Union","sunflower",0.0932909636411214
39159,"Ohio","Union","wheat",451.548564921292
39161,"Ohio","Van Wert","barley",2.17451123904057
39161,"Ohio","Van Wert","corn",1458.82400028826
39161,"Ohio","Van Wert","grain sorghum",3.60061383735078
39161,"Ohio","Van Wert","oats",1.53447620768074
39161,"Ohio","Van Wert","soybeans",2375.45029270745
39161,"Ohio","Van Wert","wheat",195.23283905356
39163,"Ohio","Vinton","corn",0
39163,"Ohio","Vinton","oats",0
39163,"Ohio","Vinton","soybeans",0
39165,"Ohio","Warren","barley",0.57098225553545
39165,"Ohio","Warren","corn",504.634380368767
39165,"Ohio","Warren","oats",0.22172163187459
39165,"Ohio","Warren","soybeans",933.268387373982
39165,"Ohio","Warren","sunflower",1.31512321914995
39165,"Ohio","Warren","wheat",45.6581251506918
39167,"Ohio","Washington","barley",6.1216828025261
39167,"Ohio","Washington","corn",861.79610026813
39167,"Ohio","Washington","oats",14.5953851266667
39167,"Ohio","Washington","soybeans",746.149897415501
39167,"Ohio","Washington","wheat",28.3464777205066
39169,"Ohio","Wayne","barley",9.26623279251865
39169,"Ohio","Wayne","canola",2.98014671646246
39169,"Ohio","Wayne","corn",1963.95508993224
39169,"Ohio","Wayne","grain sorghum",3.55300588637341
39169,"Ohio","Wayne","oats",34.1368640506821
39169,"Ohio","Wayne","soybeans",1377.20317129833
39169,"Ohio","Wayne","sunflower",7.96142243419164
39169,"Ohio","Wayne","wheat",221.519910222526
39095,"Ohio","West Lucas","corn",18169.5951886505
39095,"Ohio","West Lucas","oats",38.6457025881082
39095,"Ohio","West Lucas","soybeans",18700.6085565422
39095,"Ohio","West Lucas","wheat",3356.84272555246
39171,"Ohio","Williams","barley",3.82418493512787
39171,"Ohio","Williams","corn",3663.5409117384
39171,"Ohio","Williams","oats",9.05892653553842
39171,"Ohio","Williams","soybeans",5527.62669126267
39171,"Ohio","Williams","wheat",775.355785528275
39173,"Ohio","Wood","barley",3.28788936558035
39173,"Ohio","Wood","corn",2277.39052424185
39173,"Ohio","Wood","grain sorghum",0.0190491852003496
39173,"Ohio","Wood","oats",3.22107434849012
39173,"Ohio","Wood","soybeans",3730.39896134928
39173,"Ohio","Wood","sunflower",2.54562595850797
39173,"Ohio","Wood","wheat",606.638542217741
39175,"Ohio","Wyandot","barley",2.08121755086736
39175,"Ohio","Wyandot","corn",1591.11035700141
39175,"Ohio","Wyandot","oats",1.473624857457
39175,"Ohio","Wyandot","soybeans",2294.7455195583
39175,"Ohio","Wyandot","sunflower",0.85704449749196
39175,"Ohio","Wyandot","wheat",238.152236534479
40001,"Oklahoma","Adair","corn",0
40001,"Oklahoma","Adair","soybeans",0
40001,"Oklahoma","Adair","wheat",0
40003,"Oklahoma","Alfalfa","barley",24.7190219858085
40003,"Oklahoma","Alfalfa","canola",401.537939799099
40003,"Oklahoma","Alfalfa","corn",547.690024037647
40003,"Oklahoma","Alfalfa","cotton",174.7793679457
40003,"Oklahoma","Alfalfa","grain sorghum",1293.88060140964
40003,"Oklahoma","Alfalfa","oats",156.96560497729
40003,"Oklahoma","Alfalfa","sesame",2062.40844030421
40003,"Oklahoma","Alfalfa","soybeans",4660.83114969313
40003,"Oklahoma","Alfalfa","sunflower",88.6072333569338
40003,"Oklahoma","Alfalfa","wheat",67286.7111164905
40005,"Oklahoma","Atoka","cotton",0
40005,"Oklahoma","Atoka","oats",0
40005,"Oklahoma","Atoka","peanuts",0
40005,"Oklahoma","Atoka","wheat",0
40007,"Oklahoma","Beaver","corn",0
40007,"Oklahoma","Beaver","cotton",0
40007,"Oklahoma","Beaver","grain sorghum",0
40007,"Oklahoma","Beaver","oats",0
40007,"Oklahoma","Beaver","sesame",0
40007,"Oklahoma","Beaver","soybeans",0
40007,"Oklahoma","Beaver","wheat",0
40009,"Oklahoma","Beckham","barley",0
40009,"Oklahoma","Beckham","corn",0
40009,"Oklahoma","Beckham","cotton",0
40009,"Oklahoma","Beckham","grain sorghum",0
40009,"Oklahoma","Beckham","mustard",0
40009,"Oklahoma","Beckham","oats",0
40009,"Oklahoma","Beckham","peanuts",0
40009,"Oklahoma","Beckham","sesame",0
40009,"Oklahoma","Beckham","soybeans",0
40009,"Oklahoma","Beckham","sunflower",0
40009,"Oklahoma","Beckham","wheat",0
40011,"Oklahoma","Blaine","barley",147.042040617384
40011,"Oklahoma","Blaine","canola",243.388903354263
40011,"Oklahoma","Blaine","corn",152.481393315832
40011,"Oklahoma","Blaine","cotton",576.503781842645
40011,"Oklahoma","Blaine","dry peas",8.5899424856368
40011,"Oklahoma","Blaine","grain sorghum",165.920439772648
40011,"Oklahoma","Blaine","oats",60.892282317597
40011,"Oklahoma","Blaine","peanuts",91.6854203286594
40011,"Oklahoma","Blaine","sesame",224.90294111525
40011,"Oklahoma","Blaine","soybeans",408.738214634358
40011,"Oklahoma","Blaine","sunflower",54.2802218898648
40011,"Oklahoma","Blaine","wheat",48418.6798916592
40013,"Oklahoma","Bryan","corn",0
40013,"Oklahoma","Bryan","cotton",0
40013,"Oklahoma","Bryan","grain sorghum",0
40013,"Oklahoma","Bryan","oats",0
40013,"Oklahoma","Bryan","soybeans",0
40013,"Oklahoma","Bryan","sunflower",0
40013,"Oklahoma","Bryan","wheat",0
40015,"Oklahoma","Caddo","barley",0
40015,"Oklahoma","Caddo","corn",0
40015,"Oklahoma","Caddo","cotton",0
40015,"Oklahoma","Caddo","grain sorghum",0
40015,"Oklahoma","Caddo","oats",0
40015,"Oklahoma","Caddo","peanuts",0
40015,"Oklahoma","Caddo","sesame",0
40015,"Oklahoma","Caddo","soybeans",0
40015,"Oklahoma","Caddo","sunflower",0
40015,"Oklahoma","Caddo","wheat",0
40017,"Oklahoma","Canadian","barley",0
40017,"Oklahoma","Canadian","canola",0
40017,"Oklahoma","Canadian","corn",0
40017,"Oklahoma","Canadian","cotton",0
40017,"Oklahoma","Canadian","grain sorghum",0
40017,"Oklahoma","Canadian","oats",0
40017,"Oklahoma","Canadian","peanuts",0
40017,"Oklahoma","Canadian","sesame",0
40017,"Oklahoma","Canadian","soybeans",0
40017,"Oklahoma","Canadian","sunflower",0
40017,"Oklahoma","Canadian","wheat",0
40019,"Oklahoma","Carter","oats",0
40019,"Oklahoma","Carter","soybeans",0
40019,"Oklahoma","Carter","wheat",0
40021,"Oklahoma","Cherokee","corn",0
40021,"Oklahoma","Cherokee","oats",0
40021,"Oklahoma","Cherokee","soybeans",0
40021,"Oklahoma","Cherokee","wheat",0
40023,"Oklahoma","Choctaw","corn",0
40023,"Oklahoma","Choctaw","grain sorghum",0
40023,"Oklahoma","Choctaw","oats",0
40023,"Oklahoma","Choctaw","peanuts",0
40023,"Oklahoma","Choctaw","soybeans",0
40023,"Oklahoma","Choctaw","wheat",0
40025,"Oklahoma","Cimarron","barley",353.323035444443
40025,"Oklahoma","Cimarron","corn",6547.66874738383
40025,"Oklahoma","Cimarron","cotton",2737.42482902867
40025,"Oklahoma","Cimarron","grain sorghum",29967.3219477982
40025,"Oklahoma","Cimarron","oats",1314.53690237109
40025,"Oklahoma","Cimarron","sesame",331.187460465983
40025,"Oklahoma","Cimarron","sunflower",312.819840582387
40025,"Oklahoma","Cimarron","wheat",49823.9622369255
40027,"Oklahoma","Cleveland","corn",0
40027,"Oklahoma","Cleveland","cotton",0
40027,"Oklahoma","Cleveland","grain sorghum",0
40027,"Oklahoma","Cleveland","oats",0
40027,"Oklahoma","Cleveland","soybeans",0
40027,"Oklahoma","Cleveland","wheat",0
40029,"Oklahoma","Coal","soybeans",0
40029,"Oklahoma","Coal","wheat",0
40031,"Oklahoma","Comanche","barley",0
40031,"Oklahoma","Comanche","corn",0
40031,"Oklahoma","Comanche","cotton",0
40031,"Oklahoma","Comanche","grain sorghum",0
40031,"Oklahoma","Comanche","oats",0
40031,"Oklahoma","Comanche","sesame",0
40031,"Oklahoma","Comanche","wheat",0
40033,"Oklahoma","Cotton","barley",103.848475439401
40033,"Oklahoma","Cotton","canola",26.3226397942858
40033,"Oklahoma","Cotton","corn",180.708804419008
40033,"Oklahoma","Cotton","cotton",2260.29769092608
40033,"Oklahoma","Cotton","grain sorghum",458.171707344615
40033,"Oklahoma","Cotton","oats",251.513637619892
40033,"Oklahoma","Cotton","soybeans",39.2062836746131
40033,"Oklahoma","Cotton","wheat",45849.5632607821
40035,"Oklahoma","Craig","barley",0
40035,"Oklahoma","Craig","corn",0
40035,"Oklahoma","Craig","grain sorghum",0
40035,"Oklahoma","Craig","oats",0
40035,"Oklahoma","Craig","soybeans",0
40035,"Oklahoma","Craig","sunflower",0
40035,"Oklahoma","Craig","wheat",0
40037,"Oklahoma","Creek","corn",0
40037,"Oklahoma","Creek","grain sorghum",0
40037,"Oklahoma","Creek","oats",0
40037,"Oklahoma","Creek","soybeans",0
40037,"Oklahoma","Creek","wheat",0
40039,"Oklahoma","Custer","barley",0
40039,"Oklahoma","Custer","canola",0
40039,"Oklahoma","Custer","corn",0
40039,"Oklahoma","Custer","cotton",0
40039,"Oklahoma","Custer","grain sorghum",0
40039,"Oklahoma","Custer","oats",0
40039,"Oklahoma","Custer","peanuts",0
40039,"Oklahoma","Custer","sesame",0
40039,"Oklahoma","Custer","soybeans",0
40039,"Oklahoma","Custer","sunflower",0
40039,"Oklahoma","Custer","wheat",0
40041,"Oklahoma","Delaware","corn",0
40041,"Oklahoma","Delaware","grain sorghum",0
40041,"Oklahoma","Delaware","oats",0
40041,"Oklahoma","Delaware","soybeans",0
40041,"Oklahoma","Delaware","wheat",0
40043,"Oklahoma","Dewey","barley",44.6886814242305
40043,"Oklahoma","Dewey","canola",29.8067346044589
40043,"Oklahoma","Dewey","corn",3.1929775152979
40043,"Oklahoma","Dewey","cotton",58.6948152762377
40043,"Oklahoma","Dewey","dry peas",15.3385804445059
40043,"Oklahoma","Dewey","grain sorghum",68.8879349168892
40043,"Oklahoma","Dewey","oats",13.4238670636232
40043,"Oklahoma","Dewey","peanuts",2.57761208358755
40043,"Oklahoma","Dewey","sesame",70.8181911232882
40043,"Oklahoma","Dewey","soybeans",28.0142035432935
40043,"Oklahoma","Dewey","sunflower",4.4015093522028
40043,"Oklahoma","Dewey","wheat",7275.46526765241
40045,"Oklahoma","Ellis","barley",0
40045,"Oklahoma","Ellis","corn",0
40045,"Oklahoma","Ellis","cotton",0
40045,"Oklahoma","Ellis","grain sorghum",0
40045,"Oklahoma","Ellis","oats",0
40045,"Oklahoma","Ellis","sesame",0
40045,"Oklahoma","Ellis","soybeans",0
40045,"Oklahoma","Ellis","sunflower",0
40045,"Oklahoma","Ellis","wheat",0
40047,"Oklahoma","Garfield","barley",198.804004779152
40047,"Oklahoma","Garfield","canola",569.763819474431
40047,"Oklahoma","Garfield","corn",3881.46240504035
40047,"Oklahoma","Garfield","cotton",41.8761436216743
40047,"Oklahoma","Garfield","grain sorghum",3551.61640642482
40047,"Oklahoma","Garfield","oats",593.017492495444
40047,"Oklahoma","Garfield","sesame",673.46576416994
40047,"Oklahoma","Garfield","soybeans",11365.5985597347
40047,"Oklahoma","Garfield","sunflower",64.3013086243388
40047,"Oklahoma","Garfield","wheat",65387.9780956352
40049,"Oklahoma","Garvin","barley",0
40049,"Oklahoma","Garvin","corn",0
40049,"Oklahoma","Garvin","cotton",0
40049,"Oklahoma","Garvin","grain sorghum",0
40049,"Oklahoma","Garvin","oats",0
40049,"Oklahoma","Garvin","soybeans",0
40049,"Oklahoma","Garvin","wheat",0
40051,"Oklahoma","Grady","barley",0
40051,"Oklahoma","Grady","corn",0
40051,"Oklahoma","Grady","cotton",0
40051,"Oklahoma","Grady","grain sorghum",0
40051,"Oklahoma","Grady","oats",0
40051,"Oklahoma","Grady","peanuts",0
40051,"Oklahoma","Grady","sesame",0
40051,"Oklahoma","Grady","soybeans",0
40051,"Oklahoma","Grady","sunflower",0
40051,"Oklahoma","Grady","wheat",0
40053,"Oklahoma","Grant","barley",56.1403826571339
40053,"Oklahoma","Grant","canola",134.445496319695
40053,"Oklahoma","Grant","corn",732.156729397277
40053,"Oklahoma","Grant","cotton",761.874646506626
40053,"Oklahoma","Grant","grain sorghum",925.759652568385
40053,"Oklahoma","Grant","oats",88.17888776041
40053,"Oklahoma","Grant","sesame",144.858273252653
40053,"Oklahoma","Grant","soybeans",4172.2732673705
40053,"Oklahoma","Grant","sunflower",20.0307664365714
40053,"Oklahoma","Grant","wheat",16507.2323777308
40055,"Oklahoma","Greer","barley",0
40055,"Oklahoma","Greer","canola",0
40055,"Oklahoma","Greer","corn",0
40055,"Oklahoma","Greer","cotton",0
40055,"Oklahoma","Greer","grain sorghum",0
40055,"Oklahoma","Greer","oats",0
40055,"Oklahoma","Greer","peanuts",0
40055,"Oklahoma","Greer","sesame",0
40055,"Oklahoma","Greer","wheat",0
40057,"Oklahoma","Harmon","barley",107.482360669117
40057,"Oklahoma","Harmon","corn",87.2679964919017
40057,"Oklahoma","Harmon","cotton",3601.07383653882
40057,"Oklahoma","Harmon","grain sorghum",112.775883396404
40057,"Oklahoma","Harmon","oats",10.8296945516872
40057,"Oklahoma","Harmon","peanuts",4.84259182942236
40057,"Oklahoma","Harmon","sesame",8.83079668646437
40057,"Oklahoma","Harmon","soybeans",9.53412740273631
40057,"Oklahoma","Harmon","wheat",8421.67240576679
40059,"Oklahoma","Harper","barley",0
40059,"Oklahoma","Harper","corn",0
40059,"Oklahoma","Harper","cotton",0
40059,"Oklahoma","Harper","grain sorghum",0
40059,"Oklahoma","Harper","oats",0
40059,"Oklahoma","Harper","sesame",0
40059,"Oklahoma","Harper","soybeans",0
40059,"Oklahoma","Harper","wheat",0
40061,"Oklahoma","Haskell","corn",0
40061,"Oklahoma","Haskell","soybeans",0
40061,"Oklahoma","Haskell","wheat",0
40063,"Oklahoma","Hughes","corn",0
40063,"Oklahoma","Hughes","cotton",0
40063,"Oklahoma","Hughes","grain sorghum",0
40063,"Oklahoma","Hughes","oats",0
40063,"Oklahoma","Hughes","soybeans",0
40063,"Oklahoma","Hughes","wheat",0
40065,"Oklahoma","Jackson","barley",178.775566908472
40065,"Oklahoma","Jackson","corn",16.6611203291291
40065,"Oklahoma","Jackson","cotton",20025.3292102816
40065,"Oklahoma","Jackson","dry peas",16.8300352949966
40065,"Oklahoma","Jackson","grain sorghum",456.524807055342
40065,"Oklahoma","Jackson","oats",105.978603114823
40065,"Oklahoma","Jackson","peanuts",8.67363847626922
40065,"Oklahoma","Jackson","sesame",130.06141612455
40065,"Oklahoma","Jackson","sunflower",42.4718243286233
40065,"Oklahoma","Jackson","wheat",27089.5632114195
40067,"Oklahoma","Jefferson","cotton",0
40067,"Oklahoma","Jefferson","oats",0
40067,"Oklahoma","Jefferson","wheat",0
40069,"Oklahoma","Johnston","corn",0
40069,"Oklahoma","Johnston","oats",0
40069,"Oklahoma","Johnston","soybeans",0
40069,"Oklahoma","Johnston","wheat",0
40071,"Oklahoma","Kay","barley",13.6352117825079
40071,"Oklahoma","Kay","canola",19.6150099820869
40071,"Oklahoma","Kay","corn",2451.89763859555
40071,"Oklahoma","Kay","cotton",767.138733325951
40071,"Oklahoma","Kay","grain sorghum",1513.91011596175
40071,"Oklahoma","Kay","oats",218.306572215333
40071,"Oklahoma","Kay","sesame",131.268422159436
40071,"Oklahoma","Kay","soybeans",12234.4131242658
40071,"Oklahoma","Kay","wheat",15548.3991717116
40073,"Oklahoma","Kingfisher","barley",335.506372199605
40073,"Oklahoma","Kingfisher","canola",583.076728524549
40073,"Oklahoma","Kingfisher","corn",155.131796190757
40073,"Oklahoma","Kingfisher","cotton",91.9392507513221
40073,"Oklahoma","Kingfisher","grain sorghum",458.623301714332
40073,"Oklahoma","Kingfisher","oats",348.738696546533
40073,"Oklahoma","Kingfisher","sesame",458.924138746013
40073,"Oklahoma","Kingfisher","soybeans",543.897335335276
40073,"Oklahoma","Kingfisher","sunflower",28.1903319995513
40073,"Oklahoma","Kingfisher","wheat",69578.9817479921
40075,"Oklahoma","Kiowa","barley",0
40075,"Oklahoma","Kiowa","corn",0
40075,"Oklahoma","Kiowa","cotton",0
40075,"Oklahoma","Kiowa","grain sorghum",0
40075,"Oklahoma","Kiowa","oats",0
40075,"Oklahoma","Kiowa","peanuts",0
40075,"Oklahoma","Kiowa","sesame",0
40075,"Oklahoma","Kiowa","soybeans",0
40075,"Oklahoma","Kiowa","wheat",0
40079,"Oklahoma","Le Flore","corn",302.001827143209
40079,"Oklahoma","Le Flore","cotton",26.2030828653936
40079,"Oklahoma","Le Flore","oats",1.84725511260364
40079,"Oklahoma","Le Flore","soybeans",929.272029023892
40079,"Oklahoma","Le Flore","wheat",381.495125854904
40081,"Oklahoma","Lincoln","corn",0
40081,"Oklahoma","Lincoln","cotton",0
40081,"Oklahoma","Lincoln","grain sorghum",0
40081,"Oklahoma","Lincoln","oats",0
40081,"Oklahoma","Lincoln","soybeans",0
40081,"Oklahoma","Lincoln","sunflower",0
40081,"Oklahoma","Lincoln","wheat",0
40083,"Oklahoma","Logan","barley",0
40083,"Oklahoma","Logan","canola",0
40083,"Oklahoma","Logan","corn",0
40083,"Oklahoma","Logan","dry peas",0
40083,"Oklahoma","Logan","grain sorghum",0
40083,"Oklahoma","Logan","oats",0
40083,"Oklahoma","Logan","sesame",0
40083,"Oklahoma","Logan","soybeans",0
40083,"Oklahoma","Logan","wheat",0
40085,"Oklahoma","Love","corn",0
40085,"Oklahoma","Love","cotton",0
40085,"Oklahoma","Love","grain sorghum",0
40085,"Oklahoma","Love","oats",0
40085,"Oklahoma","Love","peanuts",0
40085,"Oklahoma","Love","sesame",0
40085,"Oklahoma","Love","soybeans",0
40085,"Oklahoma","Love","wheat",0
40093,"Oklahoma","Major","barley",73.7366136804642
40093,"Oklahoma","Major","canola",76.9861276228178
40093,"Oklahoma","Major","corn",867.409590333823
40093,"Oklahoma","Major","cotton",233.313067887474
40093,"Oklahoma","Major","grain sorghum",218.075240165437
40093,"Oklahoma","Major","oats",143.303971242414
40093,"Oklahoma","Major","peanuts",56.5267251884998
40093,"Oklahoma","Major","sesame",311.005024324962
40093,"Oklahoma","Major","soybeans",648.111695148536
40093,"Oklahoma","Major","sunflower",36.7846853895751
40093,"Oklahoma","Major","wheat",20847.4572323493
40095,"Oklahoma","Marshall","barley",0
40095,"Oklahoma","Marshall","corn",0
40095,"Oklahoma","Marshall","cotton",0
40095,"Oklahoma","Marshall","grain sorghum",0
40095,"Oklahoma","Marshall","oats",0
40095,"Oklahoma","Marshall","soybeans",0
40095,"Oklahoma","Marshall","wheat",0
40097,"Oklahoma","Mayes","barley",0
40097,"Oklahoma","Mayes","corn",0
40097,"Oklahoma","Mayes","grain sorghum",0
40097,"Oklahoma","Mayes","oats",0
40097,"Oklahoma","Mayes","soybeans",0
40097,"Oklahoma","Mayes","sunflower",0
40097,"Oklahoma","Mayes","wheat",0
40087,"Oklahoma","McClain","corn",0
40087,"Oklahoma","McClain","cotton",0
40087,"Oklahoma","McClain","grain sorghum",0
40087,"Oklahoma","McClain","oats",0
40087,"Oklahoma","McClain","soybeans",0
40087,"Oklahoma","McClain","wheat",0
40089,"Oklahoma","McCurtain","corn",0
40089,"Oklahoma","McCurtain","cotton",0
40089,"Oklahoma","McCurtain","grain sorghum",0
40089,"Oklahoma","McCurtain","oats",0
40089,"Oklahoma","McCurtain","soybeans",0
40089,"Oklahoma","McCurtain","wheat",0
40091,"Oklahoma","McIntosh","corn",0
40091,"Oklahoma","McIntosh","grain sorghum",0
40091,"Oklahoma","McIntosh","soybeans",0
40091,"Oklahoma","McIntosh","wheat",0
40099,"Oklahoma","Murray","oats",0
40099,"Oklahoma","Murray","soybeans",0
40099,"Oklahoma","Murray","wheat",0
40101,"Oklahoma","Muskogee","corn",0
40101,"Oklahoma","Muskogee","cotton",0
40101,"Oklahoma","Muskogee","grain sorghum",0
40101,"Oklahoma","Muskogee","oats",0
40101,"Oklahoma","Muskogee","soybeans",0
40101,"Oklahoma","Muskogee","wheat",0
40103,"Oklahoma","Noble","barley",6.6882543997522
40103,"Oklahoma","Noble","canola",0.763036931202033
40103,"Oklahoma","Noble","corn",34.3654044543344
40103,"Oklahoma","Noble","cotton",2.91633952707349
40103,"Oklahoma","Noble","grain sorghum",25.6238537442861
40103,"Oklahoma","Noble","oats",3.49527763684983
40103,"Oklahoma","Noble","sesame",3.98139560170182
40103,"Oklahoma","Noble","soybeans",100.671231988476
40103,"Oklahoma","Noble","wheat",364.491739049707
40105,"Oklahoma","Nowata","corn",0
40105,"Oklahoma","Nowata","grain sorghum",0
40105,"Oklahoma","Nowata","oats",0
40105,"Oklahoma","Nowata","soybeans",0
40105,"Oklahoma","Nowata","wheat",0
40107,"Oklahoma","Okfuskee","corn",0
40107,"Oklahoma","Okfuskee","cotton",0
40107,"Oklahoma","Okfuskee","oats",0
40107,"Oklahoma","Okfuskee","soybeans",0
40107,"Oklahoma","Okfuskee","wheat",0
40109,"Oklahoma","Oklahoma","barley",0
40109,"Oklahoma","Oklahoma","corn",0
40109,"Oklahoma","Oklahoma","cotton",0
40109,"Oklahoma","Oklahoma","grain sorghum",0
40109,"Oklahoma","Oklahoma","oats",0
40109,"Oklahoma","Oklahoma","sesame",0
40109,"Oklahoma","Oklahoma","soybeans",0
40109,"Oklahoma","Oklahoma","wheat",0
40111,"Oklahoma","Okmulgee","canola",0
40111,"Oklahoma","Okmulgee","corn",0
40111,"Oklahoma","Okmulgee","cotton",0
40111,"Oklahoma","Okmulgee","grain sorghum",0
40111,"Oklahoma","Okmulgee","oats",0
40111,"Oklahoma","Okmulgee","soybeans",0
40111,"Oklahoma","Okmulgee","sunflower",0
40111,"Oklahoma","Okmulgee","wheat",0
40113,"Oklahoma","Osage","barley",0
40113,"Oklahoma","Osage","corn",0
40113,"Oklahoma","Osage","grain sorghum",0
40113,"Oklahoma","Osage","oats",0
40113,"Oklahoma","Osage","soybeans",0
40113,"Oklahoma","Osage","wheat",0
40115,"Oklahoma","Ottawa","canola",0
40115,"Oklahoma","Ottawa","corn",0
40115,"Oklahoma","Ottawa","grain sorghum",0
40115,"Oklahoma","Ottawa","oats",0
40115,"Oklahoma","Ottawa","soybeans",0
40115,"Oklahoma","Ottawa","sunflower",0
40115,"Oklahoma","Ottawa","wheat",0
40117,"Oklahoma","Pawnee","barley",0
40117,"Oklahoma","Pawnee","corn",0
40117,"Oklahoma","Pawnee","grain sorghum",0
40117,"Oklahoma","Pawnee","oats",0
40117,"Oklahoma","Pawnee","soybeans",0
40117,"Oklahoma","Pawnee","wheat",0
40119,"Oklahoma","Payne","barley",0
40119,"Oklahoma","Payne","canola",0
40119,"Oklahoma","Payne","corn",0
40119,"Oklahoma","Payne","dry peas",0
40119,"Oklahoma","Payne","grain sorghum",0
40119,"Oklahoma","Payne","oats",0
40119,"Oklahoma","Payne","soybeans",0
40119,"Oklahoma","Payne","wheat",0
40121,"Oklahoma","Pittsburg","corn",0
40121,"Oklahoma","Pittsburg","grain sorghum",0
40121,"Oklahoma","Pittsburg","soybeans",0
40121,"Oklahoma","Pittsburg","wheat",0
40123,"Oklahoma","Pontotoc","corn",0
40123,"Oklahoma","Pontotoc","oats",0
40123,"Oklahoma","Pontotoc","soybeans",0
40123,"Oklahoma","Pontotoc","wheat",0
40125,"Oklahoma","Pottawatomie","corn",0
40125,"Oklahoma","Pottawatomie","cotton",0
40125,"Oklahoma","Pottawatomie","grain sorghum",0
40125,"Oklahoma","Pottawatomie","oats",0
40125,"Oklahoma","Pottawatomie","soybeans",0
40125,"Oklahoma","Pottawatomie","wheat",0
40129,"Oklahoma","Roger Mills","barley",0
40129,"Oklahoma","Roger Mills","corn",0
40129,"Oklahoma","Roger Mills","cotton",0
40129,"Oklahoma","Roger Mills","grain sorghum",0
40129,"Oklahoma","Roger Mills","oats",0
40129,"Oklahoma","Roger Mills","sesame",0
40129,"Oklahoma","Roger Mills","soybeans",0
40129,"Oklahoma","Roger Mills","wheat",0
40131,"Oklahoma","Rogers","corn",0
40131,"Oklahoma","Rogers","grain sorghum",0
40131,"Oklahoma","Rogers","oats",0
40131,"Oklahoma","Rogers","soybeans",0
40131,"Oklahoma","Rogers","wheat",0
40133,"Oklahoma","Seminole","corn",0
40133,"Oklahoma","Seminole","grain sorghum",0
40133,"Oklahoma","Seminole","soybeans",0
40133,"Oklahoma","Seminole","wheat",0
40135,"Oklahoma","Sequoyah","corn",2267.86424529815
40135,"Oklahoma","Sequoyah","cotton",756.772244814216
40135,"Oklahoma","Sequoyah","grain sorghum",9.38516951650065
40135,"Oklahoma","Sequoyah","soybeans",5129.06916258622
40135,"Oklahoma","Sequoyah","wheat",1999.87804445158
40137,"Oklahoma","Stephens","barley",0
40137,"Oklahoma","Stephens","corn",0
40137,"Oklahoma","Stephens","cotton",0
40137,"Oklahoma","Stephens","oats",0
40137,"Oklahoma","Stephens","peanuts",0
40137,"Oklahoma","Stephens","wheat",0
40139,"Oklahoma","Texas","barley",0
40139,"Oklahoma","Texas","corn",0
40139,"Oklahoma","Texas","cotton",0
40139,"Oklahoma","Texas","grain sorghum",0
40139,"Oklahoma","Texas","oats",0
40139,"Oklahoma","Texas","sesame",0
40139,"Oklahoma","Texas","soybeans",0
40139,"Oklahoma","Texas","sunflower",0
40139,"Oklahoma","Texas","wheat",0
40141,"Oklahoma","Tillman","barley",607.341535438343
40141,"Oklahoma","Tillman","canola",6.87148936998356
40141,"Oklahoma","Tillman","corn",2219.4506621472
40141,"Oklahoma","Tillman","cotton",14068.8028430921
40141,"Oklahoma","Tillman","dry peas",21.5022645365526
40141,"Oklahoma","Tillman","grain sorghum",413.086729825507
40141,"Oklahoma","Tillman","oats",437.156182790685
40141,"Oklahoma","Tillman","peanuts",27.7058451397737
40141,"Oklahoma","Tillman","sesame",119.875193506174
40141,"Oklahoma","Tillman","soybeans",65.8992322155912
40141,"Oklahoma","Tillman","sunflower",11.7323809503099
40141,"Oklahoma","Tillman","wheat",31509.6746209878
40143,"Oklahoma","Tulsa","corn",0
40143,"Oklahoma","Tulsa","grain sorghum",0
40143,"Oklahoma","Tulsa","soybeans",0
40143,"Oklahoma","Tulsa","wheat",0
40145,"Oklahoma","Wagoner","barley",0
40145,"Oklahoma","Wagoner","canola",0
40145,"Oklahoma","Wagoner","corn",0
40145,"Oklahoma","Wagoner","cotton",0
40145,"Oklahoma","Wagoner","grain sorghum",0
40145,"Oklahoma","Wagoner","oats",0
40145,"Oklahoma","Wagoner","soybeans",0
40145,"Oklahoma","Wagoner","wheat",0
40147,"Oklahoma","Washington","corn",0
40147,"Oklahoma","Washington","grain sorghum",0
40147,"Oklahoma","Washington","oats",0
40147,"Oklahoma","Washington","soybeans",0
40147,"Oklahoma","Washington","wheat",0
40149,"Oklahoma","Washita","barley",314.382670407017
40149,"Oklahoma","Washita","corn",249.499106596163
40149,"Oklahoma","Washita","cotton",4858.43120925643
40149,"Oklahoma","Washita","dry peas",58.0256644209565
40149,"Oklahoma","Washita","grain sorghum",601.546618734089
40149,"Oklahoma","Washita","oats",225.782351603668
40149,"Oklahoma","Washita","peanuts",9.1112911252234
40149,"Oklahoma","Washita","safflower",7.80580191429267
40149,"Oklahoma","Washita","sesame",620.033254817838
40149,"Oklahoma","Washita","soybeans",273.562418457595
40149,"Oklahoma","Washita","sunflower",22.3370351091279
40149,"Oklahoma","Washita","wheat",32476.9795975576
40151,"Oklahoma","Woods","barley",0
40151,"Oklahoma","Woods","canola",0
40151,"Oklahoma","Woods","corn",0
40151,"Oklahoma","Woods","grain sorghum",0
40151,"Oklahoma","Woods","oats",0
40151,"Oklahoma","Woods","sesame",0
40151,"Oklahoma","Woods","soybeans",0
40151,"Oklahoma","Woods","sunflower",0
40151,"Oklahoma","Woods","wheat",0
40153,"Oklahoma","Woodward","barley",0
40153,"Oklahoma","Woodward","corn",0
40153,"Oklahoma","Woodward","grain sorghum",0
40153,"Oklahoma","Woodward","oats",0
40153,"Oklahoma","Woodward","sesame",0
40153,"Oklahoma","Woodward","soybeans",0
40153,"Oklahoma","Woodward","sunflower",0
40153,"Oklahoma","Woodward","wheat",0
41001,"Oregon","Baker","barley",0
41001,"Oregon","Baker","canola",0
41001,"Oregon","Baker","corn",0
41001,"Oregon","Baker","oats",0
41001,"Oregon","Baker","sunflower",0
41001,"Oregon","Baker","wheat",0
41003,"Oregon","Benton","barley",0
41003,"Oregon","Benton","corn",0
41003,"Oregon","Benton","mustard",0
41003,"Oregon","Benton","oats",0
41003,"Oregon","Benton","sunflower",0
41003,"Oregon","Benton","wheat",0
41005,"Oregon","Clackamas","barley",0
41005,"Oregon","Clackamas","corn",0
41005,"Oregon","Clackamas","flaxseed",0
41005,"Oregon","Clackamas","grain sorghum",0
41005,"Oregon","Clackamas","oats",0
41005,"Oregon","Clackamas","wheat",0
41007,"Oregon","Clatsop","oats",37.09
41009,"Oregon","Columbia","corn",142.797728735378
41009,"Oregon","Columbia","oats",42.3776830228287
41009,"Oregon","Columbia","wheat",138.474588241793
41013,"Oregon","Crook","barley",0
41013,"Oregon","Crook","oats",0
41013,"Oregon","Crook","wheat",0
41017,"Oregon","Deschutes","corn",0
41017,"Oregon","Deschutes","dry peas",0
41017,"Oregon","Deschutes","mustard",0
41017,"Oregon","Deschutes","oats",0
41017,"Oregon","Deschutes","soybeans",0
41017,"Oregon","Deschutes","wheat",0
41021,"Oregon","Gilliam","barley",0
41021,"Oregon","Gilliam","chickpeas_small",0
41021,"Oregon","Gilliam","dry peas",0
41021,"Oregon","Gilliam","oats",0
41021,"Oregon","Gilliam","sunflower",0
41021,"Oregon","Gilliam","wheat",0
41023,"Oregon","Grant","barley",74.4477087297197
41023,"Oregon","Grant","oats",419.238359765846
41023,"Oregon","Grant","wheat",39.5414315044345
41025,"Oregon","Harney","barley",1337.23172706448
41025,"Oregon","Harney","corn",53.1209209740216
41025,"Oregon","Harney","oats",845.619669891242
41025,"Oregon","Harney","sunflower",65.1094570904991
41025,"Oregon","Harney","wheat",1110.92422497976
41027,"Oregon","Hood River","barley",0
41027,"Oregon","Hood River","corn",0
41027,"Oregon","Hood River","oats",0
41029,"Oregon","Jackson","barley",0
41029,"Oregon","Jackson","corn",0
41029,"Oregon","Jackson","wheat",0
41031,"Oregon","Jefferson","barley",0
41031,"Oregon","Jefferson","canola",0
41031,"Oregon","Jefferson","corn",0
41031,"Oregon","Jefferson","flaxseed",0
41031,"Oregon","Jefferson","grain sorghum",0
41031,"Oregon","Jefferson","oats",0
41031,"Oregon","Jefferson","sunflower",0
41031,"Oregon","Jefferson","wheat",0
41033,"Oregon","Josephine","barley",0
41033,"Oregon","Josephine","corn",0
41033,"Oregon","Josephine","wheat",0
41035,"Oregon","Klamath","barley",0
41035,"Oregon","Klamath","corn",0
41035,"Oregon","Klamath","dry peas",0
41035,"Oregon","Klamath","oats",0
41035,"Oregon","Klamath","wheat",0
41037,"Oregon","Lake","barley",0
41037,"Oregon","Lake","canola",0
41037,"Oregon","Lake","oats",0
41037,"Oregon","Lake","wheat",0
41039,"Oregon","Lane","barley",0
41039,"Oregon","Lane","corn",0
41039,"Oregon","Lane","mustard",0
41039,"Oregon","Lane","oats",0
41039,"Oregon","Lane","sunflower",0
41039,"Oregon","Lane","wheat",0
41043,"Oregon","Linn","barley",0
41043,"Oregon","Linn","canola",0
41043,"Oregon","Linn","corn",0
41043,"Oregon","Linn","mustard",0
41043,"Oregon","Linn","oats",0
41043,"Oregon","Linn","wheat",0
41045,"Oregon","Malheur","barley",934.359397802727
41045,"Oregon","Malheur","chickpeas_small",0.190819058522009
41045,"Oregon","Malheur","corn",8533.15941570359
41045,"Oregon","Malheur","dry peas",56.1470623711729
41045,"Oregon","Malheur","flaxseed",4.67217573593282
41045,"Oregon","Malheur","grain sorghum",5.58001186284056
41045,"Oregon","Malheur","mustard",9.70141440713031
41045,"Oregon","Malheur","oats",393.378115059691
41045,"Oregon","Malheur","wheat",6772.9070879984
41047,"Oregon","Marion","barley",0
41047,"Oregon","Marion","canola",0
41047,"Oregon","Marion","corn",0
41047,"Oregon","Marion","grain sorghum",0
41047,"Oregon","Marion","mustard",0
41047,"Oregon","Marion","oats",0
41047,"Oregon","Marion","rapeseed",0
41047,"Oregon","Marion","wheat",0
41049,"Oregon","Morrow","barley",0
41049,"Oregon","Morrow","canola",0
41049,"Oregon","Morrow","corn",0
41049,"Oregon","Morrow","dry peas",0
41049,"Oregon","Morrow","grain sorghum",0
41049,"Oregon","Morrow","oats",0
41049,"Oregon","Morrow","soybeans",0
41049,"Oregon","Morrow","sunflower",0
41049,"Oregon","Morrow","wheat",0
41051,"Oregon","Multnomah","corn",0
41051,"Oregon","Multnomah","oats",0
41051,"Oregon","Multnomah","wheat",0
41053,"Oregon","Polk","barley",0
41053,"Oregon","Polk","canola",0
41053,"Oregon","Polk","chickpeas_large",0
41053,"Oregon","Polk","chickpeas_small",0
41053,"Oregon","Polk","corn",0
41053,"Oregon","Polk","mustard",0
41053,"Oregon","Polk","oats",0
41053,"Oregon","Polk","wheat",0
41055,"Oregon","Sherman","barley",0
41055,"Oregon","Sherman","canola",0
41055,"Oregon","Sherman","sunflower",0
41055,"Oregon","Sherman","wheat",0
41057,"Oregon","Tillamook","corn",1041.56
41059,"Oregon","Umatilla","barley",0
41059,"Oregon","Umatilla","canola",0
41059,"Oregon","Umatilla","chickpeas_large",0
41059,"Oregon","Umatilla","chickpeas_small",0
41059,"Oregon","Umatilla","corn",0
41059,"Oregon","Umatilla","dry peas",0
41059,"Oregon","Umatilla","mustard",0
41059,"Oregon","Umatilla","oats",0
41059,"Oregon","Umatilla","safflower",0
41059,"Oregon","Umatilla","soybeans",0
41059,"Oregon","Umatilla","sunflower",0
41059,"Oregon","Umatilla","wheat",0
41061,"Oregon","Union","barley",0
41061,"Oregon","Union","canola",0
41061,"Oregon","Union","chickpeas_large",0
41061,"Oregon","Union","corn",0
41061,"Oregon","Union","dry peas",0
41061,"Oregon","Union","flaxseed",0
41061,"Oregon","Union","lentils",0
41061,"Oregon","Union","mustard",0
41061,"Oregon","Union","oats",0
41061,"Oregon","Union","soybeans",0
41061,"Oregon","Union","sunflower",0
41061,"Oregon","Union","wheat",0
41063,"Oregon","Wallowa","barley",0
41063,"Oregon","Wallowa","canola",0
41063,"Oregon","Wallowa","corn",0
41063,"Oregon","Wallowa","dry peas",0
41063,"Oregon","Wallowa","flaxseed",0
41063,"Oregon","Wallowa","lentils",0
41063,"Oregon","Wallowa","mustard",0
41063,"Oregon","Wallowa","oats",0
41063,"Oregon","Wallowa","wheat",0
41065,"Oregon","Wasco","barley",0
41065,"Oregon","Wasco","canola",0
41065,"Oregon","Wasco","corn",0
41065,"Oregon","Wasco","grain sorghum",0
41065,"Oregon","Wasco","mustard",0
41065,"Oregon","Wasco","oats",0
41065,"Oregon","Wasco","safflower",0
41065,"Oregon","Wasco","sunflower",0
41065,"Oregon","Wasco","wheat",0
41067,"Oregon","Washington","barley",0
41067,"Oregon","Washington","chickpeas_small",0
41067,"Oregon","Washington","corn",0
41067,"Oregon","Washington","dry peas",0
41067,"Oregon","Washington","oats",0
41067,"Oregon","Washington","sunflower",0
41067,"Oregon","Washington","wheat",0
41069,"Oregon","Wheeler","barley",0
41069,"Oregon","Wheeler","oats",0
41069,"Oregon","Wheeler","wheat",0
41071,"Oregon","Yamhill","barley",0
41071,"Oregon","Yamhill","canola",0
41071,"Oregon","Yamhill","corn",0
41071,"Oregon","Yamhill","dry peas",0
41071,"Oregon","Yamhill","mustard",0
41071,"Oregon","Yamhill","oats",0
41071,"Oregon","Yamhill","soybeans",0
41071,"Oregon","Yamhill","sunflower",0
41071,"Oregon","Yamhill","wheat",0
42001,"Pennsylvania","Adams","barley",67.9313190399807
42001,"Pennsylvania","Adams","corn",5415.09950510911
42001,"Pennsylvania","Adams","grain sorghum",159.501871260644
42001,"Pennsylvania","Adams","oats",58.2023433666566
42001,"Pennsylvania","Adams","rapeseed",23.6012651690383
42001,"Pennsylvania","Adams","soybeans",5123.26545351329
42001,"Pennsylvania","Adams","sunflower",2.79086706279585
42001,"Pennsylvania","Adams","wheat",1444.26999547847
42003,"Pennsylvania","Allegheny","corn",0
42003,"Pennsylvania","Allegheny","oats",0
42003,"Pennsylvania","Allegheny","soybeans",0
42003,"Pennsylvania","Allegheny","sunflower",0
42003,"Pennsylvania","Allegheny","wheat",0
42005,"Pennsylvania","Armstrong","barley",29.437067863384
42005,"Pennsylvania","Armstrong","corn",2165.67575809483
42005,"Pennsylvania","Armstrong","grain sorghum",15.4244057865864
42005,"Pennsylvania","Armstrong","oats",312.331074982823
42005,"Pennsylvania","Armstrong","soybeans",1396.03507003504
42005,"Pennsylvania","Armstrong","sunflower",2.0367684030801
42005,"Pennsylvania","Armstrong","wheat",227.995521500926
42007,"Pennsylvania","Beaver","barley",6.58347818163754
42007,"Pennsylvania","Beaver","corn",1531.23758384875
42007,"Pennsylvania","Beaver","oats",83.0862640427124
42007,"Pennsylvania","Beaver","soybeans",1252.32681119125
42007,"Pennsylvania","Beaver","sunflower",2.34878114646553
42007,"Pennsylvania","Beaver","wheat",143.02731492251
42009,"Pennsylvania","Bedford","barley",63.2449717440961
42009,"Pennsylvania","Bedford","corn",6444.87844575742
42009,"Pennsylvania","Bedford","grain sorghum",40.4614066032463
42009,"Pennsylvania","Bedford","oats",300.185812434126
42009,"Pennsylvania","Bedford","soybeans",2270.27962961135
42009,"Pennsylvania","Bedford","sunflower",0.807526941973835
42009,"Pennsylvania","Bedford","wheat",914.003406907795
42011,"Pennsylvania","Berks","barley",393.92989343729
42011,"Pennsylvania","Berks","canola",4.65406753516025
42011,"Pennsylvania","Berks","corn",7079.20338593631
42011,"Pennsylvania","Berks","flaxseed",1.56280496568112
42011,"Pennsylvania","Berks","grain sorghum",105.344389316329
42011,"Pennsylvania","Berks","oats",76.5207701712675
42011,"Pennsylvania","Berks","soybeans",4474.96264301987
42011,"Pennsylvania","Berks","sunflower",6.48478192352955
42011,"Pennsylvania","Berks","wheat",1238.67406369457
42013,"Pennsylvania","Blair","barley",35.6322670842481
42013,"Pennsylvania","Blair","corn",4908.94534370182
42013,"Pennsylvania","Blair","grain sorghum",10.1831378235387
42013,"Pennsylvania","Blair","oats",84.2173020000767
42013,"Pennsylvania","Blair","soybeans",878.946532441095
42013,"Pennsylvania","Blair","wheat",329.466250282555
42015,"Pennsylvania","Bradford","barley",2.87896549286553
42015,"Pennsylvania","Bradford","corn",2638.59378963561
42015,"Pennsylvania","Bradford","grain sorghum",16.0243363586322
42015,"Pennsylvania","Bradford","oats",108.913334076947
42015,"Pennsylvania","Bradford","soybeans",584.060084881458
42015,"Pennsylvania","Bradford","sunflower",1.95740802829632
42015,"Pennsylvania","Bradford","wheat",173.802098192848
42017,"Pennsylvania","Bucks","barley",0
42017,"Pennsylvania","Bucks","corn",0
42017,"Pennsylvania","Bucks","grain sorghum",0
42017,"Pennsylvania","Bucks","oats",0
42017,"Pennsylvania","Bucks","soybeans",0
42017,"Pennsylvania","Bucks","wheat",0
42019,"Pennsylvania","Butler","barley",22.0931738910186
42019,"Pennsylvania","Butler","corn",3692.58524618353
42019,"Pennsylvania","Butler","oats",401.734886538428
42019,"Pennsylvania","Butler","soybeans",2535.49724313134
42019,"Pennsylvania","Butler","sunflower",2.72112059764899
42019,"Pennsylvania","Butler","wheat",445.510271324699
42021,"Pennsylvania","Cambria","barley",97.5213056550575
42021,"Pennsylvania","Cambria","corn",4403.16228908101
42021,"Pennsylvania","Cambria","grain sorghum",3.57231829187302
42021,"Pennsylvania","Cambria","oats",959.424467562405
42021,"Pennsylvania","Cambria","soybeans",3134.08814630549
42021,"Pennsylvania","Cambria","sunflower",5.32321537418436
42021,"Pennsylvania","Cambria","wheat",777.393557729978
42023,"Pennsylvania","Cameron","corn",0
42023,"Pennsylvania","Cameron","oats",0
42023,"Pennsylvania","Cameron","wheat",0
42025,"Pennsylvania","Carbon","barley",0
42025,"Pennsylvania","Carbon","corn",0
42025,"Pennsylvania","Carbon","grain sorghum",0
42025,"Pennsylvania","Carbon","oats",0
42025,"Pennsylvania","Carbon","soybeans",0
42025,"Pennsylvania","Carbon","sunflower",0
42025,"Pennsylvania","Carbon","wheat",0
42027,"Pennsylvania","Centre","barley",20.3953762366562
42027,"Pennsylvania","Centre","canola",3.70550688742415
42027,"Pennsylvania","Centre","corn",2166.32738654314
42027,"Pennsylvania","Centre","grain sorghum",2.16570706360587
42027,"Pennsylvania","Centre","oats",110.612790235856
42027,"Pennsylvania","Centre","soybeans",1353.9641877618
42027,"Pennsylvania","Centre","sunflower",3.6904722268173
42027,"Pennsylvania","Centre","wheat",240.786533044687
42029,"Pennsylvania","Chester","barley",75.863205913228
42029,"Pennsylvania","Chester","corn",2990.71408036818
42029,"Pennsylvania","Chester","grain sorghum",18.593827775035
42029,"Pennsylvania","Chester","oats",16.984881725865
42029,"Pennsylvania","Chester","soybeans",1601.32642478876
42029,"Pennsylvania","Chester","sunflower",3.37639635677891
42029,"Pennsylvania","Chester","wheat",651.419523072159
42031,"Pennsylvania","Clarion","barley",2.40491497442832
42031,"Pennsylvania","Clarion","corn",617.843137894038
42031,"Pennsylvania","Clarion","oats",136.716326393678
42031,"Pennsylvania","Clarion","soybeans",359.70742070498
42031,"Pennsylvania","Clarion","sunflower",0.647103733889198
42031,"Pennsylvania","Clarion","wheat",39.399596298989
42033,"Pennsylvania","Clearfield","barley",14.8998886608148
42033,"Pennsylvania","Clearfield","corn",1078.1399449342
42033,"Pennsylvania","Clearfield","grain sorghum",1.77604436966063
42033,"Pennsylvania","Clearfield","oats",139.654683790546
42033,"Pennsylvania","Clearfield","soybeans",282.21373359974
42033,"Pennsylvania","Clearfield","sunflower",0.577851756635996
42033,"Pennsylvania","Clearfield","wheat",80.0925195550692
42035,"Pennsylvania","Clinton","barley",0.475529499830845
42035,"Pennsylvania","Clinton","canola",0.514914314995694
42035,"Pennsylvania","Clinton","corn",455.586500615122
42035,"Pennsylvania","Clinton","grain sorghum",3.1757136046282
42035,"Pennsylvania","Clinton","oats",5.58326495695688
42035,"Pennsylvania","Clinton","rapeseed",6.28992355496526
42035,"Pennsylvania","Clinton","soybeans",205.572919935124
42035,"Pennsylvania","Clinton","sunflower",3.68684779469238
42035,"Pennsylvania","Clinton","wheat",71.9408857236841
42037,"Pennsylvania","Columbia","barley",1.62443701772668
42037,"Pennsylvania","Columbia","corn",773.403907388128
42037,"Pennsylvania","Columbia","grain sorghum",1.4767984788864
42037,"Pennsylvania","Columbia","oats",23.4638699411275
42037,"Pennsylvania","Columbia","soybeans",591.255459075134
42037,"Pennsylvania","Columbia","sunflower",0.175425758704082
42037,"Pennsylvania","Columbia","wheat",131.794569006961
42039,"Pennsylvania","Crawford","barley",30.4938790845667
42039,"Pennsylvania","Crawford","corn",8117.52528222933
42039,"Pennsylvania","Crawford","grain sorghum",28.3484698149657
42039,"Pennsylvania","Crawford","oats",530.388483880153
42039,"Pennsylvania","Crawford","rapeseed",5.19171718269531
42039,"Pennsylvania","Crawford","soybeans",6254.67825216695
42039,"Pennsylvania","Crawford","sunflower",15.3568568767779
42039,"Pennsylvania","Crawford","wheat",446.89539209789
42041,"Pennsylvania","Cumberland","barley",52.4797040569621
42041,"Pennsylvania","Cumberland","corn",929.377942345927
42041,"Pennsylvania","Cumberland","grain sorghum",9.01991074581089
42041,"Pennsylvania","Cumberland","oats",13.8073145641834
42041,"Pennsylvania","Cumberland","soybeans",635.091956801662
42041,"Pennsylvania","Cumberland","sunflower",0.0180654021009968
42041,"Pennsylvania","Cumberland","wheat",250.650806083357
42043,"Pennsylvania","Dauphin","barley",49.907355120101
42043,"Pennsylvania","Dauphin","corn",1186.57772633682
42043,"Pennsylvania","Dauphin","grain sorghum",6.38445149633599
42043,"Pennsylvania","Dauphin","oats",24.7846538324737
42043,"Pennsylvania","Dauphin","soybeans",1091.14880674209
42043,"Pennsylvania","Dauphin","sunflower",0.767433637744475
42043,"Pennsylvania","Dauphin","wheat",227.973302834433
42045,"Pennsylvania","Delaware","barley",0
42045,"Pennsylvania","Delaware","corn",0
42045,"Pennsylvania","Delaware","grain sorghum",0
42045,"Pennsylvania","Delaware","soybeans",0
42045,"Pennsylvania","Delaware","wheat",0
42047,"Pennsylvania","Elk","barley",0
42047,"Pennsylvania","Elk","corn",0
42047,"Pennsylvania","Elk","oats",0
42047,"Pennsylvania","Elk","soybeans",0
42049,"Pennsylvania","Erie","barley",15.1732568470772
42049,"Pennsylvania","Erie","corn",4200.17164226009
42049,"Pennsylvania","Erie","grain sorghum",19.5041902071448
42049,"Pennsylvania","Erie","oats",436.682354942171
42049,"Pennsylvania","Erie","soybeans",4443.33942938659
42049,"Pennsylvania","Erie","sunflower",9.36342808400853
42049,"Pennsylvania","Erie","wheat",379.23072827292
42051,"Pennsylvania","Fayette","barley",7.5012744464332
42051,"Pennsylvania","Fayette","corn",1073.49294648857
42051,"Pennsylvania","Fayette","grain sorghum",2.3047173628529
42051,"Pennsylvania","Fayette","oats",28.2397990891771
42051,"Pennsylvania","Fayette","soybeans",685.280304432472
42051,"Pennsylvania","Fayette","sunflower",1.31054097739844
42051,"Pennsylvania","Fayette","wheat",38.797517203099
42053,"Pennsylvania","Forest","barley",1.69866147584458
42053,"Pennsylvania","Forest","corn",74.3241790317292
42053,"Pennsylvania","Forest","oats",17.6568321975541
42053,"Pennsylvania","Forest","soybeans",23.1209939615387
42055,"Pennsylvania","Franklin","barley",1108.4609681332
42055,"Pennsylvania","Franklin","corn",14738.5257372153
42055,"Pennsylvania","Franklin","grain sorghum",211.992772202594
42055,"Pennsylvania","Franklin","oats",100.861088788162
42055,"Pennsylvania","Franklin","rapeseed",27.9725682059087
42055,"Pennsylvania","Franklin","soybeans",6147.38212758212
42055,"Pennsylvania","Franklin","sunflower",67.6223516107268
42055,"Pennsylvania","Franklin","wheat",3202.69588626201
42057,"Pennsylvania","Fulton","barley",79.3320803727954
42057,"Pennsylvania","Fulton","corn",1737.77807497919
42057,"Pennsylvania","Fulton","grain sorghum",79.9746742616582
42057,"Pennsylvania","Fulton","oats",84.1921052485869
42057,"Pennsylvania","Fulton","soybeans",543.276792445486
42057,"Pennsylvania","Fulton","sunflower",4.21666187395575
42057,"Pennsylvania","Fulton","wheat",405.592110818332
42059,"Pennsylvania","Greene","barley",0
42059,"Pennsylvania","Greene","corn",0
42059,"Pennsylvania","Greene","oats",0
42059,"Pennsylvania","Greene","soybeans",0
42059,"Pennsylvania","Greene","wheat",0
42061,"Pennsylvania","Huntingdon","barley",45.7330873068623
42061,"Pennsylvania","Huntingdon","corn",4308.60321924632
42061,"Pennsylvania","Huntingdon","grain sorghum",74.002451175867
42061,"Pennsylvania","Huntingdon","oats",139.681337442663
42061,"Pennsylvania","Huntingdon","rapeseed",2.46246804815687
42061,"Pennsylvania","Huntingdon","soybeans",830.867091809692
42061,"Pennsylvania","Huntingdon","sunflower",0.424187834473029
42061,"Pennsylvania","Huntingdon","wheat",528.569823802624
42063,"Pennsylvania","Indiana","barley",29.3279737980735
42063,"Pennsylvania","Indiana","corn",6668.07997657446
42063,"Pennsylvania","Indiana","dry peas",0.130007346393813
42063,"Pennsylvania","Indiana","grain sorghum",36.5060628673826
42063,"Pennsylvania","Indiana","oats",696.591146816641
42063,"Pennsylvania","Indiana","soybeans",4626.52560618874
42063,"Pennsylvania","Indiana","sunflower",1.88445180945506
42063,"Pennsylvania","Indiana","wheat",462.501041265523
42065,"Pennsylvania","Jefferson","barley",40.1432200063708
42065,"Pennsylvania","Jefferson","corn",3864.21087771007
42065,"Pennsylvania","Jefferson","grain sorghum",17.1216520881425
42065,"Pennsylvania","Jefferson","oats",623.176028769762
42065,"Pennsylvania","Jefferson","soybeans",2272.04568998513
42065,"Pennsylvania","Jefferson","wheat",443.631198107191
42067,"Pennsylvania","Juniata","barley",17.1273431734925
42067,"Pennsylvania","Juniata","corn",691.136259607694
42067,"Pennsylvania","Juniata","grain sorghum",3.82942392524965
42067,"Pennsylvania","Juniata","oats",13.6270389806027
42067,"Pennsylvania","Juniata","soybeans",356.828053471293
42067,"Pennsylvania","Juniata","sunflower",1.76842233003477
42067,"Pennsylvania","Juniata","wheat",133.623058511632
42069,"Pennsylvania","Lackawanna","barley",0
42069,"Pennsylvania","Lackawanna","corn",0
42069,"Pennsylvania","Lackawanna","oats",0
42069,"Pennsylvania","Lackawanna","soybeans",0
42069,"Pennsylvania","Lackawanna","sunflower",0
42069,"Pennsylvania","Lackawanna","wheat",0
42071,"Pennsylvania","Lancaster","barley",1579.21280093853
42071,"Pennsylvania","Lancaster","corn",29518.8626745878
42071,"Pennsylvania","Lancaster","grain sorghum",67.1474349388662
42071,"Pennsylvania","Lancaster","oats",54.5649681104967
42071,"Pennsylvania","Lancaster","safflower",0.216485652251975
42071,"Pennsylvania","Lancaster","soybeans",11554.5406742012
42071,"Pennsylvania","Lancaster","wheat",4870.93872157089
42073,"Pennsylvania","Lawrence","barley",12.0943215355078
42073,"Pennsylvania","Lawrence","corn",3127.34808139058
42073,"Pennsylvania","Lawrence","oats",212.123935505369
42073,"Pennsylvania","Lawrence","soybeans",2200.16474408894
42073,"Pennsylvania","Lawrence","sunflower",2.52304150471563
42073,"Pennsylvania","Lawrence","wheat",285.205309308218
42075,"Pennsylvania","Lebanon","barley",188.741165335783
42075,"Pennsylvania","Lebanon","canola",23.4913837740942
42075,"Pennsylvania","Lebanon","corn",3563.21013425446
42075,"Pennsylvania","Lebanon","grain sorghum",17.5552706377364
42075,"Pennsylvania","Lebanon","oats",11.9295335126016
42075,"Pennsylvania","Lebanon","soybeans",1730.63279876714
42075,"Pennsylvania","Lebanon","wheat",452.642380384851
42077,"Pennsylvania","Lehigh","barley",0
42077,"Pennsylvania","Lehigh","canola",0
42077,"Pennsylvania","Lehigh","corn",0
42077,"Pennsylvania","Lehigh","grain sorghum",0
42077,"Pennsylvania","Lehigh","oats",0
42077,"Pennsylvania","Lehigh","soybeans",0
42077,"Pennsylvania","Lehigh","sunflower",0
42077,"Pennsylvania","Lehigh","wheat",0
42079,"Pennsylvania","Luzerne","barley",0.192721290362518
42079,"Pennsylvania","Luzerne","corn",271.582353763205
42079,"Pennsylvania","Luzerne","dry peas",0.0241488891385505
42079,"Pennsylvania","Luzerne","mustard",0.0375858196708958
42079,"Pennsylvania","Luzerne","oats",17.0804247196025
42079,"Pennsylvania","Luzerne","rapeseed",0.669027590141945
42079,"Pennsylvania","Luzerne","soybeans",125.329615006045
42079,"Pennsylvania","Luzerne","sunflower",0.296552117203368
42079,"Pennsylvania","Luzerne","wheat",27.1445541379603
42081,"Pennsylvania","Lycoming","barley",13.7855658357586
42081,"Pennsylvania","Lycoming","canola",12.4083803439334
42081,"Pennsylvania","Lycoming","corn",2495.44973354605
42081,"Pennsylvania","Lycoming","grain sorghum",18.9911441826242
42081,"Pennsylvania","Lycoming","oats",115.912401292153
42081,"Pennsylvania","Lycoming","soybeans",1566.84678557865
42081,"Pennsylvania","Lycoming","sunflower",13.3486445978654
42081,"Pennsylvania","Lycoming","wheat",255.929509622971
42083,"Pennsylvania","McKean","corn",0
42083,"Pennsylvania","McKean","oats",0
42083,"Pennsylvania","McKean","soybeans",0
42083,"Pennsylvania","McKean","sunflower",0
42083,"Pennsylvania","McKean","wheat",0
42085,"Pennsylvania","Mercer","barley",28.5873221383162
42085,"Pennsylvania","Mercer","corn",5575.46955047246
42085,"Pennsylvania","Mercer","oats",274.544348101344
42085,"Pennsylvania","Mercer","soybeans",4391.10566172772
42085,"Pennsylvania","Mercer","sunflower",1.4124079822178
42085,"Pennsylvania","Mercer","wheat",369.259742911273
42087,"Pennsylvania","Mifflin","barley",81.5100417334416
42087,"Pennsylvania","Mifflin","canola",1.83860001804783
42087,"Pennsylvania","Mifflin","corn",4169.90868179878
42087,"Pennsylvania","Mifflin","grain sorghum",22.3347001525723
42087,"Pennsylvania","Mifflin","oats",46.2205658537043
42087,"Pennsylvania","Mifflin","soybeans",1647.81339710838
42087,"Pennsylvania","Mifflin","sunflower",2.48364219104627
42087,"Pennsylvania","Mifflin","wheat",395.000537810686
42089,"Pennsylvania","Monroe","barley",0
42089,"Pennsylvania","Monroe","corn",0
42089,"Pennsylvania","Monroe","oats",0
42089,"Pennsylvania","Monroe","soybeans",0
42089,"Pennsylvania","Monroe","wheat",0
42091,"Pennsylvania","Montgomery","barley",0
42091,"Pennsylvania","Montgomery","corn",0
42091,"Pennsylvania","Montgomery","grain sorghum",0
42091,"Pennsylvania","Montgomery","oats",0
42091,"Pennsylvania","Montgomery","soybeans",0
42091,"Pennsylvania","Montgomery","sunflower",0
42091,"Pennsylvania","Montgomery","wheat",0
42093,"Pennsylvania","Montour","barley",0
42093,"Pennsylvania","Montour","corn",0
42093,"Pennsylvania","Montour","grain sorghum",0
42093,"Pennsylvania","Montour","oats",0
42093,"Pennsylvania","Montour","soybeans",0
42093,"Pennsylvania","Montour","wheat",0
42095,"Pennsylvania","Northampton","barley",0
42095,"Pennsylvania","Northampton","canola",0
42095,"Pennsylvania","Northampton","corn",0
42095,"Pennsylvania","Northampton","grain sorghum",0
42095,"Pennsylvania","Northampton","oats",0
42095,"Pennsylvania","Northampton","soybeans",0
42095,"Pennsylvania","Northampton","sunflower",0
42095,"Pennsylvania","Northampton","wheat",0
42097,"Pennsylvania","Northumberland","barley",37.4610905038336
42097,"Pennsylvania","Northumberland","canola",0.616917925288458
42097,"Pennsylvania","Northumberland","corn",930.331529517348
42097,"Pennsylvania","Northumberland","grain sorghum",29.7845096813225
42097,"Pennsylvania","Northumberland","oats",13.0573341261958
42097,"Pennsylvania","Northumberland","soybeans",718.221328003005
42097,"Pennsylvania","Northumberland","sunflower",2.33253601786811
42097,"Pennsylvania","Northumberland","wheat",120.862867558472
42099,"Pennsylvania","Perry","barley",101.779675398177
42099,"Pennsylvania","Perry","canola",1.19669669929832
42099,"Pennsylvania","Perry","corn",1942.04980868204
42099,"Pennsylvania","Perry","grain sorghum",3.75384066857593
42099,"Pennsylvania","Perry","oats",68.5376319613736
42099,"Pennsylvania","Perry","soybeans",1106.98360394144
42099,"Pennsylvania","Perry","sunflower",2.21270311370731
42099,"Pennsylvania","Perry","wheat",376.284356202054
42103,"Pennsylvania","Pike","corn",0
42103,"Pennsylvania","Pike","soybeans",0
42105,"Pennsylvania","Potter","barley",26.0731044495321
42105,"Pennsylvania","Potter","corn",1097.25285859715
42105,"Pennsylvania","Potter","grain sorghum",20.3357907535015
42105,"Pennsylvania","Potter","oats",185.939157705072
42105,"Pennsylvania","Potter","soybeans",129.855619247041
42105,"Pennsylvania","Potter","sunflower",1.87503375050085
42105,"Pennsylvania","Potter","wheat",401.501435497208
42107,"Pennsylvania","Schuylkill","barley",39.0462044704742
42107,"Pennsylvania","Schuylkill","canola",6.02421491713498
42107,"Pennsylvania","Schuylkill","corn",2028.95286869512
42107,"Pennsylvania","Schuylkill","grain sorghum",59.0039682610602
42107,"Pennsylvania","Schuylkill","oats",98.6671820438013
42107,"Pennsylvania","Schuylkill","rapeseed",11.6885903204824
42107,"Pennsylvania","Schuylkill","soybeans",1166.47975058781
42107,"Pennsylvania","Schuylkill","sunflower",5.24071417463862
42107,"Pennsylvania","Schuylkill","wheat",226.130206529468
42109,"Pennsylvania","Snyder","barley",38.371848725588
42109,"Pennsylvania","Snyder","corn",3431.76187609197
42109,"Pennsylvania","Snyder","grain sorghum",25.6033633842983
42109,"Pennsylvania","Snyder","oats",80.3262524557266
42109,"Pennsylvania","Snyder","soybeans",2085.44657380804
42109,"Pennsylvania","Snyder","sunflower",3.60340062596155
42109,"Pennsylvania","Snyder","wheat",429.217851575077
42111,"Pennsylvania","Somerset","barley",69.8432508602833
42111,"Pennsylvania","Somerset","corn",11977.8634171987
42111,"Pennsylvania","Somerset","grain sorghum",32.9176119310639
42111,"Pennsylvania","Somerset","oats",968.849574440958
42111,"Pennsylvania","Somerset","soybeans",5298.024902122
42111,"Pennsylvania","Somerset","sunflower",12.2128741185044
42111,"Pennsylvania","Somerset","wheat",774.134469328529
42113,"Pennsylvania","Sullivan","corn",0
42113,"Pennsylvania","Sullivan","oats",0
42113,"Pennsylvania","Sullivan","soybeans",0
42113,"Pennsylvania","Sullivan","sunflower",0
42113,"Pennsylvania","Sullivan","wheat",0
42115,"Pennsylvania","Susquehanna","barley",0
42115,"Pennsylvania","Susquehanna","corn",0
42115,"Pennsylvania","Susquehanna","oats",0
42115,"Pennsylvania","Susquehanna","soybeans",0
42115,"Pennsylvania","Susquehanna","wheat",0
42117,"Pennsylvania","Tioga","barley",0
42117,"Pennsylvania","Tioga","corn",0
42117,"Pennsylvania","Tioga","grain sorghum",0
42117,"Pennsylvania","Tioga","oats",0
42117,"Pennsylvania","Tioga","soybeans",0
42117,"Pennsylvania","Tioga","sunflower",0
42117,"Pennsylvania","Tioga","wheat",0
42119,"Pennsylvania","Union","barley",18.8084718357872
42119,"Pennsylvania","Union","canola",1.93548659381293
42119,"Pennsylvania","Union","corn",954.507758630233
42119,"Pennsylvania","Union","grain sorghum",0.388528740437884
42119,"Pennsylvania","Union","oats",6.85190882643283
42119,"Pennsylvania","Union","soybeans",658.178074333361
42119,"Pennsylvania","Union","sunflower",1.14718222834554
42119,"Pennsylvania","Union","wheat",125.479855478251
42121,"Pennsylvania","Venango","barley",6.21053465682797
42121,"Pennsylvania","Venango","corn",2250.48631457086
42121,"Pennsylvania","Venango","oats",133.41227228594
42121,"Pennsylvania","Venango","soybeans",1177.66895969039
42121,"Pennsylvania","Venango","wheat",122.365418795979
42123,"Pennsylvania","Warren","barley",0.138695505807966
42123,"Pennsylvania","Warren","corn",596.952669163789
42123,"Pennsylvania","Warren","oats",22.3122234103392
42123,"Pennsylvania","Warren","soybeans",95.3478898137562
42123,"Pennsylvania","Warren","sunflower",0.554782023231866
42123,"Pennsylvania","Warren","wheat",5.96390674974255
42125,"Pennsylvania","Washington","barley",0
42125,"Pennsylvania","Washington","corn",0
42125,"Pennsylvania","Washington","grain sorghum",0
42125,"Pennsylvania","Washington","oats",0
42125,"Pennsylvania","Washington","soybeans",0
42125,"Pennsylvania","Washington","sunflower",0
42125,"Pennsylvania","Washington","wheat",0
42127,"Pennsylvania","Wayne","barley",0
42127,"Pennsylvania","Wayne","corn",0
42127,"Pennsylvania","Wayne","oats",0
42127,"Pennsylvania","Wayne","soybeans",0
42127,"Pennsylvania","Wayne","sunflower",0
42127,"Pennsylvania","Wayne","wheat",0
42129,"Pennsylvania","Westmoreland","barley",0
42129,"Pennsylvania","Westmoreland","corn",0
42129,"Pennsylvania","Westmoreland","grain sorghum",0
42129,"Pennsylvania","Westmoreland","oats",0
42129,"Pennsylvania","Westmoreland","soybeans",0
42129,"Pennsylvania","Westmoreland","sunflower",0
42129,"Pennsylvania","Westmoreland","wheat",0
42131,"Pennsylvania","Wyoming","barley",0
42131,"Pennsylvania","Wyoming","corn",0
42131,"Pennsylvania","Wyoming","grain sorghum",0
42131,"Pennsylvania","Wyoming","oats",0
42131,"Pennsylvania","Wyoming","soybeans",0
42131,"Pennsylvania","Wyoming","sunflower",0
42131,"Pennsylvania","Wyoming","wheat",0
42133,"Pennsylvania","York","barley",463.611636208249
42133,"Pennsylvania","York","corn",14645.6653879873
42133,"Pennsylvania","York","grain sorghum",58.2820599831789
42133,"Pennsylvania","York","oats",73.1109393046985
42133,"Pennsylvania","York","soybeans",9864.25419660626
42133,"Pennsylvania","York","sunflower",18.630029436046
42133,"Pennsylvania","York","wheat",3669.12897047429
72001,"Puerto Rico","Adjuntas","corn",29.206695
72013,"Puerto Rico","Arecibo","corn",176.893328857391
72013,"Puerto Rico","Arecibo","grain sorghum",259.455224475942
72019,"Puerto Rico","Barranquitas","corn",92.209108
72047,"Puerto Rico","Corozal","corn",31.74922375
72097,"Puerto Rico","Mayaguez","corn",61.5852033611314
72097,"Puerto Rico","Mayaguez","dry peas",138.395496638869
72113,"Puerto Rico","Ponce","corn",292.000181358696
72113,"Puerto Rico","Ponce","cotton",24.5894889565217
72113,"Puerto Rico","Ponce","grain sorghum",36.8842334347826
44001,"Rhode Island","Bristol","barley",3.69117161375552
44001,"Rhode Island","Bristol","corn",42.1605621723156
44001,"Rhode Island","Bristol","wheat",13.7557662139289
44003,"Rhode Island","Kent","corn",67.12828
44005,"Rhode Island","Newport","corn",344.072488205185
44005,"Rhode Island","Newport","oats",2.36430870198673
44005,"Rhode Island","Newport","sunflower",0.578577053960499
44005,"Rhode Island","Newport","wheat",8.62389337220134
44007,"Rhode Island","Providence","corn",601.554911
44009,"Rhode Island","Washington","corn",164.483104652007
44009,"Rhode Island","Washington","oats",3.25241034799335
45001,"South Carolina","Abbeville","corn",0
45001,"South Carolina","Abbeville","cotton",0
45001,"South Carolina","Abbeville","grain sorghum",0
45001,"South Carolina","Abbeville","oats",0
45001,"South Carolina","Abbeville","soybeans",0
45001,"South Carolina","Abbeville","wheat",0
45003,"South Carolina","Aiken","barley",0
45003,"South Carolina","Aiken","corn",0
45003,"South Carolina","Aiken","cotton",0
45003,"South Carolina","Aiken","grain sorghum",0
45003,"South Carolina","Aiken","oats",0
45003,"South Carolina","Aiken","peanuts",0
45003,"South Carolina","Aiken","soybeans",0
45003,"South Carolina","Aiken","sunflower",0
45003,"South Carolina","Aiken","wheat",0
45005,"South Carolina","Allendale","corn",0
45005,"South Carolina","Allendale","cotton",0
45005,"South Carolina","Allendale","grain sorghum",0
45005,"South Carolina","Allendale","oats",0
45005,"South Carolina","Allendale","peanuts",0
45005,"South Carolina","Allendale","soybeans",0
45005,"South Carolina","Allendale","wheat",0
45007,"South Carolina","Anderson","barley",0
45007,"South Carolina","Anderson","corn",0
45007,"South Carolina","Anderson","cotton",0
45007,"South Carolina","Anderson","grain sorghum",0
45007,"South Carolina","Anderson","oats",0
45007,"South Carolina","Anderson","soybeans",0
45007,"South Carolina","Anderson","sunflower",0
45007,"South Carolina","Anderson","wheat",0
45009,"South Carolina","Bamberg","corn",0
45009,"South Carolina","Bamberg","cotton",0
45009,"South Carolina","Bamberg","dry peas",0
45009,"South Carolina","Bamberg","grain sorghum",0
45009,"South Carolina","Bamberg","oats",0
45009,"South Carolina","Bamberg","peanuts",0
45009,"South Carolina","Bamberg","sesame",0
45009,"South Carolina","Bamberg","soybeans",0
45009,"South Carolina","Bamberg","sunflower",0
45009,"South Carolina","Bamberg","wheat",0
45011,"South Carolina","Barnwell","corn",0
45011,"South Carolina","Barnwell","cotton",0
45011,"South Carolina","Barnwell","grain sorghum",0
45011,"South Carolina","Barnwell","oats",0
45011,"South Carolina","Barnwell","peanuts",0
45011,"South Carolina","Barnwell","sesame",0
45011,"South Carolina","Barnwell","soybeans",0
45011,"South Carolina","Barnwell","sunflower",0
45011,"South Carolina","Barnwell","wheat",0
45013,"South Carolina","Beaufort","corn",0
45013,"South Carolina","Beaufort","rice_long grain",0
45013,"South Carolina","Beaufort","soybeans",0
45015,"South Carolina","Berkeley","corn",0
45015,"South Carolina","Berkeley","cotton",0
45015,"South Carolina","Berkeley","oats",0
45015,"South Carolina","Berkeley","peanuts",0
45015,"South Carolina","Berkeley","soybeans",0
45015,"South Carolina","Berkeley","wheat",0
45017,"South Carolina","Calhoun","corn",0
45017,"South Carolina","Calhoun","cotton",0
45017,"South Carolina","Calhoun","dry peas",0
45017,"South Carolina","Calhoun","grain sorghum",0
45017,"South Carolina","Calhoun","oats",0
45017,"South Carolina","Calhoun","peanuts",0
45017,"South Carolina","Calhoun","rice_long grain",0
45017,"South Carolina","Calhoun","rice_short/medium grain",0
45017,"South Carolina","Calhoun","sesame",0
45017,"South Carolina","Calhoun","soybeans",0
45017,"South Carolina","Calhoun","wheat",0
45019,"South Carolina","Charleston","corn",254.568759423193
45019,"South Carolina","Charleston","peanuts",272.085337940501
45019,"South Carolina","Charleston","soybeans",134.133620693964
45019,"South Carolina","Charleston","wheat",119.676115275676
45021,"South Carolina","Cherokee","corn",91.6539915636979
45021,"South Carolina","Cherokee","grain sorghum",128.350456932031
45021,"South Carolina","Cherokee","oats",8.13988864634388
45021,"South Carolina","Cherokee","soybeans",789.170863719046
45021,"South Carolina","Cherokee","wheat",318.486132472215
45023,"South Carolina","Chester","corn",0
45023,"South Carolina","Chester","cotton",0
45023,"South Carolina","Chester","grain sorghum",0
45023,"South Carolina","Chester","oats",0
45023,"South Carolina","Chester","soybeans",0
45023,"South Carolina","Chester","sunflower",0
45023,"South Carolina","Chester","wheat",0
45025,"South Carolina","Chesterfield","corn",2805.51673799792
45025,"South Carolina","Chesterfield","cotton",739.844623893786
45025,"South Carolina","Chesterfield","grain sorghum",129.099275824535
45025,"South Carolina","Chesterfield","oats",54.3384874803303
45025,"South Carolina","Chesterfield","peanuts",285.086747931846
45025,"South Carolina","Chesterfield","sesame",22.974457107224
45025,"South Carolina","Chesterfield","soybeans",4518.95376942151
45025,"South Carolina","Chesterfield","sunflower",3.47430938980162
45025,"South Carolina","Chesterfield","wheat",2772.04142428638
45027,"South Carolina","Clarendon","barley",0.503899143042051
45027,"South Carolina","Clarendon","corn",1731.20707323444
45027,"South Carolina","Clarendon","cotton",312.181643887128
45027,"South Carolina","Clarendon","dry peas",12.2983457211363
45027,"South Carolina","Clarendon","grain sorghum",38.1119994028685
45027,"South Carolina","Clarendon","oats",60.1623510483106
45027,"South Carolina","Clarendon","peanuts",77.8879653940878
45027,"South Carolina","Clarendon","rice_short/medium grain",1.54651227900906
45027,"South Carolina","Clarendon","sesame",7.32577735957134
45027,"South Carolina","Clarendon","soybeans",1257.8043424311
45027,"South Carolina","Clarendon","sunflower",0.297758584524848
45027,"South Carolina","Clarendon","wheat",523.535084848113
45029,"South Carolina","Colleton","barley",0
45029,"South Carolina","Colleton","corn",0
45029,"South Carolina","Colleton","cotton",0
45029,"South Carolina","Colleton","grain sorghum",0
45029,"South Carolina","Colleton","oats",0
45029,"South Carolina","Colleton","peanuts",0
45029,"South Carolina","Colleton","sesame",0
45029,"South Carolina","Colleton","soybeans",0
45029,"South Carolina","Colleton","sunflower",0
45029,"South Carolina","Colleton","wheat",0
45031,"South Carolina","Darlington","corn",0
45031,"South Carolina","Darlington","cotton",0
45031,"South Carolina","Darlington","dry peas",0
45031,"South Carolina","Darlington","grain sorghum",0
45031,"South Carolina","Darlington","oats",0
45031,"South Carolina","Darlington","peanuts",0
45031,"South Carolina","Darlington","rice_long grain",0
45031,"South Carolina","Darlington","sesame",0
45031,"South Carolina","Darlington","soybeans",0
45031,"South Carolina","Darlington","wheat",0
45033,"South Carolina","Dillon","corn",0
45033,"South Carolina","Dillon","cotton",0
45033,"South Carolina","Dillon","dry peas",0
45033,"South Carolina","Dillon","grain sorghum",0
45033,"South Carolina","Dillon","oats",0
45033,"South Carolina","Dillon","peanuts",0
45033,"South Carolina","Dillon","sesame",0
45033,"South Carolina","Dillon","soybeans",0
45033,"South Carolina","Dillon","wheat",0
45035,"South Carolina","Dorchester","barley",0
45035,"South Carolina","Dorchester","corn",0
45035,"South Carolina","Dorchester","cotton",0
45035,"South Carolina","Dorchester","grain sorghum",0
45035,"South Carolina","Dorchester","oats",0
45035,"South Carolina","Dorchester","peanuts",0
45035,"South Carolina","Dorchester","sesame",0
45035,"South Carolina","Dorchester","soybeans",0
45035,"South Carolina","Dorchester","wheat",0
45037,"South Carolina","Edgefield","corn",0
45037,"South Carolina","Edgefield","cotton",0
45037,"South Carolina","Edgefield","grain sorghum",0
45037,"South Carolina","Edgefield","oats",0
45037,"South Carolina","Edgefield","sesame",0
45037,"South Carolina","Edgefield","soybeans",0
45037,"South Carolina","Edgefield","wheat",0
45039,"South Carolina","Fairfield","corn",0
45039,"South Carolina","Fairfield","wheat",0
45041,"South Carolina","Florence","corn",0
45041,"South Carolina","Florence","cotton",0
45041,"South Carolina","Florence","grain sorghum",0
45041,"South Carolina","Florence","oats",0
45041,"South Carolina","Florence","peanuts",0
45041,"South Carolina","Florence","sesame",0
45041,"South Carolina","Florence","soybeans",0
45041,"South Carolina","Florence","wheat",0
45043,"South Carolina","Georgetown","corn",0
45043,"South Carolina","Georgetown","cotton",0
45043,"South Carolina","Georgetown","grain sorghum",0
45043,"South Carolina","Georgetown","oats",0
45043,"South Carolina","Georgetown","peanuts",0
45043,"South Carolina","Georgetown","sesame",0
45043,"South Carolina","Georgetown","soybeans",0
45043,"South Carolina","Georgetown","wheat",0
45045,"South Carolina","Greenville","barley",0
45045,"South Carolina","Greenville","corn",0
45045,"South Carolina","Greenville","grain sorghum",0
45045,"South Carolina","Greenville","oats",0
45045,"South Carolina","Greenville","soybeans",0
45045,"South Carolina","Greenville","sunflower",0
45045,"South Carolina","Greenville","wheat",0
45047,"South Carolina","Greenwood","corn",0
45047,"South Carolina","Greenwood","oats",0
45047,"South Carolina","Greenwood","wheat",0
45049,"South Carolina","Hampton","corn",0
45049,"South Carolina","Hampton","cotton",0
45049,"South Carolina","Hampton","grain sorghum",0
45049,"South Carolina","Hampton","oats",0
45049,"South Carolina","Hampton","peanuts",0
45049,"South Carolina","Hampton","soybeans",0
45049,"South Carolina","Hampton","sunflower",0
45049,"South Carolina","Hampton","wheat",0
45051,"South Carolina","Horry","corn",0
45051,"South Carolina","Horry","cotton",0
45051,"South Carolina","Horry","grain sorghum",0
45051,"South Carolina","Horry","oats",0
45051,"South Carolina","Horry","peanuts",0
45051,"South Carolina","Horry","sesame",0
45051,"South Carolina","Horry","soybeans",0
45051,"South Carolina","Horry","sunflower",0
45051,"South Carolina","Horry","wheat",0
45053,"South Carolina","Jasper","corn",0
45053,"South Carolina","Jasper","cotton",0
45053,"South Carolina","Jasper","oats",0
45053,"South Carolina","Jasper","peanuts",0
45053,"South Carolina","Jasper","rice_long grain",0
45053,"South Carolina","Jasper","soybeans",0
45053,"South Carolina","Jasper","sunflower",0
45053,"South Carolina","Jasper","wheat",0
45055,"South Carolina","Kershaw","corn",0
45055,"South Carolina","Kershaw","cotton",0
45055,"South Carolina","Kershaw","grain sorghum",0
45055,"South Carolina","Kershaw","oats",0
45055,"South Carolina","Kershaw","sesame",0
45055,"South Carolina","Kershaw","soybeans",0
45055,"South Carolina","Kershaw","sunflower",0
45055,"South Carolina","Kershaw","wheat",0
45057,"South Carolina","Lancaster","corn",542.432445575657
45057,"South Carolina","Lancaster","cotton",308.833706328211
45057,"South Carolina","Lancaster","grain sorghum",150.574230755933
45057,"South Carolina","Lancaster","oats",58.9222726206784
45057,"South Carolina","Lancaster","soybeans",911.034287582538
45057,"South Carolina","Lancaster","wheat",727.844390470316
45059,"South Carolina","Laurens","barley",0
45059,"South Carolina","Laurens","corn",0
45059,"South Carolina","Laurens","grain sorghum",0
45059,"South Carolina","Laurens","oats",0
45059,"South Carolina","Laurens","sesame",0
45059,"South Carolina","Laurens","soybeans",0
45059,"South Carolina","Laurens","wheat",0
45061,"South Carolina","Lee","corn",0
45061,"South Carolina","Lee","cotton",0
45061,"South Carolina","Lee","grain sorghum",0
45061,"South Carolina","Lee","oats",0
45061,"South Carolina","Lee","peanuts",0
45061,"South Carolina","Lee","soybeans",0
45061,"South Carolina","Lee","sunflower",0
45061,"South Carolina","Lee","wheat",0
45063,"South Carolina","Lexington","corn",0
45063,"South Carolina","Lexington","cotton",0
45063,"South Carolina","Lexington","grain sorghum",0
45063,"South Carolina","Lexington","oats",0
45063,"South Carolina","Lexington","peanuts",0
45063,"South Carolina","Lexington","sesame",0
45063,"South Carolina","Lexington","soybeans",0
45063,"South Carolina","Lexington","sunflower",0
45063,"South Carolina","Lexington","wheat",0
45067,"South Carolina","Marion","corn",0
45067,"South Carolina","Marion","cotton",0
45067,"South Carolina","Marion","grain sorghum",0
45067,"South Carolina","Marion","oats",0
45067,"South Carolina","Marion","peanuts",0
45067,"South Carolina","Marion","sesame",0
45067,"South Carolina","Marion","soybeans",0
45067,"South Carolina","Marion","wheat",0
45069,"South Carolina","Marlboro","barley",0
45069,"South Carolina","Marlboro","corn",0
45069,"South Carolina","Marlboro","cotton",0
45069,"South Carolina","Marlboro","dry peas",0
45069,"South Carolina","Marlboro","grain sorghum",0
45069,"South Carolina","Marlboro","oats",0
45069,"South Carolina","Marlboro","peanuts",0
45069,"South Carolina","Marlboro","rice_long grain",0
45069,"South Carolina","Marlboro","sesame",0
45069,"South Carolina","Marlboro","soybeans",0
45069,"South Carolina","Marlboro","sunflower",0
45069,"South Carolina","Marlboro","wheat",0
45071,"South Carolina","Newberry","barley",0
45071,"South Carolina","Newberry","corn",0
45071,"South Carolina","Newberry","cotton",0
45071,"South Carolina","Newberry","grain sorghum",0
45071,"South Carolina","Newberry","oats",0
45071,"South Carolina","Newberry","sesame",0
45071,"South Carolina","Newberry","soybeans",0
45071,"South Carolina","Newberry","sunflower",0
45071,"South Carolina","Newberry","wheat",0
45073,"South Carolina","Oconee","barley",0
45073,"South Carolina","Oconee","corn",0
45073,"South Carolina","Oconee","cotton",0
45073,"South Carolina","Oconee","grain sorghum",0
45073,"South Carolina","Oconee","oats",0
45073,"South Carolina","Oconee","soybeans",0
45073,"South Carolina","Oconee","sunflower",0
45073,"South Carolina","Oconee","wheat",0
45075,"South Carolina","Orangeburg","corn",0
45075,"South Carolina","Orangeburg","cotton",0
45075,"South Carolina","Orangeburg","dry peas",0
45075,"South Carolina","Orangeburg","grain sorghum",0
45075,"South Carolina","Orangeburg","oats",0
45075,"South Carolina","Orangeburg","peanuts",0
45075,"South Carolina","Orangeburg","rice_long grain",0
45075,"South Carolina","Orangeburg","sesame",0
45075,"South Carolina","Orangeburg","soybeans",0
45075,"South Carolina","Orangeburg","sunflower",0
45075,"South Carolina","Orangeburg","wheat",0
45077,"South Carolina","Pickens","corn",0
45077,"South Carolina","Pickens","oats",0
45077,"South Carolina","Pickens","soybeans",0
45077,"South Carolina","Pickens","wheat",0
45079,"South Carolina","Richland","barley",0
45079,"South Carolina","Richland","corn",0
45079,"South Carolina","Richland","cotton",0
45079,"South Carolina","Richland","grain sorghum",0
45079,"South Carolina","Richland","oats",0
45079,"South Carolina","Richland","peanuts",0
45079,"South Carolina","Richland","sesame",0
45079,"South Carolina","Richland","soybeans",0
45079,"South Carolina","Richland","wheat",0
45081,"South Carolina","Saluda","corn",0
45081,"South Carolina","Saluda","cotton",0
45081,"South Carolina","Saluda","grain sorghum",0
45081,"South Carolina","Saluda","oats",0
45081,"South Carolina","Saluda","sesame",0
45081,"South Carolina","Saluda","soybeans",0
45081,"South Carolina","Saluda","sunflower",0
45081,"South Carolina","Saluda","wheat",0
45083,"South Carolina","Spartanburg","corn",109.726500983956
45083,"South Carolina","Spartanburg","grain sorghum",7.49852491828567
45083,"South Carolina","Spartanburg","oats",40.6009053107155
45083,"South Carolina","Spartanburg","soybeans",448.672000894247
45083,"South Carolina","Spartanburg","wheat",219.269567892797
45085,"South Carolina","Sumter","corn",0
45085,"South Carolina","Sumter","cotton",0
45085,"South Carolina","Sumter","grain sorghum",0
45085,"South Carolina","Sumter","oats",0
45085,"South Carolina","Sumter","peanuts",0
45085,"South Carolina","Sumter","sesame",0
45085,"South Carolina","Sumter","soybeans",0
45085,"South Carolina","Sumter","sunflower",0
45085,"South Carolina","Sumter","wheat",0
45087,"South Carolina","Union","corn",0
45087,"South Carolina","Union","soybeans",0
45087,"South Carolina","Union","wheat",0
45089,"South Carolina","Williamsburg","corn",1460.15101219125
45089,"South Carolina","Williamsburg","cotton",1413.3694759048
45089,"South Carolina","Williamsburg","grain sorghum",42.7543609744872
45089,"South Carolina","Williamsburg","oats",24.9073792962578
45089,"South Carolina","Williamsburg","peanuts",134.608063310755
45089,"South Carolina","Williamsburg","sesame",27.6099687775326
45089,"South Carolina","Williamsburg","soybeans",2296.98049044814
45089,"South Carolina","Williamsburg","wheat",354.199915763441
45091,"South Carolina","York","corn",0
45091,"South Carolina","York","cotton",0
45091,"South Carolina","York","grain sorghum",0
45091,"South Carolina","York","oats",0
45091,"South Carolina","York","soybeans",0
45091,"South Carolina","York","sunflower",0
45091,"South Carolina","York","wheat",0
46003,"South Dakota","Aurora","barley",8.16376743817395
46003,"South Dakota","Aurora","corn",6820.53714476543
46003,"South Dakota","Aurora","dry peas",11.6826824156596
46003,"South Dakota","Aurora","grain sorghum",241.505321235404
46003,"South Dakota","Aurora","oats",326.173817226692
46003,"South Dakota","Aurora","soybeans",5569.15314190743
46003,"South Dakota","Aurora","sunflower",159.803771408249
46003,"South Dakota","Aurora","wheat",730.470186936344
46005,"South Dakota","Beadle","barley",44.1914187834108
46005,"South Dakota","Beadle","corn",30033.8387756637
46005,"South Dakota","Beadle","dry peas",25.9110351336379
46005,"South Dakota","Beadle","grain sorghum",72.0739523163646
46005,"South Dakota","Beadle","oats",416.718086345922
46005,"South Dakota","Beadle","soybeans",23200.9546955433
46005,"South Dakota","Beadle","sunflower",132.432022055126
46005,"South Dakota","Beadle","wheat",1338.9038474918
46007,"South Dakota","Bennett","barley",0
46007,"South Dakota","Bennett","corn",0
46007,"South Dakota","Bennett","dry peas",0
46007,"South Dakota","Bennett","grain sorghum",0
46007,"South Dakota","Bennett","oats",0
46007,"South Dakota","Bennett","safflower",0
46007,"South Dakota","Bennett","soybeans",0
46007,"South Dakota","Bennett","sunflower",0
46007,"South Dakota","Bennett","wheat",0
46009,"South Dakota","Bon Homme","barley",4.48910117857944
46009,"South Dakota","Bon Homme","corn",1813.69853124382
46009,"South Dakota","Bon Homme","grain sorghum",1.46340305213088
46009,"South Dakota","Bon Homme","oats",22.6101737841227
46009,"South Dakota","Bon Homme","soybeans",1438.49820524116
46009,"South Dakota","Bon Homme","sunflower",24.4903040521414
46009,"South Dakota","Bon Homme","wheat",67.0321147814189
46011,"South Dakota","Brookings","barley",6.03637686307986
46011,"South Dakota","Brookings","canola",0.0570511549102499
46011,"South Dakota","Brookings","chickpeas_small",0.00136144801490369
46011,"South Dakota","Brookings","corn",1001.18339292966
46011,"South Dakota","Brookings","dry peas",0.00179365373392074
46011,"South Dakota","Brookings","grain sorghum",0.49812789631012
46011,"South Dakota","Brookings","oats",25.0308570964113
46011,"South Dakota","Brookings","rapeseed",0.00324154289262784
46011,"South Dakota","Brookings","soybeans",777.29058677108
46011,"South Dakota","Brookings","sunflower",0.0389244470546751
46011,"South Dakota","Brookings","wheat",17.0378995302843
46013,"South Dakota","Brown","barley",80.5100768589873
46013,"South Dakota","Brown","corn",44013.2454915509
46013,"South Dakota","Brown","grain sorghum",14.7763144600317
46013,"South Dakota","Brown","oats",300.73603821128
46013,"South Dakota","Brown","soybeans",29872.4241615243
46013,"South Dakota","Brown","sunflower",276.470157736926
46013,"South Dakota","Brown","wheat",1195.63575965754
46015,"South Dakota","Brule","barley",4.97747015363646
46015,"South Dakota","Brule","corn",3814.16716971328
46015,"South Dakota","Brule","grain sorghum",140.850332876557
46015,"South Dakota","Brule","oats",289.185953850964
46015,"South Dakota","Brule","soybeans",3078.49078232511
46015,"South Dakota","Brule","sunflower",32.8541142895704
46015,"South Dakota","Brule","wheat",800.723343457496
46017,"South Dakota","Buffalo","barley",9.92828741118965
46017,"South Dakota","Buffalo","corn",2313.02382074836
46017,"South Dakota","Buffalo","dry peas",19.414209838098
46017,"South Dakota","Buffalo","grain sorghum",282.510607607409
46017,"South Dakota","Buffalo","oats",201.917909216481
46017,"South Dakota","Buffalo","soybeans",1557.47934318546
46017,"South Dakota","Buffalo","sunflower",365.689904732513
46017,"South Dakota","Buffalo","wheat",1130.60741726049
46019,"South Dakota","Butte","barley",0
46019,"South Dakota","Butte","corn",0
46019,"South Dakota","Butte","dry peas",0
46019,"South Dakota","Butte","flaxseed",0
46019,"South Dakota","Butte","grain sorghum",0
46019,"South Dakota","Butte","lentils",0
46019,"South Dakota","Butte","oats",0
46019,"South Dakota","Butte","soybeans",0
46019,"South Dakota","Butte","sunflower",0
46019,"South Dakota","Butte","wheat",0
46021,"South Dakota","Campbell","barley",56.4712117038646
46021,"South Dakota","Campbell","corn",3112.65436030791
46021,"South Dakota","Campbell","dry peas",13.0076172321404
46021,"South Dakota","Campbell","grain sorghum",13.8528650430521
46021,"South Dakota","Campbell","oats",248.73942771692
46021,"South Dakota","Campbell","soybeans",2972.61936447385
46021,"South Dakota","Campbell","sunflower",205.766731393656
46021,"South Dakota","Campbell","wheat",991.752922128581
46023,"South Dakota","Charles Mix","barley",5.51047517409779
46023,"South Dakota","Charles Mix","corn",4890.48850691475
46023,"South Dakota","Charles Mix","dry peas",14.2201004346512
46023,"South Dakota","Charles Mix","grain sorghum",126.448607820452
46023,"South Dakota","Charles Mix","oats",146.430948149856
46023,"South Dakota","Charles Mix","soybeans",4360.36316271095
46023,"South Dakota","Charles Mix","sunflower",82.4723317316661
46023,"South Dakota","Charles Mix","wheat",951.635367063568
46025,"South Dakota","Clark","barley",16.789111598031
46025,"South Dakota","Clark","corn",12064.5725491288
46025,"South Dakota","Clark","dry peas",30.2107807870441
46025,"South Dakota","Clark","flaxseed",7.25782301169595
46025,"South Dakota","Clark","grain sorghum",3.77041726548464
46025,"South Dakota","Clark","oats",420.109304607785
46025,"South Dakota","Clark","soybeans",10985.743491093
46025,"South Dakota","Clark","sunflower",68.5334073381139
46025,"South Dakota","Clark","wheat",695.249781836671
46027,"South Dakota","Clay","barley",0.112694983458481
46027,"South Dakota","Clay","canola",0.0107328555674744
46027,"South Dakota","Clay","corn",2787.38704167078
46027,"South Dakota","Clay","grain sorghum",1.05745459478541
46027,"South Dakota","Clay","oats",7.49716793527005
46027,"South Dakota","Clay","soybeans",2277.838439518
46027,"South Dakota","Clay","wheat",17.6697684421223
46029,"South Dakota","Codington","barley",0.571561929744233
46029,"South Dakota","Codington","corn",2265.64534025165
46029,"South Dakota","Codington","grain sorghum",0.0420255875668543
46029,"South Dakota","Codington","oats",92.3288777562176
46029,"South Dakota","Codington","soybeans",2014.33563010576
46029,"South Dakota","Codington","sunflower",12.1518763651024
46029,"South Dakota","Codington","wheat",253.22218800397
46031,"South Dakota","Corson","barley",0
46031,"South Dakota","Corson","canola",0
46031,"South Dakota","Corson","corn",0
46031,"South Dakota","Corson","dry peas",0
46031,"South Dakota","Corson","flaxseed",0
46031,"South Dakota","Corson","grain sorghum",0
46031,"South Dakota","Corson","oats",0
46031,"South Dakota","Corson","soybeans",0
46031,"South Dakota","Corson","sunflower",0
46031,"South Dakota","Corson","wheat",0
46033,"South Dakota","Custer","barley",0
46033,"South Dakota","Custer","corn",0
46033,"South Dakota","Custer","grain sorghum",0
46033,"South Dakota","Custer","oats",0
46033,"South Dakota","Custer","soybeans",0
46033,"South Dakota","Custer","sunflower",0
46033,"South Dakota","Custer","wheat",0
46035,"South Dakota","Davison","barley",4.91199091445653
46035,"South Dakota","Davison","corn",3867.57680212956
46035,"South Dakota","Davison","grain sorghum",44.7153168538251
46035,"South Dakota","Davison","oats",49.6431188008939
46035,"South Dakota","Davison","soybeans",3285.92722019839
46035,"South Dakota","Davison","sunflower",40.6015270981399
46035,"South Dakota","Davison","wheat",365.363690671446
46037,"South Dakota","Day","barley",6.47822473341405
46037,"South Dakota","Day","canola",4.13607899617512
46037,"South Dakota","Day","corn",2746.72587590337
46037,"South Dakota","Day","grain sorghum",1.00976709117443
46037,"South Dakota","Day","oats",75.1087590637078
46037,"South Dakota","Day","soybeans",2683.11401249479
46037,"South Dakota","Day","sunflower",8.92134717977043
46037,"South Dakota","Day","wheat",343.54376787096
46039,"South Dakota","Deuel","barley",2.70652383345628
46039,"South Dakota","Deuel","corn",8752.12714551784
46039,"South Dakota","Deuel","dry peas",5.64891913754575
46039,"South Dakota","Deuel","flaxseed",37.351744908354
46039,"South Dakota","Deuel","grain sorghum",3.6782920479343
46039,"South Dakota","Deuel","oats",529.966093813299
46039,"South Dakota","Deuel","soybeans",7094.88465947869
46039,"South Dakota","Deuel","wheat",513.556621262869
46041,"South Dakota","Dewey","barley",0
46041,"South Dakota","Dewey","corn",0
46041,"South Dakota","Dewey","flaxseed",0
46041,"South Dakota","Dewey","grain sorghum",0
46041,"South Dakota","Dewey","oats",0
46041,"South Dakota","Dewey","soybeans",0
46041,"South Dakota","Dewey","sunflower",0
46041,"South Dakota","Dewey","wheat",0
46043,"South Dakota","Douglas","barley",23.8909499225929
46043,"South Dakota","Douglas","corn",6620.73469784268
46043,"South Dakota","Douglas","dry peas",0.0837284085571441
46043,"South Dakota","Douglas","grain sorghum",65.6837186453187
46043,"South Dakota","Douglas","oats",124.864784615149
46043,"South Dakota","Douglas","soybeans",5943.18310311246
46043,"South Dakota","Douglas","sunflower",38.0161988547558
46043,"South Dakota","Douglas","wheat",386.117818598433
46045,"South Dakota","Edmunds","barley",58.7849173087068
46045,"South Dakota","Edmunds","corn",33486.2898284382
46045,"South Dakota","Edmunds","dry peas",87.7307667393315
46045,"South Dakota","Edmunds","flaxseed",31.5481969775444
46045,"South Dakota","Edmunds","grain sorghum",8.02120612816113
46045,"South Dakota","Edmunds","oats",743.223216147356
46045,"South Dakota","Edmunds","soybeans",34981.3654822253
46045,"South Dakota","Edmunds","sunflower",568.938014799497
46045,"South Dakota","Edmunds","wheat",5514.15053790266
46047,"South Dakota","Fall River","barley",0
46047,"South Dakota","Fall River","corn",0
46047,"South Dakota","Fall River","dry peas",0
46047,"South Dakota","Fall River","grain sorghum",0
46047,"South Dakota","Fall River","oats",0
46047,"South Dakota","Fall River","safflower",0
46047,"South Dakota","Fall River","soybeans",0
46047,"South Dakota","Fall River","sunflower",0
46047,"South Dakota","Fall River","wheat",0
46049,"South Dakota","Faulk","barley",64.9514060050174
46049,"South Dakota","Faulk","corn",22613.3760736268
46049,"South Dakota","Faulk","dry peas",10.291338290011
46049,"South Dakota","Faulk","grain sorghum",151.704118374611
46049,"South Dakota","Faulk","oats",465.435899593415
46049,"South Dakota","Faulk","soybeans",22285.6437131134
46049,"South Dakota","Faulk","sunflower",562.470516119611
46049,"South Dakota","Faulk","wheat",2610.65243487714
46051,"South Dakota","Grant","barley",8.37176806558356
46051,"South Dakota","Grant","corn",9044.11614401796
46051,"South Dakota","Grant","dry peas",7.26535275985874
46051,"South Dakota","Grant","grain sorghum",5.12917696508285
46051,"South Dakota","Grant","oats",117.790007825714
46051,"South Dakota","Grant","soybeans",7511.80081229849
46051,"South Dakota","Grant","sunflower",8.78142110318421
46051,"South Dakota","Grant","wheat",758.042483630806
46053,"South Dakota","Gregory","corn",0
46053,"South Dakota","Gregory","dry peas",0
46053,"South Dakota","Gregory","grain sorghum",0
46053,"South Dakota","Gregory","oats",0
46053,"South Dakota","Gregory","soybeans",0
46053,"South Dakota","Gregory","sunflower",0
46053,"South Dakota","Gregory","wheat",0
46055,"South Dakota","Haakon","barley",0
46055,"South Dakota","Haakon","corn",0
46055,"South Dakota","Haakon","dry peas",0
46055,"South Dakota","Haakon","grain sorghum",0
46055,"South Dakota","Haakon","oats",0
46055,"South Dakota","Haakon","safflower",0
46055,"South Dakota","Haakon","soybeans",0
46055,"South Dakota","Haakon","sunflower",0
46055,"South Dakota","Haakon","wheat",0
46057,"South Dakota","Hamlin","barley",2.28953310039684
46057,"South Dakota","Hamlin","corn",1435.2635310421
46057,"South Dakota","Hamlin","grain sorghum",0.0965001003385275
46057,"South Dakota","Hamlin","oats",47.9085539272946
46057,"South Dakota","Hamlin","soybeans",1171.49144675241
46057,"South Dakota","Hamlin","sunflower",10.33518555348
46057,"South Dakota","Hamlin","wheat",45.2807495240144
46059,"South Dakota","Hand","barley",74.3282569439466
46059,"South Dakota","Hand","corn",32246.9373985462
46059,"South Dakota","Hand","dry peas",27.957912554083
46059,"South Dakota","Hand","grain sorghum",237.570447466807
46059,"South Dakota","Hand","oats",613.187633829963
46059,"South Dakota","Hand","soybeans",27675.9216135026
46059,"South Dakota","Hand","sunflower",2057.11401594963
46059,"South Dakota","Hand","wheat",3793.09438787346
46061,"South Dakota","Hanson","barley",3.69638115479526
46061,"South Dakota","Hanson","corn",4557.74166128828
46061,"South Dakota","Hanson","grain sorghum",29.8536394532341
46061,"South Dakota","Hanson","oats",51.5746413561676
46061,"South Dakota","Hanson","soybeans",3501.01952543925
46061,"South Dakota","Hanson","sunflower",25.3307475900646
46061,"South Dakota","Hanson","wheat",128.837570384877
46063,"South Dakota","Harding","barley",0
46063,"South Dakota","Harding","corn",0
46063,"South Dakota","Harding","dry peas",0
46063,"South Dakota","Harding","oats",0
46063,"South Dakota","Harding","safflower",0
46063,"South Dakota","Harding","sunflower",0
46063,"South Dakota","Harding","wheat",0
46065,"South Dakota","Hughes","barley",32.8824966273335
46065,"South Dakota","Hughes","canola",3.09668064320236
46065,"South Dakota","Hughes","corn",7751.16826331063
46065,"South Dakota","Hughes","dry peas",208.333910367954
46065,"South Dakota","Hughes","flaxseed",14.8218463815302
46065,"South Dakota","Hughes","grain sorghum",1011.44814899608
46065,"South Dakota","Hughes","oats",400.284997553916
46065,"South Dakota","Hughes","safflower",18.299108035131
46065,"South Dakota","Hughes","soybeans",3676.6536941978
46065,"South Dakota","Hughes","sunflower",6008.10545171262
46065,"South Dakota","Hughes","wheat",12083.8490688405
46067,"South Dakota","Hutchinson","barley",1.17974834546263
46067,"South Dakota","Hutchinson","corn",5325.45609897842
46067,"South Dakota","Hutchinson","grain sorghum",6.07214932229728
46067,"South Dakota","Hutchinson","oats",51.2217797190389
46067,"South Dakota","Hutchinson","soybeans",4330.04738487501
46067,"South Dakota","Hutchinson","sunflower",20.2880920273818
46067,"South Dakota","Hutchinson","wheat",146.815580065706
46069,"South Dakota","Hyde","barley",69.9568833890276
46069,"South Dakota","Hyde","canola",35.617525865619
46069,"South Dakota","Hyde","corn",18566.0310106961
46069,"South Dakota","Hyde","dry peas",228.14506365174
46069,"South Dakota","Hyde","grain sorghum",1178.63241744329
46069,"South Dakota","Hyde","oats",1647.71570722857
46069,"South Dakota","Hyde","soybeans",13547.9425982674
46069,"South Dakota","Hyde","sunflower",5807.34463696016
46069,"South Dakota","Hyde","wheat",8141.39332316475
46071,"South Dakota","Jackson","barley",0
46071,"South Dakota","Jackson","corn",0
46071,"South Dakota","Jackson","grain sorghum",0
46071,"South Dakota","Jackson","oats",0
46071,"South Dakota","Jackson","safflower",0
46071,"South Dakota","Jackson","soybeans",0
46071,"South Dakota","Jackson","sunflower",0
46071,"South Dakota","Jackson","wheat",0
46073,"South Dakota","Jerauld","barley",6.65048263341283
46073,"South Dakota","Jerauld","corn",2419.07763218616
46073,"South Dakota","Jerauld","grain sorghum",33.0797583447627
46073,"South Dakota","Jerauld","oats",170.77559225874
46073,"South Dakota","Jerauld","soybeans",1942.29278255076
46073,"South Dakota","Jerauld","sunflower",118.292216942629
46073,"South Dakota","Jerauld","wheat",336.30920175021
46075,"South Dakota","Jones","barley",0
46075,"South Dakota","Jones","corn",0
46075,"South Dakota","Jones","flaxseed",0
46075,"South Dakota","Jones","grain sorghum",0
46075,"South Dakota","Jones","oats",0
46075,"South Dakota","Jones","safflower",0
46075,"South Dakota","Jones","soybeans",0
46075,"South Dakota","Jones","sunflower",0
46075,"South Dakota","Jones","wheat",0
46077,"South Dakota","Kingsbury","barley",4.06204222458596
46077,"South Dakota","Kingsbury","corn",6630.00420781053
46077,"South Dakota","Kingsbury","grain sorghum",3.29681551668977
46077,"South Dakota","Kingsbury","oats",159.830329435509
46077,"South Dakota","Kingsbury","soybeans",6349.65693232064
46077,"South Dakota","Kingsbury","sunflower",19.1245387518776
46077,"South Dakota","Kingsbury","wheat",226.482500606864
46079,"South Dakota","Lake","barley",2.27827536711114
46079,"South Dakota","Lake","corn",1230.88224503608
46079,"South Dakota","Lake","grain sorghum",10.5215090679331
46079,"South Dakota","Lake","oats",15.2868165519474
46079,"South Dakota","Lake","soybeans",1010.12745148877
46079,"South Dakota","Lake","wheat",20.0575358215327
46081,"South Dakota","Lawrence","barley",0
46081,"South Dakota","Lawrence","corn",0
46081,"South Dakota","Lawrence","grain sorghum",0
46081,"South Dakota","Lawrence","oats",0
46081,"South Dakota","Lawrence","sunflower",0
46081,"South Dakota","Lawrence","wheat",0
46083,"South Dakota","Lincoln","barley",0.261539557197658
46083,"South Dakota","Lincoln","corn",293.794043462914
46083,"South Dakota","Lincoln","grain sorghum",0.168865367866375
46083,"South Dakota","Lincoln","oats",1.0908210325671
46083,"South Dakota","Lincoln","soybeans",240.957099874715
46083,"South Dakota","Lincoln","wheat",0.916797371446583
46085,"South Dakota","Lyman","barley",49.5539572254604
46085,"South Dakota","Lyman","corn",3746.32826066061
46085,"South Dakota","Lyman","dry peas",201.339781768961
46085,"South Dakota","Lyman","grain sorghum",3641.36864567973
46085,"South Dakota","Lyman","lentils",48.0586231441617
46085,"South Dakota","Lyman","oats",308.926478745679
46085,"South Dakota","Lyman","safflower",3.98062830826001
46085,"South Dakota","Lyman","soybeans",3870.2730842949
46085,"South Dakota","Lyman","sunflower",2042.33141261102
46085,"South Dakota","Lyman","wheat",5037.78579422793
46091,"South Dakota","Marshall","barley",1.13336176969231
46091,"South Dakota","Marshall","corn",610.514052584342
46091,"South Dakota","Marshall","grain sorghum",1.06879328057793
46091,"South Dakota","Marshall","oats",9.1900290727998
46091,"South Dakota","Marshall","soybeans",395.574064507539
46091,"South Dakota","Marshall","sunflower",0.388929975313867
46091,"South Dakota","Marshall","wheat",17.7537688097858
46087,"South Dakota","McCook","barley",5.6254247190323
46087,"South Dakota","McCook","corn",4279.51351962465
46087,"South Dakota","McCook","grain sorghum",2.76418250076659
46087,"South Dakota","McCook","oats",55.2362560960588
46087,"South Dakota","McCook","soybeans",3361.97980094179
46087,"South Dakota","McCook","sunflower",0.0946616230485578
46087,"South Dakota","McCook","wheat",34.0119211613468
46089,"South Dakota","McPherson","barley",102.928953179735
46089,"South Dakota","McPherson","canola",0.325795743056082
46089,"South Dakota","McPherson","corn",3615.32139105719
46089,"South Dakota","McPherson","dry peas",18.9564253097181
46089,"South Dakota","McPherson","flaxseed",10.4256375355242
46089,"South Dakota","McPherson","grain sorghum",20.5776066468814
46089,"South Dakota","McPherson","lentils",0.564712621297208
46089,"South Dakota","McPherson","oats",378.100034192683
46089,"South Dakota","McPherson","soybeans",3662.89217412322
46089,"South Dakota","McPherson","sunflower",212.136989435105
46089,"South Dakota","McPherson","wheat",805.45578015561
46093,"South Dakota","Meade","barley",0
46093,"South Dakota","Meade","corn",0
46093,"South Dakota","Meade","dry peas",0
46093,"South Dakota","Meade","grain sorghum",0
46093,"South Dakota","Meade","oats",0
46093,"South Dakota","Meade","safflower",0
46093,"South Dakota","Meade","soybeans",0
46093,"South Dakota","Meade","sunflower",0
46093,"South Dakota","Meade","wheat",0
46095,"South Dakota","Mellette","barley",0
46095,"South Dakota","Mellette","corn",0
46095,"South Dakota","Mellette","grain sorghum",0
46095,"South Dakota","Mellette","oats",0
46095,"South Dakota","Mellette","safflower",0
46095,"South Dakota","Mellette","soybeans",0
46095,"South Dakota","Mellette","sunflower",0
46095,"South Dakota","Mellette","wheat",0
46097,"South Dakota","Miner","barley",15.7485479401647
46097,"South Dakota","Miner","corn",8572.9090959692
46097,"South Dakota","Miner","grain sorghum",16.615981591781
46097,"South Dakota","Miner","oats",149.363065824357
46097,"South Dakota","Miner","soybeans",7753.15298946328
46097,"South Dakota","Miner","wheat",848.411152544548
46099,"South Dakota","Minnehaha","barley",0.447708097781979
46099,"South Dakota","Minnehaha","corn",1833.5592451569
46099,"South Dakota","Minnehaha","grain sorghum",0.0148262048334859
46099,"South Dakota","Minnehaha","oats",17.3404694441093
46099,"South Dakota","Minnehaha","soybeans",1437.64939426939
46099,"South Dakota","Minnehaha","wheat",8.51799016030468
46101,"South Dakota","Moody","barley",4.86116378984678
46101,"South Dakota","Moody","corn",8827.94750737309
46101,"South Dakota","Moody","grain sorghum",1.60560514068323
46101,"South Dakota","Moody","oats",58.3610276938391
46101,"South Dakota","Moody","soybeans",6358.93817257744
46101,"South Dakota","Moody","wheat",9.20552342503616
46103,"South Dakota","Pennington","barley",0
46103,"South Dakota","Pennington","corn",0
46103,"South Dakota","Pennington","dry peas",0
46103,"South Dakota","Pennington","grain sorghum",0
46103,"South Dakota","Pennington","oats",0
46103,"South Dakota","Pennington","safflower",0
46103,"South Dakota","Pennington","soybeans",0
46103,"South Dakota","Pennington","sunflower",0
46103,"South Dakota","Pennington","wheat",0
46105,"South Dakota","Perkins","barley",0
46105,"South Dakota","Perkins","canola",0
46105,"South Dakota","Perkins","chickpeas_large",0
46105,"South Dakota","Perkins","chickpeas_small",0
46105,"South Dakota","Perkins","corn",0
46105,"South Dakota","Perkins","dry peas",0
46105,"South Dakota","Perkins","flaxseed",0
46105,"South Dakota","Perkins","grain sorghum",0
46105,"South Dakota","Perkins","lentils",0
46105,"South Dakota","Perkins","mustard",0
46105,"South Dakota","Perkins","oats",0
46105,"South Dakota","Perkins","safflower",0
46105,"South Dakota","Perkins","soybeans",0
46105,"South Dakota","Perkins","sunflower",0
46105,"South Dakota","Perkins","wheat",0
46107,"South Dakota","Potter","barley",41.6202242864723
46107,"South Dakota","Potter","canola",17.3070843048613
46107,"South Dakota","Potter","corn",13192.7629173808
46107,"South Dakota","Potter","flaxseed",36.8081018891774
46107,"South Dakota","Potter","grain sorghum",131.771397566773
46107,"South Dakota","Potter","oats",455.941606939817
46107,"South Dakota","Potter","soybeans",9809.23586168087
46107,"South Dakota","Potter","sunflower",4327.05156502596
46107,"South Dakota","Potter","wheat",10199.3245742586
46109,"South Dakota","Roberts","barley",10.5130862284251
46109,"South Dakota","Roberts","corn",5597.48109560497
46109,"South Dakota","Roberts","dry peas",1.07453898108047
46109,"South Dakota","Roberts","oats",35.6605997757829
46109,"South Dakota","Roberts","soybeans",5350.17637765512
46109,"South Dakota","Roberts","sunflower",6.28597367898239
46109,"South Dakota","Roberts","wheat",260.473328075559
46111,"South Dakota","Sanborn","barley",2.28825449952389
46111,"South Dakota","Sanborn","corn",1279.88067850936
46111,"South Dakota","Sanborn","grain sorghum",6.8771023155002
46111,"South Dakota","Sanborn","oats",30.803941610735
46111,"South Dakota","Sanborn","soybeans",928.746187120139
46111,"South Dakota","Sanborn","sunflower",4.84093433548341
46111,"South Dakota","Sanborn","wheat",27.8285682759053
46113,"South Dakota","Shannon","corn",12953.6950975395
46113,"South Dakota","Shannon","grain sorghum",458.378328778837
46113,"South Dakota","Shannon","oats",1601.94813336082
46113,"South Dakota","Shannon","safflower",872.451057154699
46113,"South Dakota","Shannon","soybeans",646.745492693236
46113,"South Dakota","Shannon","sunflower",6352.42489474666
46113,"South Dakota","Shannon","wheat",14495.8084957262
46115,"South Dakota","Spink","barley",64.3787139605827
46115,"South Dakota","Spink","corn",19717.8843883373
46115,"South Dakota","Spink","flaxseed",1.31393711345604
46115,"South Dakota","Spink","grain sorghum",35.3707929131024
46115,"South Dakota","Spink","oats",266.75025702539
46115,"South Dakota","Spink","safflower",1.31393711345604
46115,"South Dakota","Spink","soybeans",19851.0340452413
46115,"South Dakota","Spink","sunflower",290.381810192031
46115,"South Dakota","Spink","wheat",1325.22711810341
46117,"South Dakota","Stanley","barley",0
46117,"South Dakota","Stanley","corn",0
46117,"South Dakota","Stanley","dry peas",0
46117,"South Dakota","Stanley","grain sorghum",0
46117,"South Dakota","Stanley","lentils",0
46117,"South Dakota","Stanley","oats",0
46117,"South Dakota","Stanley","safflower",0
46117,"South Dakota","Stanley","soybeans",0
46117,"South Dakota","Stanley","sunflower",0
46117,"South Dakota","Stanley","wheat",0
46119,"South Dakota","Sully","barley",10.1971028264121
46119,"South Dakota","Sully","canola",30.9938116480729
46119,"South Dakota","Sully","corn",14776.2329752398
46119,"South Dakota","Sully","grain sorghum",660.703293112495
46119,"South Dakota","Sully","oats",99.0461007273985
46119,"South Dakota","Sully","soybeans",4417.13297955333
46119,"South Dakota","Sully","sunflower",12147.188187048
46119,"South Dakota","Sully","wheat",18940.5632165111
46121,"South Dakota","Todd","corn",534.464673996333
46121,"South Dakota","Todd","dry peas",39.2532554853007
46121,"South Dakota","Todd","grain sorghum",56.7673204979704
46121,"South Dakota","Todd","oats",116.503404346269
46121,"South Dakota","Todd","soybeans",128.101033134788
46121,"South Dakota","Todd","sunflower",193.290096046508
46121,"South Dakota","Todd","wheat",363.081716492837
46123,"South Dakota","Tripp","barley",0
46123,"South Dakota","Tripp","corn",0
46123,"South Dakota","Tripp","grain sorghum",0
46123,"South Dakota","Tripp","oats",0
46123,"South Dakota","Tripp","soybeans",0
46123,"South Dakota","Tripp","sunflower",0
46123,"South Dakota","Tripp","wheat",0
46125,"South Dakota","Turner","barley",1.01708305572357
46125,"South Dakota","Turner","corn",3303.09688087444
46125,"South Dakota","Turner","dry peas",0.318809378883292
46125,"South Dakota","Turner","grain sorghum",0.368876897727161
46125,"South Dakota","Turner","oats",15.3030085026631
46125,"South Dakota","Turner","soybeans",2646.66819164794
46125,"South Dakota","Turner","wheat",37.1246496425328
46127,"South Dakota","Union","corn",2636.98659914076
46127,"South Dakota","Union","grain sorghum",2.44766056523588
46127,"South Dakota","Union","oats",10.9090315832121
46127,"South Dakota","Union","soybeans",2220.69521595099
46127,"South Dakota","Union","wheat",1.90449275980267
46129,"South Dakota","Walworth","barley",18.3700004107198
46129,"South Dakota","Walworth","corn",2394.78904303239
46129,"South Dakota","Walworth","dry peas",12.8191519561588
46129,"South Dakota","Walworth","grain sorghum",4.71608884539346
46129,"South Dakota","Walworth","oats",126.423517656074
46129,"South Dakota","Walworth","soybeans",2444.18289754034
46129,"South Dakota","Walworth","sunflower",133.290191218593
46129,"South Dakota","Walworth","wheat",1058.14177600701
46135,"South Dakota","Yankton","barley",1.00388966927189
46135,"South Dakota","Yankton","corn",4815.7500916388
46135,"South Dakota","Yankton","oats",31.8973746248196
46135,"South Dakota","Yankton","soybeans",3489.20455382308
46135,"South Dakota","Yankton","sunflower",3.34080875939058
46135,"South Dakota","Yankton","wheat",39.8807814846816
46137,"South Dakota","Ziebach","barley",0
46137,"South Dakota","Ziebach","corn",0
46137,"South Dakota","Ziebach","flaxseed",0
46137,"South Dakota","Ziebach","grain sorghum",0
46137,"South Dakota","Ziebach","oats",0
46137,"South Dakota","Ziebach","soybeans",0
46137,"South Dakota","Ziebach","sunflower",0
46137,"South Dakota","Ziebach","wheat",0
47001,"Tennessee","Anderson","corn",0
47001,"Tennessee","Anderson","oats",0
47001,"Tennessee","Anderson","soybeans",0
47001,"Tennessee","Anderson","wheat",0
47003,"Tennessee","Bedford","corn",196.558099835089
47003,"Tennessee","Bedford","grain sorghum",3.79293604301714
47003,"Tennessee","Bedford","soybeans",416.95439098768
47003,"Tennessee","Bedford","sunflower",0.167023472764857
47003,"Tennessee","Bedford","wheat",127.207949661447
47005,"Tennessee","Benton","corn",1173.30824912295
47005,"Tennessee","Benton","cotton",27.5292085854073
47005,"Tennessee","Benton","grain sorghum",12.3171968098088
47005,"Tennessee","Benton","soybeans",2000.67308097696
47005,"Tennessee","Benton","wheat",47.6356911715453
47007,"Tennessee","Bledsoe","corn",0
47007,"Tennessee","Bledsoe","oats",0
47007,"Tennessee","Bledsoe","soybeans",0
47007,"Tennessee","Bledsoe","sunflower",0
47007,"Tennessee","Bledsoe","wheat",0
47009,"Tennessee","Blount","corn",72.5391215424569
47009,"Tennessee","Blount","oats",0.208784322627103
47009,"Tennessee","Blount","soybeans",256.081663756134
47009,"Tennessee","Blount","sunflower",0.118433212250462
47009,"Tennessee","Blount","wheat",59.6770304998666
47011,"Tennessee","Bradley","corn",296.498954598324
47011,"Tennessee","Bradley","oats",16.2361648125385
47011,"Tennessee","Bradley","soybeans",210.983324426132
47011,"Tennessee","Bradley","sunflower",3.97368958884804
47011,"Tennessee","Bradley","wheat",78.0067999074905
47013,"Tennessee","Campbell","corn",0
47013,"Tennessee","Campbell","soybeans",0
47015,"Tennessee","Cannon","corn",1031.75726465405
47015,"Tennessee","Cannon","soybeans",1741.81290291485
47015,"Tennessee","Cannon","wheat",171.90616576443
47017,"Tennessee","Carroll","barley",6.11340805587777
47017,"Tennessee","Carroll","canola",34.6216957474023
47017,"Tennessee","Carroll","corn",5598.14203132885
47017,"Tennessee","Carroll","cotton",3577.94553091486
47017,"Tennessee","Carroll","grain sorghum",6.91516648943551
47017,"Tennessee","Carroll","soybeans",5799.04799134409
47017,"Tennessee","Carroll","wheat",2019.20211611948
47019,"Tennessee","Carter","barley",0
47019,"Tennessee","Carter","corn",0
47019,"Tennessee","Carter","soybeans",0
47019,"Tennessee","Carter","sunflower",0
47019,"Tennessee","Carter","wheat",0
47021,"Tennessee","Cheatham","corn",411.925731031219
47021,"Tennessee","Cheatham","soybeans",1058.35867492326
47021,"Tennessee","Cheatham","sunflower",1.00007056227181
47021,"Tennessee","Cheatham","wheat",172.769523483246
47023,"Tennessee","Chester","corn",246.477366318976
47023,"Tennessee","Chester","cotton",234.889586710432
47023,"Tennessee","Chester","dry peas",19.0084249242532
47023,"Tennessee","Chester","grain sorghum",2.14518713390901
47023,"Tennessee","Chester","soybeans",750.499987942188
47023,"Tennessee","Chester","sunflower",0.379948128570494
47023,"Tennessee","Chester","wheat",40.8808988416708
47025,"Tennessee","Claiborne","barley",180.149375242063
47025,"Tennessee","Claiborne","corn",539.835967654978
47025,"Tennessee","Claiborne","soybeans",106.511702166651
47025,"Tennessee","Claiborne","wheat",118.084721602975
47027,"Tennessee","Clay","corn",573.110741645136
47027,"Tennessee","Clay","grain sorghum",0.894415792205416
47027,"Tennessee","Clay","soybeans",233.32665426526
47027,"Tennessee","Clay","sunflower",0.243931579692386
47027,"Tennessee","Clay","wheat",45.4322567177069
47029,"Tennessee","Cocke","corn",0
47029,"Tennessee","Cocke","soybeans",0
47029,"Tennessee","Cocke","wheat",0
47031,"Tennessee","Coffee","barley",26.9940100674474
47031,"Tennessee","Coffee","corn",3718.92871930671
47031,"Tennessee","Coffee","cotton",61.2814133422133
47031,"Tennessee","Coffee","oats",8.37459180596391
47031,"Tennessee","Coffee","soybeans",5627.92402546826
47031,"Tennessee","Coffee","sunflower",0.601084717601384
47031,"Tennessee","Coffee","wheat",673.734721958469
47033,"Tennessee","Crockett","canola",56.7050348446071
47033,"Tennessee","Crockett","corn",5573.09907094826
47033,"Tennessee","Crockett","cotton",9740.28417142695
47033,"Tennessee","Crockett","dry peas",68.1466272411908
47033,"Tennessee","Crockett","oats",28.2223850252655
47033,"Tennessee","Crockett","soybeans",13665.4891885677
47033,"Tennessee","Crockett","sunflower",7.83107847064636
47033,"Tennessee","Crockett","wheat",3947.3287568087
47035,"Tennessee","Cumberland","corn",0
47035,"Tennessee","Cumberland","soybeans",0
47035,"Tennessee","Cumberland","wheat",0
47037,"Tennessee","Davidson","corn",516.627232133319
47037,"Tennessee","Davidson","grain sorghum",350.832728539487
47037,"Tennessee","Davidson","soybeans",692.572004857344
47037,"Tennessee","Davidson","sunflower",6.49237430755776
47037,"Tennessee","Davidson","wheat",243.851610162292
47041,"Tennessee","DeKalb","corn",1379.4587973375
47041,"Tennessee","DeKalb","soybeans",2532.18064522441
47041,"Tennessee","DeKalb","wheat",242.230157438083
47039,"Tennessee","Decatur","corn",222.702824629395
47039,"Tennessee","Decatur","cotton",10.078765723663
47039,"Tennessee","Decatur","grain sorghum",2.64332756159805
47039,"Tennessee","Decatur","soybeans",624.836344644965
47039,"Tennessee","Decatur","sunflower",2.18400158157755
47039,"Tennessee","Decatur","wheat",9.74123585880288
47043,"Tennessee","Dickson","corn",327.746901887156
47043,"Tennessee","Dickson","soybeans",359.288977403527
47043,"Tennessee","Dickson","wheat",64.5947873759837
47045,"Tennessee","Dyer","corn",649.483816139372
47045,"Tennessee","Dyer","cotton",303.676220034732
47045,"Tennessee","Dyer","grain sorghum",4.22910249077961
47045,"Tennessee","Dyer","oats",2.22413274333961
47045,"Tennessee","Dyer","rice_long grain",7.89776275005185
47045,"Tennessee","Dyer","soybeans",2024.48657911477
47045,"Tennessee","Dyer","sunflower",0.372381312300905
47045,"Tennessee","Dyer","wheat",376.110505414663
47047,"Tennessee","Fayette","corn",1852.54102464248
47047,"Tennessee","Fayette","cotton",3089.11608033376
47047,"Tennessee","Fayette","grain sorghum",19.0726593621744
47047,"Tennessee","Fayette","soybeans",4842.36305438103
47047,"Tennessee","Fayette","wheat",618.859201280564
47049,"Tennessee","Fentress","corn",0
47049,"Tennessee","Fentress","oats",0
47049,"Tennessee","Fentress","soybeans",0
47049,"Tennessee","Fentress","wheat",0
47051,"Tennessee","Franklin","corn",1538.48079520297
47051,"Tennessee","Franklin","cotton",295.370385094122
47051,"Tennessee","Franklin","grain sorghum",2.77444058812266
47051,"Tennessee","Franklin","oats",6.45784608666856
47051,"Tennessee","Franklin","rapeseed",26.353689568279
47051,"Tennessee","Franklin","soybeans",1913.06852104615
47051,"Tennessee","Franklin","sunflower",0.605976606948833
47051,"Tennessee","Franklin","wheat",456.478262473403
47053,"Tennessee","Gibson","canola",29.345403690035
47053,"Tennessee","Gibson","corn",9601.94346706451
47053,"Tennessee","Gibson","cotton",3352.44215287442
47053,"Tennessee","Gibson","grain sorghum",0.272578411922529
47053,"Tennessee","Gibson","mustard",0.238175311388618
47053,"Tennessee","Gibson","soybeans",14452.7830240991
47053,"Tennessee","Gibson","sunflower",0.806620387902786
47053,"Tennessee","Gibson","wheat",7076.03924482736
47055,"Tennessee","Giles","corn",628.515393925116
47055,"Tennessee","Giles","cotton",91.1995762806724
47055,"Tennessee","Giles","grain sorghum",8.37417733317038
47055,"Tennessee","Giles","oats",1.45258080337749
47055,"Tennessee","Giles","soybeans",568.416983041487
47055,"Tennessee","Giles","wheat",51.3729552828416
47057,"Tennessee","Grainger","barley",0
47057,"Tennessee","Grainger","corn",0
47057,"Tennessee","Grainger","oats",0
47057,"Tennessee","Grainger","soybeans",0
47057,"Tennessee","Grainger","sunflower",0
47057,"Tennessee","Grainger","wheat",0
47059,"Tennessee","Greene","corn",28.1165754214297
47059,"Tennessee","Greene","grain sorghum",0.00722291236989598
47059,"Tennessee","Greene","oats",0.146436214169984
47059,"Tennessee","Greene","soybeans",29.6907013843716
47059,"Tennessee","Greene","sunflower",0.0125752756388702
47059,"Tennessee","Greene","wheat",2.20842212535501
47061,"Tennessee","Grundy","barley",7.50653277016573
47061,"Tennessee","Grundy","corn",489.729003416099
47061,"Tennessee","Grundy","soybeans",539.885267027998
47061,"Tennessee","Grundy","wheat",31.700196785738
47063,"Tennessee","Hamblen","corn",674.344158610896
47063,"Tennessee","Hamblen","cotton",0.250839608045869
47063,"Tennessee","Hamblen","grain sorghum",3.17061264569978
47063,"Tennessee","Hamblen","oats",6.6848755544224
47063,"Tennessee","Hamblen","soybeans",644.705953882628
47063,"Tennessee","Hamblen","sunflower",0.501679216091738
47063,"Tennessee","Hamblen","wheat",93.9635138155503
47065,"Tennessee","Hamilton","corn",0
47065,"Tennessee","Hamilton","soybeans",0
47065,"Tennessee","Hamilton","sunflower",0
47067,"Tennessee","Hancock","corn",82.8361586783525
47067,"Tennessee","Hancock","soybeans",70.0980413216476
47069,"Tennessee","Hardeman","corn",1002.75456212355
47069,"Tennessee","Hardeman","cotton",1104.22011794785
47069,"Tennessee","Hardeman","grain sorghum",9.85758772002901
47069,"Tennessee","Hardeman","soybeans",2287.08109627059
47069,"Tennessee","Hardeman","sunflower",0.606180290501369
47069,"Tennessee","Hardeman","wheat",323.680968980827
47071,"Tennessee","Hardin","corn",0
47071,"Tennessee","Hardin","cotton",0
47071,"Tennessee","Hardin","grain sorghum",0
47071,"Tennessee","Hardin","oats",0
47071,"Tennessee","Hardin","soybeans",0
47071,"Tennessee","Hardin","sunflower",0
47071,"Tennessee","Hardin","wheat",0
47073,"Tennessee","Hawkins","corn",0
47073,"Tennessee","Hawkins","soybeans",0
47073,"Tennessee","Hawkins","sunflower",0
47073,"Tennessee","Hawkins","wheat",0
47075,"Tennessee","Haywood","corn",4728.33599985948
47075,"Tennessee","Haywood","cotton",12993.2220937382
47075,"Tennessee","Haywood","peanuts",12.2729557241782
47075,"Tennessee","Haywood","soybeans",18027.2327568543
47075,"Tennessee","Haywood","wheat",4310.46169382386
47077,"Tennessee","Henderson","corn",967.034868912749
47077,"Tennessee","Henderson","cotton",238.077330674679
47077,"Tennessee","Henderson","dry peas",18.1609272133479
47077,"Tennessee","Henderson","grain sorghum",16.8567354111602
47077,"Tennessee","Henderson","oats",2.01313874133684
47077,"Tennessee","Henderson","soybeans",2733.46249119216
47077,"Tennessee","Henderson","sunflower",0.538715927181739
47077,"Tennessee","Henderson","wheat",252.881791927371
47079,"Tennessee","Henry","barley",100.986367409427
47079,"Tennessee","Henry","canola",127.60984291036
47079,"Tennessee","Henry","corn",6364.81607757107
47079,"Tennessee","Henry","cotton",263.933647109461
47079,"Tennessee","Henry","dry peas",69.8574230614309
47079,"Tennessee","Henry","grain sorghum",0.765403106663294
47079,"Tennessee","Henry","oats",22.9256600120217
47079,"Tennessee","Henry","rapeseed",69.8537491265189
47079,"Tennessee","Henry","soybeans",6732.62258028581
47079,"Tennessee","Henry","sunflower",1.12131555126173
47079,"Tennessee","Henry","wheat",1808.41363385597
47081,"Tennessee","Hickman","canola",8.89954279771708
47081,"Tennessee","Hickman","corn",299.570818097489
47081,"Tennessee","Hickman","grain sorghum",36.106960400215
47081,"Tennessee","Hickman","oats",10.7127446108922
47081,"Tennessee","Hickman","soybeans",520.391139931514
47081,"Tennessee","Hickman","sunflower",1.15416612590057
47081,"Tennessee","Hickman","wheat",57.980628036273
47083,"Tennessee","Houston","corn",0
47083,"Tennessee","Houston","soybeans",0
47085,"Tennessee","Humphreys","corn",0
47085,"Tennessee","Humphreys","soybeans",0
47085,"Tennessee","Humphreys","wheat",0
47087,"Tennessee","Jackson","corn",399.915414822092
47087,"Tennessee","Jackson","soybeans",809.357485224906
47087,"Tennessee","Jackson","wheat",41.3386499530029
47089,"Tennessee","Jefferson","barley",0
47089,"Tennessee","Jefferson","corn",0
47089,"Tennessee","Jefferson","grain sorghum",0
47089,"Tennessee","Jefferson","soybeans",0
47089,"Tennessee","Jefferson","sunflower",0
47089,"Tennessee","Jefferson","wheat",0
47091,"Tennessee","Johnson","corn",0
47091,"Tennessee","Johnson","oats",0
47091,"Tennessee","Johnson","soybeans",0
47091,"Tennessee","Johnson","wheat",0
47093,"Tennessee","Knox","barley",0
47093,"Tennessee","Knox","corn",0
47093,"Tennessee","Knox","soybeans",0
47093,"Tennessee","Knox","wheat",0
47095,"Tennessee","Lake","corn",312.801188545828
47095,"Tennessee","Lake","cotton",162.373966274601
47095,"Tennessee","Lake","grain sorghum",1.09440822464421
47095,"Tennessee","Lake","rice_long grain",12.4888296864824
47095,"Tennessee","Lake","soybeans",1449.44955296956
47095,"Tennessee","Lake","wheat",233.829054298865
47097,"Tennessee","Lauderdale","corn",1427.00389536994
47097,"Tennessee","Lauderdale","cotton",2663.43871022496
47097,"Tennessee","Lauderdale","grain sorghum",22.9367758292767
47097,"Tennessee","Lauderdale","oats",21.9839418869041
47097,"Tennessee","Lauderdale","soybeans",6935.37653578116
47097,"Tennessee","Lauderdale","sunflower",1.02274117491428
47097,"Tennessee","Lauderdale","wheat",644.803029732841
47099,"Tennessee","Lawrence","corn",9748.17814128533
47099,"Tennessee","Lawrence","cotton",234.178037198615
47099,"Tennessee","Lawrence","oats",82.6126451872224
47099,"Tennessee","Lawrence","soybeans",10383.2691535384
47099,"Tennessee","Lawrence","wheat",2735.7450227904
47101,"Tennessee","Lewis","corn",0
47101,"Tennessee","Lewis","soybeans",0
47103,"Tennessee","Lincoln","corn",3511.43688606047
47103,"Tennessee","Lincoln","cotton",1534.24782056779
47103,"Tennessee","Lincoln","oats",14.4041634299054
47103,"Tennessee","Lincoln","soybeans",3123.08334663739
47103,"Tennessee","Lincoln","sunflower",1.79765231122309
47103,"Tennessee","Lincoln","wheat",968.624429326545
47105,"Tennessee","Loudon","barley",320.110977901335
47105,"Tennessee","Loudon","corn",1400.27876950764
47105,"Tennessee","Loudon","oats",42.4872876808824
47105,"Tennessee","Loudon","soybeans",1316.2716759687
47105,"Tennessee","Loudon","sunflower",1.17771224799103
47105,"Tennessee","Loudon","wheat",288.933243360116
47111,"Tennessee","Macon","corn",2683.07472577093
47111,"Tennessee","Macon","cotton",0.35172470861334
47111,"Tennessee","Macon","grain sorghum",12.3103648014669
47111,"Tennessee","Macon","oats",3.22414316228895
47111,"Tennessee","Macon","soybeans",3135.82180519219
47111,"Tennessee","Macon","wheat",578.874153031173
47113,"Tennessee","Madison","corn",5021.06811545094
47113,"Tennessee","Madison","cotton",4338.39942792005
47113,"Tennessee","Madison","grain sorghum",2.79708669203032
47113,"Tennessee","Madison","oats",152.461481946737
47113,"Tennessee","Madison","soybeans",9175.89866017105
47113,"Tennessee","Madison","sunflower",1.91318293571136
47113,"Tennessee","Madison","wheat",2747.15817821679
47115,"Tennessee","Marion","barley",0
47115,"Tennessee","Marion","corn",0
47115,"Tennessee","Marion","grain sorghum",0
47115,"Tennessee","Marion","rapeseed",0
47115,"Tennessee","Marion","soybeans",0
47115,"Tennessee","Marion","wheat",0
47117,"Tennessee","Marshall","corn",718.495021093193
47117,"Tennessee","Marshall","grain sorghum",3.75848465666823
47117,"Tennessee","Marshall","oats",7.24140317489179
47117,"Tennessee","Marshall","soybeans",1120.19030424099
47117,"Tennessee","Marshall","wheat",257.440120167592
47119,"Tennessee","Maury","corn",902.683851472439
47119,"Tennessee","Maury","oats",46.7267228065906
47119,"Tennessee","Maury","soybeans",1311.41073272588
47119,"Tennessee","Maury","wheat",164.498846328422
47107,"Tennessee","McMinn","corn",1236.16312058259
47107,"Tennessee","McMinn","oats",18.3523431059255
47107,"Tennessee","McMinn","soybeans",1645.24712617146
47107,"Tennessee","McMinn","wheat",601.639236806692
47109,"Tennessee","McNairy","corn",361.780215092806
47109,"Tennessee","McNairy","cotton",316.766805875843
47109,"Tennessee","McNairy","grain sorghum",11.0353097725398
47109,"Tennessee","McNairy","oats",5.53491937353839
47109,"Tennessee","McNairy","soybeans",1019.70616460481
47109,"Tennessee","McNairy","wheat",32.6670852804655
47121,"Tennessee","Meigs","corn",0
47121,"Tennessee","Meigs","oats",0
47121,"Tennessee","Meigs","soybeans",0
47121,"Tennessee","Meigs","sunflower",0
47121,"Tennessee","Meigs","wheat",0
47123,"Tennessee","Monroe","barley",35.4784301796857
47123,"Tennessee","Monroe","corn",2493.30730049733
47123,"Tennessee","Monroe","oats",16.3752736418379
47123,"Tennessee","Monroe","soybeans",2501.32982861665
47123,"Tennessee","Monroe","sunflower",17.5650666203608
47123,"Tennessee","Monroe","wheat",837.857267110808
47125,"Tennessee","Montgomery","barley",26.0507154251253
47125,"Tennessee","Montgomery","corn",3945.31139602311
47125,"Tennessee","Montgomery","grain sorghum",18.643941495147
47125,"Tennessee","Montgomery","oats",4.86238925665816
47125,"Tennessee","Montgomery","soybeans",4508.07657002226
47125,"Tennessee","Montgomery","sunflower",1.97428946080179
47125,"Tennessee","Montgomery","wheat",2452.30643165023
47127,"Tennessee","Moore","corn",0
47127,"Tennessee","Moore","soybeans",0
47127,"Tennessee","Moore","wheat",0
47129,"Tennessee","Morgan","corn",44.8549685359069
47129,"Tennessee","Morgan","oats",1.78471522891934
47129,"Tennessee","Morgan","soybeans",11.9362174134573
47129,"Tennessee","Morgan","wheat",15.2880988217165
47131,"Tennessee","Obion","corn",0
47131,"Tennessee","Obion","cotton",0
47131,"Tennessee","Obion","grain sorghum",0
47131,"Tennessee","Obion","oats",0
47131,"Tennessee","Obion","rice_long grain",0
47131,"Tennessee","Obion","soybeans",0
47131,"Tennessee","Obion","sunflower",0
47131,"Tennessee","Obion","wheat",0
47133,"Tennessee","Overton","corn",0
47133,"Tennessee","Overton","oats",0
47133,"Tennessee","Overton","soybeans",0
47133,"Tennessee","Overton","wheat",0
47135,"Tennessee","Perry","corn",0
47135,"Tennessee","Perry","grain sorghum",0
47135,"Tennessee","Perry","oats",0
47135,"Tennessee","Perry","soybeans",0
47135,"Tennessee","Perry","sunflower",0
47135,"Tennessee","Perry","wheat",0
47137,"Tennessee","Pickett","barley",0
47137,"Tennessee","Pickett","corn",0
47137,"Tennessee","Pickett","oats",0
47137,"Tennessee","Pickett","soybeans",0
47137,"Tennessee","Pickett","wheat",0
47139,"Tennessee","Polk","corn",223.495180420269
47139,"Tennessee","Polk","oats",5.10196952884134
47139,"Tennessee","Polk","soybeans",268.791293975339
47139,"Tennessee","Polk","sunflower",0.632593774030038
47139,"Tennessee","Polk","wheat",107.503228968186
47141,"Tennessee","Putnam","corn",477.531722970989
47141,"Tennessee","Putnam","oats",6.01012431022097
47141,"Tennessee","Putnam","soybeans",606.487541216039
47141,"Tennessee","Putnam","sunflower",0.916643260328566
47141,"Tennessee","Putnam","wheat",59.986968242422
47143,"Tennessee","Rhea","corn",0
47143,"Tennessee","Rhea","soybeans",0
47143,"Tennessee","Rhea","sunflower",0
47143,"Tennessee","Rhea","wheat",0
47145,"Tennessee","Roane","corn",6.54781410278102
47145,"Tennessee","Roane","soybeans",2.17646386298016
47145,"Tennessee","Roane","wheat",2.84913870090555
47147,"Tennessee","Robertson","barley",163.024800330757
47147,"Tennessee","Robertson","canola",43.1365801364345
47147,"Tennessee","Robertson","corn",10238.0701666501
47147,"Tennessee","Robertson","grain sorghum",1.32907875697666
47147,"Tennessee","Robertson","oats",34.5528578923764
47147,"Tennessee","Robertson","rapeseed",137.727115270463
47147,"Tennessee","Robertson","soybeans",13819.5445410217
47147,"Tennessee","Robertson","sunflower",0.939215654930173
47147,"Tennessee","Robertson","wheat",10115.5689776196
47149,"Tennessee","Rutherford","barley",0
47149,"Tennessee","Rutherford","corn",0
47149,"Tennessee","Rutherford","cotton",0
47149,"Tennessee","Rutherford","grain sorghum",0
47149,"Tennessee","Rutherford","oats",0
47149,"Tennessee","Rutherford","soybeans",0
47149,"Tennessee","Rutherford","sunflower",0
47149,"Tennessee","Rutherford","wheat",0
47151,"Tennessee","Scott","corn",0
47151,"Tennessee","Scott","soybeans",0
47153,"Tennessee","Sequatchie","corn",0
47153,"Tennessee","Sequatchie","oats",0
47153,"Tennessee","Sequatchie","soybeans",0
47153,"Tennessee","Sequatchie","wheat",0
47155,"Tennessee","Sevier","corn",32.9700335318012
47155,"Tennessee","Sevier","soybeans",77.9603369176966
47155,"Tennessee","Sevier","wheat",61.2202795505022
47157,"Tennessee","Shelby","corn",0
47157,"Tennessee","Shelby","cotton",0
47157,"Tennessee","Shelby","grain sorghum",0
47157,"Tennessee","Shelby","rice_long grain",0
47157,"Tennessee","Shelby","rice_short/medium grain",0
47157,"Tennessee","Shelby","soybeans",0
47157,"Tennessee","Shelby","sunflower",0
47157,"Tennessee","Shelby","wheat",0
47159,"Tennessee","Smith","corn",1416.13817074831
47159,"Tennessee","Smith","soybeans",1371.95309097486
47159,"Tennessee","Smith","wheat",824.040188276826
47161,"Tennessee","Stewart","canola",7.81974945981069
47161,"Tennessee","Stewart","corn",700.506900411923
47161,"Tennessee","Stewart","grain sorghum",16.917909475248
47161,"Tennessee","Stewart","soybeans",747.40454450556
47161,"Tennessee","Stewart","wheat",81.431079480791
47163,"Tennessee","Sullivan","barley",0
47163,"Tennessee","Sullivan","corn",0
47163,"Tennessee","Sullivan","oats",0
47163,"Tennessee","Sullivan","soybeans",0
47163,"Tennessee","Sullivan","wheat",0
47165,"Tennessee","Sumner","barley",2.62968015832793
47165,"Tennessee","Sumner","canola",50.6438831634555
47165,"Tennessee","Sumner","corn",4320.28875938476
47165,"Tennessee","Sumner","grain sorghum",20.9810909775164
47165,"Tennessee","Sumner","oats",18.475381455224
47165,"Tennessee","Sumner","rapeseed",88.7845763455468
47165,"Tennessee","Sumner","soybeans",5552.84464372027
47165,"Tennessee","Sumner","sunflower",0.845254336605407
47165,"Tennessee","Sumner","wheat",2963.39408379163
47167,"Tennessee","Tipton","corn",4781.4958583623
47167,"Tennessee","Tipton","cotton",3636.38805531579
47167,"Tennessee","Tipton","grain sorghum",0.644215829353944
47167,"Tennessee","Tipton","oats",8.5044993974118
47167,"Tennessee","Tipton","soybeans",12575.8111939631
47167,"Tennessee","Tipton","wheat",1615.40117046539
47169,"Tennessee","Trousdale","corn",1082.97010157168
47169,"Tennessee","Trousdale","soybeans",1174.33929529158
47169,"Tennessee","Trousdale","wheat",461.008603136739
47171,"Tennessee","Unicoi","corn",26.85056
47173,"Tennessee","Union","corn",0
47173,"Tennessee","Union","soybeans",0
47175,"Tennessee","Van Buren","corn",36.8142051203858
47175,"Tennessee","Van Buren","soybeans",71.4616411663869
47175,"Tennessee","Van Buren","wheat",3.70815371322696
47177,"Tennessee","Warren","corn",7678.10071189627
47177,"Tennessee","Warren","grain sorghum",4.36271873202134
47177,"Tennessee","Warren","oats",17.1789774433702
47177,"Tennessee","Warren","soybeans",12964.9619175349
47177,"Tennessee","Warren","wheat",1199.80697439344
47179,"Tennessee","Washington","corn",0
47179,"Tennessee","Washington","oats",0
47179,"Tennessee","Washington","soybeans",0
47179,"Tennessee","Washington","sunflower",0
47179,"Tennessee","Washington","wheat",0
47181,"Tennessee","Wayne","corn",2246.75451104149
47181,"Tennessee","Wayne","cotton",14.9230302117585
47181,"Tennessee","Wayne","grain sorghum",43.988768139582
47181,"Tennessee","Wayne","oats",17.4323025508512
47181,"Tennessee","Wayne","soybeans",2174.27938167677
47181,"Tennessee","Wayne","wheat",677.324006379543
47183,"Tennessee","Weakley","barley",1.97003005854533
47183,"Tennessee","Weakley","canola",9.13461714894709
47183,"Tennessee","Weakley","corn",4919.28737319675
47183,"Tennessee","Weakley","cotton",86.0594851155199
47183,"Tennessee","Weakley","oats",4.54452542959698
47183,"Tennessee","Weakley","soybeans",5908.70923226716
47183,"Tennessee","Weakley","sunflower",0.285501284234434
47183,"Tennessee","Weakley","wheat",1779.97890216591
47185,"Tennessee","White","barley",44.3280469274546
47185,"Tennessee","White","corn",1233.7995462954
47185,"Tennessee","White","grain sorghum",12.1808042838101
47185,"Tennessee","White","oats",41.8773251092499
47185,"Tennessee","White","soybeans",1526.68790936063
47185,"Tennessee","White","sunflower",1.97497040491294
47185,"Tennessee","White","wheat",410.613064285209
47187,"Tennessee","Williamson","barley",0
47187,"Tennessee","Williamson","corn",0
47187,"Tennessee","Williamson","grain sorghum",0
47187,"Tennessee","Williamson","soybeans",0
47187,"Tennessee","Williamson","wheat",0
47189,"Tennessee","Wilson","corn",1631.28377459
47189,"Tennessee","Wilson","soybeans",1882.47536301888
47189,"Tennessee","Wilson","wheat",430.736862391125
48001,"Texas","Anderson","corn",0
48001,"Texas","Anderson","cotton",0
48001,"Texas","Anderson","oats",0
48001,"Texas","Anderson","wheat",0
48003,"Texas","Andrews","corn",0
48003,"Texas","Andrews","cotton",0
48003,"Texas","Andrews","grain sorghum",0
48003,"Texas","Andrews","oats",0
48003,"Texas","Andrews","peanuts",0
48003,"Texas","Andrews","wheat",0
48007,"Texas","Aransas","corn",0
48007,"Texas","Aransas","cotton",0
48007,"Texas","Aransas","grain sorghum",0
48009,"Texas","Archer","barley",51.6785019350927
48009,"Texas","Archer","corn",66.8402827645375
48009,"Texas","Archer","cotton",787.644803617345
48009,"Texas","Archer","grain sorghum",352.0928983157
48009,"Texas","Archer","oats",50.8719955122171
48009,"Texas","Archer","sesame",61.6663584640777
48009,"Texas","Archer","wheat",20594.4276660577
48011,"Texas","Armstrong","barley",6.17364769919717
48011,"Texas","Armstrong","corn",258.584002970112
48011,"Texas","Armstrong","cotton",3244.04935426468
48011,"Texas","Armstrong","grain sorghum",3668.39766379604
48011,"Texas","Armstrong","oats",6.57867102606475
48011,"Texas","Armstrong","sunflower",3.33666408156521
48011,"Texas","Armstrong","wheat",17022.4303294957
48013,"Texas","Atascosa","corn",0
48013,"Texas","Atascosa","cotton",0
48013,"Texas","Atascosa","dry peas",0
48013,"Texas","Atascosa","grain sorghum",0
48013,"Texas","Atascosa","oats",0
48013,"Texas","Atascosa","peanuts",0
48013,"Texas","Atascosa","sesame",0
48013,"Texas","Atascosa","sunflower",0
48013,"Texas","Atascosa","wheat",0
48015,"Texas","Austin","corn",0
48015,"Texas","Austin","cotton",0
48015,"Texas","Austin","grain sorghum",0
48015,"Texas","Austin","oats",0
48015,"Texas","Austin","rice_long grain",0
48015,"Texas","Austin","wheat",0
48017,"Texas","Bailey","barley",0
48017,"Texas","Bailey","canola",0
48017,"Texas","Bailey","corn",0
48017,"Texas","Bailey","cotton",0
48017,"Texas","Bailey","dry peas",0
48017,"Texas","Bailey","grain sorghum",0
48017,"Texas","Bailey","oats",0
48017,"Texas","Bailey","peanuts",0
48017,"Texas","Bailey","soybeans",0
48017,"Texas","Bailey","sunflower",0
48017,"Texas","Bailey","wheat",0
48019,"Texas","Bandera","oats",0
48021,"Texas","Bastrop","corn",0
48021,"Texas","Bastrop","cotton",0
48021,"Texas","Bastrop","grain sorghum",0
48021,"Texas","Bastrop","oats",0
48021,"Texas","Bastrop","wheat",0
48023,"Texas","Baylor","barley",2.5632368817671
48023,"Texas","Baylor","corn",45.3361625346562
48023,"Texas","Baylor","cotton",3797.30868507737
48023,"Texas","Baylor","grain sorghum",184.178483204181
48023,"Texas","Baylor","oats",504.81700735769
48023,"Texas","Baylor","sesame",248.202702754476
48023,"Texas","Baylor","wheat",97121.5414355232
48025,"Texas","Bee","corn",0
48025,"Texas","Bee","cotton",0
48025,"Texas","Bee","grain sorghum",0
48025,"Texas","Bee","oats",0
48025,"Texas","Bee","sesame",0
48025,"Texas","Bee","wheat",0
48027,"Texas","Bell","barley",0
48027,"Texas","Bell","corn",0
48027,"Texas","Bell","cotton",0
48027,"Texas","Bell","grain sorghum",0
48027,"Texas","Bell","oats",0
48027,"Texas","Bell","sesame",0
48027,"Texas","Bell","soybeans",0
48027,"Texas","Bell","sunflower",0
48027,"Texas","Bell","wheat",0
48029,"Texas","Bexar","barley",0
48029,"Texas","Bexar","corn",0
48029,"Texas","Bexar","cotton",0
48029,"Texas","Bexar","grain sorghum",0
48029,"Texas","Bexar","oats",0
48029,"Texas","Bexar","peanuts",0
48029,"Texas","Bexar","sesame",0
48029,"Texas","Bexar","soybeans",0
48029,"Texas","Bexar","sunflower",0
48029,"Texas","Bexar","wheat",0
48031,"Texas","Blanco","oats",0
48033,"Texas","Borden","cotton",10566.1639450669
48033,"Texas","Borden","dry peas",3.51912306551544
48033,"Texas","Borden","grain sorghum",290.13091452892
48033,"Texas","Borden","oats",74.2285580149823
48033,"Texas","Borden","sunflower",143.901652786101
48033,"Texas","Borden","wheat",3097.67676653757
48035,"Texas","Bosque","barley",0
48035,"Texas","Bosque","corn",0
48035,"Texas","Bosque","cotton",0
48035,"Texas","Bosque","grain sorghum",0
48035,"Texas","Bosque","oats",0
48035,"Texas","Bosque","sunflower",0
48035,"Texas","Bosque","wheat",0
48037,"Texas","Bowie","corn",0
48037,"Texas","Bowie","cotton",0
48037,"Texas","Bowie","grain sorghum",0
48037,"Texas","Bowie","oats",0
48037,"Texas","Bowie","rice_long grain",0
48037,"Texas","Bowie","soybeans",0
48037,"Texas","Bowie","sunflower",0
48037,"Texas","Bowie","wheat",0
48039,"Texas","Brazoria","corn",0
48039,"Texas","Brazoria","cotton",0
48039,"Texas","Brazoria","grain sorghum",0
48039,"Texas","Brazoria","rice_long grain",0
48039,"Texas","Brazoria","sesame",0
48039,"Texas","Brazoria","soybeans",0
48039,"Texas","Brazoria","sunflower",0
48039,"Texas","Brazoria","wheat",0
48041,"Texas","Brazos","corn",0
48041,"Texas","Brazos","cotton",0
48041,"Texas","Brazos","grain sorghum",0
48041,"Texas","Brazos","oats",0
48041,"Texas","Brazos","rice_long grain",0
48041,"Texas","Brazos","soybeans",0
48041,"Texas","Brazos","sunflower",0
48041,"Texas","Brazos","wheat",0
48045,"Texas","Briscoe","corn",106.538515301346
48045,"Texas","Briscoe","cotton",8967.37331069217
48045,"Texas","Briscoe","grain sorghum",844.704527694113
48045,"Texas","Briscoe","oats",85.0396515034746
48045,"Texas","Briscoe","peanuts",64.4524967595001
48045,"Texas","Briscoe","wheat",16189.4805580494
48047,"Texas","Brooks","cotton",0
48047,"Texas","Brooks","dry peas",0
48047,"Texas","Brooks","grain sorghum",0
48047,"Texas","Brooks","sunflower",0
48047,"Texas","Brooks","wheat",0
48049,"Texas","Brown","barley",0
48049,"Texas","Brown","corn",0
48049,"Texas","Brown","cotton",0
48049,"Texas","Brown","grain sorghum",0
48049,"Texas","Brown","oats",0
48049,"Texas","Brown","peanuts",0
48049,"Texas","Brown","wheat",0
48051,"Texas","Burleson","corn",0
48051,"Texas","Burleson","cotton",0
48051,"Texas","Burleson","grain sorghum",0
48051,"Texas","Burleson","oats",0
48051,"Texas","Burleson","soybeans",0
48051,"Texas","Burleson","sunflower",0
48051,"Texas","Burleson","wheat",0
48053,"Texas","Burnet","corn",0
48053,"Texas","Burnet","oats",0
48053,"Texas","Burnet","wheat",0
48055,"Texas","Caldwell","corn",0
48055,"Texas","Caldwell","cotton",0
48055,"Texas","Caldwell","grain sorghum",0
48055,"Texas","Caldwell","oats",0
48055,"Texas","Caldwell","sesame",0
48055,"Texas","Caldwell","wheat",0
48057,"Texas","Calhoun","corn",175.76672857219
48057,"Texas","Calhoun","cotton",148.860336262636
48057,"Texas","Calhoun","grain sorghum",49.0501625295866
48057,"Texas","Calhoun","rice_long grain",20.6015304794975
48057,"Texas","Calhoun","rice_short/medium grain",29.9591242913981
48057,"Texas","Calhoun","soybeans",4.83586323876572
48057,"Texas","Calhoun","wheat",1.81925462592947
48059,"Texas","Callahan","corn",0
48059,"Texas","Callahan","cotton",0
48059,"Texas","Callahan","grain sorghum",0
48059,"Texas","Callahan","oats",0
48059,"Texas","Callahan","wheat",0
48061,"Texas","Cameron","canola",19.8010546350255
48061,"Texas","Cameron","chickpeas_large",1.03165849152192
48061,"Texas","Cameron","corn",718.44862593587
48061,"Texas","Cameron","cotton",1340.53409628789
48061,"Texas","Cameron","dry peas",43.8698258843948
48061,"Texas","Cameron","grain sorghum",1270.82921942766
48061,"Texas","Cameron","mustard",15.7045069865621
48061,"Texas","Cameron","oats",0.584829781232878
48061,"Texas","Cameron","rapeseed",0.223302703792622
48061,"Texas","Cameron","rice_long grain",0.0744342345975408
48061,"Texas","Cameron","sesame",88.1759852520004
48061,"Texas","Cameron","soybeans",9.58549186300211
48061,"Texas","Cameron","sunflower",10.9223604900678
48061,"Texas","Cameron","wheat",12.0436080263513
48065,"Texas","Carson","barley",14.6974941547079
48065,"Texas","Carson","corn",3663.47954297539
48065,"Texas","Carson","cotton",9201.00133657085
48065,"Texas","Carson","grain sorghum",3987.89018817402
48065,"Texas","Carson","oats",30.4583995269641
48065,"Texas","Carson","soybeans",27.8466454910314
48065,"Texas","Carson","wheat",9740.29581977369
48067,"Texas","Cass","corn",71.6825
48067,"Texas","Cass","oats",41.525
48067,"Texas","Cass","wheat",54.81
48069,"Texas","Castro","barley",947.859236443077
48069,"Texas","Castro","canola",376.220024559576
48069,"Texas","Castro","corn",24975.0566519582
48069,"Texas","Castro","cotton",20201.8312350391
48069,"Texas","Castro","dry peas",92.0120624240204
48069,"Texas","Castro","grain sorghum",4870.483733335
48069,"Texas","Castro","oats",188.105767201937
48069,"Texas","Castro","soybeans",102.598225315365
48069,"Texas","Castro","sunflower",165.491176219313
48069,"Texas","Castro","wheat",87336.9432608377
48071,"Texas","Chambers","grain sorghum",0
48071,"Texas","Chambers","rice_long grain",0
48071,"Texas","Chambers","rice_short/medium grain",0
48071,"Texas","Chambers","soybeans",0
48071,"Texas","Chambers","wheat",0
48075,"Texas","Childress","barley",0
48075,"Texas","Childress","corn",0
48075,"Texas","Childress","cotton",0
48075,"Texas","Childress","grain sorghum",0
48075,"Texas","Childress","oats",0
48075,"Texas","Childress","wheat",0
48077,"Texas","Clay","corn",0
48077,"Texas","Clay","cotton",0
48077,"Texas","Clay","grain sorghum",0
48077,"Texas","Clay","oats",0
48077,"Texas","Clay","soybeans",0
48077,"Texas","Clay","wheat",0
48079,"Texas","Cochran","corn",1384.80310698378
48079,"Texas","Cochran","cotton",16269.9584452222
48079,"Texas","Cochran","dry peas",195.151607392854
48079,"Texas","Cochran","grain sorghum",2338.52429569922
48079,"Texas","Cochran","oats",6.2619121682836
48079,"Texas","Cochran","peanuts",2389.19867793389
48079,"Texas","Cochran","sunflower",48.7749838007029
48079,"Texas","Cochran","wheat",2573.85593079908
48081,"Texas","Coke","barley",0
48081,"Texas","Coke","cotton",0
48081,"Texas","Coke","grain sorghum",0
48081,"Texas","Coke","oats",0
48081,"Texas","Coke","wheat",0
48083,"Texas","Coleman","corn",0
48083,"Texas","Coleman","cotton",0
48083,"Texas","Coleman","grain sorghum",0
48083,"Texas","Coleman","oats",0
48083,"Texas","Coleman","wheat",0
48085,"Texas","Collin","corn",0
48085,"Texas","Collin","cotton",0
48085,"Texas","Collin","grain sorghum",0
48085,"Texas","Collin","oats",0
48085,"Texas","Collin","sesame",0
48085,"Texas","Collin","soybeans",0
48085,"Texas","Collin","wheat",0
48087,"Texas","Collingsworth","barley",0
48087,"Texas","Collingsworth","corn",0
48087,"Texas","Collingsworth","cotton",0
48087,"Texas","Collingsworth","grain sorghum",0
48087,"Texas","Collingsworth","oats",0
48087,"Texas","Collingsworth","peanuts",0
48087,"Texas","Collingsworth","soybeans",0
48087,"Texas","Collingsworth","wheat",0
48089,"Texas","Colorado","corn",0
48089,"Texas","Colorado","cotton",0
48089,"Texas","Colorado","grain sorghum",0
48089,"Texas","Colorado","oats",0
48089,"Texas","Colorado","rice_long grain",0
48089,"Texas","Colorado","sesame",0
48089,"Texas","Colorado","soybeans",0
48089,"Texas","Colorado","wheat",0
48091,"Texas","Comal","corn",0
48091,"Texas","Comal","cotton",0
48091,"Texas","Comal","grain sorghum",0
48091,"Texas","Comal","oats",0
48091,"Texas","Comal","wheat",0
48093,"Texas","Comanche","barley",0
48093,"Texas","Comanche","chickpeas_large",0
48093,"Texas","Comanche","corn",0
48093,"Texas","Comanche","cotton",0
48093,"Texas","Comanche","grain sorghum",0
48093,"Texas","Comanche","oats",0
48093,"Texas","Comanche","peanuts",0
48093,"Texas","Comanche","sesame",0
48093,"Texas","Comanche","soybeans",0
48093,"Texas","Comanche","wheat",0
48095,"Texas","Concho","barley",206.126651564821
48095,"Texas","Concho","canola",10.6163641708511
48095,"Texas","Concho","corn",68.1142470810801
48095,"Texas","Concho","cotton",3988.86947937368
48095,"Texas","Concho","grain sorghum",373.308516614916
48095,"Texas","Concho","oats",79.1948578502043
48095,"Texas","Concho","sesame",27.2744778349398
48095,"Texas","Concho","sunflower",38.1405984008252
48095,"Texas","Concho","wheat",6691.52574044201
48097,"Texas","Cooke","barley",0
48097,"Texas","Cooke","corn",0
48097,"Texas","Cooke","cotton",0
48097,"Texas","Cooke","grain sorghum",0
48097,"Texas","Cooke","oats",0
48097,"Texas","Cooke","sesame",0
48097,"Texas","Cooke","soybeans",0
48097,"Texas","Cooke","wheat",0
48099,"Texas","Coryell","barley",0
48099,"Texas","Coryell","corn",0
48099,"Texas","Coryell","cotton",0
48099,"Texas","Coryell","grain sorghum",0
48099,"Texas","Coryell","oats",0
48099,"Texas","Coryell","sesame",0
48099,"Texas","Coryell","soybeans",0
48099,"Texas","Coryell","sunflower",0
48099,"Texas","Coryell","wheat",0
48101,"Texas","Cottle","barley",0
48101,"Texas","Cottle","cotton",0
48101,"Texas","Cottle","grain sorghum",0
48101,"Texas","Cottle","oats",0
48101,"Texas","Cottle","sunflower",0
48101,"Texas","Cottle","wheat",0
48105,"Texas","Crockett","wheat",2.16000000000003
48107,"Texas","Crosby","barley",109.189184460771
48107,"Texas","Crosby","corn",206.981649069643
48107,"Texas","Crosby","cotton",18974.6522758759
48107,"Texas","Crosby","dry peas",9.79645603846308
48107,"Texas","Crosby","grain sorghum",877.974177249128
48107,"Texas","Crosby","oats",10.514467192144
48107,"Texas","Crosby","sesame",33.9470262741237
48107,"Texas","Crosby","soybeans",18.9648614010233
48107,"Texas","Crosby","sunflower",30.9809485973408
48107,"Texas","Crosby","wheat",3045.26546050815
48109,"Texas","Culberson","barley",0
48109,"Texas","Culberson","corn",0
48109,"Texas","Culberson","cotton",0
48109,"Texas","Culberson","oats",0
48109,"Texas","Culberson","peanuts",0
48109,"Texas","Culberson","soybeans",0
48109,"Texas","Culberson","wheat",0
48111,"Texas","Dallam","barley",20.0034952737266
48111,"Texas","Dallam","corn",4332.0527752018
48111,"Texas","Dallam","cotton",1794.46881503426
48111,"Texas","Dallam","dry peas",7.47883091993766
48111,"Texas","Dallam","grain sorghum",1608.12770462512
48111,"Texas","Dallam","oats",104.924311150829
48111,"Texas","Dallam","soybeans",42.7953334618946
48111,"Texas","Dallam","sunflower",90.8405365695958
48111,"Texas","Dallam","wheat",4751.41693109619
48113,"Texas","Dallas","corn",0
48113,"Texas","Dallas","cotton",0
48113,"Texas","Dallas","grain sorghum",0
48113,"Texas","Dallas","oats",0
48113,"Texas","Dallas","soybeans",0
48113,"Texas","Dallas","wheat",0
48115,"Texas","Dawson","barley",5.8279946647871
48115,"Texas","Dawson","corn",98.4124709150118
48115,"Texas","Dawson","cotton",40442.0159226578
48115,"Texas","Dawson","dry peas",39.9050492049416
48115,"Texas","Dawson","grain sorghum",1589.36873608834
48115,"Texas","Dawson","oats",43.1700457631843
48115,"Texas","Dawson","peanuts",995.742798187344
48115,"Texas","Dawson","sesame",50.0567946247771
48115,"Texas","Dawson","soybeans",25.1637414922619
48115,"Texas","Dawson","sunflower",71.1884050195569
48115,"Texas","Dawson","wheat",1686.46067138204
48123,"Texas","DeWitt","corn",0
48123,"Texas","DeWitt","cotton",0
48123,"Texas","DeWitt","grain sorghum",0
48123,"Texas","DeWitt","oats",0
48123,"Texas","DeWitt","sesame",0
48123,"Texas","DeWitt","wheat",0
48117,"Texas","Deaf Smith","barley",765.29327167301
48117,"Texas","Deaf Smith","canola",16.5349092028892
48117,"Texas","Deaf Smith","corn",11726.1194977347
48117,"Texas","Deaf Smith","cotton",9632.76454180365
48117,"Texas","Deaf Smith","dry peas",110.551080137781
48117,"Texas","Deaf Smith","grain sorghum",9751.22010221606
48117,"Texas","Deaf Smith","oats",280.363274858716
48117,"Texas","Deaf Smith","soybeans",103.548215392173
48117,"Texas","Deaf Smith","sunflower",316.060159638649
48117,"Texas","Deaf Smith","wheat",101303.638347342
48119,"Texas","Delta","corn",0
48119,"Texas","Delta","cotton",0
48119,"Texas","Delta","grain sorghum",0
48119,"Texas","Delta","soybeans",0
48119,"Texas","Delta","wheat",0
48121,"Texas","Denton","barley",0
48121,"Texas","Denton","corn",0
48121,"Texas","Denton","cotton",0
48121,"Texas","Denton","grain sorghum",0
48121,"Texas","Denton","oats",0
48121,"Texas","Denton","peanuts",0
48121,"Texas","Denton","sesame",0
48121,"Texas","Denton","soybeans",0
48121,"Texas","Denton","wheat",0
48125,"Texas","Dickens","cotton",0
48125,"Texas","Dickens","dry peas",0
48125,"Texas","Dickens","grain sorghum",0
48125,"Texas","Dickens","oats",0
48125,"Texas","Dickens","peanuts",0
48125,"Texas","Dickens","sunflower",0
48125,"Texas","Dickens","wheat",0
48127,"Texas","Dimmit","grain sorghum",0
48127,"Texas","Dimmit","oats",0
48127,"Texas","Dimmit","wheat",0
48129,"Texas","Donley","barley",0
48129,"Texas","Donley","canola",0
48129,"Texas","Donley","corn",0
48129,"Texas","Donley","cotton",0
48129,"Texas","Donley","grain sorghum",0
48129,"Texas","Donley","oats",0
48129,"Texas","Donley","peanuts",0
48129,"Texas","Donley","sunflower",0
48129,"Texas","Donley","wheat",0
48131,"Texas","Duval","corn",0
48131,"Texas","Duval","cotton",0
48131,"Texas","Duval","dry peas",0
48131,"Texas","Duval","grain sorghum",0
48131,"Texas","Duval","oats",0
48131,"Texas","Duval","sunflower",0
48131,"Texas","Duval","wheat",0
48133,"Texas","Eastland","corn",0
48133,"Texas","Eastland","cotton",0
48133,"Texas","Eastland","grain sorghum",0
48133,"Texas","Eastland","oats",0
48133,"Texas","Eastland","peanuts",0
48133,"Texas","Eastland","wheat",0
48137,"Texas","Edwards","oats",0
48141,"Texas","El Paso","barley",0.537206857969953
48141,"Texas","El Paso","corn",29.7526152234761
48141,"Texas","El Paso","cotton",6307.42870862259
48141,"Texas","El Paso","mustard",0.366782613372589
48141,"Texas","El Paso","oats",30.588373249065
48141,"Texas","El Paso","wheat",51.2539801001926
48139,"Texas","Ellis","corn",0
48139,"Texas","Ellis","cotton",0
48139,"Texas","Ellis","grain sorghum",0
48139,"Texas","Ellis","oats",0
48139,"Texas","Ellis","soybeans",0
48139,"Texas","Ellis","sunflower",0
48139,"Texas","Ellis","wheat",0
48143,"Texas","Erath","barley",0
48143,"Texas","Erath","corn",0
48143,"Texas","Erath","cotton",0
48143,"Texas","Erath","grain sorghum",0
48143,"Texas","Erath","oats",0
48143,"Texas","Erath","peanuts",0
48143,"Texas","Erath","sunflower",0
48143,"Texas","Erath","wheat",0
48145,"Texas","Falls","barley",22.6573817961339
48145,"Texas","Falls","corn",4645.53719009719
48145,"Texas","Falls","cotton",646.601879586117
48145,"Texas","Falls","dry peas",0.144649284731974
48145,"Texas","Falls","grain sorghum",250.770798527732
48145,"Texas","Falls","oats",4328.64112824852
48145,"Texas","Falls","soybeans",94.9723808764719
48145,"Texas","Falls","wheat",1178.31177158309
48147,"Texas","Fannin","corn",0
48147,"Texas","Fannin","cotton",0
48147,"Texas","Fannin","grain sorghum",0
48147,"Texas","Fannin","oats",0
48147,"Texas","Fannin","sesame",0
48147,"Texas","Fannin","soybeans",0
48147,"Texas","Fannin","sunflower",0
48147,"Texas","Fannin","wheat",0
48149,"Texas","Fayette","corn",0
48149,"Texas","Fayette","cotton",0
48149,"Texas","Fayette","grain sorghum",0
48149,"Texas","Fayette","oats",0
48151,"Texas","Fisher","barley",14.0220447935175
48151,"Texas","Fisher","corn",54.7932215230013
48151,"Texas","Fisher","cotton",20394.5916959977
48151,"Texas","Fisher","dry peas",0.149485044284431
48151,"Texas","Fisher","grain sorghum",32.3235335292242
48151,"Texas","Fisher","oats",91.7893794248465
48151,"Texas","Fisher","sunflower",19.2627123344193
48151,"Texas","Fisher","wheat",12004.0651806863
48153,"Texas","Floyd","barley",64.3395019098582
48153,"Texas","Floyd","corn",4063.49772084842
48153,"Texas","Floyd","cotton",59085.968889806
48153,"Texas","Floyd","dry peas",53.8687869877507
48153,"Texas","Floyd","grain sorghum",5652.90289572012
48153,"Texas","Floyd","oats",191.736277621115
48153,"Texas","Floyd","soybeans",25.195157781321
48153,"Texas","Floyd","sunflower",230.242766216664
48153,"Texas","Floyd","wheat",58708.0125331088
48155,"Texas","Foard","barley",6.68211385358061
48155,"Texas","Foard","corn",23.4925891853771
48155,"Texas","Foard","cotton",1489.83438717748
48155,"Texas","Foard","grain sorghum",178.817298850284
48155,"Texas","Foard","oats",865.92882284364
48155,"Texas","Foard","sesame",76.3371398801387
48155,"Texas","Foard","wheat",34774.3571482095
48157,"Texas","Fort Bend","corn",0
48157,"Texas","Fort Bend","cotton",0
48157,"Texas","Fort Bend","grain sorghum",0
48157,"Texas","Fort Bend","rice_long grain",0
48157,"Texas","Fort Bend","soybeans",0
48157,"Texas","Fort Bend","sunflower",0
48157,"Texas","Fort Bend","wheat",0
48159,"Texas","Franklin","corn",0
48159,"Texas","Franklin","grain sorghum",0
48159,"Texas","Franklin","soybeans",0
48159,"Texas","Franklin","wheat",0
48161,"Texas","Freestone","corn",346.209539827617
48161,"Texas","Freestone","oats",78.8649855817699
48161,"Texas","Freestone","wheat",66.0729745906131
48163,"Texas","Frio","canola",0
48163,"Texas","Frio","corn",0
48163,"Texas","Frio","cotton",0
48163,"Texas","Frio","grain sorghum",0
48163,"Texas","Frio","oats",0
48163,"Texas","Frio","peanuts",0
48163,"Texas","Frio","sesame",0
48163,"Texas","Frio","soybeans",0
48163,"Texas","Frio","sunflower",0
48163,"Texas","Frio","wheat",0
48165,"Texas","Gaines","barley",0
48165,"Texas","Gaines","corn",0
48165,"Texas","Gaines","cotton",0
48165,"Texas","Gaines","dry peas",0
48165,"Texas","Gaines","grain sorghum",0
48165,"Texas","Gaines","oats",0
48165,"Texas","Gaines","peanuts",0
48165,"Texas","Gaines","sesame",0
48165,"Texas","Gaines","soybeans",0
48165,"Texas","Gaines","sunflower",0
48165,"Texas","Gaines","wheat",0
48167,"Texas","Galveston","corn",0
48167,"Texas","Galveston","grain sorghum",0
48167,"Texas","Galveston","rice_long grain",0
48167,"Texas","Galveston","soybeans",0
48169,"Texas","Garza","barley",7.9547469113891
48169,"Texas","Garza","cotton",3297.8209648378
48169,"Texas","Garza","grain sorghum",8.49883691444151
48169,"Texas","Garza","soybeans",5.33151614145641
48169,"Texas","Garza","wheat",378.735168528251
48171,"Texas","Gillespie","barley",0
48171,"Texas","Gillespie","corn",0
48171,"Texas","Gillespie","grain sorghum",0
48171,"Texas","Gillespie","oats",0
48171,"Texas","Gillespie","soybeans",0
48171,"Texas","Gillespie","wheat",0
48173,"Texas","Glasscock","corn",47.0849348244988
48173,"Texas","Glasscock","cotton",13896.7411408847
48173,"Texas","Glasscock","grain sorghum",119.391103535831
48173,"Texas","Glasscock","sesame",4.10287626395336
48173,"Texas","Glasscock","sunflower",2.93667189322507
48173,"Texas","Glasscock","wheat",1485.69475759772
48175,"Texas","Goliad","corn",0
48175,"Texas","Goliad","cotton",0
48175,"Texas","Goliad","grain sorghum",0
48175,"Texas","Goliad","rapeseed",0
48175,"Texas","Goliad","wheat",0
48177,"Texas","Gonzales","corn",0
48177,"Texas","Gonzales","cotton",0
48177,"Texas","Gonzales","grain sorghum",0
48177,"Texas","Gonzales","oats",0
48177,"Texas","Gonzales","wheat",0
48179,"Texas","Gray","corn",0
48179,"Texas","Gray","cotton",0
48179,"Texas","Gray","grain sorghum",0
48179,"Texas","Gray","oats",0
48179,"Texas","Gray","peanuts",0
48179,"Texas","Gray","sunflower",0
48179,"Texas","Gray","wheat",0
48181,"Texas","Grayson","corn",0
48181,"Texas","Grayson","cotton",0
48181,"Texas","Grayson","grain sorghum",0
48181,"Texas","Grayson","oats",0
48181,"Texas","Grayson","peanuts",0
48181,"Texas","Grayson","sesame",0
48181,"Texas","Grayson","soybeans",0
48181,"Texas","Grayson","sunflower",0
48181,"Texas","Grayson","wheat",0
48185,"Texas","Grimes","corn",0
48185,"Texas","Grimes","cotton",0
48185,"Texas","Grimes","dry peas",0
48185,"Texas","Grimes","grain sorghum",0
48185,"Texas","Grimes","wheat",0
48187,"Texas","Guadalupe","corn",0
48187,"Texas","Guadalupe","cotton",0
48187,"Texas","Guadalupe","grain sorghum",0
48187,"Texas","Guadalupe","oats",0
48187,"Texas","Guadalupe","sesame",0
48187,"Texas","Guadalupe","soybeans",0
48187,"Texas","Guadalupe","sunflower",0
48187,"Texas","Guadalupe","wheat",0
48189,"Texas","Hale","corn",6589.36733367426
48189,"Texas","Hale","cotton",36929.8232776722
48189,"Texas","Hale","dry peas",169.779951275317
48189,"Texas","Hale","grain sorghum",4097.47353383299
48189,"Texas","Hale","oats",180.011396624399
48189,"Texas","Hale","peanuts",72.3882791412936
48189,"Texas","Hale","sesame",45.7210863494215
48189,"Texas","Hale","soybeans",30.9694088053036
48189,"Texas","Hale","sunflower",319.036351702766
48189,"Texas","Hale","wheat",24031.0255075888
48191,"Texas","Hall","corn",0
48191,"Texas","Hall","cotton",0
48191,"Texas","Hall","grain sorghum",0
48191,"Texas","Hall","oats",0
48191,"Texas","Hall","peanuts",0
48191,"Texas","Hall","sesame",0
48191,"Texas","Hall","wheat",0
48193,"Texas","Hamilton","barley",0
48193,"Texas","Hamilton","corn",0
48193,"Texas","Hamilton","cotton",0
48193,"Texas","Hamilton","grain sorghum",0
48193,"Texas","Hamilton","oats",0
48193,"Texas","Hamilton","peanuts",0
48193,"Texas","Hamilton","soybeans",0
48193,"Texas","Hamilton","wheat",0
48195,"Texas","Hansford","barley",108.523880745177
48195,"Texas","Hansford","corn",18012.6777570142
48195,"Texas","Hansford","cotton",17812.7657633634
48195,"Texas","Hansford","grain sorghum",5906.44143581049
48195,"Texas","Hansford","oats",306.984715822066
48195,"Texas","Hansford","sesame",27.8135047635068
48195,"Texas","Hansford","soybeans",636.683793867662
48195,"Texas","Hansford","sunflower",45.6715407584885
48195,"Texas","Hansford","wheat",59674.831607855
48197,"Texas","Hardeman","barley",0
48197,"Texas","Hardeman","canola",0
48197,"Texas","Hardeman","corn",0
48197,"Texas","Hardeman","cotton",0
48197,"Texas","Hardeman","dry peas",0
48197,"Texas","Hardeman","grain sorghum",0
48197,"Texas","Hardeman","lentils",0
48197,"Texas","Hardeman","oats",0
48197,"Texas","Hardeman","peanuts",0
48197,"Texas","Hardeman","wheat",0
48199,"Texas","Hardin","rice_long grain",0
48201,"Texas","Harris","corn",0
48201,"Texas","Harris","cotton",0
48201,"Texas","Harris","grain sorghum",0
48201,"Texas","Harris","peanuts",0
48201,"Texas","Harris","rice_long grain",0
48201,"Texas","Harris","soybeans",0
48201,"Texas","Harris","sunflower",0
48201,"Texas","Harris","wheat",0
48205,"Texas","Hartley","barley",153.941028226496
48205,"Texas","Hartley","canola",4.0915121468673
48205,"Texas","Hartley","corn",15069.9334439463
48205,"Texas","Hartley","cotton",5788.99447376083
48205,"Texas","Hartley","dry peas",17.475930043401
48205,"Texas","Hartley","grain sorghum",2525.14528953927
48205,"Texas","Hartley","mustard",25.5376198389871
48205,"Texas","Hartley","oats",167.635178295435
48205,"Texas","Hartley","soybeans",73.477068172952
48205,"Texas","Hartley","sunflower",84.9308566826674
48205,"Texas","Hartley","wheat",16168.4815993468
48207,"Texas","Haskell","barley",41.1404473802804
48207,"Texas","Haskell","corn",379.244093811667
48207,"Texas","Haskell","cotton",25443.4086196071
48207,"Texas","Haskell","grain sorghum",1188.94356726365
48207,"Texas","Haskell","oats",425.71803075598
48207,"Texas","Haskell","peanuts",752.308666923017
48207,"Texas","Haskell","sesame",336.297945471569
48207,"Texas","Haskell","wheat",50674.0009687868
48209,"Texas","Hays","corn",0
48209,"Texas","Hays","cotton",0
48209,"Texas","Hays","grain sorghum",0
48209,"Texas","Hays","oats",0
48209,"Texas","Hays","wheat",0
48211,"Texas","Hemphill","barley",0
48211,"Texas","Hemphill","corn",0
48211,"Texas","Hemphill","cotton",0
48211,"Texas","Hemphill","grain sorghum",0
48211,"Texas","Hemphill","oats",0
48211,"Texas","Hemphill","soybeans",0
48211,"Texas","Hemphill","wheat",0
48213,"Texas","Henderson","corn",364.761915948657
48213,"Texas","Henderson","grain sorghum",32.6467470887728
48213,"Texas","Henderson","soybeans",134.541394538838
48213,"Texas","Henderson","wheat",81.5441090903989
48215,"Texas","Hidalgo","canola",0
48215,"Texas","Hidalgo","corn",0
48215,"Texas","Hidalgo","cotton",0
48215,"Texas","Hidalgo","dry peas",0
48215,"Texas","Hidalgo","grain sorghum",0
48215,"Texas","Hidalgo","mustard",0
48215,"Texas","Hidalgo","oats",0
48215,"Texas","Hidalgo","peanuts",0
48215,"Texas","Hidalgo","sesame",0
48215,"Texas","Hidalgo","soybeans",0
48215,"Texas","Hidalgo","sunflower",0
48215,"Texas","Hidalgo","wheat",0
48217,"Texas","Hill","barley",0
48217,"Texas","Hill","corn",0
48217,"Texas","Hill","cotton",0
48217,"Texas","Hill","dry peas",0
48217,"Texas","Hill","grain sorghum",0
48217,"Texas","Hill","oats",0
48217,"Texas","Hill","soybeans",0
48217,"Texas","Hill","sunflower",0
48217,"Texas","Hill","wheat",0
48219,"Texas","Hockley","barley",40.753391269795
48219,"Texas","Hockley","corn",1006.06625642345
48219,"Texas","Hockley","cotton",30598.3808530331
48219,"Texas","Hockley","dry peas",50.5765256634161
48219,"Texas","Hockley","grain sorghum",3874.12481546918
48219,"Texas","Hockley","oats",55.2306727317953
48219,"Texas","Hockley","peanuts",147.592040910484
48219,"Texas","Hockley","sunflower",56.7585928922091
48219,"Texas","Hockley","wheat",2602.33157160653
48221,"Texas","Hood","grain sorghum",0
48221,"Texas","Hood","oats",0
48221,"Texas","Hood","wheat",0
48223,"Texas","Hopkins","corn",0
48223,"Texas","Hopkins","cotton",0
48223,"Texas","Hopkins","oats",0
48223,"Texas","Hopkins","soybeans",0
48223,"Texas","Hopkins","wheat",0
48225,"Texas","Houston","corn",0
48225,"Texas","Houston","cotton",0
48225,"Texas","Houston","dry peas",0
48225,"Texas","Houston","grain sorghum",0
48225,"Texas","Houston","oats",0
48225,"Texas","Houston","wheat",0
48227,"Texas","Howard","cotton",16485.3890662342
48227,"Texas","Howard","dry peas",3.36454617748638
48227,"Texas","Howard","grain sorghum",117.582753505436
48227,"Texas","Howard","oats",11.9188461169691
48227,"Texas","Howard","sesame",25.2382656358479
48227,"Texas","Howard","wheat",963.569462330099
48229,"Texas","Hudspeth","barley",133.467648686132
48229,"Texas","Hudspeth","corn",766.214609156943
48229,"Texas","Hudspeth","cotton",9969.90979649929
48229,"Texas","Hudspeth","grain sorghum",143.610830537973
48229,"Texas","Hudspeth","oats",1140.5496901837
48229,"Texas","Hudspeth","peanuts",380.431099621438
48229,"Texas","Hudspeth","sunflower",49.7498919399831
48229,"Texas","Hudspeth","wheat",1462.57493337454
48231,"Texas","Hunt","corn",0
48231,"Texas","Hunt","cotton",0
48231,"Texas","Hunt","grain sorghum",0
48231,"Texas","Hunt","oats",0
48231,"Texas","Hunt","sesame",0
48231,"Texas","Hunt","soybeans",0
48231,"Texas","Hunt","wheat",0
48233,"Texas","Hutchinson","corn",709.719919293928
48233,"Texas","Hutchinson","cotton",665.066625259472
48233,"Texas","Hutchinson","grain sorghum",194.979304910005
48233,"Texas","Hutchinson","oats",11.0403787088178
48233,"Texas","Hutchinson","soybeans",35.1041167683284
48233,"Texas","Hutchinson","wheat",2375.58465505945
48235,"Texas","Irion","cotton",0
48235,"Texas","Irion","grain sorghum",0
48235,"Texas","Irion","oats",0
48235,"Texas","Irion","wheat",0
48237,"Texas","Jack","barley",0
48237,"Texas","Jack","oats",0
48237,"Texas","Jack","wheat",0
48239,"Texas","Jackson","corn",0
48239,"Texas","Jackson","cotton",0
48239,"Texas","Jackson","grain sorghum",0
48239,"Texas","Jackson","oats",0
48239,"Texas","Jackson","rice_long grain",0
48239,"Texas","Jackson","rice_short/medium grain",0
48239,"Texas","Jackson","soybeans",0
48239,"Texas","Jackson","wheat",0
48245,"Texas","Jefferson","corn",0
48245,"Texas","Jefferson","grain sorghum",0
48245,"Texas","Jefferson","rice_long grain",0
48245,"Texas","Jefferson","rice_short/medium grain",0
48245,"Texas","Jefferson","soybeans",0
48245,"Texas","Jefferson","sunflower",0
48245,"Texas","Jefferson","wheat",0
48249,"Texas","Jim Wells","corn",0
48249,"Texas","Jim Wells","cotton",0
48249,"Texas","Jim Wells","dry peas",0
48249,"Texas","Jim Wells","grain sorghum",0
48249,"Texas","Jim Wells","oats",0
48249,"Texas","Jim Wells","sesame",0
48249,"Texas","Jim Wells","sunflower",0
48249,"Texas","Jim Wells","wheat",0
48251,"Texas","Johnson","corn",0
48251,"Texas","Johnson","cotton",0
48251,"Texas","Johnson","grain sorghum",0
48251,"Texas","Johnson","oats",0
48251,"Texas","Johnson","peanuts",0
48251,"Texas","Johnson","wheat",0
48253,"Texas","Jones","barley",381.381330138837
48253,"Texas","Jones","corn",119.783324197028
48253,"Texas","Jones","cotton",18583.8341603925
48253,"Texas","Jones","dry peas",0.574761655275743
48253,"Texas","Jones","grain sorghum",341.980639046214
48253,"Texas","Jones","oats",135.788647716416
48253,"Texas","Jones","sesame",217.091349954738
48253,"Texas","Jones","sunflower",11.5123308290414
48253,"Texas","Jones","wheat",27401.2688627366
48255,"Texas","Karnes","corn",0
48255,"Texas","Karnes","cotton",0
48255,"Texas","Karnes","grain sorghum",0
48255,"Texas","Karnes","oats",0
48255,"Texas","Karnes","sesame",0
48255,"Texas","Karnes","sunflower",0
48255,"Texas","Karnes","wheat",0
48257,"Texas","Kaufman","barley",0
48257,"Texas","Kaufman","corn",0
48257,"Texas","Kaufman","cotton",0
48257,"Texas","Kaufman","grain sorghum",0
48257,"Texas","Kaufman","oats",0
48257,"Texas","Kaufman","soybeans",0
48257,"Texas","Kaufman","wheat",0
48259,"Texas","Kendall","oats",0
48259,"Texas","Kendall","wheat",0
48263,"Texas","Kent","cotton",0
48263,"Texas","Kent","dry peas",0
48263,"Texas","Kent","grain sorghum",0
48263,"Texas","Kent","oats",0
48263,"Texas","Kent","wheat",0
48265,"Texas","Kerr","barley",0
48265,"Texas","Kerr","grain sorghum",0
48265,"Texas","Kerr","oats",0
48265,"Texas","Kerr","wheat",0
48267,"Texas","Kimble","oats",0
48267,"Texas","Kimble","wheat",0
48269,"Texas","King","cotton",0
48269,"Texas","King","oats",0
48269,"Texas","King","wheat",0
48271,"Texas","Kinney","corn",0
48271,"Texas","Kinney","cotton",0
48271,"Texas","Kinney","grain sorghum",0
48271,"Texas","Kinney","oats",0
48271,"Texas","Kinney","sunflower",0
48271,"Texas","Kinney","wheat",0
48273,"Texas","Kleberg","barley",5.13985232089782
48273,"Texas","Kleberg","corn",320.214790496642
48273,"Texas","Kleberg","cotton",3807.48788505092
48273,"Texas","Kleberg","dry peas",330.202163963827
48273,"Texas","Kleberg","grain sorghum",3510.6173531388
48273,"Texas","Kleberg","sunflower",99.3587954645927
48273,"Texas","Kleberg","wheat",44.5887995643284
48275,"Texas","Knox","barley",103.602368229063
48275,"Texas","Knox","corn",107.790224462607
48275,"Texas","Knox","cotton",5888.06634794498
48275,"Texas","Knox","grain sorghum",61.8850629816986
48275,"Texas","Knox","oats",1452.91284504035
48275,"Texas","Knox","peanuts",112.181052192645
48275,"Texas","Knox","sunflower",3.31687483565253
48275,"Texas","Knox","wheat",68088.085604313
48283,"Texas","La Salle","corn",0
48283,"Texas","La Salle","cotton",0
48283,"Texas","La Salle","grain sorghum",0
48283,"Texas","La Salle","oats",0
48283,"Texas","La Salle","peanuts",0
48283,"Texas","La Salle","sesame",0
48283,"Texas","La Salle","wheat",0
48277,"Texas","Lamar","corn",0
48277,"Texas","Lamar","cotton",0
48277,"Texas","Lamar","grain sorghum",0
48277,"Texas","Lamar","oats",0
48277,"Texas","Lamar","peanuts",0
48277,"Texas","Lamar","sesame",0
48277,"Texas","Lamar","soybeans",0
48277,"Texas","Lamar","wheat",0
48279,"Texas","Lamb","barley",109.953130624994
48279,"Texas","Lamb","canola",31.988963068057
48279,"Texas","Lamb","corn",3296.49389867947
48279,"Texas","Lamb","cotton",16970.6979519485
48279,"Texas","Lamb","dry peas",97.4846123875415
48279,"Texas","Lamb","grain sorghum",2542.43951996306
48279,"Texas","Lamb","oats",56.6966248494409
48279,"Texas","Lamb","peanuts",20.6789825511647
48279,"Texas","Lamb","soybeans",109.10672029228
48279,"Texas","Lamb","sunflower",84.1835906817167
48279,"Texas","Lamb","wheat",6242.14084495372
48281,"Texas","Lampasas","oats",0
48281,"Texas","Lampasas","wheat",0
48285,"Texas","Lavaca","corn",0
48285,"Texas","Lavaca","cotton",0
48285,"Texas","Lavaca","grain sorghum",0
48285,"Texas","Lavaca","oats",0
48285,"Texas","Lavaca","peanuts",0
48285,"Texas","Lavaca","rice_long grain",0
48285,"Texas","Lavaca","sesame",0
48285,"Texas","Lavaca","soybeans",0
48285,"Texas","Lavaca","wheat",0
48287,"Texas","Lee","corn",0
48287,"Texas","Lee","grain sorghum",0
48287,"Texas","Lee","oats",0
48287,"Texas","Lee","soybeans",0
48287,"Texas","Lee","wheat",0
48289,"Texas","Leon","corn",1254.88015809656
48289,"Texas","Leon","cotton",1243.2966656154
48289,"Texas","Leon","grain sorghum",337.809724730759
48289,"Texas","Leon","oats",7.91014921539
48289,"Texas","Leon","wheat",235.335969008555
48291,"Texas","Liberty","corn",0
48291,"Texas","Liberty","cotton",0
48291,"Texas","Liberty","grain sorghum",0
48291,"Texas","Liberty","rice_long grain",0
48291,"Texas","Liberty","rice_short/medium grain",0
48291,"Texas","Liberty","soybeans",0
48291,"Texas","Liberty","wheat",0
48293,"Texas","Limestone","corn",0
48293,"Texas","Limestone","cotton",0
48293,"Texas","Limestone","grain sorghum",0
48293,"Texas","Limestone","oats",0
48293,"Texas","Limestone","wheat",0
48295,"Texas","Lipscomb","corn",0
48295,"Texas","Lipscomb","cotton",0
48295,"Texas","Lipscomb","grain sorghum",0
48295,"Texas","Lipscomb","oats",0
48295,"Texas","Lipscomb","sesame",0
48295,"Texas","Lipscomb","soybeans",0
48295,"Texas","Lipscomb","wheat",0
48297,"Texas","Live Oak","corn",0
48297,"Texas","Live Oak","cotton",0
48297,"Texas","Live Oak","grain sorghum",0
48297,"Texas","Live Oak","oats",0
48297,"Texas","Live Oak","peanuts",0
48297,"Texas","Live Oak","sesame",0
48297,"Texas","Live Oak","sunflower",0
48297,"Texas","Live Oak","wheat",0
48299,"Texas","Llano","oats",0
48299,"Texas","Llano","wheat",0
48303,"Texas","Lubbock","barley",9.4757709939377
48303,"Texas","Lubbock","corn",647.0138285717
48303,"Texas","Lubbock","cotton",23511.1733979654
48303,"Texas","Lubbock","dry peas",2.40978658897554
48303,"Texas","Lubbock","grain sorghum",1274.61841907898
48303,"Texas","Lubbock","lentils",0.130700289571554
48303,"Texas","Lubbock","oats",7.63065049975177
48303,"Texas","Lubbock","peanuts",4.49282245402219
48303,"Texas","Lubbock","sesame",2.19576486480212
48303,"Texas","Lubbock","soybeans",23.9864438928956
48303,"Texas","Lubbock","sunflower",113.740946747473
48303,"Texas","Lubbock","wheat",5537.16449305243
48305,"Texas","Lynn","barley",3.15922097332961
48305,"Texas","Lynn","corn",330.650014556935
48305,"Texas","Lynn","cotton",33603.8151164769
48305,"Texas","Lynn","dry peas",31.846985618242
48305,"Texas","Lynn","grain sorghum",757.868984244075
48305,"Texas","Lynn","oats",8.74560687724416
48305,"Texas","Lynn","peanuts",43.0642582806417
48305,"Texas","Lynn","soybeans",11.7196907075131
48305,"Texas","Lynn","sunflower",222.754292921211
48305,"Texas","Lynn","wheat",1192.70150934396
48313,"Texas","Madison","corn",268.002101752051
48313,"Texas","Madison","cotton",271.925124395148
48313,"Texas","Madison","grain sorghum",264.395133299737
48313,"Texas","Madison","sunflower",3.15264055306303
48317,"Texas","Martin","cotton",4005.34312583422
48317,"Texas","Martin","dry peas",1.63354427741779
48317,"Texas","Martin","grain sorghum",53.1200264029571
48317,"Texas","Martin","oats",10.8427659806273
48317,"Texas","Martin","sesame",10.6401525723142
48317,"Texas","Martin","sunflower",2.1938335364579
48317,"Texas","Martin","wheat",150.120318062621
48319,"Texas","Mason","barley",0
48319,"Texas","Mason","corn",0
48319,"Texas","Mason","oats",0
48319,"Texas","Mason","peanuts",0
48319,"Texas","Mason","sunflower",0
48319,"Texas","Mason","wheat",0
48321,"Texas","Matagorda","canola",0
48321,"Texas","Matagorda","corn",0
48321,"Texas","Matagorda","cotton",0
48321,"Texas","Matagorda","grain sorghum",0
48321,"Texas","Matagorda","rice_long grain",0
48321,"Texas","Matagorda","rice_short/medium grain",0
48321,"Texas","Matagorda","sesame",0
48321,"Texas","Matagorda","soybeans",0
48321,"Texas","Matagorda","wheat",0
48323,"Texas","Maverick","corn",343.168
48307,"Texas","McCulloch","barley",0
48307,"Texas","McCulloch","canola",0
48307,"Texas","McCulloch","corn",0
48307,"Texas","McCulloch","cotton",0
48307,"Texas","McCulloch","grain sorghum",0
48307,"Texas","McCulloch","oats",0
48307,"Texas","McCulloch","sesame",0
48307,"Texas","McCulloch","sunflower",0
48307,"Texas","McCulloch","wheat",0
48309,"Texas","McLennan","corn",0
48309,"Texas","McLennan","cotton",0
48309,"Texas","McLennan","grain sorghum",0
48309,"Texas","McLennan","oats",0
48309,"Texas","McLennan","sesame",0
48309,"Texas","McLennan","soybeans",0
48309,"Texas","McLennan","sunflower",0
48309,"Texas","McLennan","wheat",0
48311,"Texas","McMullen","grain sorghum",0
48325,"Texas","Medina","canola",0
48325,"Texas","Medina","corn",0
48325,"Texas","Medina","cotton",0
48325,"Texas","Medina","grain sorghum",0
48325,"Texas","Medina","oats",0
48325,"Texas","Medina","peanuts",0
48325,"Texas","Medina","sesame",0
48325,"Texas","Medina","sunflower",0
48325,"Texas","Medina","wheat",0
48327,"Texas","Menard","corn",0
48327,"Texas","Menard","grain sorghum",0
48327,"Texas","Menard","oats",0
48327,"Texas","Menard","wheat",0
48329,"Texas","Midland","barley",0
48329,"Texas","Midland","cotton",0
48329,"Texas","Midland","grain sorghum",0
48329,"Texas","Midland","wheat",0
48331,"Texas","Milam","corn",0
48331,"Texas","Milam","cotton",0
48331,"Texas","Milam","grain sorghum",0
48331,"Texas","Milam","oats",0
48331,"Texas","Milam","rapeseed",0
48331,"Texas","Milam","sesame",0
48331,"Texas","Milam","soybeans",0
48331,"Texas","Milam","wheat",0
48333,"Texas","Mills","barley",0
48333,"Texas","Mills","corn",0
48333,"Texas","Mills","grain sorghum",0
48333,"Texas","Mills","oats",0
48333,"Texas","Mills","wheat",0
48335,"Texas","Mitchell","corn",15.5108014492937
48335,"Texas","Mitchell","cotton",4894.09744747683
48335,"Texas","Mitchell","grain sorghum",63.5962229817821
48335,"Texas","Mitchell","oats",10.9579889083988
48335,"Texas","Mitchell","sunflower",49.5687976044735
48335,"Texas","Mitchell","wheat",2393.14933491256
48337,"Texas","Montague","grain sorghum",0
48337,"Texas","Montague","oats",0
48337,"Texas","Montague","soybeans",0
48337,"Texas","Montague","wheat",0
48341,"Texas","Moore","barley",55.589770486738
48341,"Texas","Moore","canola",18.6545757135843
48341,"Texas","Moore","corn",7226.87628281977
48341,"Texas","Moore","cotton",5547.44315917925
48341,"Texas","Moore","grain sorghum",2457.02260870525
48341,"Texas","Moore","oats",79.4302101062309
48341,"Texas","Moore","soybeans",231.533456354127
48341,"Texas","Moore","sunflower",36.94390024182
48341,"Texas","Moore","wheat",15805.7079563932
48345,"Texas","Motley","cotton",0
48345,"Texas","Motley","grain sorghum",0
48345,"Texas","Motley","oats",0
48345,"Texas","Motley","peanuts",0
48345,"Texas","Motley","wheat",0
48349,"Texas","Navarro","corn",0
48349,"Texas","Navarro","cotton",0
48349,"Texas","Navarro","grain sorghum",0
48349,"Texas","Navarro","oats",0
48349,"Texas","Navarro","sesame",0
48349,"Texas","Navarro","soybeans",0
48349,"Texas","Navarro","sunflower",0
48349,"Texas","Navarro","wheat",0
48353,"Texas","Nolan","corn",8.04404193992455
48353,"Texas","Nolan","cotton",2710.67671036157
48353,"Texas","Nolan","grain sorghum",9.10481860944415
48353,"Texas","Nolan","oats",3.44983597866895
48353,"Texas","Nolan","sunflower",9.39126109912966
48353,"Texas","Nolan","wheat",700.692192011259
48355,"Texas","Nueces","canola",0
48355,"Texas","Nueces","corn",0
48355,"Texas","Nueces","cotton",0
48355,"Texas","Nueces","dry peas",0
48355,"Texas","Nueces","grain sorghum",0
48355,"Texas","Nueces","oats",0
48355,"Texas","Nueces","rapeseed",0
48355,"Texas","Nueces","sesame",0
48355,"Texas","Nueces","soybeans",0
48355,"Texas","Nueces","sunflower",0
48355,"Texas","Nueces","wheat",0
48357,"Texas","Ochiltree","barley",0.147798785237618
48357,"Texas","Ochiltree","corn",9.35240176723704
48357,"Texas","Ochiltree","cotton",11.2314648046727
48357,"Texas","Ochiltree","grain sorghum",14.9381779738876
48357,"Texas","Ochiltree","oats",0.157534343390164
48357,"Texas","Ochiltree","sesame",0.0337213709440277
48357,"Texas","Ochiltree","soybeans",0.568899363926302
48357,"Texas","Ochiltree","wheat",52.4805015907026
48359,"Texas","Oldham","corn",94.0739754133381
48359,"Texas","Oldham","cotton",519.759583279889
48359,"Texas","Oldham","grain sorghum",657.178192709395
48359,"Texas","Oldham","oats",5.02307481092245
48359,"Texas","Oldham","wheat",5058.19250711978
48363,"Texas","Palo Pinto","grain sorghum",0
48363,"Texas","Palo Pinto","oats",0
48363,"Texas","Palo Pinto","wheat",0
48367,"Texas","Parker","oats",0
48367,"Texas","Parker","wheat",0
48369,"Texas","Parmer","barley",2787.34992497649
48369,"Texas","Parmer","canola",84.1724456961183
48369,"Texas","Parmer","corn",15376.0924388952
48369,"Texas","Parmer","cotton",18663.3279698503
48369,"Texas","Parmer","dry peas",174.511366855396
48369,"Texas","Parmer","grain sorghum",5937.8910149918
48369,"Texas","Parmer","oats",899.279711257057
48369,"Texas","Parmer","soybeans",174.742484531289
48369,"Texas","Parmer","sunflower",111.136730790122
48369,"Texas","Parmer","wheat",103800.696648823
48371,"Texas","Pecos","barley",0
48371,"Texas","Pecos","corn",0
48371,"Texas","Pecos","cotton",0
48371,"Texas","Pecos","grain sorghum",0
48371,"Texas","Pecos","oats",0
48371,"Texas","Pecos","wheat",0
48375,"Texas","Potter","corn",0
48375,"Texas","Potter","cotton",0
48375,"Texas","Potter","grain sorghum",0
48375,"Texas","Potter","sesame",0
48375,"Texas","Potter","soybeans",0
48375,"Texas","Potter","sunflower",0
48375,"Texas","Potter","wheat",0
48377,"Texas","Presidio","wheat",111.96
48381,"Texas","Randall","barley",12.8831692945476
48381,"Texas","Randall","corn",448.923635256706
48381,"Texas","Randall","cotton",1504.99804571485
48381,"Texas","Randall","grain sorghum",2099.15251791978
48381,"Texas","Randall","oats",20.8597161383398
48381,"Texas","Randall","soybeans",23.5704410276566
48381,"Texas","Randall","wheat",22391.7194746481
48383,"Texas","Reagan","barley",11.3997204912401
48383,"Texas","Reagan","corn",125.092182501527
48383,"Texas","Reagan","cotton",13821.7072155054
48383,"Texas","Reagan","grain sorghum",221.277866878271
48383,"Texas","Reagan","sesame",9.64670874564285
48383,"Texas","Reagan","wheat",1633.42523254453
48387,"Texas","Red River","canola",0
48387,"Texas","Red River","corn",0
48387,"Texas","Red River","cotton",0
48387,"Texas","Red River","grain sorghum",0
48387,"Texas","Red River","oats",0
48387,"Texas","Red River","soybeans",0
48387,"Texas","Red River","wheat",0
48389,"Texas","Reeves","barley",83.69664206777
48389,"Texas","Reeves","corn",38.2098914529436
48389,"Texas","Reeves","cotton",888.75387188122
48389,"Texas","Reeves","grain sorghum",81.3875941889866
48389,"Texas","Reeves","oats",110.515255528669
48389,"Texas","Reeves","wheat",1011.92941154708
48391,"Texas","Refugio","corn",0
48391,"Texas","Refugio","cotton",0
48391,"Texas","Refugio","grain sorghum",0
48391,"Texas","Refugio","oats",0
48391,"Texas","Refugio","sesame",0
48391,"Texas","Refugio","soybeans",0
48391,"Texas","Refugio","wheat",0
48393,"Texas","Roberts","corn",0
48393,"Texas","Roberts","cotton",0
48393,"Texas","Roberts","grain sorghum",0
48393,"Texas","Roberts","oats",0
48393,"Texas","Roberts","wheat",0
48395,"Texas","Robertson","corn",0
48395,"Texas","Robertson","cotton",0
48395,"Texas","Robertson","grain sorghum",0
48395,"Texas","Robertson","oats",0
48395,"Texas","Robertson","soybeans",0
48395,"Texas","Robertson","wheat",0
48397,"Texas","Rockwall","corn",0
48397,"Texas","Rockwall","cotton",0
48397,"Texas","Rockwall","grain sorghum",0
48397,"Texas","Rockwall","soybeans",0
48397,"Texas","Rockwall","wheat",0
48399,"Texas","Runnels","barley",33.2348544205493
48399,"Texas","Runnels","corn",34.0922046396049
48399,"Texas","Runnels","cotton",12744.9572548298
48399,"Texas","Runnels","grain sorghum",571.870410718058
48399,"Texas","Runnels","oats",302.553878931872
48399,"Texas","Runnels","sesame",76.5764146802399
48399,"Texas","Runnels","sunflower",101.873640277734
48399,"Texas","Runnels","wheat",19362.0369148355
48407,"Texas","San Jacinto","corn",18.9007352941176
48407,"Texas","San Jacinto","peanuts",37.8014705882353
48407,"Texas","San Jacinto","sesame",3.78014705882353
48407,"Texas","San Jacinto","soybeans",68.0426470588235
48409,"Texas","San Patricio","corn",0
48409,"Texas","San Patricio","cotton",0
48409,"Texas","San Patricio","grain sorghum",0
48409,"Texas","San Patricio","sesame",0
48409,"Texas","San Patricio","soybeans",0
48409,"Texas","San Patricio","sunflower",0
48409,"Texas","San Patricio","wheat",0
48411,"Texas","San Saba","barley",158.619962042793
48411,"Texas","San Saba","canola",5.15054097716149
48411,"Texas","San Saba","cotton",54.1142840269505
48411,"Texas","San Saba","grain sorghum",32.3492261293923
48411,"Texas","San Saba","oats",990.601570643302
48411,"Texas","San Saba","sesame",18.0095823887066
48411,"Texas","San Saba","wheat",5288.67241712503
48413,"Texas","Schleicher","barley",4.74043268203632
48413,"Texas","Schleicher","corn",11.4370798098491
48413,"Texas","Schleicher","cotton",311.917923470687
48413,"Texas","Schleicher","dry peas",4.02139121503656
48413,"Texas","Schleicher","grain sorghum",23.6444899893892
48413,"Texas","Schleicher","oats",32.7225037231826
48413,"Texas","Schleicher","wheat",91.0769724431494
48415,"Texas","Scurry","corn",235.375786067494
48415,"Texas","Scurry","cotton",9766.53324545312
48415,"Texas","Scurry","grain sorghum",80.2731021224792
48415,"Texas","Scurry","oats",15.030402932997
48415,"Texas","Scurry","sunflower",360.176404026296
48415,"Texas","Scurry","wheat",2084.93571939764
48417,"Texas","Shackelford","barley",0
48417,"Texas","Shackelford","cotton",0
48417,"Texas","Shackelford","grain sorghum",0
48417,"Texas","Shackelford","oats",0
48417,"Texas","Shackelford","sesame",0
48417,"Texas","Shackelford","wheat",0
48421,"Texas","Sherman","barley",198.099275191483
48421,"Texas","Sherman","canola",19.6600573893571
48421,"Texas","Sherman","corn",15015.1580148138
48421,"Texas","Sherman","cotton",6438.01335894734
48421,"Texas","Sherman","dry peas",97.605631585695
48421,"Texas","Sherman","grain sorghum",5282.5687990308
48421,"Texas","Sherman","oats",292.14240355742
48421,"Texas","Sherman","sesame",192.288972076875
48421,"Texas","Sherman","soybeans",98.6103109286948
48421,"Texas","Sherman","sunflower",137.407770643273
48421,"Texas","Sherman","wheat",21167.5434058353
48425,"Texas","Somervell","corn",0
48425,"Texas","Somervell","cotton",0
48425,"Texas","Somervell","oats",0
48427,"Texas","Starr","canola",0
48427,"Texas","Starr","corn",0
48427,"Texas","Starr","cotton",0
48427,"Texas","Starr","grain sorghum",0
48427,"Texas","Starr","peanuts",0
48427,"Texas","Starr","sesame",0
48427,"Texas","Starr","sunflower",0
48427,"Texas","Starr","wheat",0
48429,"Texas","Stephens","barley",0
48429,"Texas","Stephens","grain sorghum",0
48429,"Texas","Stephens","oats",0
48429,"Texas","Stephens","sesame",0
48429,"Texas","Stephens","wheat",0
48431,"Texas","Sterling","barley",218.731778226194
48431,"Texas","Sterling","oats",437.463556452387
48431,"Texas","Sterling","wheat",2548.46866532142
48433,"Texas","Stonewall","cotton",0
48433,"Texas","Stonewall","grain sorghum",0
48433,"Texas","Stonewall","oats",0
48433,"Texas","Stonewall","sunflower",0
48433,"Texas","Stonewall","wheat",0
48435,"Texas","Sutton","oats",0
48435,"Texas","Sutton","wheat",0
48437,"Texas","Swisher","barley",58.290524596188
48437,"Texas","Swisher","corn",2276.68377586357
48437,"Texas","Swisher","cotton",38184.8107499458
48437,"Texas","Swisher","grain sorghum",9071.76605568602
48437,"Texas","Swisher","oats",189.481826290778
48437,"Texas","Swisher","sunflower",90.9339457162145
48437,"Texas","Swisher","wheat",88736.0786752347
48439,"Texas","Tarrant","corn",0
48439,"Texas","Tarrant","grain sorghum",0
48439,"Texas","Tarrant","wheat",0
48441,"Texas","Taylor","barley",0
48441,"Texas","Taylor","cotton",0
48441,"Texas","Taylor","grain sorghum",0
48441,"Texas","Taylor","oats",0
48441,"Texas","Taylor","sesame",0
48441,"Texas","Taylor","wheat",0
48445,"Texas","Terry","barley",5.00561278650493
48445,"Texas","Terry","corn",320.12357362256
48445,"Texas","Terry","cotton",12663.7213853028
48445,"Texas","Terry","dry peas",45.945300783904
48445,"Texas","Terry","grain sorghum",609.372401023666
48445,"Texas","Terry","oats",11.3584819266534
48445,"Texas","Terry","peanuts",1221.11412241231
48445,"Texas","Terry","sesame",8.9534816887275
48445,"Texas","Terry","soybeans",39.0616848232375
48445,"Texas","Terry","sunflower",39.1321490022348
48445,"Texas","Terry","wheat",1575.20683996062
48447,"Texas","Throckmorton","barley",30.8842267981372
48447,"Texas","Throckmorton","cotton",233.672892248595
48447,"Texas","Throckmorton","grain sorghum",26.7566128130275
48447,"Texas","Throckmorton","oats",22.1973192824096
48447,"Texas","Throckmorton","wheat",7715.95696219117
48449,"Texas","Titus","corn",540.437243850449
48449,"Texas","Titus","grain sorghum",130.872702009965
48449,"Texas","Titus","soybeans",212.242554139586
48451,"Texas","Tom Green","barley",67.6952606375587
48451,"Texas","Tom Green","corn",2177.0722899213
48451,"Texas","Tom Green","cotton",33918.1742918653
48451,"Texas","Tom Green","dry peas",1.84491126284592
48451,"Texas","Tom Green","grain sorghum",4119.1976669305
48451,"Texas","Tom Green","oats",288.696087533124
48451,"Texas","Tom Green","sesame",94.8118265093093
48451,"Texas","Tom Green","sunflower",5.76432274569193
48451,"Texas","Tom Green","wheat",18879.3257092611
48453,"Texas","Travis","corn",0
48453,"Texas","Travis","cotton",0
48453,"Texas","Travis","grain sorghum",0
48453,"Texas","Travis","oats",0
48453,"Texas","Travis","soybeans",0
48453,"Texas","Travis","wheat",0
48461,"Texas","Upton","barley",5.69725513226387
48461,"Texas","Upton","corn",1.41801254909266
48461,"Texas","Upton","cotton",339.288389429079
48461,"Texas","Upton","grain sorghum",3.75437587909827
48461,"Texas","Upton","wheat",166.275067010469
48463,"Texas","Uvalde","corn",0
48463,"Texas","Uvalde","cotton",0
48463,"Texas","Uvalde","grain sorghum",0
48463,"Texas","Uvalde","oats",0
48463,"Texas","Uvalde","sesame",0
48463,"Texas","Uvalde","sunflower",0
48463,"Texas","Uvalde","wheat",0
48465,"Texas","Val Verde","corn",569.327775500552
48465,"Texas","Val Verde","grain sorghum",274.20256660886
48465,"Texas","Val Verde","oats",13.0873088443954
48465,"Texas","Val Verde","wheat",8.66234904619265
48467,"Texas","Van Zandt","grain sorghum",1046.70287047841
48467,"Texas","Van Zandt","wheat",204.377129521587
48469,"Texas","Victoria","corn",0
48469,"Texas","Victoria","cotton",0
48469,"Texas","Victoria","grain sorghum",0
48469,"Texas","Victoria","oats",0
48469,"Texas","Victoria","rice_long grain",0
48469,"Texas","Victoria","soybeans",0
48469,"Texas","Victoria","wheat",0
48471,"Texas","Walker","corn",0
48471,"Texas","Walker","cotton",0
48471,"Texas","Walker","dry peas",0
48471,"Texas","Walker","grain sorghum",0
48473,"Texas","Waller","corn",0
48473,"Texas","Waller","cotton",0
48473,"Texas","Waller","grain sorghum",0
48473,"Texas","Waller","oats",0
48473,"Texas","Waller","peanuts",0
48473,"Texas","Waller","rice_long grain",0
48473,"Texas","Waller","rice_short/medium grain",0
48473,"Texas","Waller","soybeans",0
48473,"Texas","Waller","wheat",0
48475,"Texas","Ward","oats",0
48477,"Texas","Washington","corn",0
48477,"Texas","Washington","cotton",0
48477,"Texas","Washington","grain sorghum",0
48477,"Texas","Washington","oats",0
48477,"Texas","Washington","wheat",0
48481,"Texas","Wharton","canola",0
48481,"Texas","Wharton","corn",0
48481,"Texas","Wharton","cotton",0
48481,"Texas","Wharton","grain sorghum",0
48481,"Texas","Wharton","oats",0
48481,"Texas","Wharton","rice_long grain",0
48481,"Texas","Wharton","sesame",0
48481,"Texas","Wharton","soybeans",0
48481,"Texas","Wharton","wheat",0
48483,"Texas","Wheeler","corn",0
48483,"Texas","Wheeler","cotton",0
48483,"Texas","Wheeler","grain sorghum",0
48483,"Texas","Wheeler","oats",0
48483,"Texas","Wheeler","peanuts",0
48483,"Texas","Wheeler","soybeans",0
48483,"Texas","Wheeler","wheat",0
48485,"Texas","Wichita","barley",83.6074278825287
48485,"Texas","Wichita","canola",22.1090949069497
48485,"Texas","Wichita","corn",1246.1953286455
48485,"Texas","Wichita","cotton",4741.20408203253
48485,"Texas","Wichita","grain sorghum",635.473995261971
48485,"Texas","Wichita","oats",215.087319185818
48485,"Texas","Wichita","sesame",167.980416885974
48485,"Texas","Wichita","wheat",34384.7560018654
48487,"Texas","Wilbarger","barley",21.7929569138917
48487,"Texas","Wilbarger","canola",41.4755179503864
48487,"Texas","Wilbarger","corn",139.222246387751
48487,"Texas","Wilbarger","cotton",4370.53394215529
48487,"Texas","Wilbarger","dry peas",8.70018386131715
48487,"Texas","Wilbarger","grain sorghum",237.264918514349
48487,"Texas","Wilbarger","oats",148.831464737217
48487,"Texas","Wilbarger","peanuts",142.160253810384
48487,"Texas","Wilbarger","sesame",68.9763090612174
48487,"Texas","Wilbarger","soybeans",7.05273686533712
48487,"Texas","Wilbarger","sunflower",3.25510932246328
48487,"Texas","Wilbarger","wheat",25306.7733737537
48489,"Texas","Willacy","canola",20.0662482869335
48489,"Texas","Willacy","corn",879.988500320064
48489,"Texas","Willacy","cotton",4221.67621420417
48489,"Texas","Willacy","grain sorghum",4994.11727110934
48489,"Texas","Willacy","peanuts",0.0169340192018905
48489,"Texas","Willacy","rapeseed",9.33064458024165
48489,"Texas","Willacy","sesame",377.005343402067
48489,"Texas","Willacy","soybeans",2.27480324612062
48489,"Texas","Willacy","sunflower",2.37979416517234
48491,"Texas","Williamson","corn",0
48491,"Texas","Williamson","cotton",0
48491,"Texas","Williamson","grain sorghum",0
48491,"Texas","Williamson","oats",0
48491,"Texas","Williamson","rapeseed",0
48491,"Texas","Williamson","sesame",0
48491,"Texas","Williamson","soybeans",0
48491,"Texas","Williamson","sunflower",0
48491,"Texas","Williamson","wheat",0
48493,"Texas","Wilson","corn",0
48493,"Texas","Wilson","cotton",0
48493,"Texas","Wilson","dry peas",0
48493,"Texas","Wilson","grain sorghum",0
48493,"Texas","Wilson","oats",0
48493,"Texas","Wilson","peanuts",0
48493,"Texas","Wilson","sesame",0
48493,"Texas","Wilson","soybeans",0
48493,"Texas","Wilson","sunflower",0
48493,"Texas","Wilson","wheat",0
48495,"Texas","Winkler","cotton",597.775
48497,"Texas","Wise","corn",0
48497,"Texas","Wise","grain sorghum",0
48497,"Texas","Wise","oats",0
48497,"Texas","Wise","wheat",0
48501,"Texas","Yoakum","barley",0
48501,"Texas","Yoakum","corn",0
48501,"Texas","Yoakum","cotton",0
48501,"Texas","Yoakum","dry peas",0
48501,"Texas","Yoakum","grain sorghum",0
48501,"Texas","Yoakum","oats",0
48501,"Texas","Yoakum","peanuts",0
48501,"Texas","Yoakum","sunflower",0
48501,"Texas","Yoakum","wheat",0
48503,"Texas","Young","cotton",0
48503,"Texas","Young","grain sorghum",0
48503,"Texas","Young","oats",0
48503,"Texas","Young","sesame",0
48503,"Texas","Young","wheat",0
48505,"Texas","Zapata","cotton",1156.63773290648
48505,"Texas","Zapata","grain sorghum",284.023117447406
48505,"Texas","Zapata","sesame",424.72014964611
48507,"Texas","Zavala","corn",0
48507,"Texas","Zavala","cotton",0
48507,"Texas","Zavala","dry peas",0
48507,"Texas","Zavala","grain sorghum",0
48507,"Texas","Zavala","oats",0
48507,"Texas","Zavala","sesame",0
48507,"Texas","Zavala","sunflower",0
48507,"Texas","Zavala","wheat",0
49001,"Utah","Beaver","barley",0
49001,"Utah","Beaver","corn",0
49001,"Utah","Beaver","oats",0
49001,"Utah","Beaver","wheat",0
49003,"Utah","Box Elder","barley",0
49003,"Utah","Box Elder","canola",0
49003,"Utah","Box Elder","corn",0
49003,"Utah","Box Elder","dry peas",0
49003,"Utah","Box Elder","oats",0
49003,"Utah","Box Elder","safflower",0
49003,"Utah","Box Elder","wheat",0
49005,"Utah","Cache","barley",0
49005,"Utah","Cache","canola",0
49005,"Utah","Cache","chickpeas_large",0
49005,"Utah","Cache","corn",0
49005,"Utah","Cache","flaxseed",0
49005,"Utah","Cache","grain sorghum",0
49005,"Utah","Cache","lentils",0
49005,"Utah","Cache","mustard",0
49005,"Utah","Cache","oats",0
49005,"Utah","Cache","safflower",0
49005,"Utah","Cache","soybeans",0
49005,"Utah","Cache","wheat",0
49007,"Utah","Carbon","corn",0
49007,"Utah","Carbon","oats",0
49007,"Utah","Carbon","wheat",0
49011,"Utah","Davis","barley",0
49011,"Utah","Davis","corn",0
49011,"Utah","Davis","oats",0
49011,"Utah","Davis","wheat",0
49013,"Utah","Duchesne","barley",2.73900939324959
49013,"Utah","Duchesne","corn",219.436217133275
49013,"Utah","Duchesne","oats",21.0662512971546
49013,"Utah","Duchesne","soybeans",3.39173449363409
49013,"Utah","Duchesne","wheat",5.09695434935368
49015,"Utah","Emery","barley",0
49015,"Utah","Emery","corn",0
49015,"Utah","Emery","oats",0
49015,"Utah","Emery","safflower",0
49015,"Utah","Emery","sunflower",0
49015,"Utah","Emery","wheat",0
49017,"Utah","Garfield","oats",0
49021,"Utah","Iron","corn",2247.08443858807
49021,"Utah","Iron","oats",66.1359016567744
49021,"Utah","Iron","wheat",31.8223264218267
49023,"Utah","Juab","barley",0
49023,"Utah","Juab","corn",0
49023,"Utah","Juab","flaxseed",0
49023,"Utah","Juab","oats",0
49023,"Utah","Juab","safflower",0
49023,"Utah","Juab","wheat",0
49025,"Utah","Kane","oats",69.0975
49027,"Utah","Millard","barley",0
49027,"Utah","Millard","corn",0
49027,"Utah","Millard","dry peas",0
49027,"Utah","Millard","oats",0
49027,"Utah","Millard","safflower",0
49027,"Utah","Millard","sunflower",0
49027,"Utah","Millard","wheat",0
49029,"Utah","Morgan","barley",0
49029,"Utah","Morgan","corn",0
49029,"Utah","Morgan","grain sorghum",0
49029,"Utah","Morgan","oats",0
49029,"Utah","Morgan","wheat",0
49031,"Utah","Piute","barley",37.9634678099997
49031,"Utah","Piute","corn",24.1958406658667
49031,"Utah","Piute","mustard",6.70864343785582
49031,"Utah","Piute","oats",196.133899549153
49031,"Utah","Piute","wheat",99.3121485371251
49033,"Utah","Rich","barley",0
49033,"Utah","Rich","oats",0
49035,"Utah","Salt Lake","wheat",0
49037,"Utah","San Juan","corn",0
49037,"Utah","San Juan","oats",0
49037,"Utah","San Juan","safflower",0
49037,"Utah","San Juan","sunflower",0
49037,"Utah","San Juan","wheat",0
49039,"Utah","Sanpete","barley",261.899884425511
49039,"Utah","Sanpete","corn",915.922951727028
49039,"Utah","Sanpete","oats",344.082644621196
49039,"Utah","Sanpete","safflower",69.8782198022278
49039,"Utah","Sanpete","sunflower",8.11350000998159
49039,"Utah","Sanpete","wheat",302.361132747387
49041,"Utah","Sevier","barley",0
49041,"Utah","Sevier","corn",0
49041,"Utah","Sevier","oats",0
49041,"Utah","Sevier","wheat",0
49043,"Utah","Summit","barley",0
49043,"Utah","Summit","oats",0
49045,"Utah","Tooele","barley",0
49045,"Utah","Tooele","corn",0
49045,"Utah","Tooele","oats",0
49045,"Utah","Tooele","wheat",0
49047,"Utah","Uintah","barley",0
49047,"Utah","Uintah","corn",0
49047,"Utah","Uintah","grain sorghum",0
49047,"Utah","Uintah","oats",0
49047,"Utah","Uintah","wheat",0
49049,"Utah","Utah","barley",0
49049,"Utah","Utah","corn",0
49049,"Utah","Utah","grain sorghum",0
49049,"Utah","Utah","oats",0
49049,"Utah","Utah","safflower",0
49049,"Utah","Utah","wheat",0
49053,"Utah","Washington","barley",0
49053,"Utah","Washington","corn",0
49053,"Utah","Washington","grain sorghum",0
49053,"Utah","Washington","wheat",0
49055,"Utah","Wayne","barley",0
49055,"Utah","Wayne","corn",0
49055,"Utah","Wayne","oats",0
49055,"Utah","Wayne","wheat",0
49057,"Utah","Weber","barley",0
49057,"Utah","Weber","corn",0
49057,"Utah","Weber","oats",0
49057,"Utah","Weber","safflower",0
49057,"Utah","Weber","sunflower",0
49057,"Utah","Weber","wheat",0
50001,"Vermont","Addison","barley",0.43904200808283
50001,"Vermont","Addison","corn",106.984650742101
50001,"Vermont","Addison","oats",0.087048307942293
50001,"Vermont","Addison","soybeans",18.7754281979412
50001,"Vermont","Addison","wheat",1.8807774105973
50003,"Vermont","Bennington","barley",93.5721907071349
50003,"Vermont","Bennington","corn",1831.81949535005
50003,"Vermont","Bennington","oats",58.3805387119408
50003,"Vermont","Bennington","soybeans",67.9270418975412
50005,"Vermont","Caledonia","barley",66.0425677568214
50005,"Vermont","Caledonia","corn",3293.70103982372
50005,"Vermont","Caledonia","oats",9.35932596952957
50005,"Vermont","Caledonia","soybeans",80.5660006961583
50005,"Vermont","Caledonia","wheat",51.9521684204409
50007,"Vermont","Chittenden","barley",101.725441865224
50007,"Vermont","Chittenden","corn",2672.34728778937
50007,"Vermont","Chittenden","oats",16.2704541446857
50007,"Vermont","Chittenden","soybeans",685.811050823309
50007,"Vermont","Chittenden","sunflower",10.1492881436511
50007,"Vermont","Chittenden","wheat",181.902624233758
50009,"Vermont","Essex","barley",4.54860459106639
50009,"Vermont","Essex","corn",279.169906991378
50009,"Vermont","Essex","oats",6.19310009706732
50009,"Vermont","Essex","soybeans",7.29088832048815
50011,"Vermont","Franklin","barley",215.280726582982
50011,"Vermont","Franklin","corn",66984.9122358729
50011,"Vermont","Franklin","dry peas",0.896318339808403
50011,"Vermont","Franklin","oats",54.0106492929547
50011,"Vermont","Franklin","soybeans",3488.33951851113
50011,"Vermont","Franklin","sunflower",86.6366368619806
50011,"Vermont","Franklin","wheat",36.0618745382914
50013,"Vermont","Grand Isle","barley",0
50013,"Vermont","Grand Isle","corn",0
50013,"Vermont","Grand Isle","oats",0
50013,"Vermont","Grand Isle","soybeans",0
50013,"Vermont","Grand Isle","wheat",0
50015,"Vermont","Lamoille","barley",0
50015,"Vermont","Lamoille","corn",0
50015,"Vermont","Lamoille","oats",0
50015,"Vermont","Lamoille","soybeans",0
50017,"Vermont","Orange","corn",0
50017,"Vermont","Orange","soybeans",0
50017,"Vermont","Orange","sunflower",0
50017,"Vermont","Orange","wheat",0
50019,"Vermont","Orleans","barley",51.8538423787716
50019,"Vermont","Orleans","corn",6551.06931432972
50019,"Vermont","Orleans","soybeans",0.60688329150878
50021,"Vermont","Rutland","barley",12.2974526218371
50021,"Vermont","Rutland","corn",3543.71766012558
50021,"Vermont","Rutland","oats",22.0091539539911
50021,"Vermont","Rutland","soybeans",437.948436493688
50021,"Vermont","Rutland","sunflower",1.21071966741012
50021,"Vermont","Rutland","wheat",6.78003013749667
50023,"Vermont","Washington","barley",3.51823447324711
50023,"Vermont","Washington","corn",1567.16298235387
50023,"Vermont","Washington","wheat",0.386619172884298
50025,"Vermont","Windham","corn",568.029820025499
50025,"Vermont","Windham","oats",5.07880597450203
50027,"Vermont","Windsor","corn",0
50027,"Vermont","Windsor","oats",0
50027,"Vermont","Windsor","soybeans",0
52001,"Virgin Islands of the U.S.","St. Croix","corn",36.8338333333333
51001,"Virginia","Accomack","corn",1779.69387723818
51001,"Virginia","Accomack","cotton",16.4372948077706
51001,"Virginia","Accomack","grain sorghum",15.6919916116388
51001,"Virginia","Accomack","rapeseed",85.0653443509552
51001,"Virginia","Accomack","soybeans",2516.8396752015
51001,"Virginia","Accomack","sunflower",0.28124648910634
51001,"Virginia","Accomack","wheat",825.476570300852
51003,"Virginia","Albemarle, Charlottesville City","corn",1378.63235795118
51003,"Virginia","Albemarle, Charlottesville City","grain sorghum",181.394263914451
51003,"Virginia","Albemarle, Charlottesville City","oats",51.5349126257886
51003,"Virginia","Albemarle, Charlottesville City","soybeans",2729.24665178474
51003,"Virginia","Albemarle, Charlottesville City","wheat",782.17814705717
51005,"Virginia","Alleghany, Covington City","corn",341.444869077942
51005,"Virginia","Alleghany, Covington City","grain sorghum",124.844677638883
51005,"Virginia","Alleghany, Covington City","soybeans",62.3871199498413
51007,"Virginia","Amelia","barley",50.2472535014872
51007,"Virginia","Amelia","corn",748.214491303858
51007,"Virginia","Amelia","grain sorghum",14.8992286840703
51007,"Virginia","Amelia","oats",15.8131820908829
51007,"Virginia","Amelia","soybeans",1205.40753820278
51007,"Virginia","Amelia","sunflower",1.91324699234508
51007,"Virginia","Amelia","wheat",229.177059224576
51009,"Virginia","Amherst","corn",0
51009,"Virginia","Amherst","grain sorghum",0
51009,"Virginia","Amherst","soybeans",0
51011,"Virginia","Appomattox","barley",0.592106172346312
51011,"Virginia","Appomattox","corn",54.4205257487565
51011,"Virginia","Appomattox","grain sorghum",0.538414554018831
51011,"Virginia","Appomattox","soybeans",79.1075322902004
51011,"Virginia","Appomattox","sunflower",0.0961454560747913
51011,"Virginia","Appomattox","wheat",24.7766091119365
51015,"Virginia","Augusta","barley",977.068399498444
51015,"Virginia","Augusta","corn",10186.2140778768
51015,"Virginia","Augusta","grain sorghum",71.2065666136227
51015,"Virginia","Augusta","oats",45.5996702042079
51015,"Virginia","Augusta","soybeans",3135.67909186612
51015,"Virginia","Augusta","sunflower",28.6185379529132
51015,"Virginia","Augusta","wheat",1226.37648932124
51017,"Virginia","Bath","barley",24.0411224743214
51017,"Virginia","Bath","corn",33.7166847093021
51017,"Virginia","Bath","soybeans",29.3808453549103
51017,"Virginia","Bath","wheat",14.9914141281329
51019,"Virginia","Bedford","barley",0
51019,"Virginia","Bedford","corn",0
51019,"Virginia","Bedford","grain sorghum",0
51019,"Virginia","Bedford","oats",0
51019,"Virginia","Bedford","soybeans",0
51019,"Virginia","Bedford","sunflower",0
51019,"Virginia","Bedford","wheat",0
51021,"Virginia","Bland","barley",0
51021,"Virginia","Bland","corn",0
51021,"Virginia","Bland","oats",0
51021,"Virginia","Bland","wheat",0
51023,"Virginia","Botetourt","barley",0
51023,"Virginia","Botetourt","corn",0
51023,"Virginia","Botetourt","grain sorghum",0
51023,"Virginia","Botetourt","oats",0
51023,"Virginia","Botetourt","soybeans",0
51023,"Virginia","Botetourt","sunflower",0
51023,"Virginia","Botetourt","wheat",0
51025,"Virginia","Brunswick","barley",4.55634085600617
51025,"Virginia","Brunswick","canola",1.21369778260426
51025,"Virginia","Brunswick","corn",121.205192882431
51025,"Virginia","Brunswick","cotton",22.8992936881487
51025,"Virginia","Brunswick","grain sorghum",17.158264416211
51025,"Virginia","Brunswick","oats",26.9964588486313
51025,"Virginia","Brunswick","peanuts",3.58538262992276
51025,"Virginia","Brunswick","soybeans",1102.97034319563
51025,"Virginia","Brunswick","sunflower",0.119380109764354
51025,"Virginia","Brunswick","wheat",146.714812257317
51027,"Virginia","Buchanan","corn",0
51029,"Virginia","Buckingham","barley",0
51029,"Virginia","Buckingham","corn",0
51029,"Virginia","Buckingham","oats",0
51029,"Virginia","Buckingham","soybeans",0
51029,"Virginia","Buckingham","wheat",0
51031,"Virginia","Campbell, Lynchburg City","barley",140.633181585236
51031,"Virginia","Campbell, Lynchburg City","corn",2845.19092099215
51031,"Virginia","Campbell, Lynchburg City","grain sorghum",26.6100835373457
51031,"Virginia","Campbell, Lynchburg City","oats",74.9854950483035
51031,"Virginia","Campbell, Lynchburg City","soybeans",5858.89734102782
51031,"Virginia","Campbell, Lynchburg City","sunflower",21.8888054206832
51031,"Virginia","Campbell, Lynchburg City","wheat",2292.57870572179
51033,"Virginia","Caroline","barley",22.3371209523359
51033,"Virginia","Caroline","canola",1.84862438657285
51033,"Virginia","Caroline","corn",433.408571000745
51033,"Virginia","Caroline","grain sorghum",3.97058368735684
51033,"Virginia","Caroline","oats",1.22257992952865
51033,"Virginia","Caroline","rapeseed",4.97585037490006
51033,"Virginia","Caroline","soybeans",630.789429123899
51033,"Virginia","Caroline","sunflower",0.186133594915243
51033,"Virginia","Caroline","wheat",175.004440283071
51035,"Virginia","Carroll, East Galax City","corn",1698.52820501382
51035,"Virginia","Carroll, East Galax City","oats",49.6860056702547
51035,"Virginia","Carroll, East Galax City","soybeans",83.1528761084642
51035,"Virginia","Carroll, East Galax City","wheat",24.2557398741251
51036,"Virginia","Charles City","corn",0
51036,"Virginia","Charles City","cotton",0
51036,"Virginia","Charles City","grain sorghum",0
51036,"Virginia","Charles City","oats",0
51036,"Virginia","Charles City","rapeseed",0
51036,"Virginia","Charles City","soybeans",0
51036,"Virginia","Charles City","sunflower",0
51036,"Virginia","Charles City","wheat",0
51037,"Virginia","Charlotte","barley",7.25791230511669
51037,"Virginia","Charlotte","corn",356.632392486931
51037,"Virginia","Charlotte","grain sorghum",15.1343120037905
51037,"Virginia","Charlotte","oats",15.3546680975364
51037,"Virginia","Charlotte","rapeseed",7.77030232020364
51037,"Virginia","Charlotte","sesame",9.75102327880153
51037,"Virginia","Charlotte","soybeans",1807.65789549941
51037,"Virginia","Charlotte","sunflower",1.67555793022201
51037,"Virginia","Charlotte","wheat",523.249702744657
51550,"Virginia","Chesapeake","corn",6260.29199746625
51550,"Virginia","Chesapeake","oats",3.88097160093935
51550,"Virginia","Chesapeake","soybeans",17905.0339657254
51550,"Virginia","Chesapeake","sunflower",6.33457466303193
51550,"Virginia","Chesapeake","wheat",2802.64915721107
51041,"Virginia","Chesterfield","barley",0
51041,"Virginia","Chesterfield","corn",0
51041,"Virginia","Chesterfield","grain sorghum",0
51041,"Virginia","Chesterfield","oats",0
51041,"Virginia","Chesterfield","soybeans",0
51041,"Virginia","Chesterfield","sunflower",0
51041,"Virginia","Chesterfield","wheat",0
51043,"Virginia","Clarke","barley",11.0968365703299
51043,"Virginia","Clarke","corn",243.947334607472
51043,"Virginia","Clarke","dry peas",0.355705841553476
51043,"Virginia","Clarke","oats",0.976768240905845
51043,"Virginia","Clarke","soybeans",141.97827926803
51043,"Virginia","Clarke","wheat",31.5474088050412
51045,"Virginia","Craig","barley",0
51045,"Virginia","Craig","corn",0
51045,"Virginia","Craig","soybeans",0
51045,"Virginia","Craig","wheat",0
51047,"Virginia","Culpeper","barley",0
51047,"Virginia","Culpeper","corn",0
51047,"Virginia","Culpeper","grain sorghum",0
51047,"Virginia","Culpeper","oats",0
51047,"Virginia","Culpeper","rapeseed",0
51047,"Virginia","Culpeper","soybeans",0
51047,"Virginia","Culpeper","sunflower",0
51047,"Virginia","Culpeper","wheat",0
51049,"Virginia","Cumberland","corn",804.403888338679
51049,"Virginia","Cumberland","grain sorghum",3.57656907326381
51049,"Virginia","Cumberland","oats",10.7892316694178
51049,"Virginia","Cumberland","soybeans",997.471270631919
51049,"Virginia","Cumberland","wheat",195.10754028672
51051,"Virginia","Dickenson","corn",4.50333333333333
51053,"Virginia","Dinwiddie, Petersburg City","barley",58.7800245381564
51053,"Virginia","Dinwiddie, Petersburg City","corn",6487.38177596519
51053,"Virginia","Dinwiddie, Petersburg City","cotton",1318.55729896388
51053,"Virginia","Dinwiddie, Petersburg City","grain sorghum",35.9930455631372
51053,"Virginia","Dinwiddie, Petersburg City","oats",110.988035356138
51053,"Virginia","Dinwiddie, Petersburg City","peanuts",474.481606040959
51053,"Virginia","Dinwiddie, Petersburg City","soybeans",16811.3891899218
51053,"Virginia","Dinwiddie, Petersburg City","sunflower",13.8218051297109
51053,"Virginia","Dinwiddie, Petersburg City","wheat",2748.69200518769
51057,"Virginia","Essex","barley",0
51057,"Virginia","Essex","corn",0
51057,"Virginia","Essex","grain sorghum",0
51057,"Virginia","Essex","oats",0
51057,"Virginia","Essex","soybeans",0
51057,"Virginia","Essex","sunflower",0
51057,"Virginia","Essex","wheat",0
51061,"Virginia","Fauquier","barley",0
51061,"Virginia","Fauquier","corn",0
51061,"Virginia","Fauquier","grain sorghum",0
51061,"Virginia","Fauquier","oats",0
51061,"Virginia","Fauquier","soybeans",0
51061,"Virginia","Fauquier","sunflower",0
51061,"Virginia","Fauquier","wheat",0
51063,"Virginia","Floyd","barley",0
51063,"Virginia","Floyd","corn",0
51063,"Virginia","Floyd","oats",0
51063,"Virginia","Floyd","wheat",0
51065,"Virginia","Fluvanna","corn",504.169289871061
51065,"Virginia","Fluvanna","soybeans",569.403693255957
51065,"Virginia","Fluvanna","wheat",180.132016872982
51067,"Virginia","Franklin","barley",573.695288249341
51067,"Virginia","Franklin","canola",5.69113666873501
51067,"Virginia","Franklin","corn",5026.78926407795
51067,"Virginia","Franklin","grain sorghum",175.970971227317
51067,"Virginia","Franklin","oats",84.7171837492575
51067,"Virginia","Franklin","soybeans",3409.75275908486
51067,"Virginia","Franklin","sunflower",14.4749703091646
51067,"Virginia","Franklin","wheat",1539.47092663337
51069,"Virginia","Frederick, Winchester City","barley",25.291041227793
51069,"Virginia","Frederick, Winchester City","corn",2805.95815570556
51069,"Virginia","Frederick, Winchester City","grain sorghum",12.3334184030003
51069,"Virginia","Frederick, Winchester City","oats",111.889718820797
51069,"Virginia","Frederick, Winchester City","soybeans",1138.00860566002
51069,"Virginia","Frederick, Winchester City","wheat",306.208860182832
51071,"Virginia","Giles","corn",0.960000000000008
51073,"Virginia","Gloucester","barley",0
51073,"Virginia","Gloucester","corn",0
51073,"Virginia","Gloucester","oats",0
51073,"Virginia","Gloucester","soybeans",0
51073,"Virginia","Gloucester","wheat",0
51075,"Virginia","Goochland","barley",0
51075,"Virginia","Goochland","corn",0
51075,"Virginia","Goochland","grain sorghum",0
51075,"Virginia","Goochland","soybeans",0
51075,"Virginia","Goochland","sunflower",0
51075,"Virginia","Goochland","wheat",0
51077,"Virginia","Grayson, West Galax City","corn",1391.12731111771
51077,"Virginia","Grayson, West Galax City","oats",17.5186539779469
51077,"Virginia","Grayson, West Galax City","soybeans",12.0249172661547
51077,"Virginia","Grayson, West Galax City","wheat",20.3067843048544
51079,"Virginia","Greene","barley",0
51079,"Virginia","Greene","corn",0
51079,"Virginia","Greene","grain sorghum",0
51079,"Virginia","Greene","soybeans",0
51081,"Virginia","Greensville, Emporia City","corn",2081.05057765919
51081,"Virginia","Greensville, Emporia City","cotton",8238.96895830634
51081,"Virginia","Greensville, Emporia City","grain sorghum",199.487077607781
51081,"Virginia","Greensville, Emporia City","oats",120.494184209577
51081,"Virginia","Greensville, Emporia City","peanuts",2197.89940572148
51081,"Virginia","Greensville, Emporia City","soybeans",10009.9790443455
51081,"Virginia","Greensville, Emporia City","sunflower",11.9171190632951
51081,"Virginia","Greensville, Emporia City","wheat",1451.10413308689
51083,"Virginia","Halifax","barley",0
51083,"Virginia","Halifax","canola",0
51083,"Virginia","Halifax","corn",0
51083,"Virginia","Halifax","grain sorghum",0
51083,"Virginia","Halifax","oats",0
51083,"Virginia","Halifax","soybeans",0
51083,"Virginia","Halifax","sunflower",0
51083,"Virginia","Halifax","wheat",0
51085,"Virginia","Hanover","barley",16.5517230770059
51085,"Virginia","Hanover","corn",276.113817529128
51085,"Virginia","Hanover","grain sorghum",11.6289494857418
51085,"Virginia","Hanover","oats",0.338112806235186
51085,"Virginia","Hanover","rapeseed",8.08065135528905
51085,"Virginia","Hanover","soybeans",539.110214298261
51085,"Virginia","Hanover","sunflower",0.284607168396852
51085,"Virginia","Hanover","wheat",152.722424279946
51087,"Virginia","Henrico, Richmond City","corn",0
51087,"Virginia","Henrico, Richmond City","cotton",0
51087,"Virginia","Henrico, Richmond City","grain sorghum",0
51087,"Virginia","Henrico, Richmond City","oats",0
51087,"Virginia","Henrico, Richmond City","rapeseed",0
51087,"Virginia","Henrico, Richmond City","soybeans",0
51087,"Virginia","Henrico, Richmond City","sunflower",0
51087,"Virginia","Henrico, Richmond City","wheat",0
51089,"Virginia","Henry, Martinsville City","barley",31.8601002096459
51089,"Virginia","Henry, Martinsville City","corn",198.720799850841
51089,"Virginia","Henry, Martinsville City","grain sorghum",8.55292589797632
51089,"Virginia","Henry, Martinsville City","oats",22.1270750997389
51089,"Virginia","Henry, Martinsville City","soybeans",353.087059416294
51089,"Virginia","Henry, Martinsville City","sunflower",36.6870755732309
51089,"Virginia","Henry, Martinsville City","wheat",272.319797285606
51091,"Virginia","Highland","corn",0
51091,"Virginia","Highland","mustard",0
51091,"Virginia","Highland","soybeans",0
51093,"Virginia","Isle of Wight","barley",0
51093,"Virginia","Isle of Wight","corn",0
51093,"Virginia","Isle of Wight","cotton",0
51093,"Virginia","Isle of Wight","grain sorghum",0
51093,"Virginia","Isle of Wight","oats",0
51093,"Virginia","Isle of Wight","peanuts",0
51093,"Virginia","Isle of Wight","soybeans",0
51093,"Virginia","Isle of Wight","sunflower",0
51093,"Virginia","Isle of Wight","wheat",0
51095,"Virginia","James City, Williamsburg City","corn",1170.01001867752
51095,"Virginia","James City, Williamsburg City","oats",135.923878058271
51095,"Virginia","James City, Williamsburg City","soybeans",1273.86192518254
51095,"Virginia","James City, Williamsburg City","wheat",283.320378081666
51099,"Virginia","King George","barley",0
51099,"Virginia","King George","corn",0
51099,"Virginia","King George","oats",0
51099,"Virginia","King George","soybeans",0
51099,"Virginia","King George","wheat",0
51101,"Virginia","King William","barley",0
51101,"Virginia","King William","corn",0
51101,"Virginia","King William","grain sorghum",0
51101,"Virginia","King William","oats",0
51101,"Virginia","King William","soybeans",0
51101,"Virginia","King William","sunflower",0
51101,"Virginia","King William","wheat",0
51097,"Virginia","King and Queen","barley",0
51097,"Virginia","King and Queen","corn",0
51097,"Virginia","King and Queen","oats",0
51097,"Virginia","King and Queen","soybeans",0
51097,"Virginia","King and Queen","sunflower",0
51097,"Virginia","King and Queen","wheat",0
51103,"Virginia","Lancaster","barley",0
51103,"Virginia","Lancaster","canola",0
51103,"Virginia","Lancaster","corn",0
51103,"Virginia","Lancaster","oats",0
51103,"Virginia","Lancaster","rapeseed",0
51103,"Virginia","Lancaster","soybeans",0
51103,"Virginia","Lancaster","sunflower",0
51103,"Virginia","Lancaster","wheat",0
51105,"Virginia","Lee","corn",0
51105,"Virginia","Lee","oats",0
51105,"Virginia","Lee","soybeans",0
51105,"Virginia","Lee","wheat",0
51107,"Virginia","Loudoun","barley",0
51107,"Virginia","Loudoun","corn",0
51107,"Virginia","Loudoun","grain sorghum",0
51107,"Virginia","Loudoun","oats",0
51107,"Virginia","Loudoun","soybeans",0
51107,"Virginia","Loudoun","wheat",0
51109,"Virginia","Louisa","barley",0
51109,"Virginia","Louisa","corn",0
51109,"Virginia","Louisa","grain sorghum",0
51109,"Virginia","Louisa","oats",0
51109,"Virginia","Louisa","peanuts",0
51109,"Virginia","Louisa","soybeans",0
51109,"Virginia","Louisa","sunflower",0
51109,"Virginia","Louisa","wheat",0
51111,"Virginia","Lunenburg","barley",0.746626826632986
51111,"Virginia","Lunenburg","corn",105.934680655055
51111,"Virginia","Lunenburg","grain sorghum",0.630549687179889
51111,"Virginia","Lunenburg","oats",1.36726037627166
51111,"Virginia","Lunenburg","soybeans",391.957851781935
51111,"Virginia","Lunenburg","sunflower",1.87939971516522
51111,"Virginia","Lunenburg","wheat",33.7776309577596
51113,"Virginia","Madison","barley",0
51113,"Virginia","Madison","corn",0
51113,"Virginia","Madison","grain sorghum",0
51113,"Virginia","Madison","oats",0
51113,"Virginia","Madison","soybeans",0
51113,"Virginia","Madison","wheat",0
51115,"Virginia","Mathews","corn",0
51115,"Virginia","Mathews","soybeans",0
51115,"Virginia","Mathews","sunflower",0
51115,"Virginia","Mathews","wheat",0
51117,"Virginia","Mecklenburg","barley",11.2757480638156
51117,"Virginia","Mecklenburg","corn",1133.24191024965
51117,"Virginia","Mecklenburg","grain sorghum",147.678423998024
51117,"Virginia","Mecklenburg","oats",299.854758416834
51117,"Virginia","Mecklenburg","soybeans",7933.04490408201
51117,"Virginia","Mecklenburg","sunflower",4.28420353902774
51117,"Virginia","Mecklenburg","wheat",1376.16004498397
51119,"Virginia","Middlesex","barley",4.61473916588377
51119,"Virginia","Middlesex","corn",260.696930065574
51119,"Virginia","Middlesex","oats",1.34545104174001
51119,"Virginia","Middlesex","soybeans",295.629159290491
51119,"Virginia","Middlesex","wheat",112.517240436311
51121,"Virginia","Montgomery, Radford City","barley",60.08181690585
51121,"Virginia","Montgomery, Radford City","corn",1591.31452656265
51121,"Virginia","Montgomery, Radford City","oats",116.643617918816
51121,"Virginia","Montgomery, Radford City","soybeans",87.4903350591334
51121,"Virginia","Montgomery, Radford City","sunflower",9.60714974984252
51121,"Virginia","Montgomery, Radford City","wheat",669.506553803712
51125,"Virginia","Nelson","corn",269.018836258794
51125,"Virginia","Nelson","soybeans",151.573257665214
51125,"Virginia","Nelson","wheat",6.14357274265886
51127,"Virginia","New Kent","barley",0
51127,"Virginia","New Kent","corn",0
51127,"Virginia","New Kent","cotton",0
51127,"Virginia","New Kent","grain sorghum",0
51127,"Virginia","New Kent","oats",0
51127,"Virginia","New Kent","soybeans",0
51127,"Virginia","New Kent","sunflower",0
51127,"Virginia","New Kent","wheat",0
51131,"Virginia","Northampton","barley",8.29986296988778
51131,"Virginia","Northampton","corn",345.654243755912
51131,"Virginia","Northampton","cotton",56.7295063162189
51131,"Virginia","Northampton","grain sorghum",2.18513586304886
51131,"Virginia","Northampton","rapeseed",14.5036395006127
51131,"Virginia","Northampton","soybeans",964.417407940165
51131,"Virginia","Northampton","wheat",437.896203654157
51133,"Virginia","Northumberland","barley",0
51133,"Virginia","Northumberland","canola",0
51133,"Virginia","Northumberland","corn",0
51133,"Virginia","Northumberland","oats",0
51133,"Virginia","Northumberland","rapeseed",0
51133,"Virginia","Northumberland","soybeans",0
51133,"Virginia","Northumberland","sunflower",0
51133,"Virginia","Northumberland","wheat",0
51135,"Virginia","Nottoway","barley",15.6501198247968
51135,"Virginia","Nottoway","corn",397.883050775258
51135,"Virginia","Nottoway","grain sorghum",8.1881069461642
51135,"Virginia","Nottoway","oats",11.0044067169747
51135,"Virginia","Nottoway","soybeans",594.920061498653
51135,"Virginia","Nottoway","sunflower",0.859282920155756
51135,"Virginia","Nottoway","wheat",182.531971317998
51137,"Virginia","Orange","barley",8.68567210491873
51137,"Virginia","Orange","corn",81.3919373298048
51137,"Virginia","Orange","grain sorghum",2.59164398774939
51137,"Virginia","Orange","oats",1.20475721080577
51137,"Virginia","Orange","soybeans",95.1642082509346
51137,"Virginia","Orange","sunflower",0.211227306177177
51137,"Virginia","Orange","wheat",23.7475538096089
51139,"Virginia","Page","barley",0
51139,"Virginia","Page","corn",0
51139,"Virginia","Page","grain sorghum",0
51139,"Virginia","Page","oats",0
51139,"Virginia","Page","soybeans",0
51139,"Virginia","Page","sunflower",0
51139,"Virginia","Page","wheat",0
51141,"Virginia","Patrick","barley",0
51141,"Virginia","Patrick","corn",0
51141,"Virginia","Patrick","grain sorghum",0
51141,"Virginia","Patrick","soybeans",0
51141,"Virginia","Patrick","sunflower",0
51141,"Virginia","Patrick","wheat",0
51143,"Virginia","Pittsylvania","barley",98.8359519482509
51143,"Virginia","Pittsylvania","canola",10.503645199645
51143,"Virginia","Pittsylvania","corn",782.430495985265
51143,"Virginia","Pittsylvania","grain sorghum",25.9294975030382
51143,"Virginia","Pittsylvania","oats",26.7707536464673
51143,"Virginia","Pittsylvania","soybeans",793.062999700727
51143,"Virginia","Pittsylvania","sunflower",5.18330586274933
51143,"Virginia","Pittsylvania","wheat",562.535350153861
51145,"Virginia","Powhatan","barley",0
51145,"Virginia","Powhatan","corn",0
51145,"Virginia","Powhatan","grain sorghum",0
51145,"Virginia","Powhatan","oats",0
51145,"Virginia","Powhatan","soybeans",0
51145,"Virginia","Powhatan","sunflower",0
51145,"Virginia","Powhatan","wheat",0
51147,"Virginia","Prince Edward","barley",0
51147,"Virginia","Prince Edward","corn",0
51147,"Virginia","Prince Edward","grain sorghum",0
51147,"Virginia","Prince Edward","oats",0
51147,"Virginia","Prince Edward","soybeans",0
51147,"Virginia","Prince Edward","wheat",0
51149,"Virginia","Prince George","corn",0
51149,"Virginia","Prince George","cotton",0
51149,"Virginia","Prince George","grain sorghum",0
51149,"Virginia","Prince George","mustard",0
51149,"Virginia","Prince George","peanuts",0
51149,"Virginia","Prince George","soybeans",0
51149,"Virginia","Prince George","sunflower",0
51149,"Virginia","Prince George","wheat",0
51153,"Virginia","Prince William","barley",0
51153,"Virginia","Prince William","corn",0
51153,"Virginia","Prince William","grain sorghum",0
51153,"Virginia","Prince William","soybeans",0
51153,"Virginia","Prince William","wheat",0
51155,"Virginia","Pulaski","barley",0
51155,"Virginia","Pulaski","corn",0
51155,"Virginia","Pulaski","oats",0
51155,"Virginia","Pulaski","soybeans",0
51155,"Virginia","Pulaski","sunflower",0
51155,"Virginia","Pulaski","wheat",0
51157,"Virginia","Rappahannock","corn",0
51157,"Virginia","Rappahannock","soybeans",0
51157,"Virginia","Rappahannock","wheat",0
51159,"Virginia","Richmond","barley",0
51159,"Virginia","Richmond","canola",0
51159,"Virginia","Richmond","corn",0
51159,"Virginia","Richmond","oats",0
51159,"Virginia","Richmond","rapeseed",0
51159,"Virginia","Richmond","soybeans",0
51159,"Virginia","Richmond","sunflower",0
51159,"Virginia","Richmond","wheat",0
51161,"Virginia","Roanoke, Roanoke City, Salem City","barley",37.5367905236571
51161,"Virginia","Roanoke, Roanoke City, Salem City","corn",113.33787614301
51163,"Virginia","Rockbridge, Buena Vista City, Lexington City","barley",97.8804603020314
51163,"Virginia","Rockbridge, Buena Vista City, Lexington City","corn",3872.46834800729
51163,"Virginia","Rockbridge, Buena Vista City, Lexington City","grain sorghum",38.8455519608796
51163,"Virginia","Rockbridge, Buena Vista City, Lexington City","oats",69.907906294058
51163,"Virginia","Rockbridge, Buena Vista City, Lexington City","soybeans",515.895695787979
51163,"Virginia","Rockbridge, Buena Vista City, Lexington City","wheat",502.569170981091
51165,"Virginia","Rockingham, Harrisonburg City","barley",2257.21186493137
51165,"Virginia","Rockingham, Harrisonburg City","canola",43.001690461319
51165,"Virginia","Rockingham, Harrisonburg City","corn",26318.5213535547
51165,"Virginia","Rockingham, Harrisonburg City","grain sorghum",73.7027767562369
51165,"Virginia","Rockingham, Harrisonburg City","oats",83.1173923695654
51165,"Virginia","Rockingham, Harrisonburg City","soybeans",10197.15648072
51165,"Virginia","Rockingham, Harrisonburg City","sunflower",34.6272524315162
51165,"Virginia","Rockingham, Harrisonburg City","wheat",3814.71442210865
51167,"Virginia","Russell","corn",70.7363094510512
51167,"Virginia","Russell","soybeans",1.52520609980731
51167,"Virginia","Russell","wheat",0.690151115808058
51169,"Virginia","Scott","barley",0
51169,"Virginia","Scott","corn",0
51169,"Virginia","Scott","oats",0
51169,"Virginia","Scott","wheat",0
51171,"Virginia","Shenandoah","barley",304.028469993846
51171,"Virginia","Shenandoah","corn",5038.6698032045
51171,"Virginia","Shenandoah","grain sorghum",21.2385119828441
51171,"Virginia","Shenandoah","oats",21.2210267636105
51171,"Virginia","Shenandoah","soybeans",2003.9996674558
51171,"Virginia","Shenandoah","wheat",460.467520599402
51173,"Virginia","Smyth","corn",0
51175,"Virginia","Southampton, Franklin City","corn",14413.4465077978
51175,"Virginia","Southampton, Franklin City","cotton",38414.5618703669
51175,"Virginia","Southampton, Franklin City","grain sorghum",12.3867404434154
51175,"Virginia","Southampton, Franklin City","oats",53.4989860381612
51175,"Virginia","Southampton, Franklin City","peanuts",11516.7981521658
51175,"Virginia","Southampton, Franklin City","soybeans",19572.1449504864
51175,"Virginia","Southampton, Franklin City","sunflower",32.5723398943726
51175,"Virginia","Southampton, Franklin City","wheat",2917.32011947384
51177,"Virginia","Spotsylvania, Fredericksburg City","barley",271.483150631177
51177,"Virginia","Spotsylvania, Fredericksburg City","corn",3018.85122781331
51177,"Virginia","Spotsylvania, Fredericksburg City","grain sorghum",58.2169486754372
51177,"Virginia","Spotsylvania, Fredericksburg City","oats",9.74828723574294
51177,"Virginia","Spotsylvania, Fredericksburg City","soybeans",4136.26885458945
51177,"Virginia","Spotsylvania, Fredericksburg City","wheat",1151.44354772155
51179,"Virginia","Stafford","barley",6.9298607215398
51179,"Virginia","Stafford","corn",208.442555606129
51179,"Virginia","Stafford","soybeans",241.225122147437
51179,"Virginia","Stafford","wheat",90.3324615248944
51800,"Virginia","Suffolk","corn",8791.13965207843
51800,"Virginia","Suffolk","cotton",14416.8617154056
51800,"Virginia","Suffolk","grain sorghum",22.1077208471687
51800,"Virginia","Suffolk","oats",23.9751870944999
51800,"Virginia","Suffolk","peanuts",3786.00311270003
51800,"Virginia","Suffolk","soybeans",16834.2980388263
51800,"Virginia","Suffolk","sunflower",46.7499687086161
51800,"Virginia","Suffolk","wheat",2772.90221767268
51181,"Virginia","Surry","barley",0
51181,"Virginia","Surry","chickpeas_small",0
51181,"Virginia","Surry","corn",0
51181,"Virginia","Surry","cotton",0
51181,"Virginia","Surry","grain sorghum",0
51181,"Virginia","Surry","oats",0
51181,"Virginia","Surry","peanuts",0
51181,"Virginia","Surry","soybeans",0
51181,"Virginia","Surry","sunflower",0
51181,"Virginia","Surry","wheat",0
51183,"Virginia","Sussex","corn",251.19746037881
51183,"Virginia","Sussex","cotton",236.648782669075
51183,"Virginia","Sussex","grain sorghum",8.5129583010726
51183,"Virginia","Sussex","oats",2.1968202271083
51183,"Virginia","Sussex","peanuts",63.061604444358
51183,"Virginia","Sussex","soybeans",622.44483861526
51183,"Virginia","Sussex","sunflower",1.64021281425959
51183,"Virginia","Sussex","wheat",98.2303225500452
51185,"Virginia","Tazewell","corn",0
51185,"Virginia","Tazewell","oats",0
51810,"Virginia","Virginia Beach","corn",4520.69482558018
51810,"Virginia","Virginia Beach","cotton",4.04688547425447
51810,"Virginia","Virginia Beach","dry peas",1.01172136856362
51810,"Virginia","Virginia Beach","oats",98.6403041315313
51810,"Virginia","Virginia Beach","peanuts",0.445157402167992
51810,"Virginia","Virginia Beach","soybeans",10922.3314335254
51810,"Virginia","Virginia Beach","sunflower",6.89235182333964
51810,"Virginia","Virginia Beach","wheat",1331.29582069454
51187,"Virginia","Warren","corn",0
51187,"Virginia","Warren","soybeans",0
51187,"Virginia","Warren","wheat",0
51191,"Virginia","Washington, Bristol City","barley",52.8128885285407
51191,"Virginia","Washington, Bristol City","corn",3260.51229556246
51191,"Virginia","Washington, Bristol City","oats",2.34099683193886
51191,"Virginia","Washington, Bristol City","soybeans",5.26724287186244
51191,"Virginia","Washington, Bristol City","wheat",5.26724287186244
51193,"Virginia","Westmoreland","barley",0
51193,"Virginia","Westmoreland","corn",0
51193,"Virginia","Westmoreland","grain sorghum",0
51193,"Virginia","Westmoreland","oats",0
51193,"Virginia","Westmoreland","rapeseed",0
51193,"Virginia","Westmoreland","soybeans",0
51193,"Virginia","Westmoreland","sunflower",0
51193,"Virginia","Westmoreland","wheat",0
51197,"Virginia","Wythe","barley",4.99482097771237
51197,"Virginia","Wythe","corn",565.070545664568
51197,"Virginia","Wythe","grain sorghum",1.53779280429788
51197,"Virginia","Wythe","oats",22.9308187139813
51197,"Virginia","Wythe","soybeans",3.35793325686178
51197,"Virginia","Wythe","wheat",66.8932219159109
51199,"Virginia","York, Poquoson City","corn",54.3832580177489
51199,"Virginia","York, Poquoson City","soybeans",36.8211419822511
53001,"Washington","Adams","barley",0
53001,"Washington","Adams","canola",0
53001,"Washington","Adams","corn",0
53001,"Washington","Adams","dry peas",0
53001,"Washington","Adams","grain sorghum",0
53001,"Washington","Adams","oats",0
53001,"Washington","Adams","soybeans",0
53001,"Washington","Adams","sunflower",0
53001,"Washington","Adams","wheat",0
53003,"Washington","Asotin","barley",0
53003,"Washington","Asotin","canola",0
53003,"Washington","Asotin","corn",0
53003,"Washington","Asotin","dry peas",0
53003,"Washington","Asotin","mustard",0
53003,"Washington","Asotin","oats",0
53003,"Washington","Asotin","wheat",0
53005,"Washington","Benton","barley",0
53005,"Washington","Benton","corn",0
53005,"Washington","Benton","dry peas",0
53005,"Washington","Benton","wheat",0
53007,"Washington","Chelan","wheat",0
53009,"Washington","Clallam","barley",0
53009,"Washington","Clallam","corn",0
53011,"Washington","Clark","barley",0
53011,"Washington","Clark","corn",0
53011,"Washington","Clark","oats",0
53011,"Washington","Clark","wheat",0
53013,"Washington","Columbia","barley",0
53013,"Washington","Columbia","canola",0
53013,"Washington","Columbia","corn",0
53013,"Washington","Columbia","dry peas",0
53013,"Washington","Columbia","lentils",0
53013,"Washington","Columbia","mustard",0
53013,"Washington","Columbia","oats",0
53013,"Washington","Columbia","wheat",0
53015,"Washington","Cowlitz","corn",3.02049529446181
53015,"Washington","Cowlitz","oats",14.5923048931889
53015,"Washington","Cowlitz","wheat",112.985533145683
53017,"Washington","Douglas","barley",0
53017,"Washington","Douglas","canola",0
53017,"Washington","Douglas","corn",0
53017,"Washington","Douglas","dry peas",0
53017,"Washington","Douglas","grain sorghum",0
53017,"Washington","Douglas","oats",0
53017,"Washington","Douglas","sunflower",0
53017,"Washington","Douglas","wheat",0
53019,"Washington","Ferry","barley",0
53019,"Washington","Ferry","oats",0
53019,"Washington","Ferry","wheat",0
53021,"Washington","Franklin","barley",0
53021,"Washington","Franklin","canola",0
53021,"Washington","Franklin","corn",0
53021,"Washington","Franklin","dry peas",0
53021,"Washington","Franklin","flaxseed",0
53021,"Washington","Franklin","grain sorghum",0
53021,"Washington","Franklin","mustard",0
53021,"Washington","Franklin","oats",0
53021,"Washington","Franklin","soybeans",0
53021,"Washington","Franklin","sunflower",0
53021,"Washington","Franklin","wheat",0
53023,"Washington","Garfield","barley",0
53023,"Washington","Garfield","canola",0
53023,"Washington","Garfield","corn",0
53023,"Washington","Garfield","dry peas",0
53023,"Washington","Garfield","oats",0
53023,"Washington","Garfield","wheat",0
53025,"Washington","Grant","barley",0
53025,"Washington","Grant","canola",0
53025,"Washington","Grant","corn",0
53025,"Washington","Grant","dry peas",0
53025,"Washington","Grant","mustard",0
53025,"Washington","Grant","oats",0
53025,"Washington","Grant","soybeans",0
53025,"Washington","Grant","sunflower",0
53025,"Washington","Grant","wheat",0
53027,"Washington","Grays Harbor","barley",0
53027,"Washington","Grays Harbor","dry peas",0
53027,"Washington","Grays Harbor","wheat",0
53029,"Washington","Island","barley",0
53029,"Washington","Island","corn",0
53029,"Washington","Island","oats",0
53029,"Washington","Island","wheat",0
53037,"Washington","Kittitas","barley",0
53037,"Washington","Kittitas","canola",0
53037,"Washington","Kittitas","corn",0
53037,"Washington","Kittitas","dry peas",0
53037,"Washington","Kittitas","oats",0
53037,"Washington","Kittitas","sunflower",0
53037,"Washington","Kittitas","wheat",0
53039,"Washington","Klickitat","barley",0
53039,"Washington","Klickitat","canola",0
53039,"Washington","Klickitat","corn",0
53039,"Washington","Klickitat","oats",0
53039,"Washington","Klickitat","soybeans",0
53039,"Washington","Klickitat","sunflower",0
53039,"Washington","Klickitat","wheat",0
53041,"Washington","Lewis","corn",0
53041,"Washington","Lewis","oats",0
53041,"Washington","Lewis","wheat",0
53043,"Washington","Lincoln","barley",0
53043,"Washington","Lincoln","canola",0
53043,"Washington","Lincoln","chickpeas_small",0
53043,"Washington","Lincoln","corn",0
53043,"Washington","Lincoln","dry peas",0
53043,"Washington","Lincoln","flaxseed",0
53043,"Washington","Lincoln","mustard",0
53043,"Washington","Lincoln","oats",0
53043,"Washington","Lincoln","safflower",0
53043,"Washington","Lincoln","sunflower",0
53043,"Washington","Lincoln","wheat",0
53047,"Washington","Okanogan","barley",0
53047,"Washington","Okanogan","canola",0
53047,"Washington","Okanogan","corn",0
53047,"Washington","Okanogan","grain sorghum",0
53047,"Washington","Okanogan","oats",0
53047,"Washington","Okanogan","sunflower",0
53047,"Washington","Okanogan","wheat",0
53051,"Washington","Pend Oreille","barley",2.41675564846184
53051,"Washington","Pend Oreille","canola",1.78921798537527
53051,"Washington","Pend Oreille","dry peas",1.78410045091585
53051,"Washington","Pend Oreille","oats",4.52773861297324
53051,"Washington","Pend Oreille","sunflower",6.20181207301153
53051,"Washington","Pend Oreille","wheat",9.90370856259561
53053,"Washington","Pierce","corn",10.1274527134524
53053,"Washington","Pierce","oats",1.17254728654764
53055,"Washington","San Juan","barley",16.2733333333333
53057,"Washington","Skagit","barley",70.5403631782378
53057,"Washington","Skagit","corn",204.676867035367
53057,"Washington","Skagit","oats",1.42035611481665
53057,"Washington","Skagit","wheat",32.851213671578
53061,"Washington","Snohomish, North King","barley",333.318476446459
53061,"Washington","Snohomish, North King","canola",59.2116006071707
53061,"Washington","Snohomish, North King","corn",2939.58535246291
53061,"Washington","Snohomish, North King","oats",43.0377555829193
53061,"Washington","Snohomish, North King","wheat",208.498148233871
53033,"Washington","South King","corn",6.16721872900068
53033,"Washington","South King","grain sorghum",0.385571661706826
53033,"Washington","South King","oats",1.28742377843909
53033,"Washington","South King","wheat",0.192785830853413
53063,"Washington","Spokane","barley",0
53063,"Washington","Spokane","canola",0
53063,"Washington","Spokane","chickpeas_small",0
53063,"Washington","Spokane","corn",0
53063,"Washington","Spokane","dry peas",0
53063,"Washington","Spokane","flaxseed",0
53063,"Washington","Spokane","lentils",0
53063,"Washington","Spokane","mustard",0
53063,"Washington","Spokane","oats",0
53063,"Washington","Spokane","soybeans",0
53063,"Washington","Spokane","sunflower",0
53063,"Washington","Spokane","wheat",0
53065,"Washington","Stevens","barley",0
53065,"Washington","Stevens","canola",0
53065,"Washington","Stevens","corn",0
53065,"Washington","Stevens","dry peas",0
53065,"Washington","Stevens","oats",0
53065,"Washington","Stevens","sunflower",0
53065,"Washington","Stevens","wheat",0
53071,"Washington","Walla Walla","barley",0
53071,"Washington","Walla Walla","canola",0
53071,"Washington","Walla Walla","chickpeas_large",0
53071,"Washington","Walla Walla","chickpeas_small",0
53071,"Washington","Walla Walla","corn",0
53071,"Washington","Walla Walla","cotton",0
53071,"Washington","Walla Walla","dry peas",0
53071,"Washington","Walla Walla","flaxseed",0
53071,"Washington","Walla Walla","grain sorghum",0
53071,"Washington","Walla Walla","oats",0
53071,"Washington","Walla Walla","safflower",0
53071,"Washington","Walla Walla","soybeans",0
53071,"Washington","Walla Walla","sunflower",0
53071,"Washington","Walla Walla","wheat",0
53073,"Washington","Whatcom","barley",0
53073,"Washington","Whatcom","corn",0
53073,"Washington","Whatcom","oats",0
53073,"Washington","Whatcom","wheat",0
53075,"Washington","Whitman","barley",0
53075,"Washington","Whitman","canola",0
53075,"Washington","Whitman","corn",0
53075,"Washington","Whitman","dry peas",0
53075,"Washington","Whitman","lentils",0
53075,"Washington","Whitman","mustard",0
53075,"Washington","Whitman","oats",0
53075,"Washington","Whitman","soybeans",0
53075,"Washington","Whitman","sunflower",0
53075,"Washington","Whitman","wheat",0
53077,"Washington","Yakima","barley",0
53077,"Washington","Yakima","corn",0
53077,"Washington","Yakima","grain sorghum",0
53077,"Washington","Yakima","oats",0
53077,"Washington","Yakima","wheat",0
54001,"West Virginia","Barbour","corn",0
54001,"West Virginia","Barbour","soybeans",0
54003,"West Virginia","Berkeley","barley",0
54003,"West Virginia","Berkeley","corn",0
54003,"West Virginia","Berkeley","grain sorghum",0
54003,"West Virginia","Berkeley","oats",0
54003,"West Virginia","Berkeley","soybeans",0
54003,"West Virginia","Berkeley","sunflower",0
54003,"West Virginia","Berkeley","wheat",0
54005,"West Virginia","Boone","corn",42.7728955794257
54005,"West Virginia","Boone","sunflower",1.93960442057426
54007,"West Virginia","Braxton","barley",0
54007,"West Virginia","Braxton","corn",0
54007,"West Virginia","Braxton","soybeans",0
54009,"West Virginia","Brooke","corn",0
54009,"West Virginia","Brooke","oats",0
54009,"West Virginia","Brooke","soybeans",0
54011,"West Virginia","Cabell","corn",0
54011,"West Virginia","Cabell","grain sorghum",0
54019,"West Virginia","Fayette","corn",0
54019,"West Virginia","Fayette","sunflower",0
54021,"West Virginia","Gilmer","corn",0
54023,"West Virginia","Grant","barley",0
54023,"West Virginia","Grant","corn",0
54025,"West Virginia","Greenbrier","barley",0
54025,"West Virginia","Greenbrier","corn",0
54025,"West Virginia","Greenbrier","oats",0
54025,"West Virginia","Greenbrier","rapeseed",0
54025,"West Virginia","Greenbrier","soybeans",0
54025,"West Virginia","Greenbrier","sunflower",0
54025,"West Virginia","Greenbrier","wheat",0
54027,"West Virginia","Hampshire","barley",0
54027,"West Virginia","Hampshire","corn",0
54027,"West Virginia","Hampshire","oats",0
54027,"West Virginia","Hampshire","soybeans",0
54027,"West Virginia","Hampshire","sunflower",0
54027,"West Virginia","Hampshire","wheat",0
54029,"West Virginia","Hancock","soybeans",0
54031,"West Virginia","Hardy","barley",0
54031,"West Virginia","Hardy","corn",0
54031,"West Virginia","Hardy","grain sorghum",0
54031,"West Virginia","Hardy","soybeans",0
54031,"West Virginia","Hardy","wheat",0
54033,"West Virginia","Harrison","corn",0
54035,"West Virginia","Jackson","corn",0
54035,"West Virginia","Jackson","oats",0
54035,"West Virginia","Jackson","soybeans",0
54035,"West Virginia","Jackson","wheat",0
54037,"West Virginia","Jefferson","barley",0
54037,"West Virginia","Jefferson","corn",0
54037,"West Virginia","Jefferson","oats",0
54037,"West Virginia","Jefferson","soybeans",0
54037,"West Virginia","Jefferson","sunflower",0
54037,"West Virginia","Jefferson","wheat",0
54039,"West Virginia","Kanawha","corn",0
54041,"West Virginia","Lewis","corn",0
54043,"West Virginia","Lincoln","corn",0
54049,"West Virginia","Marion","corn",0
54049,"West Virginia","Marion","oats",0
54049,"West Virginia","Marion","soybeans",0
54049,"West Virginia","Marion","wheat",0
54053,"West Virginia","Mason","barley",0
54053,"West Virginia","Mason","corn",0
54053,"West Virginia","Mason","grain sorghum",0
54053,"West Virginia","Mason","oats",0
54053,"West Virginia","Mason","soybeans",0
54053,"West Virginia","Mason","sunflower",0
54053,"West Virginia","Mason","wheat",0
54055,"West Virginia","Mercer, McDowell","corn",81.3623333333333
54057,"West Virginia","Mineral","barley",0
54057,"West Virginia","Mineral","corn",0
54057,"West Virginia","Mineral","oats",0
54057,"West Virginia","Mineral","soybeans",0
54057,"West Virginia","Mineral","wheat",0
54061,"West Virginia","Monongalia","corn",0
54063,"West Virginia","Monroe","barley",0
54063,"West Virginia","Monroe","corn",0
54063,"West Virginia","Monroe","grain sorghum",0
54063,"West Virginia","Monroe","oats",0
54063,"West Virginia","Monroe","soybeans",0
54063,"West Virginia","Monroe","sunflower",0
54063,"West Virginia","Monroe","wheat",0
54065,"West Virginia","Morgan","barley",0
54065,"West Virginia","Morgan","corn",0
54065,"West Virginia","Morgan","oats",0
54065,"West Virginia","Morgan","soybeans",0
54065,"West Virginia","Morgan","wheat",0
54067,"West Virginia","Nicholas","corn",0
54069,"West Virginia","Ohio","corn",0
54069,"West Virginia","Ohio","oats",0
54069,"West Virginia","Ohio","soybeans",0
54069,"West Virginia","Ohio","wheat",0
54071,"West Virginia","Pendleton","barley",0
54071,"West Virginia","Pendleton","corn",0
54071,"West Virginia","Pendleton","grain sorghum",0
54071,"West Virginia","Pendleton","oats",0
54071,"West Virginia","Pendleton","soybeans",0
54071,"West Virginia","Pendleton","wheat",0
54073,"West Virginia","Pleasants","corn",43.0658607121677
54073,"West Virginia","Pleasants","soybeans",40.2661392878323
54075,"West Virginia","Pocahontas","barley",0
54075,"West Virginia","Pocahontas","corn",0
54075,"West Virginia","Pocahontas","oats",0
54075,"West Virginia","Pocahontas","soybeans",0
54075,"West Virginia","Pocahontas","wheat",0
54077,"West Virginia","Preston","barley",12.7045664798883
54077,"West Virginia","Preston","corn",533.216806431031
54077,"West Virginia","Preston","oats",43.354724841975
54077,"West Virginia","Preston","soybeans",257.333326518647
54077,"West Virginia","Preston","sunflower",0.517082750168123
54077,"West Virginia","Preston","wheat",36.5498263116239
54079,"West Virginia","Putnam","corn",0
54079,"West Virginia","Putnam","soybeans",0
54079,"West Virginia","Putnam","sunflower",0
54081,"West Virginia","Raleigh","corn",0
54081,"West Virginia","Raleigh","grain sorghum",0
54083,"West Virginia","Randolph","corn",0
54083,"West Virginia","Randolph","oats",0
54083,"West Virginia","Randolph","soybeans",0
54085,"West Virginia","Ritchie","corn",0
54087,"West Virginia","Roane","corn",0
54089,"West Virginia","Summers","corn",0
54089,"West Virginia","Summers","oats",0
54091,"West Virginia","Taylor","corn",0
54093,"West Virginia","Tucker","corn",0
54093,"West Virginia","Tucker","oats",0
54095,"West Virginia","Tyler","corn",0
54097,"West Virginia","Upshur","corn",0
54099,"West Virginia","Wayne","corn",0
54099,"West Virginia","Wayne","soybeans",0
54101,"West Virginia","Webster","corn",0
54105,"West Virginia","Wirt","corn",10.9766435351294
54105,"West Virginia","Wirt","soybeans",3.57351805379845
54105,"West Virginia","Wirt","wheat",10.0471717444055
54107,"West Virginia","Wood","corn",0
54107,"West Virginia","Wood","oats",0
54107,"West Virginia","Wood","soybeans",0
54107,"West Virginia","Wood","wheat",0
54109,"West Virginia","Wyoming","corn",0
55001,"Wisconsin","Adams","barley",9.3143664735674
55001,"Wisconsin","Adams","corn",9734.0613516616
55001,"Wisconsin","Adams","oats",174.547248207567
55001,"Wisconsin","Adams","soybeans",3883.37076068422
55001,"Wisconsin","Adams","sunflower",16.7829316783364
55001,"Wisconsin","Adams","wheat",144.240892628048
55003,"Wisconsin","Ashland","barley",9.50121305644952
55003,"Wisconsin","Ashland","corn",1406.15422390688
55003,"Wisconsin","Ashland","oats",111.250874193671
55003,"Wisconsin","Ashland","safflower",1.51428878457952
55003,"Wisconsin","Ashland","soybeans",347.732165449687
55003,"Wisconsin","Ashland","sunflower",7.90467181699729
55003,"Wisconsin","Ashland","wheat",6.82906279173886
55005,"Wisconsin","Barron","barley",171.837651964412
55005,"Wisconsin","Barron","canola",79.7580695724811
55005,"Wisconsin","Barron","corn",30188.1995743059
55005,"Wisconsin","Barron","grain sorghum",0.869618131364432
55005,"Wisconsin","Barron","oats",706.021885925578
55005,"Wisconsin","Barron","soybeans",17580.947305364
55005,"Wisconsin","Barron","sunflower",20.6585329711862
55005,"Wisconsin","Barron","wheat",1278.55494843176
55007,"Wisconsin","Bayfield","barley",0
55007,"Wisconsin","Bayfield","corn",0
55007,"Wisconsin","Bayfield","oats",0
55007,"Wisconsin","Bayfield","soybeans",0
55007,"Wisconsin","Bayfield","sunflower",0
55007,"Wisconsin","Bayfield","wheat",0
55009,"Wisconsin","Brown","barley",13.145921806873
55009,"Wisconsin","Brown","corn",4648.15496967863
55009,"Wisconsin","Brown","grain sorghum",0.981965245440899
55009,"Wisconsin","Brown","oats",301.123504175529
55009,"Wisconsin","Brown","soybeans",1415.77832048777
55009,"Wisconsin","Brown","sunflower",1.28993271637763
55009,"Wisconsin","Brown","wheat",528.809385889384
55011,"Wisconsin","Buffalo","barley",98.7432726599677
55011,"Wisconsin","Buffalo","corn",8306.68977501562
55011,"Wisconsin","Buffalo","dry peas",5.07570317249172
55011,"Wisconsin","Buffalo","grain sorghum",3.33280283669765
55011,"Wisconsin","Buffalo","oats",417.448727581674
55011,"Wisconsin","Buffalo","soybeans",3663.64484487204
55011,"Wisconsin","Buffalo","sunflower",7.04096036165995
55011,"Wisconsin","Buffalo","wheat",57.1092468331785
55013,"Wisconsin","Burnett","barley",0.0419823631238856
55013,"Wisconsin","Burnett","corn",18.6337382516365
55013,"Wisconsin","Burnett","dry peas",0.0143101365569273
55013,"Wisconsin","Burnett","oats",0.89802117152073
55013,"Wisconsin","Burnett","soybeans",11.5078855479675
55013,"Wisconsin","Burnett","sunflower",0.396488091555474
55013,"Wisconsin","Burnett","wheat",0.221074437640659
55015,"Wisconsin","Calumet","barley",44.115864003704
55015,"Wisconsin","Calumet","corn",7410.33681150965
55015,"Wisconsin","Calumet","grain sorghum",33.3215667933831
55015,"Wisconsin","Calumet","oats",272.199602308117
55015,"Wisconsin","Calumet","soybeans",4042.55874894236
55015,"Wisconsin","Calumet","sunflower",0.338533477621398
55015,"Wisconsin","Calumet","wheat",1389.16978963184
55017,"Wisconsin","Chippewa","barley",220.552518553081
55017,"Wisconsin","Chippewa","corn",20340.6529187337
55017,"Wisconsin","Chippewa","grain sorghum",26.9057337340274
55017,"Wisconsin","Chippewa","oats",761.204487218786
55017,"Wisconsin","Chippewa","rice_short/medium grain",0.0458920324087228
55017,"Wisconsin","Chippewa","soybeans",12582.1158237202
55017,"Wisconsin","Chippewa","sunflower",5.46115185663801
55017,"Wisconsin","Chippewa","wheat",300.26330748444
55019,"Wisconsin","Clark","barley",1.93761554645636
55019,"Wisconsin","Clark","corn",517.17974896281
55019,"Wisconsin","Clark","grain sorghum",0.198690417425048
55019,"Wisconsin","Clark","oats",31.8449495714788
55019,"Wisconsin","Clark","soybeans",282.791910211416
55019,"Wisconsin","Clark","sunflower",0.0301596136077375
55019,"Wisconsin","Clark","wheat",13.9449256768209
55021,"Wisconsin","Columbia","barley",2.47496571291721
55021,"Wisconsin","Columbia","corn",5549.17986595638
55021,"Wisconsin","Columbia","oats",54.928019480432
55021,"Wisconsin","Columbia","soybeans",2202.38637255329
55021,"Wisconsin","Columbia","sunflower",0.260832070086272
55021,"Wisconsin","Columbia","wheat",267.177177560234
55023,"Wisconsin","Crawford","barley",16.3478310423741
55023,"Wisconsin","Crawford","corn",8126.72653463107
55023,"Wisconsin","Crawford","dry peas",6.84995849038428
55023,"Wisconsin","Crawford","oats",698.519223070201
55023,"Wisconsin","Crawford","soybeans",4697.382972808
55023,"Wisconsin","Crawford","wheat",217.102713291308
55025,"Wisconsin","Dane","barley",4.00738614863449
55025,"Wisconsin","Dane","canola",0.275248729396699
55025,"Wisconsin","Dane","corn",3100.91711571353
55025,"Wisconsin","Dane","oats",42.3403415666312
55025,"Wisconsin","Dane","soybeans",1385.39395664127
55025,"Wisconsin","Dane","sunflower",1.56211173938143
55025,"Wisconsin","Dane","wheat",170.810099461192
55027,"Wisconsin","Dodge","barley",44.4230688099228
55027,"Wisconsin","Dodge","corn",17600.2050037652
55027,"Wisconsin","Dodge","grain sorghum",6.71705416011413
55027,"Wisconsin","Dodge","oats",393.072317847043
55027,"Wisconsin","Dodge","soybeans",9315.79438058915
55027,"Wisconsin","Dodge","sunflower",1.453136210765
55027,"Wisconsin","Dodge","wheat",1468.22272528448
55029,"Wisconsin","Door","barley",89.3679501904549
55029,"Wisconsin","Door","corn",7429.05592457439
55029,"Wisconsin","Door","dry peas",14.7228593151334
55029,"Wisconsin","Door","oats",938.925728435951
55029,"Wisconsin","Door","soybeans",3687.52112574989
55029,"Wisconsin","Door","wheat",2176.88172506751
55031,"Wisconsin","Douglas","corn",0
55031,"Wisconsin","Douglas","oats",0
55031,"Wisconsin","Douglas","soybeans",0
55031,"Wisconsin","Douglas","wheat",0
55033,"Wisconsin","Dunn","barley",208.123945916681
55033,"Wisconsin","Dunn","corn",35568.4422027718
55033,"Wisconsin","Dunn","dry peas",0.666509236681173
55033,"Wisconsin","Dunn","oats",1424.07184260862
55033,"Wisconsin","Dunn","soybeans",21825.0131166293
55033,"Wisconsin","Dunn","sunflower",131.410758940816
55033,"Wisconsin","Dunn","wheat",196.587483896043
55035,"Wisconsin","Eau Claire","barley",36.9140179771604
55035,"Wisconsin","Eau Claire","canola",10.4618895586947
55035,"Wisconsin","Eau Claire","corn",9353.12120739843
55035,"Wisconsin","Eau Claire","grain sorghum",3.57096351267543
55035,"Wisconsin","Eau Claire","oats",431.371548630421
55035,"Wisconsin","Eau Claire","soybeans",5837.1302839997
55035,"Wisconsin","Eau Claire","sunflower",124.102477488474
55035,"Wisconsin","Eau Claire","wheat",106.239644767774
55037,"Wisconsin","Florence","barley",0
55037,"Wisconsin","Florence","corn",0
55037,"Wisconsin","Florence","oats",0
55037,"Wisconsin","Florence","rapeseed",0
55037,"Wisconsin","Florence","soybeans",0
55037,"Wisconsin","Florence","wheat",0
55039,"Wisconsin","Fond du Lac","barley",41.4683617595108
55039,"Wisconsin","Fond du Lac","corn",18303.5489914391
55039,"Wisconsin","Fond du Lac","grain sorghum",32.180900264012
55039,"Wisconsin","Fond du Lac","oats",409.33828891447
55039,"Wisconsin","Fond du Lac","soybeans",8382.60043924539
55039,"Wisconsin","Fond du Lac","sunflower",6.66847646011225
55039,"Wisconsin","Fond du Lac","wheat",2061.23351358401
55041,"Wisconsin","Forest","barley",107.828415272063
55041,"Wisconsin","Forest","corn",273.927928810503
55041,"Wisconsin","Forest","oats",113.536631965046
55041,"Wisconsin","Forest","soybeans",133.209953677696
55041,"Wisconsin","Forest","wheat",53.7936036080254
55043,"Wisconsin","Grant","barley",88.5609776300061
55043,"Wisconsin","Grant","corn",19519.3578435762
55043,"Wisconsin","Grant","grain sorghum",0.116319048616283
55043,"Wisconsin","Grant","oats",1432.62950173811
55043,"Wisconsin","Grant","soybeans",9444.56830548791
55043,"Wisconsin","Grant","sunflower",0.836474564994458
55043,"Wisconsin","Grant","wheat",348.546577954173
55045,"Wisconsin","Green","barley",50.8120274361926
55045,"Wisconsin","Green","corn",20180.8491286423
55045,"Wisconsin","Green","oats",741.98363686731
55045,"Wisconsin","Green","soybeans",11052.6017319782
55045,"Wisconsin","Green","sunflower",1.86704642251713
55045,"Wisconsin","Green","wheat",869.228595320075
55047,"Wisconsin","Green Lake","barley",22.3132180638181
55047,"Wisconsin","Green Lake","corn",8430.46334390202
55047,"Wisconsin","Green Lake","oats",169.453028320826
55047,"Wisconsin","Green Lake","soybeans",3050.73547109379
55047,"Wisconsin","Green Lake","sunflower",1.38217391976266
55047,"Wisconsin","Green Lake","wheat",520.388331366432
55049,"Wisconsin","Iowa","barley",36.8899701826279
55049,"Wisconsin","Iowa","corn",11686.8231951621
55049,"Wisconsin","Iowa","dry peas",18.3529002302092
55049,"Wisconsin","Iowa","grain sorghum",4.18479502285805
55049,"Wisconsin","Iowa","oats",761.926382285145
55049,"Wisconsin","Iowa","soybeans",6935.13752583869
55049,"Wisconsin","Iowa","sunflower",0.760817638836148
55049,"Wisconsin","Iowa","wheat",257.168580306247
55051,"Wisconsin","Iron","barley",1.07781575753064
55051,"Wisconsin","Iron","corn",473.579310069873
55051,"Wisconsin","Iron","oats",43.8703347787697
55051,"Wisconsin","Iron","soybeans",1.61672363629596
55051,"Wisconsin","Iron","sunflower",1.07781575753064
55053,"Wisconsin","Jackson","barley",23.3154943496186
55053,"Wisconsin","Jackson","corn",10406.0785769965
55053,"Wisconsin","Jackson","dry peas",13.5464968787366
55053,"Wisconsin","Jackson","grain sorghum",10.6686977054796
55053,"Wisconsin","Jackson","oats",588.172044494991
55053,"Wisconsin","Jackson","rapeseed",0.101986719545316
55053,"Wisconsin","Jackson","soybeans",6451.41582151719
55053,"Wisconsin","Jackson","sunflower",8.808548625077
55053,"Wisconsin","Jackson","wheat",77.9635260461572
55055,"Wisconsin","Jefferson","barley",0.234175535922092
55055,"Wisconsin","Jefferson","corn",499.741884832523
55055,"Wisconsin","Jefferson","oats",5.67583598126828
55055,"Wisconsin","Jefferson","soybeans",302.222927394715
55055,"Wisconsin","Jefferson","sunflower",0.0055108770612353
55055,"Wisconsin","Jefferson","wheat",31.4432520451752
55057,"Wisconsin","Juneau","barley",17.9258523511771
55057,"Wisconsin","Juneau","corn",7386.98078256587
55057,"Wisconsin","Juneau","dry peas",46.9126861733303
55057,"Wisconsin","Juneau","grain sorghum",0.385374418384052
55057,"Wisconsin","Juneau","oats",281.026570141356
55057,"Wisconsin","Juneau","soybeans",5174.49803237861
55057,"Wisconsin","Juneau","wheat",234.785035304594
55059,"Wisconsin","Kenosha","barley",0
55059,"Wisconsin","Kenosha","corn",0
55059,"Wisconsin","Kenosha","grain sorghum",0
55059,"Wisconsin","Kenosha","oats",0
55059,"Wisconsin","Kenosha","soybeans",0
55059,"Wisconsin","Kenosha","sunflower",0
55059,"Wisconsin","Kenosha","wheat",0
55061,"Wisconsin","Kewaunee","barley",50.0634519345662
55061,"Wisconsin","Kewaunee","corn",11338.7088107337
55061,"Wisconsin","Kewaunee","dry peas",0.020636552925261
55061,"Wisconsin","Kewaunee","oats",1123.33342378212
55061,"Wisconsin","Kewaunee","safflower",1.51988212294547
55061,"Wisconsin","Kewaunee","soybeans",2626.73791958647
55061,"Wisconsin","Kewaunee","sunflower",23.1628797343714
55061,"Wisconsin","Kewaunee","wheat",2003.32969555286
55063,"Wisconsin","La Crosse","barley",5.48687075885777
55063,"Wisconsin","La Crosse","corn",4653.9201695001
55063,"Wisconsin","La Crosse","grain sorghum",4.10222342511003
55063,"Wisconsin","La Crosse","oats",254.426009020685
55063,"Wisconsin","La Crosse","soybeans",2628.79998000748
55063,"Wisconsin","La Crosse","wheat",18.9037272877742
55065,"Wisconsin","Lafayette","barley",26.2420114469674
55065,"Wisconsin","Lafayette","corn",11400.735455274
55065,"Wisconsin","Lafayette","oats",470.888022971492
55065,"Wisconsin","Lafayette","soybeans",5135.25839162091
55065,"Wisconsin","Lafayette","sunflower",5.30350596604133
55065,"Wisconsin","Lafayette","wheat",200.241946053884
55067,"Wisconsin","Langlade","barley",227.499888708248
55067,"Wisconsin","Langlade","corn",6012.20011998723
55067,"Wisconsin","Langlade","grain sorghum",30.0040179774645
55067,"Wisconsin","Langlade","oats",3615.89095633814
55067,"Wisconsin","Langlade","soybeans",1876.59755264769
55067,"Wisconsin","Langlade","sunflower",25.5103185060547
55067,"Wisconsin","Langlade","wheat",668.971745835179
55069,"Wisconsin","Lincoln","barley",84.0921254398793
55069,"Wisconsin","Lincoln","corn",4187.62846775982
55069,"Wisconsin","Lincoln","grain sorghum",3.86248021545635
55069,"Wisconsin","Lincoln","oats",611.062693961373
55069,"Wisconsin","Lincoln","soybeans",2485.88358693689
55069,"Wisconsin","Lincoln","wheat",143.795171686581
55071,"Wisconsin","Manitowoc","barley",70.0755044140484
55071,"Wisconsin","Manitowoc","corn",10256.0900883496
55071,"Wisconsin","Manitowoc","dry peas",7.31816140312881
55071,"Wisconsin","Manitowoc","grain sorghum",4.71237222289025
55071,"Wisconsin","Manitowoc","oats",878.478279193332
55071,"Wisconsin","Manitowoc","soybeans",3773.86830570005
55071,"Wisconsin","Manitowoc","wheat",1803.18995538357
55073,"Wisconsin","Marathon","barley",224.118201521981
55073,"Wisconsin","Marathon","canola",23.6940188060244
55073,"Wisconsin","Marathon","corn",37181.7772628019
55073,"Wisconsin","Marathon","dry peas",3.93332974303786
55073,"Wisconsin","Marathon","grain sorghum",1.57310140616662
55073,"Wisconsin","Marathon","oats",2701.57002158741
55073,"Wisconsin","Marathon","soybeans",17951.7720345854
55073,"Wisconsin","Marathon","sunflower",48.9161932637535
55073,"Wisconsin","Marathon","wheat",1006.35134628437
55075,"Wisconsin","Marinette","barley",26.0206079527963
55075,"Wisconsin","Marinette","canola",4.49231533861783
55075,"Wisconsin","Marinette","corn",7787.94103472258
55075,"Wisconsin","Marinette","oats",316.862294102286
55075,"Wisconsin","Marinette","soybeans",1805.58603995027
55075,"Wisconsin","Marinette","sunflower",11.6609897928971
55075,"Wisconsin","Marinette","wheat",336.525638140559
55077,"Wisconsin","Marquette","barley",9.65022556674762
55077,"Wisconsin","Marquette","corn",4092.90595461384
55077,"Wisconsin","Marquette","oats",100.101951248553
55077,"Wisconsin","Marquette","soybeans",1797.68156748165
55077,"Wisconsin","Marquette","sunflower",2.16179634795302
55077,"Wisconsin","Marquette","wheat",76.4849380745839
55078,"Wisconsin","Menominee","corn",59.2790057009514
55078,"Wisconsin","Menominee","oats",6.48925269789984
55078,"Wisconsin","Menominee","soybeans",11.1828416011488
55079,"Wisconsin","Milwaukee","corn",0
55079,"Wisconsin","Milwaukee","oats",0
55079,"Wisconsin","Milwaukee","soybeans",0
55079,"Wisconsin","Milwaukee","wheat",0
55081,"Wisconsin","Monroe","barley",31.9137761817207
55081,"Wisconsin","Monroe","corn",11397.7927799943
55081,"Wisconsin","Monroe","grain sorghum",8.27811086899159
55081,"Wisconsin","Monroe","oats",723.007675630284
55081,"Wisconsin","Monroe","soybeans",5259.37293703391
55081,"Wisconsin","Monroe","sunflower",4.10597853634321
55081,"Wisconsin","Monroe","wheat",77.652708421125
55083,"Wisconsin","Oconto","barley",17.775321676588
55083,"Wisconsin","Oconto","corn",9469.46343818486
55083,"Wisconsin","Oconto","oats",285.617330890244
55083,"Wisconsin","Oconto","soybeans",3922.46370431902
55083,"Wisconsin","Oconto","sunflower",11.554942666722
55083,"Wisconsin","Oconto","wheat",582.484695595888
55085,"Wisconsin","Oneida","barley",39.3884768536016
55085,"Wisconsin","Oneida","corn",441.985625134309
55085,"Wisconsin","Oneida","oats",940.718742725813
55085,"Wisconsin","Oneida","soybeans",293.136208198299
55085,"Wisconsin","Oneida","wheat",171.603047087978
55087,"Wisconsin","Outagamie","barley",3.20228275912235
55087,"Wisconsin","Outagamie","corn",1606.00640014559
55087,"Wisconsin","Outagamie","oats",55.9377758211451
55087,"Wisconsin","Outagamie","soybeans",950.31311420035
55087,"Wisconsin","Outagamie","wheat",90.9698937404428
55089,"Wisconsin","Ozaukee","barley",3.76196275713817
55089,"Wisconsin","Ozaukee","corn",329.118123032966
55089,"Wisconsin","Ozaukee","oats",17.1669798043
55089,"Wisconsin","Ozaukee","rice_short/medium grain",0.0476979068125121
55089,"Wisconsin","Ozaukee","rice_temperate japonica",0.0402513981540187
55089,"Wisconsin","Ozaukee","soybeans",233.500433638467
55089,"Wisconsin","Ozaukee","sunflower",0.0780877124187962
55089,"Wisconsin","Ozaukee","wheat",75.8441204164182
55091,"Wisconsin","Pepin","barley",33.3416345562582
55091,"Wisconsin","Pepin","corn",5809.1179853925
55091,"Wisconsin","Pepin","oats",176.480263938715
55091,"Wisconsin","Pepin","soybeans",3476.05426531913
55091,"Wisconsin","Pepin","sunflower",2.73068574631675
55091,"Wisconsin","Pepin","wheat",7.35364838041163
55093,"Wisconsin","Pierce","barley",148.412518731487
55093,"Wisconsin","Pierce","corn",12547.2666812677
55093,"Wisconsin","Pierce","grain sorghum",3.30133423835119
55093,"Wisconsin","Pierce","oats",489.822939801089
55093,"Wisconsin","Pierce","soybeans",7077.96354294514
55093,"Wisconsin","Pierce","sunflower",2.47405554541796
55093,"Wisconsin","Pierce","wheat",77.0984608041907
55095,"Wisconsin","Polk","barley",48.6942756213659
55095,"Wisconsin","Polk","canola",0.678079925658189
55095,"Wisconsin","Polk","corn",11381.0331567117
55095,"Wisconsin","Polk","dry peas",5.70265217478537
55095,"Wisconsin","Polk","oats",368.537117675151
55095,"Wisconsin","Polk","soybeans",6187.1060386319
55095,"Wisconsin","Polk","sunflower",15.0215045931059
55095,"Wisconsin","Polk","wheat",243.476124666309
55097,"Wisconsin","Portage","barley",67.3087443635259
55097,"Wisconsin","Portage","corn",39113.6148683796
55097,"Wisconsin","Portage","grain sorghum",2.65582059305066
55097,"Wisconsin","Portage","oats",1511.45183158464
55097,"Wisconsin","Portage","soybeans",10969.9544515412
55097,"Wisconsin","Portage","sunflower",36.1802491161673
55097,"Wisconsin","Portage","wheat",589.533153421845
55099,"Wisconsin","Price","barley",0
55099,"Wisconsin","Price","corn",0
55099,"Wisconsin","Price","oats",0
55099,"Wisconsin","Price","soybeans",0
55099,"Wisconsin","Price","sunflower",0
55099,"Wisconsin","Price","wheat",0
55101,"Wisconsin","Racine","barley",0.566433490351742
55101,"Wisconsin","Racine","corn",1148.82372056793
55101,"Wisconsin","Racine","dry peas",0.00894032566507823
55101,"Wisconsin","Racine","grain sorghum",0.0319297345181365
55101,"Wisconsin","Racine","oats",6.45804424416926
55101,"Wisconsin","Racine","soybeans",1072.61199553749
55101,"Wisconsin","Racine","wheat",197.970676099881
55103,"Wisconsin","Richland","barley",7.18130093424882
55103,"Wisconsin","Richland","corn",12175.6260626928
55103,"Wisconsin","Richland","oats",699.356712744496
55103,"Wisconsin","Richland","soybeans",4494.63740586094
55103,"Wisconsin","Richland","sunflower",0.986270011196058
55103,"Wisconsin","Richland","wheat",263.363681089683
55105,"Wisconsin","Rock","barley",5.46845760009267
55105,"Wisconsin","Rock","corn",6761.95648778601
55105,"Wisconsin","Rock","grain sorghum",8.3650842411589
55105,"Wisconsin","Rock","oats",38.8219848161361
55105,"Wisconsin","Rock","soybeans",4159.40059617397
55105,"Wisconsin","Rock","sunflower",12.08789100518
55105,"Wisconsin","Rock","wheat",234.625498377442
55107,"Wisconsin","Rusk","barley",85.9759997730294
55107,"Wisconsin","Rusk","corn",9170.94536279076
55107,"Wisconsin","Rusk","oats",387.169240002142
55107,"Wisconsin","Rusk","soybeans",5755.50018619762
55107,"Wisconsin","Rusk","sunflower",11.2460533654993
55107,"Wisconsin","Rusk","wheat",94.6044912042918
55111,"Wisconsin","Sauk","barley",35.2695834819034
55111,"Wisconsin","Sauk","corn",11413.1261717893
55111,"Wisconsin","Sauk","grain sorghum",0.268907440100622
55111,"Wisconsin","Sauk","oats",517.861684511033
55111,"Wisconsin","Sauk","soybeans",5137.70244628165
55111,"Wisconsin","Sauk","sunflower",3.07661747644535
55111,"Wisconsin","Sauk","wheat",505.576569019612
55113,"Wisconsin","Sawyer","barley",12.2159271074132
55113,"Wisconsin","Sawyer","corn",1955.96483865709
55113,"Wisconsin","Sawyer","oats",125.154780222917
55113,"Wisconsin","Sawyer","rapeseed",1.50992609190862
55113,"Wisconsin","Sawyer","soybeans",553.120468259081
55113,"Wisconsin","Sawyer","wheat",80.0729596615921
55115,"Wisconsin","Shawano","barley",50.9698693283304
55115,"Wisconsin","Shawano","corn",17780.026124787
55115,"Wisconsin","Shawano","grain sorghum",2.18482570406284
55115,"Wisconsin","Shawano","oats",710.089717539504
55115,"Wisconsin","Shawano","safflower",2.20244526619238
55115,"Wisconsin","Shawano","soybeans",6294.84713785206
55115,"Wisconsin","Shawano","sunflower",60.1025288691237
55115,"Wisconsin","Shawano","wheat",641.306250653683
55117,"Wisconsin","Sheboygan","barley",10.5877407491308
55117,"Wisconsin","Sheboygan","corn",4778.21886164992
55117,"Wisconsin","Sheboygan","dry peas",4.49110440214743
55117,"Wisconsin","Sheboygan","grain sorghum",17.0865176609582
55117,"Wisconsin","Sheboygan","oats",151.403783618209
55117,"Wisconsin","Sheboygan","soybeans",2836.02360601335
55117,"Wisconsin","Sheboygan","wheat",877.548965906261
55109,"Wisconsin","St. Croix","barley",17.8452424642553
55109,"Wisconsin","St. Croix","corn",17775.639821254
55109,"Wisconsin","St. Croix","oats",583.783036480479
55109,"Wisconsin","St. Croix","soybeans",10634.8493126242
55109,"Wisconsin","St. Croix","sunflower",7.24290014744091
55109,"Wisconsin","St. Croix","wheat",90.6303536963489
55119,"Wisconsin","Taylor","barley",41.5513097472486
55119,"Wisconsin","Taylor","canola",1.45273160602528
55119,"Wisconsin","Taylor","corn",16089.6970443838
55119,"Wisconsin","Taylor","oats",1353.91208717736
55119,"Wisconsin","Taylor","soybeans",9848.06564575645
55119,"Wisconsin","Taylor","sunflower",2.63891669661757
55119,"Wisconsin","Taylor","wheat",369.160764632518
55121,"Wisconsin","Trempealeau","barley",36.7961201479699
55121,"Wisconsin","Trempealeau","canola",3.79545593059157
55121,"Wisconsin","Trempealeau","corn",14498.4395055765
55121,"Wisconsin","Trempealeau","grain sorghum",4.07818989411679
55121,"Wisconsin","Trempealeau","oats",475.151807792174
55121,"Wisconsin","Trempealeau","soybeans",6865.82746514345
55121,"Wisconsin","Trempealeau","sunflower",0.912559621572668
55121,"Wisconsin","Trempealeau","wheat",68.5330625602843
55123,"Wisconsin","Vernon","barley",44.7332634406409
55123,"Wisconsin","Vernon","corn",10739.1984115393
55123,"Wisconsin","Vernon","grain sorghum",0.685638763051224
55123,"Wisconsin","Vernon","oats",836.152462476975
55123,"Wisconsin","Vernon","soybeans",5783.67744014162
55123,"Wisconsin","Vernon","sunflower",0.981712038495324
55123,"Wisconsin","Vernon","wheat",174.585271599931
55125,"Wisconsin","Vilas","barley",0
55125,"Wisconsin","Vilas","oats",0
55127,"Wisconsin","Walworth","barley",2.7366320418208
55127,"Wisconsin","Walworth","canola",0.00330047733926799
55127,"Wisconsin","Walworth","corn",1710.97263442595
55127,"Wisconsin","Walworth","dry peas",0.521970491205233
55127,"Wisconsin","Walworth","grain sorghum",0.165408922652981
55127,"Wisconsin","Walworth","oats",13.7866879320435
55127,"Wisconsin","Walworth","soybeans",912.876419891036
55127,"Wisconsin","Walworth","sunflower",0.0536327567631049
55127,"Wisconsin","Walworth","wheat",66.3779130611955
55129,"Wisconsin","Washburn","barley",22.9341947017614
55129,"Wisconsin","Washburn","corn",2570.44065635077
55129,"Wisconsin","Washburn","oats",169.114109225766
55129,"Wisconsin","Washburn","soybeans",1600.20704326737
55129,"Wisconsin","Washburn","sunflower",46.6103563586949
55129,"Wisconsin","Washburn","wheat",114.286206762299
55131,"Wisconsin","Washington","barley",8.46117655285259
55131,"Wisconsin","Washington","corn",1732.46023323679
55131,"Wisconsin","Washington","dry peas",7.20181363662884
55131,"Wisconsin","Washington","grain sorghum",0.70980318079221
55131,"Wisconsin","Washington","oats",101.890095683992
55131,"Wisconsin","Washington","soybeans",1184.11582066048
55131,"Wisconsin","Washington","sunflower",0.149488851712299
55131,"Wisconsin","Washington","wheat",247.195948196758
55133,"Wisconsin","Waukesha","barley",0
55133,"Wisconsin","Waukesha","corn",0
55133,"Wisconsin","Waukesha","dry peas",0
55133,"Wisconsin","Waukesha","oats",0
55133,"Wisconsin","Waukesha","soybeans",0
55133,"Wisconsin","Waukesha","sunflower",0
55133,"Wisconsin","Waukesha","wheat",0
55135,"Wisconsin","Waupaca","barley",5.89785714074163
55135,"Wisconsin","Waupaca","corn",2673.91800919383
55135,"Wisconsin","Waupaca","grain sorghum",0.160131201819714
55135,"Wisconsin","Waupaca","oats",84.9347363904235
55135,"Wisconsin","Waupaca","soybeans",1271.76597504725
55135,"Wisconsin","Waupaca","sunflower",0.507082139095761
55135,"Wisconsin","Waupaca","wheat",126.754742220152
55137,"Wisconsin","Waushara","barley",6.42617733429801
55137,"Wisconsin","Waushara","corn",8679.92409189151
55137,"Wisconsin","Waushara","mustard",48.313908102174
55137,"Wisconsin","Waushara","oats",158.48501061665
55137,"Wisconsin","Waushara","soybeans",3822.33850683722
55137,"Wisconsin","Waushara","sunflower",23.6353348662671
55137,"Wisconsin","Waushara","wheat",133.919312351884
55139,"Wisconsin","Winnebago","barley",8.02193658862857
55139,"Wisconsin","Winnebago","corn",4116.10712241393
55139,"Wisconsin","Winnebago","grain sorghum",9.23458808316653
55139,"Wisconsin","Winnebago","oats",52.4772660874072
55139,"Wisconsin","Winnebago","soybeans",3014.95694469931
55139,"Wisconsin","Winnebago","sunflower",1.80344688668648
55139,"Wisconsin","Winnebago","wheat",580.147595240855
55141,"Wisconsin","Wood","barley",39.4031757103402
55141,"Wisconsin","Wood","corn",5788.09153031479
55141,"Wisconsin","Wood","dry peas",3.84837345324961
55141,"Wisconsin","Wood","oats",283.710725621928
55141,"Wisconsin","Wood","soybeans",3181.42696070156
55141,"Wisconsin","Wood","sunflower",1.65137650020005
55141,"Wisconsin","Wood","wheat",183.33919103127
56003,"Wyoming","Big Horn","barley",6059.07803313422
56003,"Wyoming","Big Horn","canola",25.4979599321367
56003,"Wyoming","Big Horn","corn",3461.18997343598
56003,"Wyoming","Big Horn","dry peas",56.4306278955231
56003,"Wyoming","Big Horn","grain sorghum",78.2641667288413
56003,"Wyoming","Big Horn","mustard",15.1166476740525
56003,"Wyoming","Big Horn","oats",709.819493722231
56003,"Wyoming","Big Horn","soybeans",21.3709329888352
56003,"Wyoming","Big Horn","sunflower",183.945925516139
56003,"Wyoming","Big Horn","wheat",256.983738972033
56005,"Wyoming","Campbell","barley",0
56005,"Wyoming","Campbell","corn",0
56005,"Wyoming","Campbell","oats",0
56005,"Wyoming","Campbell","wheat",0
56007,"Wyoming","Carbon","barley",0
56009,"Wyoming","Converse","barley",0
56009,"Wyoming","Converse","corn",0
56009,"Wyoming","Converse","oats",0
56009,"Wyoming","Converse","wheat",0
56011,"Wyoming","Crook","barley",0
56011,"Wyoming","Crook","corn",0
56011,"Wyoming","Crook","oats",0
56011,"Wyoming","Crook","safflower",0
56011,"Wyoming","Crook","soybeans",0
56011,"Wyoming","Crook","wheat",0
56013,"Wyoming","Fremont","barley",0
56013,"Wyoming","Fremont","corn",0
56013,"Wyoming","Fremont","grain sorghum",0
56013,"Wyoming","Fremont","oats",0
56013,"Wyoming","Fremont","wheat",0
56015,"Wyoming","Goshen","barley",0
56015,"Wyoming","Goshen","corn",0
56015,"Wyoming","Goshen","grain sorghum",0
56015,"Wyoming","Goshen","oats",0
56015,"Wyoming","Goshen","safflower",0
56015,"Wyoming","Goshen","soybeans",0
56015,"Wyoming","Goshen","sunflower",0
56015,"Wyoming","Goshen","wheat",0
56017,"Wyoming","Hot Springs","barley",0
56017,"Wyoming","Hot Springs","corn",0
56017,"Wyoming","Hot Springs","oats",0
56017,"Wyoming","Hot Springs","wheat",0
56019,"Wyoming","Johnson","barley",294.936074168706
56019,"Wyoming","Johnson","corn",33.3086986175353
56019,"Wyoming","Johnson","oats",127.511790174394
56019,"Wyoming","Johnson","wheat",52.7331037060319
56021,"Wyoming","Laramie","barley",0
56021,"Wyoming","Laramie","canola",0
56021,"Wyoming","Laramie","corn",0
56021,"Wyoming","Laramie","dry peas",0
56021,"Wyoming","Laramie","grain sorghum",0
56021,"Wyoming","Laramie","lentils",0
56021,"Wyoming","Laramie","oats",0
56021,"Wyoming","Laramie","safflower",0
56021,"Wyoming","Laramie","soybeans",0
56021,"Wyoming","Laramie","sunflower",0
56021,"Wyoming","Laramie","wheat",0
56023,"Wyoming","Lincoln","barley",0
56023,"Wyoming","Lincoln","oats",0
56023,"Wyoming","Lincoln","wheat",0
56025,"Wyoming","Natrona","barley",0
56025,"Wyoming","Natrona","corn",0
56025,"Wyoming","Natrona","oats",0
56025,"Wyoming","Natrona","wheat",0
56027,"Wyoming","Niobrara","barley",0
56027,"Wyoming","Niobrara","corn",0
56027,"Wyoming","Niobrara","grain sorghum",0
56027,"Wyoming","Niobrara","oats",0
56027,"Wyoming","Niobrara","wheat",0
56029,"Wyoming","Park","barley",1028.59397412653
56029,"Wyoming","Park","corn",406.225178768076
56029,"Wyoming","Park","flaxseed",1.97206225415237
56029,"Wyoming","Park","oats",53.5716066127311
56029,"Wyoming","Park","safflower",16.2973107385269
56029,"Wyoming","Park","soybeans",1.63747334524136
56029,"Wyoming","Park","sunflower",15.7507131998717
56029,"Wyoming","Park","wheat",48.6633476215419
56031,"Wyoming","Platte","barley",0
56031,"Wyoming","Platte","corn",0
56031,"Wyoming","Platte","oats",0
56031,"Wyoming","Platte","sunflower",0
56031,"Wyoming","Platte","wheat",0
56033,"Wyoming","Sheridan","barley",0
56033,"Wyoming","Sheridan","corn",0
56033,"Wyoming","Sheridan","dry peas",0
56033,"Wyoming","Sheridan","lentils",0
56033,"Wyoming","Sheridan","oats",0
56033,"Wyoming","Sheridan","sunflower",0
56033,"Wyoming","Sheridan","wheat",0
56035,"Wyoming","Sublette","barley",180.67
56037,"Wyoming","Sweetwater","barley",0
56037,"Wyoming","Sweetwater","oats",0
56039,"Wyoming","Teton","barley",0
56039,"Wyoming","Teton","wheat",0
56041,"Wyoming","Uinta","oats",2.12
56043,"Wyoming","Washakie","barley",3879.79097855257
56043,"Wyoming","Washakie","corn",1916.88134957361
56043,"Wyoming","Washakie","grain sorghum",36.8484038200484
56043,"Wyoming","Washakie","oats",84.0395835936716
56043,"Wyoming","Washakie","wheat",40.7363511267681
56045,"Wyoming","Weston","barley",0
56045,"Wyoming","Weston","oats",0
56045,"Wyoming","Weston","wheat",0
